target,feature_set,model,transformation,fold_idx,r2,rmse,mae
Ni_num,M1_Core,Ridge,LOG1P,1,-5.467833,2.49647,1.467578
Ni_num,M1_Core,Ridge,LOG1P,2,0.104682,1.200551,1.018647
Ni_num,M1_Core,Ridge,LOG1P,3,-0.531327,2.798532,1.941125
Ni_num,M1_Core,Ridge,LOG1P,4,-0.002577,2.736649,1.892885
Ni_num,M1_Core,Ridge,LOG1P,5,0.873655,0.44644,0.363047
Ni_num,M1_Core,Ridge,LOG1P,6,-0.544952,1.430418,0.943069
Ni_num,M1_Core,Ridge,LOG1P,7,0.188222,2.090522,1.547969
Ni_num,M1_Core,Ridge,LOG1P,8,0.158255,2.137791,1.231276
Ni_num,M1_Core,Ridge,LOG1P,9,-4.852159,0.560035,0.459004
Ni_num,M1_Core,Ridge,LOG1P,10,-0.60554,2.621204,1.559257
Ni_num,M1_Core,Ridge,LOG1P,11,-0.01063,0.898817,0.708266
Ni_num,M1_Core,Ridge,LOG1P,12,0.3932,1.825609,1.151819
Ni_num,M1_Core,Ridge,LOG1P,13,0.273648,2.217906,1.404683
Ni_num,M1_Core,Ridge,LOG1P,14,-0.786757,2.883208,2.097127
Ni_num,M1_Core,Ridge,LOG1P,15,-0.215685,0.676174,0.574949
Ni_num,M1_Core,Ridge,LOG1P,16,-0.145432,2.545886,1.295793
Ni_num,M1_Core,Ridge,LOG1P,17,0.547207,0.824816,0.737805
Ni_num,M1_Core,Ridge,LOG1P,18,0.810028,0.594031,0.509098
Ni_num,M1_Core,Ridge,LOG1P,19,-0.354846,1.228742,0.943351
Ni_num,M1_Core,Ridge,LOG1P,20,0.025588,2.836986,2.019343
Ni_num,M1_Core,Ridge,LOG1P,21,0.168526,0.626795,0.52597
Ni_num,M1_Core,Ridge,LOG1P,22,0.299945,1.834415,1.241652
Ni_num,M1_Core,Ridge,LOG1P,23,0.696256,0.726435,0.490638
Ni_num,M1_Core,Ridge,LOG1P,24,0.134097,2.378228,1.823509
Ni_num,M1_Core,Ridge,LOG1P,25,-0.410255,2.536547,1.415035
Ni_num,M1_Core,Ridge,RAW,1,-2.883017,1.934335,1.390992
Ni_num,M1_Core,Ridge,RAW,2,-0.181995,1.37943,1.197963
Ni_num,M1_Core,Ridge,RAW,3,-0.905793,3.122009,2.343742
Ni_num,M1_Core,Ridge,RAW,4,0.03169,2.689476,1.847084
Ni_num,M1_Core,Ridge,RAW,5,0.724748,0.658946,0.555994
Ni_num,M1_Core,Ridge,RAW,6,-0.605767,1.4583,0.97751
Ni_num,M1_Core,Ridge,RAW,7,0.117676,2.179466,1.659316
Ni_num,M1_Core,Ridge,RAW,8,0.211711,2.068796,1.166839
Ni_num,M1_Core,Ridge,RAW,9,-12.996138,0.866086,0.733116
Ni_num,M1_Core,Ridge,RAW,10,-0.662244,2.667089,1.65005
Ni_num,M1_Core,Ridge,RAW,11,-0.276094,1.009989,0.761703
Ni_num,M1_Core,Ridge,RAW,12,0.382913,1.841019,1.235241
Ni_num,M1_Core,Ridge,RAW,13,0.293843,2.186855,1.428447
Ni_num,M1_Core,Ridge,RAW,14,-0.81318,2.904449,2.126967
Ni_num,M1_Core,Ridge,RAW,15,-0.338969,0.709632,0.590647
Ni_num,M1_Core,Ridge,RAW,16,-0.186996,2.591665,1.508129
Ni_num,M1_Core,Ridge,RAW,17,0.251686,1.06035,0.929613
Ni_num,M1_Core,Ridge,RAW,18,0.702321,0.743598,0.583079
Ni_num,M1_Core,Ridge,RAW,19,-0.597597,1.334287,1.039965
Ni_num,M1_Core,Ridge,RAW,20,0.128428,2.683105,1.997122
Ni_num,M1_Core,Ridge,RAW,21,0.159638,0.630136,0.49332
Ni_num,M1_Core,Ridge,RAW,22,0.188702,1.974793,1.348694
Ni_num,M1_Core,Ridge,RAW,23,0.635266,0.796033,0.679353
Ni_num,M1_Core,Ridge,RAW,24,0.187867,2.303205,1.76907
Ni_num,M1_Core,Ridge,RAW,25,-0.535432,2.646728,1.653963
Ni_num,M1_Core,Lasso,LOG1P,1,0.485163,0.70434,0.630123
Ni_num,M1_Core,Lasso,LOG1P,2,0.566014,0.835852,0.727951
Ni_num,M1_Core,Lasso,LOG1P,3,-0.097554,2.369241,1.25619
Ni_num,M1_Core,Lasso,LOG1P,4,-0.251215,3.057217,2.098838
Ni_num,M1_Core,Lasso,LOG1P,5,0.738503,0.642271,0.576638
Ni_num,M1_Core,Lasso,LOG1P,6,0.523658,0.794264,0.782198
Ni_num,M1_Core,Lasso,LOG1P,7,0.221655,2.047021,1.492043
Ni_num,M1_Core,Lasso,LOG1P,8,0.05381,2.266544,1.200416
Ni_num,M1_Core,Lasso,LOG1P,9,-5.541244,0.592089,0.565195
Ni_num,M1_Core,Lasso,LOG1P,10,-0.463365,2.502456,1.424148
Ni_num,M1_Core,Lasso,LOG1P,11,0.484921,0.641671,0.543707
Ni_num,M1_Core,Lasso,LOG1P,12,0.317766,1.935761,1.344275
Ni_num,M1_Core,Lasso,LOG1P,13,0.250719,2.25264,1.292765
Ni_num,M1_Core,Lasso,LOG1P,14,-0.303814,2.462924,1.397122
Ni_num,M1_Core,Lasso,LOG1P,15,-0.121767,0.64953,0.561083
Ni_num,M1_Core,Lasso,LOG1P,16,-0.009434,2.389974,1.276966
Ni_num,M1_Core,Lasso,LOG1P,17,0.754541,0.607291,0.524491
Ni_num,M1_Core,Lasso,LOG1P,18,0.672311,0.780181,0.699768
Ni_num,M1_Core,Lasso,LOG1P,19,0.3618,0.843323,0.694304
Ni_num,M1_Core,Lasso,LOG1P,20,0.038727,2.817795,1.762351
Ni_num,M1_Core,Lasso,LOG1P,21,0.177134,0.623542,0.540969
Ni_num,M1_Core,Lasso,LOG1P,22,0.337002,1.785203,1.226741
Ni_num,M1_Core,Lasso,LOG1P,23,0.666554,0.761125,0.637882
Ni_num,M1_Core,Lasso,LOG1P,24,0.152549,2.352752,1.422064
Ni_num,M1_Core,Lasso,LOG1P,25,-0.220924,2.360143,1.148739
Ni_num,M1_Core,Lasso,RAW,1,-1.961286,1.689224,1.265124
Ni_num,M1_Core,Lasso,RAW,2,0.158586,1.163849,0.959981
Ni_num,M1_Core,Lasso,RAW,3,-0.468214,2.740255,1.874742
Ni_num,M1_Core,Lasso,RAW,4,-0.013485,2.751496,1.890656
Ni_num,M1_Core,Lasso,RAW,5,0.67846,0.7122,0.618505
Ni_num,M1_Core,Lasso,RAW,6,-0.218484,1.270326,0.977954
Ni_num,M1_Core,Lasso,RAW,7,0.176605,2.105427,1.558948
Ni_num,M1_Core,Lasso,RAW,8,0.245726,2.023669,1.085539
Ni_num,M1_Core,Lasso,RAW,9,-11.248135,0.8102,0.753045
Ni_num,M1_Core,Lasso,RAW,10,-0.554849,2.579492,1.64374
Ni_num,M1_Core,Lasso,RAW,11,-0.09585,0.935946,0.77
Ni_num,M1_Core,Lasso,RAW,12,0.397436,1.819226,1.282263
Ni_num,M1_Core,Lasso,RAW,13,0.383607,2.043142,1.24648
Ni_num,M1_Core,Lasso,RAW,14,-0.450128,2.597445,1.751609
Ni_num,M1_Core,Lasso,RAW,15,-0.393429,0.72392,0.599436
Ni_num,M1_Core,Lasso,RAW,16,-0.067812,2.458112,1.383564
Ni_num,M1_Core,Lasso,RAW,17,0.475186,0.887994,0.773262
Ni_num,M1_Core,Lasso,RAW,18,0.685696,0.764081,0.613795
Ni_num,M1_Core,Lasso,RAW,19,-0.247838,1.17922,0.927466
Ni_num,M1_Core,Lasso,RAW,20,0.166537,2.62379,1.840206
Ni_num,M1_Core,Lasso,RAW,21,0.080668,0.659078,0.515442
Ni_num,M1_Core,Lasso,RAW,22,0.249682,1.899128,1.359518
Ni_num,M1_Core,Lasso,RAW,23,0.640311,0.790508,0.685204
Ni_num,M1_Core,Lasso,RAW,24,0.305727,2.129531,1.480954
Ni_num,M1_Core,Lasso,RAW,25,-0.334168,2.467171,1.409127
Ni_num,M1_Core,HuberRegressor,LOG1P,1,-0.418002,1.168922,0.786714
Ni_num,M1_Core,HuberRegressor,LOG1P,2,0.482046,0.91314,0.697045
Ni_num,M1_Core,HuberRegressor,LOG1P,3,-0.462625,2.735035,1.68658
Ni_num,M1_Core,HuberRegressor,LOG1P,4,0.022584,2.702092,1.827043
Ni_num,M1_Core,HuberRegressor,LOG1P,5,0.92824,0.336454,0.278595
Ni_num,M1_Core,HuberRegressor,LOG1P,6,0.744991,0.581144,0.504847
Ni_num,M1_Core,HuberRegressor,LOG1P,7,0.405894,1.788414,1.188642
Ni_num,M1_Core,HuberRegressor,LOG1P,8,0.050212,2.270849,1.271704
Ni_num,M1_Core,HuberRegressor,LOG1P,9,-0.989769,0.326557,0.291954
Ni_num,M1_Core,HuberRegressor,LOG1P,10,-0.68145,2.682453,1.500666
Ni_num,M1_Core,HuberRegressor,LOG1P,11,0.304383,0.745694,0.569514
Ni_num,M1_Core,HuberRegressor,LOG1P,12,0.504009,1.650524,0.958425
Ni_num,M1_Core,HuberRegressor,LOG1P,13,0.282536,2.204295,1.282127
Ni_num,M1_Core,HuberRegressor,LOG1P,14,-0.663467,2.781956,1.91326
Ni_num,M1_Core,HuberRegressor,LOG1P,15,-0.875626,0.839888,0.699025
Ni_num,M1_Core,HuberRegressor,LOG1P,16,-0.157388,2.559138,1.209484
Ni_num,M1_Core,HuberRegressor,LOG1P,17,0.627824,0.747793,0.654355
Ni_num,M1_Core,HuberRegressor,LOG1P,18,0.886817,0.458516,0.427
Ni_num,M1_Core,HuberRegressor,LOG1P,19,0.262894,0.906318,0.663495
Ni_num,M1_Core,HuberRegressor,LOG1P,20,0.133414,2.675418,1.807854
Ni_num,M1_Core,HuberRegressor,LOG1P,21,-0.282935,0.77858,0.666548
Ni_num,M1_Core,HuberRegressor,LOG1P,22,0.488953,1.567335,0.947585
Ni_num,M1_Core,HuberRegressor,LOG1P,23,0.648776,0.781151,0.486187
Ni_num,M1_Core,HuberRegressor,LOG1P,24,0.191251,2.298401,1.496623
Ni_num,M1_Core,HuberRegressor,LOG1P,25,-0.381573,2.51062,1.162558
Ni_num,M1_Core,HuberRegressor,RAW,1,0.340941,0.79691,0.652716
Ni_num,M1_Core,HuberRegressor,RAW,2,0.560781,0.840877,0.583259
Ni_num,M1_Core,HuberRegressor,RAW,3,-0.587362,2.849275,1.754953
Ni_num,M1_Core,HuberRegressor,RAW,4,0.052883,2.659881,1.805973
Ni_num,M1_Core,HuberRegressor,RAW,5,0.869908,0.453013,0.368213
Ni_num,M1_Core,HuberRegressor,RAW,6,0.758426,0.565627,0.504557
Ni_num,M1_Core,HuberRegressor,RAW,7,0.400735,1.796162,1.26267
Ni_num,M1_Core,HuberRegressor,RAW,8,0.124327,2.180448,1.1736
Ni_num,M1_Core,HuberRegressor,RAW,9,-1.503802,0.366317,0.315951
Ni_num,M1_Core,HuberRegressor,RAW,10,-0.784698,2.763583,1.542011
Ni_num,M1_Core,HuberRegressor,RAW,11,0.432128,0.673753,0.573356
Ni_num,M1_Core,HuberRegressor,RAW,12,0.532003,1.603269,0.955046
Ni_num,M1_Core,HuberRegressor,RAW,13,0.335549,2.121295,1.245383
Ni_num,M1_Core,HuberRegressor,RAW,14,-0.548594,2.684182,1.619592
Ni_num,M1_Core,HuberRegressor,RAW,15,-1.287352,0.927501,0.791526
Ni_num,M1_Core,HuberRegressor,RAW,16,-0.194288,2.599613,1.284907
Ni_num,M1_Core,HuberRegressor,RAW,17,0.652203,0.722886,0.608994
Ni_num,M1_Core,HuberRegressor,RAW,18,0.891218,0.449515,0.415619
Ni_num,M1_Core,HuberRegressor,RAW,19,0.447512,0.784652,0.514526
Ni_num,M1_Core,HuberRegressor,RAW,20,0.172158,2.614927,1.789222
Ni_num,M1_Core,HuberRegressor,RAW,21,-0.335155,0.794268,0.682087
Ni_num,M1_Core,HuberRegressor,RAW,22,0.493588,1.560211,0.998663
Ni_num,M1_Core,HuberRegressor,RAW,23,0.72724,0.688388,0.387573
Ni_num,M1_Core,HuberRegressor,RAW,24,0.283016,2.164082,1.305717
Ni_num,M1_Core,HuberRegressor,RAW,25,-0.496564,2.613014,1.323645
Ni_num,M1_Core,SVR_RBF,LOG1P,1,-0.532772,1.215306,0.95111
Ni_num,M1_Core,SVR_RBF,LOG1P,2,0.274999,1.080342,0.855183
Ni_num,M1_Core,SVR_RBF,LOG1P,3,-0.261142,2.539676,1.468223
Ni_num,M1_Core,SVR_RBF,LOG1P,4,-0.002495,2.736538,1.840077
Ni_num,M1_Core,SVR_RBF,LOG1P,5,0.916,0.36402,0.309797
Ni_num,M1_Core,SVR_RBF,LOG1P,6,0.727104,0.60118,0.509394
Ni_num,M1_Core,SVR_RBF,LOG1P,7,0.191666,2.086083,1.52759
Ni_num,M1_Core,SVR_RBF,LOG1P,8,-0.061589,2.400784,1.246403
Ni_num,M1_Core,SVR_RBF,LOG1P,9,-7.867589,0.689382,0.511714
Ni_num,M1_Core,SVR_RBF,LOG1P,10,-0.699063,2.696466,1.919552
Ni_num,M1_Core,SVR_RBF,LOG1P,11,0.617152,0.553208,0.430431
Ni_num,M1_Core,SVR_RBF,LOG1P,12,0.580564,1.517811,0.941421
Ni_num,M1_Core,SVR_RBF,LOG1P,13,0.157615,2.388498,1.564191
Ni_num,M1_Core,SVR_RBF,LOG1P,14,-0.348672,2.504935,1.755918
Ni_num,M1_Core,SVR_RBF,LOG1P,15,-0.023549,0.620444,0.506414
Ni_num,M1_Core,SVR_RBF,LOG1P,16,-0.087114,2.480229,1.198144
Ni_num,M1_Core,SVR_RBF,LOG1P,17,0.776363,0.579668,0.518479
Ni_num,M1_Core,SVR_RBF,LOG1P,18,0.808513,0.596396,0.548842
Ni_num,M1_Core,SVR_RBF,LOG1P,19,-0.130999,1.122656,0.889052
Ni_num,M1_Core,SVR_RBF,LOG1P,20,0.110872,2.709992,1.759091
Ni_num,M1_Core,SVR_RBF,LOG1P,21,-0.100155,0.720988,0.635244
Ni_num,M1_Core,SVR_RBF,LOG1P,22,0.537878,1.490424,0.942551
Ni_num,M1_Core,SVR_RBF,LOG1P,23,0.608876,0.824328,0.542215
Ni_num,M1_Core,SVR_RBF,LOG1P,24,0.106313,2.416082,1.519206
Ni_num,M1_Core,SVR_RBF,LOG1P,25,-0.294362,2.430088,1.261597
Ni_num,M1_Core,SVR_RBF,RAW,1,0.293664,0.824998,0.714286
Ni_num,M1_Core,SVR_RBF,RAW,2,0.374254,1.00367,0.767949
Ni_num,M1_Core,SVR_RBF,RAW,3,-0.260732,2.539263,1.530253
Ni_num,M1_Core,SVR_RBF,RAW,4,0.007154,2.723337,1.818717
Ni_num,M1_Core,SVR_RBF,RAW,5,0.855796,0.47695,0.401373
Ni_num,M1_Core,SVR_RBF,RAW,6,0.729803,0.598199,0.559916
Ni_num,M1_Core,SVR_RBF,RAW,7,0.294233,1.949247,1.42047
Ni_num,M1_Core,SVR_RBF,RAW,8,-0.06871,2.408823,1.342361
Ni_num,M1_Core,SVR_RBF,RAW,9,-6.465574,0.632541,0.49102
Ni_num,M1_Core,SVR_RBF,RAW,10,-0.623437,2.635772,1.728378
Ni_num,M1_Core,SVR_RBF,RAW,11,0.461512,0.65609,0.512562
Ni_num,M1_Core,SVR_RBF,RAW,12,0.486366,1.679624,0.968435
Ni_num,M1_Core,SVR_RBF,RAW,13,0.208002,2.315962,1.54081
Ni_num,M1_Core,SVR_RBF,RAW,14,-0.222083,2.38448,1.498776
Ni_num,M1_Core,SVR_RBF,RAW,15,-0.192812,0.669783,0.556898
Ni_num,M1_Core,SVR_RBF,RAW,16,-0.038025,2.423584,1.175435
Ni_num,M1_Core,SVR_RBF,RAW,17,0.673595,0.700303,0.609387
Ni_num,M1_Core,SVR_RBF,RAW,18,0.725231,0.714412,0.613955
Ni_num,M1_Core,SVR_RBF,RAW,19,0.100079,1.001424,0.756906
Ni_num,M1_Core,SVR_RBF,RAW,20,0.084599,2.74974,1.740928
Ni_num,M1_Core,SVR_RBF,RAW,21,-0.395674,0.812069,0.709419
Ni_num,M1_Core,SVR_RBF,RAW,22,0.431316,1.653358,0.980432
Ni_num,M1_Core,SVR_RBF,RAW,23,0.580089,0.854126,0.579281
Ni_num,M1_Core,SVR_RBF,RAW,24,0.122657,2.393888,1.538391
Ni_num,M1_Core,SVR_RBF,RAW,25,-0.248317,2.386473,1.266315
Ni_num,M2_Core_Salinity,Ridge,LOG1P,1,-5.483223,2.499438,1.468923
Ni_num,M2_Core_Salinity,Ridge,LOG1P,2,0.053281,1.234532,1.069128
Ni_num,M2_Core_Salinity,Ridge,LOG1P,3,-0.643807,2.89949,2.077008
Ni_num,M2_Core_Salinity,Ridge,LOG1P,4,-8.7e-05,2.733249,1.891275
Ni_num,M2_Core_Salinity,Ridge,LOG1P,5,0.842269,0.498819,0.413527
Ni_num,M2_Core_Salinity,Ridge,LOG1P,6,-0.411391,1.367191,0.924276
Ni_num,M2_Core_Salinity,Ridge,LOG1P,7,0.179258,2.102033,1.562063
Ni_num,M2_Core_Salinity,Ridge,LOG1P,8,0.165921,2.128033,1.224163
Ni_num,M2_Core_Salinity,Ridge,LOG1P,9,-5.46937,0.588827,0.501
Ni_num,M2_Core_Salinity,Ridge,LOG1P,10,-0.626991,2.638656,1.574215
Ni_num,M2_Core_Salinity,Ridge,LOG1P,11,0.028148,0.881405,0.695122
Ni_num,M2_Core_Salinity,Ridge,LOG1P,12,0.382211,1.842066,1.181526
Ni_num,M2_Core_Salinity,Ridge,LOG1P,13,0.274258,2.216975,1.404446
Ni_num,M2_Core_Salinity,Ridge,LOG1P,14,-0.855628,2.938249,2.14231
Ni_num,M2_Core_Salinity,Ridge,LOG1P,15,-0.547505,0.762894,0.642045
Ni_num,M2_Core_Salinity,Ridge,LOG1P,16,-0.139837,2.53966,1.344286
Ni_num,M2_Core_Salinity,Ridge,LOG1P,17,0.512852,0.855535,0.748321
Ni_num,M2_Core_Salinity,Ridge,LOG1P,18,0.81183,0.591207,0.507962
Ni_num,M2_Core_Salinity,Ridge,LOG1P,19,-0.365474,1.233552,0.927437
Ni_num,M2_Core_Salinity,Ridge,LOG1P,20,0.042274,2.81259,2.012089
Ni_num,M2_Core_Salinity,Ridge,LOG1P,21,0.130709,0.64089,0.516053
Ni_num,M2_Core_Salinity,Ridge,LOG1P,22,0.262817,1.882432,1.325234
Ni_num,M2_Core_Salinity,Ridge,LOG1P,23,0.697468,0.724985,0.492691
Ni_num,M2_Core_Salinity,Ridge,LOG1P,24,0.107474,2.414512,1.855303
Ni_num,M2_Core_Salinity,Ridge,LOG1P,25,-0.459427,2.580389,1.518863
Ni_num,M2_Core_Salinity,Ridge,RAW,1,-2.933468,1.94686,1.40203
Ni_num,M2_Core_Salinity,Ridge,RAW,2,-0.211645,1.396624,1.225677
Ni_num,M2_Core_Salinity,Ridge,RAW,3,-1.027224,3.219936,2.462341
Ni_num,M2_Core_Salinity,Ridge,RAW,4,0.02933,2.692751,1.850536
Ni_num,M2_Core_Salinity,Ridge,RAW,5,0.689498,0.699869,0.577091
Ni_num,M2_Core_Salinity,Ridge,RAW,6,-0.597135,1.454375,0.978176
Ni_num,M2_Core_Salinity,Ridge,RAW,7,0.117655,2.179493,1.660296
Ni_num,M2_Core_Salinity,Ridge,RAW,8,0.189945,2.097163,1.186021
Ni_num,M2_Core_Salinity,Ridge,RAW,9,-13.689589,0.887282,0.767044
Ni_num,M2_Core_Salinity,Ridge,RAW,10,-0.695207,2.693404,1.665701
Ni_num,M2_Core_Salinity,Ridge,RAW,11,-0.274368,1.009306,0.758907
Ni_num,M2_Core_Salinity,Ridge,RAW,12,0.376903,1.849962,1.248854
Ni_num,M2_Core_Salinity,Ridge,RAW,13,0.265656,2.230073,1.434387
Ni_num,M2_Core_Salinity,Ridge,RAW,14,-0.872537,2.951606,2.129215
Ni_num,M2_Core_Salinity,Ridge,RAW,15,-0.641588,0.785742,0.664886
Ni_num,M2_Core_Salinity,Ridge,RAW,16,-0.199144,2.604893,1.559967
Ni_num,M2_Core_Salinity,Ridge,RAW,17,0.189416,1.103586,0.951035
Ni_num,M2_Core_Salinity,Ridge,RAW,18,0.682098,0.768442,0.605503
Ni_num,M2_Core_Salinity,Ridge,RAW,19,-0.599559,1.335106,1.040379
Ni_num,M2_Core_Salinity,Ridge,RAW,20,0.124703,2.688831,1.994941
Ni_num,M2_Core_Salinity,Ridge,RAW,21,0.137495,0.638384,0.492368
Ni_num,M2_Core_Salinity,Ridge,RAW,22,0.167204,2.000786,1.406955
Ni_num,M2_Core_Salinity,Ridge,RAW,23,0.633804,0.797626,0.679146
Ni_num,M2_Core_Salinity,Ridge,RAW,24,0.127935,2.386675,1.837456
Ni_num,M2_Core_Salinity,Ridge,RAW,25,-0.593606,2.696401,1.741871
Ni_num,M2_Core_Salinity,Lasso,LOG1P,1,0.485163,0.70434,0.630123
Ni_num,M2_Core_Salinity,Lasso,LOG1P,2,0.566014,0.835852,0.727951
Ni_num,M2_Core_Salinity,Lasso,LOG1P,3,-0.108562,2.381093,1.266434
Ni_num,M2_Core_Salinity,Lasso,LOG1P,4,-0.251215,3.057217,2.098838
Ni_num,M2_Core_Salinity,Lasso,LOG1P,5,0.716107,0.669209,0.592015
Ni_num,M2_Core_Salinity,Lasso,LOG1P,6,0.525334,0.792866,0.780913
Ni_num,M2_Core_Salinity,Lasso,LOG1P,7,0.221655,2.047021,1.492043
Ni_num,M2_Core_Salinity,Lasso,LOG1P,8,0.05381,2.266544,1.200416
Ni_num,M2_Core_Salinity,Lasso,LOG1P,9,-5.854679,0.606109,0.574505
Ni_num,M2_Core_Salinity,Lasso,LOG1P,10,-0.472043,2.509866,1.427018
Ni_num,M2_Core_Salinity,Lasso,LOG1P,11,0.484921,0.641671,0.543707
Ni_num,M2_Core_Salinity,Lasso,LOG1P,12,0.319786,1.932893,1.342536
Ni_num,M2_Core_Salinity,Lasso,LOG1P,13,0.250719,2.25264,1.292765
Ni_num,M2_Core_Salinity,Lasso,LOG1P,14,-0.303814,2.462924,1.397122
Ni_num,M2_Core_Salinity,Lasso,LOG1P,15,-0.296375,0.698254,0.596513
Ni_num,M2_Core_Salinity,Lasso,LOG1P,16,-0.016689,2.398547,1.292023
Ni_num,M2_Core_Salinity,Lasso,LOG1P,17,0.748871,0.614264,0.533117
Ni_num,M2_Core_Salinity,Lasso,LOG1P,18,0.672311,0.780181,0.699768
Ni_num,M2_Core_Salinity,Lasso,LOG1P,19,0.3618,0.843323,0.694304
Ni_num,M2_Core_Salinity,Lasso,LOG1P,20,0.038727,2.817795,1.762351
Ni_num,M2_Core_Salinity,Lasso,LOG1P,21,0.177134,0.623542,0.540969
Ni_num,M2_Core_Salinity,Lasso,LOG1P,22,0.328264,1.796928,1.275888
Ni_num,M2_Core_Salinity,Lasso,LOG1P,23,0.666554,0.761125,0.637882
Ni_num,M2_Core_Salinity,Lasso,LOG1P,24,0.152549,2.352752,1.422064
Ni_num,M2_Core_Salinity,Lasso,LOG1P,25,-0.230717,2.369589,1.17017
Ni_num,M2_Core_Salinity,Lasso,RAW,1,-1.961286,1.689224,1.265124
Ni_num,M2_Core_Salinity,Lasso,RAW,2,0.158586,1.163849,0.959981
Ni_num,M2_Core_Salinity,Lasso,RAW,3,-0.509088,2.778136,1.917107
Ni_num,M2_Core_Salinity,Lasso,RAW,4,-0.013485,2.751496,1.890656
Ni_num,M2_Core_Salinity,Lasso,RAW,5,0.67846,0.7122,0.618505
Ni_num,M2_Core_Salinity,Lasso,RAW,6,-0.218484,1.270326,0.977954
Ni_num,M2_Core_Salinity,Lasso,RAW,7,0.17676,2.105229,1.558771
Ni_num,M2_Core_Salinity,Lasso,RAW,8,0.245726,2.023669,1.085539
Ni_num,M2_Core_Salinity,Lasso,RAW,9,-11.246044,0.810131,0.752678
Ni_num,M2_Core_Salinity,Lasso,RAW,10,-0.573176,2.59465,1.661343
Ni_num,M2_Core_Salinity,Lasso,RAW,11,-0.09585,0.935946,0.77
Ni_num,M2_Core_Salinity,Lasso,RAW,12,0.397436,1.819226,1.282263
Ni_num,M2_Core_Salinity,Lasso,RAW,13,0.383607,2.043142,1.24648
Ni_num,M2_Core_Salinity,Lasso,RAW,14,-0.474196,2.618911,1.775269
Ni_num,M2_Core_Salinity,Lasso,RAW,15,-0.405896,0.727151,0.59988
Ni_num,M2_Core_Salinity,Lasso,RAW,16,-0.069777,2.460372,1.3838
Ni_num,M2_Core_Salinity,Lasso,RAW,17,0.472767,0.890038,0.77501
Ni_num,M2_Core_Salinity,Lasso,RAW,18,0.685696,0.764081,0.613795
Ni_num,M2_Core_Salinity,Lasso,RAW,19,-0.24784,1.179221,0.927468
Ni_num,M2_Core_Salinity,Lasso,RAW,20,0.166537,2.62379,1.840206
Ni_num,M2_Core_Salinity,Lasso,RAW,21,0.080668,0.659078,0.515442
Ni_num,M2_Core_Salinity,Lasso,RAW,22,0.250594,1.897973,1.356383
Ni_num,M2_Core_Salinity,Lasso,RAW,23,0.640311,0.790508,0.685204
Ni_num,M2_Core_Salinity,Lasso,RAW,24,0.305727,2.129531,1.480954
Ni_num,M2_Core_Salinity,Lasso,RAW,25,-0.35826,2.489347,1.455925
Ni_num,M2_Core_Salinity,HuberRegressor,LOG1P,1,-1.574184,1.57495,1.012622
Ni_num,M2_Core_Salinity,HuberRegressor,LOG1P,2,0.373812,1.004025,0.809309
Ni_num,M2_Core_Salinity,HuberRegressor,LOG1P,3,-0.522131,2.790116,1.777724
Ni_num,M2_Core_Salinity,HuberRegressor,LOG1P,4,0.027763,2.694923,1.823017
Ni_num,M2_Core_Salinity,HuberRegressor,LOG1P,5,0.897107,0.402883,0.351414
Ni_num,M2_Core_Salinity,HuberRegressor,LOG1P,6,0.773048,0.548243,0.486523
Ni_num,M2_Core_Salinity,HuberRegressor,LOG1P,7,0.405678,1.788739,1.191332
Ni_num,M2_Core_Salinity,HuberRegressor,LOG1P,8,0.039429,2.283703,1.286231
Ni_num,M2_Core_Salinity,HuberRegressor,LOG1P,9,-1.169431,0.340981,0.311058
Ni_num,M2_Core_Salinity,HuberRegressor,LOG1P,10,-0.685259,2.68549,1.502912
Ni_num,M2_Core_Salinity,HuberRegressor,LOG1P,11,0.309625,0.742879,0.569494
Ni_num,M2_Core_Salinity,HuberRegressor,LOG1P,12,0.505411,1.64819,0.968348
Ni_num,M2_Core_Salinity,HuberRegressor,LOG1P,13,0.269072,2.224881,1.317037
Ni_num,M2_Core_Salinity,HuberRegressor,LOG1P,14,-0.63537,2.758362,1.878644
Ni_num,M2_Core_Salinity,HuberRegressor,LOG1P,15,-1.070261,0.88239,0.750908
Ni_num,M2_Core_Salinity,HuberRegressor,LOG1P,16,-0.154789,2.556263,1.219457
Ni_num,M2_Core_Salinity,HuberRegressor,LOG1P,17,0.653367,0.721676,0.641666
Ni_num,M2_Core_Salinity,HuberRegressor,LOG1P,18,0.876293,0.479359,0.442464
Ni_num,M2_Core_Salinity,HuberRegressor,LOG1P,19,0.136928,0.980707,0.743395
Ni_num,M2_Core_Salinity,HuberRegressor,LOG1P,20,0.144456,2.658319,1.801928
Ni_num,M2_Core_Salinity,HuberRegressor,LOG1P,21,-0.325959,0.791527,0.673842
Ni_num,M2_Core_Salinity,HuberRegressor,LOG1P,22,0.475635,1.587626,1.0204
Ni_num,M2_Core_Salinity,HuberRegressor,LOG1P,23,0.520444,0.912772,0.597852
Ni_num,M2_Core_Salinity,HuberRegressor,LOG1P,24,0.050252,2.49071,1.732659
Ni_num,M2_Core_Salinity,HuberRegressor,LOG1P,25,-0.405628,2.532382,1.238305
Ni_num,M2_Core_Salinity,HuberRegressor,RAW,1,-0.245523,1.095526,0.870527
Ni_num,M2_Core_Salinity,HuberRegressor,RAW,2,0.416324,0.969343,0.734282
Ni_num,M2_Core_Salinity,HuberRegressor,RAW,3,-0.569689,2.833368,1.731576
Ni_num,M2_Core_Salinity,HuberRegressor,RAW,4,0.056919,2.654207,1.803868
Ni_num,M2_Core_Salinity,HuberRegressor,RAW,5,0.871301,0.450581,0.365865
Ni_num,M2_Core_Salinity,HuberRegressor,RAW,6,0.763861,0.559228,0.483056
Ni_num,M2_Core_Salinity,HuberRegressor,RAW,7,0.432472,1.747954,1.211117
Ni_num,M2_Core_Salinity,HuberRegressor,RAW,8,0.089339,2.223583,1.218495
Ni_num,M2_Core_Salinity,HuberRegressor,RAW,9,-1.215087,0.34455,0.310076
Ni_num,M2_Core_Salinity,HuberRegressor,RAW,10,-0.769422,2.75173,1.555967
Ni_num,M2_Core_Salinity,HuberRegressor,RAW,11,0.395907,0.694908,0.562675
Ni_num,M2_Core_Salinity,HuberRegressor,RAW,12,0.538442,1.592202,0.93419
Ni_num,M2_Core_Salinity,HuberRegressor,RAW,13,0.308122,2.164634,1.301382
Ni_num,M2_Core_Salinity,HuberRegressor,RAW,14,-0.551647,2.686827,1.508413
Ni_num,M2_Core_Salinity,HuberRegressor,RAW,15,-1.184948,0.906502,0.772984
Ni_num,M2_Core_Salinity,HuberRegressor,RAW,16,-0.185034,2.589522,1.267683
Ni_num,M2_Core_Salinity,HuberRegressor,RAW,17,0.679151,0.694317,0.601484
Ni_num,M2_Core_Salinity,HuberRegressor,RAW,18,0.804737,0.602247,0.500989
Ni_num,M2_Core_Salinity,HuberRegressor,RAW,19,0.279228,0.89622,0.639098
Ni_num,M2_Core_Salinity,HuberRegressor,RAW,20,0.174412,2.611366,1.766433
Ni_num,M2_Core_Salinity,HuberRegressor,RAW,21,-0.283265,0.77868,0.680944
Ni_num,M2_Core_Salinity,HuberRegressor,RAW,22,0.490137,1.565519,1.007506
Ni_num,M2_Core_Salinity,HuberRegressor,RAW,23,0.58178,0.852404,0.533987
Ni_num,M2_Core_Salinity,HuberRegressor,RAW,24,0.197193,2.289942,1.520354
Ni_num,M2_Core_Salinity,HuberRegressor,RAW,25,-0.490213,2.607463,1.308214
Ni_num,M2_Core_Salinity,SVR_RBF,LOG1P,1,-0.101207,1.030105,0.848132
Ni_num,M2_Core_Salinity,SVR_RBF,LOG1P,2,0.310967,1.053202,0.829782
Ni_num,M2_Core_Salinity,SVR_RBF,LOG1P,3,-0.297352,2.575877,1.486883
Ni_num,M2_Core_Salinity,SVR_RBF,LOG1P,4,0.012251,2.716336,1.81939
Ni_num,M2_Core_Salinity,SVR_RBF,LOG1P,5,0.909182,0.378504,0.308169
Ni_num,M2_Core_Salinity,SVR_RBF,LOG1P,6,0.747419,0.57837,0.468192
Ni_num,M2_Core_Salinity,SVR_RBF,LOG1P,7,0.186346,2.092936,1.531593
Ni_num,M2_Core_Salinity,SVR_RBF,LOG1P,8,-0.087381,2.429774,1.304288
Ni_num,M2_Core_Salinity,SVR_RBF,LOG1P,9,-9.761268,0.759432,0.562195
Ni_num,M2_Core_Salinity,SVR_RBF,LOG1P,10,-0.776579,2.75729,1.948658
Ni_num,M2_Core_Salinity,SVR_RBF,LOG1P,11,0.660895,0.520645,0.408311
Ni_num,M2_Core_Salinity,SVR_RBF,LOG1P,12,0.53797,1.593017,0.929002
Ni_num,M2_Core_Salinity,SVR_RBF,LOG1P,13,0.17586,2.36249,1.547557
Ni_num,M2_Core_Salinity,SVR_RBF,LOG1P,14,-0.445241,2.593064,1.796949
Ni_num,M2_Core_Salinity,SVR_RBF,LOG1P,15,-0.225422,0.678877,0.538824
Ni_num,M2_Core_Salinity,SVR_RBF,LOG1P,16,-0.08245,2.474903,1.196406
Ni_num,M2_Core_Salinity,SVR_RBF,LOG1P,17,0.773076,0.583912,0.504285
Ni_num,M2_Core_Salinity,SVR_RBF,LOG1P,18,0.724451,0.715425,0.599747
Ni_num,M2_Core_Salinity,SVR_RBF,LOG1P,19,0.028464,1.040507,0.823693
Ni_num,M2_Core_Salinity,SVR_RBF,LOG1P,20,0.097119,2.730871,1.797153
Ni_num,M2_Core_Salinity,SVR_RBF,LOG1P,21,-0.08058,0.714545,0.625103
Ni_num,M2_Core_Salinity,SVR_RBF,LOG1P,22,0.503299,1.545179,0.952802
Ni_num,M2_Core_Salinity,SVR_RBF,LOG1P,23,0.54842,0.885748,0.592873
Ni_num,M2_Core_Salinity,SVR_RBF,LOG1P,24,0.119851,2.397712,1.499253
Ni_num,M2_Core_Salinity,SVR_RBF,LOG1P,25,-0.322077,2.455966,1.276852
Ni_num,M2_Core_Salinity,SVR_RBF,RAW,1,0.342914,0.795716,0.692639
Ni_num,M2_Core_Salinity,SVR_RBF,RAW,2,0.336528,1.033483,0.836926
Ni_num,M2_Core_Salinity,SVR_RBF,RAW,3,-0.321658,2.599895,1.576473
Ni_num,M2_Core_Salinity,SVR_RBF,RAW,4,0.026924,2.696085,1.808855
Ni_num,M2_Core_Salinity,SVR_RBF,RAW,5,0.873128,0.447371,0.386205
Ni_num,M2_Core_Salinity,SVR_RBF,RAW,6,0.73693,0.590258,0.543684
Ni_num,M2_Core_Salinity,SVR_RBF,RAW,7,0.314192,1.921487,1.393751
Ni_num,M2_Core_Salinity,SVR_RBF,RAW,8,-0.040405,2.37671,1.327657
Ni_num,M2_Core_Salinity,SVR_RBF,RAW,9,-5.738418,0.600947,0.475894
Ni_num,M2_Core_Salinity,SVR_RBF,RAW,10,-0.636709,2.646525,1.735208
Ni_num,M2_Core_Salinity,SVR_RBF,RAW,11,0.552119,0.598352,0.424719
Ni_num,M2_Core_Salinity,SVR_RBF,RAW,12,0.487956,1.677022,0.972146
Ni_num,M2_Core_Salinity,SVR_RBF,RAW,13,0.235012,2.276129,1.515957
Ni_num,M2_Core_Salinity,SVR_RBF,RAW,14,-0.24693,2.408598,1.49369
Ni_num,M2_Core_Salinity,SVR_RBF,RAW,15,-0.41635,0.729849,0.61069
Ni_num,M2_Core_Salinity,SVR_RBF,RAW,16,-0.053446,2.441521,1.186919
Ni_num,M2_Core_Salinity,SVR_RBF,RAW,17,0.684748,0.688234,0.595722
Ni_num,M2_Core_Salinity,SVR_RBF,RAW,18,0.683179,0.767135,0.642807
Ni_num,M2_Core_Salinity,SVR_RBF,RAW,19,0.12714,0.986252,0.695404
Ni_num,M2_Core_Salinity,SVR_RBF,RAW,20,0.108706,2.713291,1.760054
Ni_num,M2_Core_Salinity,SVR_RBF,RAW,21,-0.427136,0.821171,0.713144
Ni_num,M2_Core_Salinity,SVR_RBF,RAW,22,0.460213,1.610803,0.942239
Ni_num,M2_Core_Salinity,SVR_RBF,RAW,23,0.481777,0.948858,0.654382
Ni_num,M2_Core_Salinity,SVR_RBF,RAW,24,0.156092,2.34783,1.482824
Ni_num,M2_Core_Salinity,SVR_RBF,RAW,25,-0.270937,2.407998,1.274204
Ni_num,M3_Core_IonRatios,Ridge,LOG1P,1,-5.4492,2.492872,1.473914
Ni_num,M3_Core_IonRatios,Ridge,LOG1P,2,-0.166114,1.370132,1.11917
Ni_num,M3_Core_IonRatios,Ridge,LOG1P,3,-0.608524,2.868204,2.053683
Ni_num,M3_Core_IonRatios,Ridge,LOG1P,4,-0.038631,2.785421,1.943426
Ni_num,M3_Core_IonRatios,Ridge,LOG1P,5,0.754164,0.622741,0.552795
Ni_num,M3_Core_IonRatios,Ridge,LOG1P,6,-1.551676,1.838308,1.293128
Ni_num,M3_Core_IonRatios,Ridge,LOG1P,7,-0.03956,2.365707,1.871969
Ni_num,M3_Core_IonRatios,Ridge,LOG1P,8,0.113999,2.193269,1.391677
Ni_num,M3_Core_IonRatios,Ridge,LOG1P,9,-7.859309,0.68906,0.505625
Ni_num,M3_Core_IonRatios,Ridge,LOG1P,10,-0.581831,2.601778,1.531679
Ni_num,M3_Core_IonRatios,Ridge,LOG1P,11,-0.387418,1.053123,0.847569
Ni_num,M3_Core_IonRatios,Ridge,LOG1P,12,0.311032,1.945292,1.342822
Ni_num,M3_Core_IonRatios,Ridge,LOG1P,13,-0.117826,2.751418,2.009207
Ni_num,M3_Core_IonRatios,Ridge,LOG1P,14,-0.801592,2.895153,2.150819
Ni_num,M3_Core_IonRatios,Ridge,LOG1P,15,-0.34774,0.711953,0.613085
Ni_num,M3_Core_IonRatios,Ridge,LOG1P,16,-0.181946,2.586146,1.449458
Ni_num,M3_Core_IonRatios,Ridge,LOG1P,17,0.311051,1.017421,0.906631
Ni_num,M3_Core_IonRatios,Ridge,LOG1P,18,0.728271,0.710448,0.56139
Ni_num,M3_Core_IonRatios,Ridge,LOG1P,19,-0.633562,1.349222,1.062177
Ni_num,M3_Core_IonRatios,Ridge,LOG1P,20,-0.013604,2.893477,2.130759
Ni_num,M3_Core_IonRatios,Ridge,LOG1P,21,0.077203,0.660319,0.543085
Ni_num,M3_Core_IonRatios,Ridge,LOG1P,22,0.211161,1.947268,1.344449
Ni_num,M3_Core_IonRatios,Ridge,LOG1P,23,0.6987,0.723507,0.517841
Ni_num,M3_Core_IonRatios,Ridge,LOG1P,24,-0.010449,2.569071,2.048198
Ni_num,M3_Core_IonRatios,Ridge,LOG1P,25,-0.438574,2.561888,1.43686
Ni_num,M3_Core_IonRatios,Ridge,RAW,1,-2.99535,1.962115,1.399139
Ni_num,M3_Core_IonRatios,Ridge,RAW,2,-0.91124,1.75408,1.404161
Ni_num,M3_Core_IonRatios,Ridge,RAW,3,-0.976441,3.179349,2.395145
Ni_num,M3_Core_IonRatios,Ridge,RAW,4,-0.007796,2.743763,1.884994
Ni_num,M3_Core_IonRatios,Ridge,RAW,5,0.591299,0.802948,0.665289
Ni_num,M3_Core_IonRatios,Ridge,RAW,6,-1.246817,1.725001,1.297463
Ni_num,M3_Core_IonRatios,Ridge,RAW,7,-0.172195,2.512095,2.009553
Ni_num,M3_Core_IonRatios,Ridge,RAW,8,0.183754,2.105161,1.228631
Ni_num,M3_Core_IonRatios,Ridge,RAW,9,-29.368295,1.275755,0.90642
Ni_num,M3_Core_IonRatios,Ridge,RAW,10,-0.67778,2.679525,1.64278
Ni_num,M3_Core_IonRatios,Ridge,RAW,11,-0.626641,1.140305,0.937175
Ni_num,M3_Core_IonRatios,Ridge,RAW,12,0.305604,1.952939,1.403634
Ni_num,M3_Core_IonRatios,Ridge,RAW,13,-0.29038,2.956163,2.193823
Ni_num,M3_Core_IonRatios,Ridge,RAW,14,-0.837547,2.923899,2.201568
Ni_num,M3_Core_IonRatios,Ridge,RAW,15,-0.632945,0.783671,0.670814
Ni_num,M3_Core_IonRatios,Ridge,RAW,16,-0.251597,2.661255,1.638498
Ni_num,M3_Core_IonRatios,Ridge,RAW,17,-0.082168,1.275131,1.117801
Ni_num,M3_Core_IonRatios,Ridge,RAW,18,0.582783,0.88033,0.685013
Ni_num,M3_Core_IonRatios,Ridge,RAW,19,-1.479122,1.662129,1.246976
Ni_num,M3_Core_IonRatios,Ridge,RAW,20,0.070349,2.771059,2.131547
Ni_num,M3_Core_IonRatios,Ridge,RAW,21,-0.045902,0.702986,0.56397
Ni_num,M3_Core_IonRatios,Ridge,RAW,22,0.091786,2.089419,1.463404
Ni_num,M3_Core_IonRatios,Ridge,RAW,23,0.64087,0.789894,0.691331
Ni_num,M3_Core_IonRatios,Ridge,RAW,24,-0.180833,2.777239,2.169499
Ni_num,M3_Core_IonRatios,Ridge,RAW,25,-0.573853,2.679638,1.704548
Ni_num,M3_Core_IonRatios,Lasso,LOG1P,1,0.485163,0.70434,0.630123
Ni_num,M3_Core_IonRatios,Lasso,LOG1P,2,0.566014,0.835852,0.727951
Ni_num,M3_Core_IonRatios,Lasso,LOG1P,3,-0.097554,2.369241,1.25619
Ni_num,M3_Core_IonRatios,Lasso,LOG1P,4,-0.251215,3.057217,2.098838
Ni_num,M3_Core_IonRatios,Lasso,LOG1P,5,0.738503,0.642271,0.576638
Ni_num,M3_Core_IonRatios,Lasso,LOG1P,6,0.523658,0.794264,0.782198
Ni_num,M3_Core_IonRatios,Lasso,LOG1P,7,0.221655,2.047021,1.492043
Ni_num,M3_Core_IonRatios,Lasso,LOG1P,8,0.05381,2.266544,1.200416
Ni_num,M3_Core_IonRatios,Lasso,LOG1P,9,-5.541244,0.592089,0.565195
Ni_num,M3_Core_IonRatios,Lasso,LOG1P,10,-0.463365,2.502456,1.424148
Ni_num,M3_Core_IonRatios,Lasso,LOG1P,11,0.484921,0.641671,0.543707
Ni_num,M3_Core_IonRatios,Lasso,LOG1P,12,0.317766,1.935761,1.344275
Ni_num,M3_Core_IonRatios,Lasso,LOG1P,13,0.250719,2.25264,1.292765
Ni_num,M3_Core_IonRatios,Lasso,LOG1P,14,-0.303814,2.462924,1.397122
Ni_num,M3_Core_IonRatios,Lasso,LOG1P,15,-0.121767,0.64953,0.561083
Ni_num,M3_Core_IonRatios,Lasso,LOG1P,16,-0.009434,2.389974,1.276966
Ni_num,M3_Core_IonRatios,Lasso,LOG1P,17,0.754541,0.607291,0.524491
Ni_num,M3_Core_IonRatios,Lasso,LOG1P,18,0.672311,0.780181,0.699768
Ni_num,M3_Core_IonRatios,Lasso,LOG1P,19,0.3618,0.843323,0.694304
Ni_num,M3_Core_IonRatios,Lasso,LOG1P,20,0.038727,2.817795,1.762351
Ni_num,M3_Core_IonRatios,Lasso,LOG1P,21,0.177134,0.623542,0.540969
Ni_num,M3_Core_IonRatios,Lasso,LOG1P,22,0.337002,1.785203,1.226741
Ni_num,M3_Core_IonRatios,Lasso,LOG1P,23,0.666554,0.761125,0.637882
Ni_num,M3_Core_IonRatios,Lasso,LOG1P,24,0.152549,2.352752,1.422064
Ni_num,M3_Core_IonRatios,Lasso,LOG1P,25,-0.220924,2.360143,1.148739
Ni_num,M3_Core_IonRatios,Lasso,RAW,1,-1.961286,1.689224,1.265124
Ni_num,M3_Core_IonRatios,Lasso,RAW,2,0.139327,1.177093,0.98701
Ni_num,M3_Core_IonRatios,Lasso,RAW,3,-0.480914,2.752081,1.895447
Ni_num,M3_Core_IonRatios,Lasso,RAW,4,-0.015067,2.753643,1.889227
Ni_num,M3_Core_IonRatios,Lasso,RAW,5,0.641507,0.752012,0.65101
Ni_num,M3_Core_IonRatios,Lasso,RAW,6,-0.422584,1.372601,1.07061
Ni_num,M3_Core_IonRatios,Lasso,RAW,7,0.100823,2.200183,1.672186
Ni_num,M3_Core_IonRatios,Lasso,RAW,8,0.215349,2.064016,1.119371
Ni_num,M3_Core_IonRatios,Lasso,RAW,9,-11.237185,0.809837,0.752616
Ni_num,M3_Core_IonRatios,Lasso,RAW,10,-0.554849,2.579492,1.64374
Ni_num,M3_Core_IonRatios,Lasso,RAW,11,-0.125082,0.948347,0.772844
Ni_num,M3_Core_IonRatios,Lasso,RAW,12,0.349626,1.890021,1.374052
Ni_num,M3_Core_IonRatios,Lasso,RAW,13,0.052387,2.533291,1.830844
Ni_num,M3_Core_IonRatios,Lasso,RAW,14,-0.496096,2.638293,1.848572
Ni_num,M3_Core_IonRatios,Lasso,RAW,15,-0.514838,0.754799,0.624537
Ni_num,M3_Core_IonRatios,Lasso,RAW,16,-0.071648,2.462523,1.394836
Ni_num,M3_Core_IonRatios,Lasso,RAW,17,0.474914,0.888224,0.773469
Ni_num,M3_Core_IonRatios,Lasso,RAW,18,0.685696,0.764081,0.613795
Ni_num,M3_Core_IonRatios,Lasso,RAW,19,-0.249324,1.179922,0.930246
Ni_num,M3_Core_IonRatios,Lasso,RAW,20,0.154918,2.642015,1.889583
Ni_num,M3_Core_IonRatios,Lasso,RAW,21,0.06393,0.665051,0.51796
Ni_num,M3_Core_IonRatios,Lasso,RAW,22,0.206326,1.953227,1.416326
Ni_num,M3_Core_IonRatios,Lasso,RAW,23,0.640311,0.790508,0.685204
Ni_num,M3_Core_IonRatios,Lasso,RAW,24,0.186155,2.305631,1.715637
Ni_num,M3_Core_IonRatios,Lasso,RAW,25,-0.342985,2.47531,1.417609
Ni_num,M3_Core_IonRatios,HuberRegressor,LOG1P,1,-0.303785,1.120856,0.821301
Ni_num,M3_Core_IonRatios,HuberRegressor,LOG1P,2,0.336902,1.033191,0.876677
Ni_num,M3_Core_IonRatios,HuberRegressor,LOG1P,3,-0.625385,2.883197,1.90554
Ni_num,M3_Core_IonRatios,HuberRegressor,LOG1P,4,-0.055428,2.807854,1.895065
Ni_num,M3_Core_IonRatios,HuberRegressor,LOG1P,5,0.888862,0.418713,0.3432
Ni_num,M3_Core_IonRatios,HuberRegressor,LOG1P,6,0.285759,0.972586,0.865062
Ni_num,M3_Core_IonRatios,HuberRegressor,LOG1P,7,0.280269,1.968436,1.379911
Ni_num,M3_Core_IonRatios,HuberRegressor,LOG1P,8,-0.006045,2.337134,1.361267
Ni_num,M3_Core_IonRatios,HuberRegressor,LOG1P,9,0.093628,0.220399,0.208825
Ni_num,M3_Core_IonRatios,HuberRegressor,LOG1P,10,-0.632724,2.643301,1.485928
Ni_num,M3_Core_IonRatios,HuberRegressor,LOG1P,11,0.265487,0.766258,0.695799
Ni_num,M3_Core_IonRatios,HuberRegressor,LOG1P,12,0.458746,1.724191,1.074164
Ni_num,M3_Core_IonRatios,HuberRegressor,LOG1P,13,0.020088,2.576102,1.891311
Ni_num,M3_Core_IonRatios,HuberRegressor,LOG1P,14,-0.652223,2.772538,2.019092
Ni_num,M3_Core_IonRatios,HuberRegressor,LOG1P,15,-0.85399,0.835029,0.673802
Ni_num,M3_Core_IonRatios,HuberRegressor,LOG1P,16,-0.178226,2.582073,1.355769
Ni_num,M3_Core_IonRatios,HuberRegressor,LOG1P,17,0.446974,0.911549,0.808232
Ni_num,M3_Core_IonRatios,HuberRegressor,LOG1P,18,0.837725,0.549022,0.47298
Ni_num,M3_Core_IonRatios,HuberRegressor,LOG1P,19,0.218126,0.933435,0.719656
Ni_num,M3_Core_IonRatios,HuberRegressor,LOG1P,20,0.098915,2.728154,1.815439
Ni_num,M3_Core_IonRatios,HuberRegressor,LOG1P,21,-0.279399,0.777506,0.656906
Ni_num,M3_Core_IonRatios,HuberRegressor,LOG1P,22,0.397886,1.701261,1.047346
Ni_num,M3_Core_IonRatios,HuberRegressor,LOG1P,23,0.579892,0.854326,0.567729
Ni_num,M3_Core_IonRatios,HuberRegressor,LOG1P,24,0.191692,2.297774,1.457216
Ni_num,M3_Core_IonRatios,HuberRegressor,LOG1P,25,-0.396308,2.523972,1.20467
Ni_num,M3_Core_IonRatios,HuberRegressor,RAW,1,0.335262,0.800336,0.68072
Ni_num,M3_Core_IonRatios,HuberRegressor,RAW,2,0.223067,1.118365,0.948332
Ni_num,M3_Core_IonRatios,HuberRegressor,RAW,3,-0.672545,2.924726,1.834701
Ni_num,M3_Core_IonRatios,HuberRegressor,RAW,4,-0.010503,2.747446,1.865568
Ni_num,M3_Core_IonRatios,HuberRegressor,RAW,5,0.87969,0.435647,0.351857
Ni_num,M3_Core_IonRatios,HuberRegressor,RAW,6,0.5085,0.806803,0.711959
Ni_num,M3_Core_IonRatios,HuberRegressor,RAW,7,0.314414,1.921176,1.358291
Ni_num,M3_Core_IonRatios,HuberRegressor,RAW,8,0.085761,2.227947,1.212228
Ni_num,M3_Core_IonRatios,HuberRegressor,RAW,9,-1.484012,0.364866,0.329856
Ni_num,M3_Core_IonRatios,HuberRegressor,RAW,10,-0.731393,2.721999,1.593287
Ni_num,M3_Core_IonRatios,HuberRegressor,RAW,11,-0.210627,0.98374,0.848488
Ni_num,M3_Core_IonRatios,HuberRegressor,RAW,12,0.489352,1.674735,1.008622
Ni_num,M3_Core_IonRatios,HuberRegressor,RAW,13,0.180803,2.355394,1.701707
Ni_num,M3_Core_IonRatios,HuberRegressor,RAW,14,-0.567241,2.700294,1.870953
Ni_num,M3_Core_IonRatios,HuberRegressor,RAW,15,-1.136918,0.896483,0.760662
Ni_num,M3_Core_IonRatios,HuberRegressor,RAW,16,-0.176139,2.579785,1.36984
Ni_num,M3_Core_IonRatios,HuberRegressor,RAW,17,0.562842,0.810451,0.697446
Ni_num,M3_Core_IonRatios,HuberRegressor,RAW,18,0.70349,0.742136,0.628714
Ni_num,M3_Core_IonRatios,HuberRegressor,RAW,19,0.292064,0.888204,0.697995
Ni_num,M3_Core_IonRatios,HuberRegressor,RAW,20,0.120048,2.695971,1.776317
Ni_num,M3_Core_IonRatios,HuberRegressor,RAW,21,-0.295743,0.782457,0.694413
Ni_num,M3_Core_IonRatios,HuberRegressor,RAW,22,0.408039,1.686856,1.047912
Ni_num,M3_Core_IonRatios,HuberRegressor,RAW,23,0.626686,0.805341,0.552751
Ni_num,M3_Core_IonRatios,HuberRegressor,RAW,24,0.279251,2.169756,1.23624
Ni_num,M3_Core_IonRatios,HuberRegressor,RAW,25,-0.453199,2.574877,1.235518
Ni_num,M3_Core_IonRatios,SVR_RBF,LOG1P,1,0.298112,0.822396,0.697473
Ni_num,M3_Core_IonRatios,SVR_RBF,LOG1P,2,0.578353,0.823884,0.646624
Ni_num,M3_Core_IonRatios,SVR_RBF,LOG1P,3,-0.116888,2.390017,1.283476
Ni_num,M3_Core_IonRatios,SVR_RBF,LOG1P,4,0.061462,2.647806,1.718786
Ni_num,M3_Core_IonRatios,SVR_RBF,LOG1P,5,0.833406,0.512643,0.462277
Ni_num,M3_Core_IonRatios,SVR_RBF,LOG1P,6,0.489513,0.822239,0.755149
Ni_num,M3_Core_IonRatios,SVR_RBF,LOG1P,7,0.084214,2.22041,1.600059
Ni_num,M3_Core_IonRatios,SVR_RBF,LOG1P,8,-0.032969,2.368201,1.310201
Ni_num,M3_Core_IonRatios,SVR_RBF,LOG1P,9,-2.660393,0.442916,0.375735
Ni_num,M3_Core_IonRatios,SVR_RBF,LOG1P,10,-0.476083,2.513307,1.647464
Ni_num,M3_Core_IonRatios,SVR_RBF,LOG1P,11,0.780244,0.419127,0.362025
Ni_num,M3_Core_IonRatios,SVR_RBF,LOG1P,12,0.491186,1.671724,1.072946
Ni_num,M3_Core_IonRatios,SVR_RBF,LOG1P,13,0.229011,2.285039,1.41538
Ni_num,M3_Core_IonRatios,SVR_RBF,LOG1P,14,-0.407614,2.559086,1.804055
Ni_num,M3_Core_IonRatios,SVR_RBF,LOG1P,15,0.094667,0.583515,0.50766
Ni_num,M3_Core_IonRatios,SVR_RBF,LOG1P,16,0.022883,2.351406,1.084642
Ni_num,M3_Core_IonRatios,SVR_RBF,LOG1P,17,0.640165,0.73529,0.606595
Ni_num,M3_Core_IonRatios,SVR_RBF,LOG1P,18,0.679439,0.771649,0.642417
Ni_num,M3_Core_IonRatios,SVR_RBF,LOG1P,19,0.442424,0.788257,0.659352
Ni_num,M3_Core_IonRatios,SVR_RBF,LOG1P,20,0.061098,2.784814,1.871416
Ni_num,M3_Core_IonRatios,SVR_RBF,LOG1P,21,0.165737,0.627845,0.571975
Ni_num,M3_Core_IonRatios,SVR_RBF,LOG1P,22,0.400659,1.697338,0.98709
Ni_num,M3_Core_IonRatios,SVR_RBF,LOG1P,23,0.575644,0.858634,0.645909
Ni_num,M3_Core_IonRatios,SVR_RBF,LOG1P,24,0.182517,2.310778,1.458657
Ni_num,M3_Core_IonRatios,SVR_RBF,LOG1P,25,-0.214926,2.354338,1.195682
Ni_num,M3_Core_IonRatios,SVR_RBF,RAW,1,0.075945,0.943617,0.841505
Ni_num,M3_Core_IonRatios,SVR_RBF,RAW,2,0.462653,0.930078,0.772692
Ni_num,M3_Core_IonRatios,SVR_RBF,RAW,3,-0.092758,2.364059,1.288742
Ni_num,M3_Core_IonRatios,SVR_RBF,RAW,4,0.00014,2.732939,1.822531
Ni_num,M3_Core_IonRatios,SVR_RBF,RAW,5,0.847227,0.490917,0.461581
Ni_num,M3_Core_IonRatios,SVR_RBF,RAW,6,0.603055,0.725054,0.691568
Ni_num,M3_Core_IonRatios,SVR_RBF,RAW,7,0.117174,2.180087,1.588888
Ni_num,M3_Core_IonRatios,SVR_RBF,RAW,8,-0.042707,2.379338,1.377185
Ni_num,M3_Core_IonRatios,SVR_RBF,RAW,9,-4.541234,0.544955,0.400415
Ni_num,M3_Core_IonRatios,SVR_RBF,RAW,10,-0.479247,2.515999,1.573122
Ni_num,M3_Core_IonRatios,SVR_RBF,RAW,11,0.596641,0.567834,0.479681
Ni_num,M3_Core_IonRatios,SVR_RBF,RAW,12,0.329052,1.919683,1.178063
Ni_num,M3_Core_IonRatios,SVR_RBF,RAW,13,0.30977,2.162053,1.465393
Ni_num,M3_Core_IonRatios,SVR_RBF,RAW,14,-0.299129,2.458495,1.60769
Ni_num,M3_Core_IonRatios,SVR_RBF,RAW,15,0.084301,0.586847,0.51935
Ni_num,M3_Core_IonRatios,SVR_RBF,RAW,16,-0.015217,2.396811,1.160418
Ni_num,M3_Core_IonRatios,SVR_RBF,RAW,17,0.704033,0.666851,0.571373
Ni_num,M3_Core_IonRatios,SVR_RBF,RAW,18,0.592766,0.869734,0.728104
Ni_num,M3_Core_IonRatios,SVR_RBF,RAW,19,0.330089,0.864021,0.704641
Ni_num,M3_Core_IonRatios,SVR_RBF,RAW,20,0.032201,2.827342,1.898378
Ni_num,M3_Core_IonRatios,SVR_RBF,RAW,21,-0.212541,0.756918,0.688027
Ni_num,M3_Core_IonRatios,SVR_RBF,RAW,22,0.256392,1.890617,1.161797
Ni_num,M3_Core_IonRatios,SVR_RBF,RAW,23,0.462277,0.966545,0.698137
Ni_num,M3_Core_IonRatios,SVR_RBF,RAW,24,0.205413,2.278188,1.495777
Ni_num,M3_Core_IonRatios,SVR_RBF,RAW,25,-0.183144,2.32334,1.077107
Ni_num,M4_Core_IonExchange,Ridge,LOG1P,1,-7.590028,2.877029,1.628741
Ni_num,M4_Core_IonExchange,Ridge,LOG1P,2,0.083018,1.214988,1.030049
Ni_num,M4_Core_IonExchange,Ridge,LOG1P,3,-0.582703,2.84509,2.022401
Ni_num,M4_Core_IonExchange,Ridge,LOG1P,4,-0.006509,2.742011,1.899572
Ni_num,M4_Core_IonExchange,Ridge,LOG1P,5,0.872207,0.448991,0.365952
Ni_num,M4_Core_IonExchange,Ridge,LOG1P,6,-0.739582,1.517847,0.972966
Ni_num,M4_Core_IonExchange,Ridge,LOG1P,7,0.180757,2.100112,1.56239
Ni_num,M4_Core_IonExchange,Ridge,LOG1P,8,0.157175,2.139162,1.249317
Ni_num,M4_Core_IonExchange,Ridge,LOG1P,9,-6.904988,0.65089,0.493014
Ni_num,M4_Core_IonExchange,Ridge,LOG1P,10,-0.613077,2.627349,1.589483
Ni_num,M4_Core_IonExchange,Ridge,LOG1P,11,-0.02131,0.903554,0.704182
Ni_num,M4_Core_IonExchange,Ridge,LOG1P,12,0.378209,1.848022,1.18818
Ni_num,M4_Core_IonExchange,Ridge,LOG1P,13,-0.100303,2.729768,2.056748
Ni_num,M4_Core_IonExchange,Ridge,LOG1P,14,-0.911491,2.982149,2.206612
Ni_num,M4_Core_IonExchange,Ridge,LOG1P,15,-0.401376,0.725981,0.603846
Ni_num,M4_Core_IonExchange,Ridge,LOG1P,16,-0.157731,2.559517,1.351628
Ni_num,M4_Core_IonExchange,Ridge,LOG1P,17,0.550706,0.821623,0.739617
Ni_num,M4_Core_IonExchange,Ridge,LOG1P,18,0.808884,0.595817,0.512077
Ni_num,M4_Core_IonExchange,Ridge,LOG1P,19,-0.342217,1.223002,0.942301
Ni_num,M4_Core_IonExchange,Ridge,LOG1P,20,0.035151,2.823031,2.048854
Ni_num,M4_Core_IonExchange,Ridge,LOG1P,21,0.080658,0.659082,0.540106
Ni_num,M4_Core_IonExchange,Ridge,LOG1P,22,0.168043,1.999778,1.442655
Ni_num,M4_Core_IonExchange,Ridge,LOG1P,23,0.693321,0.729936,0.48703
Ni_num,M4_Core_IonExchange,Ridge,LOG1P,24,-0.272068,2.882532,2.377201
Ni_num,M4_Core_IonExchange,Ridge,LOG1P,25,-0.409582,2.535941,1.423669
Ni_num,M4_Core_IonExchange,Ridge,RAW,1,-3.748492,2.139069,1.509663
Ni_num,M4_Core_IonExchange,Ridge,RAW,2,-0.182766,1.37988,1.200147
Ni_num,M4_Core_IonExchange,Ridge,RAW,3,-0.941865,3.151417,2.389978
Ni_num,M4_Core_IonExchange,Ridge,RAW,4,0.030876,2.690605,1.848791
Ni_num,M4_Core_IonExchange,Ridge,RAW,5,0.725116,0.658506,0.553577
Ni_num,M4_Core_IonExchange,Ridge,RAW,6,-0.805454,1.546318,1.020187
Ni_num,M4_Core_IonExchange,Ridge,RAW,7,0.092401,2.210463,1.704657
Ni_num,M4_Core_IonExchange,Ridge,RAW,8,0.211695,2.068817,1.167572
Ni_num,M4_Core_IonExchange,Ridge,RAW,9,-18.336996,1.018009,0.792046
Ni_num,M4_Core_IonExchange,Ridge,RAW,10,-0.664413,2.668829,1.661619
Ni_num,M4_Core_IonExchange,Ridge,RAW,11,-0.288045,1.014707,0.766052
Ni_num,M4_Core_IonExchange,Ridge,RAW,12,0.371863,1.857429,1.262752
Ni_num,M4_Core_IonExchange,Ridge,RAW,13,-0.049621,2.666158,2.052581
Ni_num,M4_Core_IonExchange,Ridge,RAW,14,-0.894808,2.969107,2.195392
Ni_num,M4_Core_IonExchange,Ridge,RAW,15,-0.421522,0.731181,0.612653
Ni_num,M4_Core_IonExchange,Ridge,RAW,16,-0.203149,2.60924,1.551432
Ni_num,M4_Core_IonExchange,Ridge,RAW,17,0.247521,1.063296,0.936083
Ni_num,M4_Core_IonExchange,Ridge,RAW,18,0.70288,0.7429,0.58183
Ni_num,M4_Core_IonExchange,Ridge,RAW,19,-0.599585,1.335117,1.039301
Ni_num,M4_Core_IonExchange,Ridge,RAW,20,0.11376,2.705587,2.052478
Ni_num,M4_Core_IonExchange,Ridge,RAW,21,0.136901,0.638604,0.502564
Ni_num,M4_Core_IonExchange,Ridge,RAW,22,0.07071,2.113523,1.524465
Ni_num,M4_Core_IonExchange,Ridge,RAW,23,0.634392,0.796986,0.670069
Ni_num,M4_Core_IonExchange,Ridge,RAW,24,-0.230672,2.835242,2.303194
Ni_num,M4_Core_IonExchange,Ridge,RAW,25,-0.537934,2.648883,1.680038
Ni_num,M4_Core_IonExchange,Lasso,LOG1P,1,0.485163,0.70434,0.630123
Ni_num,M4_Core_IonExchange,Lasso,LOG1P,2,0.566014,0.835852,0.727951
Ni_num,M4_Core_IonExchange,Lasso,LOG1P,3,-0.097554,2.369241,1.25619
Ni_num,M4_Core_IonExchange,Lasso,LOG1P,4,-0.251215,3.057217,2.098838
Ni_num,M4_Core_IonExchange,Lasso,LOG1P,5,0.738503,0.642271,0.576638
Ni_num,M4_Core_IonExchange,Lasso,LOG1P,6,0.523658,0.794264,0.782198
Ni_num,M4_Core_IonExchange,Lasso,LOG1P,7,0.221655,2.047021,1.492043
Ni_num,M4_Core_IonExchange,Lasso,LOG1P,8,0.05381,2.266544,1.200416
Ni_num,M4_Core_IonExchange,Lasso,LOG1P,9,-5.541244,0.592089,0.565195
Ni_num,M4_Core_IonExchange,Lasso,LOG1P,10,-0.463365,2.502456,1.424148
Ni_num,M4_Core_IonExchange,Lasso,LOG1P,11,0.484921,0.641671,0.543707
Ni_num,M4_Core_IonExchange,Lasso,LOG1P,12,0.317766,1.935761,1.344275
Ni_num,M4_Core_IonExchange,Lasso,LOG1P,13,0.250719,2.25264,1.292765
Ni_num,M4_Core_IonExchange,Lasso,LOG1P,14,-0.303814,2.462924,1.397122
Ni_num,M4_Core_IonExchange,Lasso,LOG1P,15,-0.121767,0.64953,0.561083
Ni_num,M4_Core_IonExchange,Lasso,LOG1P,16,-0.009434,2.389974,1.276966
Ni_num,M4_Core_IonExchange,Lasso,LOG1P,17,0.754541,0.607291,0.524491
Ni_num,M4_Core_IonExchange,Lasso,LOG1P,18,0.672311,0.780181,0.699768
Ni_num,M4_Core_IonExchange,Lasso,LOG1P,19,0.3618,0.843323,0.694304
Ni_num,M4_Core_IonExchange,Lasso,LOG1P,20,0.038727,2.817795,1.762351
Ni_num,M4_Core_IonExchange,Lasso,LOG1P,21,0.177134,0.623542,0.540969
Ni_num,M4_Core_IonExchange,Lasso,LOG1P,22,0.337002,1.785203,1.226741
Ni_num,M4_Core_IonExchange,Lasso,LOG1P,23,0.666554,0.761125,0.637882
Ni_num,M4_Core_IonExchange,Lasso,LOG1P,24,0.152549,2.352752,1.422064
Ni_num,M4_Core_IonExchange,Lasso,LOG1P,25,-0.220924,2.360143,1.148739
Ni_num,M4_Core_IonExchange,Lasso,RAW,1,-2.307465,1.785232,1.321361
Ni_num,M4_Core_IonExchange,Lasso,RAW,2,0.158586,1.163849,0.959981
Ni_num,M4_Core_IonExchange,Lasso,RAW,3,-0.468214,2.740255,1.874742
Ni_num,M4_Core_IonExchange,Lasso,RAW,4,-0.013485,2.751496,1.890656
Ni_num,M4_Core_IonExchange,Lasso,RAW,5,0.67846,0.7122,0.618505
Ni_num,M4_Core_IonExchange,Lasso,RAW,6,-0.252108,1.287735,0.983387
Ni_num,M4_Core_IonExchange,Lasso,RAW,7,0.176618,2.105411,1.558901
Ni_num,M4_Core_IonExchange,Lasso,RAW,8,0.245726,2.023669,1.085539
Ni_num,M4_Core_IonExchange,Lasso,RAW,9,-11.856268,0.83007,0.766904
Ni_num,M4_Core_IonExchange,Lasso,RAW,10,-0.554849,2.579492,1.64374
Ni_num,M4_Core_IonExchange,Lasso,RAW,11,-0.09585,0.935946,0.77
Ni_num,M4_Core_IonExchange,Lasso,RAW,12,0.397436,1.819226,1.282263
Ni_num,M4_Core_IonExchange,Lasso,RAW,13,0.358682,2.084042,1.411323
Ni_num,M4_Core_IonExchange,Lasso,RAW,14,-0.450128,2.597445,1.751609
Ni_num,M4_Core_IonExchange,Lasso,RAW,15,-0.393429,0.72392,0.599436
Ni_num,M4_Core_IonExchange,Lasso,RAW,16,-0.067812,2.458112,1.383564
Ni_num,M4_Core_IonExchange,Lasso,RAW,17,0.475186,0.887994,0.773262
Ni_num,M4_Core_IonExchange,Lasso,RAW,18,0.685696,0.764081,0.613795
Ni_num,M4_Core_IonExchange,Lasso,RAW,19,-0.247864,1.179232,0.927521
Ni_num,M4_Core_IonExchange,Lasso,RAW,20,0.166537,2.62379,1.840206
Ni_num,M4_Core_IonExchange,Lasso,RAW,21,0.080668,0.659078,0.515442
Ni_num,M4_Core_IonExchange,Lasso,RAW,22,0.202213,1.958281,1.420631
Ni_num,M4_Core_IonExchange,Lasso,RAW,23,0.640522,0.790276,0.684562
Ni_num,M4_Core_IonExchange,Lasso,RAW,24,0.258348,2.200995,1.697089
Ni_num,M4_Core_IonExchange,Lasso,RAW,25,-0.334168,2.467171,1.409127
Ni_num,M4_Core_IonExchange,HuberRegressor,LOG1P,1,-0.951118,1.371162,0.879681
Ni_num,M4_Core_IonExchange,HuberRegressor,LOG1P,2,0.46393,0.928972,0.694941
Ni_num,M4_Core_IonExchange,HuberRegressor,LOG1P,3,-0.462871,2.735264,1.689391
Ni_num,M4_Core_IonExchange,HuberRegressor,LOG1P,4,0.009831,2.719663,1.839857
Ni_num,M4_Core_IonExchange,HuberRegressor,LOG1P,5,0.925891,0.341917,0.283773
Ni_num,M4_Core_IonExchange,HuberRegressor,LOG1P,6,0.698514,0.631886,0.534983
Ni_num,M4_Core_IonExchange,HuberRegressor,LOG1P,7,0.381741,1.824405,1.231382
Ni_num,M4_Core_IonExchange,HuberRegressor,LOG1P,8,0.004361,2.325015,1.318614
Ni_num,M4_Core_IonExchange,HuberRegressor,LOG1P,9,-1.516701,0.367259,0.31807
Ni_num,M4_Core_IonExchange,HuberRegressor,LOG1P,10,-0.682792,2.683524,1.538069
Ni_num,M4_Core_IonExchange,HuberRegressor,LOG1P,11,0.27074,0.763513,0.576067
Ni_num,M4_Core_IonExchange,HuberRegressor,LOG1P,12,0.511611,1.637827,0.976738
Ni_num,M4_Core_IonExchange,HuberRegressor,LOG1P,13,0.152341,2.395963,1.760123
Ni_num,M4_Core_IonExchange,HuberRegressor,LOG1P,14,-0.756293,2.858523,2.040403
Ni_num,M4_Core_IonExchange,HuberRegressor,LOG1P,15,-1.01147,0.869771,0.70978
Ni_num,M4_Core_IonExchange,HuberRegressor,LOG1P,16,-0.161345,2.563509,1.226728
Ni_num,M4_Core_IonExchange,HuberRegressor,LOG1P,17,0.557401,0.815479,0.727919
Ni_num,M4_Core_IonExchange,HuberRegressor,LOG1P,18,0.886416,0.459329,0.420493
Ni_num,M4_Core_IonExchange,HuberRegressor,LOG1P,19,0.266607,0.904032,0.658601
Ni_num,M4_Core_IonExchange,HuberRegressor,LOG1P,20,0.118958,2.697641,1.784363
Ni_num,M4_Core_IonExchange,HuberRegressor,LOG1P,21,-0.363685,0.802709,0.651342
Ni_num,M4_Core_IonExchange,HuberRegressor,LOG1P,22,0.471641,1.593661,1.074162
Ni_num,M4_Core_IonExchange,HuberRegressor,LOG1P,23,0.650287,0.779469,0.485016
Ni_num,M4_Core_IonExchange,HuberRegressor,LOG1P,24,-0.002176,2.558532,2.028604
Ni_num,M4_Core_IonExchange,HuberRegressor,LOG1P,25,-0.393185,2.521148,1.217894
Ni_num,M4_Core_IonExchange,HuberRegressor,RAW,1,0.175598,0.891285,0.711162
Ni_num,M4_Core_IonExchange,HuberRegressor,RAW,2,0.519104,0.879868,0.657283
Ni_num,M4_Core_IonExchange,HuberRegressor,RAW,3,-0.567994,2.831838,1.707732
Ni_num,M4_Core_IonExchange,HuberRegressor,RAW,4,0.046749,2.66848,1.810323
Ni_num,M4_Core_IonExchange,HuberRegressor,RAW,5,0.868874,0.454808,0.368383
Ni_num,M4_Core_IonExchange,HuberRegressor,RAW,6,0.654307,0.676629,0.558309
Ni_num,M4_Core_IonExchange,HuberRegressor,RAW,7,0.376981,1.831415,1.315038
Ni_num,M4_Core_IonExchange,HuberRegressor,RAW,8,0.113015,2.194487,1.19044
Ni_num,M4_Core_IonExchange,HuberRegressor,RAW,9,-1.580076,0.371855,0.32421
Ni_num,M4_Core_IonExchange,HuberRegressor,RAW,10,-0.791073,2.768514,1.586481
Ni_num,M4_Core_IonExchange,HuberRegressor,RAW,11,0.42935,0.675398,0.576532
Ni_num,M4_Core_IonExchange,HuberRegressor,RAW,12,0.533149,1.601306,0.970868
Ni_num,M4_Core_IonExchange,HuberRegressor,RAW,13,0.261463,2.236432,1.591966
Ni_num,M4_Core_IonExchange,HuberRegressor,RAW,14,-0.548852,2.684406,1.633498
Ni_num,M4_Core_IonExchange,HuberRegressor,RAW,15,-1.382145,0.946525,0.797716
Ni_num,M4_Core_IonExchange,HuberRegressor,RAW,16,-0.194498,2.599842,1.290596
Ni_num,M4_Core_IonExchange,HuberRegressor,RAW,17,0.565557,0.80793,0.69967
Ni_num,M4_Core_IonExchange,HuberRegressor,RAW,18,0.890903,0.450165,0.408173
Ni_num,M4_Core_IonExchange,HuberRegressor,RAW,19,0.442416,0.788263,0.544831
Ni_num,M4_Core_IonExchange,HuberRegressor,RAW,20,0.170901,2.616912,1.789441
Ni_num,M4_Core_IonExchange,HuberRegressor,RAW,21,-0.362502,0.80236,0.675288
Ni_num,M4_Core_IonExchange,HuberRegressor,RAW,22,0.475478,1.587864,1.081869
Ni_num,M4_Core_IonExchange,HuberRegressor,RAW,23,0.719223,0.698431,0.39274
Ni_num,M4_Core_IonExchange,HuberRegressor,RAW,24,0.184006,2.308673,1.694012
Ni_num,M4_Core_IonExchange,HuberRegressor,RAW,25,-0.545134,2.655077,1.438151
Ni_num,M4_Core_IonExchange,SVR_RBF,LOG1P,1,-0.239752,1.092986,0.847956
Ni_num,M4_Core_IonExchange,SVR_RBF,LOG1P,2,0.252627,1.096884,0.854854
Ni_num,M4_Core_IonExchange,SVR_RBF,LOG1P,3,-0.231388,2.509538,1.448163
Ni_num,M4_Core_IonExchange,SVR_RBF,LOG1P,4,-0.018635,2.758479,1.822877
Ni_num,M4_Core_IonExchange,SVR_RBF,LOG1P,5,0.876588,0.441228,0.355106
Ni_num,M4_Core_IonExchange,SVR_RBF,LOG1P,6,0.666531,0.664559,0.579888
Ni_num,M4_Core_IonExchange,SVR_RBF,LOG1P,7,0.115702,2.181903,1.592654
Ni_num,M4_Core_IonExchange,SVR_RBF,LOG1P,8,-0.034535,2.369996,1.251963
Ni_num,M4_Core_IonExchange,SVR_RBF,LOG1P,9,-8.299583,0.705974,0.521931
Ni_num,M4_Core_IonExchange,SVR_RBF,LOG1P,10,-0.655323,2.661532,1.899199
Ni_num,M4_Core_IonExchange,SVR_RBF,LOG1P,11,0.701015,0.488878,0.416797
Ni_num,M4_Core_IonExchange,SVR_RBF,LOG1P,12,0.530883,1.605186,1.017133
Ni_num,M4_Core_IonExchange,SVR_RBF,LOG1P,13,0.132921,2.423253,1.584531
Ni_num,M4_Core_IonExchange,SVR_RBF,LOG1P,14,-0.327381,2.485083,1.684194
Ni_num,M4_Core_IonExchange,SVR_RBF,LOG1P,15,-0.132626,0.652666,0.521048
Ni_num,M4_Core_IonExchange,SVR_RBF,LOG1P,16,-0.102436,2.497646,1.24518
Ni_num,M4_Core_IonExchange,SVR_RBF,LOG1P,17,0.810868,0.533076,0.465554
Ni_num,M4_Core_IonExchange,SVR_RBF,LOG1P,18,0.77983,0.639505,0.579869
Ni_num,M4_Core_IonExchange,SVR_RBF,LOG1P,19,-0.191516,1.1523,0.945437
Ni_num,M4_Core_IonExchange,SVR_RBF,LOG1P,20,0.101797,2.723788,1.799898
Ni_num,M4_Core_IonExchange,SVR_RBF,LOG1P,21,-0.129723,0.730612,0.656209
Ni_num,M4_Core_IonExchange,SVR_RBF,LOG1P,22,0.548291,1.473536,0.933174
Ni_num,M4_Core_IonExchange,SVR_RBF,LOG1P,23,0.599511,0.834139,0.566498
Ni_num,M4_Core_IonExchange,SVR_RBF,LOG1P,24,0.058324,2.480103,1.6387
Ni_num,M4_Core_IonExchange,SVR_RBF,LOG1P,25,-0.310827,2.445494,1.222706
Ni_num,M4_Core_IonExchange,SVR_RBF,RAW,1,0.222806,0.86539,0.760386
Ni_num,M4_Core_IonExchange,SVR_RBF,RAW,2,0.354034,1.019757,0.814239
Ni_num,M4_Core_IonExchange,SVR_RBF,RAW,3,-0.228708,2.506805,1.522038
Ni_num,M4_Core_IonExchange,SVR_RBF,RAW,4,-0.019888,2.760175,1.873274
Ni_num,M4_Core_IonExchange,SVR_RBF,RAW,5,0.856104,0.476442,0.432922
Ni_num,M4_Core_IonExchange,SVR_RBF,RAW,6,0.620934,0.708538,0.675942
Ni_num,M4_Core_IonExchange,SVR_RBF,RAW,7,0.256438,2.000758,1.459452
Ni_num,M4_Core_IonExchange,SVR_RBF,RAW,8,-0.094698,2.437935,1.424489
Ni_num,M4_Core_IonExchange,SVR_RBF,RAW,9,-8.515735,0.714132,0.497707
Ni_num,M4_Core_IonExchange,SVR_RBF,RAW,10,-0.566223,2.58891,1.68991
Ni_num,M4_Core_IonExchange,SVR_RBF,RAW,11,0.50557,0.628677,0.51485
Ni_num,M4_Core_IonExchange,SVR_RBF,RAW,12,0.418477,1.787181,1.110628
Ni_num,M4_Core_IonExchange,SVR_RBF,RAW,13,0.17367,2.365627,1.597229
Ni_num,M4_Core_IonExchange,SVR_RBF,RAW,14,-0.175213,2.338307,1.528405
Ni_num,M4_Core_IonExchange,SVR_RBF,RAW,15,-0.498631,0.75075,0.645035
Ni_num,M4_Core_IonExchange,SVR_RBF,RAW,16,-0.061579,2.450927,1.207532
Ni_num,M4_Core_IonExchange,SVR_RBF,RAW,17,0.650165,0.725001,0.643836
Ni_num,M4_Core_IonExchange,SVR_RBF,RAW,18,0.737878,0.697777,0.632348
Ni_num,M4_Core_IonExchange,SVR_RBF,RAW,19,-0.020546,1.066429,0.831276
Ni_num,M4_Core_IonExchange,SVR_RBF,RAW,20,0.043778,2.810381,1.829264
Ni_num,M4_Core_IonExchange,SVR_RBF,RAW,21,-0.51928,0.847266,0.763212
Ni_num,M4_Core_IonExchange,SVR_RBF,RAW,22,0.385159,1.719146,1.100342
Ni_num,M4_Core_IonExchange,SVR_RBF,RAW,23,0.547738,0.886417,0.632854
Ni_num,M4_Core_IonExchange,SVR_RBF,RAW,24,0.080397,2.450863,1.62635
Ni_num,M4_Core_IonExchange,SVR_RBF,RAW,25,-0.255326,2.393163,1.232964
Ni_num,M5_Core_DepthInteractions,Ridge,LOG1P,1,-10.119774,3.273369,1.735124
Ni_num,M5_Core_DepthInteractions,Ridge,LOG1P,2,0.05576,1.232915,1.038603
Ni_num,M5_Core_DepthInteractions,Ridge,LOG1P,3,-0.691941,2.941636,2.104056
Ni_num,M5_Core_DepthInteractions,Ridge,LOG1P,4,0.014149,2.713726,1.935482
Ni_num,M5_Core_DepthInteractions,Ridge,LOG1P,5,0.868352,0.455714,0.375448
Ni_num,M5_Core_DepthInteractions,Ridge,LOG1P,6,-3.750971,2.508399,1.338528
Ni_num,M5_Core_DepthInteractions,Ridge,LOG1P,7,0.217962,2.051871,1.519319
Ni_num,M5_Core_DepthInteractions,Ridge,LOG1P,8,0.148191,2.150533,1.336073
Ni_num,M5_Core_DepthInteractions,Ridge,LOG1P,9,-4.686386,0.552046,0.443528
Ni_num,M5_Core_DepthInteractions,Ridge,LOG1P,10,-0.618618,2.631857,1.557863
Ni_num,M5_Core_DepthInteractions,Ridge,LOG1P,11,-0.188147,0.974564,0.759106
Ni_num,M5_Core_DepthInteractions,Ridge,LOG1P,12,0.401684,1.812802,1.147254
Ni_num,M5_Core_DepthInteractions,Ridge,LOG1P,13,-0.195195,2.845043,1.924782
Ni_num,M5_Core_DepthInteractions,Ridge,LOG1P,14,-0.811262,2.902912,2.132375
Ni_num,M5_Core_DepthInteractions,Ridge,LOG1P,15,-0.348409,0.712129,0.612782
Ni_num,M5_Core_DepthInteractions,Ridge,LOG1P,16,-0.150747,2.551785,1.288335
Ni_num,M5_Core_DepthInteractions,Ridge,LOG1P,17,0.442054,0.915595,0.813472
Ni_num,M5_Core_DepthInteractions,Ridge,LOG1P,18,0.662987,0.791203,0.672015
Ni_num,M5_Core_DepthInteractions,Ridge,LOG1P,19,-0.426492,1.260812,0.950949
Ni_num,M5_Core_DepthInteractions,Ridge,LOG1P,20,-0.220852,3.175538,2.260837
Ni_num,M5_Core_DepthInteractions,Ridge,LOG1P,21,0.010543,0.683753,0.593824
Ni_num,M5_Core_DepthInteractions,Ridge,LOG1P,22,0.282407,1.85725,1.277314
Ni_num,M5_Core_DepthInteractions,Ridge,LOG1P,23,0.678257,0.747649,0.531287
Ni_num,M5_Core_DepthInteractions,Ridge,LOG1P,24,0.056391,2.482647,1.919481
Ni_num,M5_Core_DepthInteractions,Ridge,LOG1P,25,-0.426961,2.551527,1.41602
Ni_num,M5_Core_DepthInteractions,Ridge,RAW,1,-3.439661,2.06834,1.437723
Ni_num,M5_Core_DepthInteractions,Ridge,RAW,2,-0.305567,1.449745,1.249383
Ni_num,M5_Core_DepthInteractions,Ridge,RAW,3,-1.038284,3.228707,2.446116
Ni_num,M5_Core_DepthInteractions,Ridge,RAW,4,0.036553,2.682713,1.937778
Ni_num,M5_Core_DepthInteractions,Ridge,RAW,5,0.75657,0.619686,0.539271
Ni_num,M5_Core_DepthInteractions,Ridge,RAW,6,-1.331077,1.757049,1.093905
Ni_num,M5_Core_DepthInteractions,Ridge,RAW,7,0.162242,2.123711,1.621315
Ni_num,M5_Core_DepthInteractions,Ridge,RAW,8,0.214916,2.064586,1.289684
Ni_num,M5_Core_DepthInteractions,Ridge,RAW,9,-12.088693,0.837539,0.675662
Ni_num,M5_Core_DepthInteractions,Ridge,RAW,10,-0.633332,2.643792,1.659296
Ni_num,M5_Core_DepthInteractions,Ridge,RAW,11,-0.729141,1.175684,0.992015
Ni_num,M5_Core_DepthInteractions,Ridge,RAW,12,0.399564,1.816011,1.207648
Ni_num,M5_Core_DepthInteractions,Ridge,RAW,13,0.241358,2.266668,1.525855
Ni_num,M5_Core_DepthInteractions,Ridge,RAW,14,-0.805763,2.898502,2.193755
Ni_num,M5_Core_DepthInteractions,Ridge,RAW,15,-0.533981,0.759553,0.642808
Ni_num,M5_Core_DepthInteractions,Ridge,RAW,16,-0.167154,2.569913,1.51906
Ni_num,M5_Core_DepthInteractions,Ridge,RAW,17,0.123559,1.147542,0.984654
Ni_num,M5_Core_DepthInteractions,Ridge,RAW,18,0.371498,1.080482,0.858355
Ni_num,M5_Core_DepthInteractions,Ridge,RAW,19,-0.767524,1.403455,1.124837
Ni_num,M5_Core_DepthInteractions,Ridge,RAW,20,0.097585,2.730166,2.038652
Ni_num,M5_Core_DepthInteractions,Ridge,RAW,21,-0.307723,0.786066,0.611952
Ni_num,M5_Core_DepthInteractions,Ridge,RAW,22,0.162654,2.006245,1.391236
Ni_num,M5_Core_DepthInteractions,Ridge,RAW,23,0.513699,0.91917,0.772806
Ni_num,M5_Core_DepthInteractions,Ridge,RAW,24,0.21474,2.264778,1.704704
Ni_num,M5_Core_DepthInteractions,Ridge,RAW,25,-0.524979,2.637703,1.654982
Ni_num,M5_Core_DepthInteractions,Lasso,LOG1P,1,-0.991616,1.385319,0.92573
Ni_num,M5_Core_DepthInteractions,Lasso,LOG1P,2,0.566014,0.835852,0.727951
Ni_num,M5_Core_DepthInteractions,Lasso,LOG1P,3,-0.097554,2.369241,1.25619
Ni_num,M5_Core_DepthInteractions,Lasso,LOG1P,4,-0.251215,3.057217,2.098838
Ni_num,M5_Core_DepthInteractions,Lasso,LOG1P,5,0.738503,0.642271,0.576638
Ni_num,M5_Core_DepthInteractions,Lasso,LOG1P,6,0.321903,0.947657,0.893433
Ni_num,M5_Core_DepthInteractions,Lasso,LOG1P,7,0.221655,2.047021,1.492043
Ni_num,M5_Core_DepthInteractions,Lasso,LOG1P,8,0.05381,2.266544,1.200416
Ni_num,M5_Core_DepthInteractions,Lasso,LOG1P,9,-5.541244,0.592089,0.565195
Ni_num,M5_Core_DepthInteractions,Lasso,LOG1P,10,-0.463365,2.502456,1.424148
Ni_num,M5_Core_DepthInteractions,Lasso,LOG1P,11,0.484921,0.641671,0.543707
Ni_num,M5_Core_DepthInteractions,Lasso,LOG1P,12,0.317766,1.935761,1.344275
Ni_num,M5_Core_DepthInteractions,Lasso,LOG1P,13,0.250719,2.25264,1.292765
Ni_num,M5_Core_DepthInteractions,Lasso,LOG1P,14,-0.303814,2.462924,1.397122
Ni_num,M5_Core_DepthInteractions,Lasso,LOG1P,15,-0.121767,0.64953,0.561083
Ni_num,M5_Core_DepthInteractions,Lasso,LOG1P,16,-0.009434,2.389974,1.276966
Ni_num,M5_Core_DepthInteractions,Lasso,LOG1P,17,0.754541,0.607291,0.524491
Ni_num,M5_Core_DepthInteractions,Lasso,LOG1P,18,0.672311,0.780181,0.699768
Ni_num,M5_Core_DepthInteractions,Lasso,LOG1P,19,0.3618,0.843323,0.694304
Ni_num,M5_Core_DepthInteractions,Lasso,LOG1P,20,0.028646,2.83253,1.881681
Ni_num,M5_Core_DepthInteractions,Lasso,LOG1P,21,0.177134,0.623542,0.540969
Ni_num,M5_Core_DepthInteractions,Lasso,LOG1P,22,0.337002,1.785203,1.226741
Ni_num,M5_Core_DepthInteractions,Lasso,LOG1P,23,0.666554,0.761125,0.637882
Ni_num,M5_Core_DepthInteractions,Lasso,LOG1P,24,0.152549,2.352752,1.422064
Ni_num,M5_Core_DepthInteractions,Lasso,LOG1P,25,-0.220924,2.360143,1.148739
Ni_num,M5_Core_DepthInteractions,Lasso,RAW,1,-2.032287,1.709354,1.275494
Ni_num,M5_Core_DepthInteractions,Lasso,RAW,2,0.155354,1.166082,0.962948
Ni_num,M5_Core_DepthInteractions,Lasso,RAW,3,-0.47716,2.748591,1.882779
Ni_num,M5_Core_DepthInteractions,Lasso,RAW,4,-0.013214,2.751128,1.89066
Ni_num,M5_Core_DepthInteractions,Lasso,RAW,5,0.67846,0.7122,0.618505
Ni_num,M5_Core_DepthInteractions,Lasso,RAW,6,-0.713514,1.506431,1.075722
Ni_num,M5_Core_DepthInteractions,Lasso,RAW,7,0.172841,2.110234,1.563378
Ni_num,M5_Core_DepthInteractions,Lasso,RAW,8,0.245726,2.023669,1.085539
Ni_num,M5_Core_DepthInteractions,Lasso,RAW,9,-11.248135,0.8102,0.753045
Ni_num,M5_Core_DepthInteractions,Lasso,RAW,10,-0.554849,2.579492,1.64374
Ni_num,M5_Core_DepthInteractions,Lasso,RAW,11,-0.09585,0.935946,0.77
Ni_num,M5_Core_DepthInteractions,Lasso,RAW,12,0.39717,1.819628,1.282077
Ni_num,M5_Core_DepthInteractions,Lasso,RAW,13,0.38286,2.044378,1.250166
Ni_num,M5_Core_DepthInteractions,Lasso,RAW,14,-0.46019,2.606441,1.762894
Ni_num,M5_Core_DepthInteractions,Lasso,RAW,15,-0.393048,0.723821,0.599353
Ni_num,M5_Core_DepthInteractions,Lasso,RAW,16,-0.07162,2.462491,1.383826
Ni_num,M5_Core_DepthInteractions,Lasso,RAW,17,0.475221,0.887964,0.773228
Ni_num,M5_Core_DepthInteractions,Lasso,RAW,18,0.686471,0.763138,0.612851
Ni_num,M5_Core_DepthInteractions,Lasso,RAW,19,-0.250578,1.180514,0.9291
Ni_num,M5_Core_DepthInteractions,Lasso,RAW,20,0.141916,2.662262,1.893347
Ni_num,M5_Core_DepthInteractions,Lasso,RAW,21,0.080773,0.659041,0.51536
Ni_num,M5_Core_DepthInteractions,Lasso,RAW,22,0.249169,1.899776,1.359049
Ni_num,M5_Core_DepthInteractions,Lasso,RAW,23,0.639361,0.791552,0.686404
Ni_num,M5_Core_DepthInteractions,Lasso,RAW,24,0.306534,2.128293,1.479867
Ni_num,M5_Core_DepthInteractions,Lasso,RAW,25,-0.343163,2.475474,1.420505
Ni_num,M5_Core_DepthInteractions,HuberRegressor,LOG1P,1,-5.50349,2.503342,1.223764
Ni_num,M5_Core_DepthInteractions,HuberRegressor,LOG1P,2,0.434408,0.954209,0.749943
Ni_num,M5_Core_DepthInteractions,HuberRegressor,LOG1P,3,-0.852975,3.078442,2.10664
Ni_num,M5_Core_DepthInteractions,HuberRegressor,LOG1P,4,0.044514,2.671607,1.852246
Ni_num,M5_Core_DepthInteractions,HuberRegressor,LOG1P,5,0.930337,0.331501,0.281349
Ni_num,M5_Core_DepthInteractions,HuberRegressor,LOG1P,6,-1.934709,1.97146,1.08315
Ni_num,M5_Core_DepthInteractions,HuberRegressor,LOG1P,7,0.369774,1.841978,1.290699
Ni_num,M5_Core_DepthInteractions,HuberRegressor,LOG1P,8,0.028983,2.296087,1.343111
Ni_num,M5_Core_DepthInteractions,HuberRegressor,LOG1P,9,-0.847854,0.314696,0.281337
Ni_num,M5_Core_DepthInteractions,HuberRegressor,LOG1P,10,-0.777619,2.758097,1.588162
Ni_num,M5_Core_DepthInteractions,HuberRegressor,LOG1P,11,0.100232,0.848087,0.707288
Ni_num,M5_Core_DepthInteractions,HuberRegressor,LOG1P,12,0.513242,1.63509,0.954724
Ni_num,M5_Core_DepthInteractions,HuberRegressor,LOG1P,13,-0.362127,3.037234,2.142236
Ni_num,M5_Core_DepthInteractions,HuberRegressor,LOG1P,14,-0.738095,2.843675,1.880308
Ni_num,M5_Core_DepthInteractions,HuberRegressor,LOG1P,15,-1.025169,0.872728,0.730052
Ni_num,M5_Core_DepthInteractions,HuberRegressor,LOG1P,16,-0.189706,2.594622,1.160242
Ni_num,M5_Core_DepthInteractions,HuberRegressor,LOG1P,17,0.568027,0.80563,0.701008
Ni_num,M5_Core_DepthInteractions,HuberRegressor,LOG1P,18,0.809507,0.594844,0.525713
Ni_num,M5_Core_DepthInteractions,HuberRegressor,LOG1P,19,0.184753,0.953148,0.729615
Ni_num,M5_Core_DepthInteractions,HuberRegressor,LOG1P,20,-0.137316,3.064972,2.196601
Ni_num,M5_Core_DepthInteractions,HuberRegressor,LOG1P,21,-0.405127,0.814814,0.735899
Ni_num,M5_Core_DepthInteractions,HuberRegressor,LOG1P,22,0.442998,1.636289,1.123317
Ni_num,M5_Core_DepthInteractions,HuberRegressor,LOG1P,23,0.626813,0.805204,0.506543
Ni_num,M5_Core_DepthInteractions,HuberRegressor,LOG1P,24,0.028,2.519719,1.777736
Ni_num,M5_Core_DepthInteractions,HuberRegressor,LOG1P,25,-0.429124,2.553459,1.139063
Ni_num,M5_Core_DepthInteractions,HuberRegressor,RAW,1,-0.546639,1.220791,0.751308
Ni_num,M5_Core_DepthInteractions,HuberRegressor,RAW,2,0.535022,0.865183,0.606496
Ni_num,M5_Core_DepthInteractions,HuberRegressor,RAW,3,-0.733226,2.977309,1.909657
Ni_num,M5_Core_DepthInteractions,HuberRegressor,RAW,4,0.070366,2.635217,1.852023
Ni_num,M5_Core_DepthInteractions,HuberRegressor,RAW,5,0.879772,0.4355,0.365019
Ni_num,M5_Core_DepthInteractions,HuberRegressor,RAW,6,0.082741,1.102177,0.768614
Ni_num,M5_Core_DepthInteractions,HuberRegressor,RAW,7,0.38148,1.824791,1.309666
Ni_num,M5_Core_DepthInteractions,HuberRegressor,RAW,8,0.123092,2.181986,1.215519
Ni_num,M5_Core_DepthInteractions,HuberRegressor,RAW,9,-1.036776,0.330391,0.277162
Ni_num,M5_Core_DepthInteractions,HuberRegressor,RAW,10,-0.896265,2.848654,1.673512
Ni_num,M5_Core_DepthInteractions,HuberRegressor,RAW,11,-0.024568,0.904994,0.799392
Ni_num,M5_Core_DepthInteractions,HuberRegressor,RAW,12,0.551109,1.570203,0.944173
Ni_num,M5_Core_DepthInteractions,HuberRegressor,RAW,13,0.133934,2.421837,1.729367
Ni_num,M5_Core_DepthInteractions,HuberRegressor,RAW,14,-0.634189,2.757366,1.831208
Ni_num,M5_Core_DepthInteractions,HuberRegressor,RAW,15,-1.410173,0.952077,0.80729
Ni_num,M5_Core_DepthInteractions,HuberRegressor,RAW,16,-0.227637,2.635659,1.241306
Ni_num,M5_Core_DepthInteractions,HuberRegressor,RAW,17,0.619372,0.756237,0.638134
Ni_num,M5_Core_DepthInteractions,HuberRegressor,RAW,18,0.811791,0.591269,0.540263
Ni_num,M5_Core_DepthInteractions,HuberRegressor,RAW,19,0.413731,0.808284,0.563721
Ni_num,M5_Core_DepthInteractions,HuberRegressor,RAW,20,0.124582,2.689017,1.941854
Ni_num,M5_Core_DepthInteractions,HuberRegressor,RAW,21,-0.567837,0.860699,0.778738
Ni_num,M5_Core_DepthInteractions,HuberRegressor,RAW,22,0.479487,1.581784,1.068379
Ni_num,M5_Core_DepthInteractions,HuberRegressor,RAW,23,0.717275,0.70085,0.408597
Ni_num,M5_Core_DepthInteractions,HuberRegressor,RAW,24,0.265772,2.189952,1.43525
Ni_num,M5_Core_DepthInteractions,HuberRegressor,RAW,25,-0.57913,2.684126,1.27694
Ni_num,M5_Core_DepthInteractions,SVR_RBF,LOG1P,1,-0.370111,1.149013,0.932835
Ni_num,M5_Core_DepthInteractions,SVR_RBF,LOG1P,2,0.137858,1.178098,0.903813
Ni_num,M5_Core_DepthInteractions,SVR_RBF,LOG1P,3,-0.284031,2.562619,1.404931
Ni_num,M5_Core_DepthInteractions,SVR_RBF,LOG1P,4,-0.022509,2.763719,1.850129
Ni_num,M5_Core_DepthInteractions,SVR_RBF,LOG1P,5,0.874129,0.445603,0.348487
Ni_num,M5_Core_DepthInteractions,SVR_RBF,LOG1P,6,0.759383,0.564506,0.44742
Ni_num,M5_Core_DepthInteractions,SVR_RBF,LOG1P,7,0.273517,1.977647,1.420811
Ni_num,M5_Core_DepthInteractions,SVR_RBF,LOG1P,8,-0.057496,2.396151,1.261316
Ni_num,M5_Core_DepthInteractions,SVR_RBF,LOG1P,9,-8.043321,0.696179,0.5301
Ni_num,M5_Core_DepthInteractions,SVR_RBF,LOG1P,10,-0.794276,2.770989,1.942944
Ni_num,M5_Core_DepthInteractions,SVR_RBF,LOG1P,11,0.689291,0.49837,0.365702
Ni_num,M5_Core_DepthInteractions,SVR_RBF,LOG1P,12,0.550877,1.570608,0.886749
Ni_num,M5_Core_DepthInteractions,SVR_RBF,LOG1P,13,0.151386,2.397312,1.563967
Ni_num,M5_Core_DepthInteractions,SVR_RBF,LOG1P,14,-0.415059,2.565845,1.81322
Ni_num,M5_Core_DepthInteractions,SVR_RBF,LOG1P,15,-0.168286,0.662861,0.542468
Ni_num,M5_Core_DepthInteractions,SVR_RBF,LOG1P,16,-0.118513,2.515792,1.180353
Ni_num,M5_Core_DepthInteractions,SVR_RBF,LOG1P,17,0.800178,0.547934,0.468122
Ni_num,M5_Core_DepthInteractions,SVR_RBF,LOG1P,18,0.800447,0.608826,0.567963
Ni_num,M5_Core_DepthInteractions,SVR_RBF,LOG1P,19,-0.184582,1.148943,0.889458
Ni_num,M5_Core_DepthInteractions,SVR_RBF,LOG1P,20,0.072684,2.767578,1.818968
Ni_num,M5_Core_DepthInteractions,SVR_RBF,LOG1P,21,-0.142074,0.734595,0.645472
Ni_num,M5_Core_DepthInteractions,SVR_RBF,LOG1P,22,0.492786,1.561446,1.102607
Ni_num,M5_Core_DepthInteractions,SVR_RBF,LOG1P,23,0.607385,0.825898,0.51129
Ni_num,M5_Core_DepthInteractions,SVR_RBF,LOG1P,24,0.049499,2.491697,1.591352
Ni_num,M5_Core_DepthInteractions,SVR_RBF,LOG1P,25,-0.330879,2.464128,1.10161
Ni_num,M5_Core_DepthInteractions,SVR_RBF,RAW,1,0.263157,0.842625,0.73217
Ni_num,M5_Core_DepthInteractions,SVR_RBF,RAW,2,0.338097,1.03226,0.859232
Ni_num,M5_Core_DepthInteractions,SVR_RBF,RAW,3,-0.321719,2.599955,1.576448
Ni_num,M5_Core_DepthInteractions,SVR_RBF,RAW,4,-0.029611,2.7733,1.853524
Ni_num,M5_Core_DepthInteractions,SVR_RBF,RAW,5,0.846567,0.491977,0.40646
Ni_num,M5_Core_DepthInteractions,SVR_RBF,RAW,6,0.709847,0.619896,0.569562
Ni_num,M5_Core_DepthInteractions,SVR_RBF,RAW,7,0.30866,1.929221,1.393873
Ni_num,M5_Core_DepthInteractions,SVR_RBF,RAW,8,-0.050233,2.387909,1.320803
Ni_num,M5_Core_DepthInteractions,SVR_RBF,RAW,9,-5.488365,0.589691,0.447073
Ni_num,M5_Core_DepthInteractions,SVR_RBF,RAW,10,-0.649032,2.656469,1.681329
Ni_num,M5_Core_DepthInteractions,SVR_RBF,RAW,11,0.533036,0.610966,0.443796
Ni_num,M5_Core_DepthInteractions,SVR_RBF,RAW,12,0.483251,1.68471,0.926609
Ni_num,M5_Core_DepthInteractions,SVR_RBF,RAW,13,0.202336,2.324233,1.532441
Ni_num,M5_Core_DepthInteractions,SVR_RBF,RAW,14,-0.231548,2.393695,1.518362
Ni_num,M5_Core_DepthInteractions,SVR_RBF,RAW,15,-0.283347,0.694736,0.582015
Ni_num,M5_Core_DepthInteractions,SVR_RBF,RAW,16,-0.069218,2.459729,1.212536
Ni_num,M5_Core_DepthInteractions,SVR_RBF,RAW,17,0.689841,0.682652,0.594535
Ni_num,M5_Core_DepthInteractions,SVR_RBF,RAW,18,0.741229,0.693302,0.613854
Ni_num,M5_Core_DepthInteractions,SVR_RBF,RAW,19,0.090627,1.006669,0.71737
Ni_num,M5_Core_DepthInteractions,SVR_RBF,RAW,20,0.093807,2.735875,1.762358
Ni_num,M5_Core_DepthInteractions,SVR_RBF,RAW,21,-0.375688,0.806234,0.706424
Ni_num,M5_Core_DepthInteractions,SVR_RBF,RAW,22,0.435581,1.647146,1.017871
Ni_num,M5_Core_DepthInteractions,SVR_RBF,RAW,23,0.564683,0.869652,0.607069
Ni_num,M5_Core_DepthInteractions,SVR_RBF,RAW,24,0.050246,2.490718,1.622235
Ni_num,M5_Core_DepthInteractions,SVR_RBF,RAW,25,-0.270592,2.40767,1.200343
Ni_num,M7_Stage5_AdvancedRatios,Ridge,LOG1P,1,-8.781638,3.070102,1.618558
Ni_num,M7_Stage5_AdvancedRatios,Ridge,LOG1P,2,-0.617415,1.613625,1.302231
Ni_num,M7_Stage5_AdvancedRatios,Ridge,LOG1P,3,-0.552075,2.817427,1.966617
Ni_num,M7_Stage5_AdvancedRatios,Ridge,LOG1P,4,-0.020954,2.761617,1.914859
Ni_num,M7_Stage5_AdvancedRatios,Ridge,LOG1P,5,0.783735,0.584087,0.509666
Ni_num,M7_Stage5_AdvancedRatios,Ridge,LOG1P,6,-2.893778,2.270864,1.323779
Ni_num,M7_Stage5_AdvancedRatios,Ridge,LOG1P,7,0.00207,2.317855,1.806857
Ni_num,M7_Stage5_AdvancedRatios,Ridge,LOG1P,8,0.000874,2.329083,1.425672
Ni_num,M7_Stage5_AdvancedRatios,Ridge,LOG1P,9,-9.593882,0.753502,0.50905
Ni_num,M7_Stage5_AdvancedRatios,Ridge,LOG1P,10,-0.543434,2.570007,1.39596
Ni_num,M7_Stage5_AdvancedRatios,Ridge,LOG1P,11,-0.589836,1.127331,0.765929
Ni_num,M7_Stage5_AdvancedRatios,Ridge,LOG1P,12,0.345677,1.89575,1.293001
Ni_num,M7_Stage5_AdvancedRatios,Ridge,LOG1P,13,-0.70837,3.401422,2.381446
Ni_num,M7_Stage5_AdvancedRatios,Ridge,LOG1P,14,-0.681196,2.796742,1.971332
Ni_num,M7_Stage5_AdvancedRatios,Ridge,LOG1P,15,0.058729,0.594984,0.544025
Ni_num,M7_Stage5_AdvancedRatios,Ridge,LOG1P,16,-0.16305,2.565391,1.31472
Ni_num,M7_Stage5_AdvancedRatios,Ridge,LOG1P,17,0.526335,0.843612,0.759164
Ni_num,M7_Stage5_AdvancedRatios,Ridge,LOG1P,18,0.834775,0.553991,0.44376
Ni_num,M7_Stage5_AdvancedRatios,Ridge,LOG1P,19,-0.327884,1.216454,0.968572
Ni_num,M7_Stage5_AdvancedRatios,Ridge,LOG1P,20,-0.074272,2.978811,2.222345
Ni_num,M7_Stage5_AdvancedRatios,Ridge,LOG1P,21,0.416925,0.524884,0.451695
Ni_num,M7_Stage5_AdvancedRatios,Ridge,LOG1P,22,0.303943,1.829169,1.244454
Ni_num,M7_Stage5_AdvancedRatios,Ridge,LOG1P,23,0.721393,0.695727,0.492285
Ni_num,M7_Stage5_AdvancedRatios,Ridge,LOG1P,24,-0.516615,3.147434,2.487975
Ni_num,M7_Stage5_AdvancedRatios,Ridge,LOG1P,25,-0.388471,2.51688,1.332697
Ni_num,M7_Stage5_AdvancedRatios,Ridge,RAW,1,-3.270174,2.028475,1.350001
Ni_num,M7_Stage5_AdvancedRatios,Ridge,RAW,2,-1.977899,2.18951,1.755412
Ni_num,M7_Stage5_AdvancedRatios,Ridge,RAW,3,-1.155462,3.320217,2.55867
Ni_num,M7_Stage5_AdvancedRatios,Ridge,RAW,4,0.025747,2.697715,1.822607
Ni_num,M7_Stage5_AdvancedRatios,Ridge,RAW,5,0.633616,0.760244,0.631674
Ni_num,M7_Stage5_AdvancedRatios,Ridge,RAW,6,-1.397477,1.781897,1.148996
Ni_num,M7_Stage5_AdvancedRatios,Ridge,RAW,7,-0.243694,2.587575,2.037707
Ni_num,M7_Stage5_AdvancedRatios,Ridge,RAW,8,0.087905,2.225333,1.318535
Ni_num,M7_Stage5_AdvancedRatios,Ridge,RAW,9,-32.424496,1.338411,0.91035
Ni_num,M7_Stage5_AdvancedRatios,Ridge,RAW,10,-0.681933,2.682838,1.716321
Ni_num,M7_Stage5_AdvancedRatios,Ridge,RAW,11,-0.615395,1.136357,0.836652
Ni_num,M7_Stage5_AdvancedRatios,Ridge,RAW,12,0.289675,1.975211,1.385356
Ni_num,M7_Stage5_AdvancedRatios,Ridge,RAW,13,-0.584723,3.276017,2.341578
Ni_num,M7_Stage5_AdvancedRatios,Ridge,RAW,14,-0.85968,2.941456,2.212146
Ni_num,M7_Stage5_AdvancedRatios,Ridge,RAW,15,-0.253272,0.686548,0.584635
Ni_num,M7_Stage5_AdvancedRatios,Ridge,RAW,16,-0.218755,2.626108,1.559092
Ni_num,M7_Stage5_AdvancedRatios,Ridge,RAW,17,0.109238,1.156879,1.034848
Ni_num,M7_Stage5_AdvancedRatios,Ridge,RAW,18,0.708164,0.736264,0.565782
Ni_num,M7_Stage5_AdvancedRatios,Ridge,RAW,19,-1.323589,1.609146,1.222635
Ni_num,M7_Stage5_AdvancedRatios,Ridge,RAW,20,-0.038447,2.928721,2.331063
Ni_num,M7_Stage5_AdvancedRatios,Ridge,RAW,21,0.10386,0.650712,0.521924
Ni_num,M7_Stage5_AdvancedRatios,Ridge,RAW,22,0.13372,2.040613,1.390544
Ni_num,M7_Stage5_AdvancedRatios,Ridge,RAW,23,0.670888,0.756162,0.632728
Ni_num,M7_Stage5_AdvancedRatios,Ridge,RAW,24,-0.487407,3.116979,2.400486
Ni_num,M7_Stage5_AdvancedRatios,Ridge,RAW,25,-0.549337,2.658686,1.652223
Ni_num,M7_Stage5_AdvancedRatios,Lasso,LOG1P,1,0.489169,0.701593,0.618415
Ni_num,M7_Stage5_AdvancedRatios,Lasso,LOG1P,2,0.57117,0.830873,0.720196
Ni_num,M7_Stage5_AdvancedRatios,Lasso,LOG1P,3,-0.097554,2.369241,1.25619
Ni_num,M7_Stage5_AdvancedRatios,Lasso,LOG1P,4,-0.253368,3.059847,2.100444
Ni_num,M7_Stage5_AdvancedRatios,Lasso,LOG1P,5,0.75734,0.618705,0.552577
Ni_num,M7_Stage5_AdvancedRatios,Lasso,LOG1P,6,0.52374,0.794196,0.784771
Ni_num,M7_Stage5_AdvancedRatios,Lasso,LOG1P,7,0.221652,2.047024,1.452231
Ni_num,M7_Stage5_AdvancedRatios,Lasso,LOG1P,8,0.05381,2.266544,1.200416
Ni_num,M7_Stage5_AdvancedRatios,Lasso,LOG1P,9,-5.434968,0.58726,0.560186
Ni_num,M7_Stage5_AdvancedRatios,Lasso,LOG1P,10,-0.463365,2.502456,1.424148
Ni_num,M7_Stage5_AdvancedRatios,Lasso,LOG1P,11,0.49426,0.635827,0.537782
Ni_num,M7_Stage5_AdvancedRatios,Lasso,LOG1P,12,0.303887,1.955352,1.314829
Ni_num,M7_Stage5_AdvancedRatios,Lasso,LOG1P,13,0.252578,2.249844,1.289979
Ni_num,M7_Stage5_AdvancedRatios,Lasso,LOG1P,14,-0.300096,2.459409,1.378626
Ni_num,M7_Stage5_AdvancedRatios,Lasso,LOG1P,15,-0.121767,0.64953,0.561083
Ni_num,M7_Stage5_AdvancedRatios,Lasso,LOG1P,16,-0.009462,2.390008,1.275448
Ni_num,M7_Stage5_AdvancedRatios,Lasso,LOG1P,17,0.754541,0.607291,0.524491
Ni_num,M7_Stage5_AdvancedRatios,Lasso,LOG1P,18,0.681473,0.769197,0.675682
Ni_num,M7_Stage5_AdvancedRatios,Lasso,LOG1P,19,0.364982,0.841218,0.691375
Ni_num,M7_Stage5_AdvancedRatios,Lasso,LOG1P,20,0.017218,2.849144,1.796108
Ni_num,M7_Stage5_AdvancedRatios,Lasso,LOG1P,21,0.17796,0.623229,0.540423
Ni_num,M7_Stage5_AdvancedRatios,Lasso,LOG1P,22,0.288748,1.849026,1.197677
Ni_num,M7_Stage5_AdvancedRatios,Lasso,LOG1P,23,0.667286,0.760288,0.630466
Ni_num,M7_Stage5_AdvancedRatios,Lasso,LOG1P,24,0.152549,2.352752,1.422064
Ni_num,M7_Stage5_AdvancedRatios,Lasso,LOG1P,25,-0.221514,2.360714,1.145736
Ni_num,M7_Stage5_AdvancedRatios,Lasso,RAW,1,-1.976536,1.693568,1.266469
Ni_num,M7_Stage5_AdvancedRatios,Lasso,RAW,2,0.157378,1.164684,0.967369
Ni_num,M7_Stage5_AdvancedRatios,Lasso,RAW,3,-0.468878,2.740874,1.875744
Ni_num,M7_Stage5_AdvancedRatios,Lasso,RAW,4,-0.017467,2.756896,1.855412
Ni_num,M7_Stage5_AdvancedRatios,Lasso,RAW,5,0.628495,0.765538,0.665582
Ni_num,M7_Stage5_AdvancedRatios,Lasso,RAW,6,-0.533751,1.425223,1.098933
Ni_num,M7_Stage5_AdvancedRatios,Lasso,RAW,7,0.174614,2.107971,1.540702
Ni_num,M7_Stage5_AdvancedRatios,Lasso,RAW,8,0.201669,2.081931,1.130015
Ni_num,M7_Stage5_AdvancedRatios,Lasso,RAW,9,-11.110216,0.805625,0.747873
Ni_num,M7_Stage5_AdvancedRatios,Lasso,RAW,10,-0.554379,2.579103,1.643323
Ni_num,M7_Stage5_AdvancedRatios,Lasso,RAW,11,-0.128034,0.949591,0.773327
Ni_num,M7_Stage5_AdvancedRatios,Lasso,RAW,12,0.349471,1.890246,1.322167
Ni_num,M7_Stage5_AdvancedRatios,Lasso,RAW,13,-0.161869,2.805098,2.017452
Ni_num,M7_Stage5_AdvancedRatios,Lasso,RAW,14,-0.496904,2.639005,1.848712
Ni_num,M7_Stage5_AdvancedRatios,Lasso,RAW,15,-0.514609,0.754742,0.624371
Ni_num,M7_Stage5_AdvancedRatios,Lasso,RAW,16,-0.069827,2.46043,1.35752
Ni_num,M7_Stage5_AdvancedRatios,Lasso,RAW,17,0.473023,0.889822,0.77599
Ni_num,M7_Stage5_AdvancedRatios,Lasso,RAW,18,0.669032,0.784075,0.627886
Ni_num,M7_Stage5_AdvancedRatios,Lasso,RAW,19,-0.249443,1.179978,0.931033
Ni_num,M7_Stage5_AdvancedRatios,Lasso,RAW,20,-0.002878,2.878127,2.187999
Ni_num,M7_Stage5_AdvancedRatios,Lasso,RAW,21,0.066363,0.664186,0.517029
Ni_num,M7_Stage5_AdvancedRatios,Lasso,RAW,22,0.206167,1.953422,1.364616
Ni_num,M7_Stage5_AdvancedRatios,Lasso,RAW,23,0.647093,0.78302,0.669258
Ni_num,M7_Stage5_AdvancedRatios,Lasso,RAW,24,0.178388,2.316607,1.727808
Ni_num,M7_Stage5_AdvancedRatios,Lasso,RAW,25,-0.348962,2.480812,1.439767
Ni_num,M7_Stage5_AdvancedRatios,HuberRegressor,LOG1P,1,-0.989977,1.384749,0.858621
Ni_num,M7_Stage5_AdvancedRatios,HuberRegressor,LOG1P,2,0.333568,1.035785,0.857121
Ni_num,M7_Stage5_AdvancedRatios,HuberRegressor,LOG1P,3,-0.349825,2.627454,1.499287
Ni_num,M7_Stage5_AdvancedRatios,HuberRegressor,LOG1P,4,0.028101,2.694454,1.788604
Ni_num,M7_Stage5_AdvancedRatios,HuberRegressor,LOG1P,5,0.891824,0.413094,0.348152
Ni_num,M7_Stage5_AdvancedRatios,HuberRegressor,LOG1P,6,0.21388,1.020352,0.733268
Ni_num,M7_Stage5_AdvancedRatios,HuberRegressor,LOG1P,7,0.25196,2.006775,1.341114
Ni_num,M7_Stage5_AdvancedRatios,HuberRegressor,LOG1P,8,0.076123,2.239659,1.252663
Ni_num,M7_Stage5_AdvancedRatios,HuberRegressor,LOG1P,9,-28.215228,1.251301,0.600604
Ni_num,M7_Stage5_AdvancedRatios,HuberRegressor,LOG1P,10,-0.664271,2.668715,1.499427
Ni_num,M7_Stage5_AdvancedRatios,HuberRegressor,LOG1P,11,0.290116,0.753302,0.547704
Ni_num,M7_Stage5_AdvancedRatios,HuberRegressor,LOG1P,12,0.444328,1.747005,1.044843
Ni_num,M7_Stage5_AdvancedRatios,HuberRegressor,LOG1P,13,-0.61526,3.307431,2.224904
Ni_num,M7_Stage5_AdvancedRatios,HuberRegressor,LOG1P,14,-0.513729,2.653795,1.503406
Ni_num,M7_Stage5_AdvancedRatios,HuberRegressor,LOG1P,15,-1.094246,0.887487,0.678522
Ni_num,M7_Stage5_AdvancedRatios,HuberRegressor,LOG1P,16,-0.123181,2.521036,1.182247
Ni_num,M7_Stage5_AdvancedRatios,HuberRegressor,LOG1P,17,0.726478,0.641066,0.538102
Ni_num,M7_Stage5_AdvancedRatios,HuberRegressor,LOG1P,18,0.893039,0.445735,0.395772
Ni_num,M7_Stage5_AdvancedRatios,HuberRegressor,LOG1P,19,-0.731393,1.389036,0.977174
Ni_num,M7_Stage5_AdvancedRatios,HuberRegressor,LOG1P,20,0.068729,2.773473,1.911011
Ni_num,M7_Stage5_AdvancedRatios,HuberRegressor,LOG1P,21,-0.11927,0.727224,0.609244
Ni_num,M7_Stage5_AdvancedRatios,HuberRegressor,LOG1P,22,0.3619,1.751361,1.073117
Ni_num,M7_Stage5_AdvancedRatios,HuberRegressor,LOG1P,23,0.686435,0.738086,0.474931
Ni_num,M7_Stage5_AdvancedRatios,HuberRegressor,LOG1P,24,-0.328681,2.945976,2.168198
Ni_num,M7_Stage5_AdvancedRatios,HuberRegressor,LOG1P,25,-0.344943,2.477114,1.077017
Ni_num,M7_Stage5_AdvancedRatios,HuberRegressor,RAW,1,0.173016,0.892679,0.675962
Ni_num,M7_Stage5_AdvancedRatios,HuberRegressor,RAW,2,0.127081,1.185438,0.923854
Ni_num,M7_Stage5_AdvancedRatios,HuberRegressor,RAW,3,-0.455422,2.728291,1.58267
Ni_num,M7_Stage5_AdvancedRatios,HuberRegressor,RAW,4,0.04792,2.666841,1.745466
Ni_num,M7_Stage5_AdvancedRatios,HuberRegressor,RAW,5,0.888571,0.41926,0.347903
Ni_num,M7_Stage5_AdvancedRatios,HuberRegressor,RAW,6,0.616362,0.712798,0.566109
Ni_num,M7_Stage5_AdvancedRatios,HuberRegressor,RAW,7,0.246037,2.014704,1.448075
Ni_num,M7_Stage5_AdvancedRatios,HuberRegressor,RAW,8,0.232259,2.041655,1.117171
Ni_num,M7_Stage5_AdvancedRatios,HuberRegressor,RAW,9,-19.366747,1.044763,0.561823
Ni_num,M7_Stage5_AdvancedRatios,HuberRegressor,RAW,10,-0.889535,2.843594,1.731988
Ni_num,M7_Stage5_AdvancedRatios,HuberRegressor,RAW,11,0.635759,0.539597,0.4452
Ni_num,M7_Stage5_AdvancedRatios,HuberRegressor,RAW,12,0.442481,1.749907,1.004523
Ni_num,M7_Stage5_AdvancedRatios,HuberRegressor,RAW,13,-0.072007,2.694438,1.810803
Ni_num,M7_Stage5_AdvancedRatios,HuberRegressor,RAW,14,-0.622657,2.74762,1.533093
Ni_num,M7_Stage5_AdvancedRatios,HuberRegressor,RAW,15,-1.019516,0.871509,0.707996
Ni_num,M7_Stage5_AdvancedRatios,HuberRegressor,RAW,16,-0.121664,2.519334,1.167204
Ni_num,M7_Stage5_AdvancedRatios,HuberRegressor,RAW,17,0.762057,0.597921,0.443545
Ni_num,M7_Stage5_AdvancedRatios,HuberRegressor,RAW,18,0.834086,0.555144,0.500522
Ni_num,M7_Stage5_AdvancedRatios,HuberRegressor,RAW,19,-0.479155,1.283874,0.886987
Ni_num,M7_Stage5_AdvancedRatios,HuberRegressor,RAW,20,0.13366,2.675039,1.742241
Ni_num,M7_Stage5_AdvancedRatios,HuberRegressor,RAW,21,0.132321,0.640295,0.581281
Ni_num,M7_Stage5_AdvancedRatios,HuberRegressor,RAW,22,0.334395,1.788709,1.103906
Ni_num,M7_Stage5_AdvancedRatios,HuberRegressor,RAW,23,0.708849,0.711217,0.413051
Ni_num,M7_Stage5_AdvancedRatios,HuberRegressor,RAW,24,0.036734,2.508373,1.752179
Ni_num,M7_Stage5_AdvancedRatios,HuberRegressor,RAW,25,-0.401913,2.529034,1.176766
Ni_num,M7_Stage5_AdvancedRatios,SVR_RBF,LOG1P,1,0.337816,0.798797,0.700393
Ni_num,M7_Stage5_AdvancedRatios,SVR_RBF,LOG1P,2,0.532283,0.867727,0.695984
Ni_num,M7_Stage5_AdvancedRatios,SVR_RBF,LOG1P,3,-0.107836,2.380313,1.253783
Ni_num,M7_Stage5_AdvancedRatios,SVR_RBF,LOG1P,4,0.058454,2.652046,1.674437
Ni_num,M7_Stage5_AdvancedRatios,SVR_RBF,LOG1P,5,0.811754,0.544939,0.459394
Ni_num,M7_Stage5_AdvancedRatios,SVR_RBF,LOG1P,6,0.506116,0.808757,0.737677
Ni_num,M7_Stage5_AdvancedRatios,SVR_RBF,LOG1P,7,0.074562,2.232081,1.620372
Ni_num,M7_Stage5_AdvancedRatios,SVR_RBF,LOG1P,8,-0.037314,2.373176,1.193882
Ni_num,M7_Stage5_AdvancedRatios,SVR_RBF,LOG1P,9,-2.831819,0.453168,0.375244
Ni_num,M7_Stage5_AdvancedRatios,SVR_RBF,LOG1P,10,-0.518598,2.549245,1.673585
Ni_num,M7_Stage5_AdvancedRatios,SVR_RBF,LOG1P,11,0.799714,0.400129,0.346536
Ni_num,M7_Stage5_AdvancedRatios,SVR_RBF,LOG1P,12,0.496935,1.662253,1.050725
Ni_num,M7_Stage5_AdvancedRatios,SVR_RBF,LOG1P,13,0.232912,2.279251,1.399956
Ni_num,M7_Stage5_AdvancedRatios,SVR_RBF,LOG1P,14,-0.477565,2.621902,1.874624
Ni_num,M7_Stage5_AdvancedRatios,SVR_RBF,LOG1P,15,-0.400197,0.725676,0.643546
Ni_num,M7_Stage5_AdvancedRatios,SVR_RBF,LOG1P,16,-0.016235,2.398012,1.157366
Ni_num,M7_Stage5_AdvancedRatios,SVR_RBF,LOG1P,17,0.788407,0.563843,0.479921
Ni_num,M7_Stage5_AdvancedRatios,SVR_RBF,LOG1P,18,0.657241,0.797919,0.669567
Ni_num,M7_Stage5_AdvancedRatios,SVR_RBF,LOG1P,19,0.343782,0.855145,0.686217
Ni_num,M7_Stage5_AdvancedRatios,SVR_RBF,LOG1P,20,-0.049626,2.944443,1.944345
Ni_num,M7_Stage5_AdvancedRatios,SVR_RBF,LOG1P,21,0.039907,0.673531,0.609732
Ni_num,M7_Stage5_AdvancedRatios,SVR_RBF,LOG1P,22,0.404718,1.69158,0.962447
Ni_num,M7_Stage5_AdvancedRatios,SVR_RBF,LOG1P,23,0.590261,0.843717,0.613491
Ni_num,M7_Stage5_AdvancedRatios,SVR_RBF,LOG1P,24,0.192908,2.296046,1.425132
Ni_num,M7_Stage5_AdvancedRatios,SVR_RBF,LOG1P,25,-0.246372,2.384613,1.199124
Ni_num,M7_Stage5_AdvancedRatios,SVR_RBF,RAW,1,0.196593,0.879863,0.77886
Ni_num,M7_Stage5_AdvancedRatios,SVR_RBF,RAW,2,0.46383,0.929059,0.73351
Ni_num,M7_Stage5_AdvancedRatios,SVR_RBF,RAW,3,-0.133718,2.407958,1.30785
Ni_num,M7_Stage5_AdvancedRatios,SVR_RBF,RAW,4,-0.011374,2.74863,1.806633
Ni_num,M7_Stage5_AdvancedRatios,SVR_RBF,RAW,5,0.874011,0.445812,0.400653
Ni_num,M7_Stage5_AdvancedRatios,SVR_RBF,RAW,6,0.63928,0.691179,0.6635
Ni_num,M7_Stage5_AdvancedRatios,SVR_RBF,RAW,7,0.157033,2.130304,1.544962
Ni_num,M7_Stage5_AdvancedRatios,SVR_RBF,RAW,8,-0.004167,2.334952,1.282511
Ni_num,M7_Stage5_AdvancedRatios,SVR_RBF,RAW,9,-3.940905,0.514589,0.358463
Ni_num,M7_Stage5_AdvancedRatios,SVR_RBF,RAW,10,-0.522527,2.55254,1.534458
Ni_num,M7_Stage5_AdvancedRatios,SVR_RBF,RAW,11,0.733628,0.461445,0.391256
Ni_num,M7_Stage5_AdvancedRatios,SVR_RBF,RAW,12,0.363998,1.869021,1.137239
Ni_num,M7_Stage5_AdvancedRatios,SVR_RBF,RAW,13,0.305123,2.16932,1.455199
Ni_num,M7_Stage5_AdvancedRatios,SVR_RBF,RAW,14,-0.353086,2.50903,1.613031
Ni_num,M7_Stage5_AdvancedRatios,SVR_RBF,RAW,15,0.086836,0.586033,0.539969
Ni_num,M7_Stage5_AdvancedRatios,SVR_RBF,RAW,16,-0.048415,2.435684,1.136408
Ni_num,M7_Stage5_AdvancedRatios,SVR_RBF,RAW,17,0.719186,0.649556,0.563901
Ni_num,M7_Stage5_AdvancedRatios,SVR_RBF,RAW,18,0.674898,0.777095,0.659248
Ni_num,M7_Stage5_AdvancedRatios,SVR_RBF,RAW,19,0.251414,0.913349,0.715004
Ni_num,M7_Stage5_AdvancedRatios,SVR_RBF,RAW,20,-0.001666,2.876388,1.893265
Ni_num,M7_Stage5_AdvancedRatios,SVR_RBF,RAW,21,0.013543,0.682716,0.605159
Ni_num,M7_Stage5_AdvancedRatios,SVR_RBF,RAW,22,0.276097,1.865399,1.137131
Ni_num,M7_Stage5_AdvancedRatios,SVR_RBF,RAW,23,0.467019,0.962274,0.73054
Ni_num,M7_Stage5_AdvancedRatios,SVR_RBF,RAW,24,0.215123,2.264226,1.450785
Ni_num,M7_Stage5_AdvancedRatios,SVR_RBF,RAW,25,-0.228845,2.367786,1.083801
Ni_num,M8_Stage5_PlausibleInteractions,Ridge,LOG1P,1,-13.825394,3.779637,1.908367
Ni_num,M8_Stage5_PlausibleInteractions,Ridge,LOG1P,2,0.053769,1.234214,1.07183
Ni_num,M8_Stage5_PlausibleInteractions,Ridge,LOG1P,3,-0.820006,3.050933,2.263869
Ni_num,M8_Stage5_PlausibleInteractions,Ridge,LOG1P,4,-0.0075,2.74336,1.985905
Ni_num,M8_Stage5_PlausibleInteractions,Ridge,LOG1P,5,0.738409,0.642386,0.566323
Ni_num,M8_Stage5_PlausibleInteractions,Ridge,LOG1P,6,-7.874062,3.428205,1.859129
Ni_num,M8_Stage5_PlausibleInteractions,Ridge,LOG1P,7,0.022679,2.293796,1.845777
Ni_num,M8_Stage5_PlausibleInteractions,Ridge,LOG1P,8,0.128888,2.174763,1.425402
Ni_num,M8_Stage5_PlausibleInteractions,Ridge,LOG1P,9,-10.794664,0.79506,0.581018
Ni_num,M8_Stage5_PlausibleInteractions,Ridge,LOG1P,10,-0.620869,2.633686,1.579522
Ni_num,M8_Stage5_PlausibleInteractions,Ridge,LOG1P,11,-0.222901,0.988715,0.819087
Ni_num,M8_Stage5_PlausibleInteractions,Ridge,LOG1P,12,0.361739,1.872337,1.26977
Ni_num,M8_Stage5_PlausibleInteractions,Ridge,LOG1P,13,-2.745447,5.036413,3.386416
Ni_num,M8_Stage5_PlausibleInteractions,Ridge,LOG1P,14,-1.013358,3.060579,2.332105
Ni_num,M8_Stage5_PlausibleInteractions,Ridge,LOG1P,15,-0.862697,0.836988,0.711036
Ni_num,M8_Stage5_PlausibleInteractions,Ridge,LOG1P,16,-0.145628,2.546104,1.361046
Ni_num,M8_Stage5_PlausibleInteractions,Ridge,LOG1P,17,0.196975,1.098429,0.978192
Ni_num,M8_Stage5_PlausibleInteractions,Ridge,LOG1P,18,0.635875,0.822413,0.67912
Ni_num,M8_Stage5_PlausibleInteractions,Ridge,LOG1P,19,-0.30445,1.205673,0.948898
Ni_num,M8_Stage5_PlausibleInteractions,Ridge,LOG1P,20,-0.459948,3.472599,2.480936
Ni_num,M8_Stage5_PlausibleInteractions,Ridge,LOG1P,21,-0.174204,0.744857,0.629476
Ni_num,M8_Stage5_PlausibleInteractions,Ridge,LOG1P,22,0.165121,2.003287,1.453873
Ni_num,M8_Stage5_PlausibleInteractions,Ridge,LOG1P,23,0.689648,0.734294,0.509369
Ni_num,M8_Stage5_PlausibleInteractions,Ridge,LOG1P,24,-1.090758,3.69548,2.922674
Ni_num,M8_Stage5_PlausibleInteractions,Ridge,LOG1P,25,-0.459162,2.580155,1.561077
Ni_num,M8_Stage5_PlausibleInteractions,Ridge,RAW,1,-4.181963,2.234571,1.492094
Ni_num,M8_Stage5_PlausibleInteractions,Ridge,RAW,2,-0.320668,1.458105,1.262702
Ni_num,M8_Stage5_PlausibleInteractions,Ridge,RAW,3,-1.203397,3.356933,2.570012
Ni_num,M8_Stage5_PlausibleInteractions,Ridge,RAW,4,0.003932,2.727752,1.980458
Ni_num,M8_Stage5_PlausibleInteractions,Ridge,RAW,5,0.590967,0.803274,0.69092
Ni_num,M8_Stage5_PlausibleInteractions,Ridge,RAW,6,-2.548011,2.167694,1.461852
Ni_num,M8_Stage5_PlausibleInteractions,Ridge,RAW,7,-0.132656,2.469364,2.046734
Ni_num,M8_Stage5_PlausibleInteractions,Ridge,RAW,8,0.183427,2.105584,1.337388
Ni_num,M8_Stage5_PlausibleInteractions,Ridge,RAW,9,-28.675584,1.261121,0.980955
Ni_num,M8_Stage5_PlausibleInteractions,Ridge,RAW,10,-0.671089,2.674176,1.699233
Ni_num,M8_Stage5_PlausibleInteractions,Ridge,RAW,11,-0.962148,1.252395,1.056296
Ni_num,M8_Stage5_PlausibleInteractions,Ridge,RAW,12,0.374377,1.853708,1.290117
Ni_num,M8_Stage5_PlausibleInteractions,Ridge,RAW,13,-0.401476,3.080791,2.452834
Ni_num,M8_Stage5_PlausibleInteractions,Ridge,RAW,14,-0.981112,3.035972,2.373278
Ni_num,M8_Stage5_PlausibleInteractions,Ridge,RAW,15,-1.087757,0.886111,0.762601
Ni_num,M8_Stage5_PlausibleInteractions,Ridge,RAW,16,-0.202634,2.608682,1.623363
Ni_num,M8_Stage5_PlausibleInteractions,Ridge,RAW,17,-0.197815,1.341535,1.170326
Ni_num,M8_Stage5_PlausibleInteractions,Ridge,RAW,18,0.285303,1.152194,0.878453
Ni_num,M8_Stage5_PlausibleInteractions,Ridge,RAW,19,-0.769663,1.404304,1.141235
Ni_num,M8_Stage5_PlausibleInteractions,Ridge,RAW,20,-0.020738,2.903642,2.203526
Ni_num,M8_Stage5_PlausibleInteractions,Ridge,RAW,21,-0.658763,0.885305,0.679002
Ni_num,M8_Stage5_PlausibleInteractions,Ridge,RAW,22,0.082267,2.10034,1.515164
Ni_num,M8_Stage5_PlausibleInteractions,Ridge,RAW,23,0.564667,0.869668,0.72853
Ni_num,M8_Stage5_PlausibleInteractions,Ridge,RAW,24,-0.356377,2.976522,2.460899
Ni_num,M8_Stage5_PlausibleInteractions,Ridge,RAW,25,-0.579042,2.684051,1.844217
Ni_num,M8_Stage5_PlausibleInteractions,Lasso,LOG1P,1,-0.991616,1.385319,0.92573
Ni_num,M8_Stage5_PlausibleInteractions,Lasso,LOG1P,2,0.566014,0.835852,0.727951
Ni_num,M8_Stage5_PlausibleInteractions,Lasso,LOG1P,3,-0.108562,2.381093,1.266434
Ni_num,M8_Stage5_PlausibleInteractions,Lasso,LOG1P,4,-0.251215,3.057217,2.098838
Ni_num,M8_Stage5_PlausibleInteractions,Lasso,LOG1P,5,0.716107,0.669209,0.592015
Ni_num,M8_Stage5_PlausibleInteractions,Lasso,LOG1P,6,0.32928,0.942489,0.891514
Ni_num,M8_Stage5_PlausibleInteractions,Lasso,LOG1P,7,0.221655,2.047021,1.492043
Ni_num,M8_Stage5_PlausibleInteractions,Lasso,LOG1P,8,0.05381,2.266544,1.200416
Ni_num,M8_Stage5_PlausibleInteractions,Lasso,LOG1P,9,-5.854679,0.606109,0.574505
Ni_num,M8_Stage5_PlausibleInteractions,Lasso,LOG1P,10,-0.472043,2.509866,1.427018
Ni_num,M8_Stage5_PlausibleInteractions,Lasso,LOG1P,11,0.484921,0.641671,0.543707
Ni_num,M8_Stage5_PlausibleInteractions,Lasso,LOG1P,12,0.319786,1.932893,1.342536
Ni_num,M8_Stage5_PlausibleInteractions,Lasso,LOG1P,13,0.250719,2.25264,1.292765
Ni_num,M8_Stage5_PlausibleInteractions,Lasso,LOG1P,14,-0.303814,2.462924,1.397122
Ni_num,M8_Stage5_PlausibleInteractions,Lasso,LOG1P,15,-0.296375,0.698254,0.596513
Ni_num,M8_Stage5_PlausibleInteractions,Lasso,LOG1P,16,-0.016689,2.398547,1.292023
Ni_num,M8_Stage5_PlausibleInteractions,Lasso,LOG1P,17,0.748871,0.614264,0.533117
Ni_num,M8_Stage5_PlausibleInteractions,Lasso,LOG1P,18,0.672311,0.780181,0.699768
Ni_num,M8_Stage5_PlausibleInteractions,Lasso,LOG1P,19,0.3618,0.843323,0.694304
Ni_num,M8_Stage5_PlausibleInteractions,Lasso,LOG1P,20,0.028646,2.83253,1.881681
Ni_num,M8_Stage5_PlausibleInteractions,Lasso,LOG1P,21,0.177134,0.623542,0.540969
Ni_num,M8_Stage5_PlausibleInteractions,Lasso,LOG1P,22,0.328264,1.796928,1.275888
Ni_num,M8_Stage5_PlausibleInteractions,Lasso,LOG1P,23,0.666554,0.761125,0.637882
Ni_num,M8_Stage5_PlausibleInteractions,Lasso,LOG1P,24,0.152549,2.352752,1.422064
Ni_num,M8_Stage5_PlausibleInteractions,Lasso,LOG1P,25,-0.230717,2.369589,1.17017
Ni_num,M8_Stage5_PlausibleInteractions,Lasso,RAW,1,-2.304269,1.784369,1.320856
Ni_num,M8_Stage5_PlausibleInteractions,Lasso,RAW,2,0.156816,1.165073,0.967894
Ni_num,M8_Stage5_PlausibleInteractions,Lasso,RAW,3,-0.509088,2.778136,1.917107
Ni_num,M8_Stage5_PlausibleInteractions,Lasso,RAW,4,-0.015067,2.753643,1.889227
Ni_num,M8_Stage5_PlausibleInteractions,Lasso,RAW,5,0.641507,0.752012,0.65101
Ni_num,M8_Stage5_PlausibleInteractions,Lasso,RAW,6,-0.991537,1.624051,1.18022
Ni_num,M8_Stage5_PlausibleInteractions,Lasso,RAW,7,0.09964,2.201629,1.696267
Ni_num,M8_Stage5_PlausibleInteractions,Lasso,RAW,8,0.215349,2.064016,1.119371
Ni_num,M8_Stage5_PlausibleInteractions,Lasso,RAW,9,-11.914791,0.831957,0.767559
Ni_num,M8_Stage5_PlausibleInteractions,Lasso,RAW,10,-0.573176,2.59465,1.661343
Ni_num,M8_Stage5_PlausibleInteractions,Lasso,RAW,11,-0.115896,0.944468,0.771297
Ni_num,M8_Stage5_PlausibleInteractions,Lasso,RAW,12,0.396015,1.821369,1.288067
Ni_num,M8_Stage5_PlausibleInteractions,Lasso,RAW,13,0.291302,2.190787,1.536423
Ni_num,M8_Stage5_PlausibleInteractions,Lasso,RAW,14,-0.526723,2.66516,1.883159
Ni_num,M8_Stage5_PlausibleInteractions,Lasso,RAW,15,-0.51578,0.755033,0.62448
Ni_num,M8_Stage5_PlausibleInteractions,Lasso,RAW,16,-0.069777,2.460372,1.3838
Ni_num,M8_Stage5_PlausibleInteractions,Lasso,RAW,17,0.472708,0.890088,0.775083
Ni_num,M8_Stage5_PlausibleInteractions,Lasso,RAW,18,0.68701,0.762482,0.612761
Ni_num,M8_Stage5_PlausibleInteractions,Lasso,RAW,19,-0.249932,1.180209,0.930753
Ni_num,M8_Stage5_PlausibleInteractions,Lasso,RAW,20,0.13637,2.670852,1.932389
Ni_num,M8_Stage5_PlausibleInteractions,Lasso,RAW,21,0.06393,0.665051,0.51796
Ni_num,M8_Stage5_PlausibleInteractions,Lasso,RAW,22,0.199108,1.962088,1.426839
Ni_num,M8_Stage5_PlausibleInteractions,Lasso,RAW,23,0.640522,0.790276,0.684562
Ni_num,M8_Stage5_PlausibleInteractions,Lasso,RAW,24,0.189217,2.301289,1.837296
Ni_num,M8_Stage5_PlausibleInteractions,Lasso,RAW,25,-0.35826,2.489347,1.455925
Ni_num,M8_Stage5_PlausibleInteractions,HuberRegressor,LOG1P,1,-8.014928,2.947326,1.403187
Ni_num,M8_Stage5_PlausibleInteractions,HuberRegressor,LOG1P,2,0.228858,1.114189,0.89085
Ni_num,M8_Stage5_PlausibleInteractions,HuberRegressor,LOG1P,3,-0.883826,3.103964,2.151531
Ni_num,M8_Stage5_PlausibleInteractions,HuberRegressor,LOG1P,4,0.009992,2.719441,1.896224
Ni_num,M8_Stage5_PlausibleInteractions,HuberRegressor,LOG1P,5,0.862018,0.466548,0.381556
Ni_num,M8_Stage5_PlausibleInteractions,HuberRegressor,LOG1P,6,-4.848803,2.783165,1.550593
Ni_num,M8_Stage5_PlausibleInteractions,HuberRegressor,LOG1P,7,0.204792,2.069077,1.580702
Ni_num,M8_Stage5_PlausibleInteractions,HuberRegressor,LOG1P,8,-0.041709,2.378199,1.429004
Ni_num,M8_Stage5_PlausibleInteractions,HuberRegressor,LOG1P,9,-3.472056,0.489565,0.416232
Ni_num,M8_Stage5_PlausibleInteractions,HuberRegressor,LOG1P,10,-0.657783,2.663508,1.505598
Ni_num,M8_Stage5_PlausibleInteractions,HuberRegressor,LOG1P,11,0.00201,0.893179,0.646097
Ni_num,M8_Stage5_PlausibleInteractions,HuberRegressor,LOG1P,12,0.491204,1.671694,1.05233
Ni_num,M8_Stage5_PlausibleInteractions,HuberRegressor,LOG1P,13,-3.511276,5.527378,3.35659
Ni_num,M8_Stage5_PlausibleInteractions,HuberRegressor,LOG1P,14,-1.029386,3.072738,2.390074
Ni_num,M8_Stage5_PlausibleInteractions,HuberRegressor,LOG1P,15,-1.220408,0.913828,0.764013
Ni_num,M8_Stage5_PlausibleInteractions,HuberRegressor,LOG1P,16,-0.157297,2.559038,1.217868
Ni_num,M8_Stage5_PlausibleInteractions,HuberRegressor,LOG1P,17,-0.026483,1.24189,1.09736
Ni_num,M8_Stage5_PlausibleInteractions,HuberRegressor,LOG1P,18,0.504371,0.959495,0.728374
Ni_num,M8_Stage5_PlausibleInteractions,HuberRegressor,LOG1P,19,0.123769,0.988155,0.77423
Ni_num,M8_Stage5_PlausibleInteractions,HuberRegressor,LOG1P,20,-0.224925,3.180832,2.287298
Ni_num,M8_Stage5_PlausibleInteractions,HuberRegressor,LOG1P,21,-0.472637,0.834159,0.737158
Ni_num,M8_Stage5_PlausibleInteractions,HuberRegressor,LOG1P,22,0.457009,1.615577,1.111447
Ni_num,M8_Stage5_PlausibleInteractions,HuberRegressor,LOG1P,23,0.459414,0.969115,0.655704
Ni_num,M8_Stage5_PlausibleInteractions,HuberRegressor,LOG1P,24,-0.862531,3.487953,2.677638
Ni_num,M8_Stage5_PlausibleInteractions,HuberRegressor,LOG1P,25,-0.499875,2.615902,1.476939
Ni_num,M8_Stage5_PlausibleInteractions,HuberRegressor,RAW,1,-1.296873,1.4877,0.907492
Ni_num,M8_Stage5_PlausibleInteractions,HuberRegressor,RAW,2,0.31094,1.053223,0.806745
Ni_num,M8_Stage5_PlausibleInteractions,HuberRegressor,RAW,3,-0.871338,3.093659,2.017529
Ni_num,M8_Stage5_PlausibleInteractions,HuberRegressor,RAW,4,0.038291,2.680292,1.887471
Ni_num,M8_Stage5_PlausibleInteractions,HuberRegressor,RAW,5,0.851012,0.484798,0.399026
Ni_num,M8_Stage5_PlausibleInteractions,HuberRegressor,RAW,6,-0.530039,1.423498,0.979626
Ni_num,M8_Stage5_PlausibleInteractions,HuberRegressor,RAW,7,0.2387,2.024483,1.580958
Ni_num,M8_Stage5_PlausibleInteractions,HuberRegressor,RAW,8,0.048252,2.273191,1.323016
Ni_num,M8_Stage5_PlausibleInteractions,HuberRegressor,RAW,9,-2.329723,0.422436,0.375018
Ni_num,M8_Stage5_PlausibleInteractions,HuberRegressor,RAW,10,-0.730805,2.721537,1.605349
Ni_num,M8_Stage5_PlausibleInteractions,HuberRegressor,RAW,11,0.090269,0.85277,0.68872
Ni_num,M8_Stage5_PlausibleInteractions,HuberRegressor,RAW,12,0.539209,1.590879,1.001909
Ni_num,M8_Stage5_PlausibleInteractions,HuberRegressor,RAW,13,-0.033914,2.646133,1.892475
Ni_num,M8_Stage5_PlausibleInteractions,HuberRegressor,RAW,14,-0.601079,2.729289,2.02266
Ni_num,M8_Stage5_PlausibleInteractions,HuberRegressor,RAW,15,-1.394949,0.949066,0.798102
Ni_num,M8_Stage5_PlausibleInteractions,HuberRegressor,RAW,16,-0.16284,2.565158,1.252118
Ni_num,M8_Stage5_PlausibleInteractions,HuberRegressor,RAW,17,0.265295,1.050663,0.956499
Ni_num,M8_Stage5_PlausibleInteractions,HuberRegressor,RAW,18,0.392528,1.062252,0.820907
Ni_num,M8_Stage5_PlausibleInteractions,HuberRegressor,RAW,19,0.252306,0.912804,0.692648
Ni_num,M8_Stage5_PlausibleInteractions,HuberRegressor,RAW,20,0.054814,2.794117,1.986128
Ni_num,M8_Stage5_PlausibleInteractions,HuberRegressor,RAW,21,-0.502746,0.842643,0.755873
Ni_num,M8_Stage5_PlausibleInteractions,HuberRegressor,RAW,22,0.48688,1.570511,1.065857
Ni_num,M8_Stage5_PlausibleInteractions,HuberRegressor,RAW,23,0.534966,0.898846,0.599997
Ni_num,M8_Stage5_PlausibleInteractions,HuberRegressor,RAW,24,0.00958,2.543481,1.937511
Ni_num,M8_Stage5_PlausibleInteractions,HuberRegressor,RAW,25,-0.568229,2.674845,1.55015
Ni_num,M8_Stage5_PlausibleInteractions,SVR_RBF,LOG1P,1,0.140547,0.910035,0.805871
Ni_num,M8_Stage5_PlausibleInteractions,SVR_RBF,LOG1P,2,0.319331,1.04679,0.832814
Ni_num,M8_Stage5_PlausibleInteractions,SVR_RBF,LOG1P,3,-0.16686,2.4429,1.330117
Ni_num,M8_Stage5_PlausibleInteractions,SVR_RBF,LOG1P,4,-0.019212,2.759259,1.817347
Ni_num,M8_Stage5_PlausibleInteractions,SVR_RBF,LOG1P,5,0.870407,0.452143,0.384449
Ni_num,M8_Stage5_PlausibleInteractions,SVR_RBF,LOG1P,6,0.428418,0.870051,0.813496
Ni_num,M8_Stage5_PlausibleInteractions,SVR_RBF,LOG1P,7,0.067895,2.240105,1.660363
Ni_num,M8_Stage5_PlausibleInteractions,SVR_RBF,LOG1P,8,-0.074371,2.415194,1.287729
Ni_num,M8_Stage5_PlausibleInteractions,SVR_RBF,LOG1P,9,-7.584392,0.678284,0.508627
Ni_num,M8_Stage5_PlausibleInteractions,SVR_RBF,LOG1P,10,-0.652786,2.659491,1.862897
Ni_num,M8_Stage5_PlausibleInteractions,SVR_RBF,LOG1P,11,0.796263,0.403562,0.321096
Ni_num,M8_Stage5_PlausibleInteractions,SVR_RBF,LOG1P,12,0.411947,1.797188,1.128949
Ni_num,M8_Stage5_PlausibleInteractions,SVR_RBF,LOG1P,13,0.160004,2.385108,1.579168
Ni_num,M8_Stage5_PlausibleInteractions,SVR_RBF,LOG1P,14,-0.564539,2.697965,1.971873
Ni_num,M8_Stage5_PlausibleInteractions,SVR_RBF,LOG1P,15,-0.26829,0.690649,0.581198
Ni_num,M8_Stage5_PlausibleInteractions,SVR_RBF,LOG1P,16,-0.033116,2.417846,1.191729
Ni_num,M8_Stage5_PlausibleInteractions,SVR_RBF,LOG1P,17,0.797459,0.55165,0.433786
Ni_num,M8_Stage5_PlausibleInteractions,SVR_RBF,LOG1P,18,0.627298,0.832042,0.666189
Ni_num,M8_Stage5_PlausibleInteractions,SVR_RBF,LOG1P,19,0.109616,0.996103,0.790399
Ni_num,M8_Stage5_PlausibleInteractions,SVR_RBF,LOG1P,20,0.036292,2.82136,1.955957
Ni_num,M8_Stage5_PlausibleInteractions,SVR_RBF,LOG1P,21,-0.186186,0.748647,0.648507
Ni_num,M8_Stage5_PlausibleInteractions,SVR_RBF,LOG1P,22,0.42986,1.655474,1.052532
Ni_num,M8_Stage5_PlausibleInteractions,SVR_RBF,LOG1P,23,0.424578,0.999853,0.695194
Ni_num,M8_Stage5_PlausibleInteractions,SVR_RBF,LOG1P,24,0.098082,2.427183,1.567768
Ni_num,M8_Stage5_PlausibleInteractions,SVR_RBF,LOG1P,25,-0.243786,2.382137,1.132459
Ni_num,M8_Stage5_PlausibleInteractions,SVR_RBF,RAW,1,0.038549,0.962522,0.838494
Ni_num,M8_Stage5_PlausibleInteractions,SVR_RBF,RAW,2,0.322923,1.044025,0.868253
Ni_num,M8_Stage5_PlausibleInteractions,SVR_RBF,RAW,3,-0.226198,2.504243,1.494222
Ni_num,M8_Stage5_PlausibleInteractions,SVR_RBF,RAW,4,-0.012612,2.750311,1.853985
Ni_num,M8_Stage5_PlausibleInteractions,SVR_RBF,RAW,5,0.858821,0.471921,0.425942
Ni_num,M8_Stage5_PlausibleInteractions,SVR_RBF,RAW,6,0.60963,0.719024,0.682692
Ni_num,M8_Stage5_PlausibleInteractions,SVR_RBF,RAW,7,0.215306,2.055353,1.537579
Ni_num,M8_Stage5_PlausibleInteractions,SVR_RBF,RAW,8,-0.070374,2.410698,1.394813
Ni_num,M8_Stage5_PlausibleInteractions,SVR_RBF,RAW,9,-8.428814,0.710863,0.510273
Ni_num,M8_Stage5_PlausibleInteractions,SVR_RBF,RAW,10,-0.604376,2.620253,1.675877
Ni_num,M8_Stage5_PlausibleInteractions,SVR_RBF,RAW,11,0.660896,0.520645,0.408633
Ni_num,M8_Stage5_PlausibleInteractions,SVR_RBF,RAW,12,0.429222,1.770593,1.086435
Ni_num,M8_Stage5_PlausibleInteractions,SVR_RBF,RAW,13,0.21916,2.299591,1.556675
Ni_num,M8_Stage5_PlausibleInteractions,SVR_RBF,RAW,14,-0.373162,2.527576,1.640893
Ni_num,M8_Stage5_PlausibleInteractions,SVR_RBF,RAW,15,-0.617464,0.779948,0.651689
Ni_num,M8_Stage5_PlausibleInteractions,SVR_RBF,RAW,16,-0.068835,2.459289,1.223776
Ni_num,M8_Stage5_PlausibleInteractions,SVR_RBF,RAW,17,0.67714,0.696489,0.61524
Ni_num,M8_Stage5_PlausibleInteractions,SVR_RBF,RAW,18,0.525619,0.938702,0.774134
Ni_num,M8_Stage5_PlausibleInteractions,SVR_RBF,RAW,19,0.007241,1.051811,0.807482
Ni_num,M8_Stage5_PlausibleInteractions,SVR_RBF,RAW,20,0.080368,2.756087,1.878866
Ni_num,M8_Stage5_PlausibleInteractions,SVR_RBF,RAW,21,-0.420232,0.819182,0.728203
Ni_num,M8_Stage5_PlausibleInteractions,SVR_RBF,RAW,22,0.386113,1.717812,1.137467
Ni_num,M8_Stage5_PlausibleInteractions,SVR_RBF,RAW,23,0.30556,1.098399,0.805419
Ni_num,M8_Stage5_PlausibleInteractions,SVR_RBF,RAW,24,0.094551,2.43193,1.60841
Ni_num,M8_Stage5_PlausibleInteractions,SVR_RBF,RAW,25,-0.267836,2.405057,1.196679
Pb_num,M1_Core,Ridge,LOG1P,1,-0.207779,0.303291,0.273518
Pb_num,M1_Core,Ridge,LOG1P,2,-0.122494,0.733985,0.538806
Pb_num,M1_Core,Ridge,LOG1P,3,0.175493,2.110671,1.174165
Pb_num,M1_Core,Ridge,LOG1P,4,0.229773,0.742917,0.487379
Pb_num,M1_Core,Ridge,LOG1P,5,0.09454,0.344058,0.283904
Pb_num,M1_Core,Ridge,LOG1P,6,0.78194,0.335485,0.299039
Pb_num,M1_Core,Ridge,LOG1P,7,-50.246965,2.521791,1.223035
Pb_num,M1_Core,Ridge,LOG1P,8,0.313974,0.713974,0.435321
Pb_num,M1_Core,Ridge,LOG1P,9,0.041569,2.271753,1.216971
Pb_num,M1_Core,Ridge,LOG1P,10,-0.771072,0.377571,0.321626
Pb_num,M1_Core,Ridge,LOG1P,11,-43.507243,2.47391,1.101482
Pb_num,M1_Core,Ridge,LOG1P,12,0.149923,0.727472,0.505316
Pb_num,M1_Core,Ridge,LOG1P,13,-0.01827,2.40635,1.374916
Pb_num,M1_Core,Ridge,LOG1P,14,-6.634079,0.265735,0.17568
Pb_num,M1_Core,Ridge,LOG1P,15,-0.320602,0.418612,0.368505
Pb_num,M1_Core,Ridge,LOG1P,16,0.210364,2.101271,1.144657
Pb_num,M1_Core,Ridge,LOG1P,17,-0.123071,0.328712,0.3079
Pb_num,M1_Core,Ridge,LOG1P,18,0.136117,0.336837,0.291575
Pb_num,M1_Core,Ridge,LOG1P,19,0.107864,0.905517,0.638803
Pb_num,M1_Core,Ridge,LOG1P,20,0.758269,0.365733,0.301186
Pb_num,M1_Core,Ridge,LOG1P,21,-0.563593,0.389544,0.346488
Pb_num,M1_Core,Ridge,LOG1P,22,0.198458,2.142936,0.998123
Pb_num,M1_Core,Ridge,LOG1P,23,0.2609,0.705404,0.44444
Pb_num,M1_Core,Ridge,LOG1P,24,0.535471,0.648847,0.400644
Pb_num,M1_Core,Ridge,LOG1P,25,-39.853993,2.144426,0.915434
Pb_num,M1_Core,Ridge,RAW,1,-5.008172,0.676453,0.505874
Pb_num,M1_Core,Ridge,RAW,2,-0.272151,0.781384,0.638025
Pb_num,M1_Core,Ridge,RAW,3,0.21981,2.053164,1.124418
Pb_num,M1_Core,Ridge,RAW,4,0.27713,0.719716,0.534835
Pb_num,M1_Core,Ridge,RAW,5,0.081294,0.346566,0.311509
Pb_num,M1_Core,Ridge,RAW,6,-0.083917,0.747969,0.616675
Pb_num,M1_Core,Ridge,RAW,7,-33.564316,2.071042,1.19694
Pb_num,M1_Core,Ridge,RAW,8,0.474411,0.624936,0.463863
Pb_num,M1_Core,Ridge,RAW,9,0.07967,2.226141,1.206358
Pb_num,M1_Core,Ridge,RAW,10,-3.752947,0.618533,0.478393
Pb_num,M1_Core,Ridge,RAW,11,-28.59825,2.017445,1.02992
Pb_num,M1_Core,Ridge,RAW,12,0.101327,0.747977,0.60268
Pb_num,M1_Core,Ridge,RAW,13,-0.007509,2.393601,1.40918
Pb_num,M1_Core,Ridge,RAW,14,-10.762649,0.329855,0.24766
Pb_num,M1_Core,Ridge,RAW,15,-0.991578,0.514072,0.481832
Pb_num,M1_Core,Ridge,RAW,16,0.292288,1.989284,1.074284
Pb_num,M1_Core,Ridge,RAW,17,-1.272836,0.467623,0.439264
Pb_num,M1_Core,Ridge,RAW,18,-0.091396,0.378602,0.333209
Pb_num,M1_Core,Ridge,RAW,19,0.316916,0.792352,0.650541
Pb_num,M1_Core,Ridge,RAW,20,-0.516855,0.916156,0.737998
Pb_num,M1_Core,Ridge,RAW,21,-2.484219,0.581496,0.526164
Pb_num,M1_Core,Ridge,RAW,22,0.213426,2.122834,1.041616
Pb_num,M1_Core,Ridge,RAW,23,0.37532,0.648508,0.47868
Pb_num,M1_Core,Ridge,RAW,24,0.231198,0.834725,0.609306
Pb_num,M1_Core,Ridge,RAW,25,-26.284361,1.752471,0.784126
Pb_num,M1_Core,Lasso,LOG1P,1,0.067114,0.266551,0.246392
Pb_num,M1_Core,Lasso,LOG1P,2,0.156586,0.636232,0.431475
Pb_num,M1_Core,Lasso,LOG1P,3,-0.096034,2.433524,1.185548
Pb_num,M1_Core,Lasso,LOG1P,4,0.164922,0.773561,0.519107
Pb_num,M1_Core,Lasso,LOG1P,5,-0.022244,0.365573,0.290599
Pb_num,M1_Core,Lasso,LOG1P,6,0.569219,0.471535,0.312147
Pb_num,M1_Core,Lasso,LOG1P,7,-16.008386,1.452802,0.788186
Pb_num,M1_Core,Lasso,LOG1P,8,0.155323,0.792242,0.551277
Pb_num,M1_Core,Lasso,LOG1P,9,-0.139993,2.477603,1.301859
Pb_num,M1_Core,Lasso,LOG1P,10,-0.306045,0.324235,0.284133
Pb_num,M1_Core,Lasso,LOG1P,11,-13.572162,1.415568,0.725674
Pb_num,M1_Core,Lasso,LOG1P,12,0.052833,0.767892,0.474736
Pb_num,M1_Core,Lasso,LOG1P,13,-0.266466,2.683639,1.54375
Pb_num,M1_Core,Lasso,LOG1P,14,-11.578541,0.341103,0.316807
Pb_num,M1_Core,Lasso,LOG1P,15,-0.299781,0.415298,0.333961
Pb_num,M1_Core,Lasso,LOG1P,16,0.125774,2.210957,1.073738
Pb_num,M1_Core,Lasso,LOG1P,17,-0.144694,0.331862,0.311689
Pb_num,M1_Core,Lasso,LOG1P,18,0.018987,0.358946,0.298891
Pb_num,M1_Core,Lasso,LOG1P,19,0.004669,0.956455,0.604798
Pb_num,M1_Core,Lasso,LOG1P,20,0.537205,0.506048,0.38877
Pb_num,M1_Core,Lasso,LOG1P,21,-0.677317,0.403461,0.303604
Pb_num,M1_Core,Lasso,LOG1P,22,0.037676,2.348046,1.07946
Pb_num,M1_Core,Lasso,LOG1P,23,0.118986,0.770154,0.46541
Pb_num,M1_Core,Lasso,LOG1P,24,0.312377,0.789425,0.577893
Pb_num,M1_Core,Lasso,LOG1P,25,-12.176407,1.217846,0.618371
Pb_num,M1_Core,Lasso,RAW,1,-2.193468,0.493171,0.4308
Pb_num,M1_Core,Lasso,RAW,2,0.272289,0.590982,0.474306
Pb_num,M1_Core,Lasso,RAW,3,0.114822,2.18695,1.153713
Pb_num,M1_Core,Lasso,RAW,4,0.28924,0.713662,0.573155
Pb_num,M1_Core,Lasso,RAW,5,0.14164,0.33499,0.261641
Pb_num,M1_Core,Lasso,RAW,6,0.556675,0.478351,0.417876
Pb_num,M1_Core,Lasso,RAW,7,-27.33271,1.875077,1.034874
Pb_num,M1_Core,Lasso,RAW,8,0.452465,0.637849,0.454044
Pb_num,M1_Core,Lasso,RAW,9,0.003088,2.316909,1.239679
Pb_num,M1_Core,Lasso,RAW,10,-2.177329,0.505722,0.416186
Pb_num,M1_Core,Lasso,RAW,11,-23.644705,1.840901,0.922737
Pb_num,M1_Core,Lasso,RAW,12,0.166057,0.720536,0.577231
Pb_num,M1_Core,Lasso,RAW,13,-0.11908,2.522655,1.408919
Pb_num,M1_Core,Lasso,RAW,14,-11.070317,0.334141,0.256604
Pb_num,M1_Core,Lasso,RAW,15,-0.723683,0.478249,0.437709
Pb_num,M1_Core,Lasso,RAW,16,0.253117,2.043595,1.062264
Pb_num,M1_Core,Lasso,RAW,17,-1.265341,0.466852,0.456049
Pb_num,M1_Core,Lasso,RAW,18,-0.122461,0.383952,0.315446
Pb_num,M1_Core,Lasso,RAW,19,0.33573,0.781364,0.586403
Pb_num,M1_Core,Lasso,RAW,20,0.185221,0.671456,0.547984
Pb_num,M1_Core,Lasso,RAW,21,-1.745213,0.516158,0.47605
Pb_num,M1_Core,Lasso,RAW,22,0.15626,2.198621,1.044917
Pb_num,M1_Core,Lasso,RAW,23,0.3404,0.666387,0.479054
Pb_num,M1_Core,Lasso,RAW,24,0.678624,0.539688,0.402849
Pb_num,M1_Core,Lasso,RAW,25,-23.011464,1.644005,0.734947
Pb_num,M1_Core,HuberRegressor,LOG1P,1,0.171682,0.251168,0.230604
Pb_num,M1_Core,HuberRegressor,LOG1P,2,-0.042657,0.707402,0.466664
Pb_num,M1_Core,HuberRegressor,LOG1P,3,0.067484,2.244666,1.166465
Pb_num,M1_Core,HuberRegressor,LOG1P,4,0.199942,0.757167,0.468935
Pb_num,M1_Core,HuberRegressor,LOG1P,5,-0.209464,0.397644,0.286802
Pb_num,M1_Core,HuberRegressor,LOG1P,6,0.540317,0.487096,0.360359
Pb_num,M1_Core,HuberRegressor,LOG1P,7,-28.093816,1.900095,0.970476
Pb_num,M1_Core,HuberRegressor,LOG1P,8,0.196763,0.772563,0.438777
Pb_num,M1_Core,HuberRegressor,LOG1P,9,-0.071502,2.402024,1.250633
Pb_num,M1_Core,HuberRegressor,LOG1P,10,-0.685142,0.368298,0.310717
Pb_num,M1_Core,HuberRegressor,LOG1P,11,-19.511682,1.679458,0.775405
Pb_num,M1_Core,HuberRegressor,LOG1P,12,0.085451,0.754555,0.49735
Pb_num,M1_Core,HuberRegressor,LOG1P,13,-0.074408,2.471791,1.377264
Pb_num,M1_Core,HuberRegressor,LOG1P,14,-4.97094,0.235013,0.162833
Pb_num,M1_Core,HuberRegressor,LOG1P,15,-0.567732,0.456101,0.346625
Pb_num,M1_Core,HuberRegressor,LOG1P,16,0.171787,2.151986,1.178613
Pb_num,M1_Core,HuberRegressor,LOG1P,17,0.152146,0.28561,0.256082
Pb_num,M1_Core,HuberRegressor,LOG1P,18,-0.117086,0.383032,0.286883
Pb_num,M1_Core,HuberRegressor,LOG1P,19,-0.030175,0.973053,0.62978
Pb_num,M1_Core,HuberRegressor,LOG1P,20,0.659883,0.433822,0.299868
Pb_num,M1_Core,HuberRegressor,LOG1P,21,-1.133866,0.45507,0.359946
Pb_num,M1_Core,HuberRegressor,LOG1P,22,0.117637,2.248379,1.007141
Pb_num,M1_Core,HuberRegressor,LOG1P,23,0.161089,0.751526,0.458851
Pb_num,M1_Core,HuberRegressor,LOG1P,24,0.259646,0.819136,0.507055
Pb_num,M1_Core,HuberRegressor,LOG1P,25,-20.234447,1.546017,0.688205
Pb_num,M1_Core,HuberRegressor,RAW,1,-0.784413,0.36865,0.326894
Pb_num,M1_Core,HuberRegressor,RAW,2,-0.018403,0.699125,0.464091
Pb_num,M1_Core,HuberRegressor,RAW,3,0.024668,2.295619,1.133314
Pb_num,M1_Core,HuberRegressor,RAW,4,0.191168,0.761307,0.47215
Pb_num,M1_Core,HuberRegressor,RAW,5,-0.194594,0.395192,0.284459
Pb_num,M1_Core,HuberRegressor,RAW,6,0.429608,0.54259,0.395057
Pb_num,M1_Core,HuberRegressor,RAW,7,-9.172852,1.12356,0.723135
Pb_num,M1_Core,HuberRegressor,RAW,8,0.186246,0.777605,0.444787
Pb_num,M1_Core,HuberRegressor,RAW,9,-0.077991,2.409286,1.254828
Pb_num,M1_Core,HuberRegressor,RAW,10,-1.204184,0.421216,0.354206
Pb_num,M1_Core,HuberRegressor,RAW,11,-6.550365,1.018949,0.56032
Pb_num,M1_Core,HuberRegressor,RAW,12,0.084531,0.754934,0.510291
Pb_num,M1_Core,HuberRegressor,RAW,13,-0.078197,2.476146,1.37947
Pb_num,M1_Core,HuberRegressor,RAW,14,-5.362402,0.242595,0.173721
Pb_num,M1_Core,HuberRegressor,RAW,15,-0.556277,0.454432,0.346733
Pb_num,M1_Core,HuberRegressor,RAW,16,0.228121,2.07751,1.036981
Pb_num,M1_Core,HuberRegressor,RAW,17,0.100284,0.294215,0.269646
Pb_num,M1_Core,HuberRegressor,RAW,18,-0.082752,0.3771,0.27607
Pb_num,M1_Core,HuberRegressor,RAW,19,-0.029207,0.972596,0.628692
Pb_num,M1_Core,HuberRegressor,RAW,20,0.533496,0.508072,0.338927
Pb_num,M1_Core,HuberRegressor,RAW,21,-1.747118,0.516337,0.45568
Pb_num,M1_Core,HuberRegressor,RAW,22,0.095999,2.275781,1.02135
Pb_num,M1_Core,HuberRegressor,RAW,23,0.139035,0.76134,0.45908
Pb_num,M1_Core,HuberRegressor,RAW,24,0.236283,0.83196,0.520808
Pb_num,M1_Core,HuberRegressor,RAW,25,-6.60079,0.924961,0.506108
Pb_num,M1_Core,SVR_RBF,LOG1P,1,0.144563,0.255247,0.20887
Pb_num,M1_Core,SVR_RBF,LOG1P,2,-0.310844,0.793178,0.542754
Pb_num,M1_Core,SVR_RBF,LOG1P,3,-0.279129,2.62894,1.35052
Pb_num,M1_Core,SVR_RBF,LOG1P,4,0.14368,0.783337,0.473535
Pb_num,M1_Core,SVR_RBF,LOG1P,5,0.000275,0.361525,0.314721
Pb_num,M1_Core,SVR_RBF,LOG1P,6,0.723291,0.377918,0.307426
Pb_num,M1_Core,SVR_RBF,LOG1P,7,-0.590994,0.444334,0.393425
Pb_num,M1_Core,SVR_RBF,LOG1P,8,0.107791,0.814227,0.565634
Pb_num,M1_Core,SVR_RBF,LOG1P,9,0.155749,2.132144,1.197841
Pb_num,M1_Core,SVR_RBF,LOG1P,10,-1.109495,0.412069,0.296388
Pb_num,M1_Core,SVR_RBF,LOG1P,11,0.436426,0.278384,0.250079
Pb_num,M1_Core,SVR_RBF,LOG1P,12,0.141857,0.730915,0.430124
Pb_num,M1_Core,SVR_RBF,LOG1P,13,-0.174772,2.584664,1.516372
Pb_num,M1_Core,SVR_RBF,LOG1P,14,-8.107576,0.29025,0.232654
Pb_num,M1_Core,SVR_RBF,LOG1P,15,-1.718455,0.600601,0.532439
Pb_num,M1_Core,SVR_RBF,LOG1P,16,0.243794,2.05631,0.910446
Pb_num,M1_Core,SVR_RBF,LOG1P,17,-0.166716,0.335039,0.285229
Pb_num,M1_Core,SVR_RBF,LOG1P,18,-0.229095,0.401777,0.301425
Pb_num,M1_Core,SVR_RBF,LOG1P,19,-0.060474,0.987259,0.623562
Pb_num,M1_Core,SVR_RBF,LOG1P,20,0.404281,0.57414,0.509155
Pb_num,M1_Core,SVR_RBF,LOG1P,21,-1.134502,0.455137,0.366629
Pb_num,M1_Core,SVR_RBF,LOG1P,22,0.294532,2.01041,1.01698
Pb_num,M1_Core,SVR_RBF,LOG1P,23,0.251984,0.709646,0.409586
Pb_num,M1_Core,SVR_RBF,LOG1P,24,0.39045,0.74326,0.432873
Pb_num,M1_Core,SVR_RBF,LOG1P,25,-0.070627,0.347147,0.258786
Pb_num,M1_Core,SVR_RBF,RAW,1,0.03513,0.271082,0.217628
Pb_num,M1_Core,SVR_RBF,RAW,2,-0.271733,0.781256,0.520699
Pb_num,M1_Core,SVR_RBF,RAW,3,-0.296606,2.646839,1.343097
Pb_num,M1_Core,SVR_RBF,RAW,4,0.178948,0.767037,0.444377
Pb_num,M1_Core,SVR_RBF,RAW,5,-0.006777,0.362797,0.31939
Pb_num,M1_Core,SVR_RBF,RAW,6,0.387468,0.562276,0.390279
Pb_num,M1_Core,SVR_RBF,RAW,7,-0.095553,0.368716,0.308175
Pb_num,M1_Core,SVR_RBF,RAW,8,0.150959,0.794285,0.562532
Pb_num,M1_Core,SVR_RBF,RAW,9,0.04306,2.269985,1.235357
Pb_num,M1_Core,SVR_RBF,RAW,10,-0.709592,0.37096,0.287453
Pb_num,M1_Core,SVR_RBF,RAW,11,0.486756,0.265663,0.235811
Pb_num,M1_Core,SVR_RBF,RAW,12,0.123106,0.738857,0.437441
Pb_num,M1_Core,SVR_RBF,RAW,13,-0.18835,2.599558,1.508781
Pb_num,M1_Core,SVR_RBF,RAW,14,-6.489516,0.263207,0.217525
Pb_num,M1_Core,SVR_RBF,RAW,15,-1.225737,0.543453,0.476052
Pb_num,M1_Core,SVR_RBF,RAW,16,0.137353,2.196266,0.965074
Pb_num,M1_Core,SVR_RBF,RAW,17,0.131639,0.289043,0.249829
Pb_num,M1_Core,SVR_RBF,RAW,18,-0.156122,0.389667,0.300309
Pb_num,M1_Core,SVR_RBF,RAW,19,-0.068435,0.990958,0.609902
Pb_num,M1_Core,SVR_RBF,RAW,20,0.496719,0.527719,0.444426
Pb_num,M1_Core,SVR_RBF,RAW,21,-1.164038,0.458276,0.365859
Pb_num,M1_Core,SVR_RBF,RAW,22,0.217777,2.116954,1.024989
Pb_num,M1_Core,SVR_RBF,RAW,23,0.227301,0.721259,0.423236
Pb_num,M1_Core,SVR_RBF,RAW,24,0.183907,0.860015,0.522482
Pb_num,M1_Core,SVR_RBF,RAW,25,0.429672,0.253371,0.21933
Pb_num,M2_Core_Salinity,Ridge,LOG1P,1,-0.235374,0.306736,0.275267
Pb_num,M2_Core_Salinity,Ridge,LOG1P,2,-0.128143,0.73583,0.536221
Pb_num,M2_Core_Salinity,Ridge,LOG1P,3,0.169069,2.118879,1.184049
Pb_num,M2_Core_Salinity,Ridge,LOG1P,4,0.22135,0.746968,0.497963
Pb_num,M2_Core_Salinity,Ridge,LOG1P,5,0.062221,0.350145,0.287619
Pb_num,M2_Core_Salinity,Ridge,LOG1P,6,0.780057,0.33693,0.299733
Pb_num,M2_Core_Salinity,Ridge,LOG1P,7,-48.431592,2.476722,1.225112
Pb_num,M2_Core_Salinity,Ridge,LOG1P,8,0.31438,0.713763,0.435103
Pb_num,M2_Core_Salinity,Ridge,LOG1P,9,0.040134,2.273453,1.229566
Pb_num,M2_Core_Salinity,Ridge,LOG1P,10,-0.91874,0.392997,0.341572
Pb_num,M2_Core_Salinity,Ridge,LOG1P,11,-43.804674,2.482163,1.109794
Pb_num,M2_Core_Salinity,Ridge,LOG1P,12,0.149965,0.727454,0.505319
Pb_num,M2_Core_Salinity,Ridge,LOG1P,13,-0.018046,2.406085,1.377395
Pb_num,M2_Core_Salinity,Ridge,LOG1P,14,-6.636238,0.265773,0.17831
Pb_num,M2_Core_Salinity,Ridge,LOG1P,15,-0.350359,0.423302,0.37355
Pb_num,M2_Core_Salinity,Ridge,LOG1P,16,0.209633,2.102243,1.150526
Pb_num,M2_Core_Salinity,Ridge,LOG1P,17,-0.127513,0.329362,0.308624
Pb_num,M2_Core_Salinity,Ridge,LOG1P,18,0.136121,0.336836,0.291598
Pb_num,M2_Core_Salinity,Ridge,LOG1P,19,0.091035,0.914018,0.638363
Pb_num,M2_Core_Salinity,Ridge,LOG1P,20,0.746297,0.37468,0.309817
Pb_num,M2_Core_Salinity,Ridge,LOG1P,21,-0.56544,0.389774,0.347261
Pb_num,M2_Core_Salinity,Ridge,LOG1P,22,0.19285,2.15042,1.006848
Pb_num,M2_Core_Salinity,Ridge,LOG1P,23,0.260822,0.705441,0.457205
Pb_num,M2_Core_Salinity,Ridge,LOG1P,24,0.511809,0.665167,0.399598
Pb_num,M2_Core_Salinity,Ridge,LOG1P,25,-39.91146,2.145934,0.918625
Pb_num,M2_Core_Salinity,Ridge,RAW,1,-5.43344,0.699983,0.51269
Pb_num,M2_Core_Salinity,Ridge,RAW,2,-0.273612,0.781833,0.633454
Pb_num,M2_Core_Salinity,Ridge,RAW,3,0.208988,2.067355,1.144855
Pb_num,M2_Core_Salinity,Ridge,RAW,4,0.253998,0.731141,0.559671
Pb_num,M2_Core_Salinity,Ridge,RAW,5,0.033848,0.355402,0.316673
Pb_num,M2_Core_Salinity,Ridge,RAW,6,-0.103001,0.754524,0.621537
Pb_num,M2_Core_Salinity,Ridge,RAW,7,-33.857518,2.079808,1.193833
Pb_num,M2_Core_Salinity,Ridge,RAW,8,0.474238,0.625039,0.464036
Pb_num,M2_Core_Salinity,Ridge,RAW,9,0.077658,2.228573,1.217374
Pb_num,M2_Core_Salinity,Ridge,RAW,10,-4.124866,0.642277,0.509516
Pb_num,M2_Core_Salinity,Ridge,RAW,11,-28.807441,2.024561,1.031764
Pb_num,M2_Core_Salinity,Ridge,RAW,12,0.097775,0.749453,0.60157
Pb_num,M2_Core_Salinity,Ridge,RAW,13,-0.008184,2.394402,1.411902
Pb_num,M2_Core_Salinity,Ridge,RAW,14,-10.760916,0.329831,0.248067
Pb_num,M2_Core_Salinity,Ridge,RAW,15,-1.004517,0.515739,0.483922
Pb_num,M2_Core_Salinity,Ridge,RAW,16,0.288614,1.994441,1.077008
Pb_num,M2_Core_Salinity,Ridge,RAW,17,-1.401813,0.480709,0.446292
Pb_num,M2_Core_Salinity,Ridge,RAW,18,-0.101831,0.380408,0.335011
Pb_num,M2_Core_Salinity,Ridge,RAW,19,0.302999,0.800383,0.646648
Pb_num,M2_Core_Salinity,Ridge,RAW,20,-0.524789,0.918549,0.745216
Pb_num,M2_Core_Salinity,Ridge,RAW,21,-2.533944,0.585631,0.528495
Pb_num,M2_Core_Salinity,Ridge,RAW,22,0.206898,2.131623,1.055482
Pb_num,M2_Core_Salinity,Ridge,RAW,23,0.372832,0.649798,0.488473
Pb_num,M2_Core_Salinity,Ridge,RAW,24,0.176008,0.864167,0.635088
Pb_num,M2_Core_Salinity,Ridge,RAW,25,-26.337747,1.754184,0.786562
Pb_num,M2_Core_Salinity,Lasso,LOG1P,1,0.067114,0.266551,0.246392
Pb_num,M2_Core_Salinity,Lasso,LOG1P,2,0.156586,0.636232,0.431475
Pb_num,M2_Core_Salinity,Lasso,LOG1P,3,-0.096824,2.4344,1.186744
Pb_num,M2_Core_Salinity,Lasso,LOG1P,4,0.164922,0.773561,0.519107
Pb_num,M2_Core_Salinity,Lasso,LOG1P,5,-0.022244,0.365573,0.290599
Pb_num,M2_Core_Salinity,Lasso,LOG1P,6,0.569219,0.471535,0.312147
Pb_num,M2_Core_Salinity,Lasso,LOG1P,7,-16.008386,1.452802,0.788186
Pb_num,M2_Core_Salinity,Lasso,LOG1P,8,0.155323,0.792242,0.551277
Pb_num,M2_Core_Salinity,Lasso,LOG1P,9,-0.139993,2.477603,1.301859
Pb_num,M2_Core_Salinity,Lasso,LOG1P,10,-0.306045,0.324235,0.284133
Pb_num,M2_Core_Salinity,Lasso,LOG1P,11,-13.572162,1.415568,0.725674
Pb_num,M2_Core_Salinity,Lasso,LOG1P,12,0.052833,0.767892,0.474736
Pb_num,M2_Core_Salinity,Lasso,LOG1P,13,-0.266466,2.683639,1.54375
Pb_num,M2_Core_Salinity,Lasso,LOG1P,14,-11.578541,0.341103,0.316807
Pb_num,M2_Core_Salinity,Lasso,LOG1P,15,-0.299781,0.415298,0.333961
Pb_num,M2_Core_Salinity,Lasso,LOG1P,16,0.125774,2.210957,1.073738
Pb_num,M2_Core_Salinity,Lasso,LOG1P,17,-0.144694,0.331862,0.311689
Pb_num,M2_Core_Salinity,Lasso,LOG1P,18,0.018987,0.358946,0.298891
Pb_num,M2_Core_Salinity,Lasso,LOG1P,19,0.004669,0.956455,0.604798
Pb_num,M2_Core_Salinity,Lasso,LOG1P,20,0.537205,0.506048,0.38877
Pb_num,M2_Core_Salinity,Lasso,LOG1P,21,-0.677317,0.403461,0.303604
Pb_num,M2_Core_Salinity,Lasso,LOG1P,22,0.037676,2.348046,1.07946
Pb_num,M2_Core_Salinity,Lasso,LOG1P,23,0.118986,0.770154,0.46541
Pb_num,M2_Core_Salinity,Lasso,LOG1P,24,0.312377,0.789425,0.577893
Pb_num,M2_Core_Salinity,Lasso,LOG1P,25,-12.176407,1.217846,0.618371
Pb_num,M2_Core_Salinity,Lasso,RAW,1,-2.193387,0.493165,0.430799
Pb_num,M2_Core_Salinity,Lasso,RAW,2,0.271561,0.591278,0.474516
Pb_num,M2_Core_Salinity,Lasso,RAW,3,0.107951,2.195422,1.16044
Pb_num,M2_Core_Salinity,Lasso,RAW,4,0.28924,0.713662,0.573155
Pb_num,M2_Core_Salinity,Lasso,RAW,5,0.14166,0.334986,0.261662
Pb_num,M2_Core_Salinity,Lasso,RAW,6,0.556677,0.47835,0.417876
Pb_num,M2_Core_Salinity,Lasso,RAW,7,-27.430744,1.878318,1.035687
Pb_num,M2_Core_Salinity,Lasso,RAW,8,0.452465,0.637849,0.454044
Pb_num,M2_Core_Salinity,Lasso,RAW,9,0.003088,2.316909,1.239679
Pb_num,M2_Core_Salinity,Lasso,RAW,10,-2.194521,0.507089,0.417577
Pb_num,M2_Core_Salinity,Lasso,RAW,11,-23.716577,1.843583,0.92191
Pb_num,M2_Core_Salinity,Lasso,RAW,12,0.166057,0.720536,0.577231
Pb_num,M2_Core_Salinity,Lasso,RAW,13,-0.11908,2.522655,1.408919
Pb_num,M2_Core_Salinity,Lasso,RAW,14,-11.070645,0.334146,0.256611
Pb_num,M2_Core_Salinity,Lasso,RAW,15,-0.723764,0.47826,0.437743
Pb_num,M2_Core_Salinity,Lasso,RAW,16,0.253149,2.043551,1.062407
Pb_num,M2_Core_Salinity,Lasso,RAW,17,-1.264711,0.466787,0.455992
Pb_num,M2_Core_Salinity,Lasso,RAW,18,-0.122487,0.383957,0.315456
Pb_num,M2_Core_Salinity,Lasso,RAW,19,0.335729,0.781364,0.5864
Pb_num,M2_Core_Salinity,Lasso,RAW,20,0.185228,0.671453,0.547982
Pb_num,M2_Core_Salinity,Lasso,RAW,21,-1.745237,0.51616,0.476053
Pb_num,M2_Core_Salinity,Lasso,RAW,22,0.155646,2.199421,1.044103
Pb_num,M2_Core_Salinity,Lasso,RAW,23,0.340421,0.666376,0.479039
Pb_num,M2_Core_Salinity,Lasso,RAW,24,0.678624,0.539688,0.402849
Pb_num,M2_Core_Salinity,Lasso,RAW,25,-23.00956,1.64394,0.735002
Pb_num,M2_Core_Salinity,HuberRegressor,LOG1P,1,-0.189619,0.301002,0.280831
Pb_num,M2_Core_Salinity,HuberRegressor,LOG1P,2,-0.125815,0.73507,0.45791
Pb_num,M2_Core_Salinity,HuberRegressor,LOG1P,3,0.067452,2.244704,1.16349
Pb_num,M2_Core_Salinity,HuberRegressor,LOG1P,4,0.152723,0.77919,0.513821
Pb_num,M2_Core_Salinity,HuberRegressor,LOG1P,5,-0.236694,0.402095,0.303851
Pb_num,M2_Core_Salinity,HuberRegressor,LOG1P,6,0.491709,0.512202,0.398161
Pb_num,M2_Core_Salinity,HuberRegressor,LOG1P,7,-26.670375,1.85303,1.000773
Pb_num,M2_Core_Salinity,HuberRegressor,LOG1P,8,0.194971,0.773424,0.438461
Pb_num,M2_Core_Salinity,HuberRegressor,LOG1P,9,-0.081602,2.413318,1.296935
Pb_num,M2_Core_Salinity,HuberRegressor,LOG1P,10,-0.709527,0.370953,0.313879
Pb_num,M2_Core_Salinity,HuberRegressor,LOG1P,11,-19.103818,1.662677,0.768005
Pb_num,M2_Core_Salinity,HuberRegressor,LOG1P,12,0.087244,0.753815,0.495598
Pb_num,M2_Core_Salinity,HuberRegressor,LOG1P,13,-0.078717,2.476743,1.396372
Pb_num,M2_Core_Salinity,HuberRegressor,LOG1P,14,-5.192807,0.23934,0.155664
Pb_num,M2_Core_Salinity,HuberRegressor,LOG1P,15,-0.566398,0.455907,0.346072
Pb_num,M2_Core_Salinity,HuberRegressor,LOG1P,16,0.172144,2.151522,1.177715
Pb_num,M2_Core_Salinity,HuberRegressor,LOG1P,17,0.116911,0.291484,0.268368
Pb_num,M2_Core_Salinity,HuberRegressor,LOG1P,18,-0.167901,0.391647,0.271646
Pb_num,M2_Core_Salinity,HuberRegressor,LOG1P,19,-0.082759,0.997578,0.6326
Pb_num,M2_Core_Salinity,HuberRegressor,LOG1P,20,0.65854,0.434678,0.298509
Pb_num,M2_Core_Salinity,HuberRegressor,LOG1P,21,-1.123164,0.453927,0.35854
Pb_num,M2_Core_Salinity,HuberRegressor,LOG1P,22,0.117732,2.248258,1.004673
Pb_num,M2_Core_Salinity,HuberRegressor,LOG1P,23,0.159594,0.752196,0.453351
Pb_num,M2_Core_Salinity,HuberRegressor,LOG1P,24,0.181568,0.861246,0.532803
Pb_num,M2_Core_Salinity,HuberRegressor,LOG1P,25,-17.959863,1.46087,0.669368
Pb_num,M2_Core_Salinity,HuberRegressor,RAW,1,-1.656681,0.449817,0.41828
Pb_num,M2_Core_Salinity,HuberRegressor,RAW,2,-0.107682,0.729126,0.456111
Pb_num,M2_Core_Salinity,HuberRegressor,RAW,3,0.024624,2.29567,1.130979
Pb_num,M2_Core_Salinity,HuberRegressor,RAW,4,0.14525,0.782619,0.525802
Pb_num,M2_Core_Salinity,HuberRegressor,RAW,5,-0.218674,0.399155,0.300805
Pb_num,M2_Core_Salinity,HuberRegressor,RAW,6,0.367942,0.571168,0.43805
Pb_num,M2_Core_Salinity,HuberRegressor,RAW,7,-9.21839,1.126072,0.75077
Pb_num,M2_Core_Salinity,HuberRegressor,RAW,8,0.185644,0.777892,0.444554
Pb_num,M2_Core_Salinity,HuberRegressor,RAW,9,-0.087129,2.419475,1.297598
Pb_num,M2_Core_Salinity,HuberRegressor,RAW,10,-1.496029,0.448235,0.380554
Pb_num,M2_Core_Salinity,HuberRegressor,RAW,11,-6.53335,1.017801,0.559857
Pb_num,M2_Core_Salinity,HuberRegressor,RAW,12,0.08599,0.754332,0.507126
Pb_num,M2_Core_Salinity,HuberRegressor,RAW,13,-0.081882,2.480374,1.399355
Pb_num,M2_Core_Salinity,HuberRegressor,RAW,14,-5.465402,0.244551,0.165227
Pb_num,M2_Core_Salinity,HuberRegressor,RAW,15,-0.556135,0.454411,0.346672
Pb_num,M2_Core_Salinity,HuberRegressor,RAW,16,0.228677,2.076762,1.040251
Pb_num,M2_Core_Salinity,HuberRegressor,RAW,17,0.06378,0.300124,0.28104
Pb_num,M2_Core_Salinity,HuberRegressor,RAW,18,-0.138504,0.386687,0.264374
Pb_num,M2_Core_Salinity,HuberRegressor,RAW,19,-0.084777,0.998507,0.629297
Pb_num,M2_Core_Salinity,HuberRegressor,RAW,20,0.533851,0.507879,0.336094
Pb_num,M2_Core_Salinity,HuberRegressor,RAW,21,-1.737557,0.515437,0.456754
Pb_num,M2_Core_Salinity,HuberRegressor,RAW,22,0.09616,2.275578,1.019142
Pb_num,M2_Core_Salinity,HuberRegressor,RAW,23,0.138411,0.761616,0.453951
Pb_num,M2_Core_Salinity,HuberRegressor,RAW,24,0.161405,0.87179,0.551375
Pb_num,M2_Core_Salinity,HuberRegressor,RAW,25,-6.497287,0.918641,0.495818
Pb_num,M2_Core_Salinity,SVR_RBF,LOG1P,1,0.102768,0.261408,0.217582
Pb_num,M2_Core_Salinity,SVR_RBF,LOG1P,2,-0.302066,0.790518,0.534123
Pb_num,M2_Core_Salinity,SVR_RBF,LOG1P,3,-0.261547,2.610809,1.354817
Pb_num,M2_Core_Salinity,SVR_RBF,LOG1P,4,0.129475,0.789808,0.461959
Pb_num,M2_Core_Salinity,SVR_RBF,LOG1P,5,0.021908,0.357592,0.310997
Pb_num,M2_Core_Salinity,SVR_RBF,LOG1P,6,0.785414,0.332802,0.283392
Pb_num,M2_Core_Salinity,SVR_RBF,LOG1P,7,-0.760167,0.46736,0.413678
Pb_num,M2_Core_Salinity,SVR_RBF,LOG1P,8,0.170803,0.784949,0.566308
Pb_num,M2_Core_Salinity,SVR_RBF,LOG1P,9,0.16445,2.121128,1.193067
Pb_num,M2_Core_Salinity,SVR_RBF,LOG1P,10,-1.10106,0.411245,0.288508
Pb_num,M2_Core_Salinity,SVR_RBF,LOG1P,11,0.433573,0.279088,0.257219
Pb_num,M2_Core_Salinity,SVR_RBF,LOG1P,12,0.166796,0.720216,0.419594
Pb_num,M2_Core_Salinity,SVR_RBF,LOG1P,13,-0.149132,2.556303,1.485731
Pb_num,M2_Core_Salinity,SVR_RBF,LOG1P,14,-6.877214,0.269934,0.207282
Pb_num,M2_Core_Salinity,SVR_RBF,LOG1P,15,-1.829114,0.612704,0.54511
Pb_num,M2_Core_Salinity,SVR_RBF,LOG1P,16,0.252512,2.044422,0.917208
Pb_num,M2_Core_Salinity,SVR_RBF,LOG1P,17,0.037458,0.304314,0.26385
Pb_num,M2_Core_Salinity,SVR_RBF,LOG1P,18,-0.321976,0.416681,0.291996
Pb_num,M2_Core_Salinity,SVR_RBF,LOG1P,19,-0.030112,0.973023,0.606665
Pb_num,M2_Core_Salinity,SVR_RBF,LOG1P,20,0.201249,0.664819,0.580728
Pb_num,M2_Core_Salinity,SVR_RBF,LOG1P,21,-1.10522,0.452005,0.354562
Pb_num,M2_Core_Salinity,SVR_RBF,LOG1P,22,0.299399,2.003463,1.002572
Pb_num,M2_Core_Salinity,SVR_RBF,LOG1P,23,0.299064,0.68695,0.407218
Pb_num,M2_Core_Salinity,SVR_RBF,LOG1P,24,0.427581,0.720266,0.400544
Pb_num,M2_Core_Salinity,SVR_RBF,LOG1P,25,0.245726,0.291379,0.244468
Pb_num,M2_Core_Salinity,SVR_RBF,RAW,1,0.102012,0.261518,0.19422
Pb_num,M2_Core_Salinity,SVR_RBF,RAW,2,-0.283487,0.784858,0.520949
Pb_num,M2_Core_Salinity,SVR_RBF,RAW,3,-0.285232,2.635204,1.336344
Pb_num,M2_Core_Salinity,SVR_RBF,RAW,4,0.19129,0.76125,0.437168
Pb_num,M2_Core_Salinity,SVR_RBF,RAW,5,-0.008976,0.363193,0.319113
Pb_num,M2_Core_Salinity,SVR_RBF,RAW,6,0.439394,0.537916,0.372266
Pb_num,M2_Core_Salinity,SVR_RBF,RAW,7,-0.182438,0.383058,0.317317
Pb_num,M2_Core_Salinity,SVR_RBF,RAW,8,0.172365,0.784209,0.564125
Pb_num,M2_Core_Salinity,SVR_RBF,RAW,9,0.049893,2.261867,1.246815
Pb_num,M2_Core_Salinity,SVR_RBF,RAW,10,-0.689883,0.368816,0.270273
Pb_num,M2_Core_Salinity,SVR_RBF,RAW,11,0.553862,0.247687,0.210486
Pb_num,M2_Core_Salinity,SVR_RBF,RAW,12,0.150217,0.727346,0.414036
Pb_num,M2_Core_Salinity,SVR_RBF,RAW,13,-0.158432,2.566625,1.478725
Pb_num,M2_Core_Salinity,SVR_RBF,RAW,14,-5.280623,0.241031,0.198149
Pb_num,M2_Core_Salinity,SVR_RBF,RAW,15,-1.074005,0.524602,0.468851
Pb_num,M2_Core_Salinity,SVR_RBF,RAW,16,0.152355,2.177086,0.94961
Pb_num,M2_Core_Salinity,SVR_RBF,RAW,17,0.252314,0.268208,0.235246
Pb_num,M2_Core_Salinity,SVR_RBF,RAW,18,-0.246252,0.404571,0.29255
Pb_num,M2_Core_Salinity,SVR_RBF,RAW,19,-0.033085,0.974426,0.59556
Pb_num,M2_Core_Salinity,SVR_RBF,RAW,20,0.473976,0.539511,0.465214
Pb_num,M2_Core_Salinity,SVR_RBF,RAW,21,-1.045044,0.445498,0.352554
Pb_num,M2_Core_Salinity,SVR_RBF,RAW,22,0.216382,2.118841,1.014293
Pb_num,M2_Core_Salinity,SVR_RBF,RAW,23,0.255036,0.708196,0.423342
Pb_num,M2_Core_Salinity,SVR_RBF,RAW,24,0.240446,0.829689,0.499076
Pb_num,M2_Core_Salinity,SVR_RBF,RAW,25,0.543721,0.226626,0.196301
Pb_num,M3_Core_IonRatios,Ridge,LOG1P,1,-10.457667,0.934145,0.56781
Pb_num,M3_Core_IonRatios,Ridge,LOG1P,2,-0.201675,0.759432,0.577795
Pb_num,M3_Core_IonRatios,Ridge,LOG1P,3,0.171542,2.115723,1.119296
Pb_num,M3_Core_IonRatios,Ridge,LOG1P,4,0.212311,0.751291,0.497074
Pb_num,M3_Core_IonRatios,Ridge,LOG1P,5,-0.212659,0.398168,0.310002
Pb_num,M3_Core_IonRatios,Ridge,LOG1P,6,0.619265,0.443299,0.341347
Pb_num,M3_Core_IonRatios,Ridge,LOG1P,7,-17.136221,1.500197,1.043501
Pb_num,M3_Core_IonRatios,Ridge,LOG1P,8,0.227382,0.757695,0.43845
Pb_num,M3_Core_IonRatios,Ridge,LOG1P,9,0.040963,2.272471,1.219509
Pb_num,M3_Core_IonRatios,Ridge,LOG1P,10,-0.848999,0.385789,0.311909
Pb_num,M3_Core_IonRatios,Ridge,LOG1P,11,-29.962921,2.063429,0.946856
Pb_num,M3_Core_IonRatios,Ridge,LOG1P,12,0.034359,0.775345,0.538981
Pb_num,M3_Core_IonRatios,Ridge,LOG1P,13,-0.000316,2.385041,1.367162
Pb_num,M3_Core_IonRatios,Ridge,LOG1P,14,-99.89847,0.96608,0.522488
Pb_num,M3_Core_IonRatios,Ridge,LOG1P,15,-0.200856,0.399182,0.351953
Pb_num,M3_Core_IonRatios,Ridge,LOG1P,16,0.255891,2.039796,1.070575
Pb_num,M3_Core_IonRatios,Ridge,LOG1P,17,-0.693224,0.403617,0.301035
Pb_num,M3_Core_IonRatios,Ridge,LOG1P,18,-9.870702,1.19487,0.681145
Pb_num,M3_Core_IonRatios,Ridge,LOG1P,19,0.076158,0.921467,0.632753
Pb_num,M3_Core_IonRatios,Ridge,LOG1P,20,0.511242,0.520049,0.45431
Pb_num,M3_Core_IonRatios,Ridge,LOG1P,21,-0.671735,0.402789,0.327193
Pb_num,M3_Core_IonRatios,Ridge,LOG1P,22,0.213677,2.122495,1.014785
Pb_num,M3_Core_IonRatios,Ridge,LOG1P,23,-0.301946,0.93623,0.639756
Pb_num,M3_Core_IonRatios,Ridge,LOG1P,24,0.48052,0.686152,0.392904
Pb_num,M3_Core_IonRatios,Ridge,LOG1P,25,-18.955834,1.498749,0.703391
Pb_num,M3_Core_IonRatios,Ridge,RAW,1,-31.807686,1.580716,1.083563
Pb_num,M3_Core_IonRatios,Ridge,RAW,2,-0.565037,0.866677,0.710351
Pb_num,M3_Core_IonRatios,Ridge,RAW,3,0.198478,2.081044,1.079545
Pb_num,M3_Core_IonRatios,Ridge,RAW,4,0.232817,0.741447,0.534646
Pb_num,M3_Core_IonRatios,Ridge,RAW,5,0.047783,0.35283,0.266286
Pb_num,M3_Core_IonRatios,Ridge,RAW,6,-0.090204,0.750135,0.545647
Pb_num,M3_Core_IonRatios,Ridge,RAW,7,-29.14511,1.93412,1.436493
Pb_num,M3_Core_IonRatios,Ridge,RAW,8,0.309558,0.716269,0.456551
Pb_num,M3_Core_IonRatios,Ridge,RAW,9,0.09994,2.201488,1.178276
Pb_num,M3_Core_IonRatios,Ridge,RAW,10,-4.823603,0.684663,0.46763
Pb_num,M3_Core_IonRatios,Ridge,RAW,11,-24.597172,1.876137,1.036448
Pb_num,M3_Core_IonRatios,Ridge,RAW,12,-0.096638,0.826264,0.67432
Pb_num,M3_Core_IonRatios,Ridge,RAW,13,0.021827,2.358495,1.387597
Pb_num,M3_Core_IonRatios,Ridge,RAW,14,-241.168828,1.496684,0.829851
Pb_num,M3_Core_IonRatios,Ridge,RAW,15,-1.799456,0.609484,0.445021
Pb_num,M3_Core_IonRatios,Ridge,RAW,16,0.294952,1.985536,1.027912
Pb_num,M3_Core_IonRatios,Ridge,RAW,17,-1.518034,0.492202,0.389299
Pb_num,M3_Core_IonRatios,Ridge,RAW,18,-26.234951,1.891277,1.167728
Pb_num,M3_Core_IonRatios,Ridge,RAW,19,0.44823,0.712131,0.560726
Pb_num,M3_Core_IonRatios,Ridge,RAW,20,-1.172341,1.096381,0.913945
Pb_num,M3_Core_IonRatios,Ridge,RAW,21,-3.488415,0.659995,0.464804
Pb_num,M3_Core_IonRatios,Ridge,RAW,22,0.227757,2.103405,1.050357
Pb_num,M3_Core_IonRatios,Ridge,RAW,23,-1.822855,1.378575,0.87236
Pb_num,M3_Core_IonRatios,Ridge,RAW,24,0.404759,0.734484,0.502714
Pb_num,M3_Core_IonRatios,Ridge,RAW,25,-24.092522,1.680606,0.814925
Pb_num,M3_Core_IonRatios,Lasso,LOG1P,1,0.005957,0.275149,0.2517
Pb_num,M3_Core_IonRatios,Lasso,LOG1P,2,0.156554,0.636244,0.431479
Pb_num,M3_Core_IonRatios,Lasso,LOG1P,3,-0.099821,2.437724,1.188851
Pb_num,M3_Core_IonRatios,Lasso,LOG1P,4,0.151087,0.779942,0.522524
Pb_num,M3_Core_IonRatios,Lasso,LOG1P,5,-0.059199,0.372123,0.295057
Pb_num,M3_Core_IonRatios,Lasso,LOG1P,6,0.596538,0.456338,0.304336
Pb_num,M3_Core_IonRatios,Lasso,LOG1P,7,-15.921444,1.449084,0.786865
Pb_num,M3_Core_IonRatios,Lasso,LOG1P,8,0.153219,0.793228,0.539298
Pb_num,M3_Core_IonRatios,Lasso,LOG1P,9,-0.139993,2.477603,1.301859
Pb_num,M3_Core_IonRatios,Lasso,LOG1P,10,-0.239335,0.315846,0.278511
Pb_num,M3_Core_IonRatios,Lasso,LOG1P,11,-13.572162,1.415568,0.725674
Pb_num,M3_Core_IonRatios,Lasso,LOG1P,12,0.027037,0.778279,0.476122
Pb_num,M3_Core_IonRatios,Lasso,LOG1P,13,-0.266466,2.683639,1.54375
Pb_num,M3_Core_IonRatios,Lasso,LOG1P,14,-12.421745,0.352351,0.328402
Pb_num,M3_Core_IonRatios,Lasso,LOG1P,15,-0.274237,0.411197,0.32862
Pb_num,M3_Core_IonRatios,Lasso,LOG1P,16,0.115923,2.22338,1.059518
Pb_num,M3_Core_IonRatios,Lasso,LOG1P,17,-0.091253,0.324022,0.306336
Pb_num,M3_Core_IonRatios,Lasso,LOG1P,18,-0.021339,0.366249,0.296447
Pb_num,M3_Core_IonRatios,Lasso,LOG1P,19,0.004669,0.956455,0.604798
Pb_num,M3_Core_IonRatios,Lasso,LOG1P,20,0.55707,0.495068,0.392719
Pb_num,M3_Core_IonRatios,Lasso,LOG1P,21,-0.661439,0.401547,0.299518
Pb_num,M3_Core_IonRatios,Lasso,LOG1P,22,0.032853,2.353923,1.1019
Pb_num,M3_Core_IonRatios,Lasso,LOG1P,23,0.107523,0.775148,0.459013
Pb_num,M3_Core_IonRatios,Lasso,LOG1P,24,0.312377,0.789425,0.577893
Pb_num,M3_Core_IonRatios,Lasso,LOG1P,25,-11.594671,1.190659,0.6116
Pb_num,M3_Core_IonRatios,Lasso,RAW,1,-9.933431,0.912524,0.660502
Pb_num,M3_Core_IonRatios,Lasso,RAW,2,-0.202121,0.759572,0.683984
Pb_num,M3_Core_IonRatios,Lasso,RAW,3,0.090858,2.216355,1.103286
Pb_num,M3_Core_IonRatios,Lasso,RAW,4,0.320981,0.697544,0.563247
Pb_num,M3_Core_IonRatios,Lasso,RAW,5,0.073633,0.348008,0.275564
Pb_num,M3_Core_IonRatios,Lasso,RAW,6,0.531697,0.491642,0.357559
Pb_num,M3_Core_IonRatios,Lasso,RAW,7,-23.709926,1.751099,1.127538
Pb_num,M3_Core_IonRatios,Lasso,RAW,8,0.333638,0.703667,0.521797
Pb_num,M3_Core_IonRatios,Lasso,RAW,9,0.003088,2.316909,1.239679
Pb_num,M3_Core_IonRatios,Lasso,RAW,10,-3.784904,0.620608,0.478986
Pb_num,M3_Core_IonRatios,Lasso,RAW,11,-22.431802,1.795029,0.915697
Pb_num,M3_Core_IonRatios,Lasso,RAW,12,0.183456,0.712979,0.565604
Pb_num,M3_Core_IonRatios,Lasso,RAW,13,-0.129531,2.534407,1.430942
Pb_num,M3_Core_IonRatios,Lasso,RAW,14,-103.311154,0.982282,0.716748
Pb_num,M3_Core_IonRatios,Lasso,RAW,15,-1.342136,0.557483,0.448984
Pb_num,M3_Core_IonRatios,Lasso,RAW,16,0.237108,2.06538,1.048359
Pb_num,M3_Core_IonRatios,Lasso,RAW,17,-0.967588,0.43509,0.397207
Pb_num,M3_Core_IonRatios,Lasso,RAW,18,-8.630237,1.124632,0.789156
Pb_num,M3_Core_IonRatios,Lasso,RAW,19,0.422311,0.728665,0.537347
Pb_num,M3_Core_IonRatios,Lasso,RAW,20,-0.264675,0.83654,0.723119
Pb_num,M3_Core_IonRatios,Lasso,RAW,21,-2.818453,0.608749,0.481097
Pb_num,M3_Core_IonRatios,Lasso,RAW,22,0.141488,2.217784,1.09875
Pb_num,M3_Core_IonRatios,Lasso,RAW,23,-0.278833,0.927883,0.736323
Pb_num,M3_Core_IonRatios,Lasso,RAW,24,0.576795,0.619315,0.43586
Pb_num,M3_Core_IonRatios,Lasso,RAW,25,-21.809341,1.602324,0.723693
Pb_num,M3_Core_IonRatios,HuberRegressor,LOG1P,1,-62.738753,2.203271,1.07288
Pb_num,M3_Core_IonRatios,HuberRegressor,LOG1P,2,-0.198886,0.75855,0.537764
Pb_num,M3_Core_IonRatios,HuberRegressor,LOG1P,3,0.072559,2.238549,1.199654
Pb_num,M3_Core_IonRatios,HuberRegressor,LOG1P,4,0.013592,0.840735,0.566297
Pb_num,M3_Core_IonRatios,HuberRegressor,LOG1P,5,-1.08397,0.521967,0.39253
Pb_num,M3_Core_IonRatios,HuberRegressor,LOG1P,6,0.585261,0.462671,0.321891
Pb_num,M3_Core_IonRatios,HuberRegressor,LOG1P,7,-21.555018,1.673002,1.108356
Pb_num,M3_Core_IonRatios,HuberRegressor,LOG1P,8,0.143168,0.797921,0.444297
Pb_num,M3_Core_IonRatios,HuberRegressor,LOG1P,9,-0.083349,2.415266,1.29161
Pb_num,M3_Core_IonRatios,HuberRegressor,LOG1P,10,0.013259,0.281827,0.215439
Pb_num,M3_Core_IonRatios,HuberRegressor,LOG1P,11,-10.111434,1.2361,0.603241
Pb_num,M3_Core_IonRatios,HuberRegressor,LOG1P,12,-0.101077,0.827934,0.566787
Pb_num,M3_Core_IonRatios,HuberRegressor,LOG1P,13,-0.062009,2.457487,1.379511
Pb_num,M3_Core_IonRatios,HuberRegressor,LOG1P,14,-616.033936,2.389051,1.096586
Pb_num,M3_Core_IonRatios,HuberRegressor,LOG1P,15,-0.095535,0.381275,0.291327
Pb_num,M3_Core_IonRatios,HuberRegressor,LOG1P,16,0.217774,2.091388,1.137475
Pb_num,M3_Core_IonRatios,HuberRegressor,LOG1P,17,-1.750389,0.51441,0.362942
Pb_num,M3_Core_IonRatios,HuberRegressor,LOG1P,18,-33.494113,2.128454,1.066204
Pb_num,M3_Core_IonRatios,HuberRegressor,LOG1P,19,-0.392948,1.131484,0.835293
Pb_num,M3_Core_IonRatios,HuberRegressor,LOG1P,20,0.717358,0.395472,0.331054
Pb_num,M3_Core_IonRatios,HuberRegressor,LOG1P,21,-0.689577,0.404933,0.28907
Pb_num,M3_Core_IonRatios,HuberRegressor,LOG1P,22,0.179728,2.167829,1.014437
Pb_num,M3_Core_IonRatios,HuberRegressor,LOG1P,23,-0.592139,1.035325,0.658246
Pb_num,M3_Core_IonRatios,HuberRegressor,LOG1P,24,-0.08364,0.991011,0.579279
Pb_num,M3_Core_IonRatios,HuberRegressor,LOG1P,25,-1.122622,0.488799,0.356671
Pb_num,M3_Core_IonRatios,HuberRegressor,RAW,1,-19.079507,1.236638,0.814997
Pb_num,M3_Core_IonRatios,HuberRegressor,RAW,2,0.021358,0.685342,0.508397
Pb_num,M3_Core_IonRatios,HuberRegressor,RAW,3,0.039077,2.278599,1.165
Pb_num,M3_Core_IonRatios,HuberRegressor,RAW,4,-0.008218,0.849979,0.592174
Pb_num,M3_Core_IonRatios,HuberRegressor,RAW,5,-0.962747,0.506559,0.376238
Pb_num,M3_Core_IonRatios,HuberRegressor,RAW,6,0.520992,0.497229,0.361351
Pb_num,M3_Core_IonRatios,HuberRegressor,RAW,7,-15.70339,1.439717,1.078338
Pb_num,M3_Core_IonRatios,HuberRegressor,RAW,8,0.108295,0.813997,0.473877
Pb_num,M3_Core_IonRatios,HuberRegressor,RAW,9,-0.095236,2.42848,1.296065
Pb_num,M3_Core_IonRatios,HuberRegressor,RAW,10,-0.645476,0.363938,0.297873
Pb_num,M3_Core_IonRatios,HuberRegressor,RAW,11,-4.177647,0.843791,0.494053
Pb_num,M3_Core_IonRatios,HuberRegressor,RAW,12,-0.162605,0.850753,0.621798
Pb_num,M3_Core_IonRatios,HuberRegressor,RAW,13,-0.074093,2.471429,1.381943
Pb_num,M3_Core_IonRatios,HuberRegressor,RAW,14,-143.831233,1.157449,0.69177
Pb_num,M3_Core_IonRatios,HuberRegressor,RAW,15,-0.196369,0.398435,0.310327
Pb_num,M3_Core_IonRatios,HuberRegressor,RAW,16,0.24187,2.058924,1.073695
Pb_num,M3_Core_IonRatios,HuberRegressor,RAW,17,-3.242352,0.638875,0.513271
Pb_num,M3_Core_IonRatios,HuberRegressor,RAW,18,-8.812177,1.135205,0.693698
Pb_num,M3_Core_IonRatios,HuberRegressor,RAW,19,-0.404563,1.136192,0.82072
Pb_num,M3_Core_IonRatios,HuberRegressor,RAW,20,0.563881,0.491247,0.410474
Pb_num,M3_Core_IonRatios,HuberRegressor,RAW,21,-1.081635,0.449466,0.378818
Pb_num,M3_Core_IonRatios,HuberRegressor,RAW,22,0.14458,2.213786,1.060569
Pb_num,M3_Core_IonRatios,HuberRegressor,RAW,23,-0.077502,0.851717,0.567602
Pb_num,M3_Core_IonRatios,HuberRegressor,RAW,24,-0.138904,1.015967,0.598955
Pb_num,M3_Core_IonRatios,HuberRegressor,RAW,25,-1.913208,0.572637,0.419175
Pb_num,M3_Core_IonRatios,SVR_RBF,LOG1P,1,0.155428,0.253621,0.204895
Pb_num,M3_Core_IonRatios,SVR_RBF,LOG1P,2,-0.794277,0.927983,0.675524
Pb_num,M3_Core_IonRatios,SVR_RBF,LOG1P,3,-0.235744,2.583972,1.388145
Pb_num,M3_Core_IonRatios,SVR_RBF,LOG1P,4,0.30484,0.705786,0.41337
Pb_num,M3_Core_IonRatios,SVR_RBF,LOG1P,5,-0.603332,0.457835,0.397254
Pb_num,M3_Core_IonRatios,SVR_RBF,LOG1P,6,0.455132,0.530311,0.447853
Pb_num,M3_Core_IonRatios,SVR_RBF,LOG1P,7,-0.464772,0.426344,0.382563
Pb_num,M3_Core_IonRatios,SVR_RBF,LOG1P,8,0.165322,0.787538,0.569848
Pb_num,M3_Core_IonRatios,SVR_RBF,LOG1P,9,-0.01184,2.334193,1.243148
Pb_num,M3_Core_IonRatios,SVR_RBF,LOG1P,10,-4.114179,0.641607,0.445967
Pb_num,M3_Core_IonRatios,SVR_RBF,LOG1P,11,0.171722,0.337487,0.285353
Pb_num,M3_Core_IonRatios,SVR_RBF,LOG1P,12,0.156884,0.724487,0.468967
Pb_num,M3_Core_IonRatios,SVR_RBF,LOG1P,13,-0.169984,2.579391,1.49922
Pb_num,M3_Core_IonRatios,SVR_RBF,LOG1P,14,-7.282602,0.276792,0.228318
Pb_num,M3_Core_IonRatios,SVR_RBF,LOG1P,15,-2.30772,0.662506,0.523608
Pb_num,M3_Core_IonRatios,SVR_RBF,LOG1P,16,0.108152,2.23313,0.962271
Pb_num,M3_Core_IonRatios,SVR_RBF,LOG1P,17,-0.411298,0.368486,0.285124
Pb_num,M3_Core_IonRatios,SVR_RBF,LOG1P,18,0.016178,0.35946,0.334122
Pb_num,M3_Core_IonRatios,SVR_RBF,LOG1P,19,0.1216,0.898519,0.619502
Pb_num,M3_Core_IonRatios,SVR_RBF,LOG1P,20,0.106654,0.703084,0.552462
Pb_num,M3_Core_IonRatios,SVR_RBF,LOG1P,21,-4.006301,0.697032,0.542419
Pb_num,M3_Core_IonRatios,SVR_RBF,LOG1P,22,0.142134,2.216949,1.050009
Pb_num,M3_Core_IonRatios,SVR_RBF,LOG1P,23,0.291267,0.690761,0.470871
Pb_num,M3_Core_IonRatios,SVR_RBF,LOG1P,24,0.220954,0.840267,0.53599
Pb_num,M3_Core_IonRatios,SVR_RBF,LOG1P,25,-0.153547,0.360339,0.237142
Pb_num,M3_Core_IonRatios,SVR_RBF,RAW,1,0.064306,0.266952,0.20565
Pb_num,M3_Core_IonRatios,SVR_RBF,RAW,2,-0.222892,0.766107,0.556669
Pb_num,M3_Core_IonRatios,SVR_RBF,RAW,3,-0.250779,2.599643,1.397393
Pb_num,M3_Core_IonRatios,SVR_RBF,RAW,4,0.274126,0.721209,0.418637
Pb_num,M3_Core_IonRatios,SVR_RBF,RAW,5,-0.416735,0.43037,0.380451
Pb_num,M3_Core_IonRatios,SVR_RBF,RAW,6,0.21331,0.637217,0.491072
Pb_num,M3_Core_IonRatios,SVR_RBF,RAW,7,-0.436523,0.422213,0.368595
Pb_num,M3_Core_IonRatios,SVR_RBF,RAW,8,0.172289,0.784245,0.568525
Pb_num,M3_Core_IonRatios,SVR_RBF,RAW,9,-0.070439,2.400832,1.262215
Pb_num,M3_Core_IonRatios,SVR_RBF,RAW,10,-1.206002,0.42139,0.322796
Pb_num,M3_Core_IonRatios,SVR_RBF,RAW,11,0.426693,0.280777,0.246569
Pb_num,M3_Core_IonRatios,SVR_RBF,RAW,12,0.170044,0.718811,0.45516
Pb_num,M3_Core_IonRatios,SVR_RBF,RAW,13,-0.188064,2.599244,1.506838
Pb_num,M3_Core_IonRatios,SVR_RBF,RAW,14,-6.486874,0.263161,0.230517
Pb_num,M3_Core_IonRatios,SVR_RBF,RAW,15,-1.204062,0.540801,0.470689
Pb_num,M3_Core_IonRatios,SVR_RBF,RAW,16,0.064545,2.287073,0.973801
Pb_num,M3_Core_IonRatios,SVR_RBF,RAW,17,-0.245144,0.346116,0.286406
Pb_num,M3_Core_IonRatios,SVR_RBF,RAW,18,0.026955,0.357485,0.316364
Pb_num,M3_Core_IonRatios,SVR_RBF,RAW,19,0.050884,0.933987,0.627811
Pb_num,M3_Core_IonRatios,SVR_RBF,RAW,20,0.343358,0.602784,0.512571
Pb_num,M3_Core_IonRatios,SVR_RBF,RAW,21,-1.778299,0.519259,0.434103
Pb_num,M3_Core_IonRatios,SVR_RBF,RAW,22,0.098494,2.272639,1.082384
Pb_num,M3_Core_IonRatios,SVR_RBF,RAW,23,0.240776,0.714942,0.476935
Pb_num,M3_Core_IonRatios,SVR_RBF,RAW,24,0.09967,0.90331,0.553824
Pb_num,M3_Core_IonRatios,SVR_RBF,RAW,25,-0.169024,0.362748,0.25005
Pb_num,M4_Core_IonExchange,Ridge,LOG1P,1,-0.097189,0.289073,0.265278
Pb_num,M4_Core_IonExchange,Ridge,LOG1P,2,0.005195,0.690978,0.544153
Pb_num,M4_Core_IonExchange,Ridge,LOG1P,3,0.163439,2.126044,1.093155
Pb_num,M4_Core_IonExchange,Ridge,LOG1P,4,0.228358,0.743599,0.483307
Pb_num,M4_Core_IonExchange,Ridge,LOG1P,5,0.076914,0.347391,0.28073
Pb_num,M4_Core_IonExchange,Ridge,LOG1P,6,0.78568,0.332596,0.29932
Pb_num,M4_Core_IonExchange,Ridge,LOG1P,7,-47.830146,2.461608,1.200727
Pb_num,M4_Core_IonExchange,Ridge,LOG1P,8,0.299406,0.721515,0.427102
Pb_num,M4_Core_IonExchange,Ridge,LOG1P,9,0.040904,2.272541,1.190396
Pb_num,M4_Core_IonExchange,Ridge,LOG1P,10,-1.997727,0.491221,0.420478
Pb_num,M4_Core_IonExchange,Ridge,LOG1P,11,-43.283767,2.467692,1.098924
Pb_num,M4_Core_IonExchange,Ridge,LOG1P,12,0.129406,0.736198,0.493644
Pb_num,M4_Core_IonExchange,Ridge,LOG1P,13,-0.014352,2.401716,1.366943
Pb_num,M4_Core_IonExchange,Ridge,LOG1P,14,-7.297197,0.277036,0.227327
Pb_num,M4_Core_IonExchange,Ridge,LOG1P,15,-0.617398,0.46327,0.40371
Pb_num,M4_Core_IonExchange,Ridge,LOG1P,16,0.215303,2.094688,1.061013
Pb_num,M4_Core_IonExchange,Ridge,LOG1P,17,-0.358077,0.361472,0.319071
Pb_num,M4_Core_IonExchange,Ridge,LOG1P,18,0.138807,0.336312,0.293598
Pb_num,M4_Core_IonExchange,Ridge,LOG1P,19,0.093197,0.91293,0.644295
Pb_num,M4_Core_IonExchange,Ridge,LOG1P,20,0.219416,0.657215,0.53212
Pb_num,M4_Core_IonExchange,Ridge,LOG1P,21,-1.083167,0.449631,0.382161
Pb_num,M4_Core_IonExchange,Ridge,LOG1P,22,0.132168,2.22979,1.073666
Pb_num,M4_Core_IonExchange,Ridge,LOG1P,23,0.276489,0.697925,0.436713
Pb_num,M4_Core_IonExchange,Ridge,LOG1P,24,0.317617,0.786412,0.509254
Pb_num,M4_Core_IonExchange,Ridge,LOG1P,25,-32.500682,1.941872,0.861655
Pb_num,M4_Core_IonExchange,Ridge,RAW,1,-4.697845,0.658751,0.497287
Pb_num,M4_Core_IonExchange,Ridge,RAW,2,-0.209208,0.761808,0.641829
Pb_num,M4_Core_IonExchange,Ridge,RAW,3,0.184949,2.098534,1.080845
Pb_num,M4_Core_IonExchange,Ridge,RAW,4,0.273423,0.721559,0.529623
Pb_num,M4_Core_IonExchange,Ridge,RAW,5,0.105134,0.34204,0.306248
Pb_num,M4_Core_IonExchange,Ridge,RAW,6,-0.03553,0.731083,0.607057
Pb_num,M4_Core_IonExchange,Ridge,RAW,7,-39.152519,2.232191,1.290787
Pb_num,M4_Core_IonExchange,Ridge,RAW,8,0.482671,0.620006,0.444918
Pb_num,M4_Core_IonExchange,Ridge,RAW,9,0.083908,2.221008,1.162842
Pb_num,M4_Core_IonExchange,Ridge,RAW,10,-5.707071,0.734763,0.58101
Pb_num,M4_Core_IonExchange,Ridge,RAW,11,-32.955762,2.160854,1.117004
Pb_num,M4_Core_IonExchange,Ridge,RAW,12,0.100159,0.748462,0.593063
Pb_num,M4_Core_IonExchange,Ridge,RAW,13,-0.001855,2.386876,1.398127
Pb_num,M4_Core_IonExchange,Ridge,RAW,14,-9.670742,0.314173,0.240114
Pb_num,M4_Core_IonExchange,Ridge,RAW,15,-1.524273,0.578753,0.507496
Pb_num,M4_Core_IonExchange,Ridge,RAW,16,0.252454,2.044502,1.05013
Pb_num,M4_Core_IonExchange,Ridge,RAW,17,-1.415681,0.482094,0.443376
Pb_num,M4_Core_IonExchange,Ridge,RAW,18,-0.079761,0.376579,0.327805
Pb_num,M4_Core_IonExchange,Ridge,RAW,19,0.17545,0.870541,0.698361
Pb_num,M4_Core_IonExchange,Ridge,RAW,20,-0.962543,1.042094,0.862592
Pb_num,M4_Core_IonExchange,Ridge,RAW,21,-3.508604,0.661478,0.548306
Pb_num,M4_Core_IonExchange,Ridge,RAW,22,0.14865,2.208514,1.136321
Pb_num,M4_Core_IonExchange,Ridge,RAW,23,0.395972,0.637698,0.474211
Pb_num,M4_Core_IonExchange,Ridge,RAW,24,-0.157209,1.024099,0.692451
Pb_num,M4_Core_IonExchange,Ridge,RAW,25,-30.508165,1.883239,0.829387
Pb_num,M4_Core_IonExchange,Lasso,LOG1P,1,0.067114,0.266551,0.246392
Pb_num,M4_Core_IonExchange,Lasso,LOG1P,2,0.156586,0.636232,0.431475
Pb_num,M4_Core_IonExchange,Lasso,LOG1P,3,-0.096034,2.433524,1.185548
Pb_num,M4_Core_IonExchange,Lasso,LOG1P,4,0.164922,0.773561,0.519107
Pb_num,M4_Core_IonExchange,Lasso,LOG1P,5,-0.022244,0.365573,0.290599
Pb_num,M4_Core_IonExchange,Lasso,LOG1P,6,0.569219,0.471535,0.312147
Pb_num,M4_Core_IonExchange,Lasso,LOG1P,7,-16.008386,1.452802,0.788186
Pb_num,M4_Core_IonExchange,Lasso,LOG1P,8,0.155323,0.792242,0.551277
Pb_num,M4_Core_IonExchange,Lasso,LOG1P,9,-0.139993,2.477603,1.301859
Pb_num,M4_Core_IonExchange,Lasso,LOG1P,10,-0.306045,0.324235,0.284133
Pb_num,M4_Core_IonExchange,Lasso,LOG1P,11,-13.572162,1.415568,0.725674
Pb_num,M4_Core_IonExchange,Lasso,LOG1P,12,0.052833,0.767892,0.474736
Pb_num,M4_Core_IonExchange,Lasso,LOG1P,13,-0.266466,2.683639,1.54375
Pb_num,M4_Core_IonExchange,Lasso,LOG1P,14,-11.578541,0.341103,0.316807
Pb_num,M4_Core_IonExchange,Lasso,LOG1P,15,-0.299781,0.415298,0.333961
Pb_num,M4_Core_IonExchange,Lasso,LOG1P,16,0.125774,2.210957,1.073738
Pb_num,M4_Core_IonExchange,Lasso,LOG1P,17,-0.144694,0.331862,0.311689
Pb_num,M4_Core_IonExchange,Lasso,LOG1P,18,0.018987,0.358946,0.298891
Pb_num,M4_Core_IonExchange,Lasso,LOG1P,19,0.004669,0.956455,0.604798
Pb_num,M4_Core_IonExchange,Lasso,LOG1P,20,0.537205,0.506048,0.38877
Pb_num,M4_Core_IonExchange,Lasso,LOG1P,21,-0.677317,0.403461,0.303604
Pb_num,M4_Core_IonExchange,Lasso,LOG1P,22,0.037676,2.348046,1.07946
Pb_num,M4_Core_IonExchange,Lasso,LOG1P,23,0.118986,0.770154,0.46541
Pb_num,M4_Core_IonExchange,Lasso,LOG1P,24,0.312377,0.789425,0.577893
Pb_num,M4_Core_IonExchange,Lasso,LOG1P,25,-12.176407,1.217846,0.618371
Pb_num,M4_Core_IonExchange,Lasso,RAW,1,-2.193468,0.493171,0.4308
Pb_num,M4_Core_IonExchange,Lasso,RAW,2,0.272289,0.590982,0.474306
Pb_num,M4_Core_IonExchange,Lasso,RAW,3,0.111555,2.190982,1.150833
Pb_num,M4_Core_IonExchange,Lasso,RAW,4,0.28924,0.713662,0.573155
Pb_num,M4_Core_IonExchange,Lasso,RAW,5,0.14164,0.33499,0.261641
Pb_num,M4_Core_IonExchange,Lasso,RAW,6,0.556675,0.478351,0.417876
Pb_num,M4_Core_IonExchange,Lasso,RAW,7,-27.333155,1.875091,1.034878
Pb_num,M4_Core_IonExchange,Lasso,RAW,8,0.452465,0.637849,0.454044
Pb_num,M4_Core_IonExchange,Lasso,RAW,9,0.003088,2.316909,1.239679
Pb_num,M4_Core_IonExchange,Lasso,RAW,10,-2.177329,0.505722,0.416186
Pb_num,M4_Core_IonExchange,Lasso,RAW,11,-23.644693,1.840901,0.922736
Pb_num,M4_Core_IonExchange,Lasso,RAW,12,0.166057,0.720536,0.577231
Pb_num,M4_Core_IonExchange,Lasso,RAW,13,-0.11908,2.522655,1.408919
Pb_num,M4_Core_IonExchange,Lasso,RAW,14,-11.070317,0.334141,0.256604
Pb_num,M4_Core_IonExchange,Lasso,RAW,15,-0.806438,0.489595,0.448347
Pb_num,M4_Core_IonExchange,Lasso,RAW,16,0.238376,2.063663,1.062662
Pb_num,M4_Core_IonExchange,Lasso,RAW,17,-1.265341,0.466852,0.456049
Pb_num,M4_Core_IonExchange,Lasso,RAW,18,-0.122461,0.383952,0.315446
Pb_num,M4_Core_IonExchange,Lasso,RAW,19,0.33573,0.781364,0.586403
Pb_num,M4_Core_IonExchange,Lasso,RAW,20,0.171048,0.67727,0.56249
Pb_num,M4_Core_IonExchange,Lasso,RAW,21,-1.745213,0.516158,0.47605
Pb_num,M4_Core_IonExchange,Lasso,RAW,22,0.125044,2.238924,1.060103
Pb_num,M4_Core_IonExchange,Lasso,RAW,23,0.3404,0.666387,0.479054
Pb_num,M4_Core_IonExchange,Lasso,RAW,24,0.678624,0.539688,0.402849
Pb_num,M4_Core_IonExchange,Lasso,RAW,25,-23.011464,1.644005,0.734947
Pb_num,M4_Core_IonExchange,HuberRegressor,LOG1P,1,0.178739,0.250096,0.207035
Pb_num,M4_Core_IonExchange,HuberRegressor,LOG1P,2,0.161235,0.634476,0.517313
Pb_num,M4_Core_IonExchange,HuberRegressor,LOG1P,3,0.076762,2.233471,1.154353
Pb_num,M4_Core_IonExchange,HuberRegressor,LOG1P,4,0.048409,0.825764,0.551406
Pb_num,M4_Core_IonExchange,HuberRegressor,LOG1P,5,-0.060472,0.372346,0.29077
Pb_num,M4_Core_IonExchange,HuberRegressor,LOG1P,6,0.587877,0.46121,0.343954
Pb_num,M4_Core_IonExchange,HuberRegressor,LOG1P,7,-20.752639,1.642975,0.873177
Pb_num,M4_Core_IonExchange,HuberRegressor,LOG1P,8,0.155102,0.792345,0.480898
Pb_num,M4_Core_IonExchange,HuberRegressor,LOG1P,9,-0.06015,2.389265,1.240389
Pb_num,M4_Core_IonExchange,HuberRegressor,LOG1P,10,-1.599471,0.457429,0.391237
Pb_num,M4_Core_IonExchange,HuberRegressor,LOG1P,11,-26.385208,1.940558,0.876315
Pb_num,M4_Core_IonExchange,HuberRegressor,LOG1P,12,0.034359,0.775345,0.474714
Pb_num,M4_Core_IonExchange,HuberRegressor,LOG1P,13,-0.078873,2.476922,1.386175
Pb_num,M4_Core_IonExchange,HuberRegressor,LOG1P,14,-10.815787,0.330599,0.301912
Pb_num,M4_Core_IonExchange,HuberRegressor,LOG1P,15,-0.579952,0.457875,0.37974
Pb_num,M4_Core_IonExchange,HuberRegressor,LOG1P,16,0.188945,2.129579,1.134599
Pb_num,M4_Core_IonExchange,HuberRegressor,LOG1P,17,-0.332415,0.35804,0.308437
Pb_num,M4_Core_IonExchange,HuberRegressor,LOG1P,18,-0.006579,0.363593,0.265788
Pb_num,M4_Core_IonExchange,HuberRegressor,LOG1P,19,-0.022684,0.969509,0.626437
Pb_num,M4_Core_IonExchange,HuberRegressor,LOG1P,20,0.720117,0.393537,0.307596
Pb_num,M4_Core_IonExchange,HuberRegressor,LOG1P,21,-1.020157,0.442779,0.344012
Pb_num,M4_Core_IonExchange,HuberRegressor,LOG1P,22,0.098632,2.272465,1.101702
Pb_num,M4_Core_IonExchange,HuberRegressor,LOG1P,23,0.164088,0.750181,0.435552
Pb_num,M4_Core_IonExchange,HuberRegressor,LOG1P,24,-0.005097,0.954421,0.600373
Pb_num,M4_Core_IonExchange,HuberRegressor,LOG1P,25,-6.856875,0.940413,0.528626
Pb_num,M4_Core_IonExchange,HuberRegressor,RAW,1,-0.459738,0.333429,0.292255
Pb_num,M4_Core_IonExchange,HuberRegressor,RAW,2,0.126963,0.647309,0.589206
Pb_num,M4_Core_IonExchange,HuberRegressor,RAW,3,0.030828,2.288358,1.132494
Pb_num,M4_Core_IonExchange,HuberRegressor,RAW,4,-0.030033,0.859125,0.624978
Pb_num,M4_Core_IonExchange,HuberRegressor,RAW,5,-0.050648,0.370618,0.288959
Pb_num,M4_Core_IonExchange,HuberRegressor,RAW,6,0.446664,0.534416,0.389678
Pb_num,M4_Core_IonExchange,HuberRegressor,RAW,7,-7.494688,1.026712,0.675588
Pb_num,M4_Core_IonExchange,HuberRegressor,RAW,8,0.171534,0.784602,0.504889
Pb_num,M4_Core_IonExchange,HuberRegressor,RAW,9,-0.065945,2.395787,1.246337
Pb_num,M4_Core_IonExchange,HuberRegressor,RAW,10,-3.141464,0.577375,0.494437
Pb_num,M4_Core_IonExchange,HuberRegressor,RAW,11,-6.994089,1.048463,0.570967
Pb_num,M4_Core_IonExchange,HuberRegressor,RAW,12,0.03048,0.776901,0.521641
Pb_num,M4_Core_IonExchange,HuberRegressor,RAW,13,-0.084002,2.482803,1.391043
Pb_num,M4_Core_IonExchange,HuberRegressor,RAW,14,-25.006942,0.490473,0.413039
Pb_num,M4_Core_IonExchange,HuberRegressor,RAW,15,-0.809628,0.490027,0.434878
Pb_num,M4_Core_IonExchange,HuberRegressor,RAW,16,0.230236,2.074662,1.097151
Pb_num,M4_Core_IonExchange,HuberRegressor,RAW,17,-1.25221,0.465497,0.410553
Pb_num,M4_Core_IonExchange,HuberRegressor,RAW,18,0.027066,0.357465,0.26011
Pb_num,M4_Core_IonExchange,HuberRegressor,RAW,19,-0.027338,0.971713,0.627982
Pb_num,M4_Core_IonExchange,HuberRegressor,RAW,20,0.559019,0.493978,0.411397
Pb_num,M4_Core_IonExchange,HuberRegressor,RAW,21,-1.216646,0.463812,0.400359
Pb_num,M4_Core_IonExchange,HuberRegressor,RAW,22,0.103493,2.266328,1.185869
Pb_num,M4_Core_IonExchange,HuberRegressor,RAW,23,0.167796,0.748516,0.440527
Pb_num,M4_Core_IonExchange,HuberRegressor,RAW,24,-0.024964,0.963807,0.621011
Pb_num,M4_Core_IonExchange,HuberRegressor,RAW,25,-2.6884,0.644337,0.483909
Pb_num,M4_Core_IonExchange,SVR_RBF,LOG1P,1,-0.068514,0.28527,0.241561
Pb_num,M4_Core_IonExchange,SVR_RBF,LOG1P,2,-0.182484,0.753343,0.473738
Pb_num,M4_Core_IonExchange,SVR_RBF,LOG1P,3,-0.255314,2.604352,1.343439
Pb_num,M4_Core_IonExchange,SVR_RBF,LOG1P,4,0.301305,0.707578,0.466577
Pb_num,M4_Core_IonExchange,SVR_RBF,LOG1P,5,-0.113718,0.38158,0.344851
Pb_num,M4_Core_IonExchange,SVR_RBF,LOG1P,6,0.433912,0.54054,0.436625
Pb_num,M4_Core_IonExchange,SVR_RBF,LOG1P,7,-0.694677,0.458583,0.429753
Pb_num,M4_Core_IonExchange,SVR_RBF,LOG1P,8,0.181031,0.780092,0.558009
Pb_num,M4_Core_IonExchange,SVR_RBF,LOG1P,9,0.014446,2.303673,1.253451
Pb_num,M4_Core_IonExchange,SVR_RBF,LOG1P,10,-0.219235,0.313274,0.248819
Pb_num,M4_Core_IonExchange,SVR_RBF,LOG1P,11,0.193861,0.332946,0.315453
Pb_num,M4_Core_IonExchange,SVR_RBF,LOG1P,12,0.281879,0.66863,0.429865
Pb_num,M4_Core_IonExchange,SVR_RBF,LOG1P,13,-0.162615,2.571255,1.542613
Pb_num,M4_Core_IonExchange,SVR_RBF,LOG1P,14,-7.610632,0.28222,0.233857
Pb_num,M4_Core_IonExchange,SVR_RBF,LOG1P,15,-0.680027,0.472154,0.390024
Pb_num,M4_Core_IonExchange,SVR_RBF,LOG1P,16,0.106782,2.234845,0.977326
Pb_num,M4_Core_IonExchange,SVR_RBF,LOG1P,17,-1.278969,0.468254,0.374267
Pb_num,M4_Core_IonExchange,SVR_RBF,LOG1P,18,-0.220953,0.400444,0.324013
Pb_num,M4_Core_IonExchange,SVR_RBF,LOG1P,19,0.055719,0.931605,0.6384
Pb_num,M4_Core_IonExchange,SVR_RBF,LOG1P,20,0.530293,0.509813,0.4382
Pb_num,M4_Core_IonExchange,SVR_RBF,LOG1P,21,-0.740368,0.410974,0.332411
Pb_num,M4_Core_IonExchange,SVR_RBF,LOG1P,22,0.207932,2.130234,1.055638
Pb_num,M4_Core_IonExchange,SVR_RBF,LOG1P,23,0.386573,0.64264,0.440364
Pb_num,M4_Core_IonExchange,SVR_RBF,LOG1P,24,0.163426,0.870739,0.558722
Pb_num,M4_Core_IonExchange,SVR_RBF,LOG1P,25,-0.903157,0.46284,0.337657
Pb_num,M4_Core_IonExchange,SVR_RBF,RAW,1,-0.020899,0.278842,0.220146
Pb_num,M4_Core_IonExchange,SVR_RBF,RAW,2,-0.169754,0.749277,0.470361
Pb_num,M4_Core_IonExchange,SVR_RBF,RAW,3,-0.282179,2.632072,1.347447
Pb_num,M4_Core_IonExchange,SVR_RBF,RAW,4,0.246005,0.735047,0.451172
Pb_num,M4_Core_IonExchange,SVR_RBF,RAW,5,-0.153752,0.388377,0.348943
Pb_num,M4_Core_IonExchange,SVR_RBF,RAW,6,0.239919,0.626347,0.454463
Pb_num,M4_Core_IonExchange,SVR_RBF,RAW,7,-0.207783,0.387141,0.321733
Pb_num,M4_Core_IonExchange,SVR_RBF,RAW,8,0.161575,0.789304,0.570208
Pb_num,M4_Core_IonExchange,SVR_RBF,RAW,9,-0.045637,2.372855,1.267947
Pb_num,M4_Core_IonExchange,SVR_RBF,RAW,10,-0.374896,0.332672,0.274036
Pb_num,M4_Core_IonExchange,SVR_RBF,RAW,11,0.386156,0.290535,0.25523
Pb_num,M4_Core_IonExchange,SVR_RBF,RAW,12,0.197817,0.706682,0.433416
Pb_num,M4_Core_IonExchange,SVR_RBF,RAW,13,-0.163385,2.572107,1.507802
Pb_num,M4_Core_IonExchange,SVR_RBF,RAW,14,-7.032021,0.272573,0.234643
Pb_num,M4_Core_IonExchange,SVR_RBF,RAW,15,-0.898351,0.501896,0.428277
Pb_num,M4_Core_IonExchange,SVR_RBF,RAW,16,0.052193,2.302123,1.000217
Pb_num,M4_Core_IonExchange,SVR_RBF,RAW,17,-0.26394,0.348719,0.29884
Pb_num,M4_Core_IonExchange,SVR_RBF,RAW,18,-0.174126,0.392689,0.310976
Pb_num,M4_Core_IonExchange,SVR_RBF,RAW,19,-0.06246,0.988183,0.635945
Pb_num,M4_Core_IonExchange,SVR_RBF,RAW,20,0.297011,0.623694,0.480558
Pb_num,M4_Core_IonExchange,SVR_RBF,RAW,21,-0.926219,0.432362,0.35456
Pb_num,M4_Core_IonExchange,SVR_RBF,RAW,22,0.149279,2.207698,1.064047
Pb_num,M4_Core_IonExchange,SVR_RBF,RAW,23,0.27259,0.699803,0.457607
Pb_num,M4_Core_IonExchange,SVR_RBF,RAW,24,0.006183,0.94905,0.588467
Pb_num,M4_Core_IonExchange,SVR_RBF,RAW,25,0.171672,0.305348,0.237995
Pb_num,M5_Core_DepthInteractions,Ridge,LOG1P,1,0.314602,0.228474,0.189245
Pb_num,M5_Core_DepthInteractions,Ridge,LOG1P,2,-0.11631,0.731961,0.542916
Pb_num,M5_Core_DepthInteractions,Ridge,LOG1P,3,0.235908,2.031872,1.113097
Pb_num,M5_Core_DepthInteractions,Ridge,LOG1P,4,0.223674,0.745852,0.518032
Pb_num,M5_Core_DepthInteractions,Ridge,LOG1P,5,0.156004,0.332176,0.288089
Pb_num,M5_Core_DepthInteractions,Ridge,LOG1P,6,0.858886,0.26988,0.243626
Pb_num,M5_Core_DepthInteractions,Ridge,LOG1P,7,-42.18095,2.31484,1.124935
Pb_num,M5_Core_DepthInteractions,Ridge,LOG1P,8,0.375885,0.680996,0.376725
Pb_num,M5_Core_DepthInteractions,Ridge,LOG1P,9,0.083984,2.220916,1.199925
Pb_num,M5_Core_DepthInteractions,Ridge,LOG1P,10,-0.614188,0.360461,0.298082
Pb_num,M5_Core_DepthInteractions,Ridge,LOG1P,11,-35.087225,2.227642,0.984277
Pb_num,M5_Core_DepthInteractions,Ridge,LOG1P,12,0.206263,0.702952,0.489364
Pb_num,M5_Core_DepthInteractions,Ridge,LOG1P,13,-0.010742,2.397438,1.362075
Pb_num,M5_Core_DepthInteractions,Ridge,LOG1P,14,-6.011833,0.254675,0.176298
Pb_num,M5_Core_DepthInteractions,Ridge,LOG1P,15,-0.392801,0.429902,0.394468
Pb_num,M5_Core_DepthInteractions,Ridge,LOG1P,16,0.254741,2.041372,1.091518
Pb_num,M5_Core_DepthInteractions,Ridge,LOG1P,17,-0.232583,0.344366,0.298556
Pb_num,M5_Core_DepthInteractions,Ridge,LOG1P,18,0.369555,0.28775,0.237017
Pb_num,M5_Core_DepthInteractions,Ridge,LOG1P,19,0.140101,0.889006,0.63817
Pb_num,M5_Core_DepthInteractions,Ridge,LOG1P,20,0.773668,0.353892,0.291936
Pb_num,M5_Core_DepthInteractions,Ridge,LOG1P,21,-0.405999,0.369391,0.331656
Pb_num,M5_Core_DepthInteractions,Ridge,LOG1P,22,0.230253,2.100003,0.994633
Pb_num,M5_Core_DepthInteractions,Ridge,LOG1P,23,0.309976,0.681582,0.410868
Pb_num,M5_Core_DepthInteractions,Ridge,LOG1P,24,0.598678,0.603091,0.316148
Pb_num,M5_Core_DepthInteractions,Ridge,LOG1P,25,-33.129081,1.96,0.839123
Pb_num,M5_Core_DepthInteractions,Ridge,RAW,1,-1.096011,0.399542,0.312292
Pb_num,M5_Core_DepthInteractions,Ridge,RAW,2,-0.350985,0.805231,0.650286
Pb_num,M5_Core_DepthInteractions,Ridge,RAW,3,0.26857,1.98797,1.078695
Pb_num,M5_Core_DepthInteractions,Ridge,RAW,4,0.298611,0.708941,0.545745
Pb_num,M5_Core_DepthInteractions,Ridge,RAW,5,0.085797,0.345716,0.301778
Pb_num,M5_Core_DepthInteractions,Ridge,RAW,6,0.528541,0.493296,0.458697
Pb_num,M5_Core_DepthInteractions,Ridge,RAW,7,-31.163094,1.997809,1.155701
Pb_num,M5_Core_DepthInteractions,Ridge,RAW,8,0.611073,0.537584,0.304364
Pb_num,M5_Core_DepthInteractions,Ridge,RAW,9,0.120944,2.175649,1.186873
Pb_num,M5_Core_DepthInteractions,Ridge,RAW,10,-3.194573,0.581065,0.502065
Pb_num,M5_Core_DepthInteractions,Ridge,RAW,11,-26.418131,1.941724,0.985726
Pb_num,M5_Core_DepthInteractions,Ridge,RAW,12,0.19578,0.707578,0.580668
Pb_num,M5_Core_DepthInteractions,Ridge,RAW,13,0.009941,2.372782,1.372553
Pb_num,M5_Core_DepthInteractions,Ridge,RAW,14,-16.717813,0.404833,0.326112
Pb_num,M5_Core_DepthInteractions,Ridge,RAW,15,-1.51336,0.577501,0.52528
Pb_num,M5_Core_DepthInteractions,Ridge,RAW,16,0.315447,1.956465,1.01405
Pb_num,M5_Core_DepthInteractions,Ridge,RAW,17,-1.375991,0.478117,0.404857
Pb_num,M5_Core_DepthInteractions,Ridge,RAW,18,0.644341,0.216127,0.179008
Pb_num,M5_Core_DepthInteractions,Ridge,RAW,19,0.340607,0.77849,0.673691
Pb_num,M5_Core_DepthInteractions,Ridge,RAW,20,-0.029154,0.754636,0.626974
Pb_num,M5_Core_DepthInteractions,Ridge,RAW,21,-1.943369,0.534462,0.470698
Pb_num,M5_Core_DepthInteractions,Ridge,RAW,22,0.240535,2.08593,1.02865
Pb_num,M5_Core_DepthInteractions,Ridge,RAW,23,0.450276,0.608357,0.441319
Pb_num,M5_Core_DepthInteractions,Ridge,RAW,24,0.641257,0.570201,0.445389
Pb_num,M5_Core_DepthInteractions,Ridge,RAW,25,-24.35168,1.689263,0.763335
Pb_num,M5_Core_DepthInteractions,Lasso,LOG1P,1,0.067114,0.266551,0.246392
Pb_num,M5_Core_DepthInteractions,Lasso,LOG1P,2,0.156586,0.636232,0.431475
Pb_num,M5_Core_DepthInteractions,Lasso,LOG1P,3,-0.096034,2.433524,1.185548
Pb_num,M5_Core_DepthInteractions,Lasso,LOG1P,4,0.164922,0.773561,0.519107
Pb_num,M5_Core_DepthInteractions,Lasso,LOG1P,5,-0.022244,0.365573,0.290599
Pb_num,M5_Core_DepthInteractions,Lasso,LOG1P,6,0.569219,0.471535,0.312147
Pb_num,M5_Core_DepthInteractions,Lasso,LOG1P,7,-16.008386,1.452802,0.788186
Pb_num,M5_Core_DepthInteractions,Lasso,LOG1P,8,0.155323,0.792242,0.551277
Pb_num,M5_Core_DepthInteractions,Lasso,LOG1P,9,-0.139993,2.477603,1.301859
Pb_num,M5_Core_DepthInteractions,Lasso,LOG1P,10,-0.306045,0.324235,0.284133
Pb_num,M5_Core_DepthInteractions,Lasso,LOG1P,11,-13.572162,1.415568,0.725674
Pb_num,M5_Core_DepthInteractions,Lasso,LOG1P,12,0.052833,0.767892,0.474736
Pb_num,M5_Core_DepthInteractions,Lasso,LOG1P,13,-0.266466,2.683639,1.54375
Pb_num,M5_Core_DepthInteractions,Lasso,LOG1P,14,-11.578541,0.341103,0.316807
Pb_num,M5_Core_DepthInteractions,Lasso,LOG1P,15,-0.299781,0.415298,0.333961
Pb_num,M5_Core_DepthInteractions,Lasso,LOG1P,16,0.125774,2.210957,1.073738
Pb_num,M5_Core_DepthInteractions,Lasso,LOG1P,17,-0.137454,0.33081,0.310455
Pb_num,M5_Core_DepthInteractions,Lasso,LOG1P,18,0.018987,0.358946,0.298891
Pb_num,M5_Core_DepthInteractions,Lasso,LOG1P,19,0.004669,0.956455,0.604798
Pb_num,M5_Core_DepthInteractions,Lasso,LOG1P,20,0.537205,0.506048,0.38877
Pb_num,M5_Core_DepthInteractions,Lasso,LOG1P,21,-0.677317,0.403461,0.303604
Pb_num,M5_Core_DepthInteractions,Lasso,LOG1P,22,0.037676,2.348046,1.07946
Pb_num,M5_Core_DepthInteractions,Lasso,LOG1P,23,0.118986,0.770154,0.46541
Pb_num,M5_Core_DepthInteractions,Lasso,LOG1P,24,0.312377,0.789425,0.577893
Pb_num,M5_Core_DepthInteractions,Lasso,LOG1P,25,-12.176407,1.217846,0.618371
Pb_num,M5_Core_DepthInteractions,Lasso,RAW,1,-2.192237,0.493076,0.430713
Pb_num,M5_Core_DepthInteractions,Lasso,RAW,2,0.272868,0.590747,0.474084
Pb_num,M5_Core_DepthInteractions,Lasso,RAW,3,0.114822,2.18695,1.153713
Pb_num,M5_Core_DepthInteractions,Lasso,RAW,4,0.28924,0.713662,0.573155
Pb_num,M5_Core_DepthInteractions,Lasso,RAW,5,0.141501,0.335017,0.261497
Pb_num,M5_Core_DepthInteractions,Lasso,RAW,6,0.556214,0.478599,0.417985
Pb_num,M5_Core_DepthInteractions,Lasso,RAW,7,-27.356642,1.875868,1.035052
Pb_num,M5_Core_DepthInteractions,Lasso,RAW,8,0.452465,0.637849,0.454044
Pb_num,M5_Core_DepthInteractions,Lasso,RAW,9,0.00305,2.316954,1.239778
Pb_num,M5_Core_DepthInteractions,Lasso,RAW,10,-2.178789,0.505839,0.416301
Pb_num,M5_Core_DepthInteractions,Lasso,RAW,11,-23.6456,1.840934,0.922794
Pb_num,M5_Core_DepthInteractions,Lasso,RAW,12,0.166057,0.720536,0.577231
Pb_num,M5_Core_DepthInteractions,Lasso,RAW,13,-0.11908,2.522655,1.408919
Pb_num,M5_Core_DepthInteractions,Lasso,RAW,14,-11.066513,0.334089,0.25653
Pb_num,M5_Core_DepthInteractions,Lasso,RAW,15,-0.722627,0.478102,0.43725
Pb_num,M5_Core_DepthInteractions,Lasso,RAW,16,0.253117,2.043595,1.062264
Pb_num,M5_Core_DepthInteractions,Lasso,RAW,17,-1.249344,0.465201,0.454584
Pb_num,M5_Core_DepthInteractions,Lasso,RAW,18,-0.122042,0.383881,0.315207
Pb_num,M5_Core_DepthInteractions,Lasso,RAW,19,0.335731,0.781363,0.586435
Pb_num,M5_Core_DepthInteractions,Lasso,RAW,20,0.184516,0.671746,0.548195
Pb_num,M5_Core_DepthInteractions,Lasso,RAW,21,-1.744683,0.516108,0.475984
Pb_num,M5_Core_DepthInteractions,Lasso,RAW,22,0.155922,2.199062,1.045289
Pb_num,M5_Core_DepthInteractions,Lasso,RAW,23,0.340244,0.666466,0.479166
Pb_num,M5_Core_DepthInteractions,Lasso,RAW,24,0.67815,0.540086,0.403253
Pb_num,M5_Core_DepthInteractions,Lasso,RAW,25,-23.015319,1.644137,0.734826
Pb_num,M5_Core_DepthInteractions,HuberRegressor,LOG1P,1,-0.052168,0.28308,0.204418
Pb_num,M5_Core_DepthInteractions,HuberRegressor,LOG1P,2,-0.679154,0.897719,0.652296
Pb_num,M5_Core_DepthInteractions,HuberRegressor,LOG1P,3,0.164344,2.124895,1.097352
Pb_num,M5_Core_DepthInteractions,HuberRegressor,LOG1P,4,0.078066,0.812794,0.547794
Pb_num,M5_Core_DepthInteractions,HuberRegressor,LOG1P,5,0.031486,0.355836,0.302928
Pb_num,M5_Core_DepthInteractions,HuberRegressor,LOG1P,6,0.503915,0.506015,0.379912
Pb_num,M5_Core_DepthInteractions,HuberRegressor,LOG1P,7,-16.858896,1.488683,0.806146
Pb_num,M5_Core_DepthInteractions,HuberRegressor,LOG1P,8,0.259762,0.741648,0.416628
Pb_num,M5_Core_DepthInteractions,HuberRegressor,LOG1P,9,0.369501,1.842565,1.050254
Pb_num,M5_Core_DepthInteractions,HuberRegressor,LOG1P,10,-1.884595,0.481863,0.401798
Pb_num,M5_Core_DepthInteractions,HuberRegressor,LOG1P,11,-0.113112,0.391235,0.269285
Pb_num,M5_Core_DepthInteractions,HuberRegressor,LOG1P,12,0.164878,0.721044,0.431744
Pb_num,M5_Core_DepthInteractions,HuberRegressor,LOG1P,13,0.105102,2.25587,1.272727
Pb_num,M5_Core_DepthInteractions,HuberRegressor,LOG1P,14,-74.528212,0.835844,0.702413
Pb_num,M5_Core_DepthInteractions,HuberRegressor,LOG1P,15,-0.393897,0.430071,0.35732
Pb_num,M5_Core_DepthInteractions,HuberRegressor,LOG1P,16,0.376774,1.866772,0.97719
Pb_num,M5_Core_DepthInteractions,HuberRegressor,LOG1P,17,-0.089623,0.32378,0.264233
Pb_num,M5_Core_DepthInteractions,HuberRegressor,LOG1P,18,-0.953899,0.506574,0.392029
Pb_num,M5_Core_DepthInteractions,HuberRegressor,LOG1P,19,0.005251,0.956176,0.6112
Pb_num,M5_Core_DepthInteractions,HuberRegressor,LOG1P,20,0.835741,0.301482,0.263804
Pb_num,M5_Core_DepthInteractions,HuberRegressor,LOG1P,21,-1.428221,0.485443,0.397509
Pb_num,M5_Core_DepthInteractions,HuberRegressor,LOG1P,22,0.379199,1.885915,0.891431
Pb_num,M5_Core_DepthInteractions,HuberRegressor,LOG1P,23,0.221954,0.72375,0.450212
Pb_num,M5_Core_DepthInteractions,HuberRegressor,LOG1P,24,0.213393,0.844335,0.558684
Pb_num,M5_Core_DepthInteractions,HuberRegressor,LOG1P,25,-3.446491,0.707461,0.416296
Pb_num,M5_Core_DepthInteractions,HuberRegressor,RAW,1,-1.572948,0.442672,0.295039
Pb_num,M5_Core_DepthInteractions,HuberRegressor,RAW,2,-0.889299,0.952238,0.697847
Pb_num,M5_Core_DepthInteractions,HuberRegressor,RAW,3,0.07704,2.233135,1.096987
Pb_num,M5_Core_DepthInteractions,HuberRegressor,RAW,4,-0.439529,1.015643,0.715994
Pb_num,M5_Core_DepthInteractions,HuberRegressor,RAW,5,0.068377,0.348994,0.319483
Pb_num,M5_Core_DepthInteractions,HuberRegressor,RAW,6,0.144226,0.664607,0.505339
Pb_num,M5_Core_DepthInteractions,HuberRegressor,RAW,7,-4.89154,0.855046,0.575623
Pb_num,M5_Core_DepthInteractions,HuberRegressor,RAW,8,0.335511,0.702678,0.488911
Pb_num,M5_Core_DepthInteractions,HuberRegressor,RAW,9,0.147714,2.142266,1.162589
Pb_num,M5_Core_DepthInteractions,HuberRegressor,RAW,10,-5.743727,0.736769,0.559976
Pb_num,M5_Core_DepthInteractions,HuberRegressor,RAW,11,-4.268722,0.85118,0.516217
Pb_num,M5_Core_DepthInteractions,HuberRegressor,RAW,12,0.224146,0.694988,0.455911
Pb_num,M5_Core_DepthInteractions,HuberRegressor,RAW,13,0.02579,2.353713,1.312738
Pb_num,M5_Core_DepthInteractions,HuberRegressor,RAW,14,-87.18199,0.903152,0.803722
Pb_num,M5_Core_DepthInteractions,HuberRegressor,RAW,15,-0.454931,0.439386,0.392216
Pb_num,M5_Core_DepthInteractions,HuberRegressor,RAW,16,0.404728,1.824426,0.900096
Pb_num,M5_Core_DepthInteractions,HuberRegressor,RAW,17,-0.598835,0.392206,0.344716
Pb_num,M5_Core_DepthInteractions,HuberRegressor,RAW,18,-3.487996,0.767747,0.529899
Pb_num,M5_Core_DepthInteractions,HuberRegressor,RAW,19,0.065363,0.926835,0.615598
Pb_num,M5_Core_DepthInteractions,HuberRegressor,RAW,20,-0.271841,0.838907,0.663642
Pb_num,M5_Core_DepthInteractions,HuberRegressor,RAW,21,-2.97279,0.620929,0.494891
Pb_num,M5_Core_DepthInteractions,HuberRegressor,RAW,22,0.273884,2.039619,0.959949
Pb_num,M5_Core_DepthInteractions,HuberRegressor,RAW,23,0.295927,0.688486,0.446274
Pb_num,M5_Core_DepthInteractions,HuberRegressor,RAW,24,0.032795,0.936258,0.676575
Pb_num,M5_Core_DepthInteractions,HuberRegressor,RAW,25,-1.863722,0.567753,0.374102
Pb_num,M5_Core_DepthInteractions,SVR_RBF,LOG1P,1,0.128844,0.257581,0.216937
Pb_num,M5_Core_DepthInteractions,SVR_RBF,LOG1P,2,-0.425487,0.827136,0.574588
Pb_num,M5_Core_DepthInteractions,SVR_RBF,LOG1P,3,-0.277892,2.627669,1.333822
Pb_num,M5_Core_DepthInteractions,SVR_RBF,LOG1P,4,0.208833,0.752948,0.473229
Pb_num,M5_Core_DepthInteractions,SVR_RBF,LOG1P,5,-0.015083,0.364291,0.31663
Pb_num,M5_Core_DepthInteractions,SVR_RBF,LOG1P,6,0.508296,0.503776,0.390692
Pb_num,M5_Core_DepthInteractions,SVR_RBF,LOG1P,7,-0.806668,0.473494,0.433589
Pb_num,M5_Core_DepthInteractions,SVR_RBF,LOG1P,8,0.20133,0.770364,0.523152
Pb_num,M5_Core_DepthInteractions,SVR_RBF,LOG1P,9,0.120275,2.176478,1.217479
Pb_num,M5_Core_DepthInteractions,SVR_RBF,LOG1P,10,-1.969517,0.488904,0.342959
Pb_num,M5_Core_DepthInteractions,SVR_RBF,LOG1P,11,0.46493,0.271252,0.237198
Pb_num,M5_Core_DepthInteractions,SVR_RBF,LOG1P,12,0.181368,0.71389,0.431922
Pb_num,M5_Core_DepthInteractions,SVR_RBF,LOG1P,13,-0.166338,2.575369,1.518051
Pb_num,M5_Core_DepthInteractions,SVR_RBF,LOG1P,14,-8.991588,0.30401,0.220069
Pb_num,M5_Core_DepthInteractions,SVR_RBF,LOG1P,15,-2.124636,0.64391,0.57112
Pb_num,M5_Core_DepthInteractions,SVR_RBF,LOG1P,16,0.220525,2.087707,0.924355
Pb_num,M5_Core_DepthInteractions,SVR_RBF,LOG1P,17,-0.146049,0.332058,0.282841
Pb_num,M5_Core_DepthInteractions,SVR_RBF,LOG1P,18,-0.215707,0.399582,0.329266
Pb_num,M5_Core_DepthInteractions,SVR_RBF,LOG1P,19,-0.012493,0.964666,0.604005
Pb_num,M5_Core_DepthInteractions,SVR_RBF,LOG1P,20,0.500444,0.525763,0.457262
Pb_num,M5_Core_DepthInteractions,SVR_RBF,LOG1P,21,-1.153958,0.457207,0.362412
Pb_num,M5_Core_DepthInteractions,SVR_RBF,LOG1P,22,0.297598,2.006036,0.997249
Pb_num,M5_Core_DepthInteractions,SVR_RBF,LOG1P,23,0.28035,0.69606,0.400063
Pb_num,M5_Core_DepthInteractions,SVR_RBF,LOG1P,24,0.308206,0.791816,0.497117
Pb_num,M5_Core_DepthInteractions,SVR_RBF,LOG1P,25,0.192969,0.301397,0.228148
Pb_num,M5_Core_DepthInteractions,SVR_RBF,RAW,1,-0.040065,0.281447,0.23177
Pb_num,M5_Core_DepthInteractions,SVR_RBF,RAW,2,-0.319618,0.795828,0.537372
Pb_num,M5_Core_DepthInteractions,SVR_RBF,RAW,3,-0.291987,2.642121,1.340439
Pb_num,M5_Core_DepthInteractions,SVR_RBF,RAW,4,0.191909,0.760959,0.460917
Pb_num,M5_Core_DepthInteractions,SVR_RBF,RAW,5,0.000469,0.361489,0.318098
Pb_num,M5_Core_DepthInteractions,SVR_RBF,RAW,6,0.213877,0.636987,0.420364
Pb_num,M5_Core_DepthInteractions,SVR_RBF,RAW,7,-0.258054,0.395116,0.330126
Pb_num,M5_Core_DepthInteractions,SVR_RBF,RAW,8,0.160487,0.789816,0.541638
Pb_num,M5_Core_DepthInteractions,SVR_RBF,RAW,9,0.016324,2.301478,1.249558
Pb_num,M5_Core_DepthInteractions,SVR_RBF,RAW,10,-0.95546,0.39674,0.298468
Pb_num,M5_Core_DepthInteractions,SVR_RBF,RAW,11,0.502619,0.261525,0.236597
Pb_num,M5_Core_DepthInteractions,SVR_RBF,RAW,12,0.12574,0.737747,0.459025
Pb_num,M5_Core_DepthInteractions,SVR_RBF,RAW,13,-0.176345,2.586393,1.510362
Pb_num,M5_Core_DepthInteractions,SVR_RBF,RAW,14,-7.188809,0.275221,0.218501
Pb_num,M5_Core_DepthInteractions,SVR_RBF,RAW,15,-1.301759,0.552656,0.483509
Pb_num,M5_Core_DepthInteractions,SVR_RBF,RAW,16,0.115382,2.224059,0.984349
Pb_num,M5_Core_DepthInteractions,SVR_RBF,RAW,17,0.000531,0.310097,0.27062
Pb_num,M5_Core_DepthInteractions,SVR_RBF,RAW,18,-0.188912,0.395154,0.322148
Pb_num,M5_Core_DepthInteractions,SVR_RBF,RAW,19,-0.066407,0.990017,0.609124
Pb_num,M5_Core_DepthInteractions,SVR_RBF,RAW,20,0.413597,0.569634,0.459447
Pb_num,M5_Core_DepthInteractions,SVR_RBF,RAW,21,-1.02875,0.44372,0.338427
Pb_num,M5_Core_DepthInteractions,SVR_RBF,RAW,22,0.195525,2.146853,1.029345
Pb_num,M5_Core_DepthInteractions,SVR_RBF,RAW,23,0.204377,0.73188,0.436155
Pb_num,M5_Core_DepthInteractions,SVR_RBF,RAW,24,0.127481,0.889249,0.549916
Pb_num,M5_Core_DepthInteractions,SVR_RBF,RAW,25,0.5293,0.230179,0.202196
Pb_num,M7_Stage5_AdvancedRatios,Ridge,LOG1P,1,-16.408658,1.15146,0.677878
Pb_num,M7_Stage5_AdvancedRatios,Ridge,LOG1P,2,-18.079257,3.026049,1.558806
Pb_num,M7_Stage5_AdvancedRatios,Ridge,LOG1P,3,0.209327,2.066912,1.09894
Pb_num,M7_Stage5_AdvancedRatios,Ridge,LOG1P,4,0.223647,0.745865,0.485819
Pb_num,M7_Stage5_AdvancedRatios,Ridge,LOG1P,5,-0.069698,0.373962,0.292028
Pb_num,M7_Stage5_AdvancedRatios,Ridge,LOG1P,6,0.564117,0.474319,0.352218
Pb_num,M7_Stage5_AdvancedRatios,Ridge,LOG1P,7,-21.48585,1.670435,1.130875
Pb_num,M7_Stage5_AdvancedRatios,Ridge,LOG1P,8,0.225759,0.758491,0.444315
Pb_num,M7_Stage5_AdvancedRatios,Ridge,LOG1P,9,0.025453,2.290773,1.22639
Pb_num,M7_Stage5_AdvancedRatios,Ridge,LOG1P,10,-126.246027,3.200392,1.440917
Pb_num,M7_Stage5_AdvancedRatios,Ridge,LOG1P,11,-37.339519,2.296106,1.045039
Pb_num,M7_Stage5_AdvancedRatios,Ridge,LOG1P,12,0.036834,0.774351,0.530156
Pb_num,M7_Stage5_AdvancedRatios,Ridge,LOG1P,13,-0.008422,2.394685,1.386937
Pb_num,M7_Stage5_AdvancedRatios,Ridge,LOG1P,14,-141.100092,1.146484,0.606264
Pb_num,M7_Stage5_AdvancedRatios,Ridge,LOG1P,15,-5.301139,0.914397,0.575144
Pb_num,M7_Stage5_AdvancedRatios,Ridge,LOG1P,16,0.27743,2.010058,1.073207
Pb_num,M7_Stage5_AdvancedRatios,Ridge,LOG1P,17,-0.661274,0.399791,0.322479
Pb_num,M7_Stage5_AdvancedRatios,Ridge,LOG1P,18,-18.550392,1.602395,0.849654
Pb_num,M7_Stage5_AdvancedRatios,Ridge,LOG1P,19,0.239292,0.836161,0.565836
Pb_num,M7_Stage5_AdvancedRatios,Ridge,LOG1P,20,-27.759195,3.989201,1.931977
Pb_num,M7_Stage5_AdvancedRatios,Ridge,LOG1P,21,-26.844223,1.643849,0.851243
Pb_num,M7_Stage5_AdvancedRatios,Ridge,LOG1P,22,0.197271,2.144521,1.026844
Pb_num,M7_Stage5_AdvancedRatios,Ridge,LOG1P,23,-0.527474,1.014082,0.699235
Pb_num,M7_Stage5_AdvancedRatios,Ridge,LOG1P,24,0.480707,0.686029,0.421704
Pb_num,M7_Stage5_AdvancedRatios,Ridge,LOG1P,25,-27.593206,1.794012,0.828438
Pb_num,M7_Stage5_AdvancedRatios,Ridge,RAW,1,-45.901596,1.889992,1.301205
Pb_num,M7_Stage5_AdvancedRatios,Ridge,RAW,2,-6.15729,1.853401,1.197475
Pb_num,M7_Stage5_AdvancedRatios,Ridge,RAW,3,0.254672,2.006769,1.045461
Pb_num,M7_Stage5_AdvancedRatios,Ridge,RAW,4,0.340076,0.687666,0.507749
Pb_num,M7_Stage5_AdvancedRatios,Ridge,RAW,5,-0.143115,0.386583,0.297242
Pb_num,M7_Stage5_AdvancedRatios,Ridge,RAW,6,-0.880564,0.985211,0.666538
Pb_num,M7_Stage5_AdvancedRatios,Ridge,RAW,7,-36.641391,2.161264,1.543338
Pb_num,M7_Stage5_AdvancedRatios,Ridge,RAW,8,0.303086,0.719618,0.496153
Pb_num,M7_Stage5_AdvancedRatios,Ridge,RAW,9,0.103286,2.197393,1.170109
Pb_num,M7_Stage5_AdvancedRatios,Ridge,RAW,10,-52.821933,2.081425,1.133214
Pb_num,M7_Stage5_AdvancedRatios,Ridge,RAW,11,-29.042666,2.032534,1.150813
Pb_num,M7_Stage5_AdvancedRatios,Ridge,RAW,12,0.00339,0.78768,0.644335
Pb_num,M7_Stage5_AdvancedRatios,Ridge,RAW,13,0.024998,2.35467,1.416219
Pb_num,M7_Stage5_AdvancedRatios,Ridge,RAW,14,-334.185287,1.760813,1.082018
Pb_num,M7_Stage5_AdvancedRatios,Ridge,RAW,15,-9.10987,1.158239,0.65528
Pb_num,M7_Stage5_AdvancedRatios,Ridge,RAW,16,0.32484,1.942995,1.022551
Pb_num,M7_Stage5_AdvancedRatios,Ridge,RAW,17,-1.680467,0.507829,0.410586
Pb_num,M7_Stage5_AdvancedRatios,Ridge,RAW,18,-40.389976,2.331521,1.5121
Pb_num,M7_Stage5_AdvancedRatios,Ridge,RAW,19,0.599615,0.606625,0.448979
Pb_num,M7_Stage5_AdvancedRatios,Ridge,RAW,20,-11.250874,2.603641,1.695734
Pb_num,M7_Stage5_AdvancedRatios,Ridge,RAW,21,-29.460788,1.719352,0.909013
Pb_num,M7_Stage5_AdvancedRatios,Ridge,RAW,22,0.220273,2.113573,1.057093
Pb_num,M7_Stage5_AdvancedRatios,Ridge,RAW,23,-2.584127,1.55338,1.005033
Pb_num,M7_Stage5_AdvancedRatios,Ridge,RAW,24,0.147893,0.878786,0.527612
Pb_num,M7_Stage5_AdvancedRatios,Ridge,RAW,25,-26.853164,1.770643,0.8159
Pb_num,M7_Stage5_AdvancedRatios,Lasso,LOG1P,1,0.017404,0.273561,0.251328
Pb_num,M7_Stage5_AdvancedRatios,Lasso,LOG1P,2,-0.834242,0.938261,0.659374
Pb_num,M7_Stage5_AdvancedRatios,Lasso,LOG1P,3,-0.099821,2.437724,1.188851
Pb_num,M7_Stage5_AdvancedRatios,Lasso,LOG1P,4,0.151087,0.779942,0.522524
Pb_num,M7_Stage5_AdvancedRatios,Lasso,LOG1P,5,-0.044237,0.369485,0.293876
Pb_num,M7_Stage5_AdvancedRatios,Lasso,LOG1P,6,0.5943,0.457602,0.305272
Pb_num,M7_Stage5_AdvancedRatios,Lasso,LOG1P,7,-15.921444,1.449084,0.786865
Pb_num,M7_Stage5_AdvancedRatios,Lasso,LOG1P,8,0.153219,0.793228,0.539298
Pb_num,M7_Stage5_AdvancedRatios,Lasso,LOG1P,9,-0.139853,2.477451,1.301617
Pb_num,M7_Stage5_AdvancedRatios,Lasso,LOG1P,10,-28.622717,1.544164,0.82351
Pb_num,M7_Stage5_AdvancedRatios,Lasso,LOG1P,11,-13.572162,1.415568,0.725674
Pb_num,M7_Stage5_AdvancedRatios,Lasso,LOG1P,12,0.027037,0.778279,0.476122
Pb_num,M7_Stage5_AdvancedRatios,Lasso,LOG1P,13,-0.266466,2.683639,1.54375
Pb_num,M7_Stage5_AdvancedRatios,Lasso,LOG1P,14,-12.770028,0.356893,0.33151
Pb_num,M7_Stage5_AdvancedRatios,Lasso,LOG1P,15,-0.27423,0.411196,0.328628
Pb_num,M7_Stage5_AdvancedRatios,Lasso,LOG1P,16,0.115923,2.22338,1.059518
Pb_num,M7_Stage5_AdvancedRatios,Lasso,LOG1P,17,-0.091253,0.324022,0.306336
Pb_num,M7_Stage5_AdvancedRatios,Lasso,LOG1P,18,-0.011062,0.364402,0.297905
Pb_num,M7_Stage5_AdvancedRatios,Lasso,LOG1P,19,0.011894,0.952978,0.607819
Pb_num,M7_Stage5_AdvancedRatios,Lasso,LOG1P,20,-1.549854,1.187832,0.753431
Pb_num,M7_Stage5_AdvancedRatios,Lasso,LOG1P,21,-5.301407,0.782011,0.533352
Pb_num,M7_Stage5_AdvancedRatios,Lasso,LOG1P,22,0.033022,2.353717,1.101373
Pb_num,M7_Stage5_AdvancedRatios,Lasso,LOG1P,23,0.110958,0.773655,0.458388
Pb_num,M7_Stage5_AdvancedRatios,Lasso,LOG1P,24,0.312377,0.789425,0.577893
Pb_num,M7_Stage5_AdvancedRatios,Lasso,LOG1P,25,-11.41825,1.18229,0.609595
Pb_num,M7_Stage5_AdvancedRatios,Lasso,RAW,1,-13.680211,1.057383,0.762919
Pb_num,M7_Stage5_AdvancedRatios,Lasso,RAW,2,-2.818896,1.35383,0.988657
Pb_num,M7_Stage5_AdvancedRatios,Lasso,RAW,3,0.090858,2.216355,1.103286
Pb_num,M7_Stage5_AdvancedRatios,Lasso,RAW,4,0.32107,0.697498,0.563185
Pb_num,M7_Stage5_AdvancedRatios,Lasso,RAW,5,0.076278,0.347511,0.27509
Pb_num,M7_Stage5_AdvancedRatios,Lasso,RAW,6,0.503853,0.506047,0.365326
Pb_num,M7_Stage5_AdvancedRatios,Lasso,RAW,7,-26.096664,1.833719,1.202838
Pb_num,M7_Stage5_AdvancedRatios,Lasso,RAW,8,0.33344,0.703772,0.522065
Pb_num,M7_Stage5_AdvancedRatios,Lasso,RAW,9,0.004028,2.315817,1.240211
Pb_num,M7_Stage5_AdvancedRatios,Lasso,RAW,10,-37.983408,1.771418,0.998255
Pb_num,M7_Stage5_AdvancedRatios,Lasso,RAW,11,-24.716601,1.880509,0.953506
Pb_num,M7_Stage5_AdvancedRatios,Lasso,RAW,12,0.183565,0.712932,0.56578
Pb_num,M7_Stage5_AdvancedRatios,Lasso,RAW,13,-0.117353,2.520707,1.406247
Pb_num,M7_Stage5_AdvancedRatios,Lasso,RAW,14,-143.025357,1.154225,0.841806
Pb_num,M7_Stage5_AdvancedRatios,Lasso,RAW,15,-1.879557,0.618142,0.469412
Pb_num,M7_Stage5_AdvancedRatios,Lasso,RAW,16,0.237108,2.06538,1.048359
Pb_num,M7_Stage5_AdvancedRatios,Lasso,RAW,17,-0.972698,0.435655,0.397893
Pb_num,M7_Stage5_AdvancedRatios,Lasso,RAW,18,-12.633863,1.338139,0.934412
Pb_num,M7_Stage5_AdvancedRatios,Lasso,RAW,19,0.401267,0.741818,0.548775
Pb_num,M7_Stage5_AdvancedRatios,Lasso,RAW,20,-3.730376,1.617876,1.115432
Pb_num,M7_Stage5_AdvancedRatios,Lasso,RAW,21,-21.759582,1.486197,0.832376
Pb_num,M7_Stage5_AdvancedRatios,Lasso,RAW,22,0.141488,2.217784,1.09875
Pb_num,M7_Stage5_AdvancedRatios,Lasso,RAW,23,-0.441746,0.985214,0.770737
Pb_num,M7_Stage5_AdvancedRatios,Lasso,RAW,24,0.557842,0.63303,0.434148
Pb_num,M7_Stage5_AdvancedRatios,Lasso,RAW,25,-24.235193,1.685377,0.772028
Pb_num,M7_Stage5_AdvancedRatios,HuberRegressor,LOG1P,1,-55.529633,2.074934,1.085101
Pb_num,M7_Stage5_AdvancedRatios,HuberRegressor,LOG1P,2,-79.041543,6.198019,2.698841
Pb_num,M7_Stage5_AdvancedRatios,HuberRegressor,LOG1P,3,0.071977,2.239251,1.275721
Pb_num,M7_Stage5_AdvancedRatios,HuberRegressor,LOG1P,4,0.070264,0.816226,0.525484
Pb_num,M7_Stage5_AdvancedRatios,HuberRegressor,LOG1P,5,-0.474084,0.438994,0.33289
Pb_num,M7_Stage5_AdvancedRatios,HuberRegressor,LOG1P,6,0.517999,0.49878,0.362274
Pb_num,M7_Stage5_AdvancedRatios,HuberRegressor,LOG1P,7,-30.83354,1.987547,1.310678
Pb_num,M7_Stage5_AdvancedRatios,HuberRegressor,LOG1P,8,0.097536,0.818893,0.471789
Pb_num,M7_Stage5_AdvancedRatios,HuberRegressor,LOG1P,9,-0.189421,2.530746,1.34646
Pb_num,M7_Stage5_AdvancedRatios,HuberRegressor,LOG1P,10,-395.998159,5.652952,2.386233
Pb_num,M7_Stage5_AdvancedRatios,HuberRegressor,LOG1P,11,-24.114124,1.858351,0.822983
Pb_num,M7_Stage5_AdvancedRatios,HuberRegressor,LOG1P,12,-0.091784,0.824433,0.550338
Pb_num,M7_Stage5_AdvancedRatios,HuberRegressor,LOG1P,13,-0.129242,2.534082,1.480206
Pb_num,M7_Stage5_AdvancedRatios,HuberRegressor,LOG1P,14,-504.027689,2.161367,1.076914
Pb_num,M7_Stage5_AdvancedRatios,HuberRegressor,LOG1P,15,-20.987889,1.708115,1.003551
Pb_num,M7_Stage5_AdvancedRatios,HuberRegressor,LOG1P,16,0.17112,2.152852,1.187876
Pb_num,M7_Stage5_AdvancedRatios,HuberRegressor,LOG1P,17,-1.116047,0.451206,0.366676
Pb_num,M7_Stage5_AdvancedRatios,HuberRegressor,LOG1P,18,-17.277286,1.549343,0.834388
Pb_num,M7_Stage5_AdvancedRatios,HuberRegressor,LOG1P,19,-0.28016,1.084709,0.682355
Pb_num,M7_Stage5_AdvancedRatios,HuberRegressor,LOG1P,20,-21.862812,3.556824,1.570504
Pb_num,M7_Stage5_AdvancedRatios,HuberRegressor,LOG1P,21,-22.4212,1.507644,0.855902
Pb_num,M7_Stage5_AdvancedRatios,HuberRegressor,LOG1P,22,0.099859,2.270917,1.076192
Pb_num,M7_Stage5_AdvancedRatios,HuberRegressor,LOG1P,23,-0.562418,1.025616,0.699639
Pb_num,M7_Stage5_AdvancedRatios,HuberRegressor,LOG1P,24,-0.285935,1.079557,0.656437
Pb_num,M7_Stage5_AdvancedRatios,HuberRegressor,LOG1P,25,-5.985468,0.88673,0.527671
Pb_num,M7_Stage5_AdvancedRatios,HuberRegressor,RAW,1,-18.418781,1.216122,0.891518
Pb_num,M7_Stage5_AdvancedRatios,HuberRegressor,RAW,2,-8.127661,2.093027,1.248907
Pb_num,M7_Stage5_AdvancedRatios,HuberRegressor,RAW,3,0.103508,2.200882,1.223084
Pb_num,M7_Stage5_AdvancedRatios,HuberRegressor,RAW,4,0.043104,0.828063,0.562542
Pb_num,M7_Stage5_AdvancedRatios,HuberRegressor,RAW,5,-0.520943,0.445917,0.32451
Pb_num,M7_Stage5_AdvancedRatios,HuberRegressor,RAW,6,0.393409,0.559543,0.410505
Pb_num,M7_Stage5_AdvancedRatios,HuberRegressor,RAW,7,-14.553237,1.389266,1.054162
Pb_num,M7_Stage5_AdvancedRatios,HuberRegressor,RAW,8,0.090126,0.822248,0.487005
Pb_num,M7_Stage5_AdvancedRatios,HuberRegressor,RAW,9,-0.173325,2.513563,1.339999
Pb_num,M7_Stage5_AdvancedRatios,HuberRegressor,RAW,10,-41.227373,1.843648,1.091894
Pb_num,M7_Stage5_AdvancedRatios,HuberRegressor,RAW,11,-7.321005,1.069686,0.5754
Pb_num,M7_Stage5_AdvancedRatios,HuberRegressor,RAW,12,-0.11186,0.831979,0.588547
Pb_num,M7_Stage5_AdvancedRatios,HuberRegressor,RAW,13,-0.118964,2.522524,1.474685
Pb_num,M7_Stage5_AdvancedRatios,HuberRegressor,RAW,14,-127.073219,1.088429,0.706292
Pb_num,M7_Stage5_AdvancedRatios,HuberRegressor,RAW,15,-7.296359,1.049226,0.767119
Pb_num,M7_Stage5_AdvancedRatios,HuberRegressor,RAW,16,0.261984,2.031428,1.081182
Pb_num,M7_Stage5_AdvancedRatios,HuberRegressor,RAW,17,-1.828239,0.521639,0.39471
Pb_num,M7_Stage5_AdvancedRatios,HuberRegressor,RAW,18,-6.085209,0.964646,0.624767
Pb_num,M7_Stage5_AdvancedRatios,HuberRegressor,RAW,19,-0.273324,1.081809,0.681319
Pb_num,M7_Stage5_AdvancedRatios,HuberRegressor,RAW,20,-2.177876,1.326069,0.824424
Pb_num,M7_Stage5_AdvancedRatios,HuberRegressor,RAW,21,-11.593705,1.105531,0.684498
Pb_num,M7_Stage5_AdvancedRatios,HuberRegressor,RAW,22,0.093219,2.279278,1.14175
Pb_num,M7_Stage5_AdvancedRatios,HuberRegressor,RAW,23,-0.157125,0.882625,0.632342
Pb_num,M7_Stage5_AdvancedRatios,HuberRegressor,RAW,24,-0.413045,1.131655,0.694917
Pb_num,M7_Stage5_AdvancedRatios,HuberRegressor,RAW,25,-4.578121,0.792388,0.509519
Pb_num,M7_Stage5_AdvancedRatios,SVR_RBF,LOG1P,1,-0.641564,0.353586,0.289719
Pb_num,M7_Stage5_AdvancedRatios,SVR_RBF,LOG1P,2,-0.072376,0.717412,0.461219
Pb_num,M7_Stage5_AdvancedRatios,SVR_RBF,LOG1P,3,-0.184109,2.52941,1.335463
Pb_num,M7_Stage5_AdvancedRatios,SVR_RBF,LOG1P,4,0.340626,0.68738,0.461374
Pb_num,M7_Stage5_AdvancedRatios,SVR_RBF,LOG1P,5,-0.254912,0.405046,0.359914
Pb_num,M7_Stage5_AdvancedRatios,SVR_RBF,LOG1P,6,0.655266,0.42182,0.330147
Pb_num,M7_Stage5_AdvancedRatios,SVR_RBF,LOG1P,7,-0.891948,0.48454,0.426169
Pb_num,M7_Stage5_AdvancedRatios,SVR_RBF,LOG1P,8,0.272657,0.73516,0.548352
Pb_num,M7_Stage5_AdvancedRatios,SVR_RBF,LOG1P,9,0.046965,2.265349,1.2165
Pb_num,M7_Stage5_AdvancedRatios,SVR_RBF,LOG1P,10,-1.549162,0.452981,0.339202
Pb_num,M7_Stage5_AdvancedRatios,SVR_RBF,LOG1P,11,-0.316436,0.42547,0.357778
Pb_num,M7_Stage5_AdvancedRatios,SVR_RBF,LOG1P,12,0.280609,0.669221,0.451407
Pb_num,M7_Stage5_AdvancedRatios,SVR_RBF,LOG1P,13,-0.080217,2.478464,1.444641
Pb_num,M7_Stage5_AdvancedRatios,SVR_RBF,LOG1P,14,-12.974969,0.359539,0.308387
Pb_num,M7_Stage5_AdvancedRatios,SVR_RBF,LOG1P,15,-0.219424,0.402256,0.340658
Pb_num,M7_Stage5_AdvancedRatios,SVR_RBF,LOG1P,16,0.16386,2.16226,0.922528
Pb_num,M7_Stage5_AdvancedRatios,SVR_RBF,LOG1P,17,-0.352126,0.360679,0.289406
Pb_num,M7_Stage5_AdvancedRatios,SVR_RBF,LOG1P,18,-1.007873,0.513523,0.452044
Pb_num,M7_Stage5_AdvancedRatios,SVR_RBF,LOG1P,19,0.188502,0.863624,0.562778
Pb_num,M7_Stage5_AdvancedRatios,SVR_RBF,LOG1P,20,0.600245,0.470321,0.418287
Pb_num,M7_Stage5_AdvancedRatios,SVR_RBF,LOG1P,21,-1.378587,0.480456,0.382971
Pb_num,M7_Stage5_AdvancedRatios,SVR_RBF,LOG1P,22,0.191168,2.152658,1.019578
Pb_num,M7_Stage5_AdvancedRatios,SVR_RBF,LOG1P,23,0.349865,0.661588,0.460592
Pb_num,M7_Stage5_AdvancedRatios,SVR_RBF,LOG1P,24,0.414807,0.728258,0.487472
Pb_num,M7_Stage5_AdvancedRatios,SVR_RBF,LOG1P,25,-0.004567,0.336266,0.251287
Pb_num,M7_Stage5_AdvancedRatios,SVR_RBF,RAW,1,-0.737938,0.363817,0.304033
Pb_num,M7_Stage5_AdvancedRatios,SVR_RBF,RAW,2,-0.042266,0.707269,0.449842
Pb_num,M7_Stage5_AdvancedRatios,SVR_RBF,RAW,3,-0.222363,2.569943,1.356885
Pb_num,M7_Stage5_AdvancedRatios,SVR_RBF,RAW,4,0.356179,0.679224,0.443946
Pb_num,M7_Stage5_AdvancedRatios,SVR_RBF,RAW,5,-0.208612,0.397504,0.353467
Pb_num,M7_Stage5_AdvancedRatios,SVR_RBF,RAW,6,0.392764,0.55984,0.420201
Pb_num,M7_Stage5_AdvancedRatios,SVR_RBF,RAW,7,-0.821807,0.475473,0.427891
Pb_num,M7_Stage5_AdvancedRatios,SVR_RBF,RAW,8,0.220009,0.761302,0.563738
Pb_num,M7_Stage5_AdvancedRatios,SVR_RBF,RAW,9,-0.028382,2.353195,1.241862
Pb_num,M7_Stage5_AdvancedRatios,SVR_RBF,RAW,10,-0.734331,0.373635,0.294076
Pb_num,M7_Stage5_AdvancedRatios,SVR_RBF,RAW,11,0.234132,0.324523,0.286528
Pb_num,M7_Stage5_AdvancedRatios,SVR_RBF,RAW,12,0.230492,0.692139,0.461854
Pb_num,M7_Stage5_AdvancedRatios,SVR_RBF,RAW,13,-0.130548,2.535548,1.462139
Pb_num,M7_Stage5_AdvancedRatios,SVR_RBF,RAW,14,-11.001773,0.333191,0.302129
Pb_num,M7_Stage5_AdvancedRatios,SVR_RBF,RAW,15,-0.523546,0.449628,0.384047
Pb_num,M7_Stage5_AdvancedRatios,SVR_RBF,RAW,16,0.108049,2.233258,0.941986
Pb_num,M7_Stage5_AdvancedRatios,SVR_RBF,RAW,17,-0.405258,0.367697,0.299848
Pb_num,M7_Stage5_AdvancedRatios,SVR_RBF,RAW,18,-0.411159,0.430506,0.390481
Pb_num,M7_Stage5_AdvancedRatios,SVR_RBF,RAW,19,0.088278,0.915403,0.59433
Pb_num,M7_Stage5_AdvancedRatios,SVR_RBF,RAW,20,0.355905,0.596997,0.471723
Pb_num,M7_Stage5_AdvancedRatios,SVR_RBF,RAW,21,-1.029702,0.443824,0.37394
Pb_num,M7_Stage5_AdvancedRatios,SVR_RBF,RAW,22,0.131202,2.23103,1.067192
Pb_num,M7_Stage5_AdvancedRatios,SVR_RBF,RAW,23,0.274494,0.698887,0.469111
Pb_num,M7_Stage5_AdvancedRatios,SVR_RBF,RAW,24,0.212932,0.844583,0.535868
Pb_num,M7_Stage5_AdvancedRatios,SVR_RBF,RAW,25,-0.214415,0.369724,0.274253
Pb_num,M8_Stage5_PlausibleInteractions,Ridge,LOG1P,1,-10.598259,0.939859,0.605018
Pb_num,M8_Stage5_PlausibleInteractions,Ridge,LOG1P,2,-0.133759,0.737659,0.576845
Pb_num,M8_Stage5_PlausibleInteractions,Ridge,LOG1P,3,0.213354,2.061641,1.07433
Pb_num,M8_Stage5_PlausibleInteractions,Ridge,LOG1P,4,0.204813,0.754858,0.532235
Pb_num,M8_Stage5_PlausibleInteractions,Ridge,LOG1P,5,0.248106,0.313528,0.270946
Pb_num,M8_Stage5_PlausibleInteractions,Ridge,LOG1P,6,0.900618,0.226485,0.193008
Pb_num,M8_Stage5_PlausibleInteractions,Ridge,LOG1P,7,-20.368784,1.628414,1.089626
Pb_num,M8_Stage5_PlausibleInteractions,Ridge,LOG1P,8,0.318424,0.711655,0.423637
Pb_num,M8_Stage5_PlausibleInteractions,Ridge,LOG1P,9,0.061084,2.248506,1.199904
Pb_num,M8_Stage5_PlausibleInteractions,Ridge,LOG1P,10,-1.544512,0.452567,0.382474
Pb_num,M8_Stage5_PlausibleInteractions,Ridge,LOG1P,11,-24.83805,1.884944,0.847293
Pb_num,M8_Stage5_PlausibleInteractions,Ridge,LOG1P,12,0.155886,0.724916,0.491492
Pb_num,M8_Stage5_PlausibleInteractions,Ridge,LOG1P,13,-0.03188,2.422377,1.367355
Pb_num,M8_Stage5_PlausibleInteractions,Ridge,LOG1P,14,-88.766213,0.911229,0.53315
Pb_num,M8_Stage5_PlausibleInteractions,Ridge,LOG1P,15,-0.669802,0.470715,0.409561
Pb_num,M8_Stage5_PlausibleInteractions,Ridge,LOG1P,16,0.256384,2.039121,1.035871
Pb_num,M8_Stage5_PlausibleInteractions,Ridge,LOG1P,17,-0.230166,0.344028,0.299145
Pb_num,M8_Stage5_PlausibleInteractions,Ridge,LOG1P,18,-10.25451,1.21578,0.681215
Pb_num,M8_Stage5_PlausibleInteractions,Ridge,LOG1P,19,0.080337,0.919381,0.629136
Pb_num,M8_Stage5_PlausibleInteractions,Ridge,LOG1P,20,0.227465,0.653817,0.496706
Pb_num,M8_Stage5_PlausibleInteractions,Ridge,LOG1P,21,-0.870488,0.426061,0.384672
Pb_num,M8_Stage5_PlausibleInteractions,Ridge,LOG1P,22,0.139553,2.220281,1.074671
Pb_num,M8_Stage5_PlausibleInteractions,Ridge,LOG1P,23,-0.297012,0.934455,0.652022
Pb_num,M8_Stage5_PlausibleInteractions,Ridge,LOG1P,24,0.274095,0.811103,0.514143
Pb_num,M8_Stage5_PlausibleInteractions,Ridge,LOG1P,25,-23.850708,1.672489,0.737663
Pb_num,M8_Stage5_PlausibleInteractions,Ridge,RAW,1,-32.068633,1.58699,1.136466
Pb_num,M8_Stage5_PlausibleInteractions,Ridge,RAW,2,-0.670256,0.895337,0.732387
Pb_num,M8_Stage5_PlausibleInteractions,Ridge,RAW,3,0.236834,2.03064,1.06893
Pb_num,M8_Stage5_PlausibleInteractions,Ridge,RAW,4,0.129537,0.78978,0.622268
Pb_num,M8_Stage5_PlausibleInteractions,Ridge,RAW,5,0.415464,0.276441,0.223869
Pb_num,M8_Stage5_PlausibleInteractions,Ridge,RAW,6,0.852012,0.276375,0.224696
Pb_num,M8_Stage5_PlausibleInteractions,Ridge,RAW,7,-31.663448,2.013288,1.488269
Pb_num,M8_Stage5_PlausibleInteractions,Ridge,RAW,8,0.501025,0.608908,0.417863
Pb_num,M8_Stage5_PlausibleInteractions,Ridge,RAW,9,0.113079,2.185361,1.169911
Pb_num,M8_Stage5_PlausibleInteractions,Ridge,RAW,10,-6.000342,0.750656,0.603056
Pb_num,M8_Stage5_PlausibleInteractions,Ridge,RAW,11,-22.792154,1.808779,0.972972
Pb_num,M8_Stage5_PlausibleInteractions,Ridge,RAW,12,0.183662,0.712889,0.55529
Pb_num,M8_Stage5_PlausibleInteractions,Ridge,RAW,13,0.004947,2.378759,1.367687
Pb_num,M8_Stage5_PlausibleInteractions,Ridge,RAW,14,-222.664566,1.438366,0.872577
Pb_num,M8_Stage5_PlausibleInteractions,Ridge,RAW,15,-2.04384,0.63553,0.50839
Pb_num,M8_Stage5_PlausibleInteractions,Ridge,RAW,16,0.29199,1.989702,1.009016
Pb_num,M8_Stage5_PlausibleInteractions,Ridge,RAW,17,-1.341525,0.474637,0.350035
Pb_num,M8_Stage5_PlausibleInteractions,Ridge,RAW,18,-27.150245,1.922795,1.224976
Pb_num,M8_Stage5_PlausibleInteractions,Ridge,RAW,19,0.161712,0.877764,0.659997
Pb_num,M8_Stage5_PlausibleInteractions,Ridge,RAW,20,-0.493334,0.909025,0.700259
Pb_num,M8_Stage5_PlausibleInteractions,Ridge,RAW,21,-3.033599,0.625663,0.53401
Pb_num,M8_Stage5_PlausibleInteractions,Ridge,RAW,22,0.156776,2.197948,1.141739
Pb_num,M8_Stage5_PlausibleInteractions,Ridge,RAW,23,-1.759929,1.363123,0.906884
Pb_num,M8_Stage5_PlausibleInteractions,Ridge,RAW,24,0.17071,0.86694,0.586853
Pb_num,M8_Stage5_PlausibleInteractions,Ridge,RAW,25,-25.924148,1.740864,0.908435
Pb_num,M8_Stage5_PlausibleInteractions,Lasso,LOG1P,1,0.067091,0.266554,0.246397
Pb_num,M8_Stage5_PlausibleInteractions,Lasso,LOG1P,2,0.156554,0.636244,0.431479
Pb_num,M8_Stage5_PlausibleInteractions,Lasso,LOG1P,3,-0.096824,2.4344,1.186744
Pb_num,M8_Stage5_PlausibleInteractions,Lasso,LOG1P,4,0.164922,0.773561,0.519107
Pb_num,M8_Stage5_PlausibleInteractions,Lasso,LOG1P,5,-0.022244,0.365573,0.290599
Pb_num,M8_Stage5_PlausibleInteractions,Lasso,LOG1P,6,0.569219,0.471535,0.312147
Pb_num,M8_Stage5_PlausibleInteractions,Lasso,LOG1P,7,-16.008386,1.452802,0.788186
Pb_num,M8_Stage5_PlausibleInteractions,Lasso,LOG1P,8,0.155323,0.792242,0.551277
Pb_num,M8_Stage5_PlausibleInteractions,Lasso,LOG1P,9,-0.139993,2.477603,1.301859
Pb_num,M8_Stage5_PlausibleInteractions,Lasso,LOG1P,10,-0.306045,0.324235,0.284133
Pb_num,M8_Stage5_PlausibleInteractions,Lasso,LOG1P,11,-13.572162,1.415568,0.725674
Pb_num,M8_Stage5_PlausibleInteractions,Lasso,LOG1P,12,0.052833,0.767892,0.474736
Pb_num,M8_Stage5_PlausibleInteractions,Lasso,LOG1P,13,-0.266466,2.683639,1.54375
Pb_num,M8_Stage5_PlausibleInteractions,Lasso,LOG1P,14,-12.530214,0.353772,0.32933
Pb_num,M8_Stage5_PlausibleInteractions,Lasso,LOG1P,15,-0.299781,0.415298,0.333961
Pb_num,M8_Stage5_PlausibleInteractions,Lasso,LOG1P,16,0.125774,2.210957,1.073738
Pb_num,M8_Stage5_PlausibleInteractions,Lasso,LOG1P,17,-0.144694,0.331862,0.311689
Pb_num,M8_Stage5_PlausibleInteractions,Lasso,LOG1P,18,0.019239,0.3589,0.298935
Pb_num,M8_Stage5_PlausibleInteractions,Lasso,LOG1P,19,0.004669,0.956455,0.604798
Pb_num,M8_Stage5_PlausibleInteractions,Lasso,LOG1P,20,0.537205,0.506048,0.38877
Pb_num,M8_Stage5_PlausibleInteractions,Lasso,LOG1P,21,-0.677317,0.403461,0.303604
Pb_num,M8_Stage5_PlausibleInteractions,Lasso,LOG1P,22,0.037676,2.348046,1.07946
Pb_num,M8_Stage5_PlausibleInteractions,Lasso,LOG1P,23,0.118986,0.770154,0.46541
Pb_num,M8_Stage5_PlausibleInteractions,Lasso,LOG1P,24,0.312377,0.789425,0.577893
Pb_num,M8_Stage5_PlausibleInteractions,Lasso,LOG1P,25,-12.176407,1.217846,0.618371
Pb_num,M8_Stage5_PlausibleInteractions,Lasso,RAW,1,-11.836678,0.988764,0.715301
Pb_num,M8_Stage5_PlausibleInteractions,Lasso,RAW,2,-0.413399,0.823621,0.71991
Pb_num,M8_Stage5_PlausibleInteractions,Lasso,RAW,3,0.105411,2.198545,1.157539
Pb_num,M8_Stage5_PlausibleInteractions,Lasso,RAW,4,0.342055,0.686635,0.561664
Pb_num,M8_Stage5_PlausibleInteractions,Lasso,RAW,5,0.283391,0.306082,0.228584
Pb_num,M8_Stage5_PlausibleInteractions,Lasso,RAW,6,0.529838,0.492617,0.365426
Pb_num,M8_Stage5_PlausibleInteractions,Lasso,RAW,7,-23.578496,1.746436,1.123103
Pb_num,M8_Stage5_PlausibleInteractions,Lasso,RAW,8,0.379644,0.678942,0.550579
Pb_num,M8_Stage5_PlausibleInteractions,Lasso,RAW,9,0.003088,2.316909,1.239679
Pb_num,M8_Stage5_PlausibleInteractions,Lasso,RAW,10,-4.181772,0.645833,0.498311
Pb_num,M8_Stage5_PlausibleInteractions,Lasso,RAW,11,-22.42271,1.794681,0.915237
Pb_num,M8_Stage5_PlausibleInteractions,Lasso,RAW,12,0.252839,0.682015,0.539616
Pb_num,M8_Stage5_PlausibleInteractions,Lasso,RAW,13,-0.11908,2.522655,1.408919
Pb_num,M8_Stage5_PlausibleInteractions,Lasso,RAW,14,-120.918085,1.061952,0.76011
Pb_num,M8_Stage5_PlausibleInteractions,Lasso,RAW,15,-1.531443,0.579575,0.474905
Pb_num,M8_Stage5_PlausibleInteractions,Lasso,RAW,16,0.238158,2.063958,1.063088
Pb_num,M8_Stage5_PlausibleInteractions,Lasso,RAW,17,-1.309884,0.471419,0.454653
Pb_num,M8_Stage5_PlausibleInteractions,Lasso,RAW,18,-10.952112,1.252893,0.840082
Pb_num,M8_Stage5_PlausibleInteractions,Lasso,RAW,19,0.322219,0.78927,0.569776
Pb_num,M8_Stage5_PlausibleInteractions,Lasso,RAW,20,-0.19644,0.81366,0.676451
Pb_num,M8_Stage5_PlausibleInteractions,Lasso,RAW,21,-3.068508,0.628365,0.525871
Pb_num,M8_Stage5_PlausibleInteractions,Lasso,RAW,22,0.125044,2.238924,1.060103
Pb_num,M8_Stage5_PlausibleInteractions,Lasso,RAW,23,-0.409484,0.974129,0.748789
Pb_num,M8_Stage5_PlausibleInteractions,Lasso,RAW,24,0.556334,0.634109,0.442598
Pb_num,M8_Stage5_PlausibleInteractions,Lasso,RAW,25,-21.509049,1.591741,0.718694
Pb_num,M8_Stage5_PlausibleInteractions,HuberRegressor,LOG1P,1,-67.124678,2.277815,1.261106
Pb_num,M8_Stage5_PlausibleInteractions,HuberRegressor,LOG1P,2,-0.086275,0.722046,0.53537
Pb_num,M8_Stage5_PlausibleInteractions,HuberRegressor,LOG1P,3,0.140144,2.155442,1.114567
Pb_num,M8_Stage5_PlausibleInteractions,HuberRegressor,LOG1P,4,0.050251,0.824965,0.584431
Pb_num,M8_Stage5_PlausibleInteractions,HuberRegressor,LOG1P,5,-0.188851,0.39424,0.341047
Pb_num,M8_Stage5_PlausibleInteractions,HuberRegressor,LOG1P,6,0.660611,0.418538,0.322325
Pb_num,M8_Stage5_PlausibleInteractions,HuberRegressor,LOG1P,7,-22.166659,1.695535,1.165703
Pb_num,M8_Stage5_PlausibleInteractions,HuberRegressor,LOG1P,8,0.207014,0.767618,0.449319
Pb_num,M8_Stage5_PlausibleInteractions,HuberRegressor,LOG1P,9,-0.012827,2.33533,1.261727
Pb_num,M8_Stage5_PlausibleInteractions,HuberRegressor,LOG1P,10,-1.165195,0.417474,0.396381
Pb_num,M8_Stage5_PlausibleInteractions,HuberRegressor,LOG1P,11,-10.992439,1.28417,0.641694
Pb_num,M8_Stage5_PlausibleInteractions,HuberRegressor,LOG1P,12,0.112949,0.743124,0.46427
Pb_num,M8_Stage5_PlausibleInteractions,HuberRegressor,LOG1P,13,-0.091189,2.49102,1.395762
Pb_num,M8_Stage5_PlausibleInteractions,HuberRegressor,LOG1P,14,-201.063326,1.367145,0.739923
Pb_num,M8_Stage5_PlausibleInteractions,HuberRegressor,LOG1P,15,-0.559292,0.454872,0.382172
Pb_num,M8_Stage5_PlausibleInteractions,HuberRegressor,LOG1P,16,0.214737,2.095444,1.105211
Pb_num,M8_Stage5_PlausibleInteractions,HuberRegressor,LOG1P,17,-0.688357,0.403036,0.317221
Pb_num,M8_Stage5_PlausibleInteractions,HuberRegressor,LOG1P,18,-11.763509,1.294723,0.772673
Pb_num,M8_Stage5_PlausibleInteractions,HuberRegressor,LOG1P,19,-0.022779,0.969554,0.669352
Pb_num,M8_Stage5_PlausibleInteractions,HuberRegressor,LOG1P,20,-0.052164,0.763026,0.615964
Pb_num,M8_Stage5_PlausibleInteractions,HuberRegressor,LOG1P,21,-0.993628,0.439862,0.384387
Pb_num,M8_Stage5_PlausibleInteractions,HuberRegressor,LOG1P,22,0.069113,2.309375,1.122016
Pb_num,M8_Stage5_PlausibleInteractions,HuberRegressor,LOG1P,23,-0.274977,0.926483,0.650313
Pb_num,M8_Stage5_PlausibleInteractions,HuberRegressor,LOG1P,24,-0.02864,0.965534,0.604884
Pb_num,M8_Stage5_PlausibleInteractions,HuberRegressor,LOG1P,25,-7.758485,0.992906,0.531471
Pb_num,M8_Stage5_PlausibleInteractions,HuberRegressor,RAW,1,-20.423219,1.277346,0.94307
Pb_num,M8_Stage5_PlausibleInteractions,HuberRegressor,RAW,2,-0.029668,0.702981,0.581168
Pb_num,M8_Stage5_PlausibleInteractions,HuberRegressor,RAW,3,0.063738,2.24917,1.105224
Pb_num,M8_Stage5_PlausibleInteractions,HuberRegressor,RAW,4,-0.110466,0.892038,0.696111
Pb_num,M8_Stage5_PlausibleInteractions,HuberRegressor,RAW,5,-0.270345,0.407529,0.339083
Pb_num,M8_Stage5_PlausibleInteractions,HuberRegressor,RAW,6,0.546018,0.484066,0.357229
Pb_num,M8_Stage5_PlausibleInteractions,HuberRegressor,RAW,7,-13.288698,1.331592,1.031165
Pb_num,M8_Stage5_PlausibleInteractions,HuberRegressor,RAW,8,0.257837,0.742612,0.465309
Pb_num,M8_Stage5_PlausibleInteractions,HuberRegressor,RAW,9,-0.036798,2.362804,1.268005
Pb_num,M8_Stage5_PlausibleInteractions,HuberRegressor,RAW,10,-2.445937,0.526665,0.486823
Pb_num,M8_Stage5_PlausibleInteractions,HuberRegressor,RAW,11,-3.442713,0.781615,0.463889
Pb_num,M8_Stage5_PlausibleInteractions,HuberRegressor,RAW,12,0.118111,0.740959,0.502104
Pb_num,M8_Stage5_PlausibleInteractions,HuberRegressor,RAW,13,-0.088038,2.487421,1.389244
Pb_num,M8_Stage5_PlausibleInteractions,HuberRegressor,RAW,14,-87.648317,0.905537,0.621155
Pb_num,M8_Stage5_PlausibleInteractions,HuberRegressor,RAW,15,-0.721046,0.477883,0.431599
Pb_num,M8_Stage5_PlausibleInteractions,HuberRegressor,RAW,16,0.272514,2.016883,1.031085
Pb_num,M8_Stage5_PlausibleInteractions,HuberRegressor,RAW,17,-1.635079,0.503511,0.395135
Pb_num,M8_Stage5_PlausibleInteractions,HuberRegressor,RAW,18,-6.480808,0.991211,0.646027
Pb_num,M8_Stage5_PlausibleInteractions,HuberRegressor,RAW,19,-0.050471,0.982592,0.67713
Pb_num,M8_Stage5_PlausibleInteractions,HuberRegressor,RAW,20,0.219327,0.657252,0.571618
Pb_num,M8_Stage5_PlausibleInteractions,HuberRegressor,RAW,21,-1.29874,0.472323,0.433506
Pb_num,M8_Stage5_PlausibleInteractions,HuberRegressor,RAW,22,0.072388,2.305309,1.213965
Pb_num,M8_Stage5_PlausibleInteractions,HuberRegressor,RAW,23,-0.037483,0.835751,0.61784
Pb_num,M8_Stage5_PlausibleInteractions,HuberRegressor,RAW,24,-0.078266,0.988551,0.63191
Pb_num,M8_Stage5_PlausibleInteractions,HuberRegressor,RAW,25,-3.535291,0.71449,0.464513
Pb_num,M8_Stage5_PlausibleInteractions,SVR_RBF,LOG1P,1,-0.44026,0.331197,0.274852
Pb_num,M8_Stage5_PlausibleInteractions,SVR_RBF,LOG1P,2,-0.442094,0.83194,0.591141
Pb_num,M8_Stage5_PlausibleInteractions,SVR_RBF,LOG1P,3,-0.217384,2.564704,1.320336
Pb_num,M8_Stage5_PlausibleInteractions,SVR_RBF,LOG1P,4,0.229123,0.74323,0.468701
Pb_num,M8_Stage5_PlausibleInteractions,SVR_RBF,LOG1P,5,-0.207711,0.397355,0.351081
Pb_num,M8_Stage5_PlausibleInteractions,SVR_RBF,LOG1P,6,0.513236,0.501238,0.412352
Pb_num,M8_Stage5_PlausibleInteractions,SVR_RBF,LOG1P,7,-1.046032,0.503885,0.46519
Pb_num,M8_Stage5_PlausibleInteractions,SVR_RBF,LOG1P,8,0.205952,0.768132,0.571343
Pb_num,M8_Stage5_PlausibleInteractions,SVR_RBF,LOG1P,9,-0.041645,2.368321,1.282144
Pb_num,M8_Stage5_PlausibleInteractions,SVR_RBF,LOG1P,10,-0.972945,0.398509,0.335361
Pb_num,M8_Stage5_PlausibleInteractions,SVR_RBF,LOG1P,11,-0.352212,0.431212,0.394038
Pb_num,M8_Stage5_PlausibleInteractions,SVR_RBF,LOG1P,12,0.197381,0.706874,0.438522
Pb_num,M8_Stage5_PlausibleInteractions,SVR_RBF,LOG1P,13,-0.156063,2.564,1.516178
Pb_num,M8_Stage5_PlausibleInteractions,SVR_RBF,LOG1P,14,-7.981552,0.288235,0.251567
Pb_num,M8_Stage5_PlausibleInteractions,SVR_RBF,LOG1P,15,-1.156751,0.534965,0.471678
Pb_num,M8_Stage5_PlausibleInteractions,SVR_RBF,LOG1P,16,0.079543,2.268665,0.985319
Pb_num,M8_Stage5_PlausibleInteractions,SVR_RBF,LOG1P,17,-0.939836,0.432011,0.346148
Pb_num,M8_Stage5_PlausibleInteractions,SVR_RBF,LOG1P,18,-0.532062,0.44857,0.410809
Pb_num,M8_Stage5_PlausibleInteractions,SVR_RBF,LOG1P,19,0.026724,0.945799,0.651421
Pb_num,M8_Stage5_PlausibleInteractions,SVR_RBF,LOG1P,20,0.385551,0.583097,0.517889
Pb_num,M8_Stage5_PlausibleInteractions,SVR_RBF,LOG1P,21,-1.449458,0.487561,0.403465
Pb_num,M8_Stage5_PlausibleInteractions,SVR_RBF,LOG1P,22,0.128988,2.233871,1.086291
Pb_num,M8_Stage5_PlausibleInteractions,SVR_RBF,LOG1P,23,0.327817,0.672713,0.474754
Pb_num,M8_Stage5_PlausibleInteractions,SVR_RBF,LOG1P,24,0.182227,0.860899,0.543545
Pb_num,M8_Stage5_PlausibleInteractions,SVR_RBF,LOG1P,25,-0.780931,0.447731,0.332857
Pb_num,M8_Stage5_PlausibleInteractions,SVR_RBF,RAW,1,-0.144384,0.295224,0.242166
Pb_num,M8_Stage5_PlausibleInteractions,SVR_RBF,RAW,2,-0.306686,0.791919,0.529239
Pb_num,M8_Stage5_PlausibleInteractions,SVR_RBF,RAW,3,-0.25773,2.606857,1.334686
Pb_num,M8_Stage5_PlausibleInteractions,SVR_RBF,RAW,4,0.240184,0.737879,0.432821
Pb_num,M8_Stage5_PlausibleInteractions,SVR_RBF,RAW,5,-0.140996,0.386224,0.3419
Pb_num,M8_Stage5_PlausibleInteractions,SVR_RBF,RAW,6,0.273924,0.612176,0.437736
Pb_num,M8_Stage5_PlausibleInteractions,SVR_RBF,RAW,7,-0.405629,0.417648,0.374156
Pb_num,M8_Stage5_PlausibleInteractions,SVR_RBF,RAW,8,0.154042,0.792842,0.571958
Pb_num,M8_Stage5_PlausibleInteractions,SVR_RBF,RAW,9,-0.100077,2.433841,1.302138
Pb_num,M8_Stage5_PlausibleInteractions,SVR_RBF,RAW,10,-0.444228,0.340957,0.291956
Pb_num,M8_Stage5_PlausibleInteractions,SVR_RBF,RAW,11,0.253966,0.320293,0.28532
Pb_num,M8_Stage5_PlausibleInteractions,SVR_RBF,RAW,12,0.161927,0.722317,0.4299
Pb_num,M8_Stage5_PlausibleInteractions,SVR_RBF,RAW,13,-0.163794,2.572558,1.492542
Pb_num,M8_Stage5_PlausibleInteractions,SVR_RBF,RAW,14,-6.710165,0.267056,0.243281
Pb_num,M8_Stage5_PlausibleInteractions,SVR_RBF,RAW,15,-0.816265,0.490925,0.42891
Pb_num,M8_Stage5_PlausibleInteractions,SVR_RBF,RAW,16,0.036135,2.321542,1.007292
Pb_num,M8_Stage5_PlausibleInteractions,SVR_RBF,RAW,17,-0.306211,0.354502,0.288957
Pb_num,M8_Stage5_PlausibleInteractions,SVR_RBF,RAW,18,-0.14514,0.387812,0.344749
Pb_num,M8_Stage5_PlausibleInteractions,SVR_RBF,RAW,19,-0.087826,0.99991,0.654695
Pb_num,M8_Stage5_PlausibleInteractions,SVR_RBF,RAW,20,0.271313,0.634991,0.501913
Pb_num,M8_Stage5_PlausibleInteractions,SVR_RBF,RAW,21,-0.948745,0.434882,0.354142
Pb_num,M8_Stage5_PlausibleInteractions,SVR_RBF,RAW,22,0.085015,2.289565,1.076896
Pb_num,M8_Stage5_PlausibleInteractions,SVR_RBF,RAW,23,0.256658,0.707425,0.468124
Pb_num,M8_Stage5_PlausibleInteractions,SVR_RBF,RAW,24,0.028157,0.9385,0.573063
Pb_num,M8_Stage5_PlausibleInteractions,SVR_RBF,RAW,25,0.01743,0.332564,0.28058
Mn_num,M1_Core,Ridge,LOG1P,1,-0.436789,0.812326,0.754394
Mn_num,M1_Core,Ridge,LOG1P,2,-0.188776,2.140548,1.127289
Mn_num,M1_Core,Ridge,LOG1P,3,-1.669134,0.628866,0.531167
Mn_num,M1_Core,Ridge,LOG1P,4,-4.557601,0.587443,0.505365
Mn_num,M1_Core,Ridge,LOG1P,5,-0.33715,0.86286,0.646667
Mn_num,M1_Core,Ridge,LOG1P,6,-0.862649,0.703581,0.591074
Mn_num,M1_Core,Ridge,LOG1P,7,-0.22183,2.134266,1.276773
Mn_num,M1_Core,Ridge,LOG1P,8,-0.168391,0.829239,0.663676
Mn_num,M1_Core,Ridge,LOG1P,9,-1.813167,0.429583,0.372128
Mn_num,M1_Core,Ridge,LOG1P,10,0.262474,0.759723,0.609906
Mn_num,M1_Core,Ridge,LOG1P,11,-0.055332,1.998204,0.994372
Mn_num,M1_Core,Ridge,LOG1P,12,-4.654576,0.63423,0.530493
Mn_num,M1_Core,Ridge,LOG1P,13,0.100351,0.677141,0.531213
Mn_num,M1_Core,Ridge,LOG1P,14,0.248327,0.807754,0.652098
Mn_num,M1_Core,Ridge,LOG1P,15,-0.154966,0.680441,0.474275
Mn_num,M1_Core,Ridge,LOG1P,16,-2.971538,0.49867,0.453276
Mn_num,M1_Core,Ridge,LOG1P,17,-0.853973,0.865871,0.771127
Mn_num,M1_Core,Ridge,LOG1P,18,-0.18269,2.124728,1.217113
Mn_num,M1_Core,Ridge,LOG1P,19,0.347891,0.565709,0.43955
Mn_num,M1_Core,Ridge,LOG1P,20,-0.09656,0.4654,0.319491
Mn_num,M1_Core,Ridge,LOG1P,21,-0.359678,0.674433,0.554518
Mn_num,M1_Core,Ridge,LOG1P,22,-0.106666,2.086576,1.075688
Mn_num,M1_Core,Ridge,LOG1P,23,0.047581,0.705303,0.576184
Mn_num,M1_Core,Ridge,LOG1P,24,-5.747616,0.689871,0.542448
Mn_num,M1_Core,Ridge,LOG1P,25,-0.208323,0.861271,0.746057
Mn_num,M1_Core,Ridge,RAW,1,-1.257869,1.018317,0.985814
Mn_num,M1_Core,Ridge,RAW,2,-0.147201,2.102784,1.101395
Mn_num,M1_Core,Ridge,RAW,3,-8.780093,1.203772,1.084759
Mn_num,M1_Core,Ridge,RAW,4,-7.304729,0.7181,0.643756
Mn_num,M1_Core,Ridge,RAW,5,-0.045588,0.76301,0.652
Mn_num,M1_Core,Ridge,RAW,6,-1.567915,0.826112,0.717157
Mn_num,M1_Core,Ridge,RAW,7,-0.186907,2.103543,1.30204
Mn_num,M1_Core,Ridge,RAW,8,-0.763395,1.018733,0.867968
Mn_num,M1_Core,Ridge,RAW,9,-6.0758,0.681299,0.636799
Mn_num,M1_Core,Ridge,RAW,10,0.278126,0.751619,0.688332
Mn_num,M1_Core,Ridge,RAW,11,-0.018838,1.96335,1.051812
Mn_num,M1_Core,Ridge,RAW,12,-7.72985,0.788044,0.734356
Mn_num,M1_Core,Ridge,RAW,13,-0.155969,0.767566,0.661083
Mn_num,M1_Core,Ridge,RAW,14,0.131434,0.868292,0.768775
Mn_num,M1_Core,Ridge,RAW,15,-0.102312,0.664749,0.573297
Mn_num,M1_Core,Ridge,RAW,16,-9.349461,0.804993,0.754365
Mn_num,M1_Core,Ridge,RAW,17,-1.254799,0.954895,0.85529
Mn_num,M1_Core,Ridge,RAW,18,-0.141622,2.087512,1.229312
Mn_num,M1_Core,Ridge,RAW,19,0.230963,0.614337,0.563264
Mn_num,M1_Core,Ridge,RAW,20,-0.609165,0.563781,0.438271
Mn_num,M1_Core,Ridge,RAW,21,-1.111666,0.840492,0.789561
Mn_num,M1_Core,Ridge,RAW,22,-0.066343,2.048209,1.08078
Mn_num,M1_Core,Ridge,RAW,23,0.061836,0.700005,0.686826
Mn_num,M1_Core,Ridge,RAW,24,-9.753873,0.870914,0.715289
Mn_num,M1_Core,Ridge,RAW,25,-0.624741,0.998712,0.894696
Mn_num,M1_Core,Lasso,LOG1P,1,-0.05356,0.695606,0.59575
Mn_num,M1_Core,Lasso,LOG1P,2,-0.167546,2.121349,1.11329
Mn_num,M1_Core,Lasso,LOG1P,3,-0.019651,0.388686,0.304338
Mn_num,M1_Core,Lasso,LOG1P,4,-1.302589,0.378121,0.351292
Mn_num,M1_Core,Lasso,LOG1P,5,-0.979844,1.049943,0.751407
Mn_num,M1_Core,Lasso,LOG1P,6,-0.025541,0.522066,0.40486
Mn_num,M1_Core,Lasso,LOG1P,7,-0.158303,2.078042,1.018587
Mn_num,M1_Core,Lasso,LOG1P,8,-0.164734,0.82794,0.572338
Mn_num,M1_Core,Lasso,LOG1P,9,-1.81373,0.429626,0.360434
Mn_num,M1_Core,Lasso,LOG1P,10,0.027595,0.872349,0.696312
Mn_num,M1_Core,Lasso,LOG1P,11,-0.09552,2.035894,0.993428
Mn_num,M1_Core,Lasso,LOG1P,12,-0.854904,0.363252,0.296639
Mn_num,M1_Core,Lasso,LOG1P,13,0.071954,0.687745,0.498087
Mn_num,M1_Core,Lasso,LOG1P,14,-0.083921,0.969981,0.760026
Mn_num,M1_Core,Lasso,LOG1P,15,-0.063068,0.652809,0.473726
Mn_num,M1_Core,Lasso,LOG1P,16,-0.546705,0.311198,0.227032
Mn_num,M1_Core,Lasso,LOG1P,17,-0.43017,0.760494,0.634451
Mn_num,M1_Core,Lasso,LOG1P,18,-0.285935,2.215529,1.319152
Mn_num,M1_Core,Lasso,LOG1P,19,0.023351,0.692313,0.536421
Mn_num,M1_Core,Lasso,LOG1P,20,0.017718,0.440482,0.361872
Mn_num,M1_Core,Lasso,LOG1P,21,-0.101182,0.606946,0.477204
Mn_num,M1_Core,Lasso,LOG1P,22,-0.142916,2.120474,1.117288
Mn_num,M1_Core,Lasso,LOG1P,23,0.02047,0.715271,0.514277
Mn_num,M1_Core,Lasso,LOG1P,24,-0.512771,0.326647,0.292668
Mn_num,M1_Core,Lasso,LOG1P,25,-0.045066,0.800977,0.683167
Mn_num,M1_Core,Lasso,RAW,1,-0.715134,0.887529,0.868966
Mn_num,M1_Core,Lasso,RAW,2,-0.143899,2.099756,1.134399
Mn_num,M1_Core,Lasso,RAW,3,-3.320778,0.800117,0.742249
Mn_num,M1_Core,Lasso,RAW,4,-5.042644,0.612542,0.593827
Mn_num,M1_Core,Lasso,RAW,5,-0.364942,0.871781,0.678935
Mn_num,M1_Core,Lasso,RAW,6,-0.381282,0.605885,0.537274
Mn_num,M1_Core,Lasso,RAW,7,-0.135144,2.057163,1.128203
Mn_num,M1_Core,Lasso,RAW,8,-0.067885,0.792771,0.634237
Mn_num,M1_Core,Lasso,RAW,9,-5.595933,0.657791,0.60862
Mn_num,M1_Core,Lasso,RAW,10,0.106794,0.83607,0.764489
Mn_num,M1_Core,Lasso,RAW,11,-0.044624,1.98804,1.005255
Mn_num,M1_Core,Lasso,RAW,12,-5.46286,0.678046,0.646548
Mn_num,M1_Core,Lasso,RAW,13,0.260154,0.614064,0.471967
Mn_num,M1_Core,Lasso,RAW,14,0.07765,0.894772,0.789176
Mn_num,M1_Core,Lasso,RAW,15,-0.104264,0.665337,0.604933
Mn_num,M1_Core,Lasso,RAW,16,-5.281425,0.627137,0.597087
Mn_num,M1_Core,Lasso,RAW,17,-0.565776,0.795731,0.728361
Mn_num,M1_Core,Lasso,RAW,18,-0.224336,2.161814,1.298142
Mn_num,M1_Core,Lasso,RAW,19,-0.008223,0.703415,0.6522
Mn_num,M1_Core,Lasso,RAW,20,-0.10498,0.467183,0.439394
Mn_num,M1_Core,Lasso,RAW,21,-0.63138,0.738752,0.698685
Mn_num,M1_Core,Lasso,RAW,22,-0.103194,2.0833,1.12825
Mn_num,M1_Core,Lasso,RAW,23,0.110675,0.681541,0.623743
Mn_num,M1_Core,Lasso,RAW,24,-4.019606,0.595014,0.526529
Mn_num,M1_Core,Lasso,RAW,25,0.048878,0.764128,0.69121
Mn_num,M1_Core,HuberRegressor,LOG1P,1,-0.102383,0.711541,0.581602
Mn_num,M1_Core,HuberRegressor,LOG1P,2,-0.241991,2.187934,1.153804
Mn_num,M1_Core,HuberRegressor,LOG1P,3,-0.782806,0.513955,0.429153
Mn_num,M1_Core,HuberRegressor,LOG1P,4,-9.134802,0.793286,0.619933
Mn_num,M1_Core,HuberRegressor,LOG1P,5,-0.962719,1.045392,0.837934
Mn_num,M1_Core,HuberRegressor,LOG1P,6,-0.528639,0.637384,0.498658
Mn_num,M1_Core,HuberRegressor,LOG1P,7,-0.339406,2.234598,1.397578
Mn_num,M1_Core,HuberRegressor,LOG1P,8,-0.149338,0.82245,0.620338
Mn_num,M1_Core,HuberRegressor,LOG1P,9,-0.088798,0.267254,0.221528
Mn_num,M1_Core,HuberRegressor,LOG1P,10,-0.013809,0.890727,0.648168
Mn_num,M1_Core,HuberRegressor,LOG1P,11,-0.099649,2.039728,0.981631
Mn_num,M1_Core,HuberRegressor,LOG1P,12,-6.283926,0.71983,0.575056
Mn_num,M1_Core,HuberRegressor,LOG1P,13,0.191917,0.641757,0.401568
Mn_num,M1_Core,HuberRegressor,LOG1P,14,0.028269,0.918412,0.635394
Mn_num,M1_Core,HuberRegressor,LOG1P,15,-0.323922,0.728512,0.500345
Mn_num,M1_Core,HuberRegressor,LOG1P,16,-3.031308,0.502408,0.413311
Mn_num,M1_Core,HuberRegressor,LOG1P,17,-0.763574,0.844498,0.719793
Mn_num,M1_Core,HuberRegressor,LOG1P,18,-0.249481,2.1839,1.229933
Mn_num,M1_Core,HuberRegressor,LOG1P,19,0.173078,0.637038,0.396386
Mn_num,M1_Core,HuberRegressor,LOG1P,20,-0.01536,0.447837,0.277411
Mn_num,M1_Core,HuberRegressor,LOG1P,21,-0.158103,0.622436,0.441046
Mn_num,M1_Core,HuberRegressor,LOG1P,22,-0.185615,2.159721,1.096751
Mn_num,M1_Core,HuberRegressor,LOG1P,23,-0.144946,0.773311,0.512274
Mn_num,M1_Core,HuberRegressor,LOG1P,24,-7.382351,0.76891,0.592491
Mn_num,M1_Core,HuberRegressor,LOG1P,25,-0.118196,0.828528,0.678756
Mn_num,M1_Core,HuberRegressor,RAW,1,-0.057526,0.696914,0.564785
Mn_num,M1_Core,HuberRegressor,RAW,2,-0.250719,2.195609,1.155804
Mn_num,M1_Core,HuberRegressor,RAW,3,-1.751349,0.638477,0.530781
Mn_num,M1_Core,HuberRegressor,RAW,4,-8.899216,0.784012,0.652805
Mn_num,M1_Core,HuberRegressor,RAW,5,-0.970559,1.047478,0.834052
Mn_num,M1_Core,HuberRegressor,RAW,6,-0.367311,0.602813,0.459986
Mn_num,M1_Core,HuberRegressor,RAW,7,-0.216584,2.12968,1.220048
Mn_num,M1_Core,HuberRegressor,RAW,8,-0.154756,0.824386,0.610203
Mn_num,M1_Core,HuberRegressor,RAW,9,-0.108935,0.269714,0.222934
Mn_num,M1_Core,HuberRegressor,RAW,10,-0.074057,0.916812,0.6799
Mn_num,M1_Core,HuberRegressor,RAW,11,-0.097973,2.038173,0.994227
Mn_num,M1_Core,HuberRegressor,RAW,12,-3.48596,0.564904,0.485092
Mn_num,M1_Core,HuberRegressor,RAW,13,0.188985,0.64292,0.386611
Mn_num,M1_Core,HuberRegressor,RAW,14,0.019432,0.922579,0.637487
Mn_num,M1_Core,HuberRegressor,RAW,15,-0.289929,0.719099,0.494639
Mn_num,M1_Core,HuberRegressor,RAW,16,-2.436913,0.463893,0.391104
Mn_num,M1_Core,HuberRegressor,RAW,17,-0.713947,0.832531,0.694695
Mn_num,M1_Core,HuberRegressor,RAW,18,-0.252286,2.18635,1.240332
Mn_num,M1_Core,HuberRegressor,RAW,19,0.174487,0.636495,0.394153
Mn_num,M1_Core,HuberRegressor,RAW,20,-0.007416,0.446082,0.282659
Mn_num,M1_Core,HuberRegressor,RAW,21,-0.124655,0.613381,0.437165
Mn_num,M1_Core,HuberRegressor,RAW,22,-0.18105,2.15556,1.100823
Mn_num,M1_Core,HuberRegressor,RAW,23,-0.097018,0.756953,0.485878
Mn_num,M1_Core,HuberRegressor,RAW,24,-10.518219,0.901333,0.724114
Mn_num,M1_Core,HuberRegressor,RAW,25,-0.11715,0.828141,0.688322
Mn_num,M1_Core,SVR_RBF,LOG1P,1,-0.608602,0.859524,0.674603
Mn_num,M1_Core,SVR_RBF,LOG1P,2,-0.221102,2.169457,1.127211
Mn_num,M1_Core,SVR_RBF,LOG1P,3,-0.554819,0.479968,0.428618
Mn_num,M1_Core,SVR_RBF,LOG1P,4,-11.215965,0.870936,0.683363
Mn_num,M1_Core,SVR_RBF,LOG1P,5,-1.142511,1.092224,0.838528
Mn_num,M1_Core,SVR_RBF,LOG1P,6,-0.784417,0.688648,0.528238
Mn_num,M1_Core,SVR_RBF,LOG1P,7,-0.25168,2.16018,1.354282
Mn_num,M1_Core,SVR_RBF,LOG1P,8,-0.543322,0.953046,0.72293
Mn_num,M1_Core,SVR_RBF,LOG1P,9,-0.348486,0.297422,0.238613
Mn_num,M1_Core,SVR_RBF,LOG1P,10,-0.009013,0.888618,0.634953
Mn_num,M1_Core,SVR_RBF,LOG1P,11,-0.103887,2.043655,1.036964
Mn_num,M1_Core,SVR_RBF,LOG1P,12,-8.632654,0.82779,0.669267
Mn_num,M1_Core,SVR_RBF,LOG1P,13,-0.344085,0.827668,0.555671
Mn_num,M1_Core,SVR_RBF,LOG1P,14,-0.270929,1.050329,0.805903
Mn_num,M1_Core,SVR_RBF,LOG1P,15,-0.50192,0.775941,0.550409
Mn_num,M1_Core,SVR_RBF,LOG1P,16,-3.00224,0.500593,0.403111
Mn_num,M1_Core,SVR_RBF,LOG1P,17,-0.878735,0.871635,0.706146
Mn_num,M1_Core,SVR_RBF,LOG1P,18,-0.218953,2.157056,1.278036
Mn_num,M1_Core,SVR_RBF,LOG1P,19,0.130047,0.653403,0.533487
Mn_num,M1_Core,SVR_RBF,LOG1P,20,-0.062934,0.458209,0.314337
Mn_num,M1_Core,SVR_RBF,LOG1P,21,-0.351666,0.672443,0.450113
Mn_num,M1_Core,SVR_RBF,LOG1P,22,-0.173927,2.14905,1.132906
Mn_num,M1_Core,SVR_RBF,LOG1P,23,-0.224177,0.799621,0.556075
Mn_num,M1_Core,SVR_RBF,LOG1P,24,-6.028868,0.704102,0.523883
Mn_num,M1_Core,SVR_RBF,LOG1P,25,-0.518361,0.965463,0.793895
Mn_num,M1_Core,SVR_RBF,RAW,1,-0.357913,0.789714,0.613069
Mn_num,M1_Core,SVR_RBF,RAW,2,-0.228593,2.1761,1.148334
Mn_num,M1_Core,SVR_RBF,RAW,3,-0.369927,0.450528,0.409161
Mn_num,M1_Core,SVR_RBF,RAW,4,-6.035782,0.660965,0.584809
Mn_num,M1_Core,SVR_RBF,RAW,5,-1.124873,1.087719,0.829225
Mn_num,M1_Core,SVR_RBF,RAW,6,-0.50198,0.631802,0.486611
Mn_num,M1_Core,SVR_RBF,RAW,7,-0.188984,2.105384,1.221456
Mn_num,M1_Core,SVR_RBF,RAW,8,-0.52057,0.945994,0.720121
Mn_num,M1_Core,SVR_RBF,RAW,9,-0.197787,0.280311,0.237775
Mn_num,M1_Core,SVR_RBF,RAW,10,-0.01661,0.891957,0.643898
Mn_num,M1_Core,SVR_RBF,RAW,11,-0.09305,2.033599,1.020641
Mn_num,M1_Core,SVR_RBF,RAW,12,-3.044548,0.536392,0.47594
Mn_num,M1_Core,SVR_RBF,RAW,13,-0.393645,0.842789,0.576186
Mn_num,M1_Core,SVR_RBF,RAW,14,-0.257719,1.044856,0.777121
Mn_num,M1_Core,SVR_RBF,RAW,15,-0.431429,0.757514,0.531998
Mn_num,M1_Core,SVR_RBF,RAW,16,-1.104523,0.363003,0.29259
Mn_num,M1_Core,SVR_RBF,RAW,17,-0.819496,0.857782,0.687069
Mn_num,M1_Core,SVR_RBF,RAW,18,-0.247769,2.182404,1.28455
Mn_num,M1_Core,SVR_RBF,RAW,19,0.136974,0.650796,0.491479
Mn_num,M1_Core,SVR_RBF,RAW,20,-0.068083,0.459317,0.316543
Mn_num,M1_Core,SVR_RBF,RAW,21,-0.280908,0.654606,0.432573
Mn_num,M1_Core,SVR_RBF,RAW,22,-0.178387,2.153129,1.138834
Mn_num,M1_Core,SVR_RBF,RAW,23,-0.210054,0.794995,0.543091
Mn_num,M1_Core,SVR_RBF,RAW,24,-3.042784,0.53399,0.438236
Mn_num,M1_Core,SVR_RBF,RAW,25,-0.362635,0.914614,0.749772
Mn_num,M2_Core_Salinity,Ridge,LOG1P,1,-0.323795,0.77973,0.728134
Mn_num,M2_Core_Salinity,Ridge,LOG1P,2,-0.178986,2.131716,1.110239
Mn_num,M2_Core_Salinity,Ridge,LOG1P,3,-1.62442,0.623576,0.520426
Mn_num,M2_Core_Salinity,Ridge,LOG1P,4,-4.06036,0.560548,0.477017
Mn_num,M2_Core_Salinity,Ridge,LOG1P,5,-0.342909,0.864716,0.690346
Mn_num,M2_Core_Salinity,Ridge,LOG1P,6,-0.793666,0.69043,0.585635
Mn_num,M2_Core_Salinity,Ridge,LOG1P,7,-0.224486,2.136585,1.283969
Mn_num,M2_Core_Salinity,Ridge,LOG1P,8,-0.161576,0.826817,0.666656
Mn_num,M2_Core_Salinity,Ridge,LOG1P,9,-2.338862,0.468003,0.405979
Mn_num,M2_Core_Salinity,Ridge,LOG1P,10,0.315935,0.731671,0.595649
Mn_num,M2_Core_Salinity,Ridge,LOG1P,11,-0.053753,1.996708,0.982907
Mn_num,M2_Core_Salinity,Ridge,LOG1P,12,-4.520246,0.626652,0.53386
Mn_num,M2_Core_Salinity,Ridge,LOG1P,13,0.158039,0.655072,0.506173
Mn_num,M2_Core_Salinity,Ridge,LOG1P,14,0.288315,0.785975,0.641569
Mn_num,M2_Core_Salinity,Ridge,LOG1P,15,-0.16735,0.684079,0.494891
Mn_num,M2_Core_Salinity,Ridge,LOG1P,16,-2.562097,0.472266,0.43196
Mn_num,M2_Core_Salinity,Ridge,LOG1P,17,-0.80175,0.853589,0.765961
Mn_num,M2_Core_Salinity,Ridge,LOG1P,18,-0.192733,2.133731,1.208648
Mn_num,M2_Core_Salinity,Ridge,LOG1P,19,0.402954,0.541299,0.434869
Mn_num,M2_Core_Salinity,Ridge,LOG1P,20,-0.102516,0.466662,0.308267
Mn_num,M2_Core_Salinity,Ridge,LOG1P,21,-0.256801,0.648417,0.51997
Mn_num,M2_Core_Salinity,Ridge,LOG1P,22,-0.108575,2.088375,1.077369
Mn_num,M2_Core_Salinity,Ridge,LOG1P,23,0.108662,0.682312,0.558783
Mn_num,M2_Core_Salinity,Ridge,LOG1P,24,-4.921071,0.646238,0.503603
Mn_num,M2_Core_Salinity,Ridge,LOG1P,25,-0.188851,0.854303,0.749614
Mn_num,M2_Core_Salinity,Ridge,RAW,1,-1.133159,0.989795,0.964751
Mn_num,M2_Core_Salinity,Ridge,RAW,2,-0.136868,2.093293,1.085815
Mn_num,M2_Core_Salinity,Ridge,RAW,3,-8.133978,1.163329,1.050924
Mn_num,M2_Core_Salinity,Ridge,RAW,4,-6.673783,0.690283,0.608731
Mn_num,M2_Core_Salinity,Ridge,RAW,5,-0.091103,0.779441,0.673076
Mn_num,M2_Core_Salinity,Ridge,RAW,6,-1.531151,0.820178,0.721549
Mn_num,M2_Core_Salinity,Ridge,RAW,7,-0.186496,2.103179,1.300557
Mn_num,M2_Core_Salinity,Ridge,RAW,8,-0.719668,1.006022,0.86611
Mn_num,M2_Core_Salinity,Ridge,RAW,9,-6.506049,0.701707,0.628236
Mn_num,M2_Core_Salinity,Ridge,RAW,10,0.326174,0.726174,0.672098
Mn_num,M2_Core_Salinity,Ridge,RAW,11,-0.016063,1.960674,1.034988
Mn_num,M2_Core_Salinity,Ridge,RAW,12,-7.896703,0.795539,0.745092
Mn_num,M2_Core_Salinity,Ridge,RAW,13,-0.072051,0.739181,0.629763
Mn_num,M2_Core_Salinity,Ridge,RAW,14,0.176436,0.845499,0.742198
Mn_num,M2_Core_Salinity,Ridge,RAW,15,-0.098813,0.663693,0.543
Mn_num,M2_Core_Salinity,Ridge,RAW,16,-8.800953,0.783371,0.727135
Mn_num,M2_Core_Salinity,Ridge,RAW,17,-1.219011,0.947287,0.848467
Mn_num,M2_Core_Salinity,Ridge,RAW,18,-0.152152,2.097118,1.210242
Mn_num,M2_Core_Salinity,Ridge,RAW,19,0.267273,0.599659,0.558051
Mn_num,M2_Core_Salinity,Ridge,RAW,20,-0.571375,0.557122,0.428106
Mn_num,M2_Core_Salinity,Ridge,RAW,21,-0.946731,0.807,0.753222
Mn_num,M2_Core_Salinity,Ridge,RAW,22,-0.06929,2.051038,1.083359
Mn_num,M2_Core_Salinity,Ridge,RAW,23,0.126834,0.675321,0.665731
Mn_num,M2_Core_Salinity,Ridge,RAW,24,-8.922068,0.836554,0.680785
Mn_num,M2_Core_Salinity,Ridge,RAW,25,-0.594122,0.989257,0.895357
Mn_num,M2_Core_Salinity,Lasso,LOG1P,1,-0.05356,0.695606,0.59575
Mn_num,M2_Core_Salinity,Lasso,LOG1P,2,-0.167687,2.121476,1.11303
Mn_num,M2_Core_Salinity,Lasso,LOG1P,3,0.011863,0.382632,0.293483
Mn_num,M2_Core_Salinity,Lasso,LOG1P,4,-1.302589,0.378121,0.351292
Mn_num,M2_Core_Salinity,Lasso,LOG1P,5,-0.957762,1.044071,0.756
Mn_num,M2_Core_Salinity,Lasso,LOG1P,6,-0.025345,0.522016,0.404841
Mn_num,M2_Core_Salinity,Lasso,LOG1P,7,-0.158303,2.078042,1.018587
Mn_num,M2_Core_Salinity,Lasso,LOG1P,8,-0.164734,0.82794,0.572338
Mn_num,M2_Core_Salinity,Lasso,LOG1P,9,-1.665509,0.418158,0.342138
Mn_num,M2_Core_Salinity,Lasso,LOG1P,10,0.027595,0.872349,0.696312
Mn_num,M2_Core_Salinity,Lasso,LOG1P,11,-0.094674,2.035108,0.986891
Mn_num,M2_Core_Salinity,Lasso,LOG1P,12,-0.926601,0.370206,0.303857
Mn_num,M2_Core_Salinity,Lasso,LOG1P,13,0.074153,0.68693,0.498882
Mn_num,M2_Core_Salinity,Lasso,LOG1P,14,-0.083921,0.969981,0.760026
Mn_num,M2_Core_Salinity,Lasso,LOG1P,15,-0.049805,0.648724,0.47571
Mn_num,M2_Core_Salinity,Lasso,LOG1P,16,-0.532116,0.309727,0.224668
Mn_num,M2_Core_Salinity,Lasso,LOG1P,17,-0.415037,0.756459,0.634657
Mn_num,M2_Core_Salinity,Lasso,LOG1P,18,-0.286678,2.216169,1.309878
Mn_num,M2_Core_Salinity,Lasso,LOG1P,19,0.03149,0.689422,0.535237
Mn_num,M2_Core_Salinity,Lasso,LOG1P,20,0.027736,0.43823,0.358754
Mn_num,M2_Core_Salinity,Lasso,LOG1P,21,-0.094047,0.604977,0.473943
Mn_num,M2_Core_Salinity,Lasso,LOG1P,22,-0.148154,2.125328,1.124577
Mn_num,M2_Core_Salinity,Lasso,LOG1P,23,0.02047,0.715271,0.514277
Mn_num,M2_Core_Salinity,Lasso,LOG1P,24,-0.512791,0.32665,0.292671
Mn_num,M2_Core_Salinity,Lasso,LOG1P,25,-0.045066,0.800977,0.683167
Mn_num,M2_Core_Salinity,Lasso,RAW,1,-0.715134,0.887529,0.868966
Mn_num,M2_Core_Salinity,Lasso,RAW,2,-0.141702,2.097739,1.129603
Mn_num,M2_Core_Salinity,Lasso,RAW,3,-3.276366,0.795995,0.737883
Mn_num,M2_Core_Salinity,Lasso,RAW,4,-4.873519,0.603909,0.585343
Mn_num,M2_Core_Salinity,Lasso,RAW,5,-0.364942,0.871781,0.678935
Mn_num,M2_Core_Salinity,Lasso,RAW,6,-0.43338,0.617205,0.549291
Mn_num,M2_Core_Salinity,Lasso,RAW,7,-0.135144,2.057163,1.128203
Mn_num,M2_Core_Salinity,Lasso,RAW,8,-0.067885,0.792771,0.634237
Mn_num,M2_Core_Salinity,Lasso,RAW,9,-5.346797,0.645249,0.595298
Mn_num,M2_Core_Salinity,Lasso,RAW,10,0.106794,0.83607,0.764489
Mn_num,M2_Core_Salinity,Lasso,RAW,11,-0.043864,1.987316,0.989511
Mn_num,M2_Core_Salinity,Lasso,RAW,12,-5.732521,0.692047,0.65841
Mn_num,M2_Core_Salinity,Lasso,RAW,13,0.272406,0.608958,0.473775
Mn_num,M2_Core_Salinity,Lasso,RAW,14,0.07765,0.894772,0.789176
Mn_num,M2_Core_Salinity,Lasso,RAW,15,-0.077786,0.657312,0.594641
Mn_num,M2_Core_Salinity,Lasso,RAW,16,-5.17332,0.621717,0.593199
Mn_num,M2_Core_Salinity,Lasso,RAW,17,-0.53926,0.788965,0.730156
Mn_num,M2_Core_Salinity,Lasso,RAW,18,-0.226465,2.163692,1.280887
Mn_num,M2_Core_Salinity,Lasso,RAW,19,0.011469,0.696512,0.646871
Mn_num,M2_Core_Salinity,Lasso,RAW,20,-0.096732,0.465437,0.436992
Mn_num,M2_Core_Salinity,Lasso,RAW,21,-0.63138,0.738752,0.698685
Mn_num,M2_Core_Salinity,Lasso,RAW,22,-0.113479,2.092989,1.140886
Mn_num,M2_Core_Salinity,Lasso,RAW,23,0.110669,0.681544,0.623746
Mn_num,M2_Core_Salinity,Lasso,RAW,24,-3.66664,0.573713,0.508704
Mn_num,M2_Core_Salinity,Lasso,RAW,25,0.048878,0.764128,0.69121
Mn_num,M2_Core_Salinity,HuberRegressor,LOG1P,1,0.022947,0.669873,0.534661
Mn_num,M2_Core_Salinity,HuberRegressor,LOG1P,2,-0.229796,2.177166,1.132153
Mn_num,M2_Core_Salinity,HuberRegressor,LOG1P,3,-0.789685,0.514945,0.422761
Mn_num,M2_Core_Salinity,HuberRegressor,LOG1P,4,-8.432303,0.765299,0.599927
Mn_num,M2_Core_Salinity,HuberRegressor,LOG1P,5,-0.862758,1.018423,0.796015
Mn_num,M2_Core_Salinity,HuberRegressor,LOG1P,6,-0.476711,0.626465,0.500739
Mn_num,M2_Core_Salinity,HuberRegressor,LOG1P,7,-0.473124,2.343488,1.574031
Mn_num,M2_Core_Salinity,HuberRegressor,LOG1P,8,-0.116916,0.810766,0.613897
Mn_num,M2_Core_Salinity,HuberRegressor,LOG1P,9,-1.401316,0.396894,0.322354
Mn_num,M2_Core_Salinity,HuberRegressor,LOG1P,10,0.033162,0.869849,0.641789
Mn_num,M2_Core_Salinity,HuberRegressor,LOG1P,11,-0.080982,2.022341,0.998328
Mn_num,M2_Core_Salinity,HuberRegressor,LOG1P,12,-5.197209,0.663965,0.540417
Mn_num,M2_Core_Salinity,HuberRegressor,LOG1P,13,0.214054,0.632906,0.382893
Mn_num,M2_Core_Salinity,HuberRegressor,LOG1P,14,0.09066,0.888439,0.613091
Mn_num,M2_Core_Salinity,HuberRegressor,LOG1P,15,-0.283659,0.717349,0.487345
Mn_num,M2_Core_Salinity,HuberRegressor,LOG1P,16,-1.520839,0.397289,0.348579
Mn_num,M2_Core_Salinity,HuberRegressor,LOG1P,17,-0.69583,0.828119,0.696191
Mn_num,M2_Core_Salinity,HuberRegressor,LOG1P,18,-0.246507,2.1813,1.22599
Mn_num,M2_Core_Salinity,HuberRegressor,LOG1P,19,0.267187,0.599694,0.384893
Mn_num,M2_Core_Salinity,HuberRegressor,LOG1P,20,-0.044089,0.454129,0.268528
Mn_num,M2_Core_Salinity,HuberRegressor,LOG1P,21,-0.041363,0.590231,0.418389
Mn_num,M2_Core_Salinity,HuberRegressor,LOG1P,22,-0.172816,2.148033,1.091095
Mn_num,M2_Core_Salinity,HuberRegressor,LOG1P,23,-0.134919,0.769918,0.507754
Mn_num,M2_Core_Salinity,HuberRegressor,LOG1P,24,-5.326652,0.668005,0.513735
Mn_num,M2_Core_Salinity,HuberRegressor,LOG1P,25,-0.071712,0.811124,0.686204
Mn_num,M2_Core_Salinity,HuberRegressor,RAW,1,0.033478,0.666254,0.532636
Mn_num,M2_Core_Salinity,HuberRegressor,RAW,2,-0.241706,2.187683,1.147007
Mn_num,M2_Core_Salinity,HuberRegressor,RAW,3,-1.597445,0.620363,0.513485
Mn_num,M2_Core_Salinity,HuberRegressor,RAW,4,-10.61402,0.849207,0.703108
Mn_num,M2_Core_Salinity,HuberRegressor,RAW,5,-0.899364,1.028381,0.801484
Mn_num,M2_Core_Salinity,HuberRegressor,RAW,6,-0.335723,0.595809,0.463597
Mn_num,M2_Core_Salinity,HuberRegressor,RAW,7,-0.279803,2.184313,1.372705
Mn_num,M2_Core_Salinity,HuberRegressor,RAW,8,-0.126232,0.814141,0.603572
Mn_num,M2_Core_Salinity,HuberRegressor,RAW,9,-1.066565,0.368192,0.294384
Mn_num,M2_Core_Salinity,HuberRegressor,RAW,10,-0.034257,0.899665,0.67406
Mn_num,M2_Core_Salinity,HuberRegressor,RAW,11,-0.083288,2.024497,1.006096
Mn_num,M2_Core_Salinity,HuberRegressor,RAW,12,-3.294192,0.552698,0.466629
Mn_num,M2_Core_Salinity,HuberRegressor,RAW,13,0.204443,0.636764,0.371958
Mn_num,M2_Core_Salinity,HuberRegressor,RAW,14,0.064604,0.901078,0.622168
Mn_num,M2_Core_Salinity,HuberRegressor,RAW,15,-0.249217,0.70766,0.476336
Mn_num,M2_Core_Salinity,HuberRegressor,RAW,16,-1.902906,0.426334,0.357938
Mn_num,M2_Core_Salinity,HuberRegressor,RAW,17,-0.659515,0.819204,0.678301
Mn_num,M2_Core_Salinity,HuberRegressor,RAW,18,-0.247665,2.182312,1.22655
Mn_num,M2_Core_Salinity,HuberRegressor,RAW,19,0.244918,0.608738,0.386253
Mn_num,M2_Core_Salinity,HuberRegressor,RAW,20,-0.032089,0.451511,0.271892
Mn_num,M2_Core_Salinity,HuberRegressor,RAW,21,-0.01591,0.582973,0.415868
Mn_num,M2_Core_Salinity,HuberRegressor,RAW,22,-0.170488,2.1459,1.093057
Mn_num,M2_Core_Salinity,HuberRegressor,RAW,23,-0.100179,0.758043,0.487491
Mn_num,M2_Core_Salinity,HuberRegressor,RAW,24,-10.873795,0.91514,0.731192
Mn_num,M2_Core_Salinity,HuberRegressor,RAW,25,-0.082295,0.815119,0.694853
Mn_num,M2_Core_Salinity,SVR_RBF,LOG1P,1,-0.457161,0.818064,0.635289
Mn_num,M2_Core_Salinity,SVR_RBF,LOG1P,2,-0.205211,2.155294,1.107786
Mn_num,M2_Core_Salinity,SVR_RBF,LOG1P,3,-0.430502,0.46038,0.414581
Mn_num,M2_Core_Salinity,SVR_RBF,LOG1P,4,-12.681391,0.921695,0.715317
Mn_num,M2_Core_Salinity,SVR_RBF,LOG1P,5,-1.078263,1.075723,0.817374
Mn_num,M2_Core_Salinity,SVR_RBF,LOG1P,6,-0.838611,0.699027,0.526661
Mn_num,M2_Core_Salinity,SVR_RBF,LOG1P,7,-0.254722,2.162803,1.370783
Mn_num,M2_Core_Salinity,SVR_RBF,LOG1P,8,-0.569711,0.961159,0.739688
Mn_num,M2_Core_Salinity,SVR_RBF,LOG1P,9,-0.944998,0.357198,0.268444
Mn_num,M2_Core_Salinity,SVR_RBF,LOG1P,10,0.005367,0.882263,0.601698
Mn_num,M2_Core_Salinity,SVR_RBF,LOG1P,11,-0.059783,2.002413,1.048569
Mn_num,M2_Core_Salinity,SVR_RBF,LOG1P,12,-8.793345,0.834666,0.659902
Mn_num,M2_Core_Salinity,SVR_RBF,LOG1P,13,-0.264941,0.80293,0.526774
Mn_num,M2_Core_Salinity,SVR_RBF,LOG1P,14,-0.210597,1.025096,0.792606
Mn_num,M2_Core_Salinity,SVR_RBF,LOG1P,15,-0.458798,0.764721,0.533482
Mn_num,M2_Core_Salinity,SVR_RBF,LOG1P,16,-3.554915,0.53404,0.426594
Mn_num,M2_Core_Salinity,SVR_RBF,LOG1P,17,-0.857952,0.8668,0.698149
Mn_num,M2_Core_Salinity,SVR_RBF,LOG1P,18,-0.22684,2.164023,1.26463
Mn_num,M2_Core_Salinity,SVR_RBF,LOG1P,19,0.181516,0.633779,0.507683
Mn_num,M2_Core_Salinity,SVR_RBF,LOG1P,20,-0.055986,0.456709,0.295781
Mn_num,M2_Core_Salinity,SVR_RBF,LOG1P,21,-0.248062,0.646158,0.414124
Mn_num,M2_Core_Salinity,SVR_RBF,LOG1P,22,-0.179829,2.154446,1.145463
Mn_num,M2_Core_Salinity,SVR_RBF,LOG1P,23,-0.297254,0.823142,0.567659
Mn_num,M2_Core_Salinity,SVR_RBF,LOG1P,24,-5.767219,0.690872,0.524016
Mn_num,M2_Core_Salinity,SVR_RBF,LOG1P,25,-0.541136,0.972677,0.828077
Mn_num,M2_Core_Salinity,SVR_RBF,RAW,1,-0.230577,0.751775,0.580675
Mn_num,M2_Core_Salinity,SVR_RBF,RAW,2,-0.211497,2.160908,1.123686
Mn_num,M2_Core_Salinity,SVR_RBF,RAW,3,-0.227231,0.426418,0.383388
Mn_num,M2_Core_Salinity,SVR_RBF,RAW,4,-7.02651,0.705969,0.614627
Mn_num,M2_Core_Salinity,SVR_RBF,RAW,5,-1.058295,1.070542,0.80671
Mn_num,M2_Core_Salinity,SVR_RBF,RAW,6,-0.451783,0.621155,0.471997
Mn_num,M2_Core_Salinity,SVR_RBF,RAW,7,-0.182119,2.099296,1.227906
Mn_num,M2_Core_Salinity,SVR_RBF,RAW,8,-0.516496,0.944726,0.724918
Mn_num,M2_Core_Salinity,SVR_RBF,RAW,9,-0.478438,0.311423,0.241543
Mn_num,M2_Core_Salinity,SVR_RBF,RAW,10,-0.018923,0.892971,0.620213
Mn_num,M2_Core_Salinity,SVR_RBF,RAW,11,-0.074096,2.015889,1.026889
Mn_num,M2_Core_Salinity,SVR_RBF,RAW,12,-3.019269,0.534713,0.462924
Mn_num,M2_Core_Salinity,SVR_RBF,RAW,13,-0.317034,0.819297,0.547535
Mn_num,M2_Core_Salinity,SVR_RBF,RAW,14,-0.215883,1.027332,0.762903
Mn_num,M2_Core_Salinity,SVR_RBF,RAW,15,-0.357026,0.737564,0.503274
Mn_num,M2_Core_Salinity,SVR_RBF,RAW,16,-1.128681,0.365081,0.292194
Mn_num,M2_Core_Salinity,SVR_RBF,RAW,17,-0.817068,0.85721,0.684451
Mn_num,M2_Core_Salinity,SVR_RBF,RAW,18,-0.257872,2.191221,1.277574
Mn_num,M2_Core_Salinity,SVR_RBF,RAW,19,0.157549,0.642992,0.477482
Mn_num,M2_Core_Salinity,SVR_RBF,RAW,20,-0.02133,0.449152,0.309867
Mn_num,M2_Core_Salinity,SVR_RBF,RAW,21,-0.18429,0.629433,0.401308
Mn_num,M2_Core_Salinity,SVR_RBF,RAW,22,-0.180177,2.154763,1.136798
Mn_num,M2_Core_Salinity,SVR_RBF,RAW,23,-0.27571,0.816278,0.555624
Mn_num,M2_Core_Salinity,SVR_RBF,RAW,24,-3.326611,0.552416,0.446643
Mn_num,M2_Core_Salinity,SVR_RBF,RAW,25,-0.377683,0.919651,0.774748
Mn_num,M3_Core_IonRatios,Ridge,LOG1P,1,-1.543285,1.080765,0.929799
Mn_num,M3_Core_IonRatios,Ridge,LOG1P,2,-0.196171,2.147196,1.105779
Mn_num,M3_Core_IonRatios,Ridge,LOG1P,3,-1.536362,0.613025,0.515185
Mn_num,M3_Core_IonRatios,Ridge,LOG1P,4,-5.145965,0.617756,0.524177
Mn_num,M3_Core_IonRatios,Ridge,LOG1P,5,-0.507684,0.916232,0.719023
Mn_num,M3_Core_IonRatios,Ridge,LOG1P,6,-1.279667,0.778367,0.646259
Mn_num,M3_Core_IonRatios,Ridge,LOG1P,7,-0.242488,2.152233,1.24593
Mn_num,M3_Core_IonRatios,Ridge,LOG1P,8,-0.145808,0.821186,0.663824
Mn_num,M3_Core_IonRatios,Ridge,LOG1P,9,-1.856892,0.432909,0.368636
Mn_num,M3_Core_IonRatios,Ridge,LOG1P,10,0.29749,0.741469,0.587821
Mn_num,M3_Core_IonRatios,Ridge,LOG1P,11,-0.095163,2.035563,1.023079
Mn_num,M3_Core_IonRatios,Ridge,LOG1P,12,-4.88989,0.647293,0.571334
Mn_num,M3_Core_IonRatios,Ridge,LOG1P,13,0.031678,0.70251,0.547053
Mn_num,M3_Core_IonRatios,Ridge,LOG1P,14,-0.595254,1.176737,0.957349
Mn_num,M3_Core_IonRatios,Ridge,LOG1P,15,-0.092539,0.661796,0.449926
Mn_num,M3_Core_IonRatios,Ridge,LOG1P,16,-3.146591,0.509541,0.450756
Mn_num,M3_Core_IonRatios,Ridge,LOG1P,17,-1.028887,0.905796,0.772872
Mn_num,M3_Core_IonRatios,Ridge,LOG1P,18,-0.358419,2.277114,1.369537
Mn_num,M3_Core_IonRatios,Ridge,LOG1P,19,0.298929,0.586562,0.432232
Mn_num,M3_Core_IonRatios,Ridge,LOG1P,20,0.03691,0.436158,0.296055
Mn_num,M3_Core_IonRatios,Ridge,LOG1P,21,-0.298433,0.659069,0.548322
Mn_num,M3_Core_IonRatios,Ridge,LOG1P,22,-0.172659,2.147889,1.154992
Mn_num,M3_Core_IonRatios,Ridge,LOG1P,23,-0.637401,0.924782,0.708444
Mn_num,M3_Core_IonRatios,Ridge,LOG1P,24,-5.942034,0.699739,0.537714
Mn_num,M3_Core_IonRatios,Ridge,LOG1P,25,-0.474653,0.951466,0.837624
Mn_num,M3_Core_IonRatios,Ridge,RAW,1,-4.232389,1.550186,1.255465
Mn_num,M3_Core_IonRatios,Ridge,RAW,2,-0.154568,2.109526,1.123333
Mn_num,M3_Core_IonRatios,Ridge,RAW,3,-6.951812,1.08544,0.972511
Mn_num,M3_Core_IonRatios,Ridge,RAW,4,-8.407619,0.764297,0.671333
Mn_num,M3_Core_IonRatios,Ridge,RAW,5,-0.311466,0.854532,0.707488
Mn_num,M3_Core_IonRatios,Ridge,RAW,6,-2.539343,0.969863,0.861003
Mn_num,M3_Core_IonRatios,Ridge,RAW,7,-0.206153,2.12053,1.304024
Mn_num,M3_Core_IonRatios,Ridge,RAW,8,-0.791437,1.026801,0.855829
Mn_num,M3_Core_IonRatios,Ridge,RAW,9,-8.407979,0.785594,0.704344
Mn_num,M3_Core_IonRatios,Ridge,RAW,10,0.359745,0.707853,0.645226
Mn_num,M3_Core_IonRatios,Ridge,RAW,11,-0.055694,1.998546,1.066722
Mn_num,M3_Core_IonRatios,Ridge,RAW,12,-8.306403,0.813651,0.754835
Mn_num,M3_Core_IonRatios,Ridge,RAW,13,-0.373565,0.836695,0.6607
Mn_num,M3_Core_IonRatios,Ridge,RAW,14,-2.018888,1.618781,1.257894
Mn_num,M3_Core_IonRatios,Ridge,RAW,15,0.037829,0.621057,0.530882
Mn_num,M3_Core_IonRatios,Ridge,RAW,16,-7.59324,0.73352,0.67297
Mn_num,M3_Core_IonRatios,Ridge,RAW,17,-1.874342,1.078129,0.910803
Mn_num,M3_Core_IonRatios,Ridge,RAW,18,-0.349827,2.269901,1.405815
Mn_num,M3_Core_IonRatios,Ridge,RAW,19,0.196008,0.628144,0.550698
Mn_num,M3_Core_IonRatios,Ridge,RAW,20,-0.243296,0.495561,0.40346
Mn_num,M3_Core_IonRatios,Ridge,RAW,21,-0.940726,0.805755,0.760187
Mn_num,M3_Core_IonRatios,Ridge,RAW,22,-0.141198,2.11888,1.183382
Mn_num,M3_Core_IonRatios,Ridge,RAW,23,-2.058299,1.263869,0.911423
Mn_num,M3_Core_IonRatios,Ridge,RAW,24,-10.03717,0.882311,0.737143
Mn_num,M3_Core_IonRatios,Ridge,RAW,25,-1.536222,1.247791,1.116119
Mn_num,M3_Core_IonRatios,Lasso,LOG1P,1,-0.046558,0.693291,0.595482
Mn_num,M3_Core_IonRatios,Lasso,LOG1P,2,-0.167546,2.121349,1.11329
Mn_num,M3_Core_IonRatios,Lasso,LOG1P,3,-0.019651,0.388686,0.304338
Mn_num,M3_Core_IonRatios,Lasso,LOG1P,4,-1.301047,0.377994,0.351175
Mn_num,M3_Core_IonRatios,Lasso,LOG1P,5,-0.970161,1.047372,0.753077
Mn_num,M3_Core_IonRatios,Lasso,LOG1P,6,-0.086595,0.537381,0.41165
Mn_num,M3_Core_IonRatios,Lasso,LOG1P,7,-0.158303,2.078042,1.018587
Mn_num,M3_Core_IonRatios,Lasso,LOG1P,8,-0.164732,0.827939,0.572337
Mn_num,M3_Core_IonRatios,Lasso,LOG1P,9,-1.81373,0.429626,0.360434
Mn_num,M3_Core_IonRatios,Lasso,LOG1P,10,0.027595,0.872349,0.696312
Mn_num,M3_Core_IonRatios,Lasso,LOG1P,11,-0.09465,2.035086,1.009345
Mn_num,M3_Core_IonRatios,Lasso,LOG1P,12,-0.927885,0.370329,0.308881
Mn_num,M3_Core_IonRatios,Lasso,LOG1P,13,0.082306,0.683899,0.492806
Mn_num,M3_Core_IonRatios,Lasso,LOG1P,14,-0.083921,0.969981,0.760026
Mn_num,M3_Core_IonRatios,Lasso,LOG1P,15,-0.063068,0.652809,0.473726
Mn_num,M3_Core_IonRatios,Lasso,LOG1P,16,-0.537328,0.310254,0.223102
Mn_num,M3_Core_IonRatios,Lasso,LOG1P,17,-0.428596,0.760075,0.633904
Mn_num,M3_Core_IonRatios,Lasso,LOG1P,18,-0.285935,2.215529,1.319152
Mn_num,M3_Core_IonRatios,Lasso,LOG1P,19,0.023351,0.692313,0.536421
Mn_num,M3_Core_IonRatios,Lasso,LOG1P,20,0.017718,0.440482,0.361872
Mn_num,M3_Core_IonRatios,Lasso,LOG1P,21,-0.095441,0.605362,0.477179
Mn_num,M3_Core_IonRatios,Lasso,LOG1P,22,-0.142916,2.120474,1.117288
Mn_num,M3_Core_IonRatios,Lasso,LOG1P,23,0.016495,0.716721,0.522015
Mn_num,M3_Core_IonRatios,Lasso,LOG1P,24,-0.512771,0.326647,0.292668
Mn_num,M3_Core_IonRatios,Lasso,LOG1P,25,-0.040261,0.799134,0.683133
Mn_num,M3_Core_IonRatios,Lasso,RAW,1,-0.873442,0.927585,0.895304
Mn_num,M3_Core_IonRatios,Lasso,RAW,2,-0.143899,2.099756,1.134399
Mn_num,M3_Core_IonRatios,Lasso,RAW,3,-3.320778,0.800117,0.742249
Mn_num,M3_Core_IonRatios,Lasso,RAW,4,-5.039816,0.612398,0.593794
Mn_num,M3_Core_IonRatios,Lasso,RAW,5,-0.349992,0.866993,0.684654
Mn_num,M3_Core_IonRatios,Lasso,RAW,6,-0.467305,0.624466,0.560602
Mn_num,M3_Core_IonRatios,Lasso,RAW,7,-0.135144,2.057163,1.128203
Mn_num,M3_Core_IonRatios,Lasso,RAW,8,-0.045719,0.7845,0.630352
Mn_num,M3_Core_IonRatios,Lasso,RAW,9,-5.562744,0.656134,0.605915
Mn_num,M3_Core_IonRatios,Lasso,RAW,10,0.093475,0.842281,0.769027
Mn_num,M3_Core_IonRatios,Lasso,RAW,11,-0.044402,1.987829,1.028776
Mn_num,M3_Core_IonRatios,Lasso,RAW,12,-5.8551,0.698319,0.674729
Mn_num,M3_Core_IonRatios,Lasso,RAW,13,0.302966,0.596032,0.430851
Mn_num,M3_Core_IonRatios,Lasso,RAW,14,-0.229925,1.033246,0.921247
Mn_num,M3_Core_IonRatios,Lasso,RAW,15,-0.099995,0.66405,0.606355
Mn_num,M3_Core_IonRatios,Lasso,RAW,16,-5.091016,0.617559,0.588237
Mn_num,M3_Core_IonRatios,Lasso,RAW,17,-0.565688,0.795709,0.72836
Mn_num,M3_Core_IonRatios,Lasso,RAW,18,-0.229805,2.166636,1.299306
Mn_num,M3_Core_IonRatios,Lasso,RAW,19,0.073715,0.674226,0.613452
Mn_num,M3_Core_IonRatios,Lasso,RAW,20,-0.082814,0.462474,0.436544
Mn_num,M3_Core_IonRatios,Lasso,RAW,21,-0.624993,0.737304,0.700663
Mn_num,M3_Core_IonRatios,Lasso,RAW,22,-0.107177,2.087058,1.132307
Mn_num,M3_Core_IonRatios,Lasso,RAW,23,-0.475504,0.877874,0.756694
Mn_num,M3_Core_IonRatios,Lasso,RAW,24,-3.75143,0.578902,0.496114
Mn_num,M3_Core_IonRatios,Lasso,RAW,25,-0.028005,0.794412,0.718346
Mn_num,M3_Core_IonRatios,HuberRegressor,LOG1P,1,-0.1451,0.725196,0.615716
Mn_num,M3_Core_IonRatios,HuberRegressor,LOG1P,2,-0.258218,2.202181,1.134428
Mn_num,M3_Core_IonRatios,HuberRegressor,LOG1P,3,-1.318534,0.58611,0.488895
Mn_num,M3_Core_IonRatios,HuberRegressor,LOG1P,4,-12.740738,0.923692,0.69264
Mn_num,M3_Core_IonRatios,HuberRegressor,LOG1P,5,-1.054052,1.069438,0.83591
Mn_num,M3_Core_IonRatios,HuberRegressor,LOG1P,6,-0.895881,0.70983,0.570136
Mn_num,M3_Core_IonRatios,HuberRegressor,LOG1P,7,-0.347904,2.241675,1.37197
Mn_num,M3_Core_IonRatios,HuberRegressor,LOG1P,8,-0.142872,0.820133,0.589529
Mn_num,M3_Core_IonRatios,HuberRegressor,LOG1P,9,0.100967,0.24285,0.218353
Mn_num,M3_Core_IonRatios,HuberRegressor,LOG1P,10,-0.020214,0.893537,0.651367
Mn_num,M3_Core_IonRatios,HuberRegressor,LOG1P,11,-0.172598,2.106297,1.036853
Mn_num,M3_Core_IonRatios,HuberRegressor,LOG1P,12,-5.652767,0.687936,0.547398
Mn_num,M3_Core_IonRatios,HuberRegressor,LOG1P,13,-0.025486,0.722949,0.499611
Mn_num,M3_Core_IonRatios,HuberRegressor,LOG1P,14,-0.035187,0.947925,0.721559
Mn_num,M3_Core_IonRatios,HuberRegressor,LOG1P,15,-0.265157,0.71216,0.479664
Mn_num,M3_Core_IonRatios,HuberRegressor,LOG1P,16,-4.092081,0.564652,0.452308
Mn_num,M3_Core_IonRatios,HuberRegressor,LOG1P,17,-0.819127,0.857696,0.686042
Mn_num,M3_Core_IonRatios,HuberRegressor,LOG1P,18,-0.481291,2.37787,1.462725
Mn_num,M3_Core_IonRatios,HuberRegressor,LOG1P,19,0.163931,0.640552,0.410431
Mn_num,M3_Core_IonRatios,HuberRegressor,LOG1P,20,-0.020351,0.448937,0.301586
Mn_num,M3_Core_IonRatios,HuberRegressor,LOG1P,21,-0.215902,0.637779,0.456056
Mn_num,M3_Core_IonRatios,HuberRegressor,LOG1P,22,-0.221493,2.192156,1.13107
Mn_num,M3_Core_IonRatios,HuberRegressor,LOG1P,23,-0.081536,0.751593,0.509057
Mn_num,M3_Core_IonRatios,HuberRegressor,LOG1P,24,-7.565753,0.777276,0.661706
Mn_num,M3_Core_IonRatios,HuberRegressor,LOG1P,25,-0.294772,0.891548,0.727833
Mn_num,M3_Core_IonRatios,HuberRegressor,RAW,1,-0.075809,0.702912,0.583402
Mn_num,M3_Core_IonRatios,HuberRegressor,RAW,2,-0.286836,2.227084,1.20266
Mn_num,M3_Core_IonRatios,HuberRegressor,RAW,3,-4.898563,0.934858,0.719637
Mn_num,M3_Core_IonRatios,HuberRegressor,RAW,4,-12.579665,0.918262,0.748437
Mn_num,M3_Core_IonRatios,HuberRegressor,RAW,5,-1.052975,1.069158,0.832593
Mn_num,M3_Core_IonRatios,HuberRegressor,RAW,6,-0.703281,0.672809,0.523713
Mn_num,M3_Core_IonRatios,HuberRegressor,RAW,7,-0.29855,2.200252,1.300403
Mn_num,M3_Core_IonRatios,HuberRegressor,RAW,8,-0.136738,0.817929,0.581935
Mn_num,M3_Core_IonRatios,HuberRegressor,RAW,9,-0.074576,0.265502,0.239437
Mn_num,M3_Core_IonRatios,HuberRegressor,RAW,10,-0.111677,0.93273,0.702101
Mn_num,M3_Core_IonRatios,HuberRegressor,RAW,11,-0.173045,2.106699,1.070662
Mn_num,M3_Core_IonRatios,HuberRegressor,RAW,12,-3.902479,0.590548,0.488856
Mn_num,M3_Core_IonRatios,HuberRegressor,RAW,13,-0.188617,0.77833,0.563215
Mn_num,M3_Core_IonRatios,HuberRegressor,RAW,14,-0.03604,0.948316,0.716774
Mn_num,M3_Core_IonRatios,HuberRegressor,RAW,15,-0.245877,0.706713,0.478381
Mn_num,M3_Core_IonRatios,HuberRegressor,RAW,16,-2.930674,0.496097,0.424392
Mn_num,M3_Core_IonRatios,HuberRegressor,RAW,17,-0.783367,0.849224,0.678018
Mn_num,M3_Core_IonRatios,HuberRegressor,RAW,18,-0.509521,2.400421,1.512721
Mn_num,M3_Core_IonRatios,HuberRegressor,RAW,19,0.089777,0.668355,0.447617
Mn_num,M3_Core_IonRatios,HuberRegressor,RAW,20,-0.006765,0.445938,0.304356
Mn_num,M3_Core_IonRatios,HuberRegressor,RAW,21,-0.225602,0.640318,0.463388
Mn_num,M3_Core_IonRatios,HuberRegressor,RAW,22,-0.217163,2.188267,1.138538
Mn_num,M3_Core_IonRatios,HuberRegressor,RAW,23,-0.083438,0.752253,0.496709
Mn_num,M3_Core_IonRatios,HuberRegressor,RAW,24,-12.731246,0.984119,0.888611
Mn_num,M3_Core_IonRatios,HuberRegressor,RAW,25,-0.323117,0.901254,0.740578
Mn_num,M3_Core_IonRatios,SVR_RBF,LOG1P,1,-0.336802,0.783551,0.614364
Mn_num,M3_Core_IonRatios,SVR_RBF,LOG1P,2,-0.183024,2.135363,1.090035
Mn_num,M3_Core_IonRatios,SVR_RBF,LOG1P,3,-0.422574,0.459103,0.37946
Mn_num,M3_Core_IonRatios,SVR_RBF,LOG1P,4,-10.073953,0.829227,0.672205
Mn_num,M3_Core_IonRatios,SVR_RBF,LOG1P,5,-1.274707,1.125415,0.871641
Mn_num,M3_Core_IonRatios,SVR_RBF,LOG1P,6,-1.954376,0.886098,0.650194
Mn_num,M3_Core_IonRatios,SVR_RBF,LOG1P,7,-0.355728,2.248172,1.450096
Mn_num,M3_Core_IonRatios,SVR_RBF,LOG1P,8,-0.485695,0.935083,0.707363
Mn_num,M3_Core_IonRatios,SVR_RBF,LOG1P,9,-1.294462,0.387963,0.279896
Mn_num,M3_Core_IonRatios,SVR_RBF,LOG1P,10,-0.011693,0.889798,0.620062
Mn_num,M3_Core_IonRatios,SVR_RBF,LOG1P,11,-0.114357,2.053323,1.056
Mn_num,M3_Core_IonRatios,SVR_RBF,LOG1P,12,-7.01354,0.755021,0.622058
Mn_num,M3_Core_IonRatios,SVR_RBF,LOG1P,13,-0.240868,0.795254,0.552861
Mn_num,M3_Core_IonRatios,SVR_RBF,LOG1P,14,-0.27688,1.052785,0.820952
Mn_num,M3_Core_IonRatios,SVR_RBF,LOG1P,15,-0.452977,0.763194,0.525766
Mn_num,M3_Core_IonRatios,SVR_RBF,LOG1P,16,-3.83629,0.550288,0.457551
Mn_num,M3_Core_IonRatios,SVR_RBF,LOG1P,17,-0.847116,0.864269,0.687927
Mn_num,M3_Core_IonRatios,SVR_RBF,LOG1P,18,-0.410032,2.31997,1.380678
Mn_num,M3_Core_IonRatios,SVR_RBF,LOG1P,19,-0.214908,0.772156,0.574121
Mn_num,M3_Core_IonRatios,SVR_RBF,LOG1P,20,0.117501,0.41751,0.247488
Mn_num,M3_Core_IonRatios,SVR_RBF,LOG1P,21,-0.379081,0.679228,0.452576
Mn_num,M3_Core_IonRatios,SVR_RBF,LOG1P,22,-0.183526,2.157819,1.104248
Mn_num,M3_Core_IonRatios,SVR_RBF,LOG1P,23,-0.273286,0.815502,0.535286
Mn_num,M3_Core_IonRatios,SVR_RBF,LOG1P,24,-9.427217,0.857584,0.645944
Mn_num,M3_Core_IonRatios,SVR_RBF,LOG1P,25,-0.657124,1.008616,0.895772
Mn_num,M3_Core_IonRatios,SVR_RBF,RAW,1,-0.183711,0.737321,0.566295
Mn_num,M3_Core_IonRatios,SVR_RBF,RAW,2,-0.207133,2.157012,1.095887
Mn_num,M3_Core_IonRatios,SVR_RBF,RAW,3,-0.187786,0.41951,0.346043
Mn_num,M3_Core_IonRatios,SVR_RBF,RAW,4,-5.923625,0.655676,0.594657
Mn_num,M3_Core_IonRatios,SVR_RBF,RAW,5,-1.238146,1.116334,0.85849
Mn_num,M3_Core_IonRatios,SVR_RBF,RAW,6,-1.059096,0.739754,0.547284
Mn_num,M3_Core_IonRatios,SVR_RBF,RAW,7,-0.267548,2.173829,1.231262
Mn_num,M3_Core_IonRatios,SVR_RBF,RAW,8,-0.429704,0.917294,0.685941
Mn_num,M3_Core_IonRatios,SVR_RBF,RAW,9,-0.507444,0.314464,0.237508
Mn_num,M3_Core_IonRatios,SVR_RBF,RAW,10,-0.00263,0.885803,0.616499
Mn_num,M3_Core_IonRatios,SVR_RBF,RAW,11,-0.107294,2.046805,1.02896
Mn_num,M3_Core_IonRatios,SVR_RBF,RAW,12,-1.988961,0.461113,0.417752
Mn_num,M3_Core_IonRatios,SVR_RBF,RAW,13,-0.174909,0.773829,0.54309
Mn_num,M3_Core_IonRatios,SVR_RBF,RAW,14,-0.228932,1.03283,0.778679
Mn_num,M3_Core_IonRatios,SVR_RBF,RAW,15,-0.379572,0.743666,0.518537
Mn_num,M3_Core_IonRatios,SVR_RBF,RAW,16,-1.195379,0.370756,0.310314
Mn_num,M3_Core_IonRatios,SVR_RBF,RAW,17,-0.790769,0.850984,0.678572
Mn_num,M3_Core_IonRatios,SVR_RBF,RAW,18,-0.396805,2.309063,1.3488
Mn_num,M3_Core_IonRatios,SVR_RBF,RAW,19,0.10597,0.662383,0.495138
Mn_num,M3_Core_IonRatios,SVR_RBF,RAW,20,0.066189,0.429477,0.305962
Mn_num,M3_Core_IonRatios,SVR_RBF,RAW,21,-0.274656,0.653006,0.421533
Mn_num,M3_Core_IonRatios,SVR_RBF,RAW,22,-0.209697,2.181545,1.117343
Mn_num,M3_Core_IonRatios,SVR_RBF,RAW,23,-0.232806,0.802434,0.521537
Mn_num,M3_Core_IonRatios,SVR_RBF,RAW,24,-5.61745,0.683185,0.559228
Mn_num,M3_Core_IonRatios,SVR_RBF,RAW,25,-0.428386,0.936421,0.817701
Mn_num,M4_Core_IonExchange,Ridge,LOG1P,1,-0.318414,0.778143,0.724235
Mn_num,M4_Core_IonExchange,Ridge,LOG1P,2,-0.181936,2.134381,1.109271
Mn_num,M4_Core_IonExchange,Ridge,LOG1P,3,-1.601244,0.620816,0.529184
Mn_num,M4_Core_IonExchange,Ridge,LOG1P,4,-4.558723,0.587503,0.500076
Mn_num,M4_Core_IonExchange,Ridge,LOG1P,5,-0.512684,0.917749,0.72208
Mn_num,M4_Core_IonExchange,Ridge,LOG1P,6,-0.743098,0.680628,0.594161
Mn_num,M4_Core_IonExchange,Ridge,LOG1P,7,-0.219377,2.132122,1.270262
Mn_num,M4_Core_IonExchange,Ridge,LOG1P,8,-0.177672,0.832526,0.673487
Mn_num,M4_Core_IonExchange,Ridge,LOG1P,9,-1.535497,0.407832,0.351327
Mn_num,M4_Core_IonExchange,Ridge,LOG1P,10,0.310717,0.734456,0.594482
Mn_num,M4_Core_IonExchange,Ridge,LOG1P,11,-0.047035,1.990333,1.003271
Mn_num,M4_Core_IonExchange,Ridge,LOG1P,12,-4.771962,0.64078,0.558354
Mn_num,M4_Core_IonExchange,Ridge,LOG1P,13,0.208552,0.635117,0.486747
Mn_num,M4_Core_IonExchange,Ridge,LOG1P,14,0.233398,0.815736,0.670818
Mn_num,M4_Core_IonExchange,Ridge,LOG1P,15,-0.121996,0.670658,0.463505
Mn_num,M4_Core_IonExchange,Ridge,LOG1P,16,-2.907712,0.494646,0.44343
Mn_num,M4_Core_IonExchange,Ridge,LOG1P,17,-0.851682,0.865336,0.776234
Mn_num,M4_Core_IonExchange,Ridge,LOG1P,18,-0.177703,2.120244,1.2239
Mn_num,M4_Core_IonExchange,Ridge,LOG1P,19,0.36986,0.556098,0.443447
Mn_num,M4_Core_IonExchange,Ridge,LOG1P,20,0.071647,0.42822,0.291851
Mn_num,M4_Core_IonExchange,Ridge,LOG1P,21,-0.320615,0.664674,0.536207
Mn_num,M4_Core_IonExchange,Ridge,LOG1P,22,-0.110463,2.090152,1.106453
Mn_num,M4_Core_IonExchange,Ridge,LOG1P,23,0.086719,0.69066,0.586689
Mn_num,M4_Core_IonExchange,Ridge,LOG1P,24,-5.09317,0.655563,0.509368
Mn_num,M4_Core_IonExchange,Ridge,LOG1P,25,-0.210394,0.862009,0.733398
Mn_num,M4_Core_IonExchange,Ridge,RAW,1,-1.145426,0.992637,0.966543
Mn_num,M4_Core_IonExchange,Ridge,RAW,2,-0.143098,2.099021,1.088808
Mn_num,M4_Core_IonExchange,Ridge,RAW,3,-7.996608,1.154548,1.057692
Mn_num,M4_Core_IonExchange,Ridge,RAW,4,-7.160351,0.711831,0.635838
Mn_num,M4_Core_IonExchange,Ridge,RAW,5,-0.258237,0.837011,0.724324
Mn_num,M4_Core_IonExchange,Ridge,RAW,6,-1.742997,0.85381,0.804001
Mn_num,M4_Core_IonExchange,Ridge,RAW,7,-0.184163,2.10111,1.294903
Mn_num,M4_Core_IonExchange,Ridge,RAW,8,-0.691325,0.997698,0.86664
Mn_num,M4_Core_IonExchange,Ridge,RAW,9,-5.380623,0.646966,0.59571
Mn_num,M4_Core_IonExchange,Ridge,RAW,10,0.318498,0.730299,0.669466
Mn_num,M4_Core_IonExchange,Ridge,RAW,11,-0.011107,1.955887,1.049321
Mn_num,M4_Core_IonExchange,Ridge,RAW,12,-8.253056,0.811315,0.77539
Mn_num,M4_Core_IonExchange,Ridge,RAW,13,-0.049524,0.731373,0.630834
Mn_num,M4_Core_IonExchange,Ridge,RAW,14,0.171146,0.84821,0.766842
Mn_num,M4_Core_IonExchange,Ridge,RAW,15,-0.066592,0.65389,0.553485
Mn_num,M4_Core_IonExchange,Ridge,RAW,16,-7.638192,0.735436,0.701591
Mn_num,M4_Core_IonExchange,Ridge,RAW,17,-1.188135,0.940673,0.857336
Mn_num,M4_Core_IonExchange,Ridge,RAW,18,-0.136269,2.082612,1.234023
Mn_num,M4_Core_IonExchange,Ridge,RAW,19,0.225426,0.616545,0.563439
Mn_num,M4_Core_IonExchange,Ridge,RAW,20,-0.521775,0.548259,0.485371
Mn_num,M4_Core_IonExchange,Ridge,RAW,21,-1.049663,0.82806,0.756636
Mn_num,M4_Core_IonExchange,Ridge,RAW,22,-0.068644,2.050418,1.132714
Mn_num,M4_Core_IonExchange,Ridge,RAW,23,0.029021,0.712142,0.704215
Mn_num,M4_Core_IonExchange,Ridge,RAW,24,-9.007154,0.840133,0.690235
Mn_num,M4_Core_IonExchange,Ridge,RAW,25,-0.5818,0.985426,0.871801
Mn_num,M4_Core_IonExchange,Lasso,LOG1P,1,-0.019949,0.68442,0.581275
Mn_num,M4_Core_IonExchange,Lasso,LOG1P,2,-0.167546,2.121349,1.11329
Mn_num,M4_Core_IonExchange,Lasso,LOG1P,3,0.130681,0.358891,0.289651
Mn_num,M4_Core_IonExchange,Lasso,LOG1P,4,-1.270506,0.375477,0.349509
Mn_num,M4_Core_IonExchange,Lasso,LOG1P,5,-0.933742,1.037646,0.746921
Mn_num,M4_Core_IonExchange,Lasso,LOG1P,6,-0.058447,0.530375,0.394408
Mn_num,M4_Core_IonExchange,Lasso,LOG1P,7,-0.152844,2.07314,1.016563
Mn_num,M4_Core_IonExchange,Lasso,LOG1P,8,-0.123789,0.813257,0.559651
Mn_num,M4_Core_IonExchange,Lasso,LOG1P,9,-1.529398,0.407341,0.345509
Mn_num,M4_Core_IonExchange,Lasso,LOG1P,10,0.027595,0.872349,0.696312
Mn_num,M4_Core_IonExchange,Lasso,LOG1P,11,-0.084492,2.025622,1.041953
Mn_num,M4_Core_IonExchange,Lasso,LOG1P,12,-1.215409,0.396985,0.348898
Mn_num,M4_Core_IonExchange,Lasso,LOG1P,13,0.071954,0.687745,0.498087
Mn_num,M4_Core_IonExchange,Lasso,LOG1P,14,-0.083921,0.969981,0.760026
Mn_num,M4_Core_IonExchange,Lasso,LOG1P,15,-0.041918,0.646283,0.468593
Mn_num,M4_Core_IonExchange,Lasso,LOG1P,16,-0.46817,0.303195,0.252812
Mn_num,M4_Core_IonExchange,Lasso,LOG1P,17,-0.41799,0.757248,0.624109
Mn_num,M4_Core_IonExchange,Lasso,LOG1P,18,-0.285935,2.215529,1.319152
Mn_num,M4_Core_IonExchange,Lasso,LOG1P,19,0.044462,0.68479,0.532675
Mn_num,M4_Core_IonExchange,Lasso,LOG1P,20,0.054139,0.432239,0.350338
Mn_num,M4_Core_IonExchange,Lasso,LOG1P,21,-0.082014,0.601641,0.472591
Mn_num,M4_Core_IonExchange,Lasso,LOG1P,22,-0.142916,2.120474,1.117288
Mn_num,M4_Core_IonExchange,Lasso,LOG1P,23,0.040605,0.707882,0.518548
Mn_num,M4_Core_IonExchange,Lasso,LOG1P,24,-0.512771,0.326647,0.292668
Mn_num,M4_Core_IonExchange,Lasso,LOG1P,25,-0.013035,0.788607,0.675926
Mn_num,M4_Core_IonExchange,Lasso,RAW,1,-0.685436,0.879812,0.861552
Mn_num,M4_Core_IonExchange,Lasso,RAW,2,-0.143899,2.099756,1.134399
Mn_num,M4_Core_IonExchange,Lasso,RAW,3,-2.862816,0.756528,0.704639
Mn_num,M4_Core_IonExchange,Lasso,RAW,4,-5.017865,0.611285,0.587429
Mn_num,M4_Core_IonExchange,Lasso,RAW,5,-0.322624,0.85816,0.675998
Mn_num,M4_Core_IonExchange,Lasso,RAW,6,-0.378395,0.605251,0.551073
Mn_num,M4_Core_IonExchange,Lasso,RAW,7,-0.130552,2.052997,1.12051
Mn_num,M4_Core_IonExchange,Lasso,RAW,8,-0.023514,0.776126,0.621971
Mn_num,M4_Core_IonExchange,Lasso,RAW,9,-4.737584,0.6135,0.566632
Mn_num,M4_Core_IonExchange,Lasso,RAW,10,0.157868,0.811815,0.740694
Mn_num,M4_Core_IonExchange,Lasso,RAW,11,-0.043678,1.98714,1.077346
Mn_num,M4_Core_IonExchange,Lasso,RAW,12,-5.888303,0.700008,0.679286
Mn_num,M4_Core_IonExchange,Lasso,RAW,13,0.363678,0.569484,0.428167
Mn_num,M4_Core_IonExchange,Lasso,RAW,14,0.092173,0.8877,0.781708
Mn_num,M4_Core_IonExchange,Lasso,RAW,15,-0.052878,0.649673,0.577243
Mn_num,M4_Core_IonExchange,Lasso,RAW,16,-4.182575,0.569648,0.530871
Mn_num,M4_Core_IonExchange,Lasso,RAW,17,-0.482217,0.774208,0.721662
Mn_num,M4_Core_IonExchange,Lasso,RAW,18,-0.210782,2.149814,1.297349
Mn_num,M4_Core_IonExchange,Lasso,RAW,19,0.053445,0.681563,0.625721
Mn_num,M4_Core_IonExchange,Lasso,RAW,20,0.086596,0.424758,0.386077
Mn_num,M4_Core_IonExchange,Lasso,RAW,21,-0.578996,0.726794,0.675794
Mn_num,M4_Core_IonExchange,Lasso,RAW,22,-0.090381,2.071167,1.124518
Mn_num,M4_Core_IonExchange,Lasso,RAW,23,0.065726,0.698552,0.656857
Mn_num,M4_Core_IonExchange,Lasso,RAW,24,-3.359711,0.554526,0.474895
Mn_num,M4_Core_IonExchange,Lasso,RAW,25,0.04892,0.764112,0.691205
Mn_num,M4_Core_IonExchange,HuberRegressor,LOG1P,1,-0.024602,0.68598,0.513457
Mn_num,M4_Core_IonExchange,HuberRegressor,LOG1P,2,-0.234626,2.181437,1.123133
Mn_num,M4_Core_IonExchange,HuberRegressor,LOG1P,3,-0.858232,0.524714,0.43821
Mn_num,M4_Core_IonExchange,HuberRegressor,LOG1P,4,-9.266778,0.798434,0.619961
Mn_num,M4_Core_IonExchange,HuberRegressor,LOG1P,5,-1.098307,1.080898,0.848678
Mn_num,M4_Core_IonExchange,HuberRegressor,LOG1P,6,-0.453968,0.621622,0.467608
Mn_num,M4_Core_IonExchange,HuberRegressor,LOG1P,7,-0.337921,2.233358,1.394756
Mn_num,M4_Core_IonExchange,HuberRegressor,LOG1P,8,-0.157274,0.825284,0.612558
Mn_num,M4_Core_IonExchange,HuberRegressor,LOG1P,9,0.02408,0.253021,0.209505
Mn_num,M4_Core_IonExchange,HuberRegressor,LOG1P,10,0.02009,0.875709,0.619164
Mn_num,M4_Core_IonExchange,HuberRegressor,LOG1P,11,-0.09494,2.035355,0.978952
Mn_num,M4_Core_IonExchange,HuberRegressor,LOG1P,12,-6.227406,0.717031,0.566537
Mn_num,M4_Core_IonExchange,HuberRegressor,LOG1P,13,0.173226,0.649137,0.379362
Mn_num,M4_Core_IonExchange,HuberRegressor,LOG1P,14,-0.033881,0.947327,0.645547
Mn_num,M4_Core_IonExchange,HuberRegressor,LOG1P,15,-0.296506,0.72093,0.486631
Mn_num,M4_Core_IonExchange,HuberRegressor,LOG1P,16,-3.223972,0.514273,0.423214
Mn_num,M4_Core_IonExchange,HuberRegressor,LOG1P,17,-0.771369,0.846362,0.711468
Mn_num,M4_Core_IonExchange,HuberRegressor,LOG1P,18,-0.265856,2.198164,1.245
Mn_num,M4_Core_IonExchange,HuberRegressor,LOG1P,19,0.110408,0.660737,0.392949
Mn_num,M4_Core_IonExchange,HuberRegressor,LOG1P,20,0.041087,0.435211,0.242108
Mn_num,M4_Core_IonExchange,HuberRegressor,LOG1P,21,-0.087002,0.603026,0.414769
Mn_num,M4_Core_IonExchange,HuberRegressor,LOG1P,22,-0.209369,2.181249,1.136634
Mn_num,M4_Core_IonExchange,HuberRegressor,LOG1P,23,-0.103899,0.759323,0.501157
Mn_num,M4_Core_IonExchange,HuberRegressor,LOG1P,24,-7.124772,0.757004,0.577064
Mn_num,M4_Core_IonExchange,HuberRegressor,LOG1P,25,-0.131877,0.833581,0.670117
Mn_num,M4_Core_IonExchange,HuberRegressor,RAW,1,-0.01034,0.681189,0.520468
Mn_num,M4_Core_IonExchange,HuberRegressor,RAW,2,-0.244282,2.189951,1.152024
Mn_num,M4_Core_IonExchange,HuberRegressor,RAW,3,-2.117921,0.679681,0.558456
Mn_num,M4_Core_IonExchange,HuberRegressor,RAW,4,-7.75078,0.737133,0.611988
Mn_num,M4_Core_IonExchange,HuberRegressor,RAW,5,-1.073479,1.074484,0.84104
Mn_num,M4_Core_IonExchange,HuberRegressor,RAW,6,-0.39594,0.609091,0.454874
Mn_num,M4_Core_IonExchange,HuberRegressor,RAW,7,-0.217385,2.13038,1.223037
Mn_num,M4_Core_IonExchange,HuberRegressor,RAW,8,-0.152944,0.823739,0.601
Mn_num,M4_Core_IonExchange,HuberRegressor,RAW,9,0.026723,0.252678,0.207643
Mn_num,M4_Core_IonExchange,HuberRegressor,RAW,10,-0.042841,0.903391,0.65453
Mn_num,M4_Core_IonExchange,HuberRegressor,RAW,11,-0.094535,2.034979,0.983353
Mn_num,M4_Core_IonExchange,HuberRegressor,RAW,12,-3.285471,0.552136,0.472574
Mn_num,M4_Core_IonExchange,HuberRegressor,RAW,13,0.151695,0.657535,0.394815
Mn_num,M4_Core_IonExchange,HuberRegressor,RAW,14,-0.023457,0.942539,0.644332
Mn_num,M4_Core_IonExchange,HuberRegressor,RAW,15,-0.26475,0.712046,0.476835
Mn_num,M4_Core_IonExchange,HuberRegressor,RAW,16,-2.866643,0.49204,0.40941
Mn_num,M4_Core_IonExchange,HuberRegressor,RAW,17,-0.722292,0.834555,0.688547
Mn_num,M4_Core_IonExchange,HuberRegressor,RAW,18,-0.263777,2.196358,1.248229
Mn_num,M4_Core_IonExchange,HuberRegressor,RAW,19,0.093038,0.667156,0.413337
Mn_num,M4_Core_IonExchange,HuberRegressor,RAW,20,0.043339,0.4347,0.256642
Mn_num,M4_Core_IonExchange,HuberRegressor,RAW,21,-0.063658,0.596516,0.414352
Mn_num,M4_Core_IonExchange,HuberRegressor,RAW,22,-0.218229,2.189225,1.154424
Mn_num,M4_Core_IonExchange,HuberRegressor,RAW,23,-0.070169,0.747632,0.481115
Mn_num,M4_Core_IonExchange,HuberRegressor,RAW,24,-11.412446,0.935667,0.755794
Mn_num,M4_Core_IonExchange,HuberRegressor,RAW,25,-0.122978,0.830298,0.676804
Mn_num,M4_Core_IonExchange,SVR_RBF,LOG1P,1,-0.585496,0.853328,0.695155
Mn_num,M4_Core_IonExchange,SVR_RBF,LOG1P,2,-0.210097,2.159659,1.117428
Mn_num,M4_Core_IonExchange,SVR_RBF,LOG1P,3,-0.56718,0.481873,0.425615
Mn_num,M4_Core_IonExchange,SVR_RBF,LOG1P,4,-9.173462,0.794798,0.630974
Mn_num,M4_Core_IonExchange,SVR_RBF,LOG1P,5,-1.125731,1.087938,0.852705
Mn_num,M4_Core_IonExchange,SVR_RBF,LOG1P,6,-1.070061,0.741721,0.59021
Mn_num,M4_Core_IonExchange,SVR_RBF,LOG1P,7,-0.266509,2.172938,1.402592
Mn_num,M4_Core_IonExchange,SVR_RBF,LOG1P,8,-0.417883,0.913494,0.695724
Mn_num,M4_Core_IonExchange,SVR_RBF,LOG1P,9,0.144307,0.236924,0.195619
Mn_num,M4_Core_IonExchange,SVR_RBF,LOG1P,10,0.081426,0.84786,0.600042
Mn_num,M4_Core_IonExchange,SVR_RBF,LOG1P,11,-0.081483,2.022809,1.018073
Mn_num,M4_Core_IonExchange,SVR_RBF,LOG1P,12,-6.512252,0.731025,0.605704
Mn_num,M4_Core_IonExchange,SVR_RBF,LOG1P,13,-0.1736,0.773398,0.511414
Mn_num,M4_Core_IonExchange,SVR_RBF,LOG1P,14,-0.216485,1.027586,0.829959
Mn_num,M4_Core_IonExchange,SVR_RBF,LOG1P,15,-0.522641,0.781276,0.553214
Mn_num,M4_Core_IonExchange,SVR_RBF,LOG1P,16,-2.327147,0.456425,0.355318
Mn_num,M4_Core_IonExchange,SVR_RBF,LOG1P,17,-0.915958,0.880227,0.697493
Mn_num,M4_Core_IonExchange,SVR_RBF,LOG1P,18,-0.213129,2.151897,1.254869
Mn_num,M4_Core_IonExchange,SVR_RBF,LOG1P,19,0.280258,0.594322,0.483708
Mn_num,M4_Core_IonExchange,SVR_RBF,LOG1P,20,-0.012165,0.447132,0.301109
Mn_num,M4_Core_IonExchange,SVR_RBF,LOG1P,21,-0.263823,0.650225,0.428997
Mn_num,M4_Core_IonExchange,SVR_RBF,LOG1P,22,-0.146087,2.123414,1.108071
Mn_num,M4_Core_IonExchange,SVR_RBF,LOG1P,23,-0.132379,0.769056,0.53156
Mn_num,M4_Core_IonExchange,SVR_RBF,LOG1P,24,-4.447526,0.619858,0.468696
Mn_num,M4_Core_IonExchange,SVR_RBF,LOG1P,25,-0.433411,0.938067,0.771402
Mn_num,M4_Core_IonExchange,SVR_RBF,RAW,1,-0.352875,0.788247,0.631244
Mn_num,M4_Core_IonExchange,SVR_RBF,RAW,2,-0.226497,2.174244,1.129947
Mn_num,M4_Core_IonExchange,SVR_RBF,RAW,3,-0.317517,0.441826,0.400283
Mn_num,M4_Core_IonExchange,SVR_RBF,RAW,4,-5.136129,0.617262,0.549647
Mn_num,M4_Core_IonExchange,SVR_RBF,RAW,5,-1.135761,1.090502,0.855769
Mn_num,M4_Core_IonExchange,SVR_RBF,RAW,6,-0.845068,0.700253,0.552041
Mn_num,M4_Core_IonExchange,SVR_RBF,RAW,7,-0.190051,2.106328,1.251225
Mn_num,M4_Core_IonExchange,SVR_RBF,RAW,8,-0.447892,0.92311,0.703517
Mn_num,M4_Core_IonExchange,SVR_RBF,RAW,9,0.220817,0.226084,0.196374
Mn_num,M4_Core_IonExchange,SVR_RBF,RAW,10,0.085353,0.846045,0.607365
Mn_num,M4_Core_IonExchange,SVR_RBF,RAW,11,-0.090087,2.03084,1.015951
Mn_num,M4_Core_IonExchange,SVR_RBF,RAW,12,-2.791457,0.519338,0.46447
Mn_num,M4_Core_IonExchange,SVR_RBF,RAW,13,-0.279991,0.807693,0.537078
Mn_num,M4_Core_IonExchange,SVR_RBF,RAW,14,-0.235703,1.035671,0.794416
Mn_num,M4_Core_IonExchange,SVR_RBF,RAW,15,-0.430148,0.757175,0.541227
Mn_num,M4_Core_IonExchange,SVR_RBF,RAW,16,-0.537207,0.310241,0.262641
Mn_num,M4_Core_IonExchange,SVR_RBF,RAW,17,-0.840878,0.862808,0.684966
Mn_num,M4_Core_IonExchange,SVR_RBF,RAW,18,-0.227222,2.16436,1.272075
Mn_num,M4_Core_IonExchange,SVR_RBF,RAW,19,0.257795,0.603525,0.451155
Mn_num,M4_Core_IonExchange,SVR_RBF,RAW,20,0.090341,0.423886,0.298446
Mn_num,M4_Core_IonExchange,SVR_RBF,RAW,21,-0.216664,0.637979,0.410591
Mn_num,M4_Core_IonExchange,SVR_RBF,RAW,22,-0.168603,2.144171,1.123541
Mn_num,M4_Core_IonExchange,SVR_RBF,RAW,23,-0.163168,0.779441,0.53021
Mn_num,M4_Core_IonExchange,SVR_RBF,RAW,24,-2.268476,0.480137,0.397718
Mn_num,M4_Core_IonExchange,SVR_RBF,RAW,25,-0.314178,0.898205,0.743077
Mn_num,M5_Core_DepthInteractions,Ridge,LOG1P,1,-0.822298,0.914836,0.821011
Mn_num,M5_Core_DepthInteractions,Ridge,LOG1P,2,-0.195454,2.146553,1.12792
Mn_num,M5_Core_DepthInteractions,Ridge,LOG1P,3,-1.688025,0.631087,0.535392
Mn_num,M5_Core_DepthInteractions,Ridge,LOG1P,4,-4.968531,0.608774,0.526708
Mn_num,M5_Core_DepthInteractions,Ridge,LOG1P,5,-0.378584,0.876126,0.657675
Mn_num,M5_Core_DepthInteractions,Ridge,LOG1P,6,-1.694675,0.846257,0.663294
Mn_num,M5_Core_DepthInteractions,Ridge,LOG1P,7,-0.221757,2.134202,1.274739
Mn_num,M5_Core_DepthInteractions,Ridge,LOG1P,8,-0.181507,0.83388,0.672689
Mn_num,M5_Core_DepthInteractions,Ridge,LOG1P,9,-1.803473,0.428843,0.371055
Mn_num,M5_Core_DepthInteractions,Ridge,LOG1P,10,0.265051,0.758395,0.624536
Mn_num,M5_Core_DepthInteractions,Ridge,LOG1P,11,-0.057796,2.000535,0.994694
Mn_num,M5_Core_DepthInteractions,Ridge,LOG1P,12,-4.647028,0.633807,0.53156
Mn_num,M5_Core_DepthInteractions,Ridge,LOG1P,13,-0.673466,0.923531,0.652727
Mn_num,M5_Core_DepthInteractions,Ridge,LOG1P,14,0.229881,0.817605,0.682588
Mn_num,M5_Core_DepthInteractions,Ridge,LOG1P,15,-0.157306,0.681129,0.4734
Mn_num,M5_Core_DepthInteractions,Ridge,LOG1P,16,-2.97656,0.498985,0.457766
Mn_num,M5_Core_DepthInteractions,Ridge,LOG1P,17,-0.862108,0.867769,0.770922
Mn_num,M5_Core_DepthInteractions,Ridge,LOG1P,18,-0.180046,2.122352,1.231545
Mn_num,M5_Core_DepthInteractions,Ridge,LOG1P,19,0.351727,0.564043,0.440032
Mn_num,M5_Core_DepthInteractions,Ridge,LOG1P,20,-1.074805,0.640175,0.423724
Mn_num,M5_Core_DepthInteractions,Ridge,LOG1P,21,-0.386876,0.681145,0.551273
Mn_num,M5_Core_DepthInteractions,Ridge,LOG1P,22,-0.106959,2.086852,1.079258
Mn_num,M5_Core_DepthInteractions,Ridge,LOG1P,23,0.050721,0.70414,0.58221
Mn_num,M5_Core_DepthInteractions,Ridge,LOG1P,24,-21.191719,1.251089,0.809443
Mn_num,M5_Core_DepthInteractions,Ridge,LOG1P,25,-0.219329,0.865184,0.74844
Mn_num,M5_Core_DepthInteractions,Ridge,RAW,1,-1.493789,1.070196,1.019524
Mn_num,M5_Core_DepthInteractions,Ridge,RAW,2,-0.154387,2.10936,1.103515
Mn_num,M5_Core_DepthInteractions,Ridge,RAW,3,-9.662908,1.256928,1.133258
Mn_num,M5_Core_DepthInteractions,Ridge,RAW,4,-8.63633,0.773532,0.684475
Mn_num,M5_Core_DepthInteractions,Ridge,RAW,5,-0.081758,0.776095,0.646941
Mn_num,M5_Core_DepthInteractions,Ridge,RAW,6,-2.035399,0.898166,0.750423
Mn_num,M5_Core_DepthInteractions,Ridge,RAW,7,-0.185769,2.102535,1.301639
Mn_num,M5_Core_DepthInteractions,Ridge,RAW,8,-0.758605,1.017348,0.864505
Mn_num,M5_Core_DepthInteractions,Ridge,RAW,9,-5.891652,0.672375,0.628647
Mn_num,M5_Core_DepthInteractions,Ridge,RAW,10,0.185556,0.798358,0.739737
Mn_num,M5_Core_DepthInteractions,Ridge,RAW,11,-0.019408,1.963899,1.052336
Mn_num,M5_Core_DepthInteractions,Ridge,RAW,12,-7.752343,0.789058,0.731499
Mn_num,M5_Core_DepthInteractions,Ridge,RAW,13,-0.672699,0.923319,0.721653
Mn_num,M5_Core_DepthInteractions,Ridge,RAW,14,0.042543,0.911642,0.829284
Mn_num,M5_Core_DepthInteractions,Ridge,RAW,15,-0.085939,0.659794,0.557013
Mn_num,M5_Core_DepthInteractions,Ridge,RAW,16,-9.329801,0.804229,0.767665
Mn_num,M5_Core_DepthInteractions,Ridge,RAW,17,-1.241698,0.952117,0.853138
Mn_num,M5_Core_DepthInteractions,Ridge,RAW,18,-0.138372,2.084539,1.253861
Mn_num,M5_Core_DepthInteractions,Ridge,RAW,19,0.232353,0.613782,0.564222
Mn_num,M5_Core_DepthInteractions,Ridge,RAW,20,-1.451241,0.69583,0.499937
Mn_num,M5_Core_DepthInteractions,Ridge,RAW,21,-1.173097,0.852629,0.782054
Mn_num,M5_Core_DepthInteractions,Ridge,RAW,22,-0.065806,2.047694,1.087015
Mn_num,M5_Core_DepthInteractions,Ridge,RAW,23,0.010327,0.718965,0.708215
Mn_num,M5_Core_DepthInteractions,Ridge,RAW,24,-18.192573,1.163481,0.860636
Mn_num,M5_Core_DepthInteractions,Ridge,RAW,25,-0.637224,1.002542,0.899633
Mn_num,M5_Core_DepthInteractions,Lasso,LOG1P,1,-0.044332,0.692553,0.609349
Mn_num,M5_Core_DepthInteractions,Lasso,LOG1P,2,-0.167546,2.121349,1.11329
Mn_num,M5_Core_DepthInteractions,Lasso,LOG1P,3,-0.019651,0.388686,0.304338
Mn_num,M5_Core_DepthInteractions,Lasso,LOG1P,4,-1.302589,0.378121,0.351292
Mn_num,M5_Core_DepthInteractions,Lasso,LOG1P,5,-0.979844,1.049943,0.751407
Mn_num,M5_Core_DepthInteractions,Lasso,LOG1P,6,-0.437019,0.617988,0.50726
Mn_num,M5_Core_DepthInteractions,Lasso,LOG1P,7,-0.158303,2.078042,1.018587
Mn_num,M5_Core_DepthInteractions,Lasso,LOG1P,8,-0.164734,0.82794,0.572338
Mn_num,M5_Core_DepthInteractions,Lasso,LOG1P,9,-1.81373,0.429626,0.360434
Mn_num,M5_Core_DepthInteractions,Lasso,LOG1P,10,0.027595,0.872349,0.696312
Mn_num,M5_Core_DepthInteractions,Lasso,LOG1P,11,-0.09552,2.035894,0.993428
Mn_num,M5_Core_DepthInteractions,Lasso,LOG1P,12,-0.854904,0.363252,0.296639
Mn_num,M5_Core_DepthInteractions,Lasso,LOG1P,13,0.042495,0.698575,0.546856
Mn_num,M5_Core_DepthInteractions,Lasso,LOG1P,14,-0.083921,0.969981,0.760026
Mn_num,M5_Core_DepthInteractions,Lasso,LOG1P,15,-0.063068,0.652809,0.473726
Mn_num,M5_Core_DepthInteractions,Lasso,LOG1P,16,-0.546705,0.311198,0.227032
Mn_num,M5_Core_DepthInteractions,Lasso,LOG1P,17,-0.43017,0.760494,0.634451
Mn_num,M5_Core_DepthInteractions,Lasso,LOG1P,18,-0.285935,2.215529,1.319152
Mn_num,M5_Core_DepthInteractions,Lasso,LOG1P,19,0.023351,0.692313,0.536421
Mn_num,M5_Core_DepthInteractions,Lasso,LOG1P,20,-0.276956,0.502225,0.428079
Mn_num,M5_Core_DepthInteractions,Lasso,LOG1P,21,-0.101182,0.606946,0.477204
Mn_num,M5_Core_DepthInteractions,Lasso,LOG1P,22,-0.142916,2.120474,1.117288
Mn_num,M5_Core_DepthInteractions,Lasso,LOG1P,23,0.02047,0.715271,0.514277
Mn_num,M5_Core_DepthInteractions,Lasso,LOG1P,24,-3.613422,0.570432,0.455391
Mn_num,M5_Core_DepthInteractions,Lasso,LOG1P,25,-0.045066,0.800977,0.683167
Mn_num,M5_Core_DepthInteractions,Lasso,RAW,1,-0.754174,0.897574,0.878221
Mn_num,M5_Core_DepthInteractions,Lasso,RAW,2,-0.143899,2.099756,1.134399
Mn_num,M5_Core_DepthInteractions,Lasso,RAW,3,-3.320883,0.800127,0.742549
Mn_num,M5_Core_DepthInteractions,Lasso,RAW,4,-5.027825,0.61179,0.593075
Mn_num,M5_Core_DepthInteractions,Lasso,RAW,5,-0.364942,0.871781,0.678935
Mn_num,M5_Core_DepthInteractions,Lasso,RAW,6,-0.822152,0.695891,0.596969
Mn_num,M5_Core_DepthInteractions,Lasso,RAW,7,-0.135144,2.057163,1.128203
Mn_num,M5_Core_DepthInteractions,Lasso,RAW,8,-0.066772,0.792358,0.633626
Mn_num,M5_Core_DepthInteractions,Lasso,RAW,9,-5.595933,0.657791,0.60862
Mn_num,M5_Core_DepthInteractions,Lasso,RAW,10,0.106902,0.836019,0.764392
Mn_num,M5_Core_DepthInteractions,Lasso,RAW,11,-0.044624,1.98804,1.005255
Mn_num,M5_Core_DepthInteractions,Lasso,RAW,12,-5.455687,0.67767,0.646149
Mn_num,M5_Core_DepthInteractions,Lasso,RAW,13,0.117787,0.670547,0.543097
Mn_num,M5_Core_DepthInteractions,Lasso,RAW,14,0.07765,0.894772,0.789176
Mn_num,M5_Core_DepthInteractions,Lasso,RAW,15,-0.106735,0.666082,0.606162
Mn_num,M5_Core_DepthInteractions,Lasso,RAW,16,-5.291261,0.627628,0.597317
Mn_num,M5_Core_DepthInteractions,Lasso,RAW,17,-0.576142,0.798361,0.728817
Mn_num,M5_Core_DepthInteractions,Lasso,RAW,18,-0.224336,2.161814,1.298142
Mn_num,M5_Core_DepthInteractions,Lasso,RAW,19,-0.008223,0.703415,0.6522
Mn_num,M5_Core_DepthInteractions,Lasso,RAW,20,-0.66658,0.573751,0.5169
Mn_num,M5_Core_DepthInteractions,Lasso,RAW,21,-0.631611,0.738804,0.698916
Mn_num,M5_Core_DepthInteractions,Lasso,RAW,22,-0.103194,2.0833,1.12825
Mn_num,M5_Core_DepthInteractions,Lasso,RAW,23,0.110526,0.681598,0.623795
Mn_num,M5_Core_DepthInteractions,Lasso,RAW,24,-9.67618,0.867762,0.70932
Mn_num,M5_Core_DepthInteractions,Lasso,RAW,25,0.035923,0.769315,0.695587
Mn_num,M5_Core_DepthInteractions,HuberRegressor,LOG1P,1,-3.395241,1.420774,0.970024
Mn_num,M5_Core_DepthInteractions,HuberRegressor,LOG1P,2,-0.246725,2.1921,1.151459
Mn_num,M5_Core_DepthInteractions,HuberRegressor,LOG1P,3,-0.654761,0.495154,0.398673
Mn_num,M5_Core_DepthInteractions,HuberRegressor,LOG1P,4,-12.799768,0.925674,0.732628
Mn_num,M5_Core_DepthInteractions,HuberRegressor,LOG1P,5,-1.07528,1.07495,0.873825
Mn_num,M5_Core_DepthInteractions,HuberRegressor,LOG1P,6,-7.023092,1.460225,0.906207
Mn_num,M5_Core_DepthInteractions,HuberRegressor,LOG1P,7,-0.285895,2.189505,1.386704
Mn_num,M5_Core_DepthInteractions,HuberRegressor,LOG1P,8,-0.222233,0.84813,0.6529
Mn_num,M5_Core_DepthInteractions,HuberRegressor,LOG1P,9,-0.055517,0.263137,0.214949
Mn_num,M5_Core_DepthInteractions,HuberRegressor,LOG1P,10,-0.078548,0.918727,0.672601
Mn_num,M5_Core_DepthInteractions,HuberRegressor,LOG1P,11,-0.10494,2.044629,1.03601
Mn_num,M5_Core_DepthInteractions,HuberRegressor,LOG1P,12,-6.979346,0.753409,0.60449
Mn_num,M5_Core_DepthInteractions,HuberRegressor,LOG1P,13,-5.642392,1.839946,1.089912
Mn_num,M5_Core_DepthInteractions,HuberRegressor,LOG1P,14,0.049754,0.908202,0.667265
Mn_num,M5_Core_DepthInteractions,HuberRegressor,LOG1P,15,-0.341897,0.733441,0.501267
Mn_num,M5_Core_DepthInteractions,HuberRegressor,LOG1P,16,-2.546189,0.47121,0.38194
Mn_num,M5_Core_DepthInteractions,HuberRegressor,LOG1P,17,-0.789065,0.850579,0.71945
Mn_num,M5_Core_DepthInteractions,HuberRegressor,LOG1P,18,-0.247476,2.182147,1.231717
Mn_num,M5_Core_DepthInteractions,HuberRegressor,LOG1P,19,0.191884,0.629752,0.389465
Mn_num,M5_Core_DepthInteractions,HuberRegressor,LOG1P,20,-4.989827,1.087721,0.625325
Mn_num,M5_Core_DepthInteractions,HuberRegressor,LOG1P,21,-0.203233,0.634448,0.452628
Mn_num,M5_Core_DepthInteractions,HuberRegressor,LOG1P,22,-0.185729,2.159825,1.097269
Mn_num,M5_Core_DepthInteractions,HuberRegressor,LOG1P,23,-0.116547,0.763661,0.503405
Mn_num,M5_Core_DepthInteractions,HuberRegressor,LOG1P,24,-48.819998,1.874539,0.974076
Mn_num,M5_Core_DepthInteractions,HuberRegressor,LOG1P,25,-0.131148,0.833313,0.701189
Mn_num,M5_Core_DepthInteractions,HuberRegressor,RAW,1,-2.805335,1.321996,0.944502
Mn_num,M5_Core_DepthInteractions,HuberRegressor,RAW,2,-0.258543,2.202465,1.156029
Mn_num,M5_Core_DepthInteractions,HuberRegressor,RAW,3,-1.385709,0.59454,0.478316
Mn_num,M5_Core_DepthInteractions,HuberRegressor,RAW,4,-12.882572,0.928447,0.802445
Mn_num,M5_Core_DepthInteractions,HuberRegressor,RAW,5,-1.051408,1.06875,0.861906
Mn_num,M5_Core_DepthInteractions,HuberRegressor,RAW,6,-5.452663,1.309539,0.880841
Mn_num,M5_Core_DepthInteractions,HuberRegressor,RAW,7,-0.202432,2.117256,1.255186
Mn_num,M5_Core_DepthInteractions,HuberRegressor,RAW,8,-0.226395,0.849573,0.645478
Mn_num,M5_Core_DepthInteractions,HuberRegressor,RAW,9,-0.078299,0.265962,0.216376
Mn_num,M5_Core_DepthInteractions,HuberRegressor,RAW,10,-0.139953,0.944518,0.707909
Mn_num,M5_Core_DepthInteractions,HuberRegressor,RAW,11,-0.130574,2.06821,1.107296
Mn_num,M5_Core_DepthInteractions,HuberRegressor,RAW,12,-5.025206,0.654686,0.554819
Mn_num,M5_Core_DepthInteractions,HuberRegressor,RAW,13,-3.863259,1.574369,1.042221
Mn_num,M5_Core_DepthInteractions,HuberRegressor,RAW,14,0.034036,0.915683,0.663529
Mn_num,M5_Core_DepthInteractions,HuberRegressor,RAW,15,-0.303107,0.722763,0.49485
Mn_num,M5_Core_DepthInteractions,HuberRegressor,RAW,16,-2.565191,0.472471,0.369217
Mn_num,M5_Core_DepthInteractions,HuberRegressor,RAW,17,-0.74,0.838834,0.69558
Mn_num,M5_Core_DepthInteractions,HuberRegressor,RAW,18,-0.250343,2.184653,1.240981
Mn_num,M5_Core_DepthInteractions,HuberRegressor,RAW,19,0.181333,0.63385,0.387837
Mn_num,M5_Core_DepthInteractions,HuberRegressor,RAW,20,-7.215889,1.273906,0.726242
Mn_num,M5_Core_DepthInteractions,HuberRegressor,RAW,21,-0.170569,0.625776,0.44853
Mn_num,M5_Core_DepthInteractions,HuberRegressor,RAW,22,-0.182044,2.156467,1.104244
Mn_num,M5_Core_DepthInteractions,HuberRegressor,RAW,23,-0.094972,0.756247,0.480336
Mn_num,M5_Core_DepthInteractions,HuberRegressor,RAW,24,-30.709388,1.495501,0.869911
Mn_num,M5_Core_DepthInteractions,HuberRegressor,RAW,25,-0.174742,0.849219,0.731878
Mn_num,M5_Core_DepthInteractions,SVR_RBF,LOG1P,1,-0.399032,0.801581,0.631101
Mn_num,M5_Core_DepthInteractions,SVR_RBF,LOG1P,2,-0.229787,2.177158,1.129907
Mn_num,M5_Core_DepthInteractions,SVR_RBF,LOG1P,3,-0.559472,0.480686,0.430282
Mn_num,M5_Core_DepthInteractions,SVR_RBF,LOG1P,4,-10.311702,0.838081,0.657649
Mn_num,M5_Core_DepthInteractions,SVR_RBF,LOG1P,5,-1.174525,1.100354,0.865932
Mn_num,M5_Core_DepthInteractions,SVR_RBF,LOG1P,6,-0.565346,0.644992,0.481511
Mn_num,M5_Core_DepthInteractions,SVR_RBF,LOG1P,7,-0.232778,2.143807,1.266728
Mn_num,M5_Core_DepthInteractions,SVR_RBF,LOG1P,8,-0.533596,0.950038,0.726475
Mn_num,M5_Core_DepthInteractions,SVR_RBF,LOG1P,9,-0.442665,0.307633,0.248728
Mn_num,M5_Core_DepthInteractions,SVR_RBF,LOG1P,10,-0.00236,0.885684,0.632316
Mn_num,M5_Core_DepthInteractions,SVR_RBF,LOG1P,11,-0.123597,2.061818,1.036524
Mn_num,M5_Core_DepthInteractions,SVR_RBF,LOG1P,12,-7.014027,0.755044,0.618269
Mn_num,M5_Core_DepthInteractions,SVR_RBF,LOG1P,13,-0.344432,0.827775,0.555486
Mn_num,M5_Core_DepthInteractions,SVR_RBF,LOG1P,14,-0.434371,1.115823,0.840335
Mn_num,M5_Core_DepthInteractions,SVR_RBF,LOG1P,15,-0.450688,0.762593,0.531507
Mn_num,M5_Core_DepthInteractions,SVR_RBF,LOG1P,16,-2.825094,0.489389,0.396777
Mn_num,M5_Core_DepthInteractions,SVR_RBF,LOG1P,17,-0.869565,0.869505,0.703116
Mn_num,M5_Core_DepthInteractions,SVR_RBF,LOG1P,18,-0.241708,2.177096,1.27268
Mn_num,M5_Core_DepthInteractions,SVR_RBF,LOG1P,19,0.128271,0.65407,0.491402
Mn_num,M5_Core_DepthInteractions,SVR_RBF,LOG1P,20,-0.22293,0.491486,0.3607
Mn_num,M5_Core_DepthInteractions,SVR_RBF,LOG1P,21,-0.261085,0.649521,0.437701
Mn_num,M5_Core_DepthInteractions,SVR_RBF,LOG1P,22,-0.191262,2.164859,1.130504
Mn_num,M5_Core_DepthInteractions,SVR_RBF,LOG1P,23,-0.277591,0.816879,0.559719
Mn_num,M5_Core_DepthInteractions,SVR_RBF,LOG1P,24,-4.799693,0.63958,0.485711
Mn_num,M5_Core_DepthInteractions,SVR_RBF,LOG1P,25,-0.493405,0.957496,0.798367
Mn_num,M5_Core_DepthInteractions,SVR_RBF,RAW,1,-0.194202,0.740581,0.569338
Mn_num,M5_Core_DepthInteractions,SVR_RBF,RAW,2,-0.226352,2.174115,1.146586
Mn_num,M5_Core_DepthInteractions,SVR_RBF,RAW,3,-0.281974,0.435825,0.399227
Mn_num,M5_Core_DepthInteractions,SVR_RBF,RAW,4,-5.31188,0.626039,0.55206
Mn_num,M5_Core_DepthInteractions,SVR_RBF,RAW,5,-1.125045,1.087763,0.835605
Mn_num,M5_Core_DepthInteractions,SVR_RBF,RAW,6,-0.389451,0.607674,0.442756
Mn_num,M5_Core_DepthInteractions,SVR_RBF,RAW,7,-0.196913,2.112392,1.178935
Mn_num,M5_Core_DepthInteractions,SVR_RBF,RAW,8,-0.504582,0.941008,0.718981
Mn_num,M5_Core_DepthInteractions,SVR_RBF,RAW,9,-0.27259,0.288931,0.245946
Mn_num,M5_Core_DepthInteractions,SVR_RBF,RAW,10,-0.04329,0.903586,0.652196
Mn_num,M5_Core_DepthInteractions,SVR_RBF,RAW,11,-0.11546,2.05434,1.021708
Mn_num,M5_Core_DepthInteractions,SVR_RBF,RAW,12,-2.651547,0.509666,0.457706
Mn_num,M5_Core_DepthInteractions,SVR_RBF,RAW,13,-0.341521,0.826878,0.556049
Mn_num,M5_Core_DepthInteractions,SVR_RBF,RAW,14,-0.333808,1.075998,0.773618
Mn_num,M5_Core_DepthInteractions,SVR_RBF,RAW,15,-0.408572,0.751441,0.537186
Mn_num,M5_Core_DepthInteractions,SVR_RBF,RAW,16,-1.232058,0.37384,0.299941
Mn_num,M5_Core_DepthInteractions,SVR_RBF,RAW,17,-0.791352,0.851122,0.689329
Mn_num,M5_Core_DepthInteractions,SVR_RBF,RAW,18,-0.25674,2.190235,1.276121
Mn_num,M5_Core_DepthInteractions,SVR_RBF,RAW,19,0.100372,0.664454,0.468688
Mn_num,M5_Core_DepthInteractions,SVR_RBF,RAW,20,-0.205068,0.487883,0.36018
Mn_num,M5_Core_DepthInteractions,SVR_RBF,RAW,21,-0.204907,0.634889,0.429097
Mn_num,M5_Core_DepthInteractions,SVR_RBF,RAW,22,-0.190617,2.164273,1.141805
Mn_num,M5_Core_DepthInteractions,SVR_RBF,RAW,23,-0.267834,0.813754,0.541485
Mn_num,M5_Core_DepthInteractions,SVR_RBF,RAW,24,-2.37659,0.488014,0.405894
Mn_num,M5_Core_DepthInteractions,SVR_RBF,RAW,25,-0.30365,0.8946,0.74749
Mn_num,M7_Stage5_AdvancedRatios,Ridge,LOG1P,1,-2.084265,1.190171,0.965155
Mn_num,M7_Stage5_AdvancedRatios,Ridge,LOG1P,2,-0.173973,2.127179,1.201142
Mn_num,M7_Stage5_AdvancedRatios,Ridge,LOG1P,3,-1.683482,0.630554,0.528228
Mn_num,M7_Stage5_AdvancedRatios,Ridge,LOG1P,4,-5.589922,0.639679,0.525317
Mn_num,M7_Stage5_AdvancedRatios,Ridge,LOG1P,5,-0.430186,0.892373,0.704774
Mn_num,M7_Stage5_AdvancedRatios,Ridge,LOG1P,6,-1.353826,0.790926,0.665873
Mn_num,M7_Stage5_AdvancedRatios,Ridge,LOG1P,7,-0.259432,2.166858,1.285074
Mn_num,M7_Stage5_AdvancedRatios,Ridge,LOG1P,8,-0.103135,0.805749,0.651364
Mn_num,M7_Stage5_AdvancedRatios,Ridge,LOG1P,9,-1.503718,0.405268,0.335295
Mn_num,M7_Stage5_AdvancedRatios,Ridge,LOG1P,10,0.395735,0.687671,0.542517
Mn_num,M7_Stage5_AdvancedRatios,Ridge,LOG1P,11,-0.078368,2.019895,1.014312
Mn_num,M7_Stage5_AdvancedRatios,Ridge,LOG1P,12,-5.555679,0.682898,0.590645
Mn_num,M7_Stage5_AdvancedRatios,Ridge,LOG1P,13,0.027367,0.704072,0.547074
Mn_num,M7_Stage5_AdvancedRatios,Ridge,LOG1P,14,-0.945902,1.299646,1.017578
Mn_num,M7_Stage5_AdvancedRatios,Ridge,LOG1P,15,-0.382333,0.744409,0.550038
Mn_num,M7_Stage5_AdvancedRatios,Ridge,LOG1P,16,-2.670996,0.47943,0.4018
Mn_num,M7_Stage5_AdvancedRatios,Ridge,LOG1P,17,-0.929341,0.883296,0.760063
Mn_num,M7_Stage5_AdvancedRatios,Ridge,LOG1P,18,-0.284171,2.214009,1.304311
Mn_num,M7_Stage5_AdvancedRatios,Ridge,LOG1P,19,0.24594,0.608326,0.457651
Mn_num,M7_Stage5_AdvancedRatios,Ridge,LOG1P,20,-0.866954,0.607263,0.471122
Mn_num,M7_Stage5_AdvancedRatios,Ridge,LOG1P,21,-0.261512,0.64963,0.517867
Mn_num,M7_Stage5_AdvancedRatios,Ridge,LOG1P,22,-0.139751,2.117537,1.12481
Mn_num,M7_Stage5_AdvancedRatios,Ridge,LOG1P,23,-1.251234,1.084357,0.818173
Mn_num,M7_Stage5_AdvancedRatios,Ridge,LOG1P,24,-7.369693,0.768329,0.585962
Mn_num,M7_Stage5_AdvancedRatios,Ridge,LOG1P,25,-0.372055,0.91777,0.775093
Mn_num,M7_Stage5_AdvancedRatios,Ridge,RAW,1,-4.834177,1.636905,1.291157
Mn_num,M7_Stage5_AdvancedRatios,Ridge,RAW,2,-0.31278,2.249422,1.416828
Mn_num,M7_Stage5_AdvancedRatios,Ridge,RAW,3,-7.912354,1.149129,1.008212
Mn_num,M7_Stage5_AdvancedRatios,Ridge,RAW,4,-7.795538,0.739015,0.645184
Mn_num,M7_Stage5_AdvancedRatios,Ridge,RAW,5,-0.152576,0.801097,0.691297
Mn_num,M7_Stage5_AdvancedRatios,Ridge,RAW,6,-2.31,0.937914,0.854107
Mn_num,M7_Stage5_AdvancedRatios,Ridge,RAW,7,-0.204864,2.119396,1.314678
Mn_num,M7_Stage5_AdvancedRatios,Ridge,RAW,8,-0.647746,0.98476,0.830268
Mn_num,M7_Stage5_AdvancedRatios,Ridge,RAW,9,-6.278947,0.69101,0.650514
Mn_num,M7_Stage5_AdvancedRatios,Ridge,RAW,10,-1.374652,1.363223,0.863721
Mn_num,M7_Stage5_AdvancedRatios,Ridge,RAW,11,-0.039762,1.983408,1.058481
Mn_num,M7_Stage5_AdvancedRatios,Ridge,RAW,12,-8.739796,0.832381,0.773393
Mn_num,M7_Stage5_AdvancedRatios,Ridge,RAW,13,-0.163988,0.770224,0.619004
Mn_num,M7_Stage5_AdvancedRatios,Ridge,RAW,14,-2.200372,1.666728,1.28075
Mn_num,M7_Stage5_AdvancedRatios,Ridge,RAW,15,-5.988259,1.673748,0.990961
Mn_num,M7_Stage5_AdvancedRatios,Ridge,RAW,16,-5.912463,0.657885,0.573888
Mn_num,M7_Stage5_AdvancedRatios,Ridge,RAW,17,-1.442831,0.993913,0.868058
Mn_num,M7_Stage5_AdvancedRatios,Ridge,RAW,18,-0.255455,2.189114,1.325217
Mn_num,M7_Stage5_AdvancedRatios,Ridge,RAW,19,0.128884,0.65384,0.558848
Mn_num,M7_Stage5_AdvancedRatios,Ridge,RAW,20,-36.844453,2.734081,1.48848
Mn_num,M7_Stage5_AdvancedRatios,Ridge,RAW,21,-5.997027,1.529951,1.021212
Mn_num,M7_Stage5_AdvancedRatios,Ridge,RAW,22,-0.100319,2.080583,1.155508
Mn_num,M7_Stage5_AdvancedRatios,Ridge,RAW,23,-2.875719,1.422781,1.002862
Mn_num,M7_Stage5_AdvancedRatios,Ridge,RAW,24,-10.988053,0.919532,0.760612
Mn_num,M7_Stage5_AdvancedRatios,Ridge,RAW,25,-1.008878,1.110516,0.984934
Mn_num,M7_Stage5_AdvancedRatios,Lasso,LOG1P,1,-0.044956,0.69276,0.596278
Mn_num,M7_Stage5_AdvancedRatios,Lasso,LOG1P,2,-0.165225,2.119239,1.084689
Mn_num,M7_Stage5_AdvancedRatios,Lasso,LOG1P,3,-0.019281,0.388615,0.304287
Mn_num,M7_Stage5_AdvancedRatios,Lasso,LOG1P,4,-1.388099,0.385078,0.365778
Mn_num,M7_Stage5_AdvancedRatios,Lasso,LOG1P,5,-0.968781,1.047005,0.7531
Mn_num,M7_Stage5_AdvancedRatios,Lasso,LOG1P,6,-0.109359,0.542981,0.421116
Mn_num,M7_Stage5_AdvancedRatios,Lasso,LOG1P,7,-0.168901,2.087527,1.032147
Mn_num,M7_Stage5_AdvancedRatios,Lasso,LOG1P,8,-0.162254,0.827058,0.57141
Mn_num,M7_Stage5_AdvancedRatios,Lasso,LOG1P,9,-1.848394,0.432265,0.360913
Mn_num,M7_Stage5_AdvancedRatios,Lasso,LOG1P,10,0.045348,0.86435,0.682586
Mn_num,M7_Stage5_AdvancedRatios,Lasso,LOG1P,11,-0.100808,2.040803,1.00572
Mn_num,M7_Stage5_AdvancedRatios,Lasso,LOG1P,12,-0.97408,0.374739,0.317221
Mn_num,M7_Stage5_AdvancedRatios,Lasso,LOG1P,13,0.095059,0.67913,0.496485
Mn_num,M7_Stage5_AdvancedRatios,Lasso,LOG1P,14,-0.080311,0.968365,0.76071
Mn_num,M7_Stage5_AdvancedRatios,Lasso,LOG1P,15,-0.01031,0.636404,0.461061
Mn_num,M7_Stage5_AdvancedRatios,Lasso,LOG1P,16,-0.49196,0.305641,0.22189
Mn_num,M7_Stage5_AdvancedRatios,Lasso,LOG1P,17,-0.416594,0.756875,0.626831
Mn_num,M7_Stage5_AdvancedRatios,Lasso,LOG1P,18,-0.28573,2.215352,1.315769
Mn_num,M7_Stage5_AdvancedRatios,Lasso,LOG1P,19,0.021951,0.692809,0.54304
Mn_num,M7_Stage5_AdvancedRatios,Lasso,LOG1P,20,0.098861,0.421897,0.322667
Mn_num,M7_Stage5_AdvancedRatios,Lasso,LOG1P,21,0.022617,0.571812,0.412576
Mn_num,M7_Stage5_AdvancedRatios,Lasso,LOG1P,22,-0.141873,2.119507,1.110535
Mn_num,M7_Stage5_AdvancedRatios,Lasso,LOG1P,23,0.019776,0.715525,0.513273
Mn_num,M7_Stage5_AdvancedRatios,Lasso,LOG1P,24,-0.828428,0.359113,0.331027
Mn_num,M7_Stage5_AdvancedRatios,Lasso,LOG1P,25,-0.039885,0.798989,0.683533
Mn_num,M7_Stage5_AdvancedRatios,Lasso,RAW,1,-0.976276,0.952703,0.899318
Mn_num,M7_Stage5_AdvancedRatios,Lasso,RAW,2,-0.131801,2.088623,1.116053
Mn_num,M7_Stage5_AdvancedRatios,Lasso,RAW,3,-3.17764,0.786753,0.730911
Mn_num,M7_Stage5_AdvancedRatios,Lasso,RAW,4,-5.225834,0.621757,0.604187
Mn_num,M7_Stage5_AdvancedRatios,Lasso,RAW,5,-0.329476,0.86038,0.67867
Mn_num,M7_Stage5_AdvancedRatios,Lasso,RAW,6,-0.474821,0.626064,0.565504
Mn_num,M7_Stage5_AdvancedRatios,Lasso,RAW,7,-0.152762,2.073066,1.142111
Mn_num,M7_Stage5_AdvancedRatios,Lasso,RAW,8,-0.011794,0.77167,0.625267
Mn_num,M7_Stage5_AdvancedRatios,Lasso,RAW,9,-5.729031,0.664395,0.620174
Mn_num,M7_Stage5_AdvancedRatios,Lasso,RAW,10,-0.065606,0.913199,0.778484
Mn_num,M7_Stage5_AdvancedRatios,Lasso,RAW,11,-0.048142,1.991385,1.031936
Mn_num,M7_Stage5_AdvancedRatios,Lasso,RAW,12,-6.327013,0.721956,0.697532
Mn_num,M7_Stage5_AdvancedRatios,Lasso,RAW,13,0.310077,0.592984,0.46145
Mn_num,M7_Stage5_AdvancedRatios,Lasso,RAW,14,-0.272747,1.05108,0.905123
Mn_num,M7_Stage5_AdvancedRatios,Lasso,RAW,15,-1.650802,1.030847,0.754638
Mn_num,M7_Stage5_AdvancedRatios,Lasso,RAW,16,-4.132391,0.566883,0.529283
Mn_num,M7_Stage5_AdvancedRatios,Lasso,RAW,17,-0.508359,0.781005,0.716376
Mn_num,M7_Stage5_AdvancedRatios,Lasso,RAW,18,-0.228739,2.165697,1.295867
Mn_num,M7_Stage5_AdvancedRatios,Lasso,RAW,19,-0.026968,0.709924,0.665745
Mn_num,M7_Stage5_AdvancedRatios,Lasso,RAW,20,-11.501397,1.57141,0.917729
Mn_num,M7_Stage5_AdvancedRatios,Lasso,RAW,21,-2.775862,1.123903,0.847189
Mn_num,M7_Stage5_AdvancedRatios,Lasso,RAW,22,-0.096879,2.077329,1.1317
Mn_num,M7_Stage5_AdvancedRatios,Lasso,RAW,23,-0.948214,1.008742,0.818112
Mn_num,M7_Stage5_AdvancedRatios,Lasso,RAW,24,-4.586732,0.627728,0.561783
Mn_num,M7_Stage5_AdvancedRatios,Lasso,RAW,25,0.076727,0.752858,0.669055
Mn_num,M7_Stage5_AdvancedRatios,HuberRegressor,LOG1P,1,-0.15819,0.729329,0.585333
Mn_num,M7_Stage5_AdvancedRatios,HuberRegressor,LOG1P,2,-0.319626,2.25528,1.427768
Mn_num,M7_Stage5_AdvancedRatios,HuberRegressor,LOG1P,3,-2.168409,0.685162,0.566749
Mn_num,M7_Stage5_AdvancedRatios,HuberRegressor,LOG1P,4,-9.595952,0.811133,0.551341
Mn_num,M7_Stage5_AdvancedRatios,HuberRegressor,LOG1P,5,-0.919425,1.033798,0.811395
Mn_num,M7_Stage5_AdvancedRatios,HuberRegressor,LOG1P,6,-1.972263,0.888776,0.723538
Mn_num,M7_Stage5_AdvancedRatios,HuberRegressor,LOG1P,7,-0.372102,2.261707,1.445948
Mn_num,M7_Stage5_AdvancedRatios,HuberRegressor,LOG1P,8,-0.046355,0.784738,0.556206
Mn_num,M7_Stage5_AdvancedRatios,HuberRegressor,LOG1P,9,0.261292,0.220134,0.206662
Mn_num,M7_Stage5_AdvancedRatios,HuberRegressor,LOG1P,10,-0.135519,0.942679,0.747377
Mn_num,M7_Stage5_AdvancedRatios,HuberRegressor,LOG1P,11,-0.135311,2.072539,1.017959
Mn_num,M7_Stage5_AdvancedRatios,HuberRegressor,LOG1P,12,-6.984872,0.75367,0.50339
Mn_num,M7_Stage5_AdvancedRatios,HuberRegressor,LOG1P,13,-0.160611,0.769106,0.627208
Mn_num,M7_Stage5_AdvancedRatios,HuberRegressor,LOG1P,14,0.001233,0.931101,0.688891
Mn_num,M7_Stage5_AdvancedRatios,HuberRegressor,LOG1P,15,-0.495567,0.774299,0.566508
Mn_num,M7_Stage5_AdvancedRatios,HuberRegressor,LOG1P,16,-4.53376,0.588632,0.382765
Mn_num,M7_Stage5_AdvancedRatios,HuberRegressor,LOG1P,17,-0.857413,0.866674,0.662678
Mn_num,M7_Stage5_AdvancedRatios,HuberRegressor,LOG1P,18,-0.482135,2.378548,1.436294
Mn_num,M7_Stage5_AdvancedRatios,HuberRegressor,LOG1P,19,-0.03085,0.711264,0.469188
Mn_num,M7_Stage5_AdvancedRatios,HuberRegressor,LOG1P,20,-1.119717,0.647067,0.477555
Mn_num,M7_Stage5_AdvancedRatios,HuberRegressor,LOG1P,21,-0.230247,0.64153,0.468167
Mn_num,M7_Stage5_AdvancedRatios,HuberRegressor,LOG1P,22,-0.217347,2.188433,1.120917
Mn_num,M7_Stage5_AdvancedRatios,HuberRegressor,LOG1P,23,-0.518971,0.890711,0.672692
Mn_num,M7_Stage5_AdvancedRatios,HuberRegressor,LOG1P,24,-15.677573,1.084574,0.811313
Mn_num,M7_Stage5_AdvancedRatios,HuberRegressor,LOG1P,25,-0.221624,0.865998,0.691129
Mn_num,M7_Stage5_AdvancedRatios,HuberRegressor,RAW,1,-0.083323,0.705363,0.561539
Mn_num,M7_Stage5_AdvancedRatios,HuberRegressor,RAW,2,-0.393932,2.317906,1.597394
Mn_num,M7_Stage5_AdvancedRatios,HuberRegressor,RAW,3,-4.871881,0.932742,0.759359
Mn_num,M7_Stage5_AdvancedRatios,HuberRegressor,RAW,4,-9.402487,0.803694,0.614566
Mn_num,M7_Stage5_AdvancedRatios,HuberRegressor,RAW,5,-0.943333,1.040216,0.812629
Mn_num,M7_Stage5_AdvancedRatios,HuberRegressor,RAW,6,-1.433966,0.804278,0.666406
Mn_num,M7_Stage5_AdvancedRatios,HuberRegressor,RAW,7,-0.245332,2.154695,1.304393
Mn_num,M7_Stage5_AdvancedRatios,HuberRegressor,RAW,8,-0.021339,0.775301,0.54013
Mn_num,M7_Stage5_AdvancedRatios,HuberRegressor,RAW,9,0.235951,0.223878,0.208878
Mn_num,M7_Stage5_AdvancedRatios,HuberRegressor,RAW,10,-0.473669,1.073907,0.893571
Mn_num,M7_Stage5_AdvancedRatios,HuberRegressor,RAW,11,-0.13115,2.068737,1.011491
Mn_num,M7_Stage5_AdvancedRatios,HuberRegressor,RAW,12,-3.831414,0.586252,0.441646
Mn_num,M7_Stage5_AdvancedRatios,HuberRegressor,RAW,13,0.073329,0.687236,0.575774
Mn_num,M7_Stage5_AdvancedRatios,HuberRegressor,RAW,14,0.012337,0.92591,0.669384
Mn_num,M7_Stage5_AdvancedRatios,HuberRegressor,RAW,15,-0.902698,0.873354,0.645218
Mn_num,M7_Stage5_AdvancedRatios,HuberRegressor,RAW,16,-1.914721,0.427201,0.340495
Mn_num,M7_Stage5_AdvancedRatios,HuberRegressor,RAW,17,-0.803131,0.853916,0.648296
Mn_num,M7_Stage5_AdvancedRatios,HuberRegressor,RAW,18,-0.510693,2.401353,1.478605
Mn_num,M7_Stage5_AdvancedRatios,HuberRegressor,RAW,19,-0.037933,0.713703,0.474806
Mn_num,M7_Stage5_AdvancedRatios,HuberRegressor,RAW,20,-14.351684,1.741359,0.99907
Mn_num,M7_Stage5_AdvancedRatios,HuberRegressor,RAW,21,-0.627681,0.737913,0.549485
Mn_num,M7_Stage5_AdvancedRatios,HuberRegressor,RAW,22,-0.22661,2.196743,1.147471
Mn_num,M7_Stage5_AdvancedRatios,HuberRegressor,RAW,23,-0.399129,0.854852,0.625466
Mn_num,M7_Stage5_AdvancedRatios,HuberRegressor,RAW,24,-16.511228,1.11135,0.928507
Mn_num,M7_Stage5_AdvancedRatios,HuberRegressor,RAW,25,-0.213388,0.863074,0.686946
Mn_num,M7_Stage5_AdvancedRatios,SVR_RBF,LOG1P,1,-0.249399,0.757503,0.581309
Mn_num,M7_Stage5_AdvancedRatios,SVR_RBF,LOG1P,2,-0.178838,2.131582,1.108498
Mn_num,M7_Stage5_AdvancedRatios,SVR_RBF,LOG1P,3,-0.379037,0.452023,0.384497
Mn_num,M7_Stage5_AdvancedRatios,SVR_RBF,LOG1P,4,-8.77188,0.778953,0.613688
Mn_num,M7_Stage5_AdvancedRatios,SVR_RBF,LOG1P,5,-1.273683,1.125162,0.886347
Mn_num,M7_Stage5_AdvancedRatios,SVR_RBF,LOG1P,6,-2.487938,0.962794,0.71464
Mn_num,M7_Stage5_AdvancedRatios,SVR_RBF,LOG1P,7,-0.346314,2.240352,1.44127
Mn_num,M7_Stage5_AdvancedRatios,SVR_RBF,LOG1P,8,-0.468501,0.929657,0.690352
Mn_num,M7_Stage5_AdvancedRatios,SVR_RBF,LOG1P,9,-0.457047,0.309162,0.246068
Mn_num,M7_Stage5_AdvancedRatios,SVR_RBF,LOG1P,10,-0.010135,0.889112,0.633235
Mn_num,M7_Stage5_AdvancedRatios,SVR_RBF,LOG1P,11,-0.09638,2.036694,1.018552
Mn_num,M7_Stage5_AdvancedRatios,SVR_RBF,LOG1P,12,-6.424851,0.72676,0.588312
Mn_num,M7_Stage5_AdvancedRatios,SVR_RBF,LOG1P,13,-0.145307,0.764018,0.513823
Mn_num,M7_Stage5_AdvancedRatios,SVR_RBF,LOG1P,14,-0.252325,1.042613,0.793593
Mn_num,M7_Stage5_AdvancedRatios,SVR_RBF,LOG1P,15,-0.415167,0.753198,0.53658
Mn_num,M7_Stage5_AdvancedRatios,SVR_RBF,LOG1P,16,-3.075365,0.505146,0.436287
Mn_num,M7_Stage5_AdvancedRatios,SVR_RBF,LOG1P,17,-0.789921,0.850783,0.664362
Mn_num,M7_Stage5_AdvancedRatios,SVR_RBF,LOG1P,18,-0.390588,2.303918,1.360271
Mn_num,M7_Stage5_AdvancedRatios,SVR_RBF,LOG1P,19,-0.184363,0.762387,0.578103
Mn_num,M7_Stage5_AdvancedRatios,SVR_RBF,LOG1P,20,-0.024986,0.449955,0.310359
Mn_num,M7_Stage5_AdvancedRatios,SVR_RBF,LOG1P,21,-0.289435,0.656781,0.422462
Mn_num,M7_Stage5_AdvancedRatios,SVR_RBF,LOG1P,22,-0.175114,2.150136,1.107788
Mn_num,M7_Stage5_AdvancedRatios,SVR_RBF,LOG1P,23,-0.315015,0.828757,0.569491
Mn_num,M7_Stage5_AdvancedRatios,SVR_RBF,LOG1P,24,-8.934082,0.83706,0.624789
Mn_num,M7_Stage5_AdvancedRatios,SVR_RBF,LOG1P,25,-0.457814,0.946018,0.823375
Mn_num,M7_Stage5_AdvancedRatios,SVR_RBF,RAW,1,-0.107273,0.713117,0.55707
Mn_num,M7_Stage5_AdvancedRatios,SVR_RBF,RAW,2,-0.21441,2.163504,1.123592
Mn_num,M7_Stage5_AdvancedRatios,SVR_RBF,RAW,3,-0.118232,0.407041,0.339307
Mn_num,M7_Stage5_AdvancedRatios,SVR_RBF,RAW,4,-6.623695,0.688026,0.606546
Mn_num,M7_Stage5_AdvancedRatios,SVR_RBF,RAW,5,-1.210185,1.109339,0.860336
Mn_num,M7_Stage5_AdvancedRatios,SVR_RBF,RAW,6,-1.105246,0.747998,0.574523
Mn_num,M7_Stage5_AdvancedRatios,SVR_RBF,RAW,7,-0.251315,2.159865,1.240134
Mn_num,M7_Stage5_AdvancedRatios,SVR_RBF,RAW,8,-0.404434,0.909151,0.678237
Mn_num,M7_Stage5_AdvancedRatios,SVR_RBF,RAW,9,-0.193762,0.279839,0.233898
Mn_num,M7_Stage5_AdvancedRatios,SVR_RBF,RAW,10,-0.024992,0.895627,0.628986
Mn_num,M7_Stage5_AdvancedRatios,SVR_RBF,RAW,11,-0.093275,2.033808,0.995439
Mn_num,M7_Stage5_AdvancedRatios,SVR_RBF,RAW,12,-2.291927,0.483918,0.430792
Mn_num,M7_Stage5_AdvancedRatios,SVR_RBF,RAW,13,-0.114585,0.753701,0.516869
Mn_num,M7_Stage5_AdvancedRatios,SVR_RBF,RAW,14,-0.216736,1.027692,0.769721
Mn_num,M7_Stage5_AdvancedRatios,SVR_RBF,RAW,15,-0.410303,0.751903,0.539478
Mn_num,M7_Stage5_AdvancedRatios,SVR_RBF,RAW,16,-1.301827,0.379638,0.331529
Mn_num,M7_Stage5_AdvancedRatios,SVR_RBF,RAW,17,-0.75885,0.843366,0.668944
Mn_num,M7_Stage5_AdvancedRatios,SVR_RBF,RAW,18,-0.381049,2.296003,1.347854
Mn_num,M7_Stage5_AdvancedRatios,SVR_RBF,RAW,19,0.083179,0.670773,0.511641
Mn_num,M7_Stage5_AdvancedRatios,SVR_RBF,RAW,20,-0.012364,0.447176,0.321562
Mn_num,M7_Stage5_AdvancedRatios,SVR_RBF,RAW,21,-0.237511,0.643421,0.41793
Mn_num,M7_Stage5_AdvancedRatios,SVR_RBF,RAW,22,-0.21623,2.187428,1.12117
Mn_num,M7_Stage5_AdvancedRatios,SVR_RBF,RAW,23,-0.277905,0.81698,0.5588
Mn_num,M7_Stage5_AdvancedRatios,SVR_RBF,RAW,24,-6.059008,0.70561,0.56581
Mn_num,M7_Stage5_AdvancedRatios,SVR_RBF,RAW,25,-0.316677,0.899058,0.768896
Mn_num,M8_Stage5_PlausibleInteractions,Ridge,LOG1P,1,-1.065458,0.973962,0.856849
Mn_num,M8_Stage5_PlausibleInteractions,Ridge,LOG1P,2,-0.185119,2.137253,1.092841
Mn_num,M8_Stage5_PlausibleInteractions,Ridge,LOG1P,3,-1.554586,0.615224,0.502998
Mn_num,M8_Stage5_PlausibleInteractions,Ridge,LOG1P,4,-4.418263,0.580032,0.486242
Mn_num,M8_Stage5_PlausibleInteractions,Ridge,LOG1P,5,-0.499228,0.913658,0.732379
Mn_num,M8_Stage5_PlausibleInteractions,Ridge,LOG1P,6,-0.887553,0.708269,0.61222
Mn_num,M8_Stage5_PlausibleInteractions,Ridge,LOG1P,7,-0.2487,2.157606,1.269669
Mn_num,M8_Stage5_PlausibleInteractions,Ridge,LOG1P,8,-0.182799,0.834336,0.679152
Mn_num,M8_Stage5_PlausibleInteractions,Ridge,LOG1P,9,-2.48547,0.478168,0.396499
Mn_num,M8_Stage5_PlausibleInteractions,Ridge,LOG1P,10,0.359554,0.707959,0.581212
Mn_num,M8_Stage5_PlausibleInteractions,Ridge,LOG1P,11,-0.073914,2.015719,1.008212
Mn_num,M8_Stage5_PlausibleInteractions,Ridge,LOG1P,12,-4.647406,0.633828,0.541673
Mn_num,M8_Stage5_PlausibleInteractions,Ridge,LOG1P,13,-0.020654,0.721244,0.51614
Mn_num,M8_Stage5_PlausibleInteractions,Ridge,LOG1P,14,-0.469138,1.129265,0.976729
Mn_num,M8_Stage5_PlausibleInteractions,Ridge,LOG1P,15,-0.159262,0.681705,0.475709
Mn_num,M8_Stage5_PlausibleInteractions,Ridge,LOG1P,16,-2.554105,0.471736,0.412943
Mn_num,M8_Stage5_PlausibleInteractions,Ridge,LOG1P,17,-0.903101,0.877269,0.778541
Mn_num,M8_Stage5_PlausibleInteractions,Ridge,LOG1P,18,-0.326338,2.250065,1.366693
Mn_num,M8_Stage5_PlausibleInteractions,Ridge,LOG1P,19,0.384212,0.549729,0.437065
Mn_num,M8_Stage5_PlausibleInteractions,Ridge,LOG1P,20,-0.14979,0.476562,0.303798
Mn_num,M8_Stage5_PlausibleInteractions,Ridge,LOG1P,21,-0.237586,0.643441,0.507888
Mn_num,M8_Stage5_PlausibleInteractions,Ridge,LOG1P,22,-0.142022,2.119645,1.140268
Mn_num,M8_Stage5_PlausibleInteractions,Ridge,LOG1P,23,-0.440206,0.86731,0.705815
Mn_num,M8_Stage5_PlausibleInteractions,Ridge,LOG1P,24,-12.722367,0.983801,0.675163
Mn_num,M8_Stage5_PlausibleInteractions,Ridge,LOG1P,25,-0.258082,0.878826,0.771249
Mn_num,M8_Stage5_PlausibleInteractions,Ridge,RAW,1,-3.689189,1.467515,1.165137
Mn_num,M8_Stage5_PlausibleInteractions,Ridge,RAW,2,-0.14208,2.098085,1.082389
Mn_num,M8_Stage5_PlausibleInteractions,Ridge,RAW,3,-6.908837,1.082503,0.944909
Mn_num,M8_Stage5_PlausibleInteractions,Ridge,RAW,4,-6.998002,0.704714,0.608125
Mn_num,M8_Stage5_PlausibleInteractions,Ridge,RAW,5,-0.240956,0.831243,0.723782
Mn_num,M8_Stage5_PlausibleInteractions,Ridge,RAW,6,-1.708549,0.848432,0.786313
Mn_num,M8_Stage5_PlausibleInteractions,Ridge,RAW,7,-0.190321,2.106567,1.290616
Mn_num,M8_Stage5_PlausibleInteractions,Ridge,RAW,8,-0.743379,1.012934,0.859681
Mn_num,M8_Stage5_PlausibleInteractions,Ridge,RAW,9,-7.51197,0.747248,0.677476
Mn_num,M8_Stage5_PlausibleInteractions,Ridge,RAW,10,0.383711,0.694479,0.655761
Mn_num,M8_Stage5_PlausibleInteractions,Ridge,RAW,11,-0.028673,1.972803,1.04365
Mn_num,M8_Stage5_PlausibleInteractions,Ridge,RAW,12,-7.824507,0.792305,0.727337
Mn_num,M8_Stage5_PlausibleInteractions,Ridge,RAW,13,-0.087305,0.744421,0.615868
Mn_num,M8_Stage5_PlausibleInteractions,Ridge,RAW,14,-1.976603,1.607404,1.315965
Mn_num,M8_Stage5_PlausibleInteractions,Ridge,RAW,15,-0.072934,0.655831,0.497471
Mn_num,M8_Stage5_PlausibleInteractions,Ridge,RAW,16,-7.152354,0.714455,0.622604
Mn_num,M8_Stage5_PlausibleInteractions,Ridge,RAW,17,-1.421653,0.989595,0.879458
Mn_num,M8_Stage5_PlausibleInteractions,Ridge,RAW,18,-0.310368,2.236477,1.419881
Mn_num,M8_Stage5_PlausibleInteractions,Ridge,RAW,19,0.270314,0.598413,0.546666
Mn_num,M8_Stage5_PlausibleInteractions,Ridge,RAW,20,-0.418429,0.529315,0.429228
Mn_num,M8_Stage5_PlausibleInteractions,Ridge,RAW,21,-0.669177,0.74726,0.679866
Mn_num,M8_Stage5_PlausibleInteractions,Ridge,RAW,22,-0.096114,2.076605,1.156311
Mn_num,M8_Stage5_PlausibleInteractions,Ridge,RAW,23,-1.841165,1.218176,0.939728
Mn_num,M8_Stage5_PlausibleInteractions,Ridge,RAW,24,-12.41149,0.972593,0.745979
Mn_num,M8_Stage5_PlausibleInteractions,Ridge,RAW,25,-0.840492,1.062956,0.982807
Mn_num,M8_Stage5_PlausibleInteractions,Lasso,LOG1P,1,-0.018543,0.683948,0.582786
Mn_num,M8_Stage5_PlausibleInteractions,Lasso,LOG1P,2,-0.167687,2.121476,1.11303
Mn_num,M8_Stage5_PlausibleInteractions,Lasso,LOG1P,3,0.130681,0.358891,0.289651
Mn_num,M8_Stage5_PlausibleInteractions,Lasso,LOG1P,4,-1.270506,0.375477,0.349509
Mn_num,M8_Stage5_PlausibleInteractions,Lasso,LOG1P,5,-0.928671,1.036285,0.750334
Mn_num,M8_Stage5_PlausibleInteractions,Lasso,LOG1P,6,-0.175149,0.55885,0.453028
Mn_num,M8_Stage5_PlausibleInteractions,Lasso,LOG1P,7,-0.152844,2.07314,1.016563
Mn_num,M8_Stage5_PlausibleInteractions,Lasso,LOG1P,8,-0.123789,0.813257,0.559651
Mn_num,M8_Stage5_PlausibleInteractions,Lasso,LOG1P,9,-1.534725,0.40777,0.338266
Mn_num,M8_Stage5_PlausibleInteractions,Lasso,LOG1P,10,0.027595,0.872349,0.696312
Mn_num,M8_Stage5_PlausibleInteractions,Lasso,LOG1P,11,-0.085309,2.026384,1.038247
Mn_num,M8_Stage5_PlausibleInteractions,Lasso,LOG1P,12,-1.196494,0.395286,0.347931
Mn_num,M8_Stage5_PlausibleInteractions,Lasso,LOG1P,13,0.04249,0.698577,0.546859
Mn_num,M8_Stage5_PlausibleInteractions,Lasso,LOG1P,14,-0.083921,0.969981,0.760026
Mn_num,M8_Stage5_PlausibleInteractions,Lasso,LOG1P,15,-0.03741,0.644883,0.469375
Mn_num,M8_Stage5_PlausibleInteractions,Lasso,LOG1P,16,-0.468097,0.303187,0.252843
Mn_num,M8_Stage5_PlausibleInteractions,Lasso,LOG1P,17,-0.417991,0.757248,0.624109
Mn_num,M8_Stage5_PlausibleInteractions,Lasso,LOG1P,18,-0.286678,2.216169,1.309878
Mn_num,M8_Stage5_PlausibleInteractions,Lasso,LOG1P,19,0.045448,0.684436,0.53235
Mn_num,M8_Stage5_PlausibleInteractions,Lasso,LOG1P,20,-0.24029,0.494962,0.421849
Mn_num,M8_Stage5_PlausibleInteractions,Lasso,LOG1P,21,-0.082014,0.601641,0.472591
Mn_num,M8_Stage5_PlausibleInteractions,Lasso,LOG1P,22,-0.148154,2.125328,1.124577
Mn_num,M8_Stage5_PlausibleInteractions,Lasso,LOG1P,23,0.040605,0.707882,0.518548
Mn_num,M8_Stage5_PlausibleInteractions,Lasso,LOG1P,24,-3.613422,0.570432,0.455391
Mn_num,M8_Stage5_PlausibleInteractions,Lasso,LOG1P,25,-0.013035,0.788607,0.675926
Mn_num,M8_Stage5_PlausibleInteractions,Lasso,RAW,1,-0.874173,0.927766,0.895466
Mn_num,M8_Stage5_PlausibleInteractions,Lasso,RAW,2,-0.141702,2.097739,1.129603
Mn_num,M8_Stage5_PlausibleInteractions,Lasso,RAW,3,-2.862816,0.756528,0.704639
Mn_num,M8_Stage5_PlausibleInteractions,Lasso,RAW,4,-5.017865,0.611285,0.587429
Mn_num,M8_Stage5_PlausibleInteractions,Lasso,RAW,5,-0.322624,0.85816,0.675998
Mn_num,M8_Stage5_PlausibleInteractions,Lasso,RAW,6,-0.469583,0.624951,0.561215
Mn_num,M8_Stage5_PlausibleInteractions,Lasso,RAW,7,-0.130552,2.052997,1.12051
Mn_num,M8_Stage5_PlausibleInteractions,Lasso,RAW,8,-0.023514,0.776126,0.621971
Mn_num,M8_Stage5_PlausibleInteractions,Lasso,RAW,9,-4.737584,0.6135,0.566632
Mn_num,M8_Stage5_PlausibleInteractions,Lasso,RAW,10,0.145672,0.817672,0.745963
Mn_num,M8_Stage5_PlausibleInteractions,Lasso,RAW,11,-0.043604,1.987069,1.059867
Mn_num,M8_Stage5_PlausibleInteractions,Lasso,RAW,12,-5.971244,0.70421,0.682692
Mn_num,M8_Stage5_PlausibleInteractions,Lasso,RAW,13,0.182698,0.645408,0.523008
Mn_num,M8_Stage5_PlausibleInteractions,Lasso,RAW,14,-0.09071,0.973014,0.861146
Mn_num,M8_Stage5_PlausibleInteractions,Lasso,RAW,15,-0.05456,0.650191,0.578152
Mn_num,M8_Stage5_PlausibleInteractions,Lasso,RAW,16,-4.187209,0.569902,0.530638
Mn_num,M8_Stage5_PlausibleInteractions,Lasso,RAW,17,-0.477425,0.772955,0.722539
Mn_num,M8_Stage5_PlausibleInteractions,Lasso,RAW,18,-0.234608,2.170863,1.279433
Mn_num,M8_Stage5_PlausibleInteractions,Lasso,RAW,19,0.053445,0.681563,0.625721
Mn_num,M8_Stage5_PlausibleInteractions,Lasso,RAW,20,-0.438384,0.533025,0.484249
Mn_num,M8_Stage5_PlausibleInteractions,Lasso,RAW,21,-0.578996,0.726794,0.675794
Mn_num,M8_Stage5_PlausibleInteractions,Lasso,RAW,22,-0.105922,2.085874,1.135372
Mn_num,M8_Stage5_PlausibleInteractions,Lasso,RAW,23,-0.382832,0.849859,0.761123
Mn_num,M8_Stage5_PlausibleInteractions,Lasso,RAW,24,-9.584184,0.864015,0.709092
Mn_num,M8_Stage5_PlausibleInteractions,Lasso,RAW,25,0.04892,0.764112,0.691205
Mn_num,M8_Stage5_PlausibleInteractions,HuberRegressor,LOG1P,1,-2.299243,1.230951,0.880073
Mn_num,M8_Stage5_PlausibleInteractions,HuberRegressor,LOG1P,2,-0.247965,2.19319,1.116106
Mn_num,M8_Stage5_PlausibleInteractions,HuberRegressor,LOG1P,3,-1.334687,0.588149,0.483301
Mn_num,M8_Stage5_PlausibleInteractions,HuberRegressor,LOG1P,4,-15.829649,1.022256,0.802751
Mn_num,M8_Stage5_PlausibleInteractions,HuberRegressor,LOG1P,5,-1.014179,1.059008,0.826003
Mn_num,M8_Stage5_PlausibleInteractions,HuberRegressor,LOG1P,6,-5.69316,1.333719,0.874503
Mn_num,M8_Stage5_PlausibleInteractions,HuberRegressor,LOG1P,7,-0.5697,2.419087,1.649455
Mn_num,M8_Stage5_PlausibleInteractions,HuberRegressor,LOG1P,8,-0.197411,0.839473,0.640071
Mn_num,M8_Stage5_PlausibleInteractions,HuberRegressor,LOG1P,9,-3.304607,0.531394,0.416962
Mn_num,M8_Stage5_PlausibleInteractions,HuberRegressor,LOG1P,10,0.019426,0.876006,0.61841
Mn_num,M8_Stage5_PlausibleInteractions,HuberRegressor,LOG1P,11,-0.112964,2.052039,1.014882
Mn_num,M8_Stage5_PlausibleInteractions,HuberRegressor,LOG1P,12,-5.387076,0.674059,0.553547
Mn_num,M8_Stage5_PlausibleInteractions,HuberRegressor,LOG1P,13,-6.423291,1.945096,1.077427
Mn_num,M8_Stage5_PlausibleInteractions,HuberRegressor,LOG1P,14,0.013546,0.925343,0.651077
Mn_num,M8_Stage5_PlausibleInteractions,HuberRegressor,LOG1P,15,-0.263481,0.711688,0.46868
Mn_num,M8_Stage5_PlausibleInteractions,HuberRegressor,LOG1P,16,-1.580602,0.40197,0.341135
Mn_num,M8_Stage5_PlausibleInteractions,HuberRegressor,LOG1P,17,-0.78145,0.848767,0.694559
Mn_num,M8_Stage5_PlausibleInteractions,HuberRegressor,LOG1P,18,-0.482569,2.378896,1.473678
Mn_num,M8_Stage5_PlausibleInteractions,HuberRegressor,LOG1P,19,0.117265,0.658185,0.399266
Mn_num,M8_Stage5_PlausibleInteractions,HuberRegressor,LOG1P,20,-8.404275,1.362928,0.799404
Mn_num,M8_Stage5_PlausibleInteractions,HuberRegressor,LOG1P,21,-0.155444,0.621721,0.445131
Mn_num,M8_Stage5_PlausibleInteractions,HuberRegressor,LOG1P,22,-0.225588,2.195827,1.138421
Mn_num,M8_Stage5_PlausibleInteractions,HuberRegressor,LOG1P,23,-0.166652,0.780607,0.508325
Mn_num,M8_Stage5_PlausibleInteractions,HuberRegressor,LOG1P,24,-54.963834,1.986765,1.032706
Mn_num,M8_Stage5_PlausibleInteractions,HuberRegressor,LOG1P,25,-0.112664,0.826476,0.712158
Mn_num,M8_Stage5_PlausibleInteractions,HuberRegressor,RAW,1,-2.241893,1.220206,0.883407
Mn_num,M8_Stage5_PlausibleInteractions,HuberRegressor,RAW,2,-0.264333,2.207525,1.153367
Mn_num,M8_Stage5_PlausibleInteractions,HuberRegressor,RAW,3,-3.686396,0.833282,0.661146
Mn_num,M8_Stage5_PlausibleInteractions,HuberRegressor,RAW,4,-15.329042,1.006938,0.851145
Mn_num,M8_Stage5_PlausibleInteractions,HuberRegressor,RAW,5,-1.021602,1.060957,0.824589
Mn_num,M8_Stage5_PlausibleInteractions,HuberRegressor,RAW,6,-5.455034,1.309779,0.893447
Mn_num,M8_Stage5_PlausibleInteractions,HuberRegressor,RAW,7,-0.369807,2.259815,1.494336
Mn_num,M8_Stage5_PlausibleInteractions,HuberRegressor,RAW,8,-0.200356,0.840505,0.631521
Mn_num,M8_Stage5_PlausibleInteractions,HuberRegressor,RAW,9,-3.220394,0.52617,0.417684
Mn_num,M8_Stage5_PlausibleInteractions,HuberRegressor,RAW,10,-0.043657,0.903745,0.663149
Mn_num,M8_Stage5_PlausibleInteractions,HuberRegressor,RAW,11,-0.113599,2.052625,1.02086
Mn_num,M8_Stage5_PlausibleInteractions,HuberRegressor,RAW,12,-4.825822,0.643762,0.540376
Mn_num,M8_Stage5_PlausibleInteractions,HuberRegressor,RAW,13,-3.744947,1.5551,0.945745
Mn_num,M8_Stage5_PlausibleInteractions,HuberRegressor,RAW,14,0.00393,0.929843,0.655907
Mn_num,M8_Stage5_PlausibleInteractions,HuberRegressor,RAW,15,-0.23606,0.703923,0.462983
Mn_num,M8_Stage5_PlausibleInteractions,HuberRegressor,RAW,16,-5.580615,0.641899,0.478027
Mn_num,M8_Stage5_PlausibleInteractions,HuberRegressor,RAW,17,-0.7368,0.838063,0.689823
Mn_num,M8_Stage5_PlausibleInteractions,HuberRegressor,RAW,18,-0.505586,2.397291,1.515541
Mn_num,M8_Stage5_PlausibleInteractions,HuberRegressor,RAW,19,0.084396,0.670327,0.419675
Mn_num,M8_Stage5_PlausibleInteractions,HuberRegressor,RAW,20,-8.296177,1.355072,0.826617
Mn_num,M8_Stage5_PlausibleInteractions,HuberRegressor,RAW,21,-0.147532,0.619588,0.446084
Mn_num,M8_Stage5_PlausibleInteractions,HuberRegressor,RAW,22,-0.230317,2.20006,1.150325
Mn_num,M8_Stage5_PlausibleInteractions,HuberRegressor,RAW,23,-0.133885,0.769567,0.48648
Mn_num,M8_Stage5_PlausibleInteractions,HuberRegressor,RAW,24,-32.627061,1.540058,0.904516
Mn_num,M8_Stage5_PlausibleInteractions,HuberRegressor,RAW,25,-0.119693,0.829083,0.723737
Mn_num,M8_Stage5_PlausibleInteractions,SVR_RBF,LOG1P,1,-0.346748,0.78646,0.604908
Mn_num,M8_Stage5_PlausibleInteractions,SVR_RBF,LOG1P,2,-0.215667,2.164623,1.095691
Mn_num,M8_Stage5_PlausibleInteractions,SVR_RBF,LOG1P,3,-0.600674,0.486995,0.415952
Mn_num,M8_Stage5_PlausibleInteractions,SVR_RBF,LOG1P,4,-11.67185,0.887038,0.721844
Mn_num,M8_Stage5_PlausibleInteractions,SVR_RBF,LOG1P,5,-1.166087,1.098217,0.856033
Mn_num,M8_Stage5_PlausibleInteractions,SVR_RBF,LOG1P,6,-1.002197,0.729461,0.54051
Mn_num,M8_Stage5_PlausibleInteractions,SVR_RBF,LOG1P,7,-0.354001,2.246739,1.415528
Mn_num,M8_Stage5_PlausibleInteractions,SVR_RBF,LOG1P,8,-0.613099,0.974352,0.758827
Mn_num,M8_Stage5_PlausibleInteractions,SVR_RBF,LOG1P,9,-0.836856,0.347126,0.239492
Mn_num,M8_Stage5_PlausibleInteractions,SVR_RBF,LOG1P,10,0.043177,0.865332,0.584459
Mn_num,M8_Stage5_PlausibleInteractions,SVR_RBF,LOG1P,11,-0.130926,2.068532,1.024715
Mn_num,M8_Stage5_PlausibleInteractions,SVR_RBF,LOG1P,12,-7.707301,0.787025,0.637908
Mn_num,M8_Stage5_PlausibleInteractions,SVR_RBF,LOG1P,13,-0.3429,0.827303,0.528469
Mn_num,M8_Stage5_PlausibleInteractions,SVR_RBF,LOG1P,14,-0.272905,1.051145,0.795697
Mn_num,M8_Stage5_PlausibleInteractions,SVR_RBF,LOG1P,15,-0.461917,0.765538,0.527628
Mn_num,M8_Stage5_PlausibleInteractions,SVR_RBF,LOG1P,16,-3.582401,0.535649,0.46524
Mn_num,M8_Stage5_PlausibleInteractions,SVR_RBF,LOG1P,17,-0.916633,0.880382,0.697429
Mn_num,M8_Stage5_PlausibleInteractions,SVR_RBF,LOG1P,18,-0.387187,2.3011,1.346479
Mn_num,M8_Stage5_PlausibleInteractions,SVR_RBF,LOG1P,19,0.154458,0.64417,0.463869
Mn_num,M8_Stage5_PlausibleInteractions,SVR_RBF,LOG1P,20,0.015442,0.440992,0.287229
Mn_num,M8_Stage5_PlausibleInteractions,SVR_RBF,LOG1P,21,-0.230275,0.641537,0.407555
Mn_num,M8_Stage5_PlausibleInteractions,SVR_RBF,LOG1P,22,-0.219737,2.190579,1.154916
Mn_num,M8_Stage5_PlausibleInteractions,SVR_RBF,LOG1P,23,-0.275545,0.816225,0.519411
Mn_num,M8_Stage5_PlausibleInteractions,SVR_RBF,LOG1P,24,-4.946806,0.647641,0.490298
Mn_num,M8_Stage5_PlausibleInteractions,SVR_RBF,LOG1P,25,-0.48187,0.953791,0.812149
Mn_num,M8_Stage5_PlausibleInteractions,SVR_RBF,RAW,1,-0.149709,0.726654,0.563225
Mn_num,M8_Stage5_PlausibleInteractions,SVR_RBF,RAW,2,-0.220713,2.169111,1.098678
Mn_num,M8_Stage5_PlausibleInteractions,SVR_RBF,RAW,3,-0.276646,0.434919,0.369251
Mn_num,M8_Stage5_PlausibleInteractions,SVR_RBF,RAW,4,-5.998046,0.65919,0.585325
Mn_num,M8_Stage5_PlausibleInteractions,SVR_RBF,RAW,5,-1.131904,1.089517,0.843375
Mn_num,M8_Stage5_PlausibleInteractions,SVR_RBF,RAW,6,-0.670693,0.666342,0.497081
Mn_num,M8_Stage5_PlausibleInteractions,SVR_RBF,RAW,7,-0.259105,2.166577,1.248179
Mn_num,M8_Stage5_PlausibleInteractions,SVR_RBF,RAW,8,-0.54967,0.955004,0.736393
Mn_num,M8_Stage5_PlausibleInteractions,SVR_RBF,RAW,9,-0.227478,0.283764,0.203492
Mn_num,M8_Stage5_PlausibleInteractions,SVR_RBF,RAW,10,0.032554,0.870122,0.596182
Mn_num,M8_Stage5_PlausibleInteractions,SVR_RBF,RAW,11,-0.118244,2.056901,1.014526
Mn_num,M8_Stage5_PlausibleInteractions,SVR_RBF,RAW,12,-2.601342,0.50615,0.4516
Mn_num,M8_Stage5_PlausibleInteractions,SVR_RBF,RAW,13,-0.214076,0.786621,0.501026
Mn_num,M8_Stage5_PlausibleInteractions,SVR_RBF,RAW,14,-0.249152,1.041291,0.765405
Mn_num,M8_Stage5_PlausibleInteractions,SVR_RBF,RAW,15,-0.36516,0.739771,0.517493
Mn_num,M8_Stage5_PlausibleInteractions,SVR_RBF,RAW,16,-0.947311,0.349181,0.301371
Mn_num,M8_Stage5_PlausibleInteractions,SVR_RBF,RAW,17,-0.825823,0.859273,0.684609
Mn_num,M8_Stage5_PlausibleInteractions,SVR_RBF,RAW,18,-0.378821,2.29415,1.324446
Mn_num,M8_Stage5_PlausibleInteractions,SVR_RBF,RAW,19,0.166341,0.639628,0.440789
Mn_num,M8_Stage5_PlausibleInteractions,SVR_RBF,RAW,20,0.025893,0.438645,0.316679
Mn_num,M8_Stage5_PlausibleInteractions,SVR_RBF,RAW,21,-0.166702,0.624742,0.39259
Mn_num,M8_Stage5_PlausibleInteractions,SVR_RBF,RAW,22,-0.223232,2.193715,1.151167
Mn_num,M8_Stage5_PlausibleInteractions,SVR_RBF,RAW,23,-0.245924,0.806692,0.523339
Mn_num,M8_Stage5_PlausibleInteractions,SVR_RBF,RAW,24,-2.153447,0.471613,0.386768
Mn_num,M8_Stage5_PlausibleInteractions,SVR_RBF,RAW,25,-0.279579,0.886302,0.760263
As_num,M1_Core,Ridge,LOG1P,1,-25.786443,1.446614,1.32288
As_num,M1_Core,Ridge,LOG1P,2,-0.280716,10.93125,6.013709
As_num,M1_Core,Ridge,LOG1P,3,-0.086883,4.032799,2.276908
As_num,M1_Core,Ridge,LOG1P,4,0.178578,1.581325,1.288711
As_num,M1_Core,Ridge,LOG1P,5,-0.115508,9.650727,4.405867
As_num,M1_Core,Ridge,LOG1P,6,-0.369229,4.516703,2.917451
As_num,M1_Core,Ridge,LOG1P,7,-0.375487,2.003766,1.627698
As_num,M1_Core,Ridge,LOG1P,8,-0.197341,5.14917,2.469263
As_num,M1_Core,Ridge,LOG1P,9,-0.079011,1.321544,1.143051
As_num,M1_Core,Ridge,LOG1P,10,-0.280579,13.591375,7.275056
As_num,M1_Core,Ridge,LOG1P,11,-0.750688,1.439932,1.206616
As_num,M1_Core,Ridge,LOG1P,12,-0.352966,6.622891,4.145325
As_num,M1_Core,Ridge,LOG1P,13,-0.081386,9.591905,4.27851
As_num,M1_Core,Ridge,LOG1P,14,-0.150039,9.61326,3.952148
As_num,M1_Core,Ridge,LOG1P,15,-0.49522,1.487571,1.357853
As_num,M1_Core,Ridge,LOG1P,16,0.18058,1.584364,1.267871
As_num,M1_Core,Ridge,LOG1P,17,-23.819085,2.874714,2.304945
As_num,M1_Core,Ridge,LOG1P,18,-0.102841,9.690486,4.674332
As_num,M1_Core,Ridge,LOG1P,19,-0.236852,10.257582,5.034591
As_num,M1_Core,Ridge,LOG1P,20,-0.12952,5.204068,2.639212
As_num,M1_Core,Ridge,LOG1P,21,-0.128202,1.375302,1.222847
As_num,M1_Core,Ridge,LOG1P,22,-0.098386,5.154739,2.763389
As_num,M1_Core,Ridge,LOG1P,23,-0.111423,9.509589,4.186058
As_num,M1_Core,Ridge,LOG1P,24,-0.36719,4.442015,2.910145
As_num,M1_Core,Ridge,LOG1P,25,-0.077726,9.608191,4.076781
As_num,M1_Core,Ridge,RAW,1,-263.415134,4.545045,4.175587
As_num,M1_Core,Ridge,RAW,2,-0.243962,10.773255,6.894428
As_num,M1_Core,Ridge,RAW,3,-1.21102,5.751902,4.997429
As_num,M1_Core,Ridge,RAW,4,-2.033751,3.038981,2.360324
As_num,M1_Core,Ridge,RAW,5,-0.04483,9.33999,5.632968
As_num,M1_Core,Ridge,RAW,6,-1.675762,6.314038,5.300717
As_num,M1_Core,Ridge,RAW,7,-7.793717,5.066465,4.436297
As_num,M1_Core,Ridge,RAW,8,-0.236382,5.232443,3.492473
As_num,M1_Core,Ridge,RAW,9,-4.914934,3.094168,2.656501
As_num,M1_Core,Ridge,RAW,10,-0.225939,13.298254,7.633525
As_num,M1_Core,Ridge,RAW,11,-10.125529,3.629926,3.175489
As_num,M1_Core,Ridge,RAW,12,-0.446761,6.848612,5.503375
As_num,M1_Core,Ridge,RAW,13,-0.136469,9.833161,5.739254
As_num,M1_Core,Ridge,RAW,14,-0.016804,9.039263,4.451622
As_num,M1_Core,Ridge,RAW,15,-7.687052,3.585596,3.185502
As_num,M1_Core,Ridge,RAW,16,-2.408369,3.231283,2.729316
As_num,M1_Core,Ridge,RAW,17,-77.729509,5.120006,4.485324
As_num,M1_Core,Ridge,RAW,18,-0.101036,9.682554,6.376435
As_num,M1_Core,Ridge,RAW,19,-0.108122,9.709125,5.616335
As_num,M1_Core,Ridge,RAW,20,-0.604341,6.202179,4.486218
As_num,M1_Core,Ridge,RAW,21,-4.970589,3.163832,2.720974
As_num,M1_Core,Ridge,RAW,22,-0.542357,6.108318,4.857685
As_num,M1_Core,Ridge,RAW,23,-0.073705,9.346835,5.376889
As_num,M1_Core,Ridge,RAW,24,-1.715092,6.259761,4.744874
As_num,M1_Core,Ridge,RAW,25,-0.038766,9.432923,5.163191
As_num,M1_Core,Lasso,LOG1P,1,-14.309658,1.093648,1.069695
As_num,M1_Core,Lasso,LOG1P,2,-0.236703,10.741776,5.612369
As_num,M1_Core,Lasso,LOG1P,3,-0.056982,3.976939,2.19482
As_num,M1_Core,Lasso,LOG1P,4,-0.03534,1.775331,1.320911
As_num,M1_Core,Lasso,LOG1P,5,-0.148753,9.793477,4.349516
As_num,M1_Core,Lasso,LOG1P,6,-0.110259,4.0672,2.234851
As_num,M1_Core,Lasso,LOG1P,7,0.046354,1.668447,1.475916
As_num,M1_Core,Lasso,LOG1P,8,-0.18891,5.131008,2.360944
As_num,M1_Core,Lasso,LOG1P,9,0.025827,1.255703,1.108113
As_num,M1_Core,Lasso,LOG1P,10,-0.279526,13.585786,7.195028
As_num,M1_Core,Lasso,LOG1P,11,-0.297483,1.239619,1.073488
As_num,M1_Core,Lasso,LOG1P,12,-0.370397,6.665418,4.123034
As_num,M1_Core,Lasso,LOG1P,13,-0.110719,9.721125,4.006106
As_num,M1_Core,Lasso,LOG1P,14,-0.093908,9.375725,3.907459
As_num,M1_Core,Lasso,LOG1P,15,-0.275884,1.374139,1.295464
As_num,M1_Core,Lasso,LOG1P,16,0.026227,1.727153,1.269901
As_num,M1_Core,Lasso,LOG1P,17,-6.860099,1.617766,1.448007
As_num,M1_Core,Lasso,LOG1P,18,-0.12185,9.773643,4.396671
As_num,M1_Core,Lasso,LOG1P,19,-0.235266,10.251007,5.002753
As_num,M1_Core,Lasso,LOG1P,20,-0.082341,5.094224,2.421365
As_num,M1_Core,Lasso,LOG1P,21,-0.066696,1.337289,1.218522
As_num,M1_Core,Lasso,LOG1P,22,-0.066817,5.080122,2.465544
As_num,M1_Core,Lasso,LOG1P,23,-0.074367,9.349716,3.965235
As_num,M1_Core,Lasso,LOG1P,24,-0.310024,4.348156,2.598432
As_num,M1_Core,Lasso,LOG1P,25,-0.101625,9.71414,4.111027
As_num,M1_Core,Lasso,RAW,1,-247.484695,4.406003,4.081329
As_num,M1_Core,Lasso,RAW,2,-0.213232,10.639355,6.64445
As_num,M1_Core,Lasso,RAW,3,-1.045913,5.532974,4.751046
As_num,M1_Core,Lasso,RAW,4,-1.872301,2.957011,2.305083
As_num,M1_Core,Lasso,RAW,5,-0.052118,9.372507,5.590741
As_num,M1_Core,Lasso,RAW,6,-1.528357,6.137658,5.165692
As_num,M1_Core,Lasso,RAW,7,-7.67796,5.033008,4.392595
As_num,M1_Core,Lasso,RAW,8,-0.195201,5.144565,3.350162
As_num,M1_Core,Lasso,RAW,9,-4.766175,3.055011,2.61202
As_num,M1_Core,Lasso,RAW,10,-0.215826,13.243293,7.492896
As_num,M1_Core,Lasso,RAW,11,-9.910584,3.59469,3.203675
As_num,M1_Core,Lasso,RAW,12,-0.433831,6.81794,5.465789
As_num,M1_Core,Lasso,RAW,13,-0.125829,9.787025,5.552233
As_num,M1_Core,Lasso,RAW,14,0.004018,8.946231,4.431402
As_num,M1_Core,Lasso,RAW,15,-7.502729,3.547352,3.089863
As_num,M1_Core,Lasso,RAW,16,-2.258577,3.159481,2.663584
As_num,M1_Core,Lasso,RAW,17,-73.269947,4.972884,4.346479
As_num,M1_Core,Lasso,RAW,18,-0.078758,9.584094,6.227256
As_num,M1_Core,Lasso,RAW,19,-0.088202,9.621461,5.514474
As_num,M1_Core,Lasso,RAW,20,-0.526294,6.049437,4.294687
As_num,M1_Core,Lasso,RAW,21,-5.080675,3.192866,2.673691
As_num,M1_Core,Lasso,RAW,22,-0.505108,6.034107,4.797308
As_num,M1_Core,Lasso,RAW,23,-0.05113,9.248056,5.336742
As_num,M1_Core,Lasso,RAW,24,-1.564604,6.08381,4.567737
As_num,M1_Core,Lasso,RAW,25,-0.033764,9.410185,5.076334
As_num,M1_Core,HuberRegressor,LOG1P,1,-4.332049,0.645419,0.577714
As_num,M1_Core,HuberRegressor,LOG1P,2,-0.313907,11.071992,5.873448
As_num,M1_Core,HuberRegressor,LOG1P,3,-0.177878,4.198221,2.32364
As_num,M1_Core,HuberRegressor,LOG1P,4,-0.311144,1.997851,1.29302
As_num,M1_Core,HuberRegressor,LOG1P,5,-0.190016,9.967816,4.365837
As_num,M1_Core,HuberRegressor,LOG1P,6,-0.243451,4.304254,2.267169
As_num,M1_Core,HuberRegressor,LOG1P,7,0.17498,1.551855,1.201747
As_num,M1_Core,HuberRegressor,LOG1P,8,-0.301183,5.367813,2.658982
As_num,M1_Core,HuberRegressor,LOG1P,9,-0.133713,1.354629,0.861859
As_num,M1_Core,HuberRegressor,LOG1P,10,-0.316723,13.781848,7.331291
As_num,M1_Core,HuberRegressor,LOG1P,11,-0.360051,1.269156,0.987582
As_num,M1_Core,HuberRegressor,LOG1P,12,-0.443122,6.839994,4.100129
As_num,M1_Core,HuberRegressor,LOG1P,13,-0.125537,9.785755,4.184676
As_num,M1_Core,HuberRegressor,LOG1P,14,-0.204431,9.83797,4.199297
As_num,M1_Core,HuberRegressor,LOG1P,15,-0.04291,1.242363,0.885512
As_num,M1_Core,HuberRegressor,LOG1P,16,-0.249483,1.956442,1.233304
As_num,M1_Core,HuberRegressor,LOG1P,17,-15.377037,2.335175,1.877994
As_num,M1_Core,HuberRegressor,LOG1P,18,-0.156114,9.921778,4.333696
As_num,M1_Core,HuberRegressor,LOG1P,19,-0.283772,10.450333,5.062534
As_num,M1_Core,HuberRegressor,LOG1P,20,-0.160055,5.273942,2.370855
As_num,M1_Core,HuberRegressor,LOG1P,21,-0.074546,1.3422,1.021305
As_num,M1_Core,HuberRegressor,LOG1P,22,-0.131438,5.231721,2.428336
As_num,M1_Core,HuberRegressor,LOG1P,23,-0.137418,9.620158,3.848019
As_num,M1_Core,HuberRegressor,LOG1P,24,-0.481074,4.623318,2.779546
As_num,M1_Core,HuberRegressor,LOG1P,25,-0.101826,9.715027,4.054195
As_num,M1_Core,HuberRegressor,RAW,1,-5.188455,0.695322,0.64708
As_num,M1_Core,HuberRegressor,RAW,2,-0.314176,11.073124,5.893345
As_num,M1_Core,HuberRegressor,RAW,3,-0.198178,4.234244,2.500806
As_num,M1_Core,HuberRegressor,RAW,4,-0.254975,1.954589,1.269342
As_num,M1_Core,HuberRegressor,RAW,5,-0.186258,9.952064,4.35444
As_num,M1_Core,HuberRegressor,RAW,6,-0.215929,4.256352,2.202826
As_num,M1_Core,HuberRegressor,RAW,7,0.134372,1.589587,1.260284
As_num,M1_Core,HuberRegressor,RAW,8,-0.294482,5.353975,2.635165
As_num,M1_Core,HuberRegressor,RAW,9,-0.087009,1.326433,0.85869
As_num,M1_Core,HuberRegressor,RAW,10,-0.311915,13.756663,7.329158
As_num,M1_Core,HuberRegressor,RAW,11,-0.366346,1.27209,1.017735
As_num,M1_Core,HuberRegressor,RAW,12,-0.434533,6.819608,4.111182
As_num,M1_Core,HuberRegressor,RAW,13,-0.120932,9.765717,4.140676
As_num,M1_Core,HuberRegressor,RAW,14,-0.205798,9.843551,4.102418
As_num,M1_Core,HuberRegressor,RAW,15,-0.028263,1.233608,0.929098
As_num,M1_Core,HuberRegressor,RAW,16,-0.21565,1.929772,1.246547
As_num,M1_Core,HuberRegressor,RAW,17,-10.513941,1.958005,1.739499
As_num,M1_Core,HuberRegressor,RAW,18,-0.150143,9.896124,4.347683
As_num,M1_Core,HuberRegressor,RAW,19,-0.276134,10.419199,5.068748
As_num,M1_Core,HuberRegressor,RAW,20,-0.155064,5.262582,2.359095
As_num,M1_Core,HuberRegressor,RAW,21,-0.051968,1.328024,1.050439
As_num,M1_Core,HuberRegressor,RAW,22,-0.118554,5.201847,2.351019
As_num,M1_Core,HuberRegressor,RAW,23,-0.128605,9.582817,3.813337
As_num,M1_Core,HuberRegressor,RAW,24,-0.461025,4.59192,2.73791
As_num,M1_Core,HuberRegressor,RAW,25,-0.099512,9.704819,4.061214
As_num,M1_Core,SVR_RBF,LOG1P,1,-2.183162,0.498683,0.432798
As_num,M1_Core,SVR_RBF,LOG1P,2,-0.320945,11.101605,5.836688
As_num,M1_Core,SVR_RBF,LOG1P,3,-0.191618,4.222636,1.986376
As_num,M1_Core,SVR_RBF,LOG1P,4,-0.268693,1.965243,1.176627
As_num,M1_Core,SVR_RBF,LOG1P,5,-0.216987,10.080143,4.248308
As_num,M1_Core,SVR_RBF,LOG1P,6,-0.117425,4.080305,1.82526
As_num,M1_Core,SVR_RBF,LOG1P,7,0.183627,1.543701,0.933018
As_num,M1_Core,SVR_RBF,LOG1P,8,-0.309774,5.385506,2.623043
As_num,M1_Core,SVR_RBF,LOG1P,9,0.215042,1.127177,0.740325
As_num,M1_Core,SVR_RBF,LOG1P,10,-0.345258,13.930381,7.213037
As_num,M1_Core,SVR_RBF,LOG1P,11,-0.156853,1.170514,0.763544
As_num,M1_Core,SVR_RBF,LOG1P,12,-0.490057,6.950332,4.10327
As_num,M1_Core,SVR_RBF,LOG1P,13,-0.150394,9.893221,4.025022
As_num,M1_Core,SVR_RBF,LOG1P,14,-0.172249,9.705643,3.729457
As_num,M1_Core,SVR_RBF,LOG1P,15,0.342765,0.986246,0.657763
As_num,M1_Core,SVR_RBF,LOG1P,16,-0.283164,1.982635,1.23038
As_num,M1_Core,SVR_RBF,LOG1P,17,-5.63146,1.485957,1.236313
As_num,M1_Core,SVR_RBF,LOG1P,18,-0.18648,10.051233,4.150037
As_num,M1_Core,SVR_RBF,LOG1P,19,-0.307649,10.547068,5.038968
As_num,M1_Core,SVR_RBF,LOG1P,20,-0.131478,5.208575,2.241981
As_num,M1_Core,SVR_RBF,LOG1P,21,0.122094,1.21319,0.822665
As_num,M1_Core,SVR_RBF,LOG1P,22,-0.117124,5.198523,2.067341
As_num,M1_Core,SVR_RBF,LOG1P,23,-0.180288,9.799776,4.004549
As_num,M1_Core,SVR_RBF,LOG1P,24,-0.419305,4.525883,2.624961
As_num,M1_Core,SVR_RBF,LOG1P,25,-0.182278,10.063457,4.076906
As_num,M1_Core,SVR_RBF,RAW,1,-1.58854,0.4497,0.391312
As_num,M1_Core,SVR_RBF,RAW,2,-0.309737,11.054404,5.658366
As_num,M1_Core,SVR_RBF,RAW,3,-0.189797,4.219409,2.009769
As_num,M1_Core,SVR_RBF,RAW,4,-0.153886,1.874215,1.172899
As_num,M1_Core,SVR_RBF,RAW,5,-0.216942,10.079956,4.318108
As_num,M1_Core,SVR_RBF,RAW,6,-0.134243,4.110896,1.820455
As_num,M1_Core,SVR_RBF,RAW,7,0.222269,1.506723,0.901055
As_num,M1_Core,SVR_RBF,RAW,8,-0.306636,5.37905,2.599884
As_num,M1_Core,SVR_RBF,RAW,9,0.015217,1.262523,0.803711
As_num,M1_Core,SVR_RBF,RAW,10,-0.328865,13.845244,7.225596
As_num,M1_Core,SVR_RBF,RAW,11,-0.231497,1.207686,0.797358
As_num,M1_Core,SVR_RBF,RAW,12,-0.470945,6.905616,4.09523
As_num,M1_Core,SVR_RBF,RAW,13,-0.151919,9.899778,3.97705
As_num,M1_Core,SVR_RBF,RAW,14,-0.175866,9.720606,3.795875
As_num,M1_Core,SVR_RBF,RAW,15,0.215118,1.077773,0.691388
As_num,M1_Core,SVR_RBF,RAW,16,-0.262811,1.966848,1.246837
As_num,M1_Core,SVR_RBF,RAW,17,-2.194398,1.031327,0.956847
As_num,M1_Core,SVR_RBF,RAW,18,-0.181839,10.031557,4.197533
As_num,M1_Core,SVR_RBF,RAW,19,-0.301877,10.523767,5.038693
As_num,M1_Core,SVR_RBF,RAW,20,-0.13311,5.212331,2.214702
As_num,M1_Core,SVR_RBF,RAW,21,0.078054,1.243247,0.866699
As_num,M1_Core,SVR_RBF,RAW,22,-0.121986,5.209822,2.112204
As_num,M1_Core,SVR_RBF,RAW,23,-0.161136,9.719944,3.828165
As_num,M1_Core,SVR_RBF,RAW,24,-0.423137,4.531989,2.605637
As_num,M1_Core,SVR_RBF,RAW,25,-0.161619,9.975146,3.99574
As_num,M2_Core_Salinity,Ridge,LOG1P,1,-24.46965,1.410609,1.321631
As_num,M2_Core_Salinity,Ridge,LOG1P,2,-0.309002,11.051306,6.135509
As_num,M2_Core_Salinity,Ridge,LOG1P,3,-0.085998,4.031157,2.304184
As_num,M2_Core_Salinity,Ridge,LOG1P,4,0.073577,1.679355,1.29535
As_num,M2_Core_Salinity,Ridge,LOG1P,5,-0.113523,9.642137,4.516513
As_num,M2_Core_Salinity,Ridge,LOG1P,6,-0.341183,4.470205,2.891139
As_num,M2_Core_Salinity,Ridge,LOG1P,7,-0.36594,1.9968,1.624518
As_num,M2_Core_Salinity,Ridge,LOG1P,8,-0.19367,5.141271,2.482666
As_num,M2_Core_Salinity,Ridge,LOG1P,9,-0.523999,1.570585,1.357699
As_num,M2_Core_Salinity,Ridge,LOG1P,10,-0.288431,13.632977,7.313756
As_num,M2_Core_Salinity,Ridge,LOG1P,11,-0.932313,1.512781,1.272216
As_num,M2_Core_Salinity,Ridge,LOG1P,12,-0.352069,6.620694,4.207891
As_num,M2_Core_Salinity,Ridge,LOG1P,13,-0.08133,9.591657,4.277208
As_num,M2_Core_Salinity,Ridge,LOG1P,14,-0.156054,9.638368,3.938493
As_num,M2_Core_Salinity,Ridge,LOG1P,15,-1.153379,1.785194,1.524744
As_num,M2_Core_Salinity,Ridge,LOG1P,16,-0.071094,1.811405,1.460291
As_num,M2_Core_Salinity,Ridge,LOG1P,17,-22.978497,2.825613,2.439591
As_num,M2_Core_Salinity,Ridge,LOG1P,18,-0.099278,9.674822,4.625434
As_num,M2_Core_Salinity,Ridge,LOG1P,19,-0.246502,10.29752,5.047836
As_num,M2_Core_Salinity,Ridge,LOG1P,20,-0.125913,5.195752,2.608032
As_num,M2_Core_Salinity,Ridge,LOG1P,21,-0.660906,1.668696,1.403839
As_num,M2_Core_Salinity,Ridge,LOG1P,22,-0.097184,5.151918,2.769967
As_num,M2_Core_Salinity,Ridge,LOG1P,23,-0.141461,9.63724,4.320074
As_num,M2_Core_Salinity,Ridge,LOG1P,24,-0.367158,4.441962,2.908945
As_num,M2_Core_Salinity,Ridge,LOG1P,25,-0.07404,9.591746,4.120662
As_num,M2_Core_Salinity,Ridge,RAW,1,-263.96228,4.549745,4.214447
As_num,M2_Core_Salinity,Ridge,RAW,2,-0.275965,10.910954,6.96825
As_num,M2_Core_Salinity,Ridge,RAW,3,-0.968693,5.427553,4.611018
As_num,M2_Core_Salinity,Ridge,RAW,4,-1.897325,2.969864,2.019329
As_num,M2_Core_Salinity,Ridge,RAW,5,-0.061853,9.41577,6.154081
As_num,M2_Core_Salinity,Ridge,RAW,6,-1.573131,6.191764,5.316275
As_num,M2_Core_Salinity,Ridge,RAW,7,-6.512652,4.682906,3.938482
As_num,M2_Core_Salinity,Ridge,RAW,8,-0.187806,5.128626,3.420692
As_num,M2_Core_Salinity,Ridge,RAW,9,-7.15362,3.632822,3.102242
As_num,M2_Core_Salinity,Ridge,RAW,10,-0.229692,13.318596,7.642467
As_num,M2_Core_Salinity,Ridge,RAW,11,-11.519919,3.850687,3.210376
As_num,M2_Core_Salinity,Ridge,RAW,12,-0.416589,6.776823,5.433199
As_num,M2_Core_Salinity,Ridge,RAW,13,-0.108333,9.710678,5.435516
As_num,M2_Core_Salinity,Ridge,RAW,14,-0.006418,8.992982,4.42725
As_num,M2_Core_Salinity,Ridge,RAW,15,-11.909766,4.371035,3.868681
As_num,M2_Core_Salinity,Ridge,RAW,16,-2.583856,3.313424,2.720157
As_num,M2_Core_Salinity,Ridge,RAW,17,-91.851472,5.560273,5.008403
As_num,M2_Core_Salinity,Ridge,RAW,18,-0.055137,9.478588,6.106524
As_num,M2_Core_Salinity,Ridge,RAW,19,-0.099167,9.669812,5.612097
As_num,M2_Core_Salinity,Ridge,RAW,20,-0.565874,6.127374,4.579782
As_num,M2_Core_Salinity,Ridge,RAW,21,-7.968878,3.877697,3.281182
As_num,M2_Core_Salinity,Ridge,RAW,22,-0.551833,6.127054,5.071681
As_num,M2_Core_Salinity,Ridge,RAW,23,-0.088559,9.411268,5.429716
As_num,M2_Core_Salinity,Ridge,RAW,24,-1.509375,6.017946,4.448189
As_num,M2_Core_Salinity,Ridge,RAW,25,-0.030662,9.396054,5.34833
As_num,M2_Core_Salinity,Lasso,LOG1P,1,-14.404778,1.097041,1.075641
As_num,M2_Core_Salinity,Lasso,LOG1P,2,-0.236703,10.741776,5.612369
As_num,M2_Core_Salinity,Lasso,LOG1P,3,-0.056287,3.975632,2.201
As_num,M2_Core_Salinity,Lasso,LOG1P,4,-0.03534,1.775331,1.320911
As_num,M2_Core_Salinity,Lasso,LOG1P,5,-0.148753,9.793477,4.349516
As_num,M2_Core_Salinity,Lasso,LOG1P,6,-0.105331,4.058165,2.233674
As_num,M2_Core_Salinity,Lasso,LOG1P,7,0.045007,1.669625,1.474611
As_num,M2_Core_Salinity,Lasso,LOG1P,8,-0.186949,5.126775,2.373213
As_num,M2_Core_Salinity,Lasso,LOG1P,9,-0.088916,1.327597,1.155435
As_num,M2_Core_Salinity,Lasso,LOG1P,10,-0.279526,13.585786,7.195028
As_num,M2_Core_Salinity,Lasso,LOG1P,11,-0.27854,1.230537,1.069544
As_num,M2_Core_Salinity,Lasso,LOG1P,12,-0.3685,6.660803,4.153557
As_num,M2_Core_Salinity,Lasso,LOG1P,13,-0.110719,9.721125,4.006106
As_num,M2_Core_Salinity,Lasso,LOG1P,14,-0.093908,9.375725,3.907459
As_num,M2_Core_Salinity,Lasso,LOG1P,15,-0.342123,1.409358,1.289667
As_num,M2_Core_Salinity,Lasso,LOG1P,16,0.026227,1.727153,1.269901
As_num,M2_Core_Salinity,Lasso,LOG1P,17,-7.707778,1.702768,1.550177
As_num,M2_Core_Salinity,Lasso,LOG1P,18,-0.12185,9.773643,4.396671
As_num,M2_Core_Salinity,Lasso,LOG1P,19,-0.235266,10.251007,5.002753
As_num,M2_Core_Salinity,Lasso,LOG1P,20,-0.082341,5.094224,2.421365
As_num,M2_Core_Salinity,Lasso,LOG1P,21,-0.186936,1.410647,1.254662
As_num,M2_Core_Salinity,Lasso,LOG1P,22,-0.065575,5.077163,2.461175
As_num,M2_Core_Salinity,Lasso,LOG1P,23,-0.074367,9.349716,3.965235
As_num,M2_Core_Salinity,Lasso,LOG1P,24,-0.306891,4.342954,2.592166
As_num,M2_Core_Salinity,Lasso,LOG1P,25,-0.101625,9.71414,4.111027
As_num,M2_Core_Salinity,Lasso,RAW,1,-250.270113,4.430629,4.128091
As_num,M2_Core_Salinity,Lasso,RAW,2,-0.213297,10.639642,6.645174
As_num,M2_Core_Salinity,Lasso,RAW,3,-0.863332,5.28032,4.437723
As_num,M2_Core_Salinity,Lasso,RAW,4,-2.085456,3.064768,2.089382
As_num,M2_Core_Salinity,Lasso,RAW,5,-0.053385,9.378149,6.040031
As_num,M2_Core_Salinity,Lasso,RAW,6,-1.540743,6.152672,5.190544
As_num,M2_Core_Salinity,Lasso,RAW,7,-6.555215,4.696153,3.935819
As_num,M2_Core_Salinity,Lasso,RAW,8,-0.188306,5.129705,3.27749
As_num,M2_Core_Salinity,Lasso,RAW,9,-6.783011,3.5493,3.059389
As_num,M2_Core_Salinity,Lasso,RAW,10,-0.217773,13.253891,7.49843
As_num,M2_Core_Salinity,Lasso,RAW,11,-10.663025,3.716576,3.091109
As_num,M2_Core_Salinity,Lasso,RAW,12,-0.431513,6.812427,5.46564
As_num,M2_Core_Salinity,Lasso,RAW,13,-0.107297,9.706137,5.559032
As_num,M2_Core_Salinity,Lasso,RAW,14,0.004549,8.943847,4.429608
As_num,M2_Core_Salinity,Lasso,RAW,15,-11.813964,4.354787,3.840436
As_num,M2_Core_Salinity,Lasso,RAW,16,-2.193892,3.127965,2.569009
As_num,M2_Core_Salinity,Lasso,RAW,17,-87.994066,5.443551,4.883704
As_num,M2_Core_Salinity,Lasso,RAW,18,-0.056853,9.486292,6.104594
As_num,M2_Core_Salinity,Lasso,RAW,19,-0.08782,9.619771,5.515655
As_num,M2_Core_Salinity,Lasso,RAW,20,-0.524006,6.044902,4.441614
As_num,M2_Core_Salinity,Lasso,RAW,21,-7.63516,3.804872,3.19676
As_num,M2_Core_Salinity,Lasso,RAW,22,-0.55252,6.12841,5.034945
As_num,M2_Core_Salinity,Lasso,RAW,23,-0.051152,9.24815,5.337169
As_num,M2_Core_Salinity,Lasso,RAW,24,-1.495253,6.000988,4.394625
As_num,M2_Core_Salinity,Lasso,RAW,25,-0.019497,9.345026,5.190701
As_num,M2_Core_Salinity,HuberRegressor,LOG1P,1,-5.002074,0.684772,0.587427
As_num,M2_Core_Salinity,HuberRegressor,LOG1P,2,-0.371935,11.313844,6.372722
As_num,M2_Core_Salinity,HuberRegressor,LOG1P,3,-0.182421,4.206309,2.337647
As_num,M2_Core_Salinity,HuberRegressor,LOG1P,4,-0.372702,2.044213,1.317326
As_num,M2_Core_Salinity,HuberRegressor,LOG1P,5,-0.19437,9.986036,4.38733
As_num,M2_Core_Salinity,HuberRegressor,LOG1P,6,-0.252973,4.320701,2.282332
As_num,M2_Core_Salinity,HuberRegressor,LOG1P,7,-0.293823,1.943373,1.481066
As_num,M2_Core_Salinity,HuberRegressor,LOG1P,8,-0.305069,5.375823,2.68434
As_num,M2_Core_Salinity,HuberRegressor,LOG1P,9,-0.248462,1.421532,0.942827
As_num,M2_Core_Salinity,HuberRegressor,LOG1P,10,-0.323051,13.814925,7.515154
As_num,M2_Core_Salinity,HuberRegressor,LOG1P,11,-0.452954,1.311787,1.0167
As_num,M2_Core_Salinity,HuberRegressor,LOG1P,12,-0.443274,6.840353,4.101208
As_num,M2_Core_Salinity,HuberRegressor,LOG1P,13,-0.106945,9.704597,4.410914
As_num,M2_Core_Salinity,HuberRegressor,LOG1P,14,-0.236248,9.967063,4.289694
As_num,M2_Core_Salinity,HuberRegressor,LOG1P,15,-0.126098,1.290961,0.909996
As_num,M2_Core_Salinity,HuberRegressor,LOG1P,16,-0.433834,2.095806,1.358026
As_num,M2_Core_Salinity,HuberRegressor,LOG1P,17,-16.869365,2.43925,1.875282
As_num,M2_Core_Salinity,HuberRegressor,LOG1P,18,-0.154813,9.916193,4.332627
As_num,M2_Core_Salinity,HuberRegressor,LOG1P,19,-0.309178,10.553236,5.178028
As_num,M2_Core_Salinity,HuberRegressor,LOG1P,20,-0.16086,5.27577,2.439454
As_num,M2_Core_Salinity,HuberRegressor,LOG1P,21,-0.123827,1.372633,1.041425
As_num,M2_Core_Salinity,HuberRegressor,LOG1P,22,-0.141624,5.255218,2.460135
As_num,M2_Core_Salinity,HuberRegressor,LOG1P,23,-0.23719,10.03322,4.533905
As_num,M2_Core_Salinity,HuberRegressor,LOG1P,24,-0.489276,4.636104,2.775099
As_num,M2_Core_Salinity,HuberRegressor,LOG1P,25,-0.083538,9.634062,4.092164
As_num,M2_Core_Salinity,HuberRegressor,RAW,1,-5.82977,0.730463,0.653029
As_num,M2_Core_Salinity,HuberRegressor,RAW,2,-0.374007,11.322384,6.226357
As_num,M2_Core_Salinity,HuberRegressor,RAW,3,-0.208121,4.251775,2.531304
As_num,M2_Core_Salinity,HuberRegressor,RAW,4,-0.316734,2.002105,1.300653
As_num,M2_Core_Salinity,HuberRegressor,RAW,5,-0.190682,9.970605,4.376379
As_num,M2_Core_Salinity,HuberRegressor,RAW,6,-0.224063,4.270565,2.208876
As_num,M2_Core_Salinity,HuberRegressor,RAW,7,-0.210109,1.879451,1.643304
As_num,M2_Core_Salinity,HuberRegressor,RAW,8,-0.297937,5.361114,2.659008
As_num,M2_Core_Salinity,HuberRegressor,RAW,9,-0.194688,1.390581,0.930817
As_num,M2_Core_Salinity,HuberRegressor,RAW,10,-0.32586,13.829583,7.474663
As_num,M2_Core_Salinity,HuberRegressor,RAW,11,-0.444719,1.308064,1.041765
As_num,M2_Core_Salinity,HuberRegressor,RAW,12,-0.43438,6.819244,4.106718
As_num,M2_Core_Salinity,HuberRegressor,RAW,13,-0.104776,9.695082,4.297111
As_num,M2_Core_Salinity,HuberRegressor,RAW,14,-0.274603,10.120499,4.343041
As_num,M2_Core_Salinity,HuberRegressor,RAW,15,-0.076078,1.261964,0.940736
As_num,M2_Core_Salinity,HuberRegressor,RAW,16,-0.382212,2.057734,1.362275
As_num,M2_Core_Salinity,HuberRegressor,RAW,17,-11.387138,2.030894,1.72254
As_num,M2_Core_Salinity,HuberRegressor,RAW,18,-0.147912,9.886518,4.344517
As_num,M2_Core_Salinity,HuberRegressor,RAW,19,-0.30761,10.546914,5.191235
As_num,M2_Core_Salinity,HuberRegressor,RAW,20,-0.155008,5.262456,2.432815
As_num,M2_Core_Salinity,HuberRegressor,RAW,21,-0.078717,1.344803,1.06298
As_num,M2_Core_Salinity,HuberRegressor,RAW,22,-0.138827,5.248777,2.579803
As_num,M2_Core_Salinity,HuberRegressor,RAW,23,-0.248678,10.079697,4.414477
As_num,M2_Core_Salinity,HuberRegressor,RAW,24,-0.470809,4.607269,2.753422
As_num,M2_Core_Salinity,HuberRegressor,RAW,25,-0.083546,9.634101,4.086194
As_num,M2_Core_Salinity,SVR_RBF,LOG1P,1,-0.77024,0.371887,0.302359
As_num,M2_Core_Salinity,SVR_RBF,LOG1P,2,-0.300624,11.01588,5.759616
As_num,M2_Core_Salinity,SVR_RBF,LOG1P,3,-0.200898,4.239047,1.977718
As_num,M2_Core_Salinity,SVR_RBF,LOG1P,4,-0.25429,1.954055,1.162932
As_num,M2_Core_Salinity,SVR_RBF,LOG1P,5,-0.206423,10.036294,4.193345
As_num,M2_Core_Salinity,SVR_RBF,LOG1P,6,-0.129662,4.102586,1.830868
As_num,M2_Core_Salinity,SVR_RBF,LOG1P,7,0.138763,1.58555,1.022456
As_num,M2_Core_Salinity,SVR_RBF,LOG1P,8,-0.29138,5.347556,2.561337
As_num,M2_Core_Salinity,SVR_RBF,LOG1P,9,0.200768,1.137379,0.742883
As_num,M2_Core_Salinity,SVR_RBF,LOG1P,10,-0.336743,13.886225,7.191267
As_num,M2_Core_Salinity,SVR_RBF,LOG1P,11,-0.182081,1.183208,0.757528
As_num,M2_Core_Salinity,SVR_RBF,LOG1P,12,-0.477173,6.92022,4.087119
As_num,M2_Core_Salinity,SVR_RBF,LOG1P,13,-0.143904,9.865274,4.018871
As_num,M2_Core_Salinity,SVR_RBF,LOG1P,14,-0.158959,9.650472,3.769584
As_num,M2_Core_Salinity,SVR_RBF,LOG1P,15,0.424523,0.922867,0.598274
As_num,M2_Core_Salinity,SVR_RBF,LOG1P,16,-0.265948,1.96929,1.243021
As_num,M2_Core_Salinity,SVR_RBF,LOG1P,17,-4.832497,1.393571,1.138368
As_num,M2_Core_Salinity,SVR_RBF,LOG1P,18,-0.177629,10.013674,4.081594
As_num,M2_Core_Salinity,SVR_RBF,LOG1P,19,-0.294497,10.493897,4.978062
As_num,M2_Core_Salinity,SVR_RBF,LOG1P,20,-0.118859,5.17945,2.272748
As_num,M2_Core_Salinity,SVR_RBF,LOG1P,21,0.169473,1.179999,0.756775
As_num,M2_Core_Salinity,SVR_RBF,LOG1P,22,-0.115198,5.194037,2.068598
As_num,M2_Core_Salinity,SVR_RBF,LOG1P,23,-0.166171,9.740992,3.998132
As_num,M2_Core_Salinity,SVR_RBF,LOG1P,24,-0.425827,4.53627,2.617921
As_num,M2_Core_Salinity,SVR_RBF,LOG1P,25,-0.171713,10.018395,4.072187
As_num,M2_Core_Salinity,SVR_RBF,RAW,1,-0.995027,0.394793,0.35107
As_num,M2_Core_Salinity,SVR_RBF,RAW,2,-0.298756,11.007969,5.641367
As_num,M2_Core_Salinity,SVR_RBF,RAW,3,-0.194316,4.227414,2.003727
As_num,M2_Core_Salinity,SVR_RBF,RAW,4,-0.146013,1.86781,1.161545
As_num,M2_Core_Salinity,SVR_RBF,RAW,5,-0.215114,10.072382,4.304264
As_num,M2_Core_Salinity,SVR_RBF,RAW,6,-0.150905,4.140981,1.836786
As_num,M2_Core_Salinity,SVR_RBF,RAW,7,0.171235,1.555373,1.003442
As_num,M2_Core_Salinity,SVR_RBF,RAW,8,-0.300386,5.366169,2.586477
As_num,M2_Core_Salinity,SVR_RBF,RAW,9,0.090797,1.213108,0.79196
As_num,M2_Core_Salinity,SVR_RBF,RAW,10,-0.327935,13.840398,7.202355
As_num,M2_Core_Salinity,SVR_RBF,RAW,11,-0.236698,1.210234,0.78806
As_num,M2_Core_Salinity,SVR_RBF,RAW,12,-0.46379,6.888799,4.072153
As_num,M2_Core_Salinity,SVR_RBF,RAW,13,-0.153159,9.905103,3.985772
As_num,M2_Core_Salinity,SVR_RBF,RAW,14,-0.165842,9.679086,3.815912
As_num,M2_Core_Salinity,SVR_RBF,RAW,15,0.260347,1.046258,0.6426
As_num,M2_Core_Salinity,SVR_RBF,RAW,16,-0.254672,1.9605,1.260465
As_num,M2_Core_Salinity,SVR_RBF,RAW,17,-2.107379,1.017182,0.932415
As_num,M2_Core_Salinity,SVR_RBF,RAW,18,-0.178981,10.019419,4.190835
As_num,M2_Core_Salinity,SVR_RBF,RAW,19,-0.291603,10.482159,5.011825
As_num,M2_Core_Salinity,SVR_RBF,RAW,20,-0.13136,5.208305,2.257972
As_num,M2_Core_Salinity,SVR_RBF,RAW,21,0.098712,1.22924,0.812547
As_num,M2_Core_Salinity,SVR_RBF,RAW,22,-0.119855,5.204871,2.105696
As_num,M2_Core_Salinity,SVR_RBF,RAW,23,-0.153096,9.686232,3.857018
As_num,M2_Core_Salinity,SVR_RBF,RAW,24,-0.440876,4.560147,2.629884
As_num,M2_Core_Salinity,SVR_RBF,RAW,25,-0.164102,9.985804,3.994653
As_num,M3_Core_IonRatios,Ridge,LOG1P,1,-28.08821,1.507487,1.444388
As_num,M3_Core_IonRatios,Ridge,LOG1P,2,-0.264827,10.863228,6.11492
As_num,M3_Core_IonRatios,Ridge,LOG1P,3,-0.011904,3.891211,2.184693
As_num,M3_Core_IonRatios,Ridge,LOG1P,4,0.158974,1.600084,1.275232
As_num,M3_Core_IonRatios,Ridge,LOG1P,5,-0.141507,9.762543,5.033464
As_num,M3_Core_IonRatios,Ridge,LOG1P,6,-0.291554,4.386718,3.256375
As_num,M3_Core_IonRatios,Ridge,LOG1P,7,-0.237784,1.900821,1.66417
As_num,M3_Core_IonRatios,Ridge,LOG1P,8,-0.078914,4.887893,2.406546
As_num,M3_Core_IonRatios,Ridge,LOG1P,9,-0.459716,1.537103,1.178438
As_num,M3_Core_IonRatios,Ridge,LOG1P,10,-0.269194,13.530824,7.195554
As_num,M3_Core_IonRatios,Ridge,LOG1P,11,-1.068525,1.565193,1.337932
As_num,M3_Core_IonRatios,Ridge,LOG1P,12,-0.286427,6.45798,4.124427
As_num,M3_Core_IonRatios,Ridge,LOG1P,13,-0.038151,9.3982,4.538981
As_num,M3_Core_IonRatios,Ridge,LOG1P,14,-0.154014,9.629862,4.116411
As_num,M3_Core_IonRatios,Ridge,LOG1P,15,-1.012131,1.725652,1.512274
As_num,M3_Core_IonRatios,Ridge,LOG1P,16,0.141979,1.621253,1.209116
As_num,M3_Core_IonRatios,Ridge,LOG1P,17,-18.810966,2.568352,2.309048
As_num,M3_Core_IonRatios,Ridge,LOG1P,18,-0.10119,9.683231,4.5319
As_num,M3_Core_IonRatios,Ridge,LOG1P,19,-0.197518,10.093162,5.217654
As_num,M3_Core_IonRatios,Ridge,LOG1P,20,-0.02526,4.958074,2.600886
As_num,M3_Core_IonRatios,Ridge,LOG1P,21,-0.448231,1.558202,1.271513
As_num,M3_Core_IonRatios,Ridge,LOG1P,22,0.005211,4.905629,2.65439
As_num,M3_Core_IonRatios,Ridge,LOG1P,23,-0.107137,9.491235,4.174743
As_num,M3_Core_IonRatios,Ridge,LOG1P,24,-0.206404,4.17265,2.93506
As_num,M3_Core_IonRatios,Ridge,LOG1P,25,-0.073363,9.588722,4.183834
As_num,M3_Core_IonRatios,Ridge,RAW,1,-299.81572,4.847807,4.555289
As_num,M3_Core_IonRatios,Ridge,RAW,2,-0.34649,11.208434,8.007861
As_num,M3_Core_IonRatios,Ridge,RAW,3,-0.375954,4.537505,4.025979
As_num,M3_Core_IonRatios,Ridge,RAW,4,-2.073791,3.058969,2.282553
As_num,M3_Core_IonRatios,Ridge,RAW,5,-0.17212,9.892584,6.44452
As_num,M3_Core_IonRatios,Ridge,RAW,6,-2.022009,6.710136,6.263929
As_num,M3_Core_IonRatios,Ridge,RAW,7,-6.768745,4.762053,4.03919
As_num,M3_Core_IonRatios,Ridge,RAW,8,0.00077,4.703932,3.420272
As_num,M3_Core_IonRatios,Ridge,RAW,9,-29.350913,7.00898,4.886472
As_num,M3_Core_IonRatios,Ridge,RAW,10,-0.188329,13.092682,7.346115
As_num,M3_Core_IonRatios,Ridge,RAW,11,-13.919388,4.203518,3.557211
As_num,M3_Core_IonRatios,Ridge,RAW,12,-0.264804,6.403477,5.304495
As_num,M3_Core_IonRatios,Ridge,RAW,13,-0.723779,12.110309,9.303851
As_num,M3_Core_IonRatios,Ridge,RAW,14,-0.046252,9.169223,4.877266
As_num,M3_Core_IonRatios,Ridge,RAW,15,-10.333388,4.095482,3.708808
As_num,M3_Core_IonRatios,Ridge,RAW,16,-0.796681,2.34605,2.052141
As_num,M3_Core_IonRatios,Ridge,RAW,17,-68.730155,4.818502,4.219451
As_num,M3_Core_IonRatios,Ridge,RAW,18,-0.07944,9.587123,5.840286
As_num,M3_Core_IonRatios,Ridge,RAW,19,-0.393627,10.888287,7.83031
As_num,M3_Core_IonRatios,Ridge,RAW,20,-0.46334,5.923365,4.602483
As_num,M3_Core_IonRatios,Ridge,RAW,21,-7.71192,3.821745,3.287464
As_num,M3_Core_IonRatios,Ridge,RAW,22,-0.348782,5.712157,4.719295
As_num,M3_Core_IonRatios,Ridge,RAW,23,-0.075122,9.353,5.488531
As_num,M3_Core_IonRatios,Ridge,RAW,24,-4.668492,9.044807,7.446814
As_num,M3_Core_IonRatios,Ridge,RAW,25,-0.03679,9.423946,5.177778
As_num,M3_Core_IonRatios,Lasso,LOG1P,1,-16.744611,1.177411,1.150669
As_num,M3_Core_IonRatios,Lasso,LOG1P,2,-0.209752,10.624084,5.545329
As_num,M3_Core_IonRatios,Lasso,LOG1P,3,-0.017888,3.902699,2.101402
As_num,M3_Core_IonRatios,Lasso,LOG1P,4,0.058339,1.69311,1.257335
As_num,M3_Core_IonRatios,Lasso,LOG1P,5,-0.146341,9.783193,4.669399
As_num,M3_Core_IonRatios,Lasso,LOG1P,6,-0.032867,3.922887,2.376223
As_num,M3_Core_IonRatios,Lasso,LOG1P,7,0.094796,1.625518,1.368196
As_num,M3_Core_IonRatios,Lasso,LOG1P,8,-0.135318,5.014032,2.344975
As_num,M3_Core_IonRatios,Lasso,LOG1P,9,-0.06902,1.315412,1.04024
As_num,M3_Core_IonRatios,Lasso,LOG1P,10,-0.270291,13.536669,7.142856
As_num,M3_Core_IonRatios,Lasso,LOG1P,11,-0.244085,1.213843,1.047551
As_num,M3_Core_IonRatios,Lasso,LOG1P,12,-0.348458,6.611849,4.093587
As_num,M3_Core_IonRatios,Lasso,LOG1P,13,-0.04731,9.439565,4.163747
As_num,M3_Core_IonRatios,Lasso,LOG1P,14,-0.090532,9.361248,3.877029
As_num,M3_Core_IonRatios,Lasso,LOG1P,15,-0.459721,1.469806,1.329765
As_num,M3_Core_IonRatios,Lasso,LOG1P,16,0.122445,1.639603,1.144936
As_num,M3_Core_IonRatios,Lasso,LOG1P,17,-7.023685,1.634514,1.564171
As_num,M3_Core_IonRatios,Lasso,LOG1P,18,-0.116253,9.749234,4.366155
As_num,M3_Core_IonRatios,Lasso,LOG1P,19,-0.207531,10.135272,5.064315
As_num,M3_Core_IonRatios,Lasso,LOG1P,20,-0.039138,4.991518,2.365007
As_num,M3_Core_IonRatios,Lasso,LOG1P,21,-0.167024,1.398765,1.245144
As_num,M3_Core_IonRatios,Lasso,LOG1P,22,-0.025231,4.980121,2.40344
As_num,M3_Core_IonRatios,Lasso,LOG1P,23,-0.074835,9.351751,4.013932
As_num,M3_Core_IonRatios,Lasso,LOG1P,24,-0.16616,4.102462,2.537135
As_num,M3_Core_IonRatios,Lasso,LOG1P,25,-0.086036,9.645162,4.068064
As_num,M3_Core_IonRatios,Lasso,RAW,1,-274.856026,4.642333,4.436657
As_num,M3_Core_IonRatios,Lasso,RAW,2,-0.314491,11.07445,7.917338
As_num,M3_Core_IonRatios,Lasso,RAW,3,-0.301507,4.413045,3.86162
As_num,M3_Core_IonRatios,Lasso,RAW,4,-1.939928,2.991619,2.209166
As_num,M3_Core_IonRatios,Lasso,RAW,5,-0.125694,9.694687,6.351673
As_num,M3_Core_IonRatios,Lasso,RAW,6,-1.821936,6.48421,6.09175
As_num,M3_Core_IonRatios,Lasso,RAW,7,-6.319788,4.622406,3.881113
As_num,M3_Core_IonRatios,Lasso,RAW,8,0.022436,4.652655,3.285202
As_num,M3_Core_IonRatios,Lasso,RAW,9,-24.377036,6.408987,4.623108
As_num,M3_Core_IonRatios,Lasso,RAW,10,-0.176589,13.027843,7.262439
As_num,M3_Core_IonRatios,Lasso,RAW,11,-13.37641,4.126318,3.440816
As_num,M3_Core_IonRatios,Lasso,RAW,12,-0.260129,6.391631,5.27028
As_num,M3_Core_IonRatios,Lasso,RAW,13,-0.57869,11.589452,8.954133
As_num,M3_Core_IonRatios,Lasso,RAW,14,0.000873,8.960347,4.685078
As_num,M3_Core_IonRatios,Lasso,RAW,15,-9.88348,4.013368,3.603442
As_num,M3_Core_IonRatios,Lasso,RAW,16,-0.680166,2.268704,1.93763
As_num,M3_Core_IonRatios,Lasso,RAW,17,-63.940383,4.650066,4.059716
As_num,M3_Core_IonRatios,Lasso,RAW,18,-0.060768,9.503847,5.783913
As_num,M3_Core_IonRatios,Lasso,RAW,19,-0.383532,10.848778,7.849173
As_num,M3_Core_IonRatios,Lasso,RAW,20,-0.366988,5.725037,4.385059
As_num,M3_Core_IonRatios,Lasso,RAW,21,-7.476209,3.76969,3.223523
As_num,M3_Core_IonRatios,Lasso,RAW,22,-0.323613,5.658608,4.682577
As_num,M3_Core_IonRatios,Lasso,RAW,23,-0.01648,9.094348,5.494599
As_num,M3_Core_IonRatios,Lasso,RAW,24,-3.968112,8.467616,7.041513
As_num,M3_Core_IonRatios,Lasso,RAW,25,-0.018542,9.340647,5.053712
As_num,M3_Core_IonRatios,HuberRegressor,LOG1P,1,-3.309041,0.58021,0.519704
As_num,M3_Core_IonRatios,HuberRegressor,LOG1P,2,-0.36093,11.268374,6.296185
As_num,M3_Core_IonRatios,HuberRegressor,LOG1P,3,-0.202305,4.241529,2.422824
As_num,M3_Core_IonRatios,HuberRegressor,LOG1P,4,-0.324534,2.008026,1.363227
As_num,M3_Core_IonRatios,HuberRegressor,LOG1P,5,-0.1882,9.960207,4.588567
As_num,M3_Core_IonRatios,HuberRegressor,LOG1P,6,-0.117511,4.080462,2.211483
As_num,M3_Core_IonRatios,HuberRegressor,LOG1P,7,0.19393,1.533928,1.179197
As_num,M3_Core_IonRatios,HuberRegressor,LOG1P,8,-0.29905,5.363413,2.647253
As_num,M3_Core_IonRatios,HuberRegressor,LOG1P,9,-0.019065,1.28431,0.840335
As_num,M3_Core_IonRatios,HuberRegressor,LOG1P,10,-0.323383,13.816658,7.651489
As_num,M3_Core_IonRatios,HuberRegressor,LOG1P,11,-2.752206,2.108049,1.502414
As_num,M3_Core_IonRatios,HuberRegressor,LOG1P,12,-0.411526,6.764702,4.045974
As_num,M3_Core_IonRatios,HuberRegressor,LOG1P,13,-0.030563,9.363793,4.38126
As_num,M3_Core_IonRatios,HuberRegressor,LOG1P,14,-0.235987,9.966013,4.282434
As_num,M3_Core_IonRatios,HuberRegressor,LOG1P,15,-0.014892,1.225561,0.93168
As_num,M3_Core_IonRatios,HuberRegressor,LOG1P,16,-0.326966,2.016191,1.28604
As_num,M3_Core_IonRatios,HuberRegressor,LOG1P,17,-17.572325,2.486766,1.949409
As_num,M3_Core_IonRatios,HuberRegressor,LOG1P,18,-0.119397,9.762954,4.253768
As_num,M3_Core_IonRatios,HuberRegressor,LOG1P,19,-0.305849,10.539807,5.133743
As_num,M3_Core_IonRatios,HuberRegressor,LOG1P,20,-0.110164,5.159285,2.195967
As_num,M3_Core_IonRatios,HuberRegressor,LOG1P,21,-0.324374,1.490082,1.144489
As_num,M3_Core_IonRatios,HuberRegressor,LOG1P,22,-0.091032,5.137452,2.29831
As_num,M3_Core_IonRatios,HuberRegressor,LOG1P,23,-0.216612,9.94943,4.276298
As_num,M3_Core_IonRatios,HuberRegressor,LOG1P,24,-0.429947,4.542819,2.823589
As_num,M3_Core_IonRatios,HuberRegressor,LOG1P,25,-0.057748,9.518718,4.146013
As_num,M3_Core_IonRatios,HuberRegressor,RAW,1,-5.10039,0.690357,0.629175
As_num,M3_Core_IonRatios,HuberRegressor,RAW,2,-0.354983,11.243727,6.109367
As_num,M3_Core_IonRatios,HuberRegressor,RAW,3,-0.254743,4.333038,2.691648
As_num,M3_Core_IonRatios,HuberRegressor,RAW,4,-0.253589,1.953509,1.322568
As_num,M3_Core_IonRatios,HuberRegressor,RAW,5,-0.185179,9.947539,4.563518
As_num,M3_Core_IonRatios,HuberRegressor,RAW,6,-0.13121,4.105396,2.239224
As_num,M3_Core_IonRatios,HuberRegressor,RAW,7,0.188997,1.538616,1.262182
As_num,M3_Core_IonRatios,HuberRegressor,RAW,8,-0.287374,5.339254,2.603992
As_num,M3_Core_IonRatios,HuberRegressor,RAW,9,-0.09856,1.333463,0.937376
As_num,M3_Core_IonRatios,HuberRegressor,RAW,10,-0.327371,13.837458,7.580809
As_num,M3_Core_IonRatios,HuberRegressor,RAW,11,-1.09232,1.574169,1.199199
As_num,M3_Core_IonRatios,HuberRegressor,RAW,12,-0.408959,6.758547,4.054367
As_num,M3_Core_IonRatios,HuberRegressor,RAW,13,-0.0601,9.497029,4.67582
As_num,M3_Core_IonRatios,HuberRegressor,RAW,14,-0.235039,9.962188,4.092188
As_num,M3_Core_IonRatios,HuberRegressor,RAW,15,0.000341,1.216329,0.977756
As_num,M3_Core_IonRatios,HuberRegressor,RAW,16,-0.320867,2.011552,1.346965
As_num,M3_Core_IonRatios,HuberRegressor,RAW,17,-14.416688,2.265673,1.976127
As_num,M3_Core_IonRatios,HuberRegressor,RAW,18,-0.12289,9.778172,4.241059
As_num,M3_Core_IonRatios,HuberRegressor,RAW,19,-0.308424,10.550195,5.174769
As_num,M3_Core_IonRatios,HuberRegressor,RAW,20,-0.112837,5.165493,2.226199
As_num,M3_Core_IonRatios,HuberRegressor,RAW,21,-0.157621,1.393118,1.096407
As_num,M3_Core_IonRatios,HuberRegressor,RAW,22,-0.0833,5.119216,2.367729
As_num,M3_Core_IonRatios,HuberRegressor,RAW,23,-0.231684,10.01087,4.233808
As_num,M3_Core_IonRatios,HuberRegressor,RAW,24,-0.417469,4.522955,2.865111
As_num,M3_Core_IonRatios,HuberRegressor,RAW,25,-0.061595,9.536013,4.167612
As_num,M3_Core_IonRatios,SVR_RBF,LOG1P,1,-3.625653,0.601148,0.575163
As_num,M3_Core_IonRatios,SVR_RBF,LOG1P,2,-0.313657,11.070934,5.916025
As_num,M3_Core_IonRatios,SVR_RBF,LOG1P,3,-0.187778,4.215827,1.986595
As_num,M3_Core_IonRatios,SVR_RBF,LOG1P,4,-0.292471,1.983574,1.222499
As_num,M3_Core_IonRatios,SVR_RBF,LOG1P,5,-0.206194,10.035344,4.568701
As_num,M3_Core_IonRatios,SVR_RBF,LOG1P,6,-0.16093,4.158976,2.077011
As_num,M3_Core_IonRatios,SVR_RBF,LOG1P,7,0.181931,1.545304,0.907329
As_num,M3_Core_IonRatios,SVR_RBF,LOG1P,8,-0.280803,5.32561,2.532162
As_num,M3_Core_IonRatios,SVR_RBF,LOG1P,9,-0.063417,1.31196,0.836623
As_num,M3_Core_IonRatios,SVR_RBF,LOG1P,10,-0.334187,13.872942,7.201969
As_num,M3_Core_IonRatios,SVR_RBF,LOG1P,11,-0.141481,1.162711,0.794322
As_num,M3_Core_IonRatios,SVR_RBF,LOG1P,12,-0.475632,6.916608,4.129073
As_num,M3_Core_IonRatios,SVR_RBF,LOG1P,13,-0.115581,9.742379,4.130315
As_num,M3_Core_IonRatios,SVR_RBF,LOG1P,14,-0.184146,9.75477,3.748155
As_num,M3_Core_IonRatios,SVR_RBF,LOG1P,15,0.132007,1.1334,0.678578
As_num,M3_Core_IonRatios,SVR_RBF,LOG1P,16,-0.27275,1.974574,1.191781
As_num,M3_Core_IonRatios,SVR_RBF,LOG1P,17,-5.914668,1.517356,1.316595
As_num,M3_Core_IonRatios,SVR_RBF,LOG1P,18,-0.174512,10.000413,4.25321
As_num,M3_Core_IonRatios,SVR_RBF,LOG1P,19,-0.279733,10.433881,5.131574
As_num,M3_Core_IonRatios,SVR_RBF,LOG1P,20,-0.114002,5.168194,2.165881
As_num,M3_Core_IonRatios,SVR_RBF,LOG1P,21,-0.001236,1.295607,0.883122
As_num,M3_Core_IonRatios,SVR_RBF,LOG1P,22,-0.097433,5.152502,2.118125
As_num,M3_Core_IonRatios,SVR_RBF,LOG1P,23,-0.184262,9.81626,3.999861
As_num,M3_Core_IonRatios,SVR_RBF,LOG1P,24,-0.396122,4.488768,2.716947
As_num,M3_Core_IonRatios,SVR_RBF,LOG1P,25,-0.151115,9.929943,4.035727
As_num,M3_Core_IonRatios,SVR_RBF,RAW,1,-1.938297,0.479118,0.452513
As_num,M3_Core_IonRatios,SVR_RBF,RAW,2,-0.308553,11.04941,5.735381
As_num,M3_Core_IonRatios,SVR_RBF,RAW,3,-0.198669,4.23511,2.03529
As_num,M3_Core_IonRatios,SVR_RBF,RAW,4,-0.152999,1.873495,1.191176
As_num,M3_Core_IonRatios,SVR_RBF,RAW,5,-0.202119,10.018375,4.490444
As_num,M3_Core_IonRatios,SVR_RBF,RAW,6,-0.154351,4.147175,1.951429
As_num,M3_Core_IonRatios,SVR_RBF,RAW,7,0.22006,1.508861,0.942919
As_num,M3_Core_IonRatios,SVR_RBF,RAW,8,-0.282354,5.328834,2.581164
As_num,M3_Core_IonRatios,SVR_RBF,RAW,9,-0.158767,1.369516,0.854384
As_num,M3_Core_IonRatios,SVR_RBF,RAW,10,-0.329431,13.848192,7.22607
As_num,M3_Core_IonRatios,SVR_RBF,RAW,11,-0.178095,1.181211,0.801271
As_num,M3_Core_IonRatios,SVR_RBF,RAW,12,-0.45193,6.860835,4.123012
As_num,M3_Core_IonRatios,SVR_RBF,RAW,13,-0.124688,9.782063,4.067961
As_num,M3_Core_IonRatios,SVR_RBF,RAW,14,-0.182258,9.74699,3.815716
As_num,M3_Core_IonRatios,SVR_RBF,RAW,15,0.109886,1.147752,0.696918
As_num,M3_Core_IonRatios,SVR_RBF,RAW,16,-0.304451,1.999013,1.216639
As_num,M3_Core_IonRatios,SVR_RBF,RAW,17,-2.331791,1.053272,0.988365
As_num,M3_Core_IonRatios,SVR_RBF,RAW,18,-0.171185,9.986239,4.223923
As_num,M3_Core_IonRatios,SVR_RBF,RAW,19,-0.277495,10.424753,5.106563
As_num,M3_Core_IonRatios,SVR_RBF,RAW,20,-0.126835,5.197879,2.150861
As_num,M3_Core_IonRatios,SVR_RBF,RAW,21,-0.043685,1.322786,0.927113
As_num,M3_Core_IonRatios,SVR_RBF,RAW,22,-0.116073,5.196075,2.154731
As_num,M3_Core_IonRatios,SVR_RBF,RAW,23,-0.16791,9.748255,3.866467
As_num,M3_Core_IonRatios,SVR_RBF,RAW,24,-0.390673,4.48,2.643996
As_num,M3_Core_IonRatios,SVR_RBF,RAW,25,-0.13889,9.877075,3.97466
As_num,M4_Core_IonExchange,Ridge,LOG1P,1,-17.298047,1.195632,1.129001
As_num,M4_Core_IonExchange,Ridge,LOG1P,2,-0.260261,10.843604,5.966445
As_num,M4_Core_IonExchange,Ridge,LOG1P,3,-0.031366,3.928453,2.207301
As_num,M4_Core_IonExchange,Ridge,LOG1P,4,0.288575,1.471643,1.182927
As_num,M4_Core_IonExchange,Ridge,LOG1P,5,-0.10488,9.604643,4.690902
As_num,M4_Core_IonExchange,Ridge,LOG1P,6,-0.170146,4.175452,2.837319
As_num,M4_Core_IonExchange,Ridge,LOG1P,7,-0.357337,1.990502,1.519968
As_num,M4_Core_IonExchange,Ridge,LOG1P,8,-0.129642,5.001482,2.407092
As_num,M4_Core_IonExchange,Ridge,LOG1P,9,-0.049539,1.303371,1.018201
As_num,M4_Core_IonExchange,Ridge,LOG1P,10,-0.265487,13.511047,7.188426
As_num,M4_Core_IonExchange,Ridge,LOG1P,11,-1.217256,1.620486,1.36743
As_num,M4_Core_IonExchange,Ridge,LOG1P,12,-0.312418,6.522892,4.073964
As_num,M4_Core_IonExchange,Ridge,LOG1P,13,-0.038772,9.401009,4.218541
As_num,M4_Core_IonExchange,Ridge,LOG1P,14,-0.184604,9.756657,4.577891
As_num,M4_Core_IonExchange,Ridge,LOG1P,15,-0.933691,1.691682,1.530021
As_num,M4_Core_IonExchange,Ridge,LOG1P,16,0.298418,1.466024,1.093682
As_num,M4_Core_IonExchange,Ridge,LOG1P,17,-25.073575,2.94647,2.501525
As_num,M4_Core_IonExchange,Ridge,LOG1P,18,-0.086526,9.618542,4.661256
As_num,M4_Core_IonExchange,Ridge,LOG1P,19,-0.214209,10.163259,5.047135
As_num,M4_Core_IonExchange,Ridge,LOG1P,20,-0.032163,4.974737,2.556191
As_num,M4_Core_IonExchange,Ridge,LOG1P,21,-0.395157,1.529383,1.267204
As_num,M4_Core_IonExchange,Ridge,LOG1P,22,-0.027177,4.984847,2.669493
As_num,M4_Core_IonExchange,Ridge,LOG1P,23,-0.083654,9.390038,4.265191
As_num,M4_Core_IonExchange,Ridge,LOG1P,24,-0.215352,4.188096,2.63171
As_num,M4_Core_IonExchange,Ridge,LOG1P,25,-0.065732,9.554576,4.098888
As_num,M4_Core_IonExchange,Ridge,RAW,1,-196.169192,3.924773,3.735944
As_num,M4_Core_IonExchange,Ridge,RAW,2,-0.184526,10.512732,7.189714
As_num,M4_Core_IonExchange,Ridge,RAW,3,-0.50575,4.746698,4.02708
As_num,M4_Core_IonExchange,Ridge,RAW,4,-1.666466,2.849088,2.256219
As_num,M4_Core_IonExchange,Ridge,RAW,5,-0.034144,9.292107,5.910005
As_num,M4_Core_IonExchange,Ridge,RAW,6,-1.587613,6.209164,5.819129
As_num,M4_Core_IonExchange,Ridge,RAW,7,-8.204523,5.183456,4.202111
As_num,M4_Core_IonExchange,Ridge,RAW,8,0.004433,4.695301,3.051076
As_num,M4_Core_IonExchange,Ridge,RAW,9,-5.9723,3.359363,3.013763
As_num,M4_Core_IonExchange,Ridge,RAW,10,-0.174071,13.013899,7.488262
As_num,M4_Core_IonExchange,Ridge,RAW,11,-12.547616,4.005612,3.202196
As_num,M4_Core_IonExchange,Ridge,RAW,12,-0.276283,6.432467,5.317384
As_num,M4_Core_IonExchange,Ridge,RAW,13,-0.102104,9.683351,6.241699
As_num,M4_Core_IonExchange,Ridge,RAW,14,-0.041901,9.150141,4.818454
As_num,M4_Core_IonExchange,Ridge,RAW,15,-13.303956,4.60101,4.260015
As_num,M4_Core_IonExchange,Ridge,RAW,16,-0.810813,2.355259,1.954864
As_num,M4_Core_IonExchange,Ridge,RAW,17,-77.686041,5.118593,4.432046
As_num,M4_Core_IonExchange,Ridge,RAW,18,-0.062272,9.51058,6.346382
As_num,M4_Core_IonExchange,Ridge,RAW,19,-0.069206,9.537111,5.981103
As_num,M4_Core_IonExchange,Ridge,RAW,20,-0.631189,6.253859,5.196506
As_num,M4_Core_IonExchange,Ridge,RAW,21,-10.215102,4.336171,3.939984
As_num,M4_Core_IonExchange,Ridge,RAW,22,-0.293278,5.59339,4.544848
As_num,M4_Core_IonExchange,Ridge,RAW,23,-0.016552,9.094671,5.636159
As_num,M4_Core_IonExchange,Ridge,RAW,24,-1.634321,6.165948,5.213138
As_num,M4_Core_IonExchange,Ridge,RAW,25,0.015437,9.18352,4.599642
As_num,M4_Core_IonExchange,Lasso,LOG1P,1,-12.529029,1.028083,0.98869
As_num,M4_Core_IonExchange,Lasso,LOG1P,2,-0.211433,10.631462,5.502357
As_num,M4_Core_IonExchange,Lasso,LOG1P,3,-0.026146,3.918498,2.101084
As_num,M4_Core_IonExchange,Lasso,LOG1P,4,0.240729,1.520325,1.165718
As_num,M4_Core_IonExchange,Lasso,LOG1P,5,-0.120508,9.672332,4.391881
As_num,M4_Core_IonExchange,Lasso,LOG1P,6,-0.061763,3.977381,2.211223
As_num,M4_Core_IonExchange,Lasso,LOG1P,7,0.203071,1.525206,1.300806
As_num,M4_Core_IonExchange,Lasso,LOG1P,8,-0.153323,5.053633,2.353921
As_num,M4_Core_IonExchange,Lasso,LOG1P,9,0.067481,1.228564,0.981562
As_num,M4_Core_IonExchange,Lasso,LOG1P,10,-0.273922,13.556004,7.169638
As_num,M4_Core_IonExchange,Lasso,LOG1P,11,-0.129604,1.156646,0.992489
As_num,M4_Core_IonExchange,Lasso,LOG1P,12,-0.336357,6.582114,4.053598
As_num,M4_Core_IonExchange,Lasso,LOG1P,13,-0.061758,9.504453,4.042937
As_num,M4_Core_IonExchange,Lasso,LOG1P,14,-0.077511,9.305193,3.769832
As_num,M4_Core_IonExchange,Lasso,LOG1P,15,-0.267303,1.36951,1.201182
As_num,M4_Core_IonExchange,Lasso,LOG1P,16,0.271737,1.49364,1.104944
As_num,M4_Core_IonExchange,Lasso,LOG1P,17,-8.855673,1.811527,1.602998
As_num,M4_Core_IonExchange,Lasso,LOG1P,18,-0.092017,9.642813,4.340063
As_num,M4_Core_IonExchange,Lasso,LOG1P,19,-0.211774,10.153063,4.963351
As_num,M4_Core_IonExchange,Lasso,LOG1P,20,-0.042793,5.000289,2.306735
As_num,M4_Core_IonExchange,Lasso,LOG1P,21,-0.167393,1.398986,1.222893
As_num,M4_Core_IonExchange,Lasso,LOG1P,22,-0.019865,4.967073,2.40235
As_num,M4_Core_IonExchange,Lasso,LOG1P,23,-0.056534,9.271796,4.079884
As_num,M4_Core_IonExchange,Lasso,LOG1P,24,-0.231482,4.215796,2.434634
As_num,M4_Core_IonExchange,Lasso,LOG1P,25,-0.085441,9.642519,4.034853
As_num,M4_Core_IonExchange,Lasso,RAW,1,-183.052263,3.791976,3.615203
As_num,M4_Core_IonExchange,Lasso,RAW,2,-0.145864,10.339747,7.047525
As_num,M4_Core_IonExchange,Lasso,RAW,3,-0.359363,4.510066,3.693812
As_num,M4_Core_IonExchange,Lasso,RAW,4,-1.425108,2.717086,2.172565
As_num,M4_Core_IonExchange,Lasso,RAW,5,-0.027437,9.261923,5.877898
As_num,M4_Core_IonExchange,Lasso,RAW,6,-1.448322,6.039733,5.677661
As_num,M4_Core_IonExchange,Lasso,RAW,7,-7.951912,5.111833,4.1626
As_num,M4_Core_IonExchange,Lasso,RAW,8,0.038573,4.614094,2.897321
As_num,M4_Core_IonExchange,Lasso,RAW,9,-5.642007,3.278828,2.977774
As_num,M4_Core_IonExchange,Lasso,RAW,10,-0.170839,12.995974,7.387066
As_num,M4_Core_IonExchange,Lasso,RAW,11,-11.647049,3.870188,3.146637
As_num,M4_Core_IonExchange,Lasso,RAW,12,-0.262813,6.398435,5.264841
As_num,M4_Core_IonExchange,Lasso,RAW,13,-0.06282,9.509206,5.969974
As_num,M4_Core_IonExchange,Lasso,RAW,14,-0.005243,8.987728,4.643616
As_num,M4_Core_IonExchange,Lasso,RAW,15,-13.142208,4.574922,4.245199
As_num,M4_Core_IonExchange,Lasso,RAW,16,-0.818987,2.360568,2.046095
As_num,M4_Core_IonExchange,Lasso,RAW,17,-72.100602,4.93358,4.300105
As_num,M4_Core_IonExchange,Lasso,RAW,18,-0.045664,9.43594,6.189638
As_num,M4_Core_IonExchange,Lasso,RAW,19,-0.060863,9.499831,5.960083
As_num,M4_Core_IonExchange,Lasso,RAW,20,-0.53811,6.072809,5.016293
As_num,M4_Core_IonExchange,Lasso,RAW,21,-10.099871,4.313837,3.944874
As_num,M4_Core_IonExchange,Lasso,RAW,22,-0.250268,5.499595,4.444627
As_num,M4_Core_IonExchange,Lasso,RAW,23,-0.021959,9.118827,5.657417
As_num,M4_Core_IonExchange,Lasso,RAW,24,-1.569775,6.08994,5.17611
As_num,M4_Core_IonExchange,Lasso,RAW,25,0.024608,9.140648,4.589743
As_num,M4_Core_IonExchange,HuberRegressor,LOG1P,1,-3.619053,0.600719,0.557796
As_num,M4_Core_IonExchange,HuberRegressor,LOG1P,2,-0.313581,11.070618,5.87185
As_num,M4_Core_IonExchange,HuberRegressor,LOG1P,3,-0.176783,4.196269,2.367929
As_num,M4_Core_IonExchange,HuberRegressor,LOG1P,4,-0.302869,1.991536,1.290832
As_num,M4_Core_IonExchange,HuberRegressor,LOG1P,5,-0.182996,9.938371,4.452046
As_num,M4_Core_IonExchange,HuberRegressor,LOG1P,6,-0.183932,4.199976,2.284578
As_num,M4_Core_IonExchange,HuberRegressor,LOG1P,7,0.180426,1.546724,1.204553
As_num,M4_Core_IonExchange,HuberRegressor,LOG1P,8,-0.289345,5.343341,2.654847
As_num,M4_Core_IonExchange,HuberRegressor,LOG1P,9,-0.109846,1.340295,0.837961
As_num,M4_Core_IonExchange,HuberRegressor,LOG1P,10,-0.326352,13.832149,7.438981
As_num,M4_Core_IonExchange,HuberRegressor,LOG1P,11,-0.349398,1.264176,0.992925
As_num,M4_Core_IonExchange,HuberRegressor,LOG1P,12,-0.437873,6.827542,4.093546
As_num,M4_Core_IonExchange,HuberRegressor,LOG1P,13,-0.095878,9.655962,4.173842
As_num,M4_Core_IonExchange,HuberRegressor,LOG1P,14,-0.206443,9.846183,4.336345
As_num,M4_Core_IonExchange,HuberRegressor,LOG1P,15,-0.125753,1.290763,0.94715
As_num,M4_Core_IonExchange,HuberRegressor,LOG1P,16,-0.265527,1.968962,1.253314
As_num,M4_Core_IonExchange,HuberRegressor,LOG1P,17,-15.200346,2.322544,1.962848
As_num,M4_Core_IonExchange,HuberRegressor,LOG1P,18,-0.148315,9.888256,4.368066
As_num,M4_Core_IonExchange,HuberRegressor,LOG1P,19,-0.281757,10.442128,5.048536
As_num,M4_Core_IonExchange,HuberRegressor,LOG1P,20,-0.148239,5.247012,2.369721
As_num,M4_Core_IonExchange,HuberRegressor,LOG1P,21,-0.065684,1.336654,1.015838
As_num,M4_Core_IonExchange,HuberRegressor,LOG1P,22,-0.111896,5.186342,2.410637
As_num,M4_Core_IonExchange,HuberRegressor,LOG1P,23,-0.129001,9.584497,3.86477
As_num,M4_Core_IonExchange,HuberRegressor,LOG1P,24,-0.459547,4.589596,2.755516
As_num,M4_Core_IonExchange,HuberRegressor,LOG1P,25,-0.099173,9.703323,4.053368
As_num,M4_Core_IonExchange,HuberRegressor,RAW,1,-4.981078,0.683573,0.647401
As_num,M4_Core_IonExchange,HuberRegressor,RAW,2,-0.311976,11.063851,5.905275
As_num,M4_Core_IonExchange,HuberRegressor,RAW,3,-0.197631,4.233276,2.531937
As_num,M4_Core_IonExchange,HuberRegressor,RAW,4,-0.246503,1.947981,1.263165
As_num,M4_Core_IonExchange,HuberRegressor,RAW,5,-0.180425,9.927569,4.438911
As_num,M4_Core_IonExchange,HuberRegressor,RAW,6,-0.181432,4.195539,2.294694
As_num,M4_Core_IonExchange,HuberRegressor,RAW,7,0.146016,1.57886,1.256024
As_num,M4_Core_IonExchange,HuberRegressor,RAW,8,-0.283141,5.33047,2.633291
As_num,M4_Core_IonExchange,HuberRegressor,RAW,9,-0.066809,1.314051,0.870554
As_num,M4_Core_IonExchange,HuberRegressor,RAW,10,-0.323555,13.817553,7.402004
As_num,M4_Core_IonExchange,HuberRegressor,RAW,11,-0.355412,1.26699,1.017782
As_num,M4_Core_IonExchange,HuberRegressor,RAW,12,-0.4314,6.812158,4.108099
As_num,M4_Core_IonExchange,HuberRegressor,RAW,13,-0.102817,9.686486,4.257419
As_num,M4_Core_IonExchange,HuberRegressor,RAW,14,-0.198954,9.815574,4.158084
As_num,M4_Core_IonExchange,HuberRegressor,RAW,15,-0.097345,1.274373,0.985536
As_num,M4_Core_IonExchange,HuberRegressor,RAW,16,-0.240583,1.949461,1.288229
As_num,M4_Core_IonExchange,HuberRegressor,RAW,17,-11.886061,2.07139,1.895762
As_num,M4_Core_IonExchange,HuberRegressor,RAW,18,-0.144815,9.873172,4.362427
As_num,M4_Core_IonExchange,HuberRegressor,RAW,19,-0.274988,10.414519,5.055834
As_num,M4_Core_IonExchange,HuberRegressor,RAW,20,-0.146379,5.242762,2.364062
As_num,M4_Core_IonExchange,HuberRegressor,RAW,21,-0.048964,1.326127,1.046011
As_num,M4_Core_IonExchange,HuberRegressor,RAW,22,-0.103682,5.167151,2.32721
As_num,M4_Core_IonExchange,HuberRegressor,RAW,23,-0.118659,9.540496,3.858156
As_num,M4_Core_IonExchange,HuberRegressor,RAW,24,-0.44377,4.564724,2.746092
As_num,M4_Core_IonExchange,HuberRegressor,RAW,25,-0.097089,9.694119,4.048525
As_num,M4_Core_IonExchange,SVR_RBF,LOG1P,1,-3.021759,0.560535,0.499792
As_num,M4_Core_IonExchange,SVR_RBF,LOG1P,2,-0.318316,11.090551,6.034441
As_num,M4_Core_IonExchange,SVR_RBF,LOG1P,3,-0.186149,4.212936,2.016009
As_num,M4_Core_IonExchange,SVR_RBF,LOG1P,4,-0.300161,1.989466,1.203986
As_num,M4_Core_IonExchange,SVR_RBF,LOG1P,5,-0.218147,10.084944,4.383463
As_num,M4_Core_IonExchange,SVR_RBF,LOG1P,6,-0.123523,4.091424,1.907227
As_num,M4_Core_IonExchange,SVR_RBF,LOG1P,7,0.215681,1.513091,0.923795
As_num,M4_Core_IonExchange,SVR_RBF,LOG1P,8,-0.306015,5.377773,2.666292
As_num,M4_Core_IonExchange,SVR_RBF,LOG1P,9,0.200705,1.137424,0.758741
As_num,M4_Core_IonExchange,SVR_RBF,LOG1P,10,-0.342705,13.917154,7.235114
As_num,M4_Core_IonExchange,SVR_RBF,LOG1P,11,-0.160375,1.172294,0.786591
As_num,M4_Core_IonExchange,SVR_RBF,LOG1P,12,-0.495184,6.962281,4.155428
As_num,M4_Core_IonExchange,SVR_RBF,LOG1P,13,-0.126572,9.790251,4.160258
As_num,M4_Core_IonExchange,SVR_RBF,LOG1P,14,-0.176216,9.722055,3.733537
As_num,M4_Core_IonExchange,SVR_RBF,LOG1P,15,0.20824,1.082485,0.694092
As_num,M4_Core_IonExchange,SVR_RBF,LOG1P,16,-0.320606,2.011353,1.246225
As_num,M4_Core_IonExchange,SVR_RBF,LOG1P,17,-7.663032,1.698387,1.374838
As_num,M4_Core_IonExchange,SVR_RBF,LOG1P,18,-0.192044,10.074771,4.211906
As_num,M4_Core_IonExchange,SVR_RBF,LOG1P,19,-0.299006,10.512158,5.055936
As_num,M4_Core_IonExchange,SVR_RBF,LOG1P,20,-0.133521,5.213277,2.243226
As_num,M4_Core_IonExchange,SVR_RBF,LOG1P,21,0.122578,1.212856,0.839293
As_num,M4_Core_IonExchange,SVR_RBF,LOG1P,22,-0.084723,5.122579,2.072322
As_num,M4_Core_IonExchange,SVR_RBF,LOG1P,23,-0.184544,9.817428,4.129089
As_num,M4_Core_IonExchange,SVR_RBF,LOG1P,24,-0.421419,4.529253,2.648775
As_num,M4_Core_IonExchange,SVR_RBF,LOG1P,25,-0.180765,10.057017,4.083656
As_num,M4_Core_IonExchange,SVR_RBF,RAW,1,-1.765053,0.464779,0.406775
As_num,M4_Core_IonExchange,SVR_RBF,RAW,2,-0.298236,11.005762,5.73039
As_num,M4_Core_IonExchange,SVR_RBF,RAW,3,-0.18323,4.207748,2.012352
As_num,M4_Core_IonExchange,SVR_RBF,RAW,4,-0.192484,1.905304,1.205947
As_num,M4_Core_IonExchange,SVR_RBF,RAW,5,-0.211907,10.059078,4.397409
As_num,M4_Core_IonExchange,SVR_RBF,RAW,6,-0.131366,4.10568,1.880786
As_num,M4_Core_IonExchange,SVR_RBF,RAW,7,0.21908,1.509809,0.919938
As_num,M4_Core_IonExchange,SVR_RBF,RAW,8,-0.29355,5.352047,2.615915
As_num,M4_Core_IonExchange,SVR_RBF,RAW,9,-0.001095,1.272936,0.817061
As_num,M4_Core_IonExchange,SVR_RBF,RAW,10,-0.328525,13.843472,7.235772
As_num,M4_Core_IonExchange,SVR_RBF,RAW,11,-0.236895,1.21033,0.823521
As_num,M4_Core_IonExchange,SVR_RBF,RAW,12,-0.469902,6.903166,4.130832
As_num,M4_Core_IonExchange,SVR_RBF,RAW,13,-0.138922,9.84377,4.066047
As_num,M4_Core_IonExchange,SVR_RBF,RAW,14,-0.168841,9.691526,3.801074
As_num,M4_Core_IonExchange,SVR_RBF,RAW,15,0.124532,1.13827,0.71376
As_num,M4_Core_IonExchange,SVR_RBF,RAW,16,-0.302866,1.997798,1.258789
As_num,M4_Core_IonExchange,SVR_RBF,RAW,17,-2.212364,1.034223,0.945676
As_num,M4_Core_IonExchange,SVR_RBF,RAW,18,-0.192789,10.077922,4.271661
As_num,M4_Core_IonExchange,SVR_RBF,RAW,19,-0.28409,10.451628,5.050701
As_num,M4_Core_IonExchange,SVR_RBF,RAW,20,-0.133865,5.214068,2.197836
As_num,M4_Core_IonExchange,SVR_RBF,RAW,21,0.039883,1.268723,0.86905
As_num,M4_Core_IonExchange,SVR_RBF,RAW,22,-0.101413,5.161837,2.111783
As_num,M4_Core_IonExchange,SVR_RBF,RAW,23,-0.152784,9.684922,3.862822
As_num,M4_Core_IonExchange,SVR_RBF,RAW,24,-0.427395,4.538763,2.634709
As_num,M4_Core_IonExchange,SVR_RBF,RAW,25,-0.156937,9.955022,4.020388
As_num,M5_Core_DepthInteractions,Ridge,LOG1P,1,-113.416592,2.989782,1.89151
As_num,M5_Core_DepthInteractions,Ridge,LOG1P,2,-0.284958,10.949339,6.003862
As_num,M5_Core_DepthInteractions,Ridge,LOG1P,3,-0.106688,4.069374,2.347943
As_num,M5_Core_DepthInteractions,Ridge,LOG1P,4,0.176265,1.58355,1.290743
As_num,M5_Core_DepthInteractions,Ridge,LOG1P,5,-0.117015,9.657242,4.418378
As_num,M5_Core_DepthInteractions,Ridge,LOG1P,6,-1.735743,6.384414,3.986492
As_num,M5_Core_DepthInteractions,Ridge,LOG1P,7,-0.453085,2.059512,1.656752
As_num,M5_Core_DepthInteractions,Ridge,LOG1P,8,-0.199145,5.153047,2.487328
As_num,M5_Core_DepthInteractions,Ridge,LOG1P,9,-0.072116,1.317316,1.142686
As_num,M5_Core_DepthInteractions,Ridge,LOG1P,10,-0.293061,13.657454,7.238825
As_num,M5_Core_DepthInteractions,Ridge,LOG1P,11,-0.741784,1.436265,1.189466
As_num,M5_Core_DepthInteractions,Ridge,LOG1P,12,-0.362034,6.645049,4.180054
As_num,M5_Core_DepthInteractions,Ridge,LOG1P,13,-0.322556,10.607707,5.478739
As_num,M5_Core_DepthInteractions,Ridge,LOG1P,14,-0.157338,9.643719,3.844552
As_num,M5_Core_DepthInteractions,Ridge,LOG1P,15,-0.491765,1.485851,1.366669
As_num,M5_Core_DepthInteractions,Ridge,LOG1P,16,0.184148,1.580911,1.250832
As_num,M5_Core_DepthInteractions,Ridge,LOG1P,17,-24.746931,2.927956,2.338077
As_num,M5_Core_DepthInteractions,Ridge,LOG1P,18,-0.103895,9.695116,4.733691
As_num,M5_Core_DepthInteractions,Ridge,LOG1P,19,-0.243906,10.286794,5.026579
As_num,M5_Core_DepthInteractions,Ridge,LOG1P,20,-0.536217,6.069072,3.423556
As_num,M5_Core_DepthInteractions,Ridge,LOG1P,21,-0.15403,1.390956,1.238828
As_num,M5_Core_DepthInteractions,Ridge,LOG1P,22,-0.098379,5.154723,2.775306
As_num,M5_Core_DepthInteractions,Ridge,LOG1P,23,-0.117998,9.537678,4.164704
As_num,M5_Core_DepthInteractions,Ridge,LOG1P,24,-1.775223,6.328699,4.105704
As_num,M5_Core_DepthInteractions,Ridge,LOG1P,25,-0.079411,9.615701,4.043973
As_num,M5_Core_DepthInteractions,Ridge,RAW,1,-263.344184,4.544435,4.185232
As_num,M5_Core_DepthInteractions,Ridge,RAW,2,-0.242745,10.767983,6.897097
As_num,M5_Core_DepthInteractions,Ridge,RAW,3,-1.863496,6.54581,5.68648
As_num,M5_Core_DepthInteractions,Ridge,RAW,4,-2.614567,3.317157,2.550783
As_num,M5_Core_DepthInteractions,Ridge,RAW,5,-0.04127,9.324064,5.608549
As_num,M5_Core_DepthInteractions,Ridge,RAW,6,-1.777861,6.433373,5.371268
As_num,M5_Core_DepthInteractions,Ridge,RAW,7,-8.867658,5.366929,4.541011
As_num,M5_Core_DepthInteractions,Ridge,RAW,8,-0.211691,5.179935,3.333741
As_num,M5_Core_DepthInteractions,Ridge,RAW,9,-4.553595,2.998168,2.663189
As_num,M5_Core_DepthInteractions,Ridge,RAW,10,-0.247829,13.416454,7.473016
As_num,M5_Core_DepthInteractions,Ridge,RAW,11,-9.717507,3.562742,3.160486
As_num,M5_Core_DepthInteractions,Ridge,RAW,12,-0.540824,7.067741,5.645016
As_num,M5_Core_DepthInteractions,Ridge,RAW,13,-0.294165,10.493231,6.172
As_num,M5_Core_DepthInteractions,Ridge,RAW,14,-0.029927,9.097411,4.484954
As_num,M5_Core_DepthInteractions,Ridge,RAW,15,-7.335496,3.512294,3.173013
As_num,M5_Core_DepthInteractions,Ridge,RAW,16,-2.437882,3.245243,2.838886
As_num,M5_Core_DepthInteractions,Ridge,RAW,17,-81.724181,5.248292,4.536929
As_num,M5_Core_DepthInteractions,Ridge,RAW,18,-0.126077,9.792041,6.688269
As_num,M5_Core_DepthInteractions,Ridge,RAW,19,-0.106826,9.703445,5.615768
As_num,M5_Core_DepthInteractions,Ridge,RAW,20,-0.647208,6.284492,4.531968
As_num,M5_Core_DepthInteractions,Ridge,RAW,21,-5.092278,3.195911,2.84364
As_num,M5_Core_DepthInteractions,Ridge,RAW,22,-0.526004,6.075849,4.862136
As_num,M5_Core_DepthInteractions,Ridge,RAW,23,-0.071348,9.336574,5.40238
As_num,M5_Core_DepthInteractions,Ridge,RAW,24,-2.241029,6.839226,5.076508
As_num,M5_Core_DepthInteractions,Ridge,RAW,25,-0.037825,9.428649,5.179094
As_num,M5_Core_DepthInteractions,Lasso,LOG1P,1,-22.867089,1.36551,1.232655
As_num,M5_Core_DepthInteractions,Lasso,LOG1P,2,-0.238127,10.747957,5.615973
As_num,M5_Core_DepthInteractions,Lasso,LOG1P,3,-0.056982,3.976939,2.19482
As_num,M5_Core_DepthInteractions,Lasso,LOG1P,4,-0.03534,1.775331,1.320911
As_num,M5_Core_DepthInteractions,Lasso,LOG1P,5,-0.148753,9.793477,4.349516
As_num,M5_Core_DepthInteractions,Lasso,LOG1P,6,-0.279671,4.366491,2.591686
As_num,M5_Core_DepthInteractions,Lasso,LOG1P,7,0.046354,1.668447,1.475916
As_num,M5_Core_DepthInteractions,Lasso,LOG1P,8,-0.18891,5.131008,2.360944
As_num,M5_Core_DepthInteractions,Lasso,LOG1P,9,0.025827,1.255703,1.108113
As_num,M5_Core_DepthInteractions,Lasso,LOG1P,10,-0.279526,13.585786,7.195028
As_num,M5_Core_DepthInteractions,Lasso,LOG1P,11,-0.297483,1.239619,1.073488
As_num,M5_Core_DepthInteractions,Lasso,LOG1P,12,-0.370397,6.665418,4.123034
As_num,M5_Core_DepthInteractions,Lasso,LOG1P,13,-0.108054,9.709455,4.194294
As_num,M5_Core_DepthInteractions,Lasso,LOG1P,14,-0.093908,9.375725,3.907459
As_num,M5_Core_DepthInteractions,Lasso,LOG1P,15,-0.275884,1.374139,1.295464
As_num,M5_Core_DepthInteractions,Lasso,LOG1P,16,0.026227,1.727153,1.269901
As_num,M5_Core_DepthInteractions,Lasso,LOG1P,17,-6.891893,1.621035,1.450768
As_num,M5_Core_DepthInteractions,Lasso,LOG1P,18,-0.12185,9.773643,4.396671
As_num,M5_Core_DepthInteractions,Lasso,LOG1P,19,-0.235266,10.251007,5.002753
As_num,M5_Core_DepthInteractions,Lasso,LOG1P,20,-0.195431,5.35375,2.801091
As_num,M5_Core_DepthInteractions,Lasso,LOG1P,21,-0.066696,1.337289,1.218522
As_num,M5_Core_DepthInteractions,Lasso,LOG1P,22,-0.066817,5.080122,2.465544
As_num,M5_Core_DepthInteractions,Lasso,LOG1P,23,-0.074538,9.350463,3.96525
As_num,M5_Core_DepthInteractions,Lasso,LOG1P,24,-0.321854,4.367745,2.710715
As_num,M5_Core_DepthInteractions,Lasso,LOG1P,25,-0.101625,9.71414,4.111027
As_num,M5_Core_DepthInteractions,Lasso,RAW,1,-254.157755,4.464773,4.114633
As_num,M5_Core_DepthInteractions,Lasso,RAW,2,-0.213688,10.641353,6.645717
As_num,M5_Core_DepthInteractions,Lasso,RAW,3,-1.355859,5.93731,5.12964
As_num,M5_Core_DepthInteractions,Lasso,RAW,4,-2.09555,3.069777,2.386344
As_num,M5_Core_DepthInteractions,Lasso,RAW,5,-0.052104,9.372448,5.585671
As_num,M5_Core_DepthInteractions,Lasso,RAW,6,-1.578601,6.198342,5.202027
As_num,M5_Core_DepthInteractions,Lasso,RAW,7,-8.255097,5.197677,4.439862
As_num,M5_Core_DepthInteractions,Lasso,RAW,8,-0.200664,5.15631,3.372705
As_num,M5_Core_DepthInteractions,Lasso,RAW,9,-4.739347,3.047896,2.610446
As_num,M5_Core_DepthInteractions,Lasso,RAW,10,-0.217233,13.250953,7.495689
As_num,M5_Core_DepthInteractions,Lasso,RAW,11,-10.006348,3.610431,3.230021
As_num,M5_Core_DepthInteractions,Lasso,RAW,12,-0.505128,6.985394,5.581494
As_num,M5_Core_DepthInteractions,Lasso,RAW,13,-0.18499,10.040881,5.831115
As_num,M5_Core_DepthInteractions,Lasso,RAW,14,0.003221,8.949814,4.429887
As_num,M5_Core_DepthInteractions,Lasso,RAW,15,-7.459875,3.538401,3.084983
As_num,M5_Core_DepthInteractions,Lasso,RAW,16,-2.25993,3.160137,2.671886
As_num,M5_Core_DepthInteractions,Lasso,RAW,17,-80.054071,5.195043,4.563664
As_num,M5_Core_DepthInteractions,Lasso,RAW,18,-0.103254,9.6923,6.425814
As_num,M5_Core_DepthInteractions,Lasso,RAW,19,-0.088329,9.62202,5.514781
As_num,M5_Core_DepthInteractions,Lasso,RAW,20,-0.551728,6.099634,4.324817
As_num,M5_Core_DepthInteractions,Lasso,RAW,21,-5.055666,3.186293,2.672039
As_num,M5_Core_DepthInteractions,Lasso,RAW,22,-0.506304,6.036503,4.808822
As_num,M5_Core_DepthInteractions,Lasso,RAW,23,-0.051148,9.248134,5.336573
As_num,M5_Core_DepthInteractions,Lasso,RAW,24,-2.208796,6.805132,4.958372
As_num,M5_Core_DepthInteractions,Lasso,RAW,25,-0.03558,9.418444,5.089085
As_num,M5_Core_DepthInteractions,HuberRegressor,LOG1P,1,-1332.345215,10.206253,3.93306
As_num,M5_Core_DepthInteractions,HuberRegressor,LOG1P,2,-0.328002,11.13122,5.889434
As_num,M5_Core_DepthInteractions,HuberRegressor,LOG1P,3,-0.18357,4.208352,2.34523
As_num,M5_Core_DepthInteractions,HuberRegressor,LOG1P,4,-0.363729,2.037521,1.323534
As_num,M5_Core_DepthInteractions,HuberRegressor,LOG1P,5,-0.192914,9.979947,4.359678
As_num,M5_Core_DepthInteractions,HuberRegressor,LOG1P,6,-54.796129,28.832712,12.031729
As_num,M5_Core_DepthInteractions,HuberRegressor,LOG1P,7,0.159695,1.566164,1.206742
As_num,M5_Core_DepthInteractions,HuberRegressor,LOG1P,8,-0.291598,5.348006,2.668165
As_num,M5_Core_DepthInteractions,HuberRegressor,LOG1P,9,-0.093661,1.330486,0.851354
As_num,M5_Core_DepthInteractions,HuberRegressor,LOG1P,10,-0.349268,13.951129,7.634115
As_num,M5_Core_DepthInteractions,HuberRegressor,LOG1P,11,-0.358425,1.268397,0.935786
As_num,M5_Core_DepthInteractions,HuberRegressor,LOG1P,12,-0.441317,6.835715,4.103658
As_num,M5_Core_DepthInteractions,HuberRegressor,LOG1P,13,-0.332214,10.646368,5.3134
As_num,M5_Core_DepthInteractions,HuberRegressor,LOG1P,14,-0.226555,9.927915,4.064324
As_num,M5_Core_DepthInteractions,HuberRegressor,LOG1P,15,0.058543,1.18039,0.954282
As_num,M5_Core_DepthInteractions,HuberRegressor,LOG1P,16,-0.373812,2.051471,1.362342
As_num,M5_Core_DepthInteractions,HuberRegressor,LOG1P,17,-15.589378,2.350265,1.919099
As_num,M5_Core_DepthInteractions,HuberRegressor,LOG1P,18,-0.15891,9.933768,4.362781
As_num,M5_Core_DepthInteractions,HuberRegressor,LOG1P,19,-0.29845,10.509908,5.046599
As_num,M5_Core_DepthInteractions,HuberRegressor,LOG1P,20,-2.110675,8.636211,4.565462
As_num,M5_Core_DepthInteractions,HuberRegressor,LOG1P,21,-0.11944,1.369952,1.09403
As_num,M5_Core_DepthInteractions,HuberRegressor,LOG1P,22,-0.137471,5.245649,2.478513
As_num,M5_Core_DepthInteractions,HuberRegressor,LOG1P,23,-0.155825,9.697687,3.817905
As_num,M5_Core_DepthInteractions,HuberRegressor,LOG1P,24,-1.199515,5.634157,3.775027
As_num,M5_Core_DepthInteractions,HuberRegressor,LOG1P,25,-0.117329,9.783135,4.054375
As_num,M5_Core_DepthInteractions,HuberRegressor,RAW,1,-48.418615,1.964899,1.054655
As_num,M5_Core_DepthInteractions,HuberRegressor,RAW,2,-0.338919,11.176878,5.918768
As_num,M5_Core_DepthInteractions,HuberRegressor,RAW,3,-0.205905,4.247874,2.52661
As_num,M5_Core_DepthInteractions,HuberRegressor,RAW,4,-0.328917,2.011346,1.301229
As_num,M5_Core_DepthInteractions,HuberRegressor,RAW,5,-0.189197,9.964385,4.350525
As_num,M5_Core_DepthInteractions,HuberRegressor,RAW,6,-0.633619,4.933543,2.871416
As_num,M5_Core_DepthInteractions,HuberRegressor,RAW,7,0.060037,1.656434,1.308856
As_num,M5_Core_DepthInteractions,HuberRegressor,RAW,8,-0.285557,5.335485,2.652712
As_num,M5_Core_DepthInteractions,HuberRegressor,RAW,9,-0.04762,1.30218,0.84614
As_num,M5_Core_DepthInteractions,HuberRegressor,RAW,10,-0.357243,13.992296,7.660266
As_num,M5_Core_DepthInteractions,HuberRegressor,RAW,11,-0.569181,1.363245,1.038006
As_num,M5_Core_DepthInteractions,HuberRegressor,RAW,12,-0.43407,6.818508,4.120656
As_num,M5_Core_DepthInteractions,HuberRegressor,RAW,13,-0.172929,9.98965,4.399376
As_num,M5_Core_DepthInteractions,HuberRegressor,RAW,14,-0.246903,10.009923,4.067183
As_num,M5_Core_DepthInteractions,HuberRegressor,RAW,15,0.032551,1.196573,1.012018
As_num,M5_Core_DepthInteractions,HuberRegressor,RAW,16,-0.366219,2.045794,1.409942
As_num,M5_Core_DepthInteractions,HuberRegressor,RAW,17,-11.294591,2.023293,1.814864
As_num,M5_Core_DepthInteractions,HuberRegressor,RAW,18,-0.152335,9.905547,4.360289
As_num,M5_Core_DepthInteractions,HuberRegressor,RAW,19,-0.292612,10.486251,5.049033
As_num,M5_Core_DepthInteractions,HuberRegressor,RAW,20,-0.192953,5.348199,2.647547
As_num,M5_Core_DepthInteractions,HuberRegressor,RAW,21,-0.098446,1.357044,1.115306
As_num,M5_Core_DepthInteractions,HuberRegressor,RAW,22,-0.122221,5.210367,2.39671
As_num,M5_Core_DepthInteractions,HuberRegressor,RAW,23,-0.15157,9.679822,3.801199
As_num,M5_Core_DepthInteractions,HuberRegressor,RAW,24,-0.541986,4.717432,3.032581
As_num,M5_Core_DepthInteractions,HuberRegressor,RAW,25,-0.110926,9.755063,4.078652
As_num,M5_Core_DepthInteractions,SVR_RBF,LOG1P,1,-2.134351,0.494845,0.401629
As_num,M5_Core_DepthInteractions,SVR_RBF,LOG1P,2,-0.309467,11.053265,5.732147
As_num,M5_Core_DepthInteractions,SVR_RBF,LOG1P,3,-0.194017,4.226884,1.998476
As_num,M5_Core_DepthInteractions,SVR_RBF,LOG1P,4,-0.208243,1.917852,1.162164
As_num,M5_Core_DepthInteractions,SVR_RBF,LOG1P,5,-0.216417,10.077779,4.316036
As_num,M5_Core_DepthInteractions,SVR_RBF,LOG1P,6,-0.135431,4.113048,1.932331
As_num,M5_Core_DepthInteractions,SVR_RBF,LOG1P,7,0.195503,1.532431,0.860999
As_num,M5_Core_DepthInteractions,SVR_RBF,LOG1P,8,-0.307101,5.380006,2.6486
As_num,M5_Core_DepthInteractions,SVR_RBF,LOG1P,9,0.268057,1.088448,0.734681
As_num,M5_Core_DepthInteractions,SVR_RBF,LOG1P,10,-0.329312,13.847571,7.19004
As_num,M5_Core_DepthInteractions,SVR_RBF,LOG1P,11,-0.238852,1.211287,0.767934
As_num,M5_Core_DepthInteractions,SVR_RBF,LOG1P,12,-0.454933,6.867928,4.077793
As_num,M5_Core_DepthInteractions,SVR_RBF,LOG1P,13,-0.160441,9.936327,3.953959
As_num,M5_Core_DepthInteractions,SVR_RBF,LOG1P,14,-0.159927,9.6545,3.719937
As_num,M5_Core_DepthInteractions,SVR_RBF,LOG1P,15,0.406929,0.936869,0.670843
As_num,M5_Core_DepthInteractions,SVR_RBF,LOG1P,16,-0.237288,1.946871,1.211199
As_num,M5_Core_DepthInteractions,SVR_RBF,LOG1P,17,-5.965863,1.522962,1.320897
As_num,M5_Core_DepthInteractions,SVR_RBF,LOG1P,18,-0.19054,10.068415,4.225611
As_num,M5_Core_DepthInteractions,SVR_RBF,LOG1P,19,-0.289721,10.474519,5.032431
As_num,M5_Core_DepthInteractions,SVR_RBF,LOG1P,20,-0.119816,5.181664,2.225816
As_num,M5_Core_DepthInteractions,SVR_RBF,LOG1P,21,0.186757,1.167656,0.788593
As_num,M5_Core_DepthInteractions,SVR_RBF,LOG1P,22,-0.116502,5.197075,2.098997
As_num,M5_Core_DepthInteractions,SVR_RBF,LOG1P,23,-0.162654,9.726293,3.921514
As_num,M5_Core_DepthInteractions,SVR_RBF,LOG1P,24,-0.405429,4.503706,2.59907
As_num,M5_Core_DepthInteractions,SVR_RBF,LOG1P,25,-0.179852,10.053127,4.020965
As_num,M5_Core_DepthInteractions,SVR_RBF,RAW,1,-2.078487,0.490415,0.428358
As_num,M5_Core_DepthInteractions,SVR_RBF,RAW,2,-0.295064,10.99231,5.59753
As_num,M5_Core_DepthInteractions,SVR_RBF,RAW,3,-0.178577,4.199466,1.992074
As_num,M5_Core_DepthInteractions,SVR_RBF,RAW,4,-0.192601,1.905397,1.170355
As_num,M5_Core_DepthInteractions,SVR_RBF,RAW,5,-0.216021,10.076137,4.279354
As_num,M5_Core_DepthInteractions,SVR_RBF,RAW,6,-0.139149,4.119777,1.86036
As_num,M5_Core_DepthInteractions,SVR_RBF,RAW,7,0.21551,1.513256,0.892119
As_num,M5_Core_DepthInteractions,SVR_RBF,RAW,8,-0.308459,5.382801,2.597204
As_num,M5_Core_DepthInteractions,SVR_RBF,RAW,9,0.050171,1.239914,0.823552
As_num,M5_Core_DepthInteractions,SVR_RBF,RAW,10,-0.323646,13.818028,7.220381
As_num,M5_Core_DepthInteractions,SVR_RBF,RAW,11,-0.294208,1.238054,0.830691
As_num,M5_Core_DepthInteractions,SVR_RBF,RAW,12,-0.451668,6.860217,4.084958
As_num,M5_Core_DepthInteractions,SVR_RBF,RAW,13,-0.163541,9.949593,3.963895
As_num,M5_Core_DepthInteractions,SVR_RBF,RAW,14,-0.147643,9.603241,3.741397
As_num,M5_Core_DepthInteractions,SVR_RBF,RAW,15,0.256787,1.048774,0.707326
As_num,M5_Core_DepthInteractions,SVR_RBF,RAW,16,-0.219708,1.93299,1.237931
As_num,M5_Core_DepthInteractions,SVR_RBF,RAW,17,-2.142411,1.0229,0.954161
As_num,M5_Core_DepthInteractions,SVR_RBF,RAW,18,-0.187786,10.056765,4.188855
As_num,M5_Core_DepthInteractions,SVR_RBF,RAW,19,-0.289677,10.474339,5.029118
As_num,M5_Core_DepthInteractions,SVR_RBF,RAW,20,-0.131019,5.20752,2.206801
As_num,M5_Core_DepthInteractions,SVR_RBF,RAW,21,0.14333,1.198427,0.843299
As_num,M5_Core_DepthInteractions,SVR_RBF,RAW,22,-0.120801,5.207071,2.060927
As_num,M5_Core_DepthInteractions,SVR_RBF,RAW,23,-0.146968,9.660461,3.814704
As_num,M5_Core_DepthInteractions,SVR_RBF,RAW,24,-0.416532,4.52146,2.581642
As_num,M5_Core_DepthInteractions,SVR_RBF,RAW,25,-0.172232,10.020611,3.989767
As_num,M7_Stage5_AdvancedRatios,Ridge,LOG1P,1,-25.786486,1.446615,1.410256
As_num,M7_Stage5_AdvancedRatios,Ridge,LOG1P,2,-0.236243,10.739778,6.056873
As_num,M7_Stage5_AdvancedRatios,Ridge,LOG1P,3,0.000621,3.867054,2.148771
As_num,M7_Stage5_AdvancedRatios,Ridge,LOG1P,4,0.202276,1.558348,1.237199
As_num,M7_Stage5_AdvancedRatios,Ridge,LOG1P,5,-0.131885,9.721308,5.014297
As_num,M7_Stage5_AdvancedRatios,Ridge,LOG1P,6,-0.349251,4.483631,3.385583
As_num,M7_Stage5_AdvancedRatios,Ridge,LOG1P,7,-0.231837,1.896249,1.664439
As_num,M7_Stage5_AdvancedRatios,Ridge,LOG1P,8,-0.076005,4.881298,2.492098
As_num,M7_Stage5_AdvancedRatios,Ridge,LOG1P,9,-0.370938,1.489628,1.157473
As_num,M7_Stage5_AdvancedRatios,Ridge,LOG1P,10,-0.246836,13.411115,7.061414
As_num,M7_Stage5_AdvancedRatios,Ridge,LOG1P,11,-1.06773,1.564892,1.313975
As_num,M7_Stage5_AdvancedRatios,Ridge,LOG1P,12,-0.273763,6.426114,4.057249
As_num,M7_Stage5_AdvancedRatios,Ridge,LOG1P,13,-0.054875,9.473598,4.621885
As_num,M7_Stage5_AdvancedRatios,Ridge,LOG1P,14,-0.23445,9.959814,4.712537
As_num,M7_Stage5_AdvancedRatios,Ridge,LOG1P,15,-0.820819,1.641567,1.420622
As_num,M7_Stage5_AdvancedRatios,Ridge,LOG1P,16,0.214984,1.550747,1.107675
As_num,M7_Stage5_AdvancedRatios,Ridge,LOG1P,17,-23.012427,2.827612,2.473605
As_num,M7_Stage5_AdvancedRatios,Ridge,LOG1P,18,-0.088984,9.629416,4.551225
As_num,M7_Stage5_AdvancedRatios,Ridge,LOG1P,19,-0.203429,10.11804,5.263004
As_num,M7_Stage5_AdvancedRatios,Ridge,LOG1P,20,0.042766,4.790765,2.275339
As_num,M7_Stage5_AdvancedRatios,Ridge,LOG1P,21,-0.4861,1.578443,1.293764
As_num,M7_Stage5_AdvancedRatios,Ridge,LOG1P,22,0.011001,4.891331,2.65018
As_num,M7_Stage5_AdvancedRatios,Ridge,LOG1P,23,-0.10527,9.48323,4.253958
As_num,M7_Stage5_AdvancedRatios,Ridge,LOG1P,24,-0.167721,4.105207,2.837241
As_num,M7_Stage5_AdvancedRatios,Ridge,LOG1P,25,-0.065374,9.552973,4.193417
As_num,M7_Stage5_AdvancedRatios,Ridge,RAW,1,-282.112531,4.702995,4.443939
As_num,M7_Stage5_AdvancedRatios,Ridge,RAW,2,-0.441328,11.596442,9.121285
As_num,M7_Stage5_AdvancedRatios,Ridge,RAW,3,-0.365668,4.520512,3.975867
As_num,M7_Stage5_AdvancedRatios,Ridge,RAW,4,-2.086369,3.065222,2.257928
As_num,M7_Stage5_AdvancedRatios,Ridge,RAW,5,-0.15241,9.809054,6.561211
As_num,M7_Stage5_AdvancedRatios,Ridge,RAW,6,-2.304012,7.016238,6.612191
As_num,M7_Stage5_AdvancedRatios,Ridge,RAW,7,-6.465148,4.668077,3.943425
As_num,M7_Stage5_AdvancedRatios,Ridge,RAW,8,0.013738,4.673309,3.246908
As_num,M7_Stage5_AdvancedRatios,Ridge,RAW,9,-26.921783,6.72265,4.835365
As_num,M7_Stage5_AdvancedRatios,Ridge,RAW,10,-0.180659,13.050356,7.698759
As_num,M7_Stage5_AdvancedRatios,Ridge,RAW,11,-13.717624,4.174998,3.483572
As_num,M7_Stage5_AdvancedRatios,Ridge,RAW,12,-0.250981,6.368389,5.305221
As_num,M7_Stage5_AdvancedRatios,Ridge,RAW,13,-0.981224,12.983184,10.245837
As_num,M7_Stage5_AdvancedRatios,Ridge,RAW,14,-0.126792,9.515602,5.248703
As_num,M7_Stage5_AdvancedRatios,Ridge,RAW,15,-65.757256,9.939725,5.999061
As_num,M7_Stage5_AdvancedRatios,Ridge,RAW,16,-0.540461,2.172337,1.879834
As_num,M7_Stage5_AdvancedRatios,Ridge,RAW,17,-67.970924,4.792198,4.254269
As_num,M7_Stage5_AdvancedRatios,Ridge,RAW,18,-0.072909,9.558079,5.898755
As_num,M7_Stage5_AdvancedRatios,Ridge,RAW,19,-0.358323,10.749487,7.795521
As_num,M7_Stage5_AdvancedRatios,Ridge,RAW,20,-6.347219,13.272643,7.875145
As_num,M7_Stage5_AdvancedRatios,Ridge,RAW,21,-89.500999,12.317753,7.300109
As_num,M7_Stage5_AdvancedRatios,Ridge,RAW,22,-0.378318,5.774359,4.792432
As_num,M7_Stage5_AdvancedRatios,Ridge,RAW,23,-0.074689,9.35112,5.726841
As_num,M7_Stage5_AdvancedRatios,Ridge,RAW,24,-3.981509,8.479026,7.183362
As_num,M7_Stage5_AdvancedRatios,Ridge,RAW,25,-0.04784,9.474032,5.325426
As_num,M7_Stage5_AdvancedRatios,Lasso,LOG1P,1,-18.676545,1.239851,1.223979
As_num,M7_Stage5_AdvancedRatios,Lasso,LOG1P,2,-0.208052,10.616619,5.469638
As_num,M7_Stage5_AdvancedRatios,Lasso,LOG1P,3,-0.018946,3.904728,2.072965
As_num,M7_Stage5_AdvancedRatios,Lasso,LOG1P,4,0.088364,1.665899,1.229293
As_num,M7_Stage5_AdvancedRatios,Lasso,LOG1P,5,-0.144662,9.776024,4.660177
As_num,M7_Stage5_AdvancedRatios,Lasso,LOG1P,6,-0.025983,3.909792,2.345941
As_num,M7_Stage5_AdvancedRatios,Lasso,LOG1P,7,0.098537,1.622156,1.334227
As_num,M7_Stage5_AdvancedRatios,Lasso,LOG1P,8,-0.133524,5.010069,2.354109
As_num,M7_Stage5_AdvancedRatios,Lasso,LOG1P,9,-0.048597,1.302787,1.038083
As_num,M7_Stage5_AdvancedRatios,Lasso,LOG1P,10,-0.264545,13.50602,7.01083
As_num,M7_Stage5_AdvancedRatios,Lasso,LOG1P,11,-0.220652,1.202357,1.016075
As_num,M7_Stage5_AdvancedRatios,Lasso,LOG1P,12,-0.334623,6.577842,4.077276
As_num,M7_Stage5_AdvancedRatios,Lasso,LOG1P,13,-0.04731,9.439565,4.163747
As_num,M7_Stage5_AdvancedRatios,Lasso,LOG1P,14,-0.085457,9.339438,3.90773
As_num,M7_Stage5_AdvancedRatios,Lasso,LOG1P,15,-0.497611,1.48876,1.318227
As_num,M7_Stage5_AdvancedRatios,Lasso,LOG1P,16,0.139341,1.623743,1.133096
As_num,M7_Stage5_AdvancedRatios,Lasso,LOG1P,17,-8.247068,1.754704,1.653124
As_num,M7_Stage5_AdvancedRatios,Lasso,LOG1P,18,-0.112295,9.731933,4.36046
As_num,M7_Stage5_AdvancedRatios,Lasso,LOG1P,19,-0.204275,10.121596,5.057191
As_num,M7_Stage5_AdvancedRatios,Lasso,LOG1P,20,0.004989,4.884386,2.304524
As_num,M7_Stage5_AdvancedRatios,Lasso,LOG1P,21,-0.122679,1.371932,1.142008
As_num,M7_Stage5_AdvancedRatios,Lasso,LOG1P,22,-0.01362,4.951842,2.40102
As_num,M7_Stage5_AdvancedRatios,Lasso,LOG1P,23,-0.071565,9.337518,4.013551
As_num,M7_Stage5_AdvancedRatios,Lasso,LOG1P,24,-0.161361,4.094012,2.518525
As_num,M7_Stage5_AdvancedRatios,Lasso,LOG1P,25,-0.080354,9.619897,4.059725
As_num,M7_Stage5_AdvancedRatios,Lasso,RAW,1,-268.114021,4.585252,4.387878
As_num,M7_Stage5_AdvancedRatios,Lasso,RAW,2,-0.391094,11.392566,8.854209
As_num,M7_Stage5_AdvancedRatios,Lasso,RAW,3,-0.206466,4.248862,3.661245
As_num,M7_Stage5_AdvancedRatios,Lasso,RAW,4,-1.979775,3.011824,2.227097
As_num,M7_Stage5_AdvancedRatios,Lasso,RAW,5,-0.129364,9.710477,6.382229
As_num,M7_Stage5_AdvancedRatios,Lasso,RAW,6,-1.936741,6.614794,6.210339
As_num,M7_Stage5_AdvancedRatios,Lasso,RAW,7,-5.850286,4.471705,3.756352
As_num,M7_Stage5_AdvancedRatios,Lasso,RAW,8,0.01218,4.676998,3.180479
As_num,M7_Stage5_AdvancedRatios,Lasso,RAW,9,-24.539586,6.42948,4.631988
As_num,M7_Stage5_AdvancedRatios,Lasso,RAW,10,-0.178589,13.038913,7.715341
As_num,M7_Stage5_AdvancedRatios,Lasso,RAW,11,-13.306882,4.116328,3.461491
As_num,M7_Stage5_AdvancedRatios,Lasso,RAW,12,-0.238088,6.335485,5.252595
As_num,M7_Stage5_AdvancedRatios,Lasso,RAW,13,-0.783557,12.318504,9.680809
As_num,M7_Stage5_AdvancedRatios,Lasso,RAW,14,-0.084486,9.335261,5.054562
As_num,M7_Stage5_AdvancedRatios,Lasso,RAW,15,-62.729442,9.711698,5.910064
As_num,M7_Stage5_AdvancedRatios,Lasso,RAW,16,-0.450287,2.107797,1.785003
As_num,M7_Stage5_AdvancedRatios,Lasso,RAW,17,-62.320694,4.591711,4.081283
As_num,M7_Stage5_AdvancedRatios,Lasso,RAW,18,-0.059786,9.499447,5.780711
As_num,M7_Stage5_AdvancedRatios,Lasso,RAW,19,-0.342267,10.685768,7.712995
As_num,M7_Stage5_AdvancedRatios,Lasso,RAW,20,-5.749883,12.721668,7.600179
As_num,M7_Stage5_AdvancedRatios,Lasso,RAW,21,-82.725165,11.847666,7.006542
As_num,M7_Stage5_AdvancedRatios,Lasso,RAW,22,-0.351016,5.716883,4.728725
As_num,M7_Stage5_AdvancedRatios,Lasso,RAW,23,-0.041139,9.203997,5.496595
As_num,M7_Stage5_AdvancedRatios,Lasso,RAW,24,-3.937372,8.44138,7.044938
As_num,M7_Stage5_AdvancedRatios,Lasso,RAW,25,-0.020326,9.348822,5.061955
As_num,M7_Stage5_AdvancedRatios,HuberRegressor,LOG1P,1,-2.487048,0.521944,0.458941
As_num,M7_Stage5_AdvancedRatios,HuberRegressor,LOG1P,2,-0.32822,11.132131,6.100525
As_num,M7_Stage5_AdvancedRatios,HuberRegressor,LOG1P,3,-0.293147,4.39885,2.502386
As_num,M7_Stage5_AdvancedRatios,HuberRegressor,LOG1P,4,-0.175632,1.891793,1.187837
As_num,M7_Stage5_AdvancedRatios,HuberRegressor,LOG1P,5,-0.159516,9.83925,4.448429
As_num,M7_Stage5_AdvancedRatios,HuberRegressor,LOG1P,6,-0.146337,4.132755,2.370769
As_num,M7_Stage5_AdvancedRatios,HuberRegressor,LOG1P,7,-0.015007,1.721287,1.356128
As_num,M7_Stage5_AdvancedRatios,HuberRegressor,LOG1P,8,-0.877065,6.447152,3.835873
As_num,M7_Stage5_AdvancedRatios,HuberRegressor,LOG1P,9,0.038404,1.247571,0.781422
As_num,M7_Stage5_AdvancedRatios,HuberRegressor,LOG1P,10,-0.305692,13.723998,7.171879
As_num,M7_Stage5_AdvancedRatios,HuberRegressor,LOG1P,11,-0.326114,1.253222,0.841317
As_num,M7_Stage5_AdvancedRatios,HuberRegressor,LOG1P,12,-0.38099,6.691129,3.887987
As_num,M7_Stage5_AdvancedRatios,HuberRegressor,LOG1P,13,-0.083711,9.602211,4.159295
As_num,M7_Stage5_AdvancedRatios,HuberRegressor,LOG1P,14,-0.284041,10.1579,4.678057
As_num,M7_Stage5_AdvancedRatios,HuberRegressor,LOG1P,15,-0.058421,1.251568,0.87736
As_num,M7_Stage5_AdvancedRatios,HuberRegressor,LOG1P,16,0.04349,1.711775,1.089482
As_num,M7_Stage5_AdvancedRatios,HuberRegressor,LOG1P,17,-76.551777,5.081567,2.984411
As_num,M7_Stage5_AdvancedRatios,HuberRegressor,LOG1P,18,-0.134082,9.826781,4.189887
As_num,M7_Stage5_AdvancedRatios,HuberRegressor,LOG1P,19,-0.309148,10.553114,5.207724
As_num,M7_Stage5_AdvancedRatios,HuberRegressor,LOG1P,20,-0.092686,5.118511,2.149299
As_num,M7_Stage5_AdvancedRatios,HuberRegressor,LOG1P,21,-0.019411,1.307313,0.961177
As_num,M7_Stage5_AdvancedRatios,HuberRegressor,LOG1P,22,-0.07356,5.096152,2.222715
As_num,M7_Stage5_AdvancedRatios,HuberRegressor,LOG1P,23,-0.18709,9.827974,4.016391
As_num,M7_Stage5_AdvancedRatios,HuberRegressor,LOG1P,24,-0.363172,4.435482,2.621734
As_num,M7_Stage5_AdvancedRatios,HuberRegressor,LOG1P,25,-0.088605,9.656564,4.503682
As_num,M7_Stage5_AdvancedRatios,HuberRegressor,RAW,1,-3.57514,0.597857,0.547339
As_num,M7_Stage5_AdvancedRatios,HuberRegressor,RAW,2,-0.328486,11.133245,6.164876
As_num,M7_Stage5_AdvancedRatios,HuberRegressor,RAW,3,-0.193229,4.225489,2.322888
As_num,M7_Stage5_AdvancedRatios,HuberRegressor,RAW,4,-0.168576,1.886108,1.209575
As_num,M7_Stage5_AdvancedRatios,HuberRegressor,RAW,5,-0.15775,9.831756,4.40933
As_num,M7_Stage5_AdvancedRatios,HuberRegressor,RAW,6,-0.129302,4.101933,2.271434
As_num,M7_Stage5_AdvancedRatios,HuberRegressor,RAW,7,-0.030126,1.734059,1.415422
As_num,M7_Stage5_AdvancedRatios,HuberRegressor,RAW,8,-0.287697,5.339923,2.9157
As_num,M7_Stage5_AdvancedRatios,HuberRegressor,RAW,9,0.085253,1.216801,0.794098
As_num,M7_Stage5_AdvancedRatios,HuberRegressor,RAW,10,-0.308172,13.737022,7.173154
As_num,M7_Stage5_AdvancedRatios,HuberRegressor,RAW,11,-0.201198,1.192737,0.81632
As_num,M7_Stage5_AdvancedRatios,HuberRegressor,RAW,12,-0.371572,6.668274,3.869045
As_num,M7_Stage5_AdvancedRatios,HuberRegressor,RAW,13,-0.094527,9.650007,4.333945
As_num,M7_Stage5_AdvancedRatios,HuberRegressor,RAW,14,-0.267073,10.090563,4.811894
As_num,M7_Stage5_AdvancedRatios,HuberRegressor,RAW,15,-1.053017,1.743097,1.199216
As_num,M7_Stage5_AdvancedRatios,HuberRegressor,RAW,16,0.046692,1.708907,1.091969
As_num,M7_Stage5_AdvancedRatios,HuberRegressor,RAW,17,-24.529818,2.915584,2.058984
As_num,M7_Stage5_AdvancedRatios,HuberRegressor,RAW,18,-0.128251,9.801488,4.1665
As_num,M7_Stage5_AdvancedRatios,HuberRegressor,RAW,19,-0.31303,10.568747,5.185283
As_num,M7_Stage5_AdvancedRatios,HuberRegressor,RAW,20,-0.20661,5.378725,2.640131
As_num,M7_Stage5_AdvancedRatios,HuberRegressor,RAW,21,-0.265366,1.456508,1.136052
As_num,M7_Stage5_AdvancedRatios,HuberRegressor,RAW,22,-0.070864,5.089749,2.246743
As_num,M7_Stage5_AdvancedRatios,HuberRegressor,RAW,23,-0.191544,9.846392,3.935533
As_num,M7_Stage5_AdvancedRatios,HuberRegressor,RAW,24,-0.354413,4.421209,2.638457
As_num,M7_Stage5_AdvancedRatios,HuberRegressor,RAW,25,-0.056268,9.512058,4.116704
As_num,M7_Stage5_AdvancedRatios,SVR_RBF,LOG1P,1,-3.431608,0.588404,0.572844
As_num,M7_Stage5_AdvancedRatios,SVR_RBF,LOG1P,2,-0.321328,11.103214,5.931521
As_num,M7_Stage5_AdvancedRatios,SVR_RBF,LOG1P,3,-0.198549,4.234898,2.001054
As_num,M7_Stage5_AdvancedRatios,SVR_RBF,LOG1P,4,-0.305313,1.993403,1.233923
As_num,M7_Stage5_AdvancedRatios,SVR_RBF,LOG1P,5,-0.199765,10.008562,4.543961
As_num,M7_Stage5_AdvancedRatios,SVR_RBF,LOG1P,6,-0.154056,4.146645,2.051505
As_num,M7_Stage5_AdvancedRatios,SVR_RBF,LOG1P,7,0.168787,1.557668,0.975228
As_num,M7_Stage5_AdvancedRatios,SVR_RBF,LOG1P,8,-0.284942,5.33421,2.506717
As_num,M7_Stage5_AdvancedRatios,SVR_RBF,LOG1P,9,-0.05841,1.308868,0.865957
As_num,M7_Stage5_AdvancedRatios,SVR_RBF,LOG1P,10,-0.32537,13.827026,7.13905
As_num,M7_Stage5_AdvancedRatios,SVR_RBF,LOG1P,11,-0.187811,1.186072,0.813509
As_num,M7_Stage5_AdvancedRatios,SVR_RBF,LOG1P,12,-0.48382,6.93577,4.134065
As_num,M7_Stage5_AdvancedRatios,SVR_RBF,LOG1P,13,-0.118322,9.754339,4.178022
As_num,M7_Stage5_AdvancedRatios,SVR_RBF,LOG1P,14,-0.189569,9.777082,3.779859
As_num,M7_Stage5_AdvancedRatios,SVR_RBF,LOG1P,15,0.173551,1.105944,0.707009
As_num,M7_Stage5_AdvancedRatios,SVR_RBF,LOG1P,16,-0.278496,1.979026,1.246156
As_num,M7_Stage5_AdvancedRatios,SVR_RBF,LOG1P,17,-5.693333,1.492873,1.203662
As_num,M7_Stage5_AdvancedRatios,SVR_RBF,LOG1P,18,-0.164903,9.959418,4.202925
As_num,M7_Stage5_AdvancedRatios,SVR_RBF,LOG1P,19,-0.295188,10.496697,5.161587
As_num,M7_Stage5_AdvancedRatios,SVR_RBF,LOG1P,20,-0.141968,5.232666,2.215653
As_num,M7_Stage5_AdvancedRatios,SVR_RBF,LOG1P,21,-0.013826,1.303727,0.880971
As_num,M7_Stage5_AdvancedRatios,SVR_RBF,LOG1P,22,-0.096405,5.150088,2.150597
As_num,M7_Stage5_AdvancedRatios,SVR_RBF,LOG1P,23,-0.191238,9.845127,4.062551
As_num,M7_Stage5_AdvancedRatios,SVR_RBF,LOG1P,24,-0.412878,4.515624,2.744429
As_num,M7_Stage5_AdvancedRatios,SVR_RBF,LOG1P,25,-0.143979,9.899118,4.021781
As_num,M7_Stage5_AdvancedRatios,SVR_RBF,RAW,1,-2.282089,0.506373,0.478877
As_num,M7_Stage5_AdvancedRatios,SVR_RBF,RAW,2,-0.314005,11.072402,5.743447
As_num,M7_Stage5_AdvancedRatios,SVR_RBF,RAW,3,-0.203737,4.244054,2.017321
As_num,M7_Stage5_AdvancedRatios,SVR_RBF,RAW,4,-0.128892,1.853806,1.195059
As_num,M7_Stage5_AdvancedRatios,SVR_RBF,RAW,5,-0.191837,9.975442,4.475837
As_num,M7_Stage5_AdvancedRatios,SVR_RBF,RAW,6,-0.148583,4.136801,1.964654
As_num,M7_Stage5_AdvancedRatios,SVR_RBF,RAW,7,0.213868,1.514839,0.962813
As_num,M7_Stage5_AdvancedRatios,SVR_RBF,RAW,8,-0.29588,5.356865,2.57028
As_num,M7_Stage5_AdvancedRatios,SVR_RBF,RAW,9,-0.149249,1.363879,0.875267
As_num,M7_Stage5_AdvancedRatios,SVR_RBF,RAW,10,-0.326333,13.832047,7.174174
As_num,M7_Stage5_AdvancedRatios,SVR_RBF,RAW,11,-0.162554,1.173395,0.818638
As_num,M7_Stage5_AdvancedRatios,SVR_RBF,RAW,12,-0.456082,6.870638,4.114222
As_num,M7_Stage5_AdvancedRatios,SVR_RBF,RAW,13,-0.130728,9.808294,4.098798
As_num,M7_Stage5_AdvancedRatios,SVR_RBF,RAW,14,-0.186881,9.766032,3.874914
As_num,M7_Stage5_AdvancedRatios,SVR_RBF,RAW,15,0.123296,1.139073,0.710227
As_num,M7_Stage5_AdvancedRatios,SVR_RBF,RAW,16,-0.286,1.984825,1.257755
As_num,M7_Stage5_AdvancedRatios,SVR_RBF,RAW,17,-2.566094,1.089678,0.98944
As_num,M7_Stage5_AdvancedRatios,SVR_RBF,RAW,18,-0.160523,9.940677,4.214582
As_num,M7_Stage5_AdvancedRatios,SVR_RBF,RAW,19,-0.292065,10.484033,5.142744
As_num,M7_Stage5_AdvancedRatios,SVR_RBF,RAW,20,-0.149011,5.248776,2.204907
As_num,M7_Stage5_AdvancedRatios,SVR_RBF,RAW,21,-0.014527,1.304177,0.896937
As_num,M7_Stage5_AdvancedRatios,SVR_RBF,RAW,22,-0.115425,5.194567,2.194247
As_num,M7_Stage5_AdvancedRatios,SVR_RBF,RAW,23,-0.171082,9.761482,3.88541
As_num,M7_Stage5_AdvancedRatios,SVR_RBF,RAW,24,-0.399865,4.494782,2.64579
As_num,M7_Stage5_AdvancedRatios,SVR_RBF,RAW,25,-0.130927,9.842485,3.976673
As_num,M8_Stage5_PlausibleInteractions,Ridge,LOG1P,1,-83.598894,2.570854,1.639693
As_num,M8_Stage5_PlausibleInteractions,Ridge,LOG1P,2,-0.292015,10.979363,6.072605
As_num,M8_Stage5_PlausibleInteractions,Ridge,LOG1P,3,-0.037686,3.940472,2.279208
As_num,M8_Stage5_PlausibleInteractions,Ridge,LOG1P,4,0.205832,1.55487,1.242319
As_num,M8_Stage5_PlausibleInteractions,Ridge,LOG1P,5,-0.140277,9.75728,4.92276
As_num,M8_Stage5_PlausibleInteractions,Ridge,LOG1P,6,-1.122816,5.623926,3.899099
As_num,M8_Stage5_PlausibleInteractions,Ridge,LOG1P,7,-0.530799,2.113868,1.632099
As_num,M8_Stage5_PlausibleInteractions,Ridge,LOG1P,8,-0.112968,4.964432,2.424805
As_num,M8_Stage5_PlausibleInteractions,Ridge,LOG1P,9,-0.31948,1.461404,1.148236
As_num,M8_Stage5_PlausibleInteractions,Ridge,LOG1P,10,-0.294871,13.667007,7.211587
As_num,M8_Stage5_PlausibleInteractions,Ridge,LOG1P,11,-1.328154,1.660517,1.389117
As_num,M8_Stage5_PlausibleInteractions,Ridge,LOG1P,12,-0.328,6.561501,4.169396
As_num,M8_Stage5_PlausibleInteractions,Ridge,LOG1P,13,-0.227535,10.219541,5.327648
As_num,M8_Stage5_PlausibleInteractions,Ridge,LOG1P,14,-0.198056,9.811899,4.29581
As_num,M8_Stage5_PlausibleInteractions,Ridge,LOG1P,15,-1.532695,1.93605,1.756874
As_num,M8_Stage5_PlausibleInteractions,Ridge,LOG1P,16,0.125503,1.636745,1.216529
As_num,M8_Stage5_PlausibleInteractions,Ridge,LOG1P,17,-24.523392,2.915217,2.525376
As_num,M8_Stage5_PlausibleInteractions,Ridge,LOG1P,18,-0.109639,9.720306,4.524863
As_num,M8_Stage5_PlausibleInteractions,Ridge,LOG1P,19,-0.236477,10.25603,5.043905
As_num,M8_Stage5_PlausibleInteractions,Ridge,LOG1P,20,-0.435226,5.866189,3.540036
As_num,M8_Stage5_PlausibleInteractions,Ridge,LOG1P,21,-0.785972,1.730383,1.450519
As_num,M8_Stage5_PlausibleInteractions,Ridge,LOG1P,22,-0.025039,4.979656,2.711192
As_num,M8_Stage5_PlausibleInteractions,Ridge,LOG1P,23,-0.133777,9.604749,4.396752
As_num,M8_Stage5_PlausibleInteractions,Ridge,LOG1P,24,-0.782936,5.072633,3.430928
As_num,M8_Stage5_PlausibleInteractions,Ridge,LOG1P,25,-0.081863,9.626613,4.056344
As_num,M8_Stage5_PlausibleInteractions,Ridge,RAW,1,-207.785598,4.038734,3.719428
As_num,M8_Stage5_PlausibleInteractions,Ridge,RAW,2,-0.24094,10.760163,7.316632
As_num,M8_Stage5_PlausibleInteractions,Ridge,RAW,3,-0.85088,5.262648,4.453903
As_num,M8_Stage5_PlausibleInteractions,Ridge,RAW,4,-1.822029,2.931019,2.209535
As_num,M8_Stage5_PlausibleInteractions,Ridge,RAW,5,-0.129899,9.712776,6.415026
As_num,M8_Stage5_PlausibleInteractions,Ridge,RAW,6,-1.486329,6.086431,5.656292
As_num,M8_Stage5_PlausibleInteractions,Ridge,RAW,7,-8.652249,5.308026,4.540764
As_num,M8_Stage5_PlausibleInteractions,Ridge,RAW,8,-0.021417,4.755867,2.98497
As_num,M8_Stage5_PlausibleInteractions,Ridge,RAW,9,-7.554158,3.720982,3.432338
As_num,M8_Stage5_PlausibleInteractions,Ridge,RAW,10,-0.224274,13.289219,7.49066
As_num,M8_Stage5_PlausibleInteractions,Ridge,RAW,11,-12.51202,4.000346,3.212994
As_num,M8_Stage5_PlausibleInteractions,Ridge,RAW,12,-0.452273,6.861645,5.522063
As_num,M8_Stage5_PlausibleInteractions,Ridge,RAW,13,-0.277222,10.424317,6.64965
As_num,M8_Stage5_PlausibleInteractions,Ridge,RAW,14,-0.084002,9.333179,4.966775
As_num,M8_Stage5_PlausibleInteractions,Ridge,RAW,15,-17.009964,5.162755,4.742196
As_num,M8_Stage5_PlausibleInteractions,Ridge,RAW,16,-1.061753,2.513159,1.884375
As_num,M8_Stage5_PlausibleInteractions,Ridge,RAW,17,-91.00082,5.534745,4.969743
As_num,M8_Stage5_PlausibleInteractions,Ridge,RAW,18,-0.078779,9.584189,6.210392
As_num,M8_Stage5_PlausibleInteractions,Ridge,RAW,19,-0.096457,9.657883,5.991324
As_num,M8_Stage5_PlausibleInteractions,Ridge,RAW,20,-0.554026,6.104149,5.086515
As_num,M8_Stage5_PlausibleInteractions,Ridge,RAW,21,-12.291907,4.720614,4.221337
As_num,M8_Stage5_PlausibleInteractions,Ridge,RAW,22,-0.461893,5.94685,5.072373
As_num,M8_Stage5_PlausibleInteractions,Ridge,RAW,23,-0.076364,9.358402,5.827766
As_num,M8_Stage5_PlausibleInteractions,Ridge,RAW,24,-1.783197,6.337784,5.50044
As_num,M8_Stage5_PlausibleInteractions,Ridge,RAW,25,-0.015439,9.326407,4.680766
As_num,M8_Stage5_PlausibleInteractions,Lasso,LOG1P,1,-12.706176,1.034792,0.985523
As_num,M8_Stage5_PlausibleInteractions,Lasso,LOG1P,2,-0.211433,10.631462,5.502357
As_num,M8_Stage5_PlausibleInteractions,Lasso,LOG1P,3,-0.026146,3.918498,2.101049
As_num,M8_Stage5_PlausibleInteractions,Lasso,LOG1P,4,0.190527,1.569781,1.201983
As_num,M8_Stage5_PlausibleInteractions,Lasso,LOG1P,5,-0.140743,9.759275,4.582486
As_num,M8_Stage5_PlausibleInteractions,Lasso,LOG1P,6,-0.085361,4.021338,2.354628
As_num,M8_Stage5_PlausibleInteractions,Lasso,LOG1P,7,0.203071,1.525206,1.300806
As_num,M8_Stage5_PlausibleInteractions,Lasso,LOG1P,8,-0.153394,5.053788,2.353921
As_num,M8_Stage5_PlausibleInteractions,Lasso,LOG1P,9,0.024314,1.256678,0.981715
As_num,M8_Stage5_PlausibleInteractions,Lasso,LOG1P,10,-0.273922,13.556004,7.169638
As_num,M8_Stage5_PlausibleInteractions,Lasso,LOG1P,11,-0.135643,1.159734,0.991102
As_num,M8_Stage5_PlausibleInteractions,Lasso,LOG1P,12,-0.337578,6.58512,4.072638
As_num,M8_Stage5_PlausibleInteractions,Lasso,LOG1P,13,-0.069755,9.540182,4.03569
As_num,M8_Stage5_PlausibleInteractions,Lasso,LOG1P,14,-0.077511,9.305193,3.769832
As_num,M8_Stage5_PlausibleInteractions,Lasso,LOG1P,15,-0.580778,1.529539,1.342776
As_num,M8_Stage5_PlausibleInteractions,Lasso,LOG1P,16,0.253811,1.511911,1.108059
As_num,M8_Stage5_PlausibleInteractions,Lasso,LOG1P,17,-9.371926,1.858367,1.672391
As_num,M8_Stage5_PlausibleInteractions,Lasso,LOG1P,18,-0.105657,9.702849,4.341365
As_num,M8_Stage5_PlausibleInteractions,Lasso,LOG1P,19,-0.211774,10.153063,4.963351
As_num,M8_Stage5_PlausibleInteractions,Lasso,LOG1P,20,-0.098519,5.132154,2.558381
As_num,M8_Stage5_PlausibleInteractions,Lasso,LOG1P,21,-0.284379,1.46741,1.258846
As_num,M8_Stage5_PlausibleInteractions,Lasso,LOG1P,22,-0.023789,4.976619,2.409911
As_num,M8_Stage5_PlausibleInteractions,Lasso,LOG1P,23,-0.056534,9.271796,4.079884
As_num,M8_Stage5_PlausibleInteractions,Lasso,LOG1P,24,-0.231093,4.215129,2.446895
As_num,M8_Stage5_PlausibleInteractions,Lasso,LOG1P,25,-0.089735,9.661575,4.031359
As_num,M8_Stage5_PlausibleInteractions,Lasso,RAW,1,-196.022846,3.923316,3.636496
As_num,M8_Stage5_PlausibleInteractions,Lasso,RAW,2,-0.184701,10.513512,7.08543
As_num,M8_Stage5_PlausibleInteractions,Lasso,RAW,3,-0.549514,4.815183,3.992875
As_num,M8_Stage5_PlausibleInteractions,Lasso,RAW,4,-1.651286,2.840967,2.111334
As_num,M8_Stage5_PlausibleInteractions,Lasso,RAW,5,-0.116403,9.654595,6.163843
As_num,M8_Stage5_PlausibleInteractions,Lasso,RAW,6,-1.461371,6.055806,5.668168
As_num,M8_Stage5_PlausibleInteractions,Lasso,RAW,7,-7.168978,4.883179,3.985272
As_num,M8_Stage5_PlausibleInteractions,Lasso,RAW,8,-0.007292,4.72287,2.935454
As_num,M8_Stage5_PlausibleInteractions,Lasso,RAW,9,-6.967184,3.591049,3.333963
As_num,M8_Stage5_PlausibleInteractions,Lasso,RAW,10,-0.175774,13.023333,7.506984
As_num,M8_Stage5_PlausibleInteractions,Lasso,RAW,11,-11.804919,3.894268,3.118669
As_num,M8_Stage5_PlausibleInteractions,Lasso,RAW,12,-0.389501,6.711717,5.408224
As_num,M8_Stage5_PlausibleInteractions,Lasso,RAW,13,-0.149435,9.889097,6.190373
As_num,M8_Stage5_PlausibleInteractions,Lasso,RAW,14,-0.014843,9.030546,4.656464
As_num,M8_Stage5_PlausibleInteractions,Lasso,RAW,15,-15.746334,4.978345,4.588708
As_num,M8_Stage5_PlausibleInteractions,Lasso,RAW,16,-0.735355,2.305663,1.877558
As_num,M8_Stage5_PlausibleInteractions,Lasso,RAW,17,-89.517568,5.489947,4.913294
As_num,M8_Stage5_PlausibleInteractions,Lasso,RAW,18,-0.081621,9.596805,6.065772
As_num,M8_Stage5_PlausibleInteractions,Lasso,RAW,19,-0.062996,9.509375,5.962966
As_num,M8_Stage5_PlausibleInteractions,Lasso,RAW,20,-0.504116,6.005327,4.973373
As_num,M8_Stage5_PlausibleInteractions,Lasso,RAW,21,-11.750195,4.623419,4.175996
As_num,M8_Stage5_PlausibleInteractions,Lasso,RAW,22,-0.395705,5.810667,4.860112
As_num,M8_Stage5_PlausibleInteractions,Lasso,RAW,23,-0.022604,9.121701,5.654011
As_num,M8_Stage5_PlausibleInteractions,Lasso,RAW,24,-1.500182,6.006912,5.10162
As_num,M8_Stage5_PlausibleInteractions,Lasso,RAW,25,-0.013363,9.31687,4.559883
As_num,M8_Stage5_PlausibleInteractions,HuberRegressor,LOG1P,1,-347383.429812,164.740428,58.650842
As_num,M8_Stage5_PlausibleInteractions,HuberRegressor,LOG1P,2,-0.378864,11.342376,6.407326
As_num,M8_Stage5_PlausibleInteractions,HuberRegressor,LOG1P,3,-0.176503,4.19577,2.429718
As_num,M8_Stage5_PlausibleInteractions,HuberRegressor,LOG1P,4,-0.366756,2.039781,1.36984
As_num,M8_Stage5_PlausibleInteractions,HuberRegressor,LOG1P,5,-0.191755,9.975097,4.519201
As_num,M8_Stage5_PlausibleInteractions,HuberRegressor,LOG1P,6,-88.697481,36.557255,14.870532
As_num,M8_Stage5_PlausibleInteractions,HuberRegressor,LOG1P,7,-1.255994,2.566184,1.918066
As_num,M8_Stage5_PlausibleInteractions,HuberRegressor,LOG1P,8,-0.240841,5.241872,2.666919
As_num,M8_Stage5_PlausibleInteractions,HuberRegressor,LOG1P,9,0.111176,1.199435,0.841804
As_num,M8_Stage5_PlausibleInteractions,HuberRegressor,LOG1P,10,-0.331308,13.857968,7.547777
As_num,M8_Stage5_PlausibleInteractions,HuberRegressor,LOG1P,11,-0.424219,1.298751,0.985723
As_num,M8_Stage5_PlausibleInteractions,HuberRegressor,LOG1P,12,-0.425626,6.798404,4.075139
As_num,M8_Stage5_PlausibleInteractions,HuberRegressor,LOG1P,13,-0.386081,10.859473,5.86153
As_num,M8_Stage5_PlausibleInteractions,HuberRegressor,LOG1P,14,-0.243366,9.995716,4.235098
As_num,M8_Stage5_PlausibleInteractions,HuberRegressor,LOG1P,15,0.048207,1.186851,1.001085
As_num,M8_Stage5_PlausibleInteractions,HuberRegressor,LOG1P,16,-0.433003,2.095199,1.324293
As_num,M8_Stage5_PlausibleInteractions,HuberRegressor,LOG1P,17,-18.049195,2.518489,1.964286
As_num,M8_Stage5_PlausibleInteractions,HuberRegressor,LOG1P,18,-0.16127,9.943877,4.295935
As_num,M8_Stage5_PlausibleInteractions,HuberRegressor,LOG1P,19,-0.307902,10.548089,5.107499
As_num,M8_Stage5_PlausibleInteractions,HuberRegressor,LOG1P,20,-14.110175,19.034027,8.80297
As_num,M8_Stage5_PlausibleInteractions,HuberRegressor,LOG1P,21,-0.303963,1.478555,1.166057
As_num,M8_Stage5_PlausibleInteractions,HuberRegressor,LOG1P,22,-0.084501,5.122055,2.385981
As_num,M8_Stage5_PlausibleInteractions,HuberRegressor,LOG1P,23,-0.217119,9.951501,4.387194
As_num,M8_Stage5_PlausibleInteractions,HuberRegressor,LOG1P,24,-1.355079,5.829995,3.933078
As_num,M8_Stage5_PlausibleInteractions,HuberRegressor,LOG1P,25,-0.090334,9.66423,4.240206
As_num,M8_Stage5_PlausibleInteractions,HuberRegressor,RAW,1,-192.225542,3.885324,1.853986
As_num,M8_Stage5_PlausibleInteractions,HuberRegressor,RAW,2,-0.399187,11.425659,6.405134
As_num,M8_Stage5_PlausibleInteractions,HuberRegressor,RAW,3,-0.215237,4.264278,2.661503
As_num,M8_Stage5_PlausibleInteractions,HuberRegressor,RAW,4,-0.309094,1.996289,1.346507
As_num,M8_Stage5_PlausibleInteractions,HuberRegressor,RAW,5,-0.185258,9.94787,4.497589
As_num,M8_Stage5_PlausibleInteractions,HuberRegressor,RAW,6,-1.13233,5.636514,3.518609
As_num,M8_Stage5_PlausibleInteractions,HuberRegressor,RAW,7,-0.799926,2.292166,1.984651
As_num,M8_Stage5_PlausibleInteractions,HuberRegressor,RAW,8,-0.242212,5.244767,2.648544
As_num,M8_Stage5_PlausibleInteractions,HuberRegressor,RAW,9,0.083337,1.218074,0.910074
As_num,M8_Stage5_PlausibleInteractions,HuberRegressor,RAW,10,-0.330708,13.854844,7.503623
As_num,M8_Stage5_PlausibleInteractions,HuberRegressor,RAW,11,-0.516112,1.339995,1.048613
As_num,M8_Stage5_PlausibleInteractions,HuberRegressor,RAW,12,-0.422683,6.791382,4.098898
As_num,M8_Stage5_PlausibleInteractions,HuberRegressor,RAW,13,-0.143001,9.86138,4.961688
As_num,M8_Stage5_PlausibleInteractions,HuberRegressor,RAW,14,-0.311978,10.26781,4.432412
As_num,M8_Stage5_PlausibleInteractions,HuberRegressor,RAW,15,0.042134,1.190632,1.042695
As_num,M8_Stage5_PlausibleInteractions,HuberRegressor,RAW,16,-0.447529,2.105791,1.404223
As_num,M8_Stage5_PlausibleInteractions,HuberRegressor,RAW,17,-12.92147,2.153001,1.836271
As_num,M8_Stage5_PlausibleInteractions,HuberRegressor,RAW,18,-0.154629,9.915404,4.282315
As_num,M8_Stage5_PlausibleInteractions,HuberRegressor,RAW,19,-0.31332,10.569916,5.148094
As_num,M8_Stage5_PlausibleInteractions,HuberRegressor,RAW,20,-0.370597,5.732589,3.399951
As_num,M8_Stage5_PlausibleInteractions,HuberRegressor,RAW,21,-0.221168,1.430845,1.15194
As_num,M8_Stage5_PlausibleInteractions,HuberRegressor,RAW,22,-0.079383,5.109953,2.524903
As_num,M8_Stage5_PlausibleInteractions,HuberRegressor,RAW,23,-0.258806,10.120492,4.541224
As_num,M8_Stage5_PlausibleInteractions,HuberRegressor,RAW,24,-0.508282,4.665591,3.074434
As_num,M8_Stage5_PlausibleInteractions,HuberRegressor,RAW,25,-0.061888,9.53733,4.341668
As_num,M8_Stage5_PlausibleInteractions,SVR_RBF,LOG1P,1,-0.495441,0.341806,0.294059
As_num,M8_Stage5_PlausibleInteractions,SVR_RBF,LOG1P,2,-0.309283,11.052492,5.951924
As_num,M8_Stage5_PlausibleInteractions,SVR_RBF,LOG1P,3,-0.17739,4.197352,1.931817
As_num,M8_Stage5_PlausibleInteractions,SVR_RBF,LOG1P,4,-0.251923,1.952211,1.165495
As_num,M8_Stage5_PlausibleInteractions,SVR_RBF,LOG1P,5,-0.218692,10.087201,4.427196
As_num,M8_Stage5_PlausibleInteractions,SVR_RBF,LOG1P,6,-0.12508,4.094258,1.91908
As_num,M8_Stage5_PlausibleInteractions,SVR_RBF,LOG1P,7,0.162897,1.563177,0.978708
As_num,M8_Stage5_PlausibleInteractions,SVR_RBF,LOG1P,8,-0.286278,5.336982,2.577485
As_num,M8_Stage5_PlausibleInteractions,SVR_RBF,LOG1P,9,0.127597,1.188304,0.772079
As_num,M8_Stage5_PlausibleInteractions,SVR_RBF,LOG1P,10,-0.339288,13.899435,7.160159
As_num,M8_Stage5_PlausibleInteractions,SVR_RBF,LOG1P,11,-0.226148,1.205061,0.795312
As_num,M8_Stage5_PlausibleInteractions,SVR_RBF,LOG1P,12,-0.471601,6.907155,4.115282
As_num,M8_Stage5_PlausibleInteractions,SVR_RBF,LOG1P,13,-0.131173,9.810226,4.081125
As_num,M8_Stage5_PlausibleInteractions,SVR_RBF,LOG1P,14,-0.166892,9.683445,3.767137
As_num,M8_Stage5_PlausibleInteractions,SVR_RBF,LOG1P,15,0.335428,0.991736,0.661018
As_num,M8_Stage5_PlausibleInteractions,SVR_RBF,LOG1P,16,-0.25029,1.957073,1.191978
As_num,M8_Stage5_PlausibleInteractions,SVR_RBF,LOG1P,17,-4.891256,1.400573,1.098643
As_num,M8_Stage5_PlausibleInteractions,SVR_RBF,LOG1P,18,-0.186919,10.053091,4.16345
As_num,M8_Stage5_PlausibleInteractions,SVR_RBF,LOG1P,19,-0.28667,10.462122,5.001817
As_num,M8_Stage5_PlausibleInteractions,SVR_RBF,LOG1P,20,-0.119287,5.180441,2.21875
As_num,M8_Stage5_PlausibleInteractions,SVR_RBF,LOG1P,21,0.124778,1.211334,0.783868
As_num,M8_Stage5_PlausibleInteractions,SVR_RBF,LOG1P,22,-0.118389,5.201463,2.12537
As_num,M8_Stage5_PlausibleInteractions,SVR_RBF,LOG1P,23,-0.171264,9.762239,4.015993
As_num,M8_Stage5_PlausibleInteractions,SVR_RBF,LOG1P,24,-0.412448,4.514938,2.602526
As_num,M8_Stage5_PlausibleInteractions,SVR_RBF,LOG1P,25,-0.174278,10.029354,4.005475
As_num,M8_Stage5_PlausibleInteractions,SVR_RBF,RAW,1,-1.017993,0.397059,0.36988
As_num,M8_Stage5_PlausibleInteractions,SVR_RBF,RAW,2,-0.302644,11.024432,5.730543
As_num,M8_Stage5_PlausibleInteractions,SVR_RBF,RAW,3,-0.181654,4.204944,1.967524
As_num,M8_Stage5_PlausibleInteractions,SVR_RBF,RAW,4,-0.153293,1.873733,1.148622
As_num,M8_Stage5_PlausibleInteractions,SVR_RBF,RAW,5,-0.221906,10.100492,4.406112
As_num,M8_Stage5_PlausibleInteractions,SVR_RBF,RAW,6,-0.142941,4.126628,1.86962
As_num,M8_Stage5_PlausibleInteractions,SVR_RBF,RAW,7,0.190203,1.53747,0.955027
As_num,M8_Stage5_PlausibleInteractions,SVR_RBF,RAW,8,-0.291183,5.347147,2.561325
As_num,M8_Stage5_PlausibleInteractions,SVR_RBF,RAW,9,0.027889,1.254373,0.809921
As_num,M8_Stage5_PlausibleInteractions,SVR_RBF,RAW,10,-0.32772,13.83928,7.164448
As_num,M8_Stage5_PlausibleInteractions,SVR_RBF,RAW,11,-0.234317,1.209068,0.824186
As_num,M8_Stage5_PlausibleInteractions,SVR_RBF,RAW,12,-0.453116,6.863636,4.097616
As_num,M8_Stage5_PlausibleInteractions,SVR_RBF,RAW,13,-0.148908,9.88683,4.022232
As_num,M8_Stage5_PlausibleInteractions,SVR_RBF,RAW,14,-0.171263,9.701561,3.816902
As_num,M8_Stage5_PlausibleInteractions,SVR_RBF,RAW,15,0.243148,1.058353,0.676782
As_num,M8_Stage5_PlausibleInteractions,SVR_RBF,RAW,16,-0.238469,1.9478,1.200728
As_num,M8_Stage5_PlausibleInteractions,SVR_RBF,RAW,17,-1.810188,0.967318,0.875184
As_num,M8_Stage5_PlausibleInteractions,SVR_RBF,RAW,18,-0.191505,10.072495,4.223256
As_num,M8_Stage5_PlausibleInteractions,SVR_RBF,RAW,19,-0.287458,10.465325,5.032124
As_num,M8_Stage5_PlausibleInteractions,SVR_RBF,RAW,20,-0.133611,5.213482,2.198698
As_num,M8_Stage5_PlausibleInteractions,SVR_RBF,RAW,21,0.095586,1.23137,0.836175
As_num,M8_Stage5_PlausibleInteractions,SVR_RBF,RAW,22,-0.112985,5.188881,2.128059
As_num,M8_Stage5_PlausibleInteractions,SVR_RBF,RAW,23,-0.157066,9.702891,3.845652
As_num,M8_Stage5_PlausibleInteractions,SVR_RBF,RAW,24,-0.427347,4.538688,2.607761
As_num,M8_Stage5_PlausibleInteractions,SVR_RBF,RAW,25,-0.161225,9.973456,3.934533
Fe_num,M1_Core,Ridge,LOG1P,1,-1.035946,0.966123,0.818847
Fe_num,M1_Core,Ridge,LOG1P,2,-0.151645,6.80451,2.879639
Fe_num,M1_Core,Ridge,LOG1P,3,0.038844,2.160235,1.35277
Fe_num,M1_Core,Ridge,LOG1P,4,-0.307842,0.494463,0.399204
Fe_num,M1_Core,Ridge,LOG1P,5,-0.162082,3.124181,1.83555
Fe_num,M1_Core,Ridge,LOG1P,6,-0.065633,1.329959,1.038881
Fe_num,M1_Core,Ridge,LOG1P,7,-55.535343,0.927559,0.742395
Fe_num,M1_Core,Ridge,LOG1P,8,0.217578,0.593854,0.477131
Fe_num,M1_Core,Ridge,LOG1P,9,-0.224389,3.549424,2.056659
Fe_num,M1_Core,Ridge,LOG1P,10,-0.254961,6.944934,3.181757
Fe_num,M1_Core,Ridge,LOG1P,11,0.107712,1.870582,1.127088
Fe_num,M1_Core,Ridge,LOG1P,12,-0.001168,1.282415,0.990011
Fe_num,M1_Core,Ridge,LOG1P,13,-0.07976,1.247687,0.64219
Fe_num,M1_Core,Ridge,LOG1P,14,-0.129458,6.797641,2.923892
Fe_num,M1_Core,Ridge,LOG1P,15,-0.009977,2.879253,1.45827
Fe_num,M1_Core,Ridge,LOG1P,16,0.150289,1.826705,1.01996
Fe_num,M1_Core,Ridge,LOG1P,17,-1.927838,0.629235,0.554254
Fe_num,M1_Core,Ridge,LOG1P,18,-0.179612,3.160353,2.107995
Fe_num,M1_Core,Ridge,LOG1P,19,-0.185651,6.889915,3.2753
Fe_num,M1_Core,Ridge,LOG1P,20,-2.696446,0.599725,0.466198
Fe_num,M1_Core,Ridge,LOG1P,21,-0.439743,3.649557,2.250628
Fe_num,M1_Core,Ridge,LOG1P,22,-5.504106,0.969019,0.840082
Fe_num,M1_Core,Ridge,LOG1P,23,-0.132211,6.80007,3.053644
Fe_num,M1_Core,Ridge,LOG1P,24,0.039861,1.275958,0.792295
Fe_num,M1_Core,Ridge,LOG1P,25,-0.258118,1.327608,0.898538
Fe_num,M1_Core,Ridge,RAW,1,-14.556707,2.670596,2.08449
Fe_num,M1_Core,Ridge,RAW,2,-0.144195,6.782466,3.36301
Fe_num,M1_Core,Ridge,RAW,3,-1.038142,3.145729,2.993944
Fe_num,M1_Core,Ridge,RAW,4,-9.936454,1.429864,1.206085
Fe_num,M1_Core,Ridge,RAW,5,-0.141185,3.095962,2.363744
Fe_num,M1_Core,Ridge,RAW,6,-3.719749,2.798943,2.61342
Fe_num,M1_Core,Ridge,RAW,7,-277.685557,2.05939,1.832566
Fe_num,M1_Core,Ridge,RAW,8,-5.716348,1.739905,1.43782
Fe_num,M1_Core,Ridge,RAW,9,-0.162689,3.458835,2.320749
Fe_num,M1_Core,Ridge,RAW,10,-0.236672,6.894141,3.474686
Fe_num,M1_Core,Ridge,RAW,11,0.00681,1.973515,1.538673
Fe_num,M1_Core,Ridge,RAW,12,-1.39166,1.982096,1.914899
Fe_num,M1_Core,Ridge,RAW,13,-2.017495,2.085764,1.661987
Fe_num,M1_Core,Ridge,RAW,14,-0.107002,6.729728,3.217363
Fe_num,M1_Core,Ridge,RAW,15,-0.044033,2.927394,2.073335
Fe_num,M1_Core,Ridge,RAW,16,-0.129248,2.105851,1.810459
Fe_num,M1_Core,Ridge,RAW,17,-16.841168,1.553285,1.439492
Fe_num,M1_Core,Ridge,RAW,18,-0.362824,3.396924,2.854053
Fe_num,M1_Core,Ridge,RAW,19,-0.156105,6.803526,3.508424
Fe_num,M1_Core,Ridge,RAW,20,-41.347043,2.029886,1.71224
Fe_num,M1_Core,Ridge,RAW,21,-0.341496,3.522835,2.305482
Fe_num,M1_Core,Ridge,RAW,22,-37.584529,2.36018,2.141998
Fe_num,M1_Core,Ridge,RAW,23,-0.112636,6.74103,3.435196
Fe_num,M1_Core,Ridge,RAW,24,-3.282122,2.694628,2.18772
Fe_num,M1_Core,Ridge,RAW,25,-1.590753,1.905119,1.755131
Fe_num,M1_Core,Lasso,LOG1P,1,-0.226375,0.749827,0.706213
Fe_num,M1_Core,Lasso,LOG1P,2,-0.130476,6.741684,2.803231
Fe_num,M1_Core,Lasso,LOG1P,3,-0.117574,2.32939,1.432919
Fe_num,M1_Core,Lasso,LOG1P,4,-1.173729,0.637469,0.630799
Fe_num,M1_Core,Lasso,LOG1P,5,-0.258809,3.251603,1.867692
Fe_num,M1_Core,Lasso,LOG1P,6,0.04853,1.256701,0.876343
Fe_num,M1_Core,Lasso,LOG1P,7,-28.975688,0.675408,0.626317
Fe_num,M1_Core,Lasso,LOG1P,8,-0.2083,0.737983,0.689025
Fe_num,M1_Core,Lasso,LOG1P,9,-0.314069,3.677116,2.17725
Fe_num,M1_Core,Lasso,LOG1P,10,-0.242539,6.910477,3.205531
Fe_num,M1_Core,Lasso,LOG1P,11,-0.105864,2.082451,1.236515
Fe_num,M1_Core,Lasso,LOG1P,12,-0.029609,1.300503,0.978257
Fe_num,M1_Core,Lasso,LOG1P,13,-0.097637,1.257973,0.761254
Fe_num,M1_Core,Lasso,LOG1P,14,-0.108154,6.733227,2.826216
Fe_num,M1_Core,Lasso,LOG1P,15,-0.114311,3.024317,1.525877
Fe_num,M1_Core,Lasso,LOG1P,16,-0.026759,2.008016,1.070578
Fe_num,M1_Core,Lasso,LOG1P,17,-1.331717,0.561536,0.500363
Fe_num,M1_Core,Lasso,LOG1P,18,-0.267554,3.276041,1.983914
Fe_num,M1_Core,Lasso,LOG1P,19,-0.17593,6.861613,3.230405
Fe_num,M1_Core,Lasso,LOG1P,20,-2.819039,0.609589,0.561342
Fe_num,M1_Core,Lasso,LOG1P,21,-0.521203,3.751382,2.345171
Fe_num,M1_Core,Lasso,LOG1P,22,-2.903372,0.750686,0.70857
Fe_num,M1_Core,Lasso,LOG1P,23,-0.117251,6.754994,2.93022
Fe_num,M1_Core,Lasso,LOG1P,24,-0.018528,1.314183,0.993875
Fe_num,M1_Core,Lasso,LOG1P,25,-0.124775,1.255284,0.790744
Fe_num,M1_Core,Lasso,RAW,1,-12.69401,2.505617,1.989941
Fe_num,M1_Core,Lasso,RAW,2,-0.099654,6.649143,3.207193
Fe_num,M1_Core,Lasso,RAW,3,-0.543806,2.737793,2.598457
Fe_num,M1_Core,Lasso,RAW,4,-9.814481,1.421868,1.209064
Fe_num,M1_Core,Lasso,RAW,5,-0.135344,3.08803,2.266678
Fe_num,M1_Core,Lasso,RAW,6,-3.165667,2.629522,2.44735
Fe_num,M1_Core,Lasso,RAW,7,-257.395272,1.983005,1.843119
Fe_num,M1_Core,Lasso,RAW,8,-3.640681,1.446271,1.093938
Fe_num,M1_Core,Lasso,RAW,9,-0.178095,3.481675,2.272794
Fe_num,M1_Core,Lasso,RAW,10,-0.202937,6.799459,3.294197
Fe_num,M1_Core,Lasso,RAW,11,0.087123,1.892039,1.389413
Fe_num,M1_Core,Lasso,RAW,12,-1.378591,1.976674,1.926474
Fe_num,M1_Core,Lasso,RAW,13,-1.490854,1.89503,1.539931
Fe_num,M1_Core,Lasso,RAW,14,-0.067244,6.607772,3.148323
Fe_num,M1_Core,Lasso,RAW,15,-0.062253,2.952827,2.036007
Fe_num,M1_Core,Lasso,RAW,16,-0.024601,2.005905,1.695614
Fe_num,M1_Core,Lasso,RAW,17,-16.556007,1.540822,1.475132
Fe_num,M1_Core,Lasso,RAW,18,-0.300401,3.318216,2.722801
Fe_num,M1_Core,Lasso,RAW,19,-0.119831,6.695942,3.459326
Fe_num,M1_Core,Lasso,RAW,20,-35.001446,1.87163,1.605977
Fe_num,M1_Core,Lasso,RAW,21,-0.311082,3.482672,2.250094
Fe_num,M1_Core,Lasso,RAW,22,-33.450774,2.23017,2.024077
Fe_num,M1_Core,Lasso,RAW,23,-0.086643,6.661822,3.305955
Fe_num,M1_Core,Lasso,RAW,24,-3.072431,2.627823,2.183805
Fe_num,M1_Core,Lasso,RAW,25,-1.097857,1.71434,1.569018
Fe_num,M1_Core,HuberRegressor,LOG1P,1,-0.002307,0.677875,0.438225
Fe_num,M1_Core,HuberRegressor,LOG1P,2,-0.167051,6.849874,2.689275
Fe_num,M1_Core,HuberRegressor,LOG1P,3,-0.198014,2.411766,1.351888
Fe_num,M1_Core,HuberRegressor,LOG1P,4,0.697419,0.237836,0.21299
Fe_num,M1_Core,HuberRegressor,LOG1P,5,-0.343902,3.359708,1.894618
Fe_num,M1_Core,HuberRegressor,LOG1P,6,0.032272,1.267393,0.644896
Fe_num,M1_Core,HuberRegressor,LOG1P,7,-14.32455,0.48292,0.356905
Fe_num,M1_Core,HuberRegressor,LOG1P,8,-0.101566,0.704635,0.453005
Fe_num,M1_Core,HuberRegressor,LOG1P,9,-0.33162,3.701589,2.087179
Fe_num,M1_Core,HuberRegressor,LOG1P,10,-0.274368,6.998427,3.223588
Fe_num,M1_Core,HuberRegressor,LOG1P,11,-0.143169,2.117285,1.10719
Fe_num,M1_Core,HuberRegressor,LOG1P,12,0.018085,1.270024,0.644798
Fe_num,M1_Core,HuberRegressor,LOG1P,13,-0.158692,1.292486,0.528764
Fe_num,M1_Core,HuberRegressor,LOG1P,14,-0.153157,6.868588,2.755517
Fe_num,M1_Core,HuberRegressor,LOG1P,15,-0.155378,3.079541,1.451935
Fe_num,M1_Core,HuberRegressor,LOG1P,16,-0.074337,2.054013,0.943564
Fe_num,M1_Core,HuberRegressor,LOG1P,17,0.205911,0.327698,0.249951
Fe_num,M1_Core,HuberRegressor,LOG1P,18,-0.319654,3.342689,1.938548
Fe_num,M1_Core,HuberRegressor,LOG1P,19,-0.213046,6.969058,3.175059
Fe_num,M1_Core,HuberRegressor,LOG1P,20,0.182288,0.282072,0.238242
Fe_num,M1_Core,HuberRegressor,LOG1P,21,-0.583334,3.827225,2.377043
Fe_num,M1_Core,HuberRegressor,LOG1P,22,-0.830949,0.514134,0.381393
Fe_num,M1_Core,HuberRegressor,LOG1P,23,-0.150736,6.855474,2.839153
Fe_num,M1_Core,HuberRegressor,LOG1P,24,0.021454,1.288131,0.574831
Fe_num,M1_Core,HuberRegressor,LOG1P,25,-0.256148,1.326568,0.72321
Fe_num,M1_Core,HuberRegressor,RAW,1,0.001679,0.676526,0.465124
Fe_num,M1_Core,HuberRegressor,RAW,2,-0.160638,6.831029,2.728805
Fe_num,M1_Core,HuberRegressor,RAW,3,-0.192637,2.406347,1.39991
Fe_num,M1_Core,HuberRegressor,RAW,4,0.567098,0.28448,0.262791
Fe_num,M1_Core,HuberRegressor,RAW,5,-0.348625,3.365606,1.903283
Fe_num,M1_Core,HuberRegressor,RAW,6,0.053679,1.253297,0.679928
Fe_num,M1_Core,HuberRegressor,RAW,7,-17.238313,0.526834,0.41355
Fe_num,M1_Core,HuberRegressor,RAW,8,-0.120439,0.710645,0.49801
Fe_num,M1_Core,HuberRegressor,RAW,9,-0.322693,3.689162,2.087952
Fe_num,M1_Core,HuberRegressor,RAW,10,-0.271795,6.991358,3.225809
Fe_num,M1_Core,HuberRegressor,RAW,11,-0.138704,2.113146,1.126302
Fe_num,M1_Core,HuberRegressor,RAW,12,0.035597,1.258648,0.690735
Fe_num,M1_Core,HuberRegressor,RAW,13,-0.144695,1.284656,0.567386
Fe_num,M1_Core,HuberRegressor,RAW,14,-0.14648,6.848674,2.788581
Fe_num,M1_Core,HuberRegressor,RAW,15,-0.160931,3.086934,1.459768
Fe_num,M1_Core,HuberRegressor,RAW,16,-0.060077,2.040335,0.940647
Fe_num,M1_Core,HuberRegressor,RAW,17,0.078119,0.353083,0.284742
Fe_num,M1_Core,HuberRegressor,RAW,18,-0.315268,3.337129,1.947834
Fe_num,M1_Core,HuberRegressor,RAW,19,-0.207913,6.954298,3.216365
Fe_num,M1_Core,HuberRegressor,RAW,20,-0.120306,0.330163,0.287091
Fe_num,M1_Core,HuberRegressor,RAW,21,-0.584599,3.828754,2.381495
Fe_num,M1_Core,HuberRegressor,RAW,22,-1.14731,0.556783,0.431009
Fe_num,M1_Core,HuberRegressor,RAW,23,-0.143656,6.834352,2.85641
Fe_num,M1_Core,HuberRegressor,RAW,24,0.032003,1.281169,0.635213
Fe_num,M1_Core,HuberRegressor,RAW,25,-0.263653,1.330525,0.7647
Fe_num,M1_Core,SVR_RBF,LOG1P,1,-0.037198,0.689573,0.512121
Fe_num,M1_Core,SVR_RBF,LOG1P,2,-0.181058,6.890859,2.819608
Fe_num,M1_Core,SVR_RBF,LOG1P,3,-0.006763,2.210893,1.322873
Fe_num,M1_Core,SVR_RBF,LOG1P,4,0.133017,0.402589,0.282253
Fe_num,M1_Core,SVR_RBF,LOG1P,5,-0.252502,3.243448,1.853807
Fe_num,M1_Core,SVR_RBF,LOG1P,6,0.078028,1.237068,0.714989
Fe_num,M1_Core,SVR_RBF,LOG1P,7,-10.8763,0.42513,0.35267
Fe_num,M1_Core,SVR_RBF,LOG1P,8,0.122757,0.628809,0.47639
Fe_num,M1_Core,SVR_RBF,LOG1P,9,-0.321438,3.687411,2.109228
Fe_num,M1_Core,SVR_RBF,LOG1P,10,-0.298031,7.063101,3.416405
Fe_num,M1_Core,SVR_RBF,LOG1P,11,-0.023699,2.003596,1.09063
Fe_num,M1_Core,SVR_RBF,LOG1P,12,0.101898,1.214613,0.680807
Fe_num,M1_Core,SVR_RBF,LOG1P,13,-0.240961,1.337584,0.662138
Fe_num,M1_Core,SVR_RBF,LOG1P,14,-0.167356,6.910746,2.761017
Fe_num,M1_Core,SVR_RBF,LOG1P,15,-0.074,2.969109,1.438847
Fe_num,M1_Core,SVR_RBF,LOG1P,16,0.046688,1.934863,0.89803
Fe_num,M1_Core,SVR_RBF,LOG1P,17,-0.099002,0.385513,0.322916
Fe_num,M1_Core,SVR_RBF,LOG1P,18,-0.243057,3.244229,1.993065
Fe_num,M1_Core,SVR_RBF,LOG1P,19,-0.224178,7.000962,3.189168
Fe_num,M1_Core,SVR_RBF,LOG1P,20,-1.89878,0.531089,0.463346
Fe_num,M1_Core,SVR_RBF,LOG1P,21,-0.545414,3.781117,2.392362
Fe_num,M1_Core,SVR_RBF,LOG1P,22,-1.361896,0.583941,0.470773
Fe_num,M1_Core,SVR_RBF,LOG1P,23,-0.180545,6.943699,2.893064
Fe_num,M1_Core,SVR_RBF,LOG1P,24,0.123587,1.219056,0.630943
Fe_num,M1_Core,SVR_RBF,LOG1P,25,-0.341673,1.370984,0.695045
Fe_num,M1_Core,SVR_RBF,RAW,1,-0.059868,0.697068,0.511434
Fe_num,M1_Core,SVR_RBF,RAW,2,-0.177389,6.880147,2.800706
Fe_num,M1_Core,SVR_RBF,RAW,3,-0.075082,2.284678,1.367152
Fe_num,M1_Core,SVR_RBF,RAW,4,0.212037,0.383804,0.276133
Fe_num,M1_Core,SVR_RBF,RAW,5,-0.286775,3.287525,1.880595
Fe_num,M1_Core,SVR_RBF,RAW,6,0.077788,1.237229,0.716137
Fe_num,M1_Core,SVR_RBF,RAW,7,-10.207096,0.412979,0.362811
Fe_num,M1_Core,SVR_RBF,RAW,8,-0.019222,0.677787,0.500099
Fe_num,M1_Core,SVR_RBF,RAW,9,-0.320587,3.686223,2.100936
Fe_num,M1_Core,SVR_RBF,RAW,10,-0.298415,7.064147,3.413745
Fe_num,M1_Core,SVR_RBF,RAW,11,-0.072975,2.051252,1.098979
Fe_num,M1_Core,SVR_RBF,RAW,12,0.052328,1.247683,0.672178
Fe_num,M1_Core,SVR_RBF,RAW,13,-0.277518,1.357143,0.700621
Fe_num,M1_Core,SVR_RBF,RAW,14,-0.1713,6.922409,2.760745
Fe_num,M1_Core,SVR_RBF,RAW,15,-0.091047,2.992581,1.451488
Fe_num,M1_Core,SVR_RBF,RAW,16,-0.000383,1.982056,0.916029
Fe_num,M1_Core,SVR_RBF,RAW,17,0.123604,0.344263,0.281671
Fe_num,M1_Core,SVR_RBF,RAW,18,-0.290134,3.305091,2.000696
Fe_num,M1_Core,SVR_RBF,RAW,19,-0.22361,6.999338,3.196244
Fe_num,M1_Core,SVR_RBF,RAW,20,-1.579635,0.501002,0.447006
Fe_num,M1_Core,SVR_RBF,RAW,21,-0.523201,3.753845,2.371435
Fe_num,M1_Core,SVR_RBF,RAW,22,-1.110934,0.552047,0.446761
Fe_num,M1_Core,SVR_RBF,RAW,23,-0.175796,6.929718,2.906825
Fe_num,M1_Core,SVR_RBF,RAW,24,0.090135,1.242104,0.641916
Fe_num,M1_Core,SVR_RBF,RAW,25,-0.329926,1.364969,0.707812
Fe_num,M2_Core_Salinity,Ridge,LOG1P,1,-0.94751,0.944907,0.811573
Fe_num,M2_Core_Salinity,Ridge,LOG1P,2,-0.168887,6.855259,2.920141
Fe_num,M2_Core_Salinity,Ridge,LOG1P,3,0.016634,2.185052,1.358075
Fe_num,M2_Core_Salinity,Ridge,LOG1P,4,-0.192794,0.472214,0.376297
Fe_num,M2_Core_Salinity,Ridge,LOG1P,5,-0.222823,3.20479,1.853846
Fe_num,M2_Core_Salinity,Ridge,LOG1P,6,-0.064245,1.329093,1.050863
Fe_num,M2_Core_Salinity,Ridge,LOG1P,7,-73.47673,1.064613,0.839945
Fe_num,M2_Core_Salinity,Ridge,LOG1P,8,0.229755,0.589214,0.489107
Fe_num,M2_Core_Salinity,Ridge,LOG1P,9,-0.316409,3.680387,2.100922
Fe_num,M2_Core_Salinity,Ridge,LOG1P,10,-0.269039,6.983778,3.17612
Fe_num,M2_Core_Salinity,Ridge,LOG1P,11,0.047119,1.933052,1.199081
Fe_num,M2_Core_Salinity,Ridge,LOG1P,12,0.010574,1.274872,0.989704
Fe_num,M2_Core_Salinity,Ridge,LOG1P,13,-0.077583,1.246428,0.631336
Fe_num,M2_Core_Salinity,Ridge,LOG1P,14,-0.156596,6.878821,2.985348
Fe_num,M2_Core_Salinity,Ridge,LOG1P,15,-0.082026,2.980183,1.467612
Fe_num,M2_Core_Salinity,Ridge,LOG1P,16,0.121806,1.857069,1.017332
Fe_num,M2_Core_Salinity,Ridge,LOG1P,17,-2.740161,0.711188,0.631331
Fe_num,M2_Core_Salinity,Ridge,LOG1P,18,-0.221246,3.215642,2.042991
Fe_num,M2_Core_Salinity,Ridge,LOG1P,19,-0.202642,6.939107,3.289805
Fe_num,M2_Core_Salinity,Ridge,LOG1P,20,-2.455561,0.579855,0.45572
Fe_num,M2_Core_Salinity,Ridge,LOG1P,21,-0.598522,3.845537,2.468816
Fe_num,M2_Core_Salinity,Ridge,LOG1P,22,-5.531437,0.971053,0.836135
Fe_num,M2_Core_Salinity,Ridge,LOG1P,23,-0.169409,6.910873,3.229808
Fe_num,M2_Core_Salinity,Ridge,LOG1P,24,0.063178,1.260369,0.776079
Fe_num,M2_Core_Salinity,Ridge,LOG1P,25,-0.279305,1.33874,0.937728
Fe_num,M2_Core_Salinity,Ridge,RAW,1,-13.436032,2.572606,2.092777
Fe_num,M2_Core_Salinity,Ridge,RAW,2,-0.215951,6.991906,3.507282
Fe_num,M2_Core_Salinity,Ridge,RAW,3,-0.907612,3.043331,2.908454
Fe_num,M2_Core_Salinity,Ridge,RAW,4,-8.488064,1.331819,1.125001
Fe_num,M2_Core_Salinity,Ridge,RAW,5,-0.423358,3.4576,2.682236
Fe_num,M2_Core_Salinity,Ridge,RAW,6,-3.633721,2.773317,2.619195
Fe_num,M2_Core_Salinity,Ridge,RAW,7,-257.164439,1.982119,1.76208
Fe_num,M2_Core_Salinity,Ridge,RAW,8,-5.398725,1.698266,1.4187
Fe_num,M2_Core_Salinity,Ridge,RAW,9,-0.526764,3.963547,2.723161
Fe_num,M2_Core_Salinity,Ridge,RAW,10,-0.312472,7.102282,3.627033
Fe_num,M2_Core_Salinity,Ridge,RAW,11,-0.133859,2.108646,1.614321
Fe_num,M2_Core_Salinity,Ridge,RAW,12,-1.385021,1.979344,1.912891
Fe_num,M2_Core_Salinity,Ridge,RAW,13,-1.798304,2.008581,1.629539
Fe_num,M2_Core_Salinity,Ridge,RAW,14,-0.196386,6.996148,3.37225
Fe_num,M2_Core_Salinity,Ridge,RAW,15,-0.393252,3.381729,2.356501
Fe_num,M2_Core_Salinity,Ridge,RAW,16,-0.201999,2.172626,1.888728
Fe_num,M2_Core_Salinity,Ridge,RAW,17,-22.111402,1.767879,1.616779
Fe_num,M2_Core_Salinity,Ridge,RAW,18,-0.430925,3.480763,2.662705
Fe_num,M2_Core_Salinity,Ridge,RAW,19,-0.221554,6.993454,3.576962
Fe_num,M2_Core_Salinity,Ridge,RAW,20,-38.263772,1.954592,1.652073
Fe_num,M2_Core_Salinity,Ridge,RAW,21,-1.001957,4.303532,3.128785
Fe_num,M2_Core_Salinity,Ridge,RAW,22,-36.98174,2.341671,2.079412
Fe_num,M2_Core_Salinity,Ridge,RAW,23,-0.22061,7.060543,3.746273
Fe_num,M2_Core_Salinity,Ridge,RAW,24,-2.966321,2.593363,2.09436
Fe_num,M2_Core_Salinity,Ridge,RAW,25,-1.691064,1.941651,1.80164
Fe_num,M2_Core_Salinity,Lasso,LOG1P,1,-0.226374,0.749827,0.706213
Fe_num,M2_Core_Salinity,Lasso,LOG1P,2,-0.142145,6.776389,2.822864
Fe_num,M2_Core_Salinity,Lasso,LOG1P,3,-0.117574,2.32939,1.432919
Fe_num,M2_Core_Salinity,Lasso,LOG1P,4,-1.173729,0.637469,0.630799
Fe_num,M2_Core_Salinity,Lasso,LOG1P,5,-0.258809,3.251603,1.867692
Fe_num,M2_Core_Salinity,Lasso,LOG1P,6,0.04853,1.256701,0.876343
Fe_num,M2_Core_Salinity,Lasso,LOG1P,7,-34.467722,0.73468,0.669189
Fe_num,M2_Core_Salinity,Lasso,LOG1P,8,-0.2083,0.737983,0.689025
Fe_num,M2_Core_Salinity,Lasso,LOG1P,9,-0.314069,3.677116,2.17725
Fe_num,M2_Core_Salinity,Lasso,LOG1P,10,-0.254377,6.943318,3.198126
Fe_num,M2_Core_Salinity,Lasso,LOG1P,11,-0.105864,2.082451,1.236515
Fe_num,M2_Core_Salinity,Lasso,LOG1P,12,-0.029609,1.300503,0.978257
Fe_num,M2_Core_Salinity,Lasso,LOG1P,13,-0.097637,1.257973,0.761254
Fe_num,M2_Core_Salinity,Lasso,LOG1P,14,-0.119852,6.768672,2.862876
Fe_num,M2_Core_Salinity,Lasso,LOG1P,15,-0.114311,3.024317,1.525877
Fe_num,M2_Core_Salinity,Lasso,LOG1P,16,-0.026759,2.008016,1.070578
Fe_num,M2_Core_Salinity,Lasso,LOG1P,17,-1.331717,0.561536,0.500363
Fe_num,M2_Core_Salinity,Lasso,LOG1P,18,-0.267554,3.276041,1.983914
Fe_num,M2_Core_Salinity,Lasso,LOG1P,19,-0.185601,6.88977,3.254179
Fe_num,M2_Core_Salinity,Lasso,LOG1P,20,-2.819043,0.609589,0.56134
Fe_num,M2_Core_Salinity,Lasso,LOG1P,21,-0.521203,3.751382,2.345171
Fe_num,M2_Core_Salinity,Lasso,LOG1P,22,-2.903372,0.750686,0.70857
Fe_num,M2_Core_Salinity,Lasso,LOG1P,23,-0.131575,6.798158,3.020192
Fe_num,M2_Core_Salinity,Lasso,LOG1P,24,-0.018528,1.314183,0.993875
Fe_num,M2_Core_Salinity,Lasso,LOG1P,25,-0.124775,1.255284,0.790744
Fe_num,M2_Core_Salinity,Lasso,RAW,1,-12.703452,2.50648,1.990599
Fe_num,M2_Core_Salinity,Lasso,RAW,2,-0.14285,6.778479,3.322064
Fe_num,M2_Core_Salinity,Lasso,RAW,3,-0.543806,2.737793,2.598457
Fe_num,M2_Core_Salinity,Lasso,RAW,4,-9.814531,1.421871,1.209093
Fe_num,M2_Core_Salinity,Lasso,RAW,5,-0.238876,3.225757,2.400871
Fe_num,M2_Core_Salinity,Lasso,RAW,6,-3.165667,2.629522,2.44735
Fe_num,M2_Core_Salinity,Lasso,RAW,7,-257.137301,1.982015,1.842134
Fe_num,M2_Core_Salinity,Lasso,RAW,8,-3.642139,1.446499,1.094033
Fe_num,M2_Core_Salinity,Lasso,RAW,9,-0.383839,3.77347,2.491745
Fe_num,M2_Core_Salinity,Lasso,RAW,10,-0.259407,6.957223,3.41817
Fe_num,M2_Core_Salinity,Lasso,RAW,11,0.087123,1.892039,1.389413
Fe_num,M2_Core_Salinity,Lasso,RAW,12,-1.378591,1.976674,1.926474
Fe_num,M2_Core_Salinity,Lasso,RAW,13,-1.490854,1.89503,1.539931
Fe_num,M2_Core_Salinity,Lasso,RAW,14,-0.11819,6.763649,3.248845
Fe_num,M2_Core_Salinity,Lasso,RAW,15,-0.16143,3.087597,2.124445
Fe_num,M2_Core_Salinity,Lasso,RAW,16,-0.024601,2.005905,1.695614
Fe_num,M2_Core_Salinity,Lasso,RAW,17,-16.556007,1.540822,1.475132
Fe_num,M2_Core_Salinity,Lasso,RAW,18,-0.300401,3.318216,2.722801
Fe_num,M2_Core_Salinity,Lasso,RAW,19,-0.16061,6.816768,3.530367
Fe_num,M2_Core_Salinity,Lasso,RAW,20,-35.002031,1.871645,1.605992
Fe_num,M2_Core_Salinity,Lasso,RAW,21,-0.789269,4.068511,2.866978
Fe_num,M2_Core_Salinity,Lasso,RAW,22,-33.450774,2.23017,2.024077
Fe_num,M2_Core_Salinity,Lasso,RAW,23,-0.147374,6.845453,3.52368
Fe_num,M2_Core_Salinity,Lasso,RAW,24,-3.072431,2.627823,2.183805
Fe_num,M2_Core_Salinity,Lasso,RAW,25,-1.097551,1.714215,1.568877
Fe_num,M2_Core_Salinity,HuberRegressor,LOG1P,1,0.004331,0.675627,0.437313
Fe_num,M2_Core_Salinity,HuberRegressor,LOG1P,2,-0.16922,6.856237,2.690662
Fe_num,M2_Core_Salinity,HuberRegressor,LOG1P,3,-0.223208,2.436993,1.396964
Fe_num,M2_Core_Salinity,HuberRegressor,LOG1P,4,0.635202,0.261145,0.22201
Fe_num,M2_Core_Salinity,HuberRegressor,LOG1P,5,-0.358378,3.377754,1.899967
Fe_num,M2_Core_Salinity,HuberRegressor,LOG1P,6,0.053917,1.253139,0.676204
Fe_num,M2_Core_Salinity,HuberRegressor,LOG1P,7,-35.155972,0.741774,0.575251
Fe_num,M2_Core_Salinity,HuberRegressor,LOG1P,8,-0.21569,0.740236,0.504753
Fe_num,M2_Core_Salinity,HuberRegressor,LOG1P,9,-0.375416,3.761968,2.136394
Fe_num,M2_Core_Salinity,HuberRegressor,LOG1P,10,-0.264917,6.972427,3.242518
Fe_num,M2_Core_Salinity,HuberRegressor,LOG1P,11,-0.191375,2.161465,1.16937
Fe_num,M2_Core_Salinity,HuberRegressor,LOG1P,12,0.035783,1.258527,0.653026
Fe_num,M2_Core_Salinity,HuberRegressor,LOG1P,13,-0.164772,1.295873,0.561995
Fe_num,M2_Core_Salinity,HuberRegressor,LOG1P,14,-0.163045,6.897974,2.770938
Fe_num,M2_Core_Salinity,HuberRegressor,LOG1P,15,-0.164284,3.091388,1.451531
Fe_num,M2_Core_Salinity,HuberRegressor,LOG1P,16,-0.088887,2.067875,0.942295
Fe_num,M2_Core_Salinity,HuberRegressor,LOG1P,17,-0.172964,0.398274,0.331905
Fe_num,M2_Core_Salinity,HuberRegressor,LOG1P,18,-0.34303,3.372165,1.950735
Fe_num,M2_Core_Salinity,HuberRegressor,LOG1P,19,-0.21573,6.976764,3.17499
Fe_num,M2_Core_Salinity,HuberRegressor,LOG1P,20,0.198928,0.279187,0.237029
Fe_num,M2_Core_Salinity,HuberRegressor,LOG1P,21,-0.636827,3.89134,2.444385
Fe_num,M2_Core_Salinity,HuberRegressor,LOG1P,22,-0.81852,0.512386,0.379007
Fe_num,M2_Core_Salinity,HuberRegressor,LOG1P,23,-0.176408,6.931524,2.942189
Fe_num,M2_Core_Salinity,HuberRegressor,LOG1P,24,0.032487,1.280848,0.596591
Fe_num,M2_Core_Salinity,HuberRegressor,LOG1P,25,-0.280215,1.339215,0.791083
Fe_num,M2_Core_Salinity,HuberRegressor,RAW,1,-0.015144,0.682202,0.466875
Fe_num,M2_Core_Salinity,HuberRegressor,RAW,2,-0.16645,6.848109,2.733624
Fe_num,M2_Core_Salinity,HuberRegressor,RAW,3,-0.21076,2.424561,1.42408
Fe_num,M2_Core_Salinity,HuberRegressor,RAW,4,0.509532,0.302804,0.269675
Fe_num,M2_Core_Salinity,HuberRegressor,RAW,5,-0.3594,3.379024,1.906883
Fe_num,M2_Core_Salinity,HuberRegressor,RAW,6,0.065133,1.245689,0.70046
Fe_num,M2_Core_Salinity,HuberRegressor,RAW,7,-36.934152,0.759795,0.656748
Fe_num,M2_Core_Salinity,HuberRegressor,RAW,8,-0.244589,0.748983,0.545593
Fe_num,M2_Core_Salinity,HuberRegressor,RAW,9,-0.364797,3.747418,2.141655
Fe_num,M2_Core_Salinity,HuberRegressor,RAW,10,-0.262548,6.965894,3.238371
Fe_num,M2_Core_Salinity,HuberRegressor,RAW,11,-0.180155,2.151263,1.182439
Fe_num,M2_Core_Salinity,HuberRegressor,RAW,12,0.04566,1.252064,0.695861
Fe_num,M2_Core_Salinity,HuberRegressor,RAW,13,-0.153419,1.289542,0.594293
Fe_num,M2_Core_Salinity,HuberRegressor,RAW,14,-0.162763,6.897138,2.811534
Fe_num,M2_Core_Salinity,HuberRegressor,RAW,15,-0.166588,3.094445,1.458255
Fe_num,M2_Core_Salinity,HuberRegressor,RAW,16,-0.073836,2.053534,0.941848
Fe_num,M2_Core_Salinity,HuberRegressor,RAW,17,-0.286433,0.417093,0.352457
Fe_num,M2_Core_Salinity,HuberRegressor,RAW,18,-0.333175,3.35977,1.955615
Fe_num,M2_Core_Salinity,HuberRegressor,RAW,19,-0.214096,6.972075,3.215555
Fe_num,M2_Core_Salinity,HuberRegressor,RAW,20,-0.133944,0.332166,0.288202
Fe_num,M2_Core_Salinity,HuberRegressor,RAW,21,-0.632957,3.886736,2.441393
Fe_num,M2_Core_Salinity,HuberRegressor,RAW,22,-1.143805,0.556328,0.430504
Fe_num,M2_Core_Salinity,HuberRegressor,RAW,23,-0.1775,6.934738,2.983275
Fe_num,M2_Core_Salinity,HuberRegressor,RAW,24,0.03735,1.277625,0.661456
Fe_num,M2_Core_Salinity,HuberRegressor,RAW,25,-0.294226,1.346524,0.833961
Fe_num,M2_Core_Salinity,SVR_RBF,LOG1P,1,0.007324,0.674611,0.501859
Fe_num,M2_Core_Salinity,SVR_RBF,LOG1P,2,-0.176822,6.878488,2.824105
Fe_num,M2_Core_Salinity,SVR_RBF,LOG1P,3,-0.032214,2.238665,1.318198
Fe_num,M2_Core_Salinity,SVR_RBF,LOG1P,4,-0.115064,0.456569,0.333968
Fe_num,M2_Core_Salinity,SVR_RBF,LOG1P,5,-0.285783,3.286257,1.872988
Fe_num,M2_Core_Salinity,SVR_RBF,LOG1P,6,0.096624,1.224529,0.686492
Fe_num,M2_Core_Salinity,SVR_RBF,LOG1P,7,-26.158063,0.642881,0.520824
Fe_num,M2_Core_Salinity,SVR_RBF,LOG1P,8,0.143867,0.621197,0.447731
Fe_num,M2_Core_Salinity,SVR_RBF,LOG1P,9,-0.353853,3.732364,2.146735
Fe_num,M2_Core_Salinity,SVR_RBF,LOG1P,10,-0.292494,7.048022,3.412058
Fe_num,M2_Core_Salinity,SVR_RBF,LOG1P,11,-0.050054,2.029224,1.081946
Fe_num,M2_Core_Salinity,SVR_RBF,LOG1P,12,0.089381,1.223048,0.675702
Fe_num,M2_Core_Salinity,SVR_RBF,LOG1P,13,-0.198135,1.314301,0.645302
Fe_num,M2_Core_Salinity,SVR_RBF,LOG1P,14,-0.174797,6.932737,2.782352
Fe_num,M2_Core_Salinity,SVR_RBF,LOG1P,15,-0.062832,2.953633,1.444536
Fe_num,M2_Core_Salinity,SVR_RBF,LOG1P,16,0.02633,1.955414,0.932825
Fe_num,M2_Core_Salinity,SVR_RBF,LOG1P,17,0.333811,0.30015,0.257958
Fe_num,M2_Core_Salinity,SVR_RBF,LOG1P,18,-0.252699,3.256787,1.976433
Fe_num,M2_Core_Salinity,SVR_RBF,LOG1P,19,-0.222091,6.994993,3.200193
Fe_num,M2_Core_Salinity,SVR_RBF,LOG1P,20,-2.626032,0.593985,0.507231
Fe_num,M2_Core_Salinity,SVR_RBF,LOG1P,21,-0.564419,3.804295,2.387954
Fe_num,M2_Core_Salinity,SVR_RBF,LOG1P,22,-1.537371,0.605244,0.491728
Fe_num,M2_Core_Salinity,SVR_RBF,LOG1P,23,-0.180748,6.944298,2.999619
Fe_num,M2_Core_Salinity,SVR_RBF,LOG1P,24,0.089988,1.242204,0.616392
Fe_num,M2_Core_Salinity,SVR_RBF,LOG1P,25,-0.306817,1.353058,0.706336
Fe_num,M2_Core_Salinity,SVR_RBF,RAW,1,-0.078331,0.703113,0.521547
Fe_num,M2_Core_Salinity,SVR_RBF,RAW,2,-0.174597,6.871982,2.816196
Fe_num,M2_Core_Salinity,SVR_RBF,RAW,3,-0.096078,2.306879,1.371159
Fe_num,M2_Core_Salinity,SVR_RBF,RAW,4,0.059605,0.419287,0.30307
Fe_num,M2_Core_Salinity,SVR_RBF,RAW,5,-0.320879,3.330805,1.896424
Fe_num,M2_Core_Salinity,SVR_RBF,RAW,6,0.062545,1.247412,0.700702
Fe_num,M2_Core_Salinity,SVR_RBF,RAW,7,-16.318179,0.513372,0.446802
Fe_num,M2_Core_Salinity,SVR_RBF,RAW,8,0.033389,0.660062,0.480423
Fe_num,M2_Core_Salinity,SVR_RBF,RAW,9,-0.350534,3.727786,2.134324
Fe_num,M2_Core_Salinity,SVR_RBF,RAW,10,-0.293739,7.051416,3.412339
Fe_num,M2_Core_Salinity,SVR_RBF,RAW,11,-0.097068,2.074153,1.092929
Fe_num,M2_Core_Salinity,SVR_RBF,RAW,12,0.030582,1.261916,0.695553
Fe_num,M2_Core_Salinity,SVR_RBF,RAW,13,-0.200251,1.315461,0.669783
Fe_num,M2_Core_Salinity,SVR_RBF,RAW,14,-0.173595,6.929189,2.76713
Fe_num,M2_Core_Salinity,SVR_RBF,RAW,15,-0.090872,2.992339,1.456132
Fe_num,M2_Core_Salinity,SVR_RBF,RAW,16,-0.02687,2.008124,0.951304
Fe_num,M2_Core_Salinity,SVR_RBF,RAW,17,0.343582,0.297941,0.23996
Fe_num,M2_Core_Salinity,SVR_RBF,RAW,18,-0.291683,3.307074,1.983659
Fe_num,M2_Core_Salinity,SVR_RBF,RAW,19,-0.22354,6.999139,3.205069
Fe_num,M2_Core_Salinity,SVR_RBF,RAW,20,-1.352109,0.478397,0.429398
Fe_num,M2_Core_Salinity,SVR_RBF,RAW,21,-0.5547,3.792461,2.385981
Fe_num,M2_Core_Salinity,SVR_RBF,RAW,22,-0.963331,0.532397,0.423933
Fe_num,M2_Core_Salinity,SVR_RBF,RAW,23,-0.174532,6.925995,2.980951
Fe_num,M2_Core_Salinity,SVR_RBF,RAW,24,0.072788,1.253888,0.630428
Fe_num,M2_Core_Salinity,SVR_RBF,RAW,25,-0.340996,1.370638,0.699349
Fe_num,M3_Core_IonRatios,Ridge,LOG1P,1,-2.89984,1.337127,1.002905
Fe_num,M3_Core_IonRatios,Ridge,LOG1P,2,-0.150568,6.801329,3.163166
Fe_num,M3_Core_IonRatios,Ridge,LOG1P,3,0.06281,2.133133,1.352402
Fe_num,M3_Core_IonRatios,Ridge,LOG1P,4,-0.278699,0.488923,0.386595
Fe_num,M3_Core_IonRatios,Ridge,LOG1P,5,-0.225058,3.207717,1.915775
Fe_num,M3_Core_IonRatios,Ridge,LOG1P,6,-0.181115,1.40017,1.174923
Fe_num,M3_Core_IonRatios,Ridge,LOG1P,7,-542.409429,2.87571,1.629959
Fe_num,M3_Core_IonRatios,Ridge,LOG1P,8,-0.044913,0.686276,0.592221
Fe_num,M3_Core_IonRatios,Ridge,LOG1P,9,-0.212853,3.532663,1.99956
Fe_num,M3_Core_IonRatios,Ridge,LOG1P,10,-0.242151,6.909397,3.185435
Fe_num,M3_Core_IonRatios,Ridge,LOG1P,11,0.140941,1.835421,1.128921
Fe_num,M3_Core_IonRatios,Ridge,LOG1P,12,0.013795,1.272796,1.069158
Fe_num,M3_Core_IonRatios,Ridge,LOG1P,13,-0.162822,1.294788,0.766745
Fe_num,M3_Core_IonRatios,Ridge,LOG1P,14,-0.158724,6.885148,3.205216
Fe_num,M3_Core_IonRatios,Ridge,LOG1P,15,-0.063674,2.954802,1.56436
Fe_num,M3_Core_IonRatios,Ridge,LOG1P,16,0.18431,1.789763,0.970098
Fe_num,M3_Core_IonRatios,Ridge,LOG1P,17,-1.420738,0.572155,0.552782
Fe_num,M3_Core_IonRatios,Ridge,LOG1P,18,-0.1707,3.148391,2.088721
Fe_num,M3_Core_IonRatios,Ridge,LOG1P,19,-0.16443,6.827978,3.429239
Fe_num,M3_Core_IonRatios,Ridge,LOG1P,20,-7.365293,0.902195,0.668301
Fe_num,M3_Core_IonRatios,Ridge,LOG1P,21,-0.448529,3.660676,2.206008
Fe_num,M3_Core_IonRatios,Ridge,LOG1P,22,-8.596186,1.177031,1.010611
Fe_num,M3_Core_IonRatios,Ridge,LOG1P,23,-0.157743,6.876315,3.273608
Fe_num,M3_Core_IonRatios,Ridge,LOG1P,24,0.166126,1.189103,0.891515
Fe_num,M3_Core_IonRatios,Ridge,LOG1P,25,-0.252751,1.324773,0.872045
Fe_num,M3_Core_IonRatios,Ridge,RAW,1,-17.997389,2.951184,2.406788
Fe_num,M3_Core_IonRatios,Ridge,RAW,2,-0.225145,7.018293,4.140143
Fe_num,M3_Core_IonRatios,Ridge,RAW,3,-0.986277,3.105447,2.945732
Fe_num,M3_Core_IonRatios,Ridge,RAW,4,-8.285928,1.317556,1.091459
Fe_num,M3_Core_IonRatios,Ridge,RAW,5,-0.389593,3.416343,2.794807
Fe_num,M3_Core_IonRatios,Ridge,RAW,6,-5.606551,3.311479,2.981923
Fe_num,M3_Core_IonRatios,Ridge,RAW,7,-683.92731,3.228522,2.367362
Fe_num,M3_Core_IonRatios,Ridge,RAW,8,-5.264294,1.680332,1.374731
Fe_num,M3_Core_IonRatios,Ridge,RAW,9,-0.268863,3.613312,2.574077
Fe_num,M3_Core_IonRatios,Ridge,RAW,10,-0.22854,6.871436,3.370352
Fe_num,M3_Core_IonRatios,Ridge,RAW,11,0.05183,1.928267,1.468921
Fe_num,M3_Core_IonRatios,Ridge,RAW,12,-1.94592,2.199812,2.02863
Fe_num,M3_Core_IonRatios,Ridge,RAW,13,-5.752662,3.120178,2.612897
Fe_num,M3_Core_IonRatios,Ridge,RAW,14,-0.180148,6.948507,3.654253
Fe_num,M3_Core_IonRatios,Ridge,RAW,15,-0.269895,3.228553,2.449568
Fe_num,M3_Core_IonRatios,Ridge,RAW,16,-0.023115,2.004449,1.697145
Fe_num,M3_Core_IonRatios,Ridge,RAW,17,-16.366834,1.532498,1.444407
Fe_num,M3_Core_IonRatios,Ridge,RAW,18,-0.315402,3.3373,2.76912
Fe_num,M3_Core_IonRatios,Ridge,RAW,19,-0.196975,6.92274,4.067278
Fe_num,M3_Core_IonRatios,Ridge,RAW,20,-63.082681,2.497068,2.14903
Fe_num,M3_Core_IonRatios,Ridge,RAW,21,-0.46447,3.680764,2.421871
Fe_num,M3_Core_IonRatios,Ridge,RAW,22,-44.970782,2.576199,2.368087
Fe_num,M3_Core_IonRatios,Ridge,RAW,23,-0.177666,6.935229,3.658482
Fe_num,M3_Core_IonRatios,Ridge,RAW,24,-5.739432,3.3805,2.874428
Fe_num,M3_Core_IonRatios,Ridge,RAW,25,-1.287915,1.790313,1.605681
Fe_num,M3_Core_IonRatios,Lasso,LOG1P,1,-0.214758,0.746267,0.707421
Fe_num,M3_Core_IonRatios,Lasso,LOG1P,2,-0.128615,6.736131,2.763204
Fe_num,M3_Core_IonRatios,Lasso,LOG1P,3,-0.117574,2.32939,1.432919
Fe_num,M3_Core_IonRatios,Lasso,LOG1P,4,-1.106544,0.62754,0.622094
Fe_num,M3_Core_IonRatios,Lasso,LOG1P,5,-0.268306,3.263847,1.88123
Fe_num,M3_Core_IonRatios,Lasso,LOG1P,6,0.074761,1.239257,0.879905
Fe_num,M3_Core_IonRatios,Lasso,LOG1P,7,-27.621931,0.65998,0.601698
Fe_num,M3_Core_IonRatios,Lasso,LOG1P,8,-0.275475,0.758219,0.732443
Fe_num,M3_Core_IonRatios,Lasso,LOG1P,9,-0.314069,3.677116,2.17725
Fe_num,M3_Core_IonRatios,Lasso,LOG1P,10,-0.242202,6.909537,3.202684
Fe_num,M3_Core_IonRatios,Lasso,LOG1P,11,-0.098195,2.075219,1.228555
Fe_num,M3_Core_IonRatios,Lasso,LOG1P,12,-0.002093,1.283007,0.98447
Fe_num,M3_Core_IonRatios,Lasso,LOG1P,13,-0.065897,1.239651,0.740083
Fe_num,M3_Core_IonRatios,Lasso,LOG1P,14,-0.107302,6.73064,2.834621
Fe_num,M3_Core_IonRatios,Lasso,LOG1P,15,-0.137703,3.055895,1.566936
Fe_num,M3_Core_IonRatios,Lasso,LOG1P,16,-0.0198,2.001199,1.080216
Fe_num,M3_Core_IonRatios,Lasso,LOG1P,17,-1.180957,0.543079,0.481668
Fe_num,M3_Core_IonRatios,Lasso,LOG1P,18,-0.262643,3.269687,1.981414
Fe_num,M3_Core_IonRatios,Lasso,LOG1P,19,-0.174638,6.857842,3.219082
Fe_num,M3_Core_IonRatios,Lasso,LOG1P,20,-3.384083,0.65313,0.60641
Fe_num,M3_Core_IonRatios,Lasso,LOG1P,21,-0.525846,3.757103,2.351991
Fe_num,M3_Core_IonRatios,Lasso,LOG1P,22,-3.027153,0.762496,0.716411
Fe_num,M3_Core_IonRatios,Lasso,LOG1P,23,-0.115043,6.748317,2.952946
Fe_num,M3_Core_IonRatios,Lasso,LOG1P,24,-0.018528,1.314183,0.993875
Fe_num,M3_Core_IonRatios,Lasso,LOG1P,25,-0.100065,1.241418,0.759876
Fe_num,M3_Core_IonRatios,Lasso,RAW,1,-12.776161,2.513121,2.107745
Fe_num,M3_Core_IonRatios,Lasso,RAW,2,-0.132473,6.747636,3.695859
Fe_num,M3_Core_IonRatios,Lasso,RAW,3,-0.555887,2.748484,2.611266
Fe_num,M3_Core_IonRatios,Lasso,RAW,4,-9.044257,1.370299,1.196885
Fe_num,M3_Core_IonRatios,Lasso,RAW,5,-0.279093,3.277696,2.511133
Fe_num,M3_Core_IonRatios,Lasso,RAW,6,-3.840452,2.834507,2.58617
Fe_num,M3_Core_IonRatios,Lasso,RAW,7,-295.873821,2.125531,1.856797
Fe_num,M3_Core_IonRatios,Lasso,RAW,8,-3.805468,1.471725,1.168537
Fe_num,M3_Core_IonRatios,Lasso,RAW,9,-0.184627,3.491315,2.187663
Fe_num,M3_Core_IonRatios,Lasso,RAW,10,-0.18798,6.757057,3.24902
Fe_num,M3_Core_IonRatios,Lasso,RAW,11,0.113688,1.864307,1.358361
Fe_num,M3_Core_IonRatios,Lasso,RAW,12,-1.656969,2.089144,1.992489
Fe_num,M3_Core_IonRatios,Lasso,RAW,13,-2.805086,2.342201,1.928223
Fe_num,M3_Core_IonRatios,Lasso,RAW,14,-0.118978,6.766033,3.408494
Fe_num,M3_Core_IonRatios,Lasso,RAW,15,-0.236216,3.185454,2.339328
Fe_num,M3_Core_IonRatios,Lasso,RAW,16,0.051531,1.929943,1.635558
Fe_num,M3_Core_IonRatios,Lasso,RAW,17,-15.270294,1.483328,1.442106
Fe_num,M3_Core_IonRatios,Lasso,RAW,18,-0.258451,3.264255,2.622282
Fe_num,M3_Core_IonRatios,Lasso,RAW,19,-0.124075,6.708619,3.734377
Fe_num,M3_Core_IonRatios,Lasso,RAW,20,-50.218175,2.2324,1.957538
Fe_num,M3_Core_IonRatios,Lasso,RAW,21,-0.442655,3.653247,2.387126
Fe_num,M3_Core_IonRatios,Lasso,RAW,22,-38.879593,2.399462,2.22349
Fe_num,M3_Core_IonRatios,Lasso,RAW,23,-0.117738,6.756468,3.47141
Fe_num,M3_Core_IonRatios,Lasso,RAW,24,-3.651524,2.808452,2.506437
Fe_num,M3_Core_IonRatios,Lasso,RAW,25,-0.832496,1.602251,1.408486
Fe_num,M3_Core_IonRatios,HuberRegressor,LOG1P,1,0.024377,0.668791,0.429623
Fe_num,M3_Core_IonRatios,HuberRegressor,LOG1P,2,-0.132187,6.746782,2.93049
Fe_num,M3_Core_IonRatios,HuberRegressor,LOG1P,3,-0.184147,2.397767,1.354992
Fe_num,M3_Core_IonRatios,HuberRegressor,LOG1P,4,0.627261,0.263973,0.231719
Fe_num,M3_Core_IonRatios,HuberRegressor,LOG1P,5,-0.352647,3.370621,1.909612
Fe_num,M3_Core_IonRatios,HuberRegressor,LOG1P,6,0.091281,1.228144,0.762613
Fe_num,M3_Core_IonRatios,HuberRegressor,LOG1P,7,-76.211147,1.08398,0.716266
Fe_num,M3_Core_IonRatios,HuberRegressor,LOG1P,8,-0.37377,0.786893,0.583759
Fe_num,M3_Core_IonRatios,HuberRegressor,LOG1P,9,-0.32992,3.699226,2.102776
Fe_num,M3_Core_IonRatios,HuberRegressor,LOG1P,10,-0.260949,6.961481,3.216923
Fe_num,M3_Core_IonRatios,HuberRegressor,LOG1P,11,-0.15,2.123602,1.091135
Fe_num,M3_Core_IonRatios,HuberRegressor,LOG1P,12,0.13253,1.19372,0.703034
Fe_num,M3_Core_IonRatios,HuberRegressor,LOG1P,13,-0.155955,1.290959,0.609494
Fe_num,M3_Core_IonRatios,HuberRegressor,LOG1P,14,-0.159837,6.888454,2.793987
Fe_num,M3_Core_IonRatios,HuberRegressor,LOG1P,15,-0.159623,3.085194,1.474788
Fe_num,M3_Core_IonRatios,HuberRegressor,LOG1P,16,-0.061602,2.041802,0.943555
Fe_num,M3_Core_IonRatios,HuberRegressor,LOG1P,17,-0.10875,0.387219,0.29457
Fe_num,M3_Core_IonRatios,HuberRegressor,LOG1P,18,-0.307379,3.327106,1.959598
Fe_num,M3_Core_IonRatios,HuberRegressor,LOG1P,19,-0.159968,6.814884,3.338549
Fe_num,M3_Core_IonRatios,HuberRegressor,LOG1P,20,-2.359268,0.571719,0.496833
Fe_num,M3_Core_IonRatios,HuberRegressor,LOG1P,21,-0.585657,3.830031,2.372364
Fe_num,M3_Core_IonRatios,HuberRegressor,LOG1P,22,-2.34659,0.695088,0.614675
Fe_num,M3_Core_IonRatios,HuberRegressor,LOG1P,23,-0.146835,6.843843,2.872006
Fe_num,M3_Core_IonRatios,HuberRegressor,LOG1P,24,0.124482,1.218433,0.585455
Fe_num,M3_Core_IonRatios,HuberRegressor,LOG1P,25,-0.282574,1.340449,0.723084
Fe_num,M3_Core_IonRatios,HuberRegressor,RAW,1,0.060601,0.656258,0.43624
Fe_num,M3_Core_IonRatios,HuberRegressor,RAW,2,-0.134666,6.754165,3.070921
Fe_num,M3_Core_IonRatios,HuberRegressor,RAW,3,-0.182635,2.396236,1.411948
Fe_num,M3_Core_IonRatios,HuberRegressor,RAW,4,0.478294,0.312298,0.287553
Fe_num,M3_Core_IonRatios,HuberRegressor,RAW,5,-0.355904,3.374676,1.915549
Fe_num,M3_Core_IonRatios,HuberRegressor,RAW,6,0.084057,1.233016,0.799934
Fe_num,M3_Core_IonRatios,HuberRegressor,RAW,7,-43.873444,0.826373,0.663026
Fe_num,M3_Core_IonRatios,HuberRegressor,RAW,8,-0.341314,0.777543,0.605143
Fe_num,M3_Core_IonRatios,HuberRegressor,RAW,9,-0.322594,3.689024,2.10421
Fe_num,M3_Core_IonRatios,HuberRegressor,RAW,10,-0.25849,6.95469,3.223876
Fe_num,M3_Core_IonRatios,HuberRegressor,RAW,11,-0.152803,2.126188,1.111095
Fe_num,M3_Core_IonRatios,HuberRegressor,RAW,12,0.127567,1.19713,0.739578
Fe_num,M3_Core_IonRatios,HuberRegressor,RAW,13,-0.181179,1.304968,0.683126
Fe_num,M3_Core_IonRatios,HuberRegressor,RAW,14,-0.157202,6.880624,2.825558
Fe_num,M3_Core_IonRatios,HuberRegressor,RAW,15,-0.15471,3.078652,1.471608
Fe_num,M3_Core_IonRatios,HuberRegressor,RAW,16,-0.04535,2.026113,0.989052
Fe_num,M3_Core_IonRatios,HuberRegressor,RAW,17,-0.293043,0.418163,0.345104
Fe_num,M3_Core_IonRatios,HuberRegressor,RAW,18,-0.308343,3.328333,1.957953
Fe_num,M3_Core_IonRatios,HuberRegressor,RAW,19,-0.164696,6.828758,3.502959
Fe_num,M3_Core_IonRatios,HuberRegressor,RAW,20,-3.79136,0.682794,0.588432
Fe_num,M3_Core_IonRatios,HuberRegressor,RAW,21,-0.584447,3.82857,2.37322
Fe_num,M3_Core_IonRatios,HuberRegressor,RAW,22,-2.8366,0.744238,0.689312
Fe_num,M3_Core_IonRatios,HuberRegressor,RAW,23,-0.143049,6.83254,2.884173
Fe_num,M3_Core_IonRatios,HuberRegressor,RAW,24,0.104964,1.23194,0.663991
Fe_num,M3_Core_IonRatios,HuberRegressor,RAW,25,-0.290871,1.344778,0.748576
Fe_num,M3_Core_IonRatios,SVR_RBF,LOG1P,1,-0.022888,0.684799,0.493967
Fe_num,M3_Core_IonRatios,SVR_RBF,LOG1P,2,-0.18582,6.904736,2.982868
Fe_num,M3_Core_IonRatios,SVR_RBF,LOG1P,3,-0.077546,2.287294,1.305285
Fe_num,M3_Core_IonRatios,SVR_RBF,LOG1P,4,-0.180372,0.469749,0.296616
Fe_num,M3_Core_IonRatios,SVR_RBF,LOG1P,5,-0.32504,3.336047,1.935595
Fe_num,M3_Core_IonRatios,SVR_RBF,LOG1P,6,0.067928,1.243825,0.796541
Fe_num,M3_Core_IonRatios,SVR_RBF,LOG1P,7,-7.60801,0.361937,0.297426
Fe_num,M3_Core_IonRatios,SVR_RBF,LOG1P,8,0.137859,0.623373,0.521813
Fe_num,M3_Core_IonRatios,SVR_RBF,LOG1P,9,-0.334306,3.705321,2.172863
Fe_num,M3_Core_IonRatios,SVR_RBF,LOG1P,10,-0.285612,7.029231,3.438073
Fe_num,M3_Core_IonRatios,SVR_RBF,LOG1P,11,-0.029523,2.009288,1.118041
Fe_num,M3_Core_IonRatios,SVR_RBF,LOG1P,12,0.109782,1.20927,0.778326
Fe_num,M3_Core_IonRatios,SVR_RBF,LOG1P,13,-0.232503,1.333018,0.709227
Fe_num,M3_Core_IonRatios,SVR_RBF,LOG1P,14,-0.174578,6.93209,2.764953
Fe_num,M3_Core_IonRatios,SVR_RBF,LOG1P,15,-0.119952,3.031962,1.480984
Fe_num,M3_Core_IonRatios,SVR_RBF,LOG1P,16,-0.002421,1.984074,0.934849
Fe_num,M3_Core_IonRatios,SVR_RBF,LOG1P,17,0.073758,0.353917,0.296575
Fe_num,M3_Core_IonRatios,SVR_RBF,LOG1P,18,-0.276505,3.287587,1.980796
Fe_num,M3_Core_IonRatios,SVR_RBF,LOG1P,19,-0.207098,6.951951,3.298004
Fe_num,M3_Core_IonRatios,SVR_RBF,LOG1P,20,-2.116609,0.550682,0.462116
Fe_num,M3_Core_IonRatios,SVR_RBF,LOG1P,21,-0.589063,3.834143,2.439923
Fe_num,M3_Core_IonRatios,SVR_RBF,LOG1P,22,-2.395869,0.700187,0.558475
Fe_num,M3_Core_IonRatios,SVR_RBF,LOG1P,23,-0.181614,6.946843,2.901531
Fe_num,M3_Core_IonRatios,SVR_RBF,LOG1P,24,0.113823,1.225828,0.655115
Fe_num,M3_Core_IonRatios,SVR_RBF,LOG1P,25,-0.265403,1.331446,0.679759
Fe_num,M3_Core_IonRatios,SVR_RBF,RAW,1,-0.037684,0.689734,0.501564
Fe_num,M3_Core_IonRatios,SVR_RBF,RAW,2,-0.179981,6.887716,2.896936
Fe_num,M3_Core_IonRatios,SVR_RBF,RAW,3,-0.125537,2.337675,1.34721
Fe_num,M3_Core_IonRatios,SVR_RBF,RAW,4,0.001978,0.431943,0.284208
Fe_num,M3_Core_IonRatios,SVR_RBF,RAW,5,-0.340318,3.355225,1.93733
Fe_num,M3_Core_IonRatios,SVR_RBF,RAW,6,0.109162,1.216001,0.792503
Fe_num,M3_Core_IonRatios,SVR_RBF,RAW,7,-5.466846,0.31371,0.283039
Fe_num,M3_Core_IonRatios,SVR_RBF,RAW,8,0.066343,0.648713,0.542212
Fe_num,M3_Core_IonRatios,SVR_RBF,RAW,9,-0.362665,3.74449,2.212161
Fe_num,M3_Core_IonRatios,SVR_RBF,RAW,10,-0.27788,7.008062,3.424414
Fe_num,M3_Core_IonRatios,SVR_RBF,RAW,11,-0.11097,2.087254,1.124967
Fe_num,M3_Core_IonRatios,SVR_RBF,RAW,12,0.135465,1.191698,0.776532
Fe_num,M3_Core_IonRatios,SVR_RBF,RAW,13,-0.235792,1.334795,0.750567
Fe_num,M3_Core_IonRatios,SVR_RBF,RAW,14,-0.176257,6.937042,2.758908
Fe_num,M3_Core_IonRatios,SVR_RBF,RAW,15,-0.142895,3.062861,1.503656
Fe_num,M3_Core_IonRatios,SVR_RBF,RAW,16,-0.049043,2.029689,0.962691
Fe_num,M3_Core_IonRatios,SVR_RBF,RAW,17,0.187845,0.331405,0.290045
Fe_num,M3_Core_IonRatios,SVR_RBF,RAW,18,-0.316378,3.338537,1.988921
Fe_num,M3_Core_IonRatios,SVR_RBF,RAW,19,-0.206771,6.95101,3.275788
Fe_num,M3_Core_IonRatios,SVR_RBF,RAW,20,-1.72123,0.514568,0.451959
Fe_num,M3_Core_IonRatios,SVR_RBF,RAW,21,-0.572785,3.814455,2.433941
Fe_num,M3_Core_IonRatios,SVR_RBF,RAW,22,-1.625982,0.615722,0.506367
Fe_num,M3_Core_IonRatios,SVR_RBF,RAW,23,-0.168636,6.908588,2.88798
Fe_num,M3_Core_IonRatios,SVR_RBF,RAW,24,0.072914,1.253803,0.668149
Fe_num,M3_Core_IonRatios,SVR_RBF,RAW,25,-0.256225,1.326609,0.681395
Fe_num,M4_Core_IonExchange,Ridge,LOG1P,1,-0.736843,0.892338,0.726423
Fe_num,M4_Core_IonExchange,Ridge,LOG1P,2,-0.13424,6.752897,3.049385
Fe_num,M4_Core_IonExchange,Ridge,LOG1P,3,0.101329,2.088837,1.298673
Fe_num,M4_Core_IonExchange,Ridge,LOG1P,4,-0.171069,0.467894,0.375182
Fe_num,M4_Core_IonExchange,Ridge,LOG1P,5,-0.195147,3.168315,1.836036
Fe_num,M4_Core_IonExchange,Ridge,LOG1P,6,-0.018216,1.300033,0.9917
Fe_num,M4_Core_IonExchange,Ridge,LOG1P,7,-46.887308,0.853673,0.694266
Fe_num,M4_Core_IonExchange,Ridge,LOG1P,8,0.087697,0.641252,0.541303
Fe_num,M4_Core_IonExchange,Ridge,LOG1P,9,-0.201436,3.515997,1.945356
Fe_num,M4_Core_IonExchange,Ridge,LOG1P,10,-0.241608,6.907887,3.205697
Fe_num,M4_Core_IonExchange,Ridge,LOG1P,11,0.179625,1.79362,1.072824
Fe_num,M4_Core_IonExchange,Ridge,LOG1P,12,-0.009935,1.288018,1.045773
Fe_num,M4_Core_IonExchange,Ridge,LOG1P,13,0.027947,1.183823,0.546016
Fe_num,M4_Core_IonExchange,Ridge,LOG1P,14,-0.126804,6.789651,2.91395
Fe_num,M4_Core_IonExchange,Ridge,LOG1P,15,-0.081161,2.978992,1.573241
Fe_num,M4_Core_IonExchange,Ridge,LOG1P,16,0.212482,1.758583,0.921636
Fe_num,M4_Core_IonExchange,Ridge,LOG1P,17,-1.226288,0.548694,0.514088
Fe_num,M4_Core_IonExchange,Ridge,LOG1P,18,-0.189997,3.174233,2.080928
Fe_num,M4_Core_IonExchange,Ridge,LOG1P,19,-0.174469,6.85735,3.308202
Fe_num,M4_Core_IonExchange,Ridge,LOG1P,20,-6.571037,0.858297,0.658243
Fe_num,M4_Core_IonExchange,Ridge,LOG1P,21,-0.448476,3.660609,2.296684
Fe_num,M4_Core_IonExchange,Ridge,LOG1P,22,-6.710438,1.055062,0.887792
Fe_num,M4_Core_IonExchange,Ridge,LOG1P,23,-0.115051,6.748341,3.081437
Fe_num,M4_Core_IonExchange,Ridge,LOG1P,24,0.184745,1.175753,0.768505
Fe_num,M4_Core_IonExchange,Ridge,LOG1P,25,-0.142409,1.265086,0.795097
Fe_num,M4_Core_IonExchange,Ridge,RAW,1,-11.933472,2.435044,1.95701
Fe_num,M4_Core_IonExchange,Ridge,RAW,2,-0.120671,6.712382,3.440087
Fe_num,M4_Core_IonExchange,Ridge,RAW,3,-0.649755,2.830178,2.704783
Fe_num,M4_Core_IonExchange,Ridge,RAW,4,-9.212881,1.381753,1.144483
Fe_num,M4_Core_IonExchange,Ridge,RAW,5,-0.210788,3.18898,2.373234
Fe_num,M4_Core_IonExchange,Ridge,RAW,6,-3.727014,2.801096,2.576949
Fe_num,M4_Core_IonExchange,Ridge,RAW,7,-233.084935,1.887418,1.662868
Fe_num,M4_Core_IonExchange,Ridge,RAW,8,-4.527409,1.57841,1.328643
Fe_num,M4_Core_IonExchange,Ridge,RAW,9,-0.075888,3.327222,1.982795
Fe_num,M4_Core_IonExchange,Ridge,RAW,10,-0.218045,6.842023,3.39365
Fe_num,M4_Core_IonExchange,Ridge,RAW,11,0.017747,1.962618,1.473531
Fe_num,M4_Core_IonExchange,Ridge,RAW,12,-1.748852,2.12496,1.975225
Fe_num,M4_Core_IonExchange,Ridge,RAW,13,-1.599792,1.936026,1.486093
Fe_num,M4_Core_IonExchange,Ridge,RAW,14,-0.10307,6.717763,3.183316
Fe_num,M4_Core_IonExchange,Ridge,RAW,15,-0.374329,3.358686,2.530058
Fe_num,M4_Core_IonExchange,Ridge,RAW,16,0.181309,1.793051,1.453139
Fe_num,M4_Core_IonExchange,Ridge,RAW,17,-13.382515,1.394623,1.29375
Fe_num,M4_Core_IonExchange,Ridge,RAW,18,-0.366496,3.401498,2.827284
Fe_num,M4_Core_IonExchange,Ridge,RAW,19,-0.140954,6.758799,3.579409
Fe_num,M4_Core_IonExchange,Ridge,RAW,20,-74.191574,2.704859,2.264747
Fe_num,M4_Core_IonExchange,Ridge,RAW,21,-0.521936,3.752286,2.612295
Fe_num,M4_Core_IonExchange,Ridge,RAW,22,-37.145618,2.346717,2.037321
Fe_num,M4_Core_IonExchange,Ridge,RAW,23,-0.090012,6.672141,3.494849
Fe_num,M4_Core_IonExchange,Ridge,RAW,24,-2.87969,2.564885,2.205348
Fe_num,M4_Core_IonExchange,Ridge,RAW,25,-0.966504,1.659803,1.452711
Fe_num,M4_Core_IonExchange,Lasso,LOG1P,1,-0.206992,0.743878,0.699132
Fe_num,M4_Core_IonExchange,Lasso,LOG1P,2,-0.130483,6.741703,2.803278
Fe_num,M4_Core_IonExchange,Lasso,LOG1P,3,-0.117574,2.32939,1.432919
Fe_num,M4_Core_IonExchange,Lasso,LOG1P,4,-1.067397,0.621682,0.615678
Fe_num,M4_Core_IonExchange,Lasso,LOG1P,5,-0.256057,3.248048,1.865362
Fe_num,M4_Core_IonExchange,Lasso,LOG1P,6,0.052674,1.253962,0.872339
Fe_num,M4_Core_IonExchange,Lasso,LOG1P,7,-27.692737,0.660796,0.6129
Fe_num,M4_Core_IonExchange,Lasso,LOG1P,8,-0.151188,0.720331,0.673464
Fe_num,M4_Core_IonExchange,Lasso,LOG1P,9,-0.314069,3.677116,2.17725
Fe_num,M4_Core_IonExchange,Lasso,LOG1P,10,-0.242539,6.910477,3.205531
Fe_num,M4_Core_IonExchange,Lasso,LOG1P,11,-0.105864,2.082451,1.236515
Fe_num,M4_Core_IonExchange,Lasso,LOG1P,12,-0.009607,1.287808,0.981638
Fe_num,M4_Core_IonExchange,Lasso,LOG1P,13,-0.097637,1.257973,0.761254
Fe_num,M4_Core_IonExchange,Lasso,LOG1P,14,-0.108154,6.733227,2.826216
Fe_num,M4_Core_IonExchange,Lasso,LOG1P,15,-0.111405,3.02037,1.521274
Fe_num,M4_Core_IonExchange,Lasso,LOG1P,16,-0.015658,1.997131,1.073234
Fe_num,M4_Core_IonExchange,Lasso,LOG1P,17,-1.317647,0.559839,0.494593
Fe_num,M4_Core_IonExchange,Lasso,LOG1P,18,-0.263916,3.271335,1.98236
Fe_num,M4_Core_IonExchange,Lasso,LOG1P,19,-0.17593,6.861613,3.230405
Fe_num,M4_Core_IonExchange,Lasso,LOG1P,20,-2.719456,0.601589,0.555498
Fe_num,M4_Core_IonExchange,Lasso,LOG1P,21,-0.522271,3.752698,2.351279
Fe_num,M4_Core_IonExchange,Lasso,LOG1P,22,-2.868312,0.747307,0.707891
Fe_num,M4_Core_IonExchange,Lasso,LOG1P,23,-0.115021,6.74825,2.934534
Fe_num,M4_Core_IonExchange,Lasso,LOG1P,24,-0.018528,1.314183,0.993875
Fe_num,M4_Core_IonExchange,Lasso,LOG1P,25,-0.124775,1.255284,0.790744
Fe_num,M4_Core_IonExchange,Lasso,RAW,1,-10.955689,2.34119,1.900168
Fe_num,M4_Core_IonExchange,Lasso,RAW,2,-0.077402,6.581525,3.177002
Fe_num,M4_Core_IonExchange,Lasso,RAW,3,-0.376682,2.585359,2.458058
Fe_num,M4_Core_IonExchange,Lasso,RAW,4,-9.15824,1.378052,1.166249
Fe_num,M4_Core_IonExchange,Lasso,RAW,5,-0.196434,3.170021,2.281606
Fe_num,M4_Core_IonExchange,Lasso,RAW,6,-3.031598,2.586862,2.417311
Fe_num,M4_Core_IonExchange,Lasso,RAW,7,-225.843302,1.857995,1.69846
Fe_num,M4_Core_IonExchange,Lasso,RAW,8,-3.013208,1.344946,1.012436
Fe_num,M4_Core_IonExchange,Lasso,RAW,9,-0.151168,3.441656,2.089676
Fe_num,M4_Core_IonExchange,Lasso,RAW,10,-0.18705,6.754412,3.230222
Fe_num,M4_Core_IonExchange,Lasso,RAW,11,0.112186,1.865886,1.300849
Fe_num,M4_Core_IonExchange,Lasso,RAW,12,-1.572792,2.055784,1.962423
Fe_num,M4_Core_IonExchange,Lasso,RAW,13,-1.034425,1.712627,1.330868
Fe_num,M4_Core_IonExchange,Lasso,RAW,14,-0.064711,6.599926,3.128323
Fe_num,M4_Core_IonExchange,Lasso,RAW,15,-0.350538,3.329488,2.453791
Fe_num,M4_Core_IonExchange,Lasso,RAW,16,0.165549,1.810228,1.456339
Fe_num,M4_Core_IonExchange,Lasso,RAW,17,-14.1535,1.431515,1.360867
Fe_num,M4_Core_IonExchange,Lasso,RAW,18,-0.303222,3.321813,2.675022
Fe_num,M4_Core_IonExchange,Lasso,RAW,19,-0.110883,6.669137,3.391222
Fe_num,M4_Core_IonExchange,Lasso,RAW,20,-55.940883,2.353814,2.018118
Fe_num,M4_Core_IonExchange,Lasso,RAW,21,-0.496493,3.720789,2.592647
Fe_num,M4_Core_IonExchange,Lasso,RAW,22,-32.672323,2.20483,1.933554
Fe_num,M4_Core_IonExchange,Lasso,RAW,23,-0.0652,6.595766,3.367768
Fe_num,M4_Core_IonExchange,Lasso,RAW,24,-2.602004,2.471391,2.090461
Fe_num,M4_Core_IonExchange,Lasso,RAW,25,-0.742966,1.562621,1.387184
Fe_num,M4_Core_IonExchange,HuberRegressor,LOG1P,1,0.050457,0.659791,0.422314
Fe_num,M4_Core_IonExchange,HuberRegressor,LOG1P,2,-0.148083,6.793979,2.809016
Fe_num,M4_Core_IonExchange,HuberRegressor,LOG1P,3,-0.191252,2.40495,1.385181
Fe_num,M4_Core_IonExchange,HuberRegressor,LOG1P,4,0.623439,0.265322,0.234603
Fe_num,M4_Core_IonExchange,HuberRegressor,LOG1P,5,-0.381958,3.406945,1.948377
Fe_num,M4_Core_IonExchange,HuberRegressor,LOG1P,6,0.086807,1.231164,0.662812
Fe_num,M4_Core_IonExchange,HuberRegressor,LOG1P,7,-13.87844,0.475839,0.351194
Fe_num,M4_Core_IonExchange,HuberRegressor,LOG1P,8,-0.35671,0.781992,0.544823
Fe_num,M4_Core_IonExchange,HuberRegressor,LOG1P,9,-0.327175,3.695407,2.092173
Fe_num,M4_Core_IonExchange,HuberRegressor,LOG1P,10,-0.267087,6.978405,3.24564
Fe_num,M4_Core_IonExchange,HuberRegressor,LOG1P,11,-0.135322,2.110005,1.103273
Fe_num,M4_Core_IonExchange,HuberRegressor,LOG1P,12,0.073321,1.233785,0.68635
Fe_num,M4_Core_IonExchange,HuberRegressor,LOG1P,13,-0.13447,1.278906,0.607628
Fe_num,M4_Core_IonExchange,HuberRegressor,LOG1P,14,-0.149522,6.857753,2.757215
Fe_num,M4_Core_IonExchange,HuberRegressor,LOG1P,15,-0.20736,3.148056,1.513129
Fe_num,M4_Core_IonExchange,HuberRegressor,LOG1P,16,-0.070907,2.050731,0.935988
Fe_num,M4_Core_IonExchange,HuberRegressor,LOG1P,17,-0.261634,0.413053,0.301088
Fe_num,M4_Core_IonExchange,HuberRegressor,LOG1P,18,-0.318733,3.341523,1.942686
Fe_num,M4_Core_IonExchange,HuberRegressor,LOG1P,19,-0.207473,6.95303,3.18806
Fe_num,M4_Core_IonExchange,HuberRegressor,LOG1P,20,-1.850739,0.52667,0.447185
Fe_num,M4_Core_IonExchange,HuberRegressor,LOG1P,21,-0.599094,3.846226,2.410458
Fe_num,M4_Core_IonExchange,HuberRegressor,LOG1P,22,-1.075198,0.547354,0.44817
Fe_num,M4_Core_IonExchange,HuberRegressor,LOG1P,23,-0.14281,6.831824,2.874733
Fe_num,M4_Core_IonExchange,HuberRegressor,LOG1P,24,0.062884,1.260567,0.575466
Fe_num,M4_Core_IonExchange,HuberRegressor,LOG1P,25,-0.256319,1.326658,0.700101
Fe_num,M4_Core_IonExchange,HuberRegressor,RAW,1,0.046576,0.661138,0.446812
Fe_num,M4_Core_IonExchange,HuberRegressor,RAW,2,-0.141313,6.77392,2.855179
Fe_num,M4_Core_IonExchange,HuberRegressor,RAW,3,-0.190123,2.403809,1.412591
Fe_num,M4_Core_IonExchange,HuberRegressor,RAW,4,0.495268,0.307176,0.280226
Fe_num,M4_Core_IonExchange,HuberRegressor,RAW,5,-0.380236,3.404822,1.946657
Fe_num,M4_Core_IonExchange,HuberRegressor,RAW,6,0.097102,1.224205,0.675239
Fe_num,M4_Core_IonExchange,HuberRegressor,RAW,7,-16.128651,0.510556,0.400596
Fe_num,M4_Core_IonExchange,HuberRegressor,RAW,8,-0.353993,0.781209,0.574724
Fe_num,M4_Core_IonExchange,HuberRegressor,RAW,9,-0.326579,3.694577,2.097332
Fe_num,M4_Core_IonExchange,HuberRegressor,RAW,10,-0.266067,6.975596,3.247431
Fe_num,M4_Core_IonExchange,HuberRegressor,RAW,11,-0.136952,2.11152,1.124895
Fe_num,M4_Core_IonExchange,HuberRegressor,RAW,12,0.080405,1.229061,0.726179
Fe_num,M4_Core_IonExchange,HuberRegressor,RAW,13,-0.14277,1.283575,0.667199
Fe_num,M4_Core_IonExchange,HuberRegressor,RAW,14,-0.143989,6.841231,2.790301
Fe_num,M4_Core_IonExchange,HuberRegressor,RAW,15,-0.206481,3.14691,1.51252
Fe_num,M4_Core_IonExchange,HuberRegressor,RAW,16,-0.062624,2.042784,0.946514
Fe_num,M4_Core_IonExchange,HuberRegressor,RAW,17,-0.372249,0.43078,0.321969
Fe_num,M4_Core_IonExchange,HuberRegressor,RAW,18,-0.313651,3.335078,1.949734
Fe_num,M4_Core_IonExchange,HuberRegressor,RAW,19,-0.202804,6.939574,3.230285
Fe_num,M4_Core_IonExchange,HuberRegressor,RAW,20,-2.098862,0.549112,0.50352
Fe_num,M4_Core_IonExchange,HuberRegressor,RAW,21,-0.598856,3.845939,2.410637
Fe_num,M4_Core_IonExchange,HuberRegressor,RAW,22,-1.25749,0.570889,0.488137
Fe_num,M4_Core_IonExchange,HuberRegressor,RAW,23,-0.134491,6.806913,2.887288
Fe_num,M4_Core_IonExchange,HuberRegressor,RAW,24,0.063375,1.260237,0.636937
Fe_num,M4_Core_IonExchange,HuberRegressor,RAW,25,-0.25428,1.325581,0.732817
Fe_num,M4_Core_IonExchange,SVR_RBF,LOG1P,1,0.03382,0.665546,0.497148
Fe_num,M4_Core_IonExchange,SVR_RBF,LOG1P,2,-0.179228,6.885517,2.927691
Fe_num,M4_Core_IonExchange,SVR_RBF,LOG1P,3,-0.071636,2.281013,1.339915
Fe_num,M4_Core_IonExchange,SVR_RBF,LOG1P,4,0.090905,0.41225,0.254589
Fe_num,M4_Core_IonExchange,SVR_RBF,LOG1P,5,-0.329427,3.341565,1.925648
Fe_num,M4_Core_IonExchange,SVR_RBF,LOG1P,6,0.092789,1.227125,0.746979
Fe_num,M4_Core_IonExchange,SVR_RBF,LOG1P,7,-12.12859,0.446982,0.372595
Fe_num,M4_Core_IonExchange,SVR_RBF,LOG1P,8,0.070801,0.647163,0.502789
Fe_num,M4_Core_IonExchange,SVR_RBF,LOG1P,9,-0.333489,3.704186,2.143313
Fe_num,M4_Core_IonExchange,SVR_RBF,LOG1P,10,-0.293215,7.049988,3.432458
Fe_num,M4_Core_IonExchange,SVR_RBF,LOG1P,11,-0.084783,2.062508,1.126914
Fe_num,M4_Core_IonExchange,SVR_RBF,LOG1P,12,0.134707,1.192221,0.690109
Fe_num,M4_Core_IonExchange,SVR_RBF,LOG1P,13,-0.240316,1.337236,0.690951
Fe_num,M4_Core_IonExchange,SVR_RBF,LOG1P,14,-0.164325,6.901769,2.743964
Fe_num,M4_Core_IonExchange,SVR_RBF,LOG1P,15,-0.098811,3.003209,1.446394
Fe_num,M4_Core_IonExchange,SVR_RBF,LOG1P,16,-0.009617,1.991182,0.930766
Fe_num,M4_Core_IonExchange,SVR_RBF,LOG1P,17,0.141547,0.34072,0.269017
Fe_num,M4_Core_IonExchange,SVR_RBF,LOG1P,18,-0.274247,3.284678,2.042967
Fe_num,M4_Core_IonExchange,SVR_RBF,LOG1P,19,-0.222269,6.995501,3.22828
Fe_num,M4_Core_IonExchange,SVR_RBF,LOG1P,20,-1.939729,0.534827,0.471822
Fe_num,M4_Core_IonExchange,SVR_RBF,LOG1P,21,-0.559844,3.798729,2.403463
Fe_num,M4_Core_IonExchange,SVR_RBF,LOG1P,22,-1.745687,0.629599,0.490981
Fe_num,M4_Core_IonExchange,SVR_RBF,LOG1P,23,-0.185629,6.958636,2.909849
Fe_num,M4_Core_IonExchange,SVR_RBF,LOG1P,24,0.090089,1.242135,0.679139
Fe_num,M4_Core_IonExchange,SVR_RBF,LOG1P,25,-0.363932,1.38231,0.732458
Fe_num,M4_Core_IonExchange,SVR_RBF,RAW,1,-0.001902,0.677738,0.506682
Fe_num,M4_Core_IonExchange,SVR_RBF,RAW,2,-0.177056,6.879173,2.85158
Fe_num,M4_Core_IonExchange,SVR_RBF,RAW,3,-0.108685,2.320108,1.369975
Fe_num,M4_Core_IonExchange,SVR_RBF,RAW,4,0.16605,0.394845,0.249967
Fe_num,M4_Core_IonExchange,SVR_RBF,RAW,5,-0.338331,3.352737,1.922695
Fe_num,M4_Core_IonExchange,SVR_RBF,RAW,6,0.090254,1.228838,0.75556
Fe_num,M4_Core_IonExchange,SVR_RBF,RAW,7,-9.874367,0.406802,0.362114
Fe_num,M4_Core_IonExchange,SVR_RBF,RAW,8,0.001021,0.671022,0.512208
Fe_num,M4_Core_IonExchange,SVR_RBF,RAW,9,-0.332076,3.702223,2.148137
Fe_num,M4_Core_IonExchange,SVR_RBF,RAW,10,-0.301985,7.073852,3.422537
Fe_num,M4_Core_IonExchange,SVR_RBF,RAW,11,-0.113206,2.089353,1.116976
Fe_num,M4_Core_IonExchange,SVR_RBF,RAW,12,0.115876,1.205124,0.68523
Fe_num,M4_Core_IonExchange,SVR_RBF,RAW,13,-0.278743,1.357793,0.733065
Fe_num,M4_Core_IonExchange,SVR_RBF,RAW,14,-0.167483,6.911123,2.73778
Fe_num,M4_Core_IonExchange,SVR_RBF,RAW,15,-0.117564,3.028728,1.460748
Fe_num,M4_Core_IonExchange,SVR_RBF,RAW,16,-0.048702,2.029359,0.948998
Fe_num,M4_Core_IonExchange,SVR_RBF,RAW,17,0.305783,0.306399,0.257487
Fe_num,M4_Core_IonExchange,SVR_RBF,RAW,18,-0.294555,3.310748,2.022761
Fe_num,M4_Core_IonExchange,SVR_RBF,RAW,19,-0.219269,6.986911,3.213842
Fe_num,M4_Core_IonExchange,SVR_RBF,RAW,20,-1.545026,0.49763,0.448661
Fe_num,M4_Core_IonExchange,SVR_RBF,RAW,21,-0.579014,3.822,2.422019
Fe_num,M4_Core_IonExchange,SVR_RBF,RAW,22,-1.296093,0.575749,0.469698
Fe_num,M4_Core_IonExchange,SVR_RBF,RAW,23,-0.180274,6.942902,2.915158
Fe_num,M4_Core_IonExchange,SVR_RBF,RAW,24,0.051793,1.268005,0.707023
Fe_num,M4_Core_IonExchange,SVR_RBF,RAW,25,-0.376735,1.388782,0.722909
Fe_num,M5_Core_DepthInteractions,Ridge,LOG1P,1,-1.058381,0.971432,0.811754
Fe_num,M5_Core_DepthInteractions,Ridge,LOG1P,2,-0.162256,6.835787,2.89005
Fe_num,M5_Core_DepthInteractions,Ridge,LOG1P,3,-0.014281,2.219133,1.436639
Fe_num,M5_Core_DepthInteractions,Ridge,LOG1P,4,-0.304928,0.493912,0.396527
Fe_num,M5_Core_DepthInteractions,Ridge,LOG1P,5,-0.173241,3.139145,1.835791
Fe_num,M5_Core_DepthInteractions,Ridge,LOG1P,6,-0.097098,1.349452,1.073578
Fe_num,M5_Core_DepthInteractions,Ridge,LOG1P,7,-56.842798,0.938223,0.746808
Fe_num,M5_Core_DepthInteractions,Ridge,LOG1P,8,0.212853,0.595644,0.476156
Fe_num,M5_Core_DepthInteractions,Ridge,LOG1P,9,-0.278624,3.627184,2.120736
Fe_num,M5_Core_DepthInteractions,Ridge,LOG1P,10,-0.278283,7.009167,3.274593
Fe_num,M5_Core_DepthInteractions,Ridge,LOG1P,11,0.096401,1.882401,1.114854
Fe_num,M5_Core_DepthInteractions,Ridge,LOG1P,12,-0.017639,1.292921,0.994784
Fe_num,M5_Core_DepthInteractions,Ridge,LOG1P,13,-0.31282,1.375766,0.80587
Fe_num,M5_Core_DepthInteractions,Ridge,LOG1P,14,-0.137684,6.822351,2.894115
Fe_num,M5_Core_DepthInteractions,Ridge,LOG1P,15,-0.033597,2.912726,1.471796
Fe_num,M5_Core_DepthInteractions,Ridge,LOG1P,16,0.11797,1.861121,1.055054
Fe_num,M5_Core_DepthInteractions,Ridge,LOG1P,17,-1.93503,0.630008,0.55606
Fe_num,M5_Core_DepthInteractions,Ridge,LOG1P,18,-0.226457,3.222495,2.219896
Fe_num,M5_Core_DepthInteractions,Ridge,LOG1P,19,-0.19353,6.91277,3.27114
Fe_num,M5_Core_DepthInteractions,Ridge,LOG1P,20,-4.404662,0.725177,0.585648
Fe_num,M5_Core_DepthInteractions,Ridge,LOG1P,21,-0.49152,3.714602,2.253588
Fe_num,M5_Core_DepthInteractions,Ridge,LOG1P,22,-5.628666,0.978254,0.845959
Fe_num,M5_Core_DepthInteractions,Ridge,LOG1P,23,-0.137149,6.814882,3.043321
Fe_num,M5_Core_DepthInteractions,Ridge,LOG1P,24,-0.450803,1.56846,1.059319
Fe_num,M5_Core_DepthInteractions,Ridge,LOG1P,25,-0.260285,1.328751,0.899482
Fe_num,M5_Core_DepthInteractions,Ridge,RAW,1,-17.117724,2.882047,2.181552
Fe_num,M5_Core_DepthInteractions,Ridge,RAW,2,-0.182725,6.895719,3.396201
Fe_num,M5_Core_DepthInteractions,Ridge,RAW,3,-1.723712,3.63651,3.44552
Fe_num,M5_Core_DepthInteractions,Ridge,RAW,4,-11.193077,1.509778,1.253054
Fe_num,M5_Core_DepthInteractions,Ridge,RAW,5,-0.164888,3.127949,2.31452
Fe_num,M5_Core_DepthInteractions,Ridge,RAW,6,-4.953023,3.143427,2.775309
Fe_num,M5_Core_DepthInteractions,Ridge,RAW,7,-283.333484,2.080154,1.853671
Fe_num,M5_Core_DepthInteractions,Ridge,RAW,8,-6.112635,1.7905,1.487937
Fe_num,M5_Core_DepthInteractions,Ridge,RAW,9,-0.337195,3.70933,2.440369
Fe_num,M5_Core_DepthInteractions,Ridge,RAW,10,-0.30367,7.078427,3.542442
Fe_num,M5_Core_DepthInteractions,Ridge,RAW,11,-0.123679,2.099158,1.586839
Fe_num,M5_Core_DepthInteractions,Ridge,RAW,12,-1.480808,2.018699,1.934153
Fe_num,M5_Core_DepthInteractions,Ridge,RAW,13,-4.749554,2.879115,2.038737
Fe_num,M5_Core_DepthInteractions,Ridge,RAW,14,-0.139917,6.829044,3.141893
Fe_num,M5_Core_DepthInteractions,Ridge,RAW,15,-0.116001,3.026609,2.061469
Fe_num,M5_Core_DepthInteractions,Ridge,RAW,16,-0.277149,2.239513,1.926642
Fe_num,M5_Core_DepthInteractions,Ridge,RAW,17,-16.426356,1.535122,1.428572
Fe_num,M5_Core_DepthInteractions,Ridge,RAW,18,-0.601866,3.682808,3.135029
Fe_num,M5_Core_DepthInteractions,Ridge,RAW,19,-0.189804,6.901971,3.509539
Fe_num,M5_Core_DepthInteractions,Ridge,RAW,20,-74.566085,2.711587,2.015418
Fe_num,M5_Core_DepthInteractions,Ridge,RAW,21,-0.580238,3.823481,2.613707
Fe_num,M5_Core_DepthInteractions,Ridge,RAW,22,-37.295451,2.351322,2.130579
Fe_num,M5_Core_DepthInteractions,Ridge,RAW,23,-0.13913,6.820817,3.382178
Fe_num,M5_Core_DepthInteractions,Ridge,RAW,24,-7.493992,3.795117,2.747115
Fe_num,M5_Core_DepthInteractions,Ridge,RAW,25,-1.657752,1.929596,1.751425
Fe_num,M5_Core_DepthInteractions,Lasso,LOG1P,1,-0.226375,0.749827,0.706213
Fe_num,M5_Core_DepthInteractions,Lasso,LOG1P,2,-0.131165,6.743736,2.803885
Fe_num,M5_Core_DepthInteractions,Lasso,LOG1P,3,-0.117574,2.32939,1.432919
Fe_num,M5_Core_DepthInteractions,Lasso,LOG1P,4,-1.173729,0.637469,0.630799
Fe_num,M5_Core_DepthInteractions,Lasso,LOG1P,5,-0.258809,3.251603,1.867692
Fe_num,M5_Core_DepthInteractions,Lasso,LOG1P,6,0.04853,1.256701,0.876343
Fe_num,M5_Core_DepthInteractions,Lasso,LOG1P,7,-28.975688,0.675408,0.626317
Fe_num,M5_Core_DepthInteractions,Lasso,LOG1P,8,-0.2083,0.737983,0.689025
Fe_num,M5_Core_DepthInteractions,Lasso,LOG1P,9,-0.314069,3.677116,2.17725
Fe_num,M5_Core_DepthInteractions,Lasso,LOG1P,10,-0.243035,6.911856,3.206093
Fe_num,M5_Core_DepthInteractions,Lasso,LOG1P,11,-0.105864,2.082451,1.236515
Fe_num,M5_Core_DepthInteractions,Lasso,LOG1P,12,-0.029609,1.300503,0.978257
Fe_num,M5_Core_DepthInteractions,Lasso,LOG1P,13,-0.097637,1.257973,0.761254
Fe_num,M5_Core_DepthInteractions,Lasso,LOG1P,14,-0.108154,6.733227,2.826216
Fe_num,M5_Core_DepthInteractions,Lasso,LOG1P,15,-0.114311,3.024317,1.525877
Fe_num,M5_Core_DepthInteractions,Lasso,LOG1P,16,-0.026759,2.008016,1.070578
Fe_num,M5_Core_DepthInteractions,Lasso,LOG1P,17,-1.331655,0.561528,0.500357
Fe_num,M5_Core_DepthInteractions,Lasso,LOG1P,18,-0.267554,3.276041,1.983914
Fe_num,M5_Core_DepthInteractions,Lasso,LOG1P,19,-0.17593,6.861613,3.230405
Fe_num,M5_Core_DepthInteractions,Lasso,LOG1P,20,-2.819039,0.609589,0.561342
Fe_num,M5_Core_DepthInteractions,Lasso,LOG1P,21,-0.521203,3.751382,2.345171
Fe_num,M5_Core_DepthInteractions,Lasso,LOG1P,22,-2.903372,0.750686,0.70857
Fe_num,M5_Core_DepthInteractions,Lasso,LOG1P,23,-0.117251,6.754994,2.93022
Fe_num,M5_Core_DepthInteractions,Lasso,LOG1P,24,-0.018528,1.314183,0.993875
Fe_num,M5_Core_DepthInteractions,Lasso,LOG1P,25,-0.124775,1.255284,0.790744
Fe_num,M5_Core_DepthInteractions,Lasso,RAW,1,-13.290537,2.559609,2.015153
Fe_num,M5_Core_DepthInteractions,Lasso,RAW,2,-0.101777,6.655559,3.211744
Fe_num,M5_Core_DepthInteractions,Lasso,RAW,3,-0.798289,2.954839,2.812118
Fe_num,M5_Core_DepthInteractions,Lasso,RAW,4,-9.68327,1.413216,1.195972
Fe_num,M5_Core_DepthInteractions,Lasso,RAW,5,-0.139653,3.093884,2.262526
Fe_num,M5_Core_DepthInteractions,Lasso,RAW,6,-3.292249,2.669175,2.473734
Fe_num,M5_Core_DepthInteractions,Lasso,RAW,7,-258.074571,1.98561,1.835793
Fe_num,M5_Core_DepthInteractions,Lasso,RAW,8,-3.730018,1.460126,1.112922
Fe_num,M5_Core_DepthInteractions,Lasso,RAW,9,-0.174598,3.476505,2.252986
Fe_num,M5_Core_DepthInteractions,Lasso,RAW,10,-0.205834,6.807641,3.297873
Fe_num,M5_Core_DepthInteractions,Lasso,RAW,11,0.079577,1.899843,1.403496
Fe_num,M5_Core_DepthInteractions,Lasso,RAW,12,-1.377175,1.976085,1.923345
Fe_num,M5_Core_DepthInteractions,Lasso,RAW,13,-1.534015,1.911378,1.539675
Fe_num,M5_Core_DepthInteractions,Lasso,RAW,14,-0.069634,6.615168,3.14812
Fe_num,M5_Core_DepthInteractions,Lasso,RAW,15,-0.057362,2.946021,2.014226
Fe_num,M5_Core_DepthInteractions,Lasso,RAW,16,-0.063461,2.04359,1.72844
Fe_num,M5_Core_DepthInteractions,Lasso,RAW,17,-16.266038,1.528044,1.461833
Fe_num,M5_Core_DepthInteractions,Lasso,RAW,18,-0.419742,3.467135,2.884833
Fe_num,M5_Core_DepthInteractions,Lasso,RAW,19,-0.121712,6.701563,3.459689
Fe_num,M5_Core_DepthInteractions,Lasso,RAW,20,-36.129959,1.900738,1.622105
Fe_num,M5_Core_DepthInteractions,Lasso,RAW,21,-0.307746,3.478239,2.254331
Fe_num,M5_Core_DepthInteractions,Lasso,RAW,22,-33.255039,2.223826,2.011049
Fe_num,M5_Core_DepthInteractions,Lasso,RAW,23,-0.088761,6.668312,3.308339
Fe_num,M5_Core_DepthInteractions,Lasso,RAW,24,-3.262201,2.688353,2.21266
Fe_num,M5_Core_DepthInteractions,Lasso,RAW,25,-1.14929,1.735228,1.582549
Fe_num,M5_Core_DepthInteractions,HuberRegressor,LOG1P,1,-0.077188,0.702741,0.462926
Fe_num,M5_Core_DepthInteractions,HuberRegressor,LOG1P,2,-0.177497,6.880462,2.69602
Fe_num,M5_Core_DepthInteractions,HuberRegressor,LOG1P,3,-0.222857,2.436643,1.359064
Fe_num,M5_Core_DepthInteractions,HuberRegressor,LOG1P,4,0.558268,0.287366,0.245885
Fe_num,M5_Core_DepthInteractions,HuberRegressor,LOG1P,5,-0.370231,3.392458,1.912741
Fe_num,M5_Core_DepthInteractions,HuberRegressor,LOG1P,6,0.009355,1.282312,0.656133
Fe_num,M5_Core_DepthInteractions,HuberRegressor,LOG1P,7,-17.88426,0.536082,0.401403
Fe_num,M5_Core_DepthInteractions,HuberRegressor,LOG1P,8,-0.307246,0.767605,0.495767
Fe_num,M5_Core_DepthInteractions,HuberRegressor,LOG1P,9,-0.374746,3.761052,2.136302
Fe_num,M5_Core_DepthInteractions,HuberRegressor,LOG1P,10,-0.293155,7.049824,3.272662
Fe_num,M5_Core_DepthInteractions,HuberRegressor,LOG1P,11,-0.161457,2.134154,1.236572
Fe_num,M5_Core_DepthInteractions,HuberRegressor,LOG1P,12,0.001443,1.280742,0.638974
Fe_num,M5_Core_DepthInteractions,HuberRegressor,LOG1P,13,-0.170566,1.299092,0.534707
Fe_num,M5_Core_DepthInteractions,HuberRegressor,LOG1P,14,-0.170696,6.920624,2.787014
Fe_num,M5_Core_DepthInteractions,HuberRegressor,LOG1P,15,-0.172682,3.102518,1.464336
Fe_num,M5_Core_DepthInteractions,HuberRegressor,LOG1P,16,-0.097194,2.075747,0.941302
Fe_num,M5_Core_DepthInteractions,HuberRegressor,LOG1P,17,0.021619,0.363742,0.270119
Fe_num,M5_Core_DepthInteractions,HuberRegressor,LOG1P,18,-0.33538,3.362547,1.94333
Fe_num,M5_Core_DepthInteractions,HuberRegressor,LOG1P,19,-0.214157,6.972249,3.170917
Fe_num,M5_Core_DepthInteractions,HuberRegressor,LOG1P,20,-1.80809,0.522716,0.495675
Fe_num,M5_Core_DepthInteractions,HuberRegressor,LOG1P,21,-0.64126,3.896605,2.435558
Fe_num,M5_Core_DepthInteractions,HuberRegressor,LOG1P,22,-1.70872,0.625346,0.533008
Fe_num,M5_Core_DepthInteractions,HuberRegressor,LOG1P,23,-0.158413,6.878305,2.843598
Fe_num,M5_Core_DepthInteractions,HuberRegressor,LOG1P,24,0.017441,1.290769,0.567641
Fe_num,M5_Core_DepthInteractions,HuberRegressor,LOG1P,25,-0.266286,1.33191,0.754556
Fe_num,M5_Core_DepthInteractions,HuberRegressor,RAW,1,-0.088499,0.706421,0.496673
Fe_num,M5_Core_DepthInteractions,HuberRegressor,RAW,2,-0.178469,6.883299,2.731724
Fe_num,M5_Core_DepthInteractions,HuberRegressor,RAW,3,-0.214242,2.428045,1.389793
Fe_num,M5_Core_DepthInteractions,HuberRegressor,RAW,4,0.380895,0.340203,0.302821
Fe_num,M5_Core_DepthInteractions,HuberRegressor,RAW,5,-0.369907,3.392058,1.916831
Fe_num,M5_Core_DepthInteractions,HuberRegressor,RAW,6,0.029251,1.26937,0.705613
Fe_num,M5_Core_DepthInteractions,HuberRegressor,RAW,7,-20.466763,0.571564,0.447098
Fe_num,M5_Core_DepthInteractions,HuberRegressor,RAW,8,-0.309223,0.768185,0.532625
Fe_num,M5_Core_DepthInteractions,HuberRegressor,RAW,9,-0.359727,3.740451,2.137829
Fe_num,M5_Core_DepthInteractions,HuberRegressor,RAW,10,-0.297781,7.062423,3.292877
Fe_num,M5_Core_DepthInteractions,HuberRegressor,RAW,11,-0.179066,2.150271,1.295158
Fe_num,M5_Core_DepthInteractions,HuberRegressor,RAW,12,0.026259,1.264727,0.683323
Fe_num,M5_Core_DepthInteractions,HuberRegressor,RAW,13,-0.159614,1.293001,0.549489
Fe_num,M5_Core_DepthInteractions,HuberRegressor,RAW,14,-0.1751,6.933629,2.831866
Fe_num,M5_Core_DepthInteractions,HuberRegressor,RAW,15,-0.171063,3.100375,1.468113
Fe_num,M5_Core_DepthInteractions,HuberRegressor,RAW,16,-0.080049,2.059466,0.954385
Fe_num,M5_Core_DepthInteractions,HuberRegressor,RAW,17,-0.103048,0.386222,0.293311
Fe_num,M5_Core_DepthInteractions,HuberRegressor,RAW,18,-0.324453,3.348761,1.950682
Fe_num,M5_Core_DepthInteractions,HuberRegressor,RAW,19,-0.213166,6.969404,3.209463
Fe_num,M5_Core_DepthInteractions,HuberRegressor,RAW,20,-2.294654,0.566194,0.542529
Fe_num,M5_Core_DepthInteractions,HuberRegressor,RAW,21,-0.640054,3.895173,2.437866
Fe_num,M5_Core_DepthInteractions,HuberRegressor,RAW,22,-2.769622,0.737713,0.650441
Fe_num,M5_Core_DepthInteractions,HuberRegressor,RAW,23,-0.156822,6.873579,2.868961
Fe_num,M5_Core_DepthInteractions,HuberRegressor,RAW,24,0.034714,1.279373,0.61906
Fe_num,M5_Core_DepthInteractions,HuberRegressor,RAW,25,-0.266156,1.331842,0.768242
Fe_num,M5_Core_DepthInteractions,SVR_RBF,LOG1P,1,-0.174025,0.733648,0.566446
Fe_num,M5_Core_DepthInteractions,SVR_RBF,LOG1P,2,-0.178671,6.883892,2.753982
Fe_num,M5_Core_DepthInteractions,SVR_RBF,LOG1P,3,0.007594,2.195073,1.311107
Fe_num,M5_Core_DepthInteractions,SVR_RBF,LOG1P,4,0.001739,0.431995,0.312135
Fe_num,M5_Core_DepthInteractions,SVR_RBF,LOG1P,5,-0.241877,3.229662,1.857388
Fe_num,M5_Core_DepthInteractions,SVR_RBF,LOG1P,6,0.098532,1.223235,0.715324
Fe_num,M5_Core_DepthInteractions,SVR_RBF,LOG1P,7,-6.759594,0.343638,0.296424
Fe_num,M5_Core_DepthInteractions,SVR_RBF,LOG1P,8,0.04243,0.656968,0.469567
Fe_num,M5_Core_DepthInteractions,SVR_RBF,LOG1P,9,-0.298428,3.655165,2.099811
Fe_num,M5_Core_DepthInteractions,SVR_RBF,LOG1P,10,-0.290103,7.0415,3.385256
Fe_num,M5_Core_DepthInteractions,SVR_RBF,LOG1P,11,-0.004183,1.984406,1.067418
Fe_num,M5_Core_DepthInteractions,SVR_RBF,LOG1P,12,0.085968,1.225337,0.700766
Fe_num,M5_Core_DepthInteractions,SVR_RBF,LOG1P,13,-0.248273,1.341518,0.688119
Fe_num,M5_Core_DepthInteractions,SVR_RBF,LOG1P,14,-0.157311,6.880947,2.74603
Fe_num,M5_Core_DepthInteractions,SVR_RBF,LOG1P,15,-0.058657,2.947826,1.437114
Fe_num,M5_Core_DepthInteractions,SVR_RBF,LOG1P,16,0.032565,1.949143,0.907585
Fe_num,M5_Core_DepthInteractions,SVR_RBF,LOG1P,17,-0.538468,0.456125,0.375133
Fe_num,M5_Core_DepthInteractions,SVR_RBF,LOG1P,18,-0.243295,3.244539,1.972536
Fe_num,M5_Core_DepthInteractions,SVR_RBF,LOG1P,19,-0.210257,6.961043,3.17761
Fe_num,M5_Core_DepthInteractions,SVR_RBF,LOG1P,20,-1.985376,0.538964,0.466799
Fe_num,M5_Core_DepthInteractions,SVR_RBF,LOG1P,21,-0.534887,3.768218,2.377424
Fe_num,M5_Core_DepthInteractions,SVR_RBF,LOG1P,22,-1.03011,0.541375,0.453895
Fe_num,M5_Core_DepthInteractions,SVR_RBF,LOG1P,23,-0.164192,6.895439,2.893047
Fe_num,M5_Core_DepthInteractions,SVR_RBF,LOG1P,24,0.123032,1.219442,0.695647
Fe_num,M5_Core_DepthInteractions,SVR_RBF,LOG1P,25,-0.343162,1.371744,0.721584
Fe_num,M5_Core_DepthInteractions,SVR_RBF,RAW,1,-0.150848,0.726371,0.53975
Fe_num,M5_Core_DepthInteractions,SVR_RBF,RAW,2,-0.180368,6.888843,2.785514
Fe_num,M5_Core_DepthInteractions,SVR_RBF,RAW,3,-0.068349,2.277513,1.354455
Fe_num,M5_Core_DepthInteractions,SVR_RBF,RAW,4,0.039934,0.42365,0.308986
Fe_num,M5_Core_DepthInteractions,SVR_RBF,RAW,5,-0.293647,3.296291,1.898537
Fe_num,M5_Core_DepthInteractions,SVR_RBF,RAW,6,0.110862,1.21484,0.714716
Fe_num,M5_Core_DepthInteractions,SVR_RBF,RAW,7,-7.392271,0.357373,0.31802
Fe_num,M5_Core_DepthInteractions,SVR_RBF,RAW,8,-0.094826,0.702476,0.50259
Fe_num,M5_Core_DepthInteractions,SVR_RBF,RAW,9,-0.312227,3.674537,2.103206
Fe_num,M5_Core_DepthInteractions,SVR_RBF,RAW,10,-0.289441,7.039693,3.396035
Fe_num,M5_Core_DepthInteractions,SVR_RBF,RAW,11,-0.074154,2.052379,1.087327
Fe_num,M5_Core_DepthInteractions,SVR_RBF,RAW,12,0.047361,1.250948,0.691127
Fe_num,M5_Core_DepthInteractions,SVR_RBF,RAW,13,-0.292368,1.365007,0.72132
Fe_num,M5_Core_DepthInteractions,SVR_RBF,RAW,14,-0.164573,6.902504,2.766505
Fe_num,M5_Core_DepthInteractions,SVR_RBF,RAW,15,-0.088263,2.98876,1.453741
Fe_num,M5_Core_DepthInteractions,SVR_RBF,RAW,16,-0.01339,1.994901,0.920413
Fe_num,M5_Core_DepthInteractions,SVR_RBF,RAW,17,-0.140599,0.392741,0.330496
Fe_num,M5_Core_DepthInteractions,SVR_RBF,RAW,18,-0.282622,3.295455,1.992537
Fe_num,M5_Core_DepthInteractions,SVR_RBF,RAW,19,-0.206773,6.951016,3.187576
Fe_num,M5_Core_DepthInteractions,SVR_RBF,RAW,20,-1.900067,0.531207,0.476483
Fe_num,M5_Core_DepthInteractions,SVR_RBF,RAW,21,-0.526929,3.758436,2.374847
Fe_num,M5_Core_DepthInteractions,SVR_RBF,RAW,22,-0.615916,0.483001,0.391957
Fe_num,M5_Core_DepthInteractions,SVR_RBF,RAW,23,-0.160745,6.885224,2.895358
Fe_num,M5_Core_DepthInteractions,SVR_RBF,RAW,24,0.069479,1.256124,0.713467
Fe_num,M5_Core_DepthInteractions,SVR_RBF,RAW,25,-0.32971,1.364858,0.719147
Fe_num,M7_Stage5_AdvancedRatios,Ridge,LOG1P,1,-3.22664,1.392025,1.032539
Fe_num,M7_Stage5_AdvancedRatios,Ridge,LOG1P,2,-0.226578,7.022394,3.756706
Fe_num,M7_Stage5_AdvancedRatios,Ridge,LOG1P,3,0.036538,2.162825,1.470533
Fe_num,M7_Stage5_AdvancedRatios,Ridge,LOG1P,4,-0.149296,0.463524,0.372072
Fe_num,M7_Stage5_AdvancedRatios,Ridge,LOG1P,5,-0.245271,3.234071,1.94037
Fe_num,M7_Stage5_AdvancedRatios,Ridge,LOG1P,6,-0.101371,1.352077,1.107253
Fe_num,M7_Stage5_AdvancedRatios,Ridge,LOG1P,7,-613.921511,3.059083,1.679019
Fe_num,M7_Stage5_AdvancedRatios,Ridge,LOG1P,8,0.020796,0.664348,0.563473
Fe_num,M7_Stage5_AdvancedRatios,Ridge,LOG1P,9,-0.207166,3.524372,2.025297
Fe_num,M7_Stage5_AdvancedRatios,Ridge,LOG1P,10,-0.270709,6.988372,3.549283
Fe_num,M7_Stage5_AdvancedRatios,Ridge,LOG1P,11,0.150374,1.825316,1.121015
Fe_num,M7_Stage5_AdvancedRatios,Ridge,LOG1P,12,0.032213,1.260854,1.056871
Fe_num,M7_Stage5_AdvancedRatios,Ridge,LOG1P,13,-0.260983,1.348331,0.873584
Fe_num,M7_Stage5_AdvancedRatios,Ridge,LOG1P,14,-0.159299,6.886854,3.220298
Fe_num,M7_Stage5_AdvancedRatios,Ridge,LOG1P,15,-0.088073,2.988499,1.645612
Fe_num,M7_Stage5_AdvancedRatios,Ridge,LOG1P,16,0.174043,1.800991,0.994863
Fe_num,M7_Stage5_AdvancedRatios,Ridge,LOG1P,17,-1.652245,0.598889,0.553388
Fe_num,M7_Stage5_AdvancedRatios,Ridge,LOG1P,18,-0.17507,3.154262,2.06914
Fe_num,M7_Stage5_AdvancedRatios,Ridge,LOG1P,19,-0.162065,6.821042,3.416863
Fe_num,M7_Stage5_AdvancedRatios,Ridge,LOG1P,20,-8.103567,0.941165,0.711549
Fe_num,M7_Stage5_AdvancedRatios,Ridge,LOG1P,21,-0.480397,3.700725,2.344254
Fe_num,M7_Stage5_AdvancedRatios,Ridge,LOG1P,22,-8.669033,1.18149,1.021354
Fe_num,M7_Stage5_AdvancedRatios,Ridge,LOG1P,23,-0.157718,6.876239,3.320997
Fe_num,M7_Stage5_AdvancedRatios,Ridge,LOG1P,24,0.21849,1.151162,0.854768
Fe_num,M7_Stage5_AdvancedRatios,Ridge,LOG1P,25,-0.308004,1.353673,0.855803
Fe_num,M7_Stage5_AdvancedRatios,Ridge,RAW,1,-16.614862,2.84177,2.358681
Fe_num,M7_Stage5_AdvancedRatios,Ridge,RAW,2,-0.339518,7.338579,4.762673
Fe_num,M7_Stage5_AdvancedRatios,Ridge,RAW,3,-2.80193,4.296415,3.988595
Fe_num,M7_Stage5_AdvancedRatios,Ridge,RAW,4,-8.316357,1.319713,1.09926
Fe_num,M7_Stage5_AdvancedRatios,Ridge,RAW,5,-0.369137,3.391104,2.640556
Fe_num,M7_Stage5_AdvancedRatios,Ridge,RAW,6,-4.910068,3.132065,2.774245
Fe_num,M7_Stage5_AdvancedRatios,Ridge,RAW,7,-709.218595,3.287589,2.379475
Fe_num,M7_Stage5_AdvancedRatios,Ridge,RAW,8,-6.694006,1.862238,1.505491
Fe_num,M7_Stage5_AdvancedRatios,Ridge,RAW,9,-0.263024,3.604988,2.678431
Fe_num,M7_Stage5_AdvancedRatios,Ridge,RAW,10,-0.273216,6.995262,3.874284
Fe_num,M7_Stage5_AdvancedRatios,Ridge,RAW,11,0.038873,1.941398,1.462793
Fe_num,M7_Stage5_AdvancedRatios,Ridge,RAW,12,-1.812921,2.149581,1.997303
Fe_num,M7_Stage5_AdvancedRatios,Ridge,RAW,13,-8.25022,3.651892,3.047223
Fe_num,M7_Stage5_AdvancedRatios,Ridge,RAW,14,-0.19525,6.992826,3.710662
Fe_num,M7_Stage5_AdvancedRatios,Ridge,RAW,15,-1.041017,4.093053,2.973367
Fe_num,M7_Stage5_AdvancedRatios,Ridge,RAW,16,-0.184022,2.156317,1.88493
Fe_num,M7_Stage5_AdvancedRatios,Ridge,RAW,17,-21.029792,1.726016,1.545092
Fe_num,M7_Stage5_AdvancedRatios,Ridge,RAW,18,-0.325511,3.350099,2.816508
Fe_num,M7_Stage5_AdvancedRatios,Ridge,RAW,19,-0.202362,6.938301,4.121452
Fe_num,M7_Stage5_AdvancedRatios,Ridge,RAW,20,-146.905976,3.793612,2.928328
Fe_num,M7_Stage5_AdvancedRatios,Ridge,RAW,21,-1.546091,4.853273,3.329902
Fe_num,M7_Stage5_AdvancedRatios,Ridge,RAW,22,-46.187735,2.610075,2.431684
Fe_num,M7_Stage5_AdvancedRatios,Ridge,RAW,23,-0.18102,6.945097,3.73127
Fe_num,M7_Stage5_AdvancedRatios,Ridge,RAW,24,-5.324786,3.274856,2.806482
Fe_num,M7_Stage5_AdvancedRatios,Ridge,RAW,25,-1.968389,2.039245,1.757749
Fe_num,M7_Stage5_AdvancedRatios,Lasso,LOG1P,1,-0.222849,0.748748,0.710732
Fe_num,M7_Stage5_AdvancedRatios,Lasso,LOG1P,2,-0.128615,6.736131,2.763204
Fe_num,M7_Stage5_AdvancedRatios,Lasso,LOG1P,3,-0.117574,2.32939,1.432919
Fe_num,M7_Stage5_AdvancedRatios,Lasso,LOG1P,4,-1.106126,0.627478,0.622039
Fe_num,M7_Stage5_AdvancedRatios,Lasso,LOG1P,5,-0.268723,3.264382,1.88141
Fe_num,M7_Stage5_AdvancedRatios,Lasso,LOG1P,6,0.074822,1.239217,0.879984
Fe_num,M7_Stage5_AdvancedRatios,Lasso,LOG1P,7,-27.617518,0.659929,0.601604
Fe_num,M7_Stage5_AdvancedRatios,Lasso,LOG1P,8,-0.275045,0.758092,0.732326
Fe_num,M7_Stage5_AdvancedRatios,Lasso,LOG1P,9,-0.314069,3.677116,2.17725
Fe_num,M7_Stage5_AdvancedRatios,Lasso,LOG1P,10,-0.242202,6.909537,3.202684
Fe_num,M7_Stage5_AdvancedRatios,Lasso,LOG1P,11,-0.099328,2.076288,1.231532
Fe_num,M7_Stage5_AdvancedRatios,Lasso,LOG1P,12,-0.002072,1.282994,0.98446
Fe_num,M7_Stage5_AdvancedRatios,Lasso,LOG1P,13,-0.064831,1.239031,0.736398
Fe_num,M7_Stage5_AdvancedRatios,Lasso,LOG1P,14,-0.107304,6.730646,2.834628
Fe_num,M7_Stage5_AdvancedRatios,Lasso,LOG1P,15,-0.142456,3.062273,1.585685
Fe_num,M7_Stage5_AdvancedRatios,Lasso,LOG1P,16,-0.019817,2.001216,1.08026
Fe_num,M7_Stage5_AdvancedRatios,Lasso,LOG1P,17,-1.224126,0.548427,0.484653
Fe_num,M7_Stage5_AdvancedRatios,Lasso,LOG1P,18,-0.264554,3.272161,1.98258
Fe_num,M7_Stage5_AdvancedRatios,Lasso,LOG1P,19,-0.174638,6.857842,3.219082
Fe_num,M7_Stage5_AdvancedRatios,Lasso,LOG1P,20,-3.384982,0.653197,0.606399
Fe_num,M7_Stage5_AdvancedRatios,Lasso,LOG1P,21,-0.533839,3.76693,2.394567
Fe_num,M7_Stage5_AdvancedRatios,Lasso,LOG1P,22,-3.02722,0.762502,0.716414
Fe_num,M7_Stage5_AdvancedRatios,Lasso,LOG1P,23,-0.115045,6.748323,2.952974
Fe_num,M7_Stage5_AdvancedRatios,Lasso,LOG1P,24,-0.018528,1.314183,0.993875
Fe_num,M7_Stage5_AdvancedRatios,Lasso,LOG1P,25,-0.11201,1.24814,0.764186
Fe_num,M7_Stage5_AdvancedRatios,Lasso,RAW,1,-13.007806,2.534162,2.138133
Fe_num,M7_Stage5_AdvancedRatios,Lasso,RAW,2,-0.131363,6.744326,3.690039
Fe_num,M7_Stage5_AdvancedRatios,Lasso,RAW,3,-1.21609,3.280181,3.107328
Fe_num,M7_Stage5_AdvancedRatios,Lasso,RAW,4,-8.599783,1.339637,1.181765
Fe_num,M7_Stage5_AdvancedRatios,Lasso,RAW,5,-0.283828,3.283757,2.529672
Fe_num,M7_Stage5_AdvancedRatios,Lasso,RAW,6,-3.757043,2.809979,2.567413
Fe_num,M7_Stage5_AdvancedRatios,Lasso,RAW,7,-292.12577,2.112071,1.839478
Fe_num,M7_Stage5_AdvancedRatios,Lasso,RAW,8,-3.87178,1.481845,1.184783
Fe_num,M7_Stage5_AdvancedRatios,Lasso,RAW,9,-0.176409,3.479183,2.292521
Fe_num,M7_Stage5_AdvancedRatios,Lasso,RAW,10,-0.188113,6.757435,3.249291
Fe_num,M7_Stage5_AdvancedRatios,Lasso,RAW,11,0.1044,1.87405,1.364475
Fe_num,M7_Stage5_AdvancedRatios,Lasso,RAW,12,-1.612806,2.071709,1.987259
Fe_num,M7_Stage5_AdvancedRatios,Lasso,RAW,13,-3.983252,2.680392,2.191293
Fe_num,M7_Stage5_AdvancedRatios,Lasso,RAW,14,-0.132897,6.807982,3.474235
Fe_num,M7_Stage5_AdvancedRatios,Lasso,RAW,15,-0.897978,3.947023,2.822625
Fe_num,M7_Stage5_AdvancedRatios,Lasso,RAW,16,0.036676,1.944998,1.659567
Fe_num,M7_Stage5_AdvancedRatios,Lasso,RAW,17,-16.246625,1.527185,1.472592
Fe_num,M7_Stage5_AdvancedRatios,Lasso,RAW,18,-0.261332,3.26799,2.640115
Fe_num,M7_Stage5_AdvancedRatios,Lasso,RAW,19,-0.123834,6.707899,3.734567
Fe_num,M7_Stage5_AdvancedRatios,Lasso,RAW,20,-123.265466,3.477245,2.673498
Fe_num,M7_Stage5_AdvancedRatios,Lasso,RAW,21,-1.394811,4.706882,3.21094
Fe_num,M7_Stage5_AdvancedRatios,Lasso,RAW,22,-38.275906,2.381231,2.210196
Fe_num,M7_Stage5_AdvancedRatios,Lasso,RAW,23,-0.125881,6.781034,3.51045
Fe_num,M7_Stage5_AdvancedRatios,Lasso,RAW,24,-3.689126,2.81978,2.515612
Fe_num,M7_Stage5_AdvancedRatios,Lasso,RAW,25,-1.247694,1.774507,1.576022
Fe_num,M7_Stage5_AdvancedRatios,HuberRegressor,LOG1P,1,-0.045001,0.692162,0.485599
Fe_num,M7_Stage5_AdvancedRatios,HuberRegressor,LOG1P,2,-0.17109,6.861716,3.287283
Fe_num,M7_Stage5_AdvancedRatios,HuberRegressor,LOG1P,3,-0.214912,2.428715,1.402465
Fe_num,M7_Stage5_AdvancedRatios,HuberRegressor,LOG1P,4,0.694351,0.239039,0.181987
Fe_num,M7_Stage5_AdvancedRatios,HuberRegressor,LOG1P,5,-0.368941,3.390861,1.918994
Fe_num,M7_Stage5_AdvancedRatios,HuberRegressor,LOG1P,6,0.080681,1.235287,0.73277
Fe_num,M7_Stage5_AdvancedRatios,HuberRegressor,LOG1P,7,-98.602858,1.231168,0.739474
Fe_num,M7_Stage5_AdvancedRatios,HuberRegressor,LOG1P,8,-0.406577,0.796234,0.588827
Fe_num,M7_Stage5_AdvancedRatios,HuberRegressor,LOG1P,9,-0.33293,3.703409,2.162099
Fe_num,M7_Stage5_AdvancedRatios,HuberRegressor,LOG1P,10,-0.255996,6.947797,3.286706
Fe_num,M7_Stage5_AdvancedRatios,HuberRegressor,LOG1P,11,-0.174187,2.145818,1.138199
Fe_num,M7_Stage5_AdvancedRatios,HuberRegressor,LOG1P,12,0.122424,1.200653,0.680267
Fe_num,M7_Stage5_AdvancedRatios,HuberRegressor,LOG1P,13,-0.383675,1.412404,0.858013
Fe_num,M7_Stage5_AdvancedRatios,HuberRegressor,LOG1P,14,-0.144086,6.841521,2.757973
Fe_num,M7_Stage5_AdvancedRatios,HuberRegressor,LOG1P,15,-0.230604,3.178215,1.631803
Fe_num,M7_Stage5_AdvancedRatios,HuberRegressor,LOG1P,16,-0.096605,2.075191,1.005172
Fe_num,M7_Stage5_AdvancedRatios,HuberRegressor,LOG1P,17,-0.985376,0.518156,0.432082
Fe_num,M7_Stage5_AdvancedRatios,HuberRegressor,LOG1P,18,-0.33659,3.364071,1.926391
Fe_num,M7_Stage5_AdvancedRatios,HuberRegressor,LOG1P,19,-0.166279,6.833397,3.256048
Fe_num,M7_Stage5_AdvancedRatios,HuberRegressor,LOG1P,20,-179.619696,4.192206,1.932857
Fe_num,M7_Stage5_AdvancedRatios,HuberRegressor,LOG1P,21,-0.643968,3.899819,2.58925
Fe_num,M7_Stage5_AdvancedRatios,HuberRegressor,LOG1P,22,-3.394543,0.796517,0.659917
Fe_num,M7_Stage5_AdvancedRatios,HuberRegressor,LOG1P,23,-0.134776,6.807769,2.851157
Fe_num,M7_Stage5_AdvancedRatios,HuberRegressor,LOG1P,24,0.098952,1.236071,0.585417
Fe_num,M7_Stage5_AdvancedRatios,HuberRegressor,LOG1P,25,-0.375759,1.38829,0.801633
Fe_num,M7_Stage5_AdvancedRatios,HuberRegressor,RAW,1,-0.060686,0.697337,0.513952
Fe_num,M7_Stage5_AdvancedRatios,HuberRegressor,RAW,2,-0.167606,6.851502,3.375907
Fe_num,M7_Stage5_AdvancedRatios,HuberRegressor,RAW,3,-0.221296,2.435088,1.445601
Fe_num,M7_Stage5_AdvancedRatios,HuberRegressor,RAW,4,0.602585,0.27257,0.217567
Fe_num,M7_Stage5_AdvancedRatios,HuberRegressor,RAW,5,-0.367818,3.389471,1.92107
Fe_num,M7_Stage5_AdvancedRatios,HuberRegressor,RAW,6,0.078382,1.23683,0.751991
Fe_num,M7_Stage5_AdvancedRatios,HuberRegressor,RAW,7,-52.135372,0.899235,0.64093
Fe_num,M7_Stage5_AdvancedRatios,HuberRegressor,RAW,8,-0.357267,0.782153,0.602362
Fe_num,M7_Stage5_AdvancedRatios,HuberRegressor,RAW,9,-0.330454,3.699969,2.242036
Fe_num,M7_Stage5_AdvancedRatios,HuberRegressor,RAW,10,-0.254745,6.944334,3.280891
Fe_num,M7_Stage5_AdvancedRatios,HuberRegressor,RAW,11,-0.175214,2.146756,1.159396
Fe_num,M7_Stage5_AdvancedRatios,HuberRegressor,RAW,12,0.123404,1.199982,0.702868
Fe_num,M7_Stage5_AdvancedRatios,HuberRegressor,RAW,13,-1.166159,1.767206,1.205837
Fe_num,M7_Stage5_AdvancedRatios,HuberRegressor,RAW,14,-0.136472,6.818715,2.781785
Fe_num,M7_Stage5_AdvancedRatios,HuberRegressor,RAW,15,-0.243566,3.194909,1.68189
Fe_num,M7_Stage5_AdvancedRatios,HuberRegressor,RAW,16,-0.105146,2.083256,1.056875
Fe_num,M7_Stage5_AdvancedRatios,HuberRegressor,RAW,17,-1.115811,0.534907,0.45717
Fe_num,M7_Stage5_AdvancedRatios,HuberRegressor,RAW,18,-0.338758,3.366797,1.933173
Fe_num,M7_Stage5_AdvancedRatios,HuberRegressor,RAW,19,-0.167593,6.837246,3.418752
Fe_num,M7_Stage5_AdvancedRatios,HuberRegressor,RAW,20,-21.09044,1.466095,0.981064
Fe_num,M7_Stage5_AdvancedRatios,HuberRegressor,RAW,21,-0.689096,3.952983,2.701884
Fe_num,M7_Stage5_AdvancedRatios,HuberRegressor,RAW,22,-4.025924,0.851817,0.728072
Fe_num,M7_Stage5_AdvancedRatios,HuberRegressor,RAW,23,-0.127756,6.786678,2.857006
Fe_num,M7_Stage5_AdvancedRatios,HuberRegressor,RAW,24,-0.063665,1.342987,0.735495
Fe_num,M7_Stage5_AdvancedRatios,HuberRegressor,RAW,25,-0.456895,1.428641,0.867291
Fe_num,M7_Stage5_AdvancedRatios,SVR_RBF,LOG1P,1,-0.0016,0.677636,0.486862
Fe_num,M7_Stage5_AdvancedRatios,SVR_RBF,LOG1P,2,-0.197087,6.937461,3.016148
Fe_num,M7_Stage5_AdvancedRatios,SVR_RBF,LOG1P,3,-0.094825,2.30556,1.328585
Fe_num,M7_Stage5_AdvancedRatios,SVR_RBF,LOG1P,4,-0.006784,0.433835,0.279004
Fe_num,M7_Stage5_AdvancedRatios,SVR_RBF,LOG1P,5,-0.359037,3.378572,1.961408
Fe_num,M7_Stage5_AdvancedRatios,SVR_RBF,LOG1P,6,0.05553,1.25207,0.812646
Fe_num,M7_Stage5_AdvancedRatios,SVR_RBF,LOG1P,7,-8.840392,0.386979,0.327334
Fe_num,M7_Stage5_AdvancedRatios,SVR_RBF,LOG1P,8,0.168583,0.612165,0.494806
Fe_num,M7_Stage5_AdvancedRatios,SVR_RBF,LOG1P,9,-0.332499,3.702811,2.166865
Fe_num,M7_Stage5_AdvancedRatios,SVR_RBF,LOG1P,10,-0.292861,7.049022,3.433972
Fe_num,M7_Stage5_AdvancedRatios,SVR_RBF,LOG1P,11,-0.061404,2.040161,1.133855
Fe_num,M7_Stage5_AdvancedRatios,SVR_RBF,LOG1P,12,0.126204,1.198064,0.7353
Fe_num,M7_Stage5_AdvancedRatios,SVR_RBF,LOG1P,13,-0.231123,1.332271,0.709247
Fe_num,M7_Stage5_AdvancedRatios,SVR_RBF,LOG1P,14,-0.171084,6.921771,2.734669
Fe_num,M7_Stage5_AdvancedRatios,SVR_RBF,LOG1P,15,-0.121639,3.034245,1.49148
Fe_num,M7_Stage5_AdvancedRatios,SVR_RBF,LOG1P,16,-0.020046,2.00144,0.936276
Fe_num,M7_Stage5_AdvancedRatios,SVR_RBF,LOG1P,17,0.256739,0.317037,0.273624
Fe_num,M7_Stage5_AdvancedRatios,SVR_RBF,LOG1P,18,-0.286916,3.300967,1.98809
Fe_num,M7_Stage5_AdvancedRatios,SVR_RBF,LOG1P,19,-0.216225,6.978183,3.296194
Fe_num,M7_Stage5_AdvancedRatios,SVR_RBF,LOG1P,20,-2.576661,0.589928,0.497897
Fe_num,M7_Stage5_AdvancedRatios,SVR_RBF,LOG1P,21,-0.581977,3.825584,2.429692
Fe_num,M7_Stage5_AdvancedRatios,SVR_RBF,LOG1P,22,-2.119389,0.671078,0.51933
Fe_num,M7_Stage5_AdvancedRatios,SVR_RBF,LOG1P,23,-0.175502,6.928852,2.90926
Fe_num,M7_Stage5_AdvancedRatios,SVR_RBF,LOG1P,24,0.057313,1.264308,0.694802
Fe_num,M7_Stage5_AdvancedRatios,SVR_RBF,LOG1P,25,-0.261738,1.329516,0.671475
Fe_num,M7_Stage5_AdvancedRatios,SVR_RBF,RAW,1,-0.018341,0.683276,0.490417
Fe_num,M7_Stage5_AdvancedRatios,SVR_RBF,RAW,2,-0.191948,6.922553,2.900327
Fe_num,M7_Stage5_AdvancedRatios,SVR_RBF,RAW,3,-0.130269,2.342583,1.357821
Fe_num,M7_Stage5_AdvancedRatios,SVR_RBF,RAW,4,0.087826,0.412948,0.271707
Fe_num,M7_Stage5_AdvancedRatios,SVR_RBF,RAW,5,-0.367407,3.388961,1.958939
Fe_num,M7_Stage5_AdvancedRatios,SVR_RBF,RAW,6,0.084089,1.232994,0.815099
Fe_num,M7_Stage5_AdvancedRatios,SVR_RBF,RAW,7,-6.711017,0.342561,0.311467
Fe_num,M7_Stage5_AdvancedRatios,SVR_RBF,RAW,8,0.051285,0.653923,0.492113
Fe_num,M7_Stage5_AdvancedRatios,SVR_RBF,RAW,9,-0.351409,3.728993,2.187067
Fe_num,M7_Stage5_AdvancedRatios,SVR_RBF,RAW,10,-0.290326,7.042107,3.414595
Fe_num,M7_Stage5_AdvancedRatios,SVR_RBF,RAW,11,-0.097309,2.074381,1.127807
Fe_num,M7_Stage5_AdvancedRatios,SVR_RBF,RAW,12,0.144174,1.185681,0.739628
Fe_num,M7_Stage5_AdvancedRatios,SVR_RBF,RAW,13,-0.228032,1.330598,0.734647
Fe_num,M7_Stage5_AdvancedRatios,SVR_RBF,RAW,14,-0.173663,6.929389,2.729227
Fe_num,M7_Stage5_AdvancedRatios,SVR_RBF,RAW,15,-0.144389,3.064862,1.513091
Fe_num,M7_Stage5_AdvancedRatios,SVR_RBF,RAW,16,-0.058371,2.038692,0.958904
Fe_num,M7_Stage5_AdvancedRatios,SVR_RBF,RAW,17,0.302732,0.307071,0.269107
Fe_num,M7_Stage5_AdvancedRatios,SVR_RBF,RAW,18,-0.308926,3.329075,1.987719
Fe_num,M7_Stage5_AdvancedRatios,SVR_RBF,RAW,19,-0.212406,6.967218,3.267398
Fe_num,M7_Stage5_AdvancedRatios,SVR_RBF,RAW,20,-1.898056,0.531023,0.45864
Fe_num,M7_Stage5_AdvancedRatios,SVR_RBF,RAW,21,-0.561835,3.801153,2.418755
Fe_num,M7_Stage5_AdvancedRatios,SVR_RBF,RAW,22,-1.494055,0.600056,0.484474
Fe_num,M7_Stage5_AdvancedRatios,SVR_RBF,RAW,23,-0.1633,6.892796,2.889731
Fe_num,M7_Stage5_AdvancedRatios,SVR_RBF,RAW,24,0.032549,1.280807,0.699244
Fe_num,M7_Stage5_AdvancedRatios,SVR_RBF,RAW,25,-0.26079,1.329017,0.678727
Fe_num,M8_Stage5_PlausibleInteractions,Ridge,LOG1P,1,-2.445178,1.256768,0.88733
Fe_num,M8_Stage5_PlausibleInteractions,Ridge,LOG1P,2,-0.171776,6.863726,3.132566
Fe_num,M8_Stage5_PlausibleInteractions,Ridge,LOG1P,3,0.012747,2.189366,1.437673
Fe_num,M8_Stage5_PlausibleInteractions,Ridge,LOG1P,4,-0.324804,0.497659,0.386064
Fe_num,M8_Stage5_PlausibleInteractions,Ridge,LOG1P,5,-0.251266,3.241847,1.878199
Fe_num,M8_Stage5_PlausibleInteractions,Ridge,LOG1P,6,-0.1039,1.353628,1.121694
Fe_num,M8_Stage5_PlausibleInteractions,Ridge,LOG1P,7,-611.463575,3.052963,1.804915
Fe_num,M8_Stage5_PlausibleInteractions,Ridge,LOG1P,8,0.027741,0.661988,0.544482
Fe_num,M8_Stage5_PlausibleInteractions,Ridge,LOG1P,9,-0.365733,3.748703,2.114725
Fe_num,M8_Stage5_PlausibleInteractions,Ridge,LOG1P,10,-0.279498,7.012498,3.26732
Fe_num,M8_Stage5_PlausibleInteractions,Ridge,LOG1P,11,0.137219,1.839392,1.101064
Fe_num,M8_Stage5_PlausibleInteractions,Ridge,LOG1P,12,-0.020819,1.294939,1.063253
Fe_num,M8_Stage5_PlausibleInteractions,Ridge,LOG1P,13,-0.271805,1.354105,0.777303
Fe_num,M8_Stage5_PlausibleInteractions,Ridge,LOG1P,14,-0.184123,6.9602,3.087486
Fe_num,M8_Stage5_PlausibleInteractions,Ridge,LOG1P,15,-0.136931,3.054859,1.625568
Fe_num,M8_Stage5_PlausibleInteractions,Ridge,LOG1P,16,0.154676,1.821984,0.979241
Fe_num,M8_Stage5_PlausibleInteractions,Ridge,LOG1P,17,-1.916132,0.627976,0.600918
Fe_num,M8_Stage5_PlausibleInteractions,Ridge,LOG1P,18,-0.226219,3.222181,2.118657
Fe_num,M8_Stage5_PlausibleInteractions,Ridge,LOG1P,19,-0.203823,6.942514,3.337921
Fe_num,M8_Stage5_PlausibleInteractions,Ridge,LOG1P,20,-13.990729,1.207734,0.989485
Fe_num,M8_Stage5_PlausibleInteractions,Ridge,LOG1P,21,-0.609338,3.858526,2.444246
Fe_num,M8_Stage5_PlausibleInteractions,Ridge,LOG1P,22,-7.615396,1.11526,0.954153
Fe_num,M8_Stage5_PlausibleInteractions,Ridge,LOG1P,23,-0.194659,6.985084,3.445679
Fe_num,M8_Stage5_PlausibleInteractions,Ridge,LOG1P,24,-0.090514,1.359831,0.997425
Fe_num,M8_Stage5_PlausibleInteractions,Ridge,LOG1P,25,-0.222928,1.308909,0.851244
Fe_num,M8_Stage5_PlausibleInteractions,Ridge,RAW,1,-14.143402,2.634881,2.12783
Fe_num,M8_Stage5_PlausibleInteractions,Ridge,RAW,2,-0.244721,7.074141,3.690577
Fe_num,M8_Stage5_PlausibleInteractions,Ridge,RAW,3,-1.622177,3.568085,3.378285
Fe_num,M8_Stage5_PlausibleInteractions,Ridge,RAW,4,-9.487942,1.400237,1.1692
Fe_num,M8_Stage5_PlausibleInteractions,Ridge,RAW,5,-0.534003,3.589474,2.769087
Fe_num,M8_Stage5_PlausibleInteractions,Ridge,RAW,6,-5.193312,3.20624,2.879344
Fe_num,M8_Stage5_PlausibleInteractions,Ridge,RAW,7,-686.571367,3.234747,2.485076
Fe_num,M8_Stage5_PlausibleInteractions,Ridge,RAW,8,-5.067858,1.653776,1.425374
Fe_num,M8_Stage5_PlausibleInteractions,Ridge,RAW,9,-0.870736,4.387371,3.050531
Fe_num,M8_Stage5_PlausibleInteractions,Ridge,RAW,10,-0.354146,7.214158,3.396833
Fe_num,M8_Stage5_PlausibleInteractions,Ridge,RAW,11,-0.173071,2.144797,1.641646
Fe_num,M8_Stage5_PlausibleInteractions,Ridge,RAW,12,-1.810689,2.148728,1.986854
Fe_num,M8_Stage5_PlausibleInteractions,Ridge,RAW,13,-4.762567,2.882371,2.080352
Fe_num,M8_Stage5_PlausibleInteractions,Ridge,RAW,14,-0.282516,7.243604,3.545714
Fe_num,M8_Stage5_PlausibleInteractions,Ridge,RAW,15,-0.768783,3.810319,2.802343
Fe_num,M8_Stage5_PlausibleInteractions,Ridge,RAW,16,-0.335366,2.289987,1.943421
Fe_num,M8_Stage5_PlausibleInteractions,Ridge,RAW,17,-18.665424,1.630764,1.517309
Fe_num,M8_Stage5_PlausibleInteractions,Ridge,RAW,18,-0.541058,3.61223,2.850086
Fe_num,M8_Stage5_PlausibleInteractions,Ridge,RAW,19,-0.258945,7.099682,3.676911
Fe_num,M8_Stage5_PlausibleInteractions,Ridge,RAW,20,-120.825992,3.442944,2.840776
Fe_num,M8_Stage5_PlausibleInteractions,Ridge,RAW,21,-1.256136,4.568571,3.163708
Fe_num,M8_Stage5_PlausibleInteractions,Ridge,RAW,22,-38.398968,2.384959,2.116242
Fe_num,M8_Stage5_PlausibleInteractions,Ridge,RAW,23,-0.293513,7.268336,4.01015
Fe_num,M8_Stage5_PlausibleInteractions,Ridge,RAW,24,-6.462295,3.557177,2.772893
Fe_num,M8_Stage5_PlausibleInteractions,Ridge,RAW,25,-1.335857,1.808973,1.60029
Fe_num,M8_Stage5_PlausibleInteractions,Lasso,LOG1P,1,-0.207058,0.743898,0.699162
Fe_num,M8_Stage5_PlausibleInteractions,Lasso,LOG1P,2,-0.142145,6.776389,2.822864
Fe_num,M8_Stage5_PlausibleInteractions,Lasso,LOG1P,3,-0.117574,2.32939,1.432919
Fe_num,M8_Stage5_PlausibleInteractions,Lasso,LOG1P,4,-1.067397,0.621682,0.615678
Fe_num,M8_Stage5_PlausibleInteractions,Lasso,LOG1P,5,-0.271838,3.268387,1.876517
Fe_num,M8_Stage5_PlausibleInteractions,Lasso,LOG1P,6,0.05274,1.253918,0.872615
Fe_num,M8_Stage5_PlausibleInteractions,Lasso,LOG1P,7,-35.904446,0.749412,0.674897
Fe_num,M8_Stage5_PlausibleInteractions,Lasso,LOG1P,8,-0.151188,0.720331,0.673464
Fe_num,M8_Stage5_PlausibleInteractions,Lasso,LOG1P,9,-0.314069,3.677116,2.17725
Fe_num,M8_Stage5_PlausibleInteractions,Lasso,LOG1P,10,-0.254377,6.943318,3.198126
Fe_num,M8_Stage5_PlausibleInteractions,Lasso,LOG1P,11,-0.105864,2.082451,1.236515
Fe_num,M8_Stage5_PlausibleInteractions,Lasso,LOG1P,12,-0.009607,1.287808,0.981638
Fe_num,M8_Stage5_PlausibleInteractions,Lasso,LOG1P,13,-0.097637,1.257973,0.761254
Fe_num,M8_Stage5_PlausibleInteractions,Lasso,LOG1P,14,-0.119869,6.768725,2.862922
Fe_num,M8_Stage5_PlausibleInteractions,Lasso,LOG1P,15,-0.136689,3.054534,1.567984
Fe_num,M8_Stage5_PlausibleInteractions,Lasso,LOG1P,16,-0.015658,1.997131,1.073234
Fe_num,M8_Stage5_PlausibleInteractions,Lasso,LOG1P,17,-1.31766,0.559841,0.494594
Fe_num,M8_Stage5_PlausibleInteractions,Lasso,LOG1P,18,-0.263916,3.271335,1.98236
Fe_num,M8_Stage5_PlausibleInteractions,Lasso,LOG1P,19,-0.185601,6.88977,3.254179
Fe_num,M8_Stage5_PlausibleInteractions,Lasso,LOG1P,20,-3.41748,0.655613,0.610305
Fe_num,M8_Stage5_PlausibleInteractions,Lasso,LOG1P,21,-0.527459,3.759088,2.359345
Fe_num,M8_Stage5_PlausibleInteractions,Lasso,LOG1P,22,-2.868284,0.747305,0.707889
Fe_num,M8_Stage5_PlausibleInteractions,Lasso,LOG1P,23,-0.128283,6.788264,3.03686
Fe_num,M8_Stage5_PlausibleInteractions,Lasso,LOG1P,24,-0.018528,1.314183,0.993875
Fe_num,M8_Stage5_PlausibleInteractions,Lasso,LOG1P,25,-0.124775,1.255284,0.790744
Fe_num,M8_Stage5_PlausibleInteractions,Lasso,RAW,1,-10.959485,2.341561,1.900114
Fe_num,M8_Stage5_PlausibleInteractions,Lasso,RAW,2,-0.121709,6.71549,3.296441
Fe_num,M8_Stage5_PlausibleInteractions,Lasso,RAW,3,-0.92378,3.0562,2.892958
Fe_num,M8_Stage5_PlausibleInteractions,Lasso,RAW,4,-9.297357,1.387456,1.176472
Fe_num,M8_Stage5_PlausibleInteractions,Lasso,RAW,5,-0.291206,3.29318,2.512766
Fe_num,M8_Stage5_PlausibleInteractions,Lasso,RAW,6,-3.493783,2.731119,2.564925
Fe_num,M8_Stage5_PlausibleInteractions,Lasso,RAW,7,-309.37146,2.173313,1.919816
Fe_num,M8_Stage5_PlausibleInteractions,Lasso,RAW,8,-3.004498,1.343485,1.031531
Fe_num,M8_Stage5_PlausibleInteractions,Lasso,RAW,9,-0.514579,3.9477,2.628388
Fe_num,M8_Stage5_PlausibleInteractions,Lasso,RAW,10,-0.227504,6.868539,3.307554
Fe_num,M8_Stage5_PlausibleInteractions,Lasso,RAW,11,0.089081,1.89001,1.402582
Fe_num,M8_Stage5_PlausibleInteractions,Lasso,RAW,12,-1.640482,2.082652,1.970176
Fe_num,M8_Stage5_PlausibleInteractions,Lasso,RAW,13,-1.993642,2.077504,1.657829
Fe_num,M8_Stage5_PlausibleInteractions,Lasso,RAW,14,-0.172923,6.927204,3.455589
Fe_num,M8_Stage5_PlausibleInteractions,Lasso,RAW,15,-0.457633,3.458981,2.632822
Fe_num,M8_Stage5_PlausibleInteractions,Lasso,RAW,16,0.019518,1.962242,1.664117
Fe_num,M8_Stage5_PlausibleInteractions,Lasso,RAW,17,-16.130817,1.522049,1.451822
Fe_num,M8_Stage5_PlausibleInteractions,Lasso,RAW,18,-0.33142,3.357558,2.706218
Fe_num,M8_Stage5_PlausibleInteractions,Lasso,RAW,19,-0.150873,6.788115,3.404777
Fe_num,M8_Stage5_PlausibleInteractions,Lasso,RAW,20,-57.891896,2.3938,2.088283
Fe_num,M8_Stage5_PlausibleInteractions,Lasso,RAW,21,-0.844597,4.130935,2.827419
Fe_num,M8_Stage5_PlausibleInteractions,Lasso,RAW,22,-33.53861,2.233011,2.052665
Fe_num,M8_Stage5_PlausibleInteractions,Lasso,RAW,23,-0.172299,6.919406,3.746931
Fe_num,M8_Stage5_PlausibleInteractions,Lasso,RAW,24,-2.892368,2.569072,2.127224
Fe_num,M8_Stage5_PlausibleInteractions,Lasso,RAW,25,-0.868914,1.618094,1.425472
Fe_num,M8_Stage5_PlausibleInteractions,HuberRegressor,LOG1P,1,-0.178604,0.735078,0.499702
Fe_num,M8_Stage5_PlausibleInteractions,HuberRegressor,LOG1P,2,-0.15042,6.800892,2.924949
Fe_num,M8_Stage5_PlausibleInteractions,HuberRegressor,LOG1P,3,-0.246985,2.460564,1.378081
Fe_num,M8_Stage5_PlausibleInteractions,HuberRegressor,LOG1P,4,-0.139317,0.461507,0.34342
Fe_num,M8_Stage5_PlausibleInteractions,HuberRegressor,LOG1P,5,-0.384473,3.410044,1.923994
Fe_num,M8_Stage5_PlausibleInteractions,HuberRegressor,LOG1P,6,0.109872,1.215516,0.740084
Fe_num,M8_Stage5_PlausibleInteractions,HuberRegressor,LOG1P,7,-1678.889131,5.056171,2.743463
Fe_num,M8_Stage5_PlausibleInteractions,HuberRegressor,LOG1P,8,-0.497262,0.821501,0.600799
Fe_num,M8_Stage5_PlausibleInteractions,HuberRegressor,LOG1P,9,-0.430604,3.8367,2.201032
Fe_num,M8_Stage5_PlausibleInteractions,HuberRegressor,LOG1P,10,-0.265325,6.973551,3.321709
Fe_num,M8_Stage5_PlausibleInteractions,HuberRegressor,LOG1P,11,-0.148752,2.122449,1.177948
Fe_num,M8_Stage5_PlausibleInteractions,HuberRegressor,LOG1P,12,0.145225,1.184952,0.710832
Fe_num,M8_Stage5_PlausibleInteractions,HuberRegressor,LOG1P,13,-0.218267,1.325297,0.660207
Fe_num,M8_Stage5_PlausibleInteractions,HuberRegressor,LOG1P,14,-0.170664,6.92053,2.801831
Fe_num,M8_Stage5_PlausibleInteractions,HuberRegressor,LOG1P,15,-0.181685,3.114403,1.494651
Fe_num,M8_Stage5_PlausibleInteractions,HuberRegressor,LOG1P,16,-0.159229,2.133622,1.016331
Fe_num,M8_Stage5_PlausibleInteractions,HuberRegressor,LOG1P,17,-0.501592,0.450625,0.34917
Fe_num,M8_Stage5_PlausibleInteractions,HuberRegressor,LOG1P,18,-0.338133,3.366012,1.955014
Fe_num,M8_Stage5_PlausibleInteractions,HuberRegressor,LOG1P,19,-0.198721,6.927788,3.211735
Fe_num,M8_Stage5_PlausibleInteractions,HuberRegressor,LOG1P,20,-19.287161,1.404982,1.116227
Fe_num,M8_Stage5_PlausibleInteractions,HuberRegressor,LOG1P,21,-0.637075,3.891634,2.445635
Fe_num,M8_Stage5_PlausibleInteractions,HuberRegressor,LOG1P,22,-4.247128,0.870361,0.708411
Fe_num,M8_Stage5_PlausibleInteractions,HuberRegressor,LOG1P,23,-0.18276,6.950212,3.13155
Fe_num,M8_Stage5_PlausibleInteractions,HuberRegressor,LOG1P,24,0.10392,1.232658,0.632278
Fe_num,M8_Stage5_PlausibleInteractions,HuberRegressor,LOG1P,25,-0.299682,1.349359,0.759461
Fe_num,M8_Stage5_PlausibleInteractions,HuberRegressor,RAW,1,-0.23065,0.751132,0.539176
Fe_num,M8_Stage5_PlausibleInteractions,HuberRegressor,RAW,2,-0.146771,6.790097,2.977043
Fe_num,M8_Stage5_PlausibleInteractions,HuberRegressor,RAW,3,-0.254768,2.468232,1.428786
Fe_num,M8_Stage5_PlausibleInteractions,HuberRegressor,RAW,4,-0.237285,0.48094,0.37941
Fe_num,M8_Stage5_PlausibleInteractions,HuberRegressor,RAW,5,-0.381654,3.40657,1.926382
Fe_num,M8_Stage5_PlausibleInteractions,HuberRegressor,RAW,6,0.104224,1.219366,0.761713
Fe_num,M8_Stage5_PlausibleInteractions,HuberRegressor,RAW,7,-604.432603,3.035389,2.528332
Fe_num,M8_Stage5_PlausibleInteractions,HuberRegressor,RAW,8,-0.427585,0.802158,0.610279
Fe_num,M8_Stage5_PlausibleInteractions,HuberRegressor,RAW,9,-0.428918,3.834439,2.220602
Fe_num,M8_Stage5_PlausibleInteractions,HuberRegressor,RAW,10,-0.263302,6.967975,3.313226
Fe_num,M8_Stage5_PlausibleInteractions,HuberRegressor,RAW,11,-0.148384,2.122109,1.19715
Fe_num,M8_Stage5_PlausibleInteractions,HuberRegressor,RAW,12,0.136728,1.190828,0.741124
Fe_num,M8_Stage5_PlausibleInteractions,HuberRegressor,RAW,13,-0.252037,1.34354,0.7264
Fe_num,M8_Stage5_PlausibleInteractions,HuberRegressor,RAW,14,-0.1693,6.916499,2.823635
Fe_num,M8_Stage5_PlausibleInteractions,HuberRegressor,RAW,15,-0.175999,3.106901,1.491462
Fe_num,M8_Stage5_PlausibleInteractions,HuberRegressor,RAW,16,-0.171376,2.144771,1.05647
Fe_num,M8_Stage5_PlausibleInteractions,HuberRegressor,RAW,17,-0.722548,0.482642,0.389913
Fe_num,M8_Stage5_PlausibleInteractions,HuberRegressor,RAW,18,-0.330358,3.356219,1.95681
Fe_num,M8_Stage5_PlausibleInteractions,HuberRegressor,RAW,19,-0.197508,6.92428,3.257681
Fe_num,M8_Stage5_PlausibleInteractions,HuberRegressor,RAW,20,-17.061593,1.325678,1.084873
Fe_num,M8_Stage5_PlausibleInteractions,HuberRegressor,RAW,21,-0.633342,3.887194,2.444517
Fe_num,M8_Stage5_PlausibleInteractions,HuberRegressor,RAW,22,-4.079238,0.856323,0.72574
Fe_num,M8_Stage5_PlausibleInteractions,HuberRegressor,RAW,23,-0.1819,6.947683,3.149421
Fe_num,M8_Stage5_PlausibleInteractions,HuberRegressor,RAW,24,0.077168,1.250923,0.702764
Fe_num,M8_Stage5_PlausibleInteractions,HuberRegressor,RAW,25,-0.314319,1.356936,0.800141
Fe_num,M8_Stage5_PlausibleInteractions,SVR_RBF,LOG1P,1,-0.059546,0.696962,0.509377
Fe_num,M8_Stage5_PlausibleInteractions,SVR_RBF,LOG1P,2,-0.19723,6.937874,2.961759
Fe_num,M8_Stage5_PlausibleInteractions,SVR_RBF,LOG1P,3,-0.075098,2.284695,1.303568
Fe_num,M8_Stage5_PlausibleInteractions,SVR_RBF,LOG1P,4,-0.056157,0.444345,0.321713
Fe_num,M8_Stage5_PlausibleInteractions,SVR_RBF,LOG1P,5,-0.294277,3.297093,1.899906
Fe_num,M8_Stage5_PlausibleInteractions,SVR_RBF,LOG1P,6,0.067446,1.244147,0.785205
Fe_num,M8_Stage5_PlausibleInteractions,SVR_RBF,LOG1P,7,-21.634175,0.5869,0.494581
Fe_num,M8_Stage5_PlausibleInteractions,SVR_RBF,LOG1P,8,0.005641,0.669469,0.49287
Fe_num,M8_Stage5_PlausibleInteractions,SVR_RBF,LOG1P,9,-0.318705,3.683595,2.144522
Fe_num,M8_Stage5_PlausibleInteractions,SVR_RBF,LOG1P,10,-0.28778,7.035157,3.388631
Fe_num,M8_Stage5_PlausibleInteractions,SVR_RBF,LOG1P,11,-0.058023,2.036909,1.118364
Fe_num,M8_Stage5_PlausibleInteractions,SVR_RBF,LOG1P,12,0.082836,1.227435,0.783141
Fe_num,M8_Stage5_PlausibleInteractions,SVR_RBF,LOG1P,13,-0.183659,1.306337,0.623379
Fe_num,M8_Stage5_PlausibleInteractions,SVR_RBF,LOG1P,14,-0.167097,6.909979,2.737133
Fe_num,M8_Stage5_PlausibleInteractions,SVR_RBF,LOG1P,15,-0.084001,2.982901,1.50544
Fe_num,M8_Stage5_PlausibleInteractions,SVR_RBF,LOG1P,16,0.004541,1.977172,0.936365
Fe_num,M8_Stage5_PlausibleInteractions,SVR_RBF,LOG1P,17,0.363015,0.293497,0.245516
Fe_num,M8_Stage5_PlausibleInteractions,SVR_RBF,LOG1P,18,-0.24979,3.253003,2.031237
Fe_num,M8_Stage5_PlausibleInteractions,SVR_RBF,LOG1P,19,-0.229928,7.017386,3.292317
Fe_num,M8_Stage5_PlausibleInteractions,SVR_RBF,LOG1P,20,-3.740893,0.679188,0.558954
Fe_num,M8_Stage5_PlausibleInteractions,SVR_RBF,LOG1P,21,-0.515482,3.744322,2.36253
Fe_num,M8_Stage5_PlausibleInteractions,SVR_RBF,LOG1P,22,-2.370258,0.697541,0.567661
Fe_num,M8_Stage5_PlausibleInteractions,SVR_RBF,LOG1P,23,-0.173097,6.92176,2.998457
Fe_num,M8_Stage5_PlausibleInteractions,SVR_RBF,LOG1P,24,0.047328,1.270986,0.691261
Fe_num,M8_Stage5_PlausibleInteractions,SVR_RBF,LOG1P,25,-0.302275,1.350705,0.685702
Fe_num,M8_Stage5_PlausibleInteractions,SVR_RBF,RAW,1,-0.064433,0.698568,0.512
Fe_num,M8_Stage5_PlausibleInteractions,SVR_RBF,RAW,2,-0.185604,6.904106,2.895613
Fe_num,M8_Stage5_PlausibleInteractions,SVR_RBF,RAW,3,-0.12467,2.336773,1.332128
Fe_num,M8_Stage5_PlausibleInteractions,SVR_RBF,RAW,4,0.048404,0.421777,0.292937
Fe_num,M8_Stage5_PlausibleInteractions,SVR_RBF,RAW,5,-0.321491,3.331577,1.914259
Fe_num,M8_Stage5_PlausibleInteractions,SVR_RBF,RAW,6,0.021,1.274752,0.774352
Fe_num,M8_Stage5_PlausibleInteractions,SVR_RBF,RAW,7,-11.833566,0.441932,0.385584
Fe_num,M8_Stage5_PlausibleInteractions,SVR_RBF,RAW,8,-0.11432,0.708702,0.514799
Fe_num,M8_Stage5_PlausibleInteractions,SVR_RBF,RAW,9,-0.322675,3.689136,2.143371
Fe_num,M8_Stage5_PlausibleInteractions,SVR_RBF,RAW,10,-0.285799,7.029744,3.385672
Fe_num,M8_Stage5_PlausibleInteractions,SVR_RBF,RAW,11,-0.11286,2.089029,1.118659
Fe_num,M8_Stage5_PlausibleInteractions,SVR_RBF,RAW,12,0.079735,1.229508,0.754161
Fe_num,M8_Stage5_PlausibleInteractions,SVR_RBF,RAW,13,-0.18936,1.309479,0.661366
Fe_num,M8_Stage5_PlausibleInteractions,SVR_RBF,RAW,14,-0.168649,6.914572,2.731742
Fe_num,M8_Stage5_PlausibleInteractions,SVR_RBF,RAW,15,-0.115624,3.026097,1.509503
Fe_num,M8_Stage5_PlausibleInteractions,SVR_RBF,RAW,16,-0.046259,2.026994,0.952517
Fe_num,M8_Stage5_PlausibleInteractions,SVR_RBF,RAW,17,0.370749,0.29171,0.249355
Fe_num,M8_Stage5_PlausibleInteractions,SVR_RBF,RAW,18,-0.29725,3.314193,2.033338
Fe_num,M8_Stage5_PlausibleInteractions,SVR_RBF,RAW,19,-0.224458,7.001762,3.263362
Fe_num,M8_Stage5_PlausibleInteractions,SVR_RBF,RAW,20,-2.126265,0.551535,0.474199
Fe_num,M8_Stage5_PlausibleInteractions,SVR_RBF,RAW,21,-0.538597,3.772769,2.383113
Fe_num,M8_Stage5_PlausibleInteractions,SVR_RBF,RAW,22,-1.348939,0.582337,0.476989
Fe_num,M8_Stage5_PlausibleInteractions,SVR_RBF,RAW,23,-0.167831,6.906207,2.964458
Fe_num,M8_Stage5_PlausibleInteractions,SVR_RBF,RAW,24,0.052589,1.267472,0.680835
Fe_num,M8_Stage5_PlausibleInteractions,SVR_RBF,RAW,25,-0.315999,1.357803,0.656708
Zn_num,M1_Core,Ridge,LOG1P,1,-0.793965,14.264885,11.313033
Zn_num,M1_Core,Ridge,LOG1P,2,-0.080061,31.311124,18.093937
Zn_num,M1_Core,Ridge,LOG1P,3,-0.305538,18.234925,13.278978
Zn_num,M1_Core,Ridge,LOG1P,4,-0.576015,41.696158,32.353686
Zn_num,M1_Core,Ridge,LOG1P,5,-0.626144,6.091193,4.402614
Zn_num,M1_Core,Ridge,LOG1P,6,-10.260672,14.508812,12.480311
Zn_num,M1_Core,Ridge,LOG1P,7,-0.577095,44.869532,33.202191
Zn_num,M1_Core,Ridge,LOG1P,8,-0.219078,24.610119,12.708382
Zn_num,M1_Core,Ridge,LOG1P,9,-1.926587,18.806886,16.074701
Zn_num,M1_Core,Ridge,LOG1P,10,-0.149337,16.81199,9.670475
Zn_num,M1_Core,Ridge,LOG1P,11,-0.250213,17.332291,11.868072
Zn_num,M1_Core,Ridge,LOG1P,12,-0.249966,25.834683,15.877244
Zn_num,M1_Core,Ridge,LOG1P,13,-0.691559,45.628168,32.625231
Zn_num,M1_Core,Ridge,LOG1P,14,-0.437705,14.944667,9.504852
Zn_num,M1_Core,Ridge,LOG1P,15,-1.068754,12.396728,11.331416
Zn_num,M1_Core,Ridge,LOG1P,16,-0.444033,34.145193,19.923817
Zn_num,M1_Core,Ridge,LOG1P,17,-10.550901,17.014103,16.245962
Zn_num,M1_Core,Ridge,LOG1P,18,-0.634798,37.971369,24.982248
Zn_num,M1_Core,Ridge,LOG1P,19,-0.322729,21.599034,16.334381
Zn_num,M1_Core,Ridge,LOG1P,20,-2.122038,8.325983,6.000053
Zn_num,M1_Core,Ridge,LOG1P,21,-0.126717,19.404981,14.753268
Zn_num,M1_Core,Ridge,LOG1P,22,-0.058884,23.923129,13.831457
Zn_num,M1_Core,Ridge,LOG1P,23,-0.076263,28.876679,16.573019
Zn_num,M1_Core,Ridge,LOG1P,24,-5.706462,10.696749,8.368212
Zn_num,M1_Core,Ridge,LOG1P,25,-0.432032,34.846874,22.554557
Zn_num,M1_Core,Ridge,RAW,1,-3.072388,21.492445,19.69185
Zn_num,M1_Core,Ridge,RAW,2,0.014256,29.912766,20.068814
Zn_num,M1_Core,Ridge,RAW,3,-1.279012,24.092539,19.849086
Zn_num,M1_Core,Ridge,RAW,4,-0.701433,43.323474,37.705937
Zn_num,M1_Core,Ridge,RAW,5,-2.190845,8.532489,5.661933
Zn_num,M1_Core,Ridge,RAW,6,-33.662416,25.455352,21.821607
Zn_num,M1_Core,Ridge,RAW,7,-0.40768,42.391081,33.015997
Zn_num,M1_Core,Ridge,RAW,8,-0.057154,22.917495,14.604338
Zn_num,M1_Core,Ridge,RAW,9,-2.314905,20.015741,15.676772
Zn_num,M1_Core,Ridge,RAW,10,0.084573,15.00401,10.999916
Zn_num,M1_Core,Ridge,RAW,11,-0.273383,17.492159,14.257746
Zn_num,M1_Core,Ridge,RAW,12,-0.178662,25.087001,18.994687
Zn_num,M1_Core,Ridge,RAW,13,-0.534551,43.459036,33.906193
Zn_num,M1_Core,Ridge,RAW,14,-0.606726,15.798731,10.708951
Zn_num,M1_Core,Ridge,RAW,15,-4.220639,19.693119,18.771429
Zn_num,M1_Core,Ridge,RAW,16,-0.381855,33.401994,22.43307
Zn_num,M1_Core,Ridge,RAW,17,-22.868814,24.457753,23.589538
Zn_num,M1_Core,Ridge,RAW,18,-0.389743,35.009954,24.247644
Zn_num,M1_Core,Ridge,RAW,19,-0.083266,19.546392,15.350968
Zn_num,M1_Core,Ridge,RAW,20,-15.0114,18.855197,11.45089
Zn_num,M1_Core,Ridge,RAW,21,-0.155716,19.653121,16.789719
Zn_num,M1_Core,Ridge,RAW,22,-0.059677,23.932084,18.894656
Zn_num,M1_Core,Ridge,RAW,23,-0.085715,29.00319,19.131001
Zn_num,M1_Core,Ridge,RAW,24,-28.155908,22.303262,16.984699
Zn_num,M1_Core,Ridge,RAW,25,-0.184568,31.693296,21.336549
Zn_num,M1_Core,Lasso,LOG1P,1,-0.234028,11.831063,9.255376
Zn_num,M1_Core,Lasso,LOG1P,2,-0.020216,30.431313,17.797322
Zn_num,M1_Core,Lasso,LOG1P,3,-0.076048,16.554844,11.129668
Zn_num,M1_Core,Lasso,LOG1P,4,-0.446069,39.940211,29.453804
Zn_num,M1_Core,Lasso,LOG1P,5,-0.101944,5.014212,3.566889
Zn_num,M1_Core,Lasso,LOG1P,6,-4.701767,10.324153,9.375194
Zn_num,M1_Core,Lasso,LOG1P,7,-0.497156,43.717581,29.884624
Zn_num,M1_Core,Lasso,LOG1P,8,-0.103848,23.418151,12.035101
Zn_num,M1_Core,Lasso,LOG1P,9,-0.595364,13.885647,11.590821
Zn_num,M1_Core,Lasso,LOG1P,10,-0.056806,16.121043,9.792588
Zn_num,M1_Core,Lasso,LOG1P,11,-0.09,16.18368,9.907092
Zn_num,M1_Core,Lasso,LOG1P,12,-0.041653,23.583895,13.93803
Zn_num,M1_Core,Lasso,LOG1P,13,-0.505716,43.048792,28.443063
Zn_num,M1_Core,Lasso,LOG1P,14,-0.132453,13.263599,8.137368
Zn_num,M1_Core,Lasso,LOG1P,15,-0.63788,11.030463,9.807302
Zn_num,M1_Core,Lasso,LOG1P,16,-0.267816,31.994045,16.752154
Zn_num,M1_Core,Lasso,LOG1P,17,-7.24079,14.370953,13.42682
Zn_num,M1_Core,Lasso,LOG1P,18,-0.603341,37.604272,23.456572
Zn_num,M1_Core,Lasso,LOG1P,19,-0.185267,20.44594,14.437054
Zn_num,M1_Core,Lasso,LOG1P,20,-0.106496,4.956686,4.544444
Zn_num,M1_Core,Lasso,LOG1P,21,-0.07566,18.960218,14.383684
Zn_num,M1_Core,Lasso,LOG1P,22,-0.033822,23.638324,13.715734
Zn_num,M1_Core,Lasso,LOG1P,23,-0.049393,28.51393,16.014221
Zn_num,M1_Core,Lasso,LOG1P,24,-0.080892,4.294339,3.73733
Zn_num,M1_Core,Lasso,LOG1P,25,-0.308828,33.314154,20.230155
Zn_num,M1_Core,Lasso,RAW,1,-3.323817,22.145979,20.369334
Zn_num,M1_Core,Lasso,RAW,2,0.020496,29.817945,20.058759
Zn_num,M1_Core,Lasso,RAW,3,-1.372925,24.583926,20.151515
Zn_num,M1_Core,Lasso,RAW,4,-0.71975,43.556054,37.973909
Zn_num,M1_Core,Lasso,RAW,5,-2.231242,8.586331,5.714121
Zn_num,M1_Core,Lasso,RAW,6,-35.328066,26.059785,22.081325
Zn_num,M1_Core,Lasso,RAW,7,-0.408934,42.409962,33.118236
Zn_num,M1_Core,Lasso,RAW,8,-0.062243,22.97259,14.647269
Zn_num,M1_Core,Lasso,RAW,9,-2.434652,20.374057,15.921021
Zn_num,M1_Core,Lasso,RAW,10,0.086751,14.986154,10.953878
Zn_num,M1_Core,Lasso,RAW,11,-0.256828,17.378087,14.139767
Zn_num,M1_Core,Lasso,RAW,12,-0.183119,25.134379,19.044059
Zn_num,M1_Core,Lasso,RAW,13,-0.533171,43.439489,33.904435
Zn_num,M1_Core,Lasso,RAW,14,-0.632201,15.923488,10.802105
Zn_num,M1_Core,Lasso,RAW,15,-4.398679,20.026101,19.079487
Zn_num,M1_Core,Lasso,RAW,16,-0.386614,33.459455,22.493668
Zn_num,M1_Core,Lasso,RAW,17,-23.270678,24.662784,23.755292
Zn_num,M1_Core,Lasso,RAW,18,-0.389568,35.007745,24.270609
Zn_num,M1_Core,Lasso,RAW,19,-0.084235,19.555133,15.379599
Zn_num,M1_Core,Lasso,RAW,20,-16.262475,19.577983,11.897481
Zn_num,M1_Core,Lasso,RAW,21,-0.159346,19.68396,16.781043
Zn_num,M1_Core,Lasso,RAW,22,-0.062053,23.958894,18.90564
Zn_num,M1_Core,Lasso,RAW,23,-0.090683,29.069481,19.20913
Zn_num,M1_Core,Lasso,RAW,24,-31.0227,23.374056,17.735949
Zn_num,M1_Core,Lasso,RAW,25,-0.174337,31.556135,21.265215
Zn_num,M1_Core,HuberRegressor,LOG1P,1,-0.45009,12.825038,10.111823
Zn_num,M1_Core,HuberRegressor,LOG1P,2,-0.160887,32.461575,18.737187
Zn_num,M1_Core,HuberRegressor,LOG1P,3,-0.159103,17.181864,10.726763
Zn_num,M1_Core,HuberRegressor,LOG1P,4,-0.516918,40.906936,29.467931
Zn_num,M1_Core,HuberRegressor,LOG1P,5,-0.244969,5.329692,4.169511
Zn_num,M1_Core,HuberRegressor,LOG1P,6,-7.113008,12.315177,10.351484
Zn_num,M1_Core,HuberRegressor,LOG1P,7,-0.574653,44.83477,31.081707
Zn_num,M1_Core,HuberRegressor,LOG1P,8,-0.345103,25.850899,12.704527
Zn_num,M1_Core,HuberRegressor,LOG1P,9,-9.237257,35.174503,25.237619
Zn_num,M1_Core,HuberRegressor,LOG1P,10,-0.268391,17.661275,11.017981
Zn_num,M1_Core,HuberRegressor,LOG1P,11,-0.219118,17.115394,10.43331
Zn_num,M1_Core,HuberRegressor,LOG1P,12,-0.331781,26.666775,14.988763
Zn_num,M1_Core,HuberRegressor,LOG1P,13,-0.769112,46.662399,35.121767
Zn_num,M1_Core,HuberRegressor,LOG1P,14,-0.464745,15.084551,9.398595
Zn_num,M1_Core,HuberRegressor,LOG1P,15,-0.314366,9.881226,8.314126
Zn_num,M1_Core,HuberRegressor,LOG1P,16,-0.411069,33.753221,17.548149
Zn_num,M1_Core,HuberRegressor,LOG1P,17,-5.188549,12.453618,11.531511
Zn_num,M1_Core,HuberRegressor,LOG1P,18,-0.697783,38.695929,23.70757
Zn_num,M1_Core,HuberRegressor,LOG1P,19,-0.371617,21.994566,15.944317
Zn_num,M1_Core,HuberRegressor,LOG1P,20,-2.972809,9.392155,6.587688
Zn_num,M1_Core,HuberRegressor,LOG1P,21,-0.144093,19.554044,14.466943
Zn_num,M1_Core,HuberRegressor,LOG1P,22,-0.187771,25.337284,14.419564
Zn_num,M1_Core,HuberRegressor,LOG1P,23,-0.050036,28.522661,15.259856
Zn_num,M1_Core,HuberRegressor,LOG1P,24,-21.382847,19.541719,13.517013
Zn_num,M1_Core,HuberRegressor,LOG1P,25,-0.510186,35.785133,22.715456
Zn_num,M1_Core,HuberRegressor,RAW,1,-0.41081,12.650146,9.92735
Zn_num,M1_Core,HuberRegressor,RAW,2,-0.156864,32.405272,18.734164
Zn_num,M1_Core,HuberRegressor,RAW,3,-0.142372,17.057404,10.85194
Zn_num,M1_Core,HuberRegressor,RAW,4,-0.515513,40.887985,29.540526
Zn_num,M1_Core,HuberRegressor,RAW,5,-0.130604,5.078999,3.708629
Zn_num,M1_Core,HuberRegressor,RAW,6,-6.408404,11.768253,10.0391
Zn_num,M1_Core,HuberRegressor,RAW,7,-0.563911,44.68159,31.040776
Zn_num,M1_Core,HuberRegressor,RAW,8,-0.36786,26.068667,12.878069
Zn_num,M1_Core,HuberRegressor,RAW,9,-2.682586,21.096606,18.21878
Zn_num,M1_Core,HuberRegressor,RAW,10,-0.243223,17.485179,11.000671
Zn_num,M1_Core,HuberRegressor,RAW,11,-0.192116,16.924787,10.383174
Zn_num,M1_Core,HuberRegressor,RAW,12,-0.366922,27.016304,15.165886
Zn_num,M1_Core,HuberRegressor,RAW,13,-0.582254,44.129349,31.786975
Zn_num,M1_Core,HuberRegressor,RAW,14,-0.441837,14.966126,9.050749
Zn_num,M1_Core,HuberRegressor,RAW,15,-0.35986,10.050781,8.425177
Zn_num,M1_Core,HuberRegressor,RAW,16,-0.42285,33.893826,17.71973
Zn_num,M1_Core,HuberRegressor,RAW,17,-5.579232,12.840701,11.919846
Zn_num,M1_Core,HuberRegressor,RAW,18,-0.672597,38.407845,23.364791
Zn_num,M1_Core,HuberRegressor,RAW,19,-0.357898,21.884296,15.943417
Zn_num,M1_Core,HuberRegressor,RAW,20,-1.116717,6.855637,5.623592
Zn_num,M1_Core,HuberRegressor,RAW,21,-0.13068,19.439078,14.431594
Zn_num,M1_Core,HuberRegressor,RAW,22,-0.190562,25.367036,14.26715
Zn_num,M1_Core,HuberRegressor,RAW,23,-0.04574,28.464253,15.376443
Zn_num,M1_Core,HuberRegressor,RAW,24,-7.864633,12.298028,9.650344
Zn_num,M1_Core,HuberRegressor,RAW,25,-0.514588,35.837256,22.946922
Zn_num,M1_Core,SVR_RBF,LOG1P,1,-0.268921,11.99716,9.168978
Zn_num,M1_Core,SVR_RBF,LOG1P,2,-0.063117,31.064549,19.248984
Zn_num,M1_Core,SVR_RBF,LOG1P,3,0.021952,15.782996,10.518447
Zn_num,M1_Core,SVR_RBF,LOG1P,4,-0.522616,40.983691,28.948613
Zn_num,M1_Core,SVR_RBF,LOG1P,5,-1.521744,7.585311,6.139241
Zn_num,M1_Core,SVR_RBF,LOG1P,6,-4.039982,9.706534,7.277844
Zn_num,M1_Core,SVR_RBF,LOG1P,7,-0.507257,43.864808,30.001941
Zn_num,M1_Core,SVR_RBF,LOG1P,8,-0.402766,26.399183,13.830528
Zn_num,M1_Core,SVR_RBF,LOG1P,9,-0.731853,14.467438,12.998427
Zn_num,M1_Core,SVR_RBF,LOG1P,10,-0.035478,15.957542,11.920526
Zn_num,M1_Core,SVR_RBF,LOG1P,11,0.007681,15.441506,9.567325
Zn_num,M1_Core,SVR_RBF,LOG1P,12,-0.315454,26.502809,15.930762
Zn_num,M1_Core,SVR_RBF,LOG1P,13,-0.46878,42.517507,27.511697
Zn_num,M1_Core,SVR_RBF,LOG1P,14,-0.823221,16.82949,10.845138
Zn_num,M1_Core,SVR_RBF,LOG1P,15,-1.274718,12.999194,11.637639
Zn_num,M1_Core,SVR_RBF,LOG1P,16,-0.166894,30.694231,16.310727
Zn_num,M1_Core,SVR_RBF,LOG1P,17,-9.00018,15.830879,14.408487
Zn_num,M1_Core,SVR_RBF,LOG1P,18,-0.763068,39.432908,25.985962
Zn_num,M1_Core,SVR_RBF,LOG1P,19,-0.328545,21.64647,16.105986
Zn_num,M1_Core,SVR_RBF,LOG1P,20,-1.39365,7.290322,5.854801
Zn_num,M1_Core,SVR_RBF,LOG1P,21,-0.157132,19.665156,14.841265
Zn_num,M1_Core,SVR_RBF,LOG1P,22,-0.237829,25.865687,14.781019
Zn_num,M1_Core,SVR_RBF,LOG1P,23,-0.276205,31.44475,17.536485
Zn_num,M1_Core,SVR_RBF,LOG1P,24,-2.767542,8.017412,6.430405
Zn_num,M1_Core,SVR_RBF,LOG1P,25,-0.355698,33.905401,22.247147
Zn_num,M1_Core,SVR_RBF,RAW,1,-0.266442,11.985435,8.755705
Zn_num,M1_Core,SVR_RBF,RAW,2,-0.057988,30.989528,17.068715
Zn_num,M1_Core,SVR_RBF,RAW,3,-0.083039,16.608535,10.443301
Zn_num,M1_Core,SVR_RBF,RAW,4,-0.447547,39.960619,28.024663
Zn_num,M1_Core,SVR_RBF,RAW,5,-0.579964,6.00408,5.441929
Zn_num,M1_Core,SVR_RBF,RAW,6,-3.754186,9.42731,8.123609
Zn_num,M1_Core,SVR_RBF,RAW,7,-0.536005,44.281149,29.910164
Zn_num,M1_Core,SVR_RBF,RAW,8,-0.247039,24.890747,12.866183
Zn_num,M1_Core,SVR_RBF,RAW,9,-0.445858,13.219012,11.068543
Zn_num,M1_Core,SVR_RBF,RAW,10,-0.097287,16.4269,9.974189
Zn_num,M1_Core,SVR_RBF,RAW,11,-0.169112,16.760694,9.886962
Zn_num,M1_Core,SVR_RBF,RAW,12,-0.108914,24.333406,13.586831
Zn_num,M1_Core,SVR_RBF,RAW,13,-0.492926,42.865566,27.338953
Zn_num,M1_Core,SVR_RBF,RAW,14,-0.413831,14.820063,9.842148
Zn_num,M1_Core,SVR_RBF,RAW,15,-0.204315,9.458511,8.424662
Zn_num,M1_Core,SVR_RBF,RAW,16,-0.255944,31.8439,16.659078
Zn_num,M1_Core,SVR_RBF,RAW,17,-4.351104,11.580381,10.760762
Zn_num,M1_Core,SVR_RBF,RAW,18,-0.697413,38.691721,24.318972
Zn_num,M1_Core,SVR_RBF,RAW,19,-0.258666,21.069497,14.587384
Zn_num,M1_Core,SVR_RBF,RAW,20,-0.152036,5.057657,4.37386
Zn_num,M1_Core,SVR_RBF,RAW,21,-0.099032,19.1651,14.036561
Zn_num,M1_Core,SVR_RBF,RAW,22,-0.110043,24.494223,13.517476
Zn_num,M1_Core,SVR_RBF,RAW,23,-0.101215,29.209491,15.801809
Zn_num,M1_Core,SVR_RBF,RAW,24,-0.773455,5.500665,4.348563
Zn_num,M1_Core,SVR_RBF,RAW,25,-0.354439,33.889653,20.532637
Zn_num,M2_Core_Salinity,Ridge,LOG1P,1,-0.883389,14.616091,11.55458
Zn_num,M2_Core_Salinity,Ridge,LOG1P,2,-0.083583,31.362142,18.186001
Zn_num,M2_Core_Salinity,Ridge,LOG1P,3,-0.298732,18.187337,13.432621
Zn_num,M2_Core_Salinity,Ridge,LOG1P,4,-0.616745,42.23151,32.789376
Zn_num,M2_Core_Salinity,Ridge,LOG1P,5,-0.554113,5.954759,4.440344
Zn_num,M2_Core_Salinity,Ridge,LOG1P,6,-10.240011,14.495496,12.472118
Zn_num,M2_Core_Salinity,Ridge,LOG1P,7,-0.580729,44.921199,33.136501
Zn_num,M2_Core_Salinity,Ridge,LOG1P,8,-0.293322,25.348444,13.93209
Zn_num,M2_Core_Salinity,Ridge,LOG1P,9,-1.917571,18.777893,15.95101
Zn_num,M2_Core_Salinity,Ridge,LOG1P,10,-0.140483,16.747111,9.562079
Zn_num,M2_Core_Salinity,Ridge,LOG1P,11,-0.265327,17.436743,11.983714
Zn_num,M2_Core_Salinity,Ridge,LOG1P,12,-0.294949,26.295432,16.916039
Zn_num,M2_Core_Salinity,Ridge,LOG1P,13,-0.706378,45.827587,32.594431
Zn_num,M2_Core_Salinity,Ridge,LOG1P,14,-0.430302,14.906139,9.623333
Zn_num,M2_Core_Salinity,Ridge,LOG1P,15,-1.095289,12.47598,11.296749
Zn_num,M2_Core_Salinity,Ridge,LOG1P,16,-0.449646,34.211498,20.010445
Zn_num,M2_Core_Salinity,Ridge,LOG1P,17,-12.576869,18.445947,17.326416
Zn_num,M2_Core_Salinity,Ridge,LOG1P,18,-0.692482,38.635478,25.377064
Zn_num,M2_Core_Salinity,Ridge,LOG1P,19,-0.315631,21.541006,16.298937
Zn_num,M2_Core_Salinity,Ridge,LOG1P,20,-2.368347,8.648182,6.595834
Zn_num,M2_Core_Salinity,Ridge,LOG1P,21,-0.123925,19.380924,14.72271
Zn_num,M2_Core_Salinity,Ridge,LOG1P,22,-0.079175,24.151256,13.760831
Zn_num,M2_Core_Salinity,Ridge,LOG1P,23,-0.093836,29.111468,16.75026
Zn_num,M2_Core_Salinity,Ridge,LOG1P,24,-5.835151,10.798891,8.44796
Zn_num,M2_Core_Salinity,Ridge,LOG1P,25,-0.429969,34.82176,22.520746
Zn_num,M2_Core_Salinity,Ridge,RAW,1,-3.128206,21.639235,19.842092
Zn_num,M2_Core_Salinity,Ridge,RAW,2,-0.012641,30.318126,20.579689
Zn_num,M2_Core_Salinity,Ridge,RAW,3,-1.280031,24.097923,19.70939
Zn_num,M2_Core_Salinity,Ridge,RAW,4,-0.751943,43.96184,38.080322
Zn_num,M2_Core_Salinity,Ridge,RAW,5,-3.044937,9.6068,6.525713
Zn_num,M2_Core_Salinity,Ridge,RAW,6,-33.916345,25.548422,21.926236
Zn_num,M2_Core_Salinity,Ridge,RAW,7,-0.40656,42.374221,33.13612
Zn_num,M2_Core_Salinity,Ridge,RAW,8,-0.105979,23.440738,14.843692
Zn_num,M2_Core_Salinity,Ridge,RAW,9,-2.31547,20.017449,15.441544
Zn_num,M2_Core_Salinity,Ridge,RAW,10,0.069608,15.126156,10.88037
Zn_num,M2_Core_Salinity,Ridge,RAW,11,-0.265008,17.434542,14.139751
Zn_num,M2_Core_Salinity,Ridge,RAW,12,-0.232982,25.658565,19.440898
Zn_num,M2_Core_Salinity,Ridge,RAW,13,-0.53568,43.47502,33.888047
Zn_num,M2_Core_Salinity,Ridge,RAW,14,-0.653697,16.027997,10.704996
Zn_num,M2_Core_Salinity,Ridge,RAW,15,-4.252367,19.752869,18.665843
Zn_num,M2_Core_Salinity,Ridge,RAW,16,-0.385671,33.448075,22.542608
Zn_num,M2_Core_Salinity,Ridge,RAW,17,-26.109127,26.065071,24.955407
Zn_num,M2_Core_Salinity,Ridge,RAW,18,-0.442233,35.664979,24.338024
Zn_num,M2_Core_Salinity,Ridge,RAW,19,-0.107907,19.767449,15.482745
Zn_num,M2_Core_Salinity,Ridge,RAW,20,-15.019805,18.860145,11.46805
Zn_num,M2_Core_Salinity,Ridge,RAW,21,-0.191941,19.958744,17.306075
Zn_num,M2_Core_Salinity,Ridge,RAW,22,-0.088932,24.260184,19.200485
Zn_num,M2_Core_Salinity,Ridge,RAW,23,-0.100845,29.204588,19.412656
Zn_num,M2_Core_Salinity,Ridge,RAW,24,-27.996519,22.242215,16.871686
Zn_num,M2_Core_Salinity,Ridge,RAW,25,-0.222185,32.192594,22.021018
Zn_num,M2_Core_Salinity,Lasso,LOG1P,1,-0.234028,11.831063,9.255376
Zn_num,M2_Core_Salinity,Lasso,LOG1P,2,-0.020216,30.431313,17.797322
Zn_num,M2_Core_Salinity,Lasso,LOG1P,3,-0.076048,16.554844,11.129668
Zn_num,M2_Core_Salinity,Lasso,LOG1P,4,-0.446069,39.940211,29.453804
Zn_num,M2_Core_Salinity,Lasso,LOG1P,5,-0.101944,5.014212,3.566889
Zn_num,M2_Core_Salinity,Lasso,LOG1P,6,-4.701767,10.324153,9.375194
Zn_num,M2_Core_Salinity,Lasso,LOG1P,7,-0.497156,43.717581,29.884624
Zn_num,M2_Core_Salinity,Lasso,LOG1P,8,-0.103848,23.418151,12.035101
Zn_num,M2_Core_Salinity,Lasso,LOG1P,9,-0.595364,13.885647,11.590821
Zn_num,M2_Core_Salinity,Lasso,LOG1P,10,-0.056806,16.121043,9.792588
Zn_num,M2_Core_Salinity,Lasso,LOG1P,11,-0.09,16.18368,9.907092
Zn_num,M2_Core_Salinity,Lasso,LOG1P,12,-0.041653,23.583895,13.93803
Zn_num,M2_Core_Salinity,Lasso,LOG1P,13,-0.505716,43.048792,28.443063
Zn_num,M2_Core_Salinity,Lasso,LOG1P,14,-0.132453,13.263599,8.137368
Zn_num,M2_Core_Salinity,Lasso,LOG1P,15,-0.63788,11.030463,9.807302
Zn_num,M2_Core_Salinity,Lasso,LOG1P,16,-0.267816,31.994045,16.752154
Zn_num,M2_Core_Salinity,Lasso,LOG1P,17,-7.24079,14.370953,13.42682
Zn_num,M2_Core_Salinity,Lasso,LOG1P,18,-0.603341,37.604272,23.456572
Zn_num,M2_Core_Salinity,Lasso,LOG1P,19,-0.185267,20.44594,14.437054
Zn_num,M2_Core_Salinity,Lasso,LOG1P,20,-0.106496,4.956686,4.544444
Zn_num,M2_Core_Salinity,Lasso,LOG1P,21,-0.07566,18.960218,14.383684
Zn_num,M2_Core_Salinity,Lasso,LOG1P,22,-0.033822,23.638324,13.715734
Zn_num,M2_Core_Salinity,Lasso,LOG1P,23,-0.049393,28.51393,16.014221
Zn_num,M2_Core_Salinity,Lasso,LOG1P,24,-0.080892,4.294339,3.73733
Zn_num,M2_Core_Salinity,Lasso,LOG1P,25,-0.308828,33.314154,20.230155
Zn_num,M2_Core_Salinity,Lasso,RAW,1,-3.3311,22.164623,20.391737
Zn_num,M2_Core_Salinity,Lasso,RAW,2,-0.01459,30.347286,20.765643
Zn_num,M2_Core_Salinity,Lasso,RAW,3,-1.370449,24.571097,20.127865
Zn_num,M2_Core_Salinity,Lasso,RAW,4,-0.774128,44.239305,38.347264
Zn_num,M2_Core_Salinity,Lasso,RAW,5,-4.775817,11.479675,8.799306
Zn_num,M2_Core_Salinity,Lasso,RAW,6,-36.132993,26.346909,22.372532
Zn_num,M2_Core_Salinity,Lasso,RAW,7,-0.408014,42.396111,33.230713
Zn_num,M2_Core_Salinity,Lasso,RAW,8,-0.122833,23.618675,14.917549
Zn_num,M2_Core_Salinity,Lasso,RAW,9,-2.449305,20.417472,15.59589
Zn_num,M2_Core_Salinity,Lasso,RAW,10,0.070541,15.118566,10.817283
Zn_num,M2_Core_Salinity,Lasso,RAW,11,-0.253115,17.352395,14.081675
Zn_num,M2_Core_Salinity,Lasso,RAW,12,-0.231524,25.643392,19.448743
Zn_num,M2_Core_Salinity,Lasso,RAW,13,-0.531693,43.418549,33.878568
Zn_num,M2_Core_Salinity,Lasso,RAW,14,-0.711818,16.30723,11.414328
Zn_num,M2_Core_Salinity,Lasso,RAW,15,-4.719124,20.61187,19.244647
Zn_num,M2_Core_Salinity,Lasso,RAW,16,-0.4075,33.710503,22.78817
Zn_num,M2_Core_Salinity,Lasso,RAW,17,-31.995054,28.755808,27.218849
Zn_num,M2_Core_Salinity,Lasso,RAW,18,-0.446491,35.717592,24.423983
Zn_num,M2_Core_Salinity,Lasso,RAW,19,-0.106846,19.757979,15.414973
Zn_num,M2_Core_Salinity,Lasso,RAW,20,-16.253388,19.572829,11.894629
Zn_num,M2_Core_Salinity,Lasso,RAW,21,-0.247237,20.416453,17.883991
Zn_num,M2_Core_Salinity,Lasso,RAW,22,-0.09275,24.302683,19.217304
Zn_num,M2_Core_Salinity,Lasso,RAW,23,-0.10432,29.250644,19.42166
Zn_num,M2_Core_Salinity,Lasso,RAW,24,-30.849179,23.310641,17.622959
Zn_num,M2_Core_Salinity,Lasso,RAW,25,-0.22075,32.173682,22.065175
Zn_num,M2_Core_Salinity,HuberRegressor,LOG1P,1,-0.61186,13.521499,10.882229
Zn_num,M2_Core_Salinity,HuberRegressor,LOG1P,2,-0.163342,32.495874,18.953456
Zn_num,M2_Core_Salinity,HuberRegressor,LOG1P,3,-0.29653,18.17191,12.961632
Zn_num,M2_Core_Salinity,HuberRegressor,LOG1P,4,-0.588772,41.864576,30.324237
Zn_num,M2_Core_Salinity,HuberRegressor,LOG1P,5,-1.73206,7.895288,7.177649
Zn_num,M2_Core_Salinity,HuberRegressor,LOG1P,6,-14.04957,16.773039,13.217997
Zn_num,M2_Core_Salinity,HuberRegressor,LOG1P,7,-0.657126,45.993904,33.332763
Zn_num,M2_Core_Salinity,HuberRegressor,LOG1P,8,-0.480777,27.123312,15.229363
Zn_num,M2_Core_Salinity,HuberRegressor,LOG1P,9,-9.566883,35.736303,25.428523
Zn_num,M2_Core_Salinity,HuberRegressor,LOG1P,10,-0.270617,17.676769,10.924818
Zn_num,M2_Core_Salinity,HuberRegressor,LOG1P,11,-0.269565,17.465919,11.229397
Zn_num,M2_Core_Salinity,HuberRegressor,LOG1P,12,-0.420817,27.543751,16.571645
Zn_num,M2_Core_Salinity,HuberRegressor,LOG1P,13,-0.746692,46.365785,32.922002
Zn_num,M2_Core_Salinity,HuberRegressor,LOG1P,14,-0.779484,16.626407,11.620848
Zn_num,M2_Core_Salinity,HuberRegressor,LOG1P,15,-0.48592,10.506315,9.301044
Zn_num,M2_Core_Salinity,HuberRegressor,LOG1P,16,-0.440875,34.10784,18.342987
Zn_num,M2_Core_Salinity,HuberRegressor,LOG1P,17,-12.263651,18.231932,16.833035
Zn_num,M2_Core_Salinity,HuberRegressor,LOG1P,18,-0.861047,40.513793,26.20935
Zn_num,M2_Core_Salinity,HuberRegressor,LOG1P,19,-0.428644,22.447135,16.541261
Zn_num,M2_Core_Salinity,HuberRegressor,LOG1P,20,-1.556754,7.534612,6.387923
Zn_num,M2_Core_Salinity,HuberRegressor,LOG1P,21,-0.152883,19.62901,14.57999
Zn_num,M2_Core_Salinity,HuberRegressor,LOG1P,22,-0.202974,25.498926,14.405186
Zn_num,M2_Core_Salinity,HuberRegressor,LOG1P,23,-0.098794,29.17737,16.749836
Zn_num,M2_Core_Salinity,HuberRegressor,LOG1P,24,-5.553262,10.573868,8.941212
Zn_num,M2_Core_Salinity,HuberRegressor,LOG1P,25,-0.518076,35.8785,22.706122
Zn_num,M2_Core_Salinity,HuberRegressor,RAW,1,-0.399336,12.598598,9.921063
Zn_num,M2_Core_Salinity,HuberRegressor,RAW,2,-0.156648,32.402252,18.892855
Zn_num,M2_Core_Salinity,HuberRegressor,RAW,3,-0.177994,17.32131,11.379801
Zn_num,M2_Core_Salinity,HuberRegressor,RAW,4,-0.566467,41.569667,29.952954
Zn_num,M2_Core_Salinity,HuberRegressor,RAW,5,-0.855699,6.506937,5.892242
Zn_num,M2_Core_Salinity,HuberRegressor,RAW,6,-9.413674,13.952489,11.695254
Zn_num,M2_Core_Salinity,HuberRegressor,RAW,7,-0.631707,45.639788,32.547955
Zn_num,M2_Core_Salinity,HuberRegressor,RAW,8,-0.470824,27.032002,14.731292
Zn_num,M2_Core_Salinity,HuberRegressor,RAW,9,-5.821002,28.711788,24.472122
Zn_num,M2_Core_Salinity,HuberRegressor,RAW,10,-0.239219,17.456996,10.881462
Zn_num,M2_Core_Salinity,HuberRegressor,RAW,11,-0.214577,17.083484,10.762247
Zn_num,M2_Core_Salinity,HuberRegressor,RAW,12,-0.423656,27.571253,16.380132
Zn_num,M2_Core_Salinity,HuberRegressor,RAW,13,-0.597435,44.340538,30.919609
Zn_num,M2_Core_Salinity,HuberRegressor,RAW,14,-0.554759,15.541139,10.003113
Zn_num,M2_Core_Salinity,HuberRegressor,RAW,15,-0.520439,10.627649,9.250239
Zn_num,M2_Core_Salinity,HuberRegressor,RAW,16,-0.427121,33.944663,17.714789
Zn_num,M2_Core_Salinity,HuberRegressor,RAW,17,-10.810694,17.204373,15.875095
Zn_num,M2_Core_Salinity,HuberRegressor,RAW,18,-0.809292,39.94649,25.122889
Zn_num,M2_Core_Salinity,HuberRegressor,RAW,19,-0.379181,22.055126,16.112745
Zn_num,M2_Core_Salinity,HuberRegressor,RAW,20,-0.889037,6.476444,5.366889
Zn_num,M2_Core_Salinity,HuberRegressor,RAW,21,-0.139096,19.511295,14.538288
Zn_num,M2_Core_Salinity,HuberRegressor,RAW,22,-0.209447,25.567432,14.241382
Zn_num,M2_Core_Salinity,HuberRegressor,RAW,23,-0.078273,28.903622,16.422413
Zn_num,M2_Core_Salinity,HuberRegressor,RAW,24,-3.954711,9.194207,7.822819
Zn_num,M2_Core_Salinity,HuberRegressor,RAW,25,-0.519336,35.893384,22.845237
Zn_num,M2_Core_Salinity,SVR_RBF,LOG1P,1,-0.266586,11.986121,9.00655
Zn_num,M2_Core_Salinity,SVR_RBF,LOG1P,2,-0.060753,31.029992,19.019273
Zn_num,M2_Core_Salinity,SVR_RBF,LOG1P,3,0.022693,15.777015,10.802823
Zn_num,M2_Core_Salinity,SVR_RBF,LOG1P,4,-0.580068,41.749745,29.028403
Zn_num,M2_Core_Salinity,SVR_RBF,LOG1P,5,-1.74156,7.909003,6.292633
Zn_num,M2_Core_Salinity,SVR_RBF,LOG1P,6,-3.969635,9.638556,7.166653
Zn_num,M2_Core_Salinity,SVR_RBF,LOG1P,7,-0.536961,44.294925,30.340392
Zn_num,M2_Core_Salinity,SVR_RBF,LOG1P,8,-0.407387,26.442633,13.617973
Zn_num,M2_Core_Salinity,SVR_RBF,LOG1P,9,-0.609743,13.948079,12.445954
Zn_num,M2_Core_Salinity,SVR_RBF,LOG1P,10,-0.140529,16.74745,12.25416
Zn_num,M2_Core_Salinity,SVR_RBF,LOG1P,11,0.068511,14.96073,9.538897
Zn_num,M2_Core_Salinity,SVR_RBF,LOG1P,12,-0.357698,26.924997,16.925516
Zn_num,M2_Core_Salinity,SVR_RBF,LOG1P,13,-0.539016,43.52221,27.621633
Zn_num,M2_Core_Salinity,SVR_RBF,LOG1P,14,-0.822553,16.82641,10.369687
Zn_num,M2_Core_Salinity,SVR_RBF,LOG1P,15,-1.420628,13.409627,11.845511
Zn_num,M2_Core_Salinity,SVR_RBF,LOG1P,16,-0.187574,30.965025,16.736186
Zn_num,M2_Core_Salinity,SVR_RBF,LOG1P,17,-8.714087,15.602786,14.128716
Zn_num,M2_Core_Salinity,SVR_RBF,LOG1P,18,-0.87075,40.619267,25.605585
Zn_num,M2_Core_Salinity,SVR_RBF,LOG1P,19,-0.299789,21.410924,15.724712
Zn_num,M2_Core_Salinity,SVR_RBF,LOG1P,20,-2.908502,9.31583,7.945006
Zn_num,M2_Core_Salinity,SVR_RBF,LOG1P,21,-0.115539,19.308488,14.611033
Zn_num,M2_Core_Salinity,SVR_RBF,LOG1P,22,-0.245223,25.942824,13.985983
Zn_num,M2_Core_Salinity,SVR_RBF,LOG1P,23,-0.274725,31.426514,17.151958
Zn_num,M2_Core_Salinity,SVR_RBF,LOG1P,24,-2.87581,8.131794,6.072094
Zn_num,M2_Core_Salinity,SVR_RBF,LOG1P,25,-0.379439,34.200988,22.158826
Zn_num,M2_Core_Salinity,SVR_RBF,RAW,1,-0.285025,12.073049,8.816077
Zn_num,M2_Core_Salinity,SVR_RBF,RAW,2,-0.054741,30.941938,17.034908
Zn_num,M2_Core_Salinity,SVR_RBF,RAW,3,-0.087383,16.641809,10.527603
Zn_num,M2_Core_Salinity,SVR_RBF,RAW,4,-0.448479,39.973477,28.080153
Zn_num,M2_Core_Salinity,SVR_RBF,RAW,5,-0.630084,6.098568,5.535142
Zn_num,M2_Core_Salinity,SVR_RBF,RAW,6,-3.718905,9.392264,8.092596
Zn_num,M2_Core_Salinity,SVR_RBF,RAW,7,-0.540912,44.35183,29.966788
Zn_num,M2_Core_Salinity,SVR_RBF,RAW,8,-0.252227,24.94247,13.066945
Zn_num,M2_Core_Salinity,SVR_RBF,RAW,9,-0.444094,13.210943,11.02185
Zn_num,M2_Core_Salinity,SVR_RBF,RAW,10,-0.113353,16.546721,9.991481
Zn_num,M2_Core_Salinity,SVR_RBF,RAW,11,-0.192442,16.927105,10.001622
Zn_num,M2_Core_Salinity,SVR_RBF,RAW,12,-0.10901,24.334463,13.803674
Zn_num,M2_Core_Salinity,SVR_RBF,RAW,13,-0.493727,42.87707,27.433362
Zn_num,M2_Core_Salinity,SVR_RBF,RAW,14,-0.420755,14.85631,9.94979
Zn_num,M2_Core_Salinity,SVR_RBF,RAW,15,-0.234547,9.576494,8.535997
Zn_num,M2_Core_Salinity,SVR_RBF,RAW,16,-0.256023,31.844905,16.652552
Zn_num,M2_Core_Salinity,SVR_RBF,RAW,17,-4.427593,11.662852,10.910855
Zn_num,M2_Core_Salinity,SVR_RBF,RAW,18,-0.69839,38.702846,24.346346
Zn_num,M2_Core_Salinity,SVR_RBF,RAW,19,-0.27495,21.205357,14.654004
Zn_num,M2_Core_Salinity,SVR_RBF,RAW,20,-0.219847,5.204382,4.532113
Zn_num,M2_Core_Salinity,SVR_RBF,RAW,21,-0.095432,19.133681,14.045019
Zn_num,M2_Core_Salinity,SVR_RBF,RAW,22,-0.114077,24.538684,13.556672
Zn_num,M2_Core_Salinity,SVR_RBF,RAW,23,-0.091899,29.085678,15.822794
Zn_num,M2_Core_Salinity,SVR_RBF,RAW,24,-0.816419,5.566896,4.438547
Zn_num,M2_Core_Salinity,SVR_RBF,RAW,25,-0.3647,34.017786,20.65964
Zn_num,M3_Core_IonRatios,Ridge,LOG1P,1,-0.993986,15.039114,11.843428
Zn_num,M3_Core_IonRatios,Ridge,LOG1P,2,-0.134675,32.093004,18.51844
Zn_num,M3_Core_IonRatios,Ridge,LOG1P,3,-0.307901,18.251424,13.422882
Zn_num,M3_Core_IonRatios,Ridge,LOG1P,4,-0.606848,42.102056,33.604074
Zn_num,M3_Core_IonRatios,Ridge,LOG1P,5,-1.500815,7.553767,5.781688
Zn_num,M3_Core_IonRatios,Ridge,LOG1P,6,-13.334214,16.369546,14.058768
Zn_num,M3_Core_IonRatios,Ridge,LOG1P,7,-0.571284,44.786793,32.080023
Zn_num,M3_Core_IonRatios,Ridge,LOG1P,8,-0.191389,24.329027,13.830243
Zn_num,M3_Core_IonRatios,Ridge,LOG1P,9,-1.703499,18.075872,15.142302
Zn_num,M3_Core_IonRatios,Ridge,LOG1P,10,-0.163361,16.914248,10.944543
Zn_num,M3_Core_IonRatios,Ridge,LOG1P,11,-0.306555,17.718539,13.00223
Zn_num,M3_Core_IonRatios,Ridge,LOG1P,12,-0.199598,25.308816,16.002414
Zn_num,M3_Core_IonRatios,Ridge,LOG1P,13,-0.649227,45.053619,31.829653
Zn_num,M3_Core_IonRatios,Ridge,LOG1P,14,-0.368873,14.582533,9.866741
Zn_num,M3_Core_IonRatios,Ridge,LOG1P,15,-1.314205,13.111537,11.939226
Zn_num,M3_Core_IonRatios,Ridge,LOG1P,16,-0.405676,33.688657,17.827874
Zn_num,M3_Core_IonRatios,Ridge,LOG1P,17,-11.219968,17.499925,16.632319
Zn_num,M3_Core_IonRatios,Ridge,LOG1P,18,-0.571667,37.230978,24.784986
Zn_num,M3_Core_IonRatios,Ridge,LOG1P,19,-0.253855,21.029192,15.945064
Zn_num,M3_Core_IonRatios,Ridge,LOG1P,20,-6.644454,13.028357,10.177031
Zn_num,M3_Core_IonRatios,Ridge,LOG1P,21,-0.210886,20.116732,15.931714
Zn_num,M3_Core_IonRatios,Ridge,LOG1P,22,-0.005647,23.31399,13.783735
Zn_num,M3_Core_IonRatios,Ridge,LOG1P,23,-0.679973,36.077718,26.140616
Zn_num,M3_Core_IonRatios,Ridge,LOG1P,24,-12.810354,15.349969,11.927628
Zn_num,M3_Core_IonRatios,Ridge,LOG1P,25,-0.465349,35.249908,22.653998
Zn_num,M3_Core_IonRatios,Ridge,RAW,1,-3.617025,22.884548,21.256979
Zn_num,M3_Core_IonRatios,Ridge,RAW,2,-0.111563,31.764471,20.395382
Zn_num,M3_Core_IonRatios,Ridge,RAW,3,-1.874792,27.059044,23.609297
Zn_num,M3_Core_IonRatios,Ridge,RAW,4,-0.726162,43.637179,37.948177
Zn_num,M3_Core_IonRatios,Ridge,RAW,5,-3.428288,10.05173,7.584035
Zn_num,M3_Core_IonRatios,Ridge,RAW,6,-37.234229,26.734734,23.888753
Zn_num,M3_Core_IonRatios,Ridge,RAW,7,-0.499783,43.755912,34.509028
Zn_num,M3_Core_IonRatios,Ridge,RAW,8,-0.137697,23.774487,17.078116
Zn_num,M3_Core_IonRatios,Ridge,RAW,9,-2.374658,20.195335,16.093312
Zn_num,M3_Core_IonRatios,Ridge,RAW,10,0.090763,14.953192,11.345198
Zn_num,M3_Core_IonRatios,Ridge,RAW,11,-0.770218,20.624213,18.637781
Zn_num,M3_Core_IonRatios,Ridge,RAW,12,-0.161274,24.901264,19.191339
Zn_num,M3_Core_IonRatios,Ridge,RAW,13,-0.522902,43.293768,33.912859
Zn_num,M3_Core_IonRatios,Ridge,RAW,14,-0.705162,16.275496,12.439157
Zn_num,M3_Core_IonRatios,Ridge,RAW,15,-4.57893,20.357671,19.247781
Zn_num,M3_Core_IonRatios,Ridge,RAW,16,-0.281321,32.163997,18.261102
Zn_num,M3_Core_IonRatios,Ridge,RAW,17,-23.807034,24.933805,24.123876
Zn_num,M3_Core_IonRatios,Ridge,RAW,18,-0.376845,34.847106,24.645461
Zn_num,M3_Core_IonRatios,Ridge,RAW,19,-0.071001,19.435415,15.660191
Zn_num,M3_Core_IonRatios,Ridge,RAW,20,-20.180463,21.686234,15.033009
Zn_num,M3_Core_IonRatios,Ridge,RAW,21,-0.303753,20.873897,18.782247
Zn_num,M3_Core_IonRatios,Ridge,RAW,22,-0.019686,23.47616,18.856076
Zn_num,M3_Core_IonRatios,Ridge,RAW,23,-0.921929,38.58839,28.96542
Zn_num,M3_Core_IonRatios,Ridge,RAW,24,-35.291516,24.883282,20.222036
Zn_num,M3_Core_IonRatios,Ridge,RAW,25,-0.244435,32.484302,21.434123
Zn_num,M3_Core_IonRatios,Lasso,LOG1P,1,-0.234028,11.831063,9.255376
Zn_num,M3_Core_IonRatios,Lasso,LOG1P,2,-0.048494,30.850171,18.026493
Zn_num,M3_Core_IonRatios,Lasso,LOG1P,3,-0.076048,16.554844,11.129668
Zn_num,M3_Core_IonRatios,Lasso,LOG1P,4,-0.445074,39.926464,29.456419
Zn_num,M3_Core_IonRatios,Lasso,LOG1P,5,-0.101944,5.014212,3.566889
Zn_num,M3_Core_IonRatios,Lasso,LOG1P,6,-4.701767,10.324153,9.375194
Zn_num,M3_Core_IonRatios,Lasso,LOG1P,7,-0.497156,43.717581,29.884624
Zn_num,M3_Core_IonRatios,Lasso,LOG1P,8,-0.103848,23.418151,12.035101
Zn_num,M3_Core_IonRatios,Lasso,LOG1P,9,-0.60501,13.927561,11.598671
Zn_num,M3_Core_IonRatios,Lasso,LOG1P,10,-0.056806,16.121043,9.792588
Zn_num,M3_Core_IonRatios,Lasso,LOG1P,11,-0.09,16.18368,9.907092
Zn_num,M3_Core_IonRatios,Lasso,LOG1P,12,-0.041653,23.583895,13.93803
Zn_num,M3_Core_IonRatios,Lasso,LOG1P,13,-0.505716,43.048792,28.443063
Zn_num,M3_Core_IonRatios,Lasso,LOG1P,14,-0.147734,13.352788,8.116068
Zn_num,M3_Core_IonRatios,Lasso,LOG1P,15,-0.63788,11.030463,9.807302
Zn_num,M3_Core_IonRatios,Lasso,LOG1P,16,-0.281034,32.160392,16.288117
Zn_num,M3_Core_IonRatios,Lasso,LOG1P,17,-7.24079,14.370953,13.42682
Zn_num,M3_Core_IonRatios,Lasso,LOG1P,18,-0.603341,37.604272,23.456572
Zn_num,M3_Core_IonRatios,Lasso,LOG1P,19,-0.185267,20.44594,14.437054
Zn_num,M3_Core_IonRatios,Lasso,LOG1P,20,-0.194973,5.151045,4.687259
Zn_num,M3_Core_IonRatios,Lasso,LOG1P,21,-0.07566,18.960218,14.383684
Zn_num,M3_Core_IonRatios,Lasso,LOG1P,22,-0.033822,23.638324,13.715734
Zn_num,M3_Core_IonRatios,Lasso,LOG1P,23,-0.049393,28.51393,16.014221
Zn_num,M3_Core_IonRatios,Lasso,LOG1P,24,-0.080892,4.294339,3.73733
Zn_num,M3_Core_IonRatios,Lasso,LOG1P,25,-0.307698,33.299766,20.28114
Zn_num,M3_Core_IonRatios,Lasso,RAW,1,-3.91594,23.613725,21.981819
Zn_num,M3_Core_IonRatios,Lasso,RAW,2,-0.134645,32.092576,20.136779
Zn_num,M3_Core_IonRatios,Lasso,RAW,3,-2.041048,27.830492,24.027424
Zn_num,M3_Core_IonRatios,Lasso,RAW,4,-0.739545,43.806009,38.151955
Zn_num,M3_Core_IonRatios,Lasso,RAW,5,-3.478936,10.109049,7.665549
Zn_num,M3_Core_IonRatios,Lasso,RAW,6,-40.999827,28.020343,24.74706
Zn_num,M3_Core_IonRatios,Lasso,RAW,7,-0.546867,44.437439,35.21348
Zn_num,M3_Core_IonRatios,Lasso,RAW,8,-0.144827,23.848873,17.124833
Zn_num,M3_Core_IonRatios,Lasso,RAW,9,-2.47264,20.48642,16.350959
Zn_num,M3_Core_IonRatios,Lasso,RAW,10,0.096444,14.906405,11.236521
Zn_num,M3_Core_IonRatios,Lasso,RAW,11,-0.846982,21.066643,19.095127
Zn_num,M3_Core_IonRatios,Lasso,RAW,12,-0.161205,24.900526,19.138026
Zn_num,M3_Core_IonRatios,Lasso,RAW,13,-0.522145,43.283006,33.884074
Zn_num,M3_Core_IonRatios,Lasso,RAW,14,-0.7301,16.394077,12.554298
Zn_num,M3_Core_IonRatios,Lasso,RAW,15,-4.816196,20.786059,19.660358
Zn_num,M3_Core_IonRatios,Lasso,RAW,16,-0.293265,32.313559,18.43459
Zn_num,M3_Core_IonRatios,Lasso,RAW,17,-25.538239,25.78916,24.839983
Zn_num,M3_Core_IonRatios,Lasso,RAW,18,-0.379563,34.881486,24.735573
Zn_num,M3_Core_IonRatios,Lasso,RAW,19,-0.069929,19.425686,15.649998
Zn_num,M3_Core_IonRatios,Lasso,RAW,20,-20.702932,21.952077,15.198333
Zn_num,M3_Core_IonRatios,Lasso,RAW,21,-0.319586,21.00026,18.879982
Zn_num,M3_Core_IonRatios,Lasso,RAW,22,-0.028668,23.57933,18.937253
Zn_num,M3_Core_IonRatios,Lasso,RAW,23,-1.231426,41.57949,32.024865
Zn_num,M3_Core_IonRatios,Lasso,RAW,24,-38.618951,25.998996,21.272698
Zn_num,M3_Core_IonRatios,Lasso,RAW,25,-0.244506,32.485228,21.587057
Zn_num,M3_Core_IonRatios,HuberRegressor,LOG1P,1,-0.68769,13.835907,11.331416
Zn_num,M3_Core_IonRatios,HuberRegressor,LOG1P,2,-0.18803,32.838882,18.834405
Zn_num,M3_Core_IonRatios,HuberRegressor,LOG1P,3,-0.155084,17.152052,9.495769
Zn_num,M3_Core_IonRatios,HuberRegressor,LOG1P,4,-0.444997,39.925411,29.683994
Zn_num,M3_Core_IonRatios,HuberRegressor,LOG1P,5,-2.531316,8.976172,7.013526
Zn_num,M3_Core_IonRatios,HuberRegressor,LOG1P,6,-12.925999,16.134774,12.462454
Zn_num,M3_Core_IonRatios,HuberRegressor,LOG1P,7,-0.646135,45.841126,32.350882
Zn_num,M3_Core_IonRatios,HuberRegressor,LOG1P,8,-0.309942,25.510795,13.537436
Zn_num,M3_Core_IonRatios,HuberRegressor,LOG1P,9,-7.407343,31.876127,23.652101
Zn_num,M3_Core_IonRatios,HuberRegressor,LOG1P,10,-0.390181,18.489757,13.390106
Zn_num,M3_Core_IonRatios,HuberRegressor,LOG1P,11,-0.262226,17.415361,10.876569
Zn_num,M3_Core_IonRatios,HuberRegressor,LOG1P,12,-0.287554,26.220241,16.554858
Zn_num,M3_Core_IonRatios,HuberRegressor,LOG1P,13,-0.674013,45.390903,32.294535
Zn_num,M3_Core_IonRatios,HuberRegressor,LOG1P,14,-0.200069,13.653832,8.368906
Zn_num,M3_Core_IonRatios,HuberRegressor,LOG1P,15,-0.684763,11.187216,9.297803
Zn_num,M3_Core_IonRatios,HuberRegressor,LOG1P,16,-0.587814,35.804766,22.394029
Zn_num,M3_Core_IonRatios,HuberRegressor,LOG1P,17,-6.94408,14.109868,12.537512
Zn_num,M3_Core_IonRatios,HuberRegressor,LOG1P,18,-0.579259,37.320799,24.086567
Zn_num,M3_Core_IonRatios,HuberRegressor,LOG1P,19,-0.30719,21.471795,15.766075
Zn_num,M3_Core_IonRatios,HuberRegressor,LOG1P,20,-5.278547,11.807174,10.696791
Zn_num,M3_Core_IonRatios,HuberRegressor,LOG1P,21,-0.421109,21.793128,16.81063
Zn_num,M3_Core_IonRatios,HuberRegressor,LOG1P,22,-0.022325,23.50651,14.85533
Zn_num,M3_Core_IonRatios,HuberRegressor,LOG1P,23,-0.612382,35.344502,24.789327
Zn_num,M3_Core_IonRatios,HuberRegressor,LOG1P,24,-42.271577,27.171052,20.27248
Zn_num,M3_Core_IonRatios,HuberRegressor,LOG1P,25,-0.574223,36.535966,23.069554
Zn_num,M3_Core_IonRatios,HuberRegressor,RAW,1,-0.551558,13.26616,10.388237
Zn_num,M3_Core_IonRatios,HuberRegressor,RAW,2,-0.1836,32.777588,18.961224
Zn_num,M3_Core_IonRatios,HuberRegressor,RAW,3,-0.120957,16.896772,10.155746
Zn_num,M3_Core_IonRatios,HuberRegressor,RAW,4,-0.437857,39.826641,29.217674
Zn_num,M3_Core_IonRatios,HuberRegressor,RAW,5,-1.171856,7.039444,5.266898
Zn_num,M3_Core_IonRatios,HuberRegressor,RAW,6,-10.34108,14.560521,11.696716
Zn_num,M3_Core_IonRatios,HuberRegressor,RAW,7,-0.634974,45.685455,32.889831
Zn_num,M3_Core_IonRatios,HuberRegressor,RAW,8,-0.326197,25.668583,13.265404
Zn_num,M3_Core_IonRatios,HuberRegressor,RAW,9,-3.803892,24.095325,20.845487
Zn_num,M3_Core_IonRatios,HuberRegressor,RAW,10,-0.216743,17.297963,11.593765
Zn_num,M3_Core_IonRatios,HuberRegressor,RAW,11,-0.201356,16.990252,10.440354
Zn_num,M3_Core_IonRatios,HuberRegressor,RAW,12,-0.323077,26.579482,16.365997
Zn_num,M3_Core_IonRatios,HuberRegressor,RAW,13,-0.585665,44.176894,31.050539
Zn_num,M3_Core_IonRatios,HuberRegressor,RAW,14,-0.314272,14.288743,8.709773
Zn_num,M3_Core_IonRatios,HuberRegressor,RAW,15,-0.661462,11.109584,9.286403
Zn_num,M3_Core_IonRatios,HuberRegressor,RAW,16,-0.461882,34.355579,19.393309
Zn_num,M3_Core_IonRatios,HuberRegressor,RAW,17,-7.026268,14.182669,12.771626
Zn_num,M3_Core_IonRatios,HuberRegressor,RAW,18,-0.580584,37.336454,23.626215
Zn_num,M3_Core_IonRatios,HuberRegressor,RAW,19,-0.278863,21.237873,15.369527
Zn_num,M3_Core_IonRatios,HuberRegressor,RAW,20,-3.768681,10.290004,9.463825
Zn_num,M3_Core_IonRatios,HuberRegressor,RAW,21,-0.252621,20.460477,15.455976
Zn_num,M3_Core_IonRatios,HuberRegressor,RAW,22,-0.100158,24.384921,14.14711
Zn_num,M3_Core_IonRatios,HuberRegressor,RAW,23,-0.290796,31.623999,20.619584
Zn_num,M3_Core_IonRatios,HuberRegressor,RAW,24,-33.379839,24.219045,20.530931
Zn_num,M3_Core_IonRatios,HuberRegressor,RAW,25,-0.563315,36.409163,23.03126
Zn_num,M3_Core_IonRatios,SVR_RBF,LOG1P,1,-0.460942,12.872941,10.066445
Zn_num,M3_Core_IonRatios,SVR_RBF,LOG1P,2,-0.082493,31.346364,18.790016
Zn_num,M3_Core_IonRatios,SVR_RBF,LOG1P,3,0.006124,15.910188,10.626893
Zn_num,M3_Core_IonRatios,SVR_RBF,LOG1P,4,-0.52334,40.993431,29.771462
Zn_num,M3_Core_IonRatios,SVR_RBF,LOG1P,5,-2.136166,8.459066,6.911927
Zn_num,M3_Core_IonRatios,SVR_RBF,LOG1P,6,-4.640275,10.26833,8.236176
Zn_num,M3_Core_IonRatios,SVR_RBF,LOG1P,7,-0.56994,44.767631,30.568366
Zn_num,M3_Core_IonRatios,SVR_RBF,LOG1P,8,-0.439488,26.742495,14.092862
Zn_num,M3_Core_IonRatios,SVR_RBF,LOG1P,9,-0.672188,14.216042,12.351214
Zn_num,M3_Core_IonRatios,SVR_RBF,LOG1P,10,-0.063615,16.172895,11.41629
Zn_num,M3_Core_IonRatios,SVR_RBF,LOG1P,11,0.099952,14.706079,9.142756
Zn_num,M3_Core_IonRatios,SVR_RBF,LOG1P,12,-0.3639,26.986423,16.533084
Zn_num,M3_Core_IonRatios,SVR_RBF,LOG1P,13,-0.565562,43.895957,28.50564
Zn_num,M3_Core_IonRatios,SVR_RBF,LOG1P,14,-0.742858,16.454414,10.814016
Zn_num,M3_Core_IonRatios,SVR_RBF,LOG1P,15,-1.674392,14.095002,12.333928
Zn_num,M3_Core_IonRatios,SVR_RBF,LOG1P,16,-0.240298,31.644933,16.298136
Zn_num,M3_Core_IonRatios,SVR_RBF,LOG1P,17,-6.829084,14.00737,12.953633
Zn_num,M3_Core_IonRatios,SVR_RBF,LOG1P,18,-0.842868,40.31544,26.948495
Zn_num,M3_Core_IonRatios,SVR_RBF,LOG1P,19,-0.266987,21.139025,15.341658
Zn_num,M3_Core_IonRatios,SVR_RBF,LOG1P,20,-1.768553,7.840484,6.751586
Zn_num,M3_Core_IonRatios,SVR_RBF,LOG1P,21,-0.233117,20.300563,15.418115
Zn_num,M3_Core_IonRatios,SVR_RBF,LOG1P,22,-0.224933,25.730604,14.342934
Zn_num,M3_Core_IonRatios,SVR_RBF,LOG1P,23,-0.287943,31.589034,16.669964
Zn_num,M3_Core_IonRatios,SVR_RBF,LOG1P,24,-2.126132,7.303125,6.325541
Zn_num,M3_Core_IonRatios,SVR_RBF,LOG1P,25,-0.345696,33.780108,21.346404
Zn_num,M3_Core_IonRatios,SVR_RBF,RAW,1,-0.275818,12.029724,8.956917
Zn_num,M3_Core_IonRatios,SVR_RBF,RAW,2,-0.073167,31.211045,17.11571
Zn_num,M3_Core_IonRatios,SVR_RBF,RAW,3,-0.084881,16.622648,10.191162
Zn_num,M3_Core_IonRatios,SVR_RBF,RAW,4,-0.444737,39.921814,28.031128
Zn_num,M3_Core_IonRatios,SVR_RBF,RAW,5,-0.423109,5.698255,5.157914
Zn_num,M3_Core_IonRatios,SVR_RBF,RAW,6,-3.675715,9.349184,8.020425
Zn_num,M3_Core_IonRatios,SVR_RBF,RAW,7,-0.544229,44.399541,29.902026
Zn_num,M3_Core_IonRatios,SVR_RBF,RAW,8,-0.244113,24.861525,12.560641
Zn_num,M3_Core_IonRatios,SVR_RBF,RAW,9,-0.425368,13.125011,10.889143
Zn_num,M3_Core_IonRatios,SVR_RBF,RAW,10,-0.091403,16.382797,9.777538
Zn_num,M3_Core_IonRatios,SVR_RBF,RAW,11,-0.168557,16.756715,9.68676
Zn_num,M3_Core_IonRatios,SVR_RBF,RAW,12,-0.119978,24.454496,13.533746
Zn_num,M3_Core_IonRatios,SVR_RBF,RAW,13,-0.492839,42.864319,27.364603
Zn_num,M3_Core_IonRatios,SVR_RBF,RAW,14,-0.371376,14.59586,9.574148
Zn_num,M3_Core_IonRatios,SVR_RBF,RAW,15,-0.210627,9.483264,8.434905
Zn_num,M3_Core_IonRatios,SVR_RBF,RAW,16,-0.28449,32.203746,16.508026
Zn_num,M3_Core_IonRatios,SVR_RBF,RAW,17,-4.281427,11.504739,10.761477
Zn_num,M3_Core_IonRatios,SVR_RBF,RAW,18,-0.671921,38.400079,24.131037
Zn_num,M3_Core_IonRatios,SVR_RBF,RAW,19,-0.253232,21.023965,14.399646
Zn_num,M3_Core_IonRatios,SVR_RBF,RAW,20,-0.046121,4.819559,4.292699
Zn_num,M3_Core_IonRatios,SVR_RBF,RAW,21,-0.118096,19.330604,14.08911
Zn_num,M3_Core_IonRatios,SVR_RBF,RAW,22,-0.12126,24.61767,13.409988
Zn_num,M3_Core_IonRatios,SVR_RBF,RAW,23,-0.092498,29.093652,15.394146
Zn_num,M3_Core_IonRatios,SVR_RBF,RAW,24,-0.623651,5.263219,4.14734
Zn_num,M3_Core_IonRatios,SVR_RBF,RAW,25,-0.376355,34.162747,20.444369
Zn_num,M4_Core_IonExchange,Ridge,LOG1P,1,-0.959209,14.907389,11.688325
Zn_num,M4_Core_IonExchange,Ridge,LOG1P,2,-0.284797,34.15009,19.064627
Zn_num,M4_Core_IonExchange,Ridge,LOG1P,3,-0.299354,18.191691,12.789503
Zn_num,M4_Core_IonExchange,Ridge,LOG1P,4,-0.571821,41.640648,33.213751
Zn_num,M4_Core_IonExchange,Ridge,LOG1P,5,-0.494453,5.839343,4.161276
Zn_num,M4_Core_IonExchange,Ridge,LOG1P,6,-10.756092,14.824538,13.226291
Zn_num,M4_Core_IonExchange,Ridge,LOG1P,7,-0.62852,45.595196,30.182492
Zn_num,M4_Core_IonExchange,Ridge,LOG1P,8,-0.187632,24.290639,12.691429
Zn_num,M4_Core_IonExchange,Ridge,LOG1P,9,-1.619229,17.791923,15.359519
Zn_num,M4_Core_IonExchange,Ridge,LOG1P,10,-0.130067,16.670459,9.588603
Zn_num,M4_Core_IonExchange,Ridge,LOG1P,11,-0.273652,17.494013,12.548604
Zn_num,M4_Core_IonExchange,Ridge,LOG1P,12,-0.281445,26.157965,16.122872
Zn_num,M4_Core_IonExchange,Ridge,LOG1P,13,-0.678177,45.447324,31.960269
Zn_num,M4_Core_IonExchange,Ridge,LOG1P,14,-0.420872,14.856921,9.51076
Zn_num,M4_Core_IonExchange,Ridge,LOG1P,15,-1.20805,12.807287,11.654337
Zn_num,M4_Core_IonExchange,Ridge,LOG1P,16,-0.528814,35.133254,19.00553
Zn_num,M4_Core_IonExchange,Ridge,LOG1P,17,-10.459428,16.946602,16.187422
Zn_num,M4_Core_IonExchange,Ridge,LOG1P,18,-0.627242,37.88352,24.965861
Zn_num,M4_Core_IonExchange,Ridge,LOG1P,19,-0.305345,21.456633,16.07189
Zn_num,M4_Core_IonExchange,Ridge,LOG1P,20,-2.586236,8.923512,5.732615
Zn_num,M4_Core_IonExchange,Ridge,LOG1P,21,-0.155223,19.648927,14.83231
Zn_num,M4_Core_IonExchange,Ridge,LOG1P,22,-0.078993,24.149221,13.999062
Zn_num,M4_Core_IonExchange,Ridge,LOG1P,23,-0.136514,29.673952,18.59382
Zn_num,M4_Core_IonExchange,Ridge,LOG1P,24,-13.720417,15.84766,11.759352
Zn_num,M4_Core_IonExchange,Ridge,LOG1P,25,-0.595123,36.777696,22.996208
Zn_num,M4_Core_IonExchange,Ridge,RAW,1,-3.304704,22.096978,20.496901
Zn_num,M4_Core_IonExchange,Ridge,RAW,2,-0.539758,37.385302,22.631698
Zn_num,M4_Core_IonExchange,Ridge,RAW,3,-1.278939,24.092154,20.070022
Zn_num,M4_Core_IonExchange,Ridge,RAW,4,-0.724061,43.610615,37.195137
Zn_num,M4_Core_IonExchange,Ridge,RAW,5,-2.190574,8.532127,5.664691
Zn_num,M4_Core_IonExchange,Ridge,RAW,6,-34.221007,25.659641,22.489413
Zn_num,M4_Core_IonExchange,Ridge,RAW,7,-0.45949,43.164147,30.88339
Zn_num,M4_Core_IonExchange,Ridge,RAW,8,-0.17471,24.158132,14.421502
Zn_num,M4_Core_IonExchange,Ridge,RAW,9,-2.362241,20.158146,15.75948
Zn_num,M4_Core_IonExchange,Ridge,RAW,10,0.084057,15.008235,10.994987
Zn_num,M4_Core_IonExchange,Ridge,RAW,11,-0.272511,17.486171,14.406212
Zn_num,M4_Core_IonExchange,Ridge,RAW,12,-0.540513,28.680496,20.77438
Zn_num,M4_Core_IonExchange,Ridge,RAW,13,-0.592484,44.271779,34.353876
Zn_num,M4_Core_IonExchange,Ridge,RAW,14,-0.607055,15.800351,10.713068
Zn_num,M4_Core_IonExchange,Ridge,RAW,15,-4.929531,20.987602,19.656446
Zn_num,M4_Core_IonExchange,Ridge,RAW,16,-0.554894,35.43166,21.769146
Zn_num,M4_Core_IonExchange,Ridge,RAW,17,-23.83493,24.947821,23.951459
Zn_num,M4_Core_IonExchange,Ridge,RAW,18,-0.527613,36.705479,24.113069
Zn_num,M4_Core_IonExchange,Ridge,RAW,19,-0.128974,19.954503,15.989426
Zn_num,M4_Core_IonExchange,Ridge,RAW,20,-15.449326,19.11131,11.685654
Zn_num,M4_Core_IonExchange,Ridge,RAW,21,-0.158477,19.676578,16.864034
Zn_num,M4_Core_IonExchange,Ridge,RAW,22,-0.22685,25.750724,19.499144
Zn_num,M4_Core_IonExchange,Ridge,RAW,23,-0.31588,31.929786,23.615041
Zn_num,M4_Core_IonExchange,Ridge,RAW,24,-34.359495,24.561683,18.876042
Zn_num,M4_Core_IonExchange,Ridge,RAW,25,-0.547716,36.227062,23.918987
Zn_num,M4_Core_IonExchange,Lasso,LOG1P,1,-0.234028,11.831063,9.255376
Zn_num,M4_Core_IonExchange,Lasso,LOG1P,2,-0.020216,30.431313,17.797322
Zn_num,M4_Core_IonExchange,Lasso,LOG1P,3,-0.076048,16.554844,11.129668
Zn_num,M4_Core_IonExchange,Lasso,LOG1P,4,-0.446069,39.940211,29.453804
Zn_num,M4_Core_IonExchange,Lasso,LOG1P,5,-0.101944,5.014212,3.566889
Zn_num,M4_Core_IonExchange,Lasso,LOG1P,6,-4.701767,10.324153,9.375194
Zn_num,M4_Core_IonExchange,Lasso,LOG1P,7,-0.497156,43.717581,29.884624
Zn_num,M4_Core_IonExchange,Lasso,LOG1P,8,-0.103848,23.418151,12.035101
Zn_num,M4_Core_IonExchange,Lasso,LOG1P,9,-0.595364,13.885647,11.590821
Zn_num,M4_Core_IonExchange,Lasso,LOG1P,10,-0.056806,16.121043,9.792588
Zn_num,M4_Core_IonExchange,Lasso,LOG1P,11,-0.09,16.18368,9.907092
Zn_num,M4_Core_IonExchange,Lasso,LOG1P,12,-0.041653,23.583895,13.93803
Zn_num,M4_Core_IonExchange,Lasso,LOG1P,13,-0.505716,43.048792,28.443063
Zn_num,M4_Core_IonExchange,Lasso,LOG1P,14,-0.132453,13.263599,8.137368
Zn_num,M4_Core_IonExchange,Lasso,LOG1P,15,-0.63788,11.030463,9.807302
Zn_num,M4_Core_IonExchange,Lasso,LOG1P,16,-0.267816,31.994045,16.752154
Zn_num,M4_Core_IonExchange,Lasso,LOG1P,17,-7.24079,14.370953,13.42682
Zn_num,M4_Core_IonExchange,Lasso,LOG1P,18,-0.603341,37.604272,23.456572
Zn_num,M4_Core_IonExchange,Lasso,LOG1P,19,-0.185267,20.44594,14.437054
Zn_num,M4_Core_IonExchange,Lasso,LOG1P,20,-0.106496,4.956686,4.544444
Zn_num,M4_Core_IonExchange,Lasso,LOG1P,21,-0.07566,18.960218,14.383684
Zn_num,M4_Core_IonExchange,Lasso,LOG1P,22,-0.033822,23.638324,13.715734
Zn_num,M4_Core_IonExchange,Lasso,LOG1P,23,-0.061936,28.683833,16.740922
Zn_num,M4_Core_IonExchange,Lasso,LOG1P,24,-0.080892,4.294339,3.73733
Zn_num,M4_Core_IonExchange,Lasso,LOG1P,25,-0.308828,33.314154,20.230155
Zn_num,M4_Core_IonExchange,Lasso,RAW,1,-3.698807,23.086338,21.553019
Zn_num,M4_Core_IonExchange,Lasso,RAW,2,-0.727006,39.593284,24.340042
Zn_num,M4_Core_IonExchange,Lasso,RAW,3,-1.372795,24.583253,20.149081
Zn_num,M4_Core_IonExchange,Lasso,RAW,4,-0.7474,43.904799,37.396574
Zn_num,M4_Core_IonExchange,Lasso,RAW,5,-2.241546,8.600011,5.735885
Zn_num,M4_Core_IonExchange,Lasso,RAW,6,-36.129434,26.345647,22.939158
Zn_num,M4_Core_IonExchange,Lasso,RAW,7,-0.465664,43.255343,30.821094
Zn_num,M4_Core_IonExchange,Lasso,RAW,8,-0.158699,23.992924,14.407108
Zn_num,M4_Core_IonExchange,Lasso,RAW,9,-2.447192,20.411216,15.94819
Zn_num,M4_Core_IonExchange,Lasso,RAW,10,0.086812,14.985647,10.954479
Zn_num,M4_Core_IonExchange,Lasso,RAW,11,-0.256591,17.376448,14.283546
Zn_num,M4_Core_IonExchange,Lasso,RAW,12,-0.56144,28.874648,20.846469
Zn_num,M4_Core_IonExchange,Lasso,RAW,13,-0.589409,44.229018,34.266259
Zn_num,M4_Core_IonExchange,Lasso,RAW,14,-0.631457,15.919856,10.799264
Zn_num,M4_Core_IonExchange,Lasso,RAW,15,-5.170382,21.409606,20.027978
Zn_num,M4_Core_IonExchange,Lasso,RAW,16,-0.601161,35.954945,21.970605
Zn_num,M4_Core_IonExchange,Lasso,RAW,17,-24.266543,25.163674,24.131399
Zn_num,M4_Core_IonExchange,Lasso,RAW,18,-0.541298,36.869523,24.040304
Zn_num,M4_Core_IonExchange,Lasso,RAW,19,-0.128786,19.952839,16.002087
Zn_num,M4_Core_IonExchange,Lasso,RAW,20,-16.842539,19.9042,11.970394
Zn_num,M4_Core_IonExchange,Lasso,RAW,21,-0.162604,19.711595,16.867085
Zn_num,M4_Core_IonExchange,Lasso,RAW,22,-0.217434,25.651724,19.413475
Zn_num,M4_Core_IonExchange,Lasso,RAW,23,-0.329907,32.099524,23.808679
Zn_num,M4_Core_IonExchange,Lasso,RAW,24,-39.149565,26.172519,20.160397
Zn_num,M4_Core_IonExchange,Lasso,RAW,25,-0.601515,36.851314,24.421226
Zn_num,M4_Core_IonExchange,HuberRegressor,LOG1P,1,-0.510792,13.090722,10.463743
Zn_num,M4_Core_IonExchange,HuberRegressor,LOG1P,2,-0.245089,33.618219,18.38045
Zn_num,M4_Core_IonExchange,HuberRegressor,LOG1P,3,-0.283681,18.081639,11.402515
Zn_num,M4_Core_IonExchange,HuberRegressor,LOG1P,4,-0.465978,40.214217,28.73219
Zn_num,M4_Core_IonExchange,HuberRegressor,LOG1P,5,-0.223182,5.282851,4.275541
Zn_num,M4_Core_IonExchange,HuberRegressor,LOG1P,6,-12.409905,15.832976,12.833749
Zn_num,M4_Core_IonExchange,HuberRegressor,LOG1P,7,-0.638759,45.738308,29.96836
Zn_num,M4_Core_IonExchange,HuberRegressor,LOG1P,8,-0.300976,25.423335,12.797584
Zn_num,M4_Core_IonExchange,HuberRegressor,LOG1P,9,-6.184657,29.467221,22.466247
Zn_num,M4_Core_IonExchange,HuberRegressor,LOG1P,10,-0.298102,17.866929,11.20827
Zn_num,M4_Core_IonExchange,HuberRegressor,LOG1P,11,-0.423489,18.494433,13.41011
Zn_num,M4_Core_IonExchange,HuberRegressor,LOG1P,12,-0.362484,26.972404,15.290149
Zn_num,M4_Core_IonExchange,HuberRegressor,LOG1P,13,-0.840236,47.591148,36.217114
Zn_num,M4_Core_IonExchange,HuberRegressor,LOG1P,14,-0.384655,14.666351,8.883656
Zn_num,M4_Core_IonExchange,HuberRegressor,LOG1P,15,-0.137824,9.193695,8.304115
Zn_num,M4_Core_IonExchange,HuberRegressor,LOG1P,16,-0.569252,35.594872,19.567898
Zn_num,M4_Core_IonExchange,HuberRegressor,LOG1P,17,-4.906277,12.166287,11.266776
Zn_num,M4_Core_IonExchange,HuberRegressor,LOG1P,18,-0.650118,38.148873,23.903251
Zn_num,M4_Core_IonExchange,HuberRegressor,LOG1P,19,-0.362169,21.918682,15.700682
Zn_num,M4_Core_IonExchange,HuberRegressor,LOG1P,20,-4.803975,11.352178,6.846224
Zn_num,M4_Core_IonExchange,HuberRegressor,LOG1P,21,-0.221487,20.204599,14.593022
Zn_num,M4_Core_IonExchange,HuberRegressor,LOG1P,22,-0.158768,25.026029,14.217315
Zn_num,M4_Core_IonExchange,HuberRegressor,LOG1P,23,-0.066803,28.749488,15.845381
Zn_num,M4_Core_IonExchange,HuberRegressor,LOG1P,24,-15.694226,16.876728,12.428594
Zn_num,M4_Core_IonExchange,HuberRegressor,LOG1P,25,-0.662264,37.543738,23.486553
Zn_num,M4_Core_IonExchange,HuberRegressor,RAW,1,-0.516285,13.114499,10.337183
Zn_num,M4_Core_IonExchange,HuberRegressor,RAW,2,-0.278263,34.063144,18.512592
Zn_num,M4_Core_IonExchange,HuberRegressor,RAW,3,-0.196641,17.457864,10.876742
Zn_num,M4_Core_IonExchange,HuberRegressor,RAW,4,-0.459491,40.125145,28.78812
Zn_num,M4_Core_IonExchange,HuberRegressor,RAW,5,-0.102043,5.014436,3.903727
Zn_num,M4_Core_IonExchange,HuberRegressor,RAW,6,-7.780098,12.811482,11.361143
Zn_num,M4_Core_IonExchange,HuberRegressor,RAW,7,-0.650193,45.897592,30.130419
Zn_num,M4_Core_IonExchange,HuberRegressor,RAW,8,-0.314689,25.556974,12.865674
Zn_num,M4_Core_IonExchange,HuberRegressor,RAW,9,-3.268347,22.712556,19.850626
Zn_num,M4_Core_IonExchange,HuberRegressor,RAW,10,-0.288566,17.801178,11.331288
Zn_num,M4_Core_IonExchange,HuberRegressor,RAW,11,-0.217595,17.104696,11.26577
Zn_num,M4_Core_IonExchange,HuberRegressor,RAW,12,-0.411727,27.455498,15.509036
Zn_num,M4_Core_IonExchange,HuberRegressor,RAW,13,-0.659214,45.189827,32.961625
Zn_num,M4_Core_IonExchange,HuberRegressor,RAW,14,-0.376067,14.620798,8.851919
Zn_num,M4_Core_IonExchange,HuberRegressor,RAW,15,-0.231616,9.565119,8.361436
Zn_num,M4_Core_IonExchange,HuberRegressor,RAW,16,-0.57591,35.670303,18.897523
Zn_num,M4_Core_IonExchange,HuberRegressor,RAW,17,-5.342059,12.607132,11.635928
Zn_num,M4_Core_IonExchange,HuberRegressor,RAW,18,-0.625684,37.865378,23.527361
Zn_num,M4_Core_IonExchange,HuberRegressor,RAW,19,-0.348711,21.810134,15.723111
Zn_num,M4_Core_IonExchange,HuberRegressor,RAW,20,-2.470977,8.778944,5.79346
Zn_num,M4_Core_IonExchange,HuberRegressor,RAW,21,-0.205713,20.07372,14.655474
Zn_num,M4_Core_IonExchange,HuberRegressor,RAW,22,-0.169667,25.143451,14.159041
Zn_num,M4_Core_IonExchange,HuberRegressor,RAW,23,-0.069199,28.781757,16.179203
Zn_num,M4_Core_IonExchange,HuberRegressor,RAW,24,-42.159759,27.135923,21.345469
Zn_num,M4_Core_IonExchange,HuberRegressor,RAW,25,-0.718247,38.170718,23.75983
Zn_num,M4_Core_IonExchange,SVR_RBF,LOG1P,1,-0.274249,12.022324,9.292897
Zn_num,M4_Core_IonExchange,SVR_RBF,LOG1P,2,-0.104172,31.658688,18.997751
Zn_num,M4_Core_IonExchange,SVR_RBF,LOG1P,3,-0.080361,16.587988,10.760842
Zn_num,M4_Core_IonExchange,SVR_RBF,LOG1P,4,-0.510982,40.826819,29.143381
Zn_num,M4_Core_IonExchange,SVR_RBF,LOG1P,5,-1.305737,7.253167,6.28055
Zn_num,M4_Core_IonExchange,SVR_RBF,LOG1P,6,-3.518397,9.190558,7.141802
Zn_num,M4_Core_IonExchange,SVR_RBF,LOG1P,7,-0.58829,45.028494,30.723989
Zn_num,M4_Core_IonExchange,SVR_RBF,LOG1P,8,-0.434948,26.700293,13.865023
Zn_num,M4_Core_IonExchange,SVR_RBF,LOG1P,9,-0.771105,14.630471,13.064087
Zn_num,M4_Core_IonExchange,SVR_RBF,LOG1P,10,-0.10757,16.503691,11.500526
Zn_num,M4_Core_IonExchange,SVR_RBF,LOG1P,11,-0.138459,16.53951,10.102529
Zn_num,M4_Core_IonExchange,SVR_RBF,LOG1P,12,-0.32807,26.629588,16.682653
Zn_num,M4_Core_IonExchange,SVR_RBF,LOG1P,13,-0.557055,43.776539,28.110698
Zn_num,M4_Core_IonExchange,SVR_RBF,LOG1P,14,-0.822294,16.825213,10.890044
Zn_num,M4_Core_IonExchange,SVR_RBF,LOG1P,15,-1.629359,13.97583,12.363572
Zn_num,M4_Core_IonExchange,SVR_RBF,LOG1P,16,-0.306807,32.482298,17.248813
Zn_num,M4_Core_IonExchange,SVR_RBF,LOG1P,17,-8.825368,15.691901,14.297109
Zn_num,M4_Core_IonExchange,SVR_RBF,LOG1P,18,-0.756992,39.364902,26.219046
Zn_num,M4_Core_IonExchange,SVR_RBF,LOG1P,19,-0.422928,22.402186,16.861558
Zn_num,M4_Core_IonExchange,SVR_RBF,LOG1P,20,-1.176972,6.952529,5.547337
Zn_num,M4_Core_IonExchange,SVR_RBF,LOG1P,21,-0.312255,20.941849,16.551743
Zn_num,M4_Core_IonExchange,SVR_RBF,LOG1P,22,-0.243626,25.926191,14.868566
Zn_num,M4_Core_IonExchange,SVR_RBF,LOG1P,23,-0.324527,32.034535,19.061336
Zn_num,M4_Core_IonExchange,SVR_RBF,LOG1P,24,-2.227687,7.420802,6.014552
Zn_num,M4_Core_IonExchange,SVR_RBF,LOG1P,25,-0.457187,35.151596,22.571467
Zn_num,M4_Core_IonExchange,SVR_RBF,RAW,1,-0.249121,11.903192,8.711985
Zn_num,M4_Core_IonExchange,SVR_RBF,RAW,2,-0.068457,31.142478,17.10865
Zn_num,M4_Core_IonExchange,SVR_RBF,RAW,3,-0.092213,16.678731,10.385165
Zn_num,M4_Core_IonExchange,SVR_RBF,RAW,4,-0.44882,39.978187,28.073645
Zn_num,M4_Core_IonExchange,SVR_RBF,RAW,5,-0.546128,5.939442,5.393511
Zn_num,M4_Core_IonExchange,SVR_RBF,RAW,6,-3.794706,9.467399,8.154424
Zn_num,M4_Core_IonExchange,SVR_RBF,RAW,7,-0.556739,44.57901,30.020269
Zn_num,M4_Core_IonExchange,SVR_RBF,RAW,8,-0.246828,24.888643,12.76858
Zn_num,M4_Core_IonExchange,SVR_RBF,RAW,9,-0.45969,13.282094,11.096588
Zn_num,M4_Core_IonExchange,SVR_RBF,RAW,10,-0.107815,16.505517,9.898222
Zn_num,M4_Core_IonExchange,SVR_RBF,RAW,11,-0.195047,16.945582,9.950796
Zn_num,M4_Core_IonExchange,SVR_RBF,RAW,12,-0.115036,24.40048,13.63577
Zn_num,M4_Core_IonExchange,SVR_RBF,RAW,13,-0.49541,42.901219,27.393937
Zn_num,M4_Core_IonExchange,SVR_RBF,RAW,14,-0.413484,14.818244,9.778587
Zn_num,M4_Core_IonExchange,SVR_RBF,RAW,15,-0.215227,9.501265,8.46549
Zn_num,M4_Core_IonExchange,SVR_RBF,RAW,16,-0.290414,32.277925,16.79904
Zn_num,M4_Core_IonExchange,SVR_RBF,RAW,17,-4.517189,11.75872,10.930852
Zn_num,M4_Core_IonExchange,SVR_RBF,RAW,18,-0.697634,38.694237,24.294861
Zn_num,M4_Core_IonExchange,SVR_RBF,RAW,19,-0.280563,21.251985,14.584758
Zn_num,M4_Core_IonExchange,SVR_RBF,RAW,20,-0.107053,4.957932,4.328211
Zn_num,M4_Core_IonExchange,SVR_RBF,RAW,21,-0.115531,19.308415,14.124766
Zn_num,M4_Core_IonExchange,SVR_RBF,RAW,22,-0.117251,24.573621,13.455615
Zn_num,M4_Core_IonExchange,SVR_RBF,RAW,23,-0.094038,29.114157,15.738316
Zn_num,M4_Core_IonExchange,SVR_RBF,RAW,24,-0.776668,5.505645,4.360471
Zn_num,M4_Core_IonExchange,SVR_RBF,RAW,25,-0.382908,34.243969,20.606194
Zn_num,M5_Core_DepthInteractions,Ridge,LOG1P,1,-0.952057,14.880157,12.318637
Zn_num,M5_Core_DepthInteractions,Ridge,LOG1P,2,-0.092508,31.491028,18.033799
Zn_num,M5_Core_DepthInteractions,Ridge,LOG1P,3,-0.400736,18.88806,14.197324
Zn_num,M5_Core_DepthInteractions,Ridge,LOG1P,4,-0.573692,41.665419,32.72881
Zn_num,M5_Core_DepthInteractions,Ridge,LOG1P,5,-0.779085,6.371199,4.428502
Zn_num,M5_Core_DepthInteractions,Ridge,LOG1P,6,-10.320356,14.547211,12.346537
Zn_num,M5_Core_DepthInteractions,Ridge,LOG1P,7,-0.584697,44.977539,32.752294
Zn_num,M5_Core_DepthInteractions,Ridge,LOG1P,8,-0.196698,24.383172,12.853715
Zn_num,M5_Core_DepthInteractions,Ridge,LOG1P,9,-3.856757,24.227542,19.181868
Zn_num,M5_Core_DepthInteractions,Ridge,LOG1P,10,-0.14287,16.764629,9.509101
Zn_num,M5_Core_DepthInteractions,Ridge,LOG1P,11,-0.278738,17.528901,12.061464
Zn_num,M5_Core_DepthInteractions,Ridge,LOG1P,12,-0.246116,25.794861,15.854985
Zn_num,M5_Core_DepthInteractions,Ridge,LOG1P,13,-0.666618,45.290529,32.094402
Zn_num,M5_Core_DepthInteractions,Ridge,LOG1P,14,-0.398393,14.738932,9.586508
Zn_num,M5_Core_DepthInteractions,Ridge,LOG1P,15,-1.117967,12.543312,11.518465
Zn_num,M5_Core_DepthInteractions,Ridge,LOG1P,16,-0.428424,33.960152,19.535718
Zn_num,M5_Core_DepthInteractions,Ridge,LOG1P,17,-10.283527,16.816034,15.924138
Zn_num,M5_Core_DepthInteractions,Ridge,LOG1P,18,-0.628034,37.892742,24.743651
Zn_num,M5_Core_DepthInteractions,Ridge,LOG1P,19,-0.402293,22.239162,17.353493
Zn_num,M5_Core_DepthInteractions,Ridge,LOG1P,20,-2.686243,9.047079,6.251326
Zn_num,M5_Core_DepthInteractions,Ridge,LOG1P,21,-0.123135,19.374111,14.601078
Zn_num,M5_Core_DepthInteractions,Ridge,LOG1P,22,-0.060508,23.941463,13.451283
Zn_num,M5_Core_DepthInteractions,Ridge,LOG1P,23,-0.097067,29.154426,16.610512
Zn_num,M5_Core_DepthInteractions,Ridge,LOG1P,24,-6.494649,11.307869,8.595701
Zn_num,M5_Core_DepthInteractions,Ridge,LOG1P,25,-0.418302,34.679415,22.241542
Zn_num,M5_Core_DepthInteractions,Ridge,RAW,1,-3.156289,21.712714,20.063858
Zn_num,M5_Core_DepthInteractions,Ridge,RAW,2,-0.00051,30.135982,20.15634
Zn_num,M5_Core_DepthInteractions,Ridge,RAW,3,-1.430721,24.881513,20.252032
Zn_num,M5_Core_DepthInteractions,Ridge,RAW,4,-0.70818,43.409291,37.902852
Zn_num,M5_Core_DepthInteractions,Ridge,RAW,5,-2.35577,8.75022,5.496435
Zn_num,M5_Core_DepthInteractions,Ridge,RAW,6,-33.882997,25.536219,21.834786
Zn_num,M5_Core_DepthInteractions,Ridge,RAW,7,-0.428221,42.699248,32.599
Zn_num,M5_Core_DepthInteractions,Ridge,RAW,8,-0.058141,22.928186,14.572119
Zn_num,M5_Core_DepthInteractions,Ridge,RAW,9,-4.192493,25.050946,19.569713
Zn_num,M5_Core_DepthInteractions,Ridge,RAW,10,0.038575,15.376345,11.619923
Zn_num,M5_Core_DepthInteractions,Ridge,RAW,11,-0.289462,17.602254,14.41978
Zn_num,M5_Core_DepthInteractions,Ridge,RAW,12,-0.237006,25.7004,19.366823
Zn_num,M5_Core_DepthInteractions,Ridge,RAW,13,-0.528051,43.366898,33.767841
Zn_num,M5_Core_DepthInteractions,Ridge,RAW,14,-0.612352,15.826369,10.79913
Zn_num,M5_Core_DepthInteractions,Ridge,RAW,15,-4.349946,19.93551,18.919302
Zn_num,M5_Core_DepthInteractions,Ridge,RAW,16,-0.363827,33.183385,21.92117
Zn_num,M5_Core_DepthInteractions,Ridge,RAW,17,-22.839295,24.442625,23.565708
Zn_num,M5_Core_DepthInteractions,Ridge,RAW,18,-0.386626,34.970668,24.131835
Zn_num,M5_Core_DepthInteractions,Ridge,RAW,19,-0.314801,21.534212,18.018601
Zn_num,M5_Core_DepthInteractions,Ridge,RAW,20,-16.531677,19.730048,12.337262
Zn_num,M5_Core_DepthInteractions,Ridge,RAW,21,-0.153991,19.638447,16.782131
Zn_num,M5_Core_DepthInteractions,Ridge,RAW,22,-0.051837,23.843392,18.485231
Zn_num,M5_Core_DepthInteractions,Ridge,RAW,23,-0.103438,29.238955,18.775697
Zn_num,M5_Core_DepthInteractions,Ridge,RAW,24,-29.682359,22.879655,17.444157
Zn_num,M5_Core_DepthInteractions,Ridge,RAW,25,-0.168135,31.472699,20.706929
Zn_num,M5_Core_DepthInteractions,Lasso,LOG1P,1,-0.234028,11.831063,9.255376
Zn_num,M5_Core_DepthInteractions,Lasso,LOG1P,2,-0.020216,30.431313,17.797322
Zn_num,M5_Core_DepthInteractions,Lasso,LOG1P,3,-0.076048,16.554844,11.129668
Zn_num,M5_Core_DepthInteractions,Lasso,LOG1P,4,-0.446069,39.940211,29.453804
Zn_num,M5_Core_DepthInteractions,Lasso,LOG1P,5,-0.101944,5.014212,3.566889
Zn_num,M5_Core_DepthInteractions,Lasso,LOG1P,6,-4.701767,10.324153,9.375194
Zn_num,M5_Core_DepthInteractions,Lasso,LOG1P,7,-0.497156,43.717581,29.884624
Zn_num,M5_Core_DepthInteractions,Lasso,LOG1P,8,-0.103848,23.418151,12.035101
Zn_num,M5_Core_DepthInteractions,Lasso,LOG1P,9,-0.595364,13.885647,11.590821
Zn_num,M5_Core_DepthInteractions,Lasso,LOG1P,10,-0.056806,16.121043,9.792588
Zn_num,M5_Core_DepthInteractions,Lasso,LOG1P,11,-0.09,16.18368,9.907092
Zn_num,M5_Core_DepthInteractions,Lasso,LOG1P,12,-0.041653,23.583895,13.93803
Zn_num,M5_Core_DepthInteractions,Lasso,LOG1P,13,-0.509193,43.09847,28.488615
Zn_num,M5_Core_DepthInteractions,Lasso,LOG1P,14,-0.132453,13.263599,8.137368
Zn_num,M5_Core_DepthInteractions,Lasso,LOG1P,15,-0.63788,11.030463,9.807302
Zn_num,M5_Core_DepthInteractions,Lasso,LOG1P,16,-0.267816,31.994045,16.752154
Zn_num,M5_Core_DepthInteractions,Lasso,LOG1P,17,-7.24079,14.370953,13.42682
Zn_num,M5_Core_DepthInteractions,Lasso,LOG1P,18,-0.603341,37.604272,23.456572
Zn_num,M5_Core_DepthInteractions,Lasso,LOG1P,19,-0.185267,20.44594,14.437054
Zn_num,M5_Core_DepthInteractions,Lasso,LOG1P,20,-0.106496,4.956686,4.544444
Zn_num,M5_Core_DepthInteractions,Lasso,LOG1P,21,-0.07566,18.960218,14.383684
Zn_num,M5_Core_DepthInteractions,Lasso,LOG1P,22,-0.033822,23.638324,13.715734
Zn_num,M5_Core_DepthInteractions,Lasso,LOG1P,23,-0.049393,28.51393,16.014221
Zn_num,M5_Core_DepthInteractions,Lasso,LOG1P,24,-0.080892,4.294339,3.73733
Zn_num,M5_Core_DepthInteractions,Lasso,LOG1P,25,-0.308828,33.314154,20.230155
Zn_num,M5_Core_DepthInteractions,Lasso,RAW,1,-3.320338,22.137067,20.358739
Zn_num,M5_Core_DepthInteractions,Lasso,RAW,2,-0.002418,30.164705,20.164692
Zn_num,M5_Core_DepthInteractions,Lasso,RAW,3,-1.518014,25.324353,20.4708
Zn_num,M5_Core_DepthInteractions,Lasso,RAW,4,-0.71779,43.531225,38.0402
Zn_num,M5_Core_DepthInteractions,Lasso,RAW,5,-2.448745,8.870608,5.49909
Zn_num,M5_Core_DepthInteractions,Lasso,RAW,6,-35.3919,26.082671,22.091268
Zn_num,M5_Core_DepthInteractions,Lasso,RAW,7,-0.441885,42.903027,32.618333
Zn_num,M5_Core_DepthInteractions,Lasso,RAW,8,-0.063123,22.982101,14.644533
Zn_num,M5_Core_DepthInteractions,Lasso,RAW,9,-6.343191,29.790554,22.751519
Zn_num,M5_Core_DepthInteractions,Lasso,RAW,10,0.040217,15.363212,11.601448
Zn_num,M5_Core_DepthInteractions,Lasso,RAW,11,-0.27764,17.521375,14.338996
Zn_num,M5_Core_DepthInteractions,Lasso,RAW,12,-0.254298,25.879409,19.491797
Zn_num,M5_Core_DepthInteractions,Lasso,RAW,13,-0.534214,43.454264,33.930302
Zn_num,M5_Core_DepthInteractions,Lasso,RAW,14,-0.633434,15.9295,10.8648
Zn_num,M5_Core_DepthInteractions,Lasso,RAW,15,-4.51297,20.236969,19.14408
Zn_num,M5_Core_DepthInteractions,Lasso,RAW,16,-0.385111,33.441317,22.25288
Zn_num,M5_Core_DepthInteractions,Lasso,RAW,17,-23.275182,24.665072,23.760104
Zn_num,M5_Core_DepthInteractions,Lasso,RAW,18,-0.385757,34.959705,24.07423
Zn_num,M5_Core_DepthInteractions,Lasso,RAW,19,-0.446889,22.590016,19.021088
Zn_num,M5_Core_DepthInteractions,Lasso,RAW,20,-17.621997,20.334315,12.724803
Zn_num,M5_Core_DepthInteractions,Lasso,RAW,21,-0.157876,19.671476,16.775693
Zn_num,M5_Core_DepthInteractions,Lasso,RAW,22,-0.055619,23.886218,18.604971
Zn_num,M5_Core_DepthInteractions,Lasso,RAW,23,-0.105558,29.267034,18.788143
Zn_num,M5_Core_DepthInteractions,Lasso,RAW,24,-32.131346,23.775225,18.044046
Zn_num,M5_Core_DepthInteractions,Lasso,RAW,25,-0.161769,31.38683,20.675465
Zn_num,M5_Core_DepthInteractions,HuberRegressor,LOG1P,1,-0.965156,14.929999,12.623722
Zn_num,M5_Core_DepthInteractions,HuberRegressor,LOG1P,2,-0.162145,32.479154,18.602801
Zn_num,M5_Core_DepthInteractions,HuberRegressor,LOG1P,3,-0.934264,22.195612,17.839414
Zn_num,M5_Core_DepthInteractions,HuberRegressor,LOG1P,4,-0.733407,43.728663,34.557978
Zn_num,M5_Core_DepthInteractions,HuberRegressor,LOG1P,5,-1.935498,8.183965,6.302911
Zn_num,M5_Core_DepthInteractions,HuberRegressor,LOG1P,6,-15.502276,17.563927,13.229063
Zn_num,M5_Core_DepthInteractions,HuberRegressor,LOG1P,7,-0.668458,46.150905,32.755091
Zn_num,M5_Core_DepthInteractions,HuberRegressor,LOG1P,8,-0.303917,25.452059,12.920178
Zn_num,M5_Core_DepthInteractions,HuberRegressor,LOG1P,9,-5.773459,28.611551,22.348167
Zn_num,M5_Core_DepthInteractions,HuberRegressor,LOG1P,10,-0.251409,17.542649,10.793536
Zn_num,M5_Core_DepthInteractions,HuberRegressor,LOG1P,11,-0.577897,19.471678,12.735635
Zn_num,M5_Core_DepthInteractions,HuberRegressor,LOG1P,12,-0.387509,27.218981,15.544479
Zn_num,M5_Core_DepthInteractions,HuberRegressor,LOG1P,13,-0.838169,47.56441,36.822678
Zn_num,M5_Core_DepthInteractions,HuberRegressor,LOG1P,14,-0.513461,15.333349,9.842145
Zn_num,M5_Core_DepthInteractions,HuberRegressor,LOG1P,15,-0.326033,9.924983,9.341881
Zn_num,M5_Core_DepthInteractions,HuberRegressor,LOG1P,16,-0.490328,34.688222,20.839396
Zn_num,M5_Core_DepthInteractions,HuberRegressor,LOG1P,17,-5.512063,12.774986,11.883383
Zn_num,M5_Core_DepthInteractions,HuberRegressor,LOG1P,18,-0.69267,38.637626,23.24523
Zn_num,M5_Core_DepthInteractions,HuberRegressor,LOG1P,19,-0.440517,22.540223,16.553421
Zn_num,M5_Core_DepthInteractions,HuberRegressor,LOG1P,20,-9.181901,15.035949,9.886313
Zn_num,M5_Core_DepthInteractions,HuberRegressor,LOG1P,21,-0.14893,19.595332,14.341184
Zn_num,M5_Core_DepthInteractions,HuberRegressor,LOG1P,22,-0.224546,25.726533,13.767883
Zn_num,M5_Core_DepthInteractions,HuberRegressor,LOG1P,23,-0.11673,29.414534,16.226439
Zn_num,M5_Core_DepthInteractions,HuberRegressor,LOG1P,24,-15.380595,16.717446,11.810963
Zn_num,M5_Core_DepthInteractions,HuberRegressor,LOG1P,25,-0.46406,35.234404,21.886277
Zn_num,M5_Core_DepthInteractions,HuberRegressor,RAW,1,-1.901745,18.142239,15.476767
Zn_num,M5_Core_DepthInteractions,HuberRegressor,RAW,2,-0.159783,32.44614,18.619677
Zn_num,M5_Core_DepthInteractions,HuberRegressor,RAW,3,-1.766477,26.544392,21.81127
Zn_num,M5_Core_DepthInteractions,HuberRegressor,RAW,4,-0.556042,41.431107,30.375636
Zn_num,M5_Core_DepthInteractions,HuberRegressor,RAW,5,-1.278419,7.210073,5.733288
Zn_num,M5_Core_DepthInteractions,HuberRegressor,RAW,6,-7.948235,12.933569,10.901908
Zn_num,M5_Core_DepthInteractions,HuberRegressor,RAW,7,-0.650934,45.907901,32.284243
Zn_num,M5_Core_DepthInteractions,HuberRegressor,RAW,8,-0.32972,25.702654,12.970861
Zn_num,M5_Core_DepthInteractions,HuberRegressor,RAW,9,-2.597848,20.852473,18.393188
Zn_num,M5_Core_DepthInteractions,HuberRegressor,RAW,10,-0.227753,17.376048,10.511356
Zn_num,M5_Core_DepthInteractions,HuberRegressor,RAW,11,-0.374826,18.175564,11.537123
Zn_num,M5_Core_DepthInteractions,HuberRegressor,RAW,12,-0.424191,27.57644,15.587535
Zn_num,M5_Core_DepthInteractions,HuberRegressor,RAW,13,-0.606444,44.465395,32.688304
Zn_num,M5_Core_DepthInteractions,HuberRegressor,RAW,14,-0.472121,15.122485,9.466521
Zn_num,M5_Core_DepthInteractions,HuberRegressor,RAW,15,-0.36599,10.073408,9.321482
Zn_num,M5_Core_DepthInteractions,HuberRegressor,RAW,16,-0.464046,34.380991,18.882602
Zn_num,M5_Core_DepthInteractions,HuberRegressor,RAW,17,-5.754712,13.010817,12.01265
Zn_num,M5_Core_DepthInteractions,HuberRegressor,RAW,18,-0.664918,38.319572,22.938511
Zn_num,M5_Core_DepthInteractions,HuberRegressor,RAW,19,-0.43568,22.502343,16.507088
Zn_num,M5_Core_DepthInteractions,HuberRegressor,RAW,20,-16.284028,19.590201,13.157326
Zn_num,M5_Core_DepthInteractions,HuberRegressor,RAW,21,-0.137455,19.497232,14.32661
Zn_num,M5_Core_DepthInteractions,HuberRegressor,RAW,22,-0.235835,25.844848,13.926248
Zn_num,M5_Core_DepthInteractions,HuberRegressor,RAW,23,-0.094638,29.122141,16.111753
Zn_num,M5_Core_DepthInteractions,HuberRegressor,RAW,24,-31.026471,23.375432,17.015626
Zn_num,M5_Core_DepthInteractions,HuberRegressor,RAW,25,-0.472782,35.339198,21.659614
Zn_num,M5_Core_DepthInteractions,SVR_RBF,LOG1P,1,-0.323714,12.253448,9.282763
Zn_num,M5_Core_DepthInteractions,SVR_RBF,LOG1P,2,-0.070178,31.167542,18.996271
Zn_num,M5_Core_DepthInteractions,SVR_RBF,LOG1P,3,0.028906,15.726783,10.331691
Zn_num,M5_Core_DepthInteractions,SVR_RBF,LOG1P,4,-0.543849,41.26846,29.01939
Zn_num,M5_Core_DepthInteractions,SVR_RBF,LOG1P,5,-1.911946,8.151068,6.631911
Zn_num,M5_Core_DepthInteractions,SVR_RBF,LOG1P,6,-3.791599,9.464331,7.179974
Zn_num,M5_Core_DepthInteractions,SVR_RBF,LOG1P,7,-0.505446,43.838452,30.179096
Zn_num,M5_Core_DepthInteractions,SVR_RBF,LOG1P,8,-0.47267,27.048966,14.489011
Zn_num,M5_Core_DepthInteractions,SVR_RBF,LOG1P,9,-0.778223,14.659843,13.212611
Zn_num,M5_Core_DepthInteractions,SVR_RBF,LOG1P,10,-0.072825,16.242762,11.426324
Zn_num,M5_Core_DepthInteractions,SVR_RBF,LOG1P,11,0.021117,15.336612,9.495526
Zn_num,M5_Core_DepthInteractions,SVR_RBF,LOG1P,12,-0.354363,26.891907,15.734284
Zn_num,M5_Core_DepthInteractions,SVR_RBF,LOG1P,13,-0.466593,42.485843,27.859109
Zn_num,M5_Core_DepthInteractions,SVR_RBF,LOG1P,14,-0.860841,17.002233,10.777385
Zn_num,M5_Core_DepthInteractions,SVR_RBF,LOG1P,15,-1.196718,12.77438,11.226275
Zn_num,M5_Core_DepthInteractions,SVR_RBF,LOG1P,16,-0.166091,30.683668,16.184367
Zn_num,M5_Core_DepthInteractions,SVR_RBF,LOG1P,17,-9.996223,16.600567,15.214742
Zn_num,M5_Core_DepthInteractions,SVR_RBF,LOG1P,18,-0.773539,39.549828,26.094337
Zn_num,M5_Core_DepthInteractions,SVR_RBF,LOG1P,19,-0.339372,21.734492,16.036076
Zn_num,M5_Core_DepthInteractions,SVR_RBF,LOG1P,20,-0.868328,6.440846,5.173821
Zn_num,M5_Core_DepthInteractions,SVR_RBF,LOG1P,21,-0.116828,19.319638,14.384259
Zn_num,M5_Core_DepthInteractions,SVR_RBF,LOG1P,22,-0.283459,26.338115,14.830909
Zn_num,M5_Core_DepthInteractions,SVR_RBF,LOG1P,23,-0.223835,30.792813,17.238161
Zn_num,M5_Core_DepthInteractions,SVR_RBF,LOG1P,24,-2.17664,7.361886,5.804626
Zn_num,M5_Core_DepthInteractions,SVR_RBF,LOG1P,25,-0.389812,34.329349,22.035203
Zn_num,M5_Core_DepthInteractions,SVR_RBF,RAW,1,-0.275541,12.028418,8.822116
Zn_num,M5_Core_DepthInteractions,SVR_RBF,RAW,2,-0.052856,30.914275,17.201584
Zn_num,M5_Core_DepthInteractions,SVR_RBF,RAW,3,-0.082388,16.603543,10.485715
Zn_num,M5_Core_DepthInteractions,SVR_RBF,RAW,4,-0.44455,39.919228,28.137765
Zn_num,M5_Core_DepthInteractions,SVR_RBF,RAW,5,-0.54121,5.929988,5.331533
Zn_num,M5_Core_DepthInteractions,SVR_RBF,RAW,6,-3.732411,9.405696,8.049574
Zn_num,M5_Core_DepthInteractions,SVR_RBF,RAW,7,-0.536081,44.282239,29.956093
Zn_num,M5_Core_DepthInteractions,SVR_RBF,RAW,8,-0.258089,25.000786,13.033523
Zn_num,M5_Core_DepthInteractions,SVR_RBF,RAW,9,-0.444225,13.211543,11.060586
Zn_num,M5_Core_DepthInteractions,SVR_RBF,RAW,10,-0.107264,16.50141,9.954019
Zn_num,M5_Core_DepthInteractions,SVR_RBF,RAW,11,-0.177317,16.819409,9.963927
Zn_num,M5_Core_DepthInteractions,SVR_RBF,RAW,12,-0.108053,24.323956,13.714154
Zn_num,M5_Core_DepthInteractions,SVR_RBF,RAW,13,-0.491589,42.846364,27.405431
Zn_num,M5_Core_DepthInteractions,SVR_RBF,RAW,14,-0.421519,14.860306,9.923507
Zn_num,M5_Core_DepthInteractions,SVR_RBF,RAW,15,-0.237513,9.587988,8.526743
Zn_num,M5_Core_DepthInteractions,SVR_RBF,RAW,16,-0.252698,31.802725,16.633341
Zn_num,M5_Core_DepthInteractions,SVR_RBF,RAW,17,-4.551853,11.795602,10.928292
Zn_num,M5_Core_DepthInteractions,SVR_RBF,RAW,18,-0.697396,38.691529,24.380275
Zn_num,M5_Core_DepthInteractions,SVR_RBF,RAW,19,-0.25958,21.077152,14.636364
Zn_num,M5_Core_DepthInteractions,SVR_RBF,RAW,20,-0.183813,5.126936,4.460138
Zn_num,M5_Core_DepthInteractions,SVR_RBF,RAW,21,-0.101767,19.188927,14.11043
Zn_num,M5_Core_DepthInteractions,SVR_RBF,RAW,22,-0.103176,24.418346,13.521669
Zn_num,M5_Core_DepthInteractions,SVR_RBF,RAW,23,-0.093199,29.102992,15.860212
Zn_num,M5_Core_DepthInteractions,SVR_RBF,RAW,24,-0.721252,5.419102,4.369085
Zn_num,M5_Core_DepthInteractions,SVR_RBF,RAW,25,-0.356865,33.919994,20.637425
Zn_num,M7_Stage5_AdvancedRatios,Ridge,LOG1P,1,-0.674694,13.782529,12.89219
Zn_num,M7_Stage5_AdvancedRatios,Ridge,LOG1P,2,0.694119,16.662908,11.565935
Zn_num,M7_Stage5_AdvancedRatios,Ridge,LOG1P,3,-0.223624,17.6536,11.024311
Zn_num,M7_Stage5_AdvancedRatios,Ridge,LOG1P,4,-0.516304,40.898657,29.200883
Zn_num,M7_Stage5_AdvancedRatios,Ridge,LOG1P,5,-1.118493,6.952426,5.75481
Zn_num,M7_Stage5_AdvancedRatios,Ridge,LOG1P,6,-6.464001,11.812329,10.463706
Zn_num,M7_Stage5_AdvancedRatios,Ridge,LOG1P,7,-2.646381,68.226576,43.328471
Zn_num,M7_Stage5_AdvancedRatios,Ridge,LOG1P,8,-0.360285,25.996382,13.682106
Zn_num,M7_Stage5_AdvancedRatios,Ridge,LOG1P,9,-4.544369,25.885837,18.811146
Zn_num,M7_Stage5_AdvancedRatios,Ridge,LOG1P,10,-0.361946,18.301023,11.324022
Zn_num,M7_Stage5_AdvancedRatios,Ridge,LOG1P,11,-0.408284,18.395392,11.58777
Zn_num,M7_Stage5_AdvancedRatios,Ridge,LOG1P,12,-0.377349,27.119147,15.730928
Zn_num,M7_Stage5_AdvancedRatios,Ridge,LOG1P,13,-0.035194,35.694419,25.379848
Zn_num,M7_Stage5_AdvancedRatios,Ridge,LOG1P,14,-0.210038,13.710422,9.397291
Zn_num,M7_Stage5_AdvancedRatios,Ridge,LOG1P,15,-0.857911,11.748031,10.280456
Zn_num,M7_Stage5_AdvancedRatios,Ridge,LOG1P,16,0.26083,24.429428,14.554041
Zn_num,M7_Stage5_AdvancedRatios,Ridge,LOG1P,17,-8.692442,15.585392,14.468819
Zn_num,M7_Stage5_AdvancedRatios,Ridge,LOG1P,18,-0.625919,37.868117,25.440194
Zn_num,M7_Stage5_AdvancedRatios,Ridge,LOG1P,19,-0.656041,24.167654,18.689415
Zn_num,M7_Stage5_AdvancedRatios,Ridge,LOG1P,20,-0.944493,6.57082,5.686222
Zn_num,M7_Stage5_AdvancedRatios,Ridge,LOG1P,21,-0.152306,19.624101,14.664064
Zn_num,M7_Stage5_AdvancedRatios,Ridge,LOG1P,22,-0.18376,25.294474,17.199483
Zn_num,M7_Stage5_AdvancedRatios,Ridge,LOG1P,23,-0.118515,29.438035,17.774676
Zn_num,M7_Stage5_AdvancedRatios,Ridge,LOG1P,24,-1.260142,6.209734,5.185753
Zn_num,M7_Stage5_AdvancedRatios,Ridge,LOG1P,25,0.687628,16.275093,12.899168
Zn_num,M7_Stage5_AdvancedRatios,Ridge,RAW,1,-1.81856,17.880303,16.759521
Zn_num,M7_Stage5_AdvancedRatios,Ridge,RAW,2,0.543465,20.356891,14.835681
Zn_num,M7_Stage5_AdvancedRatios,Ridge,RAW,3,-0.78633,21.329964,17.800666
Zn_num,M7_Stage5_AdvancedRatios,Ridge,RAW,4,-0.536247,41.166739,31.598379
Zn_num,M7_Stage5_AdvancedRatios,Ridge,RAW,5,-5.272718,11.963294,10.116249
Zn_num,M7_Stage5_AdvancedRatios,Ridge,RAW,6,-18.438184,19.062398,16.647121
Zn_num,M7_Stage5_AdvancedRatios,Ridge,RAW,7,0.199072,31.975641,23.079623
Zn_num,M7_Stage5_AdvancedRatios,Ridge,RAW,8,-0.306001,25.472385,16.328551
Zn_num,M7_Stage5_AdvancedRatios,Ridge,RAW,9,-2.079174,19.290936,15.252648
Zn_num,M7_Stage5_AdvancedRatios,Ridge,RAW,10,-0.38418,18.449808,13.157118
Zn_num,M7_Stage5_AdvancedRatios,Ridge,RAW,11,-0.9353,21.564437,16.94127
Zn_num,M7_Stage5_AdvancedRatios,Ridge,RAW,12,-0.439876,27.727872,19.925831
Zn_num,M7_Stage5_AdvancedRatios,Ridge,RAW,13,-0.216544,38.694871,30.632198
Zn_num,M7_Stage5_AdvancedRatios,Ridge,RAW,14,-0.259572,13.988232,11.880585
Zn_num,M7_Stage5_AdvancedRatios,Ridge,RAW,15,-2.585476,16.320222,15.123056
Zn_num,M7_Stage5_AdvancedRatios,Ridge,RAW,16,0.252245,24.570881,16.224991
Zn_num,M7_Stage5_AdvancedRatios,Ridge,RAW,17,-16.38416,20.872669,19.560844
Zn_num,M7_Stage5_AdvancedRatios,Ridge,RAW,18,-0.443178,35.676659,25.391868
Zn_num,M7_Stage5_AdvancedRatios,Ridge,RAW,19,-0.442484,22.555605,18.403573
Zn_num,M7_Stage5_AdvancedRatios,Ridge,RAW,20,-6.146573,12.596948,10.018645
Zn_num,M7_Stage5_AdvancedRatios,Ridge,RAW,21,-0.181945,19.874879,16.428745
Zn_num,M7_Stage5_AdvancedRatios,Ridge,RAW,22,-0.135966,24.778582,20.063375
Zn_num,M7_Stage5_AdvancedRatios,Ridge,RAW,23,-0.066092,28.739908,17.66127
Zn_num,M7_Stage5_AdvancedRatios,Ridge,RAW,24,-9.168662,13.171553,10.476832
Zn_num,M7_Stage5_AdvancedRatios,Ridge,RAW,25,0.549567,19.543511,14.703255
Zn_num,M7_Stage5_AdvancedRatios,Lasso,LOG1P,1,-0.211412,11.722149,9.551882
Zn_num,M7_Stage5_AdvancedRatios,Lasso,LOG1P,2,-0.048494,30.850171,18.026493
Zn_num,M7_Stage5_AdvancedRatios,Lasso,LOG1P,3,-0.059658,16.428284,10.488265
Zn_num,M7_Stage5_AdvancedRatios,Lasso,LOG1P,4,-0.458587,40.112709,29.207493
Zn_num,M7_Stage5_AdvancedRatios,Lasso,LOG1P,5,0.025469,4.715423,3.350957
Zn_num,M7_Stage5_AdvancedRatios,Lasso,LOG1P,6,-4.258704,9.914917,8.763757
Zn_num,M7_Stage5_AdvancedRatios,Lasso,LOG1P,7,-0.497156,43.717581,29.884624
Zn_num,M7_Stage5_AdvancedRatios,Lasso,LOG1P,8,-0.144906,23.849697,11.942423
Zn_num,M7_Stage5_AdvancedRatios,Lasso,LOG1P,9,-0.537712,13.632443,11.791773
Zn_num,M7_Stage5_AdvancedRatios,Lasso,LOG1P,10,-0.047736,16.051713,9.661419
Zn_num,M7_Stage5_AdvancedRatios,Lasso,LOG1P,11,-0.119488,16.401131,10.155368
Zn_num,M7_Stage5_AdvancedRatios,Lasso,LOG1P,12,-0.098308,24.216759,13.886431
Zn_num,M7_Stage5_AdvancedRatios,Lasso,LOG1P,13,-0.505716,43.048792,28.443063
Zn_num,M7_Stage5_AdvancedRatios,Lasso,LOG1P,14,-0.239778,13.877887,8.621044
Zn_num,M7_Stage5_AdvancedRatios,Lasso,LOG1P,15,-0.741102,11.372732,10.379647
Zn_num,M7_Stage5_AdvancedRatios,Lasso,LOG1P,16,-0.283127,32.186655,16.288323
Zn_num,M7_Stage5_AdvancedRatios,Lasso,LOG1P,17,-6.656813,13.852404,12.909591
Zn_num,M7_Stage5_AdvancedRatios,Lasso,LOG1P,18,-0.69152,38.624495,24.318132
Zn_num,M7_Stage5_AdvancedRatios,Lasso,LOG1P,19,-0.286212,21.298802,15.529472
Zn_num,M7_Stage5_AdvancedRatios,Lasso,LOG1P,20,0.047228,4.599502,4.257881
Zn_num,M7_Stage5_AdvancedRatios,Lasso,LOG1P,21,-0.049232,18.725856,14.192206
Zn_num,M7_Stage5_AdvancedRatios,Lasso,LOG1P,22,-0.067492,24.020174,13.749313
Zn_num,M7_Stage5_AdvancedRatios,Lasso,LOG1P,23,-0.086141,29.008892,16.081914
Zn_num,M7_Stage5_AdvancedRatios,Lasso,LOG1P,24,-0.278233,4.669928,3.914373
Zn_num,M7_Stage5_AdvancedRatios,Lasso,LOG1P,25,-0.307698,33.299766,20.28114
Zn_num,M7_Stage5_AdvancedRatios,Lasso,RAW,1,-1.867683,18.035441,16.834376
Zn_num,M7_Stage5_AdvancedRatios,Lasso,RAW,2,0.235346,26.345538,17.914666
Zn_num,M7_Stage5_AdvancedRatios,Lasso,RAW,3,-0.919204,22.109034,18.448467
Zn_num,M7_Stage5_AdvancedRatios,Lasso,RAW,4,-0.5197,40.944429,31.046596
Zn_num,M7_Stage5_AdvancedRatios,Lasso,RAW,5,-7.028196,13.534176,11.695338
Zn_num,M7_Stage5_AdvancedRatios,Lasso,RAW,6,-17.869644,18.781555,16.161489
Zn_num,M7_Stage5_AdvancedRatios,Lasso,RAW,7,-0.054146,36.683679,29.911863
Zn_num,M7_Stage5_AdvancedRatios,Lasso,RAW,8,-0.452054,26.858967,17.023178
Zn_num,M7_Stage5_AdvancedRatios,Lasso,RAW,9,-2.180759,19.606565,15.480937
Zn_num,M7_Stage5_AdvancedRatios,Lasso,RAW,10,-0.55448,19.551856,14.577202
Zn_num,M7_Stage5_AdvancedRatios,Lasso,RAW,11,-1.476757,24.395271,19.43779
Zn_num,M7_Stage5_AdvancedRatios,Lasso,RAW,12,-0.66608,29.826481,21.143323
Zn_num,M7_Stage5_AdvancedRatios,Lasso,RAW,13,-0.233294,38.960333,30.890829
Zn_num,M7_Stage5_AdvancedRatios,Lasso,RAW,14,-0.303485,14.22998,12.330782
Zn_num,M7_Stage5_AdvancedRatios,Lasso,RAW,15,-4.185532,19.626792,18.543229
Zn_num,M7_Stage5_AdvancedRatios,Lasso,RAW,16,0.244387,24.699653,16.942623
Zn_num,M7_Stage5_AdvancedRatios,Lasso,RAW,17,-17.526105,21.547317,20.050353
Zn_num,M7_Stage5_AdvancedRatios,Lasso,RAW,18,-0.44642,35.716705,25.46703
Zn_num,M7_Stage5_AdvancedRatios,Lasso,RAW,19,-0.497435,22.981215,18.631315
Zn_num,M7_Stage5_AdvancedRatios,Lasso,RAW,20,-5.930352,12.404922,9.943507
Zn_num,M7_Stage5_AdvancedRatios,Lasso,RAW,21,-0.21125,20.119755,16.542063
Zn_num,M7_Stage5_AdvancedRatios,Lasso,RAW,22,-0.157764,25.015187,20.547745
Zn_num,M7_Stage5_AdvancedRatios,Lasso,RAW,23,-0.064989,28.725031,18.437709
Zn_num,M7_Stage5_AdvancedRatios,Lasso,RAW,24,-9.483497,13.373904,10.580631
Zn_num,M7_Stage5_AdvancedRatios,Lasso,RAW,25,0.44188,21.754615,16.383617
Zn_num,M7_Stage5_AdvancedRatios,HuberRegressor,LOG1P,1,-1.750551,17.66327,13.671869
Zn_num,M7_Stage5_AdvancedRatios,HuberRegressor,LOG1P,2,0.728948,15.685589,11.85047
Zn_num,M7_Stage5_AdvancedRatios,HuberRegressor,LOG1P,3,-0.310767,18.271409,12.427231
Zn_num,M7_Stage5_AdvancedRatios,HuberRegressor,LOG1P,4,-0.515358,40.885897,29.787485
Zn_num,M7_Stage5_AdvancedRatios,HuberRegressor,LOG1P,5,-1.626544,7.741324,6.599252
Zn_num,M7_Stage5_AdvancedRatios,HuberRegressor,LOG1P,6,-4.826326,10.436313,9.149743
Zn_num,M7_Stage5_AdvancedRatios,HuberRegressor,LOG1P,7,-44.815566,241.84053,109.90958
Zn_num,M7_Stage5_AdvancedRatios,HuberRegressor,LOG1P,8,-0.755368,29.531259,14.550391
Zn_num,M7_Stage5_AdvancedRatios,HuberRegressor,LOG1P,9,-41.726782,71.859841,37.336528
Zn_num,M7_Stage5_AdvancedRatios,HuberRegressor,LOG1P,10,-0.442205,18.832542,13.090914
Zn_num,M7_Stage5_AdvancedRatios,HuberRegressor,LOG1P,11,-0.45285,18.684196,11.950561
Zn_num,M7_Stage5_AdvancedRatios,HuberRegressor,LOG1P,12,-0.777879,30.810953,19.633541
Zn_num,M7_Stage5_AdvancedRatios,HuberRegressor,LOG1P,13,-2.871767,69.030981,47.862317
Zn_num,M7_Stage5_AdvancedRatios,HuberRegressor,LOG1P,14,-0.274474,14.070736,8.367828
Zn_num,M7_Stage5_AdvancedRatios,HuberRegressor,LOG1P,15,-2.879703,16.976646,14.536579
Zn_num,M7_Stage5_AdvancedRatios,HuberRegressor,LOG1P,16,0.780762,13.304523,9.655129
Zn_num,M7_Stage5_AdvancedRatios,HuberRegressor,LOG1P,17,-6.564589,13.768728,12.62469
Zn_num,M7_Stage5_AdvancedRatios,HuberRegressor,LOG1P,18,-0.699304,38.713258,25.173223
Zn_num,M7_Stage5_AdvancedRatios,HuberRegressor,LOG1P,19,-0.814282,25.295973,20.254103
Zn_num,M7_Stage5_AdvancedRatios,HuberRegressor,LOG1P,20,-5.344068,11.868623,9.941762
Zn_num,M7_Stage5_AdvancedRatios,HuberRegressor,LOG1P,21,-0.315028,20.963961,16.205658
Zn_num,M7_Stage5_AdvancedRatios,HuberRegressor,LOG1P,22,-0.592066,29.334205,20.518348
Zn_num,M7_Stage5_AdvancedRatios,HuberRegressor,LOG1P,23,-0.03847,28.365139,16.126381
Zn_num,M7_Stage5_AdvancedRatios,HuberRegressor,LOG1P,24,-0.974376,5.803901,5.383492
Zn_num,M7_Stage5_AdvancedRatios,HuberRegressor,LOG1P,25,0.610238,18.179728,14.62989
Zn_num,M7_Stage5_AdvancedRatios,HuberRegressor,RAW,1,-0.264226,11.974947,10.992699
Zn_num,M7_Stage5_AdvancedRatios,HuberRegressor,RAW,2,0.523816,20.790354,14.214665
Zn_num,M7_Stage5_AdvancedRatios,HuberRegressor,RAW,3,-0.607448,20.233815,15.767865
Zn_num,M7_Stage5_AdvancedRatios,HuberRegressor,RAW,4,-0.708255,43.41024,31.787639
Zn_num,M7_Stage5_AdvancedRatios,HuberRegressor,RAW,5,-1.353746,7.328291,5.384618
Zn_num,M7_Stage5_AdvancedRatios,HuberRegressor,RAW,6,-5.943354,11.392901,10.811883
Zn_num,M7_Stage5_AdvancedRatios,HuberRegressor,RAW,7,0.129149,33.342223,25.336722
Zn_num,M7_Stage5_AdvancedRatios,HuberRegressor,RAW,8,-0.945909,31.092754,16.845464
Zn_num,M7_Stage5_AdvancedRatios,HuberRegressor,RAW,9,-2.644668,20.987714,16.51094
Zn_num,M7_Stage5_AdvancedRatios,HuberRegressor,RAW,10,-0.339886,18.152209,10.742938
Zn_num,M7_Stage5_AdvancedRatios,HuberRegressor,RAW,11,-1.311346,23.566576,17.515153
Zn_num,M7_Stage5_AdvancedRatios,HuberRegressor,RAW,12,-1.043516,33.032619,20.349947
Zn_num,M7_Stage5_AdvancedRatios,HuberRegressor,RAW,13,-0.137294,37.41328,27.125574
Zn_num,M7_Stage5_AdvancedRatios,HuberRegressor,RAW,14,-0.493865,15.233759,9.239878
Zn_num,M7_Stage5_AdvancedRatios,HuberRegressor,RAW,15,-2.896156,17.012605,15.49028
Zn_num,M7_Stage5_AdvancedRatios,HuberRegressor,RAW,16,0.266268,24.339402,15.385149
Zn_num,M7_Stage5_AdvancedRatios,HuberRegressor,RAW,17,-5.802162,13.056436,11.79849
Zn_num,M7_Stage5_AdvancedRatios,HuberRegressor,RAW,18,-0.70106,38.733265,24.507274
Zn_num,M7_Stage5_AdvancedRatios,HuberRegressor,RAW,19,-0.685963,24.385009,19.3251
Zn_num,M7_Stage5_AdvancedRatios,HuberRegressor,RAW,20,-8.702548,14.677744,12.217398
Zn_num,M7_Stage5_AdvancedRatios,HuberRegressor,RAW,21,-0.111926,19.277195,15.049987
Zn_num,M7_Stage5_AdvancedRatios,HuberRegressor,RAW,22,-0.3116,26.625297,17.875081
Zn_num,M7_Stage5_AdvancedRatios,HuberRegressor,RAW,23,-0.075056,28.860478,17.583268
Zn_num,M7_Stage5_AdvancedRatios,HuberRegressor,RAW,24,-1.845027,6.96704,5.748651
Zn_num,M7_Stage5_AdvancedRatios,HuberRegressor,RAW,25,0.380939,22.911534,18.609517
Zn_num,M7_Stage5_AdvancedRatios,SVR_RBF,LOG1P,1,-0.397215,12.589049,10.252596
Zn_num,M7_Stage5_AdvancedRatios,SVR_RBF,LOG1P,2,-0.059828,31.016467,18.093361
Zn_num,M7_Stage5_AdvancedRatios,SVR_RBF,LOG1P,3,-0.105774,16.781953,11.064563
Zn_num,M7_Stage5_AdvancedRatios,SVR_RBF,LOG1P,4,-0.481277,40.42351,28.978445
Zn_num,M7_Stage5_AdvancedRatios,SVR_RBF,LOG1P,5,-1.90618,8.142993,6.235841
Zn_num,M7_Stage5_AdvancedRatios,SVR_RBF,LOG1P,6,-3.734103,9.407377,7.600242
Zn_num,M7_Stage5_AdvancedRatios,SVR_RBF,LOG1P,7,-0.613212,45.380399,30.737145
Zn_num,M7_Stage5_AdvancedRatios,SVR_RBF,LOG1P,8,-0.401723,26.389374,13.700519
Zn_num,M7_Stage5_AdvancedRatios,SVR_RBF,LOG1P,9,-0.542895,13.655397,12.306321
Zn_num,M7_Stage5_AdvancedRatios,SVR_RBF,LOG1P,10,-0.192747,17.126543,11.268996
Zn_num,M7_Stage5_AdvancedRatios,SVR_RBF,LOG1P,11,-0.130557,16.482009,10.037695
Zn_num,M7_Stage5_AdvancedRatios,SVR_RBF,LOG1P,12,-0.349107,26.839675,16.33839
Zn_num,M7_Stage5_AdvancedRatios,SVR_RBF,LOG1P,13,-0.583729,44.149908,27.938253
Zn_num,M7_Stage5_AdvancedRatios,SVR_RBF,LOG1P,14,-0.647822,15.999502,10.030798
Zn_num,M7_Stage5_AdvancedRatios,SVR_RBF,LOG1P,15,-0.906233,11.899828,10.685038
Zn_num,M7_Stage5_AdvancedRatios,SVR_RBF,LOG1P,16,-0.286121,32.224187,16.887857
Zn_num,M7_Stage5_AdvancedRatios,SVR_RBF,LOG1P,17,-5.696178,12.95432,12.205324
Zn_num,M7_Stage5_AdvancedRatios,SVR_RBF,LOG1P,18,-0.794106,39.778486,25.547741
Zn_num,M7_Stage5_AdvancedRatios,SVR_RBF,LOG1P,19,-0.370866,21.988545,16.335047
Zn_num,M7_Stage5_AdvancedRatios,SVR_RBF,LOG1P,20,-1.588854,7.581763,6.542892
Zn_num,M7_Stage5_AdvancedRatios,SVR_RBF,LOG1P,21,-0.289938,20.763008,15.676895
Zn_num,M7_Stage5_AdvancedRatios,SVR_RBF,LOG1P,22,-0.21146,25.588702,14.740837
Zn_num,M7_Stage5_AdvancedRatios,SVR_RBF,LOG1P,23,-0.246752,31.079788,16.417917
Zn_num,M7_Stage5_AdvancedRatios,SVR_RBF,LOG1P,24,-1.153009,6.060773,4.985498
Zn_num,M7_Stage5_AdvancedRatios,SVR_RBF,LOG1P,25,-0.343424,33.751579,21.004642
Zn_num,M7_Stage5_AdvancedRatios,SVR_RBF,RAW,1,-0.300217,12.144208,9.081566
Zn_num,M7_Stage5_AdvancedRatios,SVR_RBF,RAW,2,-0.065836,31.104259,16.977144
Zn_num,M7_Stage5_AdvancedRatios,SVR_RBF,RAW,3,-0.099469,16.734041,10.326273
Zn_num,M7_Stage5_AdvancedRatios,SVR_RBF,RAW,4,-0.434287,39.777167,27.963007
Zn_num,M7_Stage5_AdvancedRatios,SVR_RBF,RAW,5,-0.447863,5.747601,5.19017
Zn_num,M7_Stage5_AdvancedRatios,SVR_RBF,RAW,6,-3.423794,9.093837,7.792898
Zn_num,M7_Stage5_AdvancedRatios,SVR_RBF,RAW,7,-0.540379,44.344156,29.940338
Zn_num,M7_Stage5_AdvancedRatios,SVR_RBF,RAW,8,-0.242798,24.848384,12.627787
Zn_num,M7_Stage5_AdvancedRatios,SVR_RBF,RAW,9,-0.432767,13.159031,10.966809
Zn_num,M7_Stage5_AdvancedRatios,SVR_RBF,RAW,10,-0.11606,16.566827,9.794885
Zn_num,M7_Stage5_AdvancedRatios,SVR_RBF,RAW,11,-0.199667,16.978302,9.863886
Zn_num,M7_Stage5_AdvancedRatios,SVR_RBF,RAW,12,-0.115328,24.403675,13.645853
Zn_num,M7_Stage5_AdvancedRatios,SVR_RBF,RAW,13,-0.496673,42.919328,27.436608
Zn_num,M7_Stage5_AdvancedRatios,SVR_RBF,RAW,14,-0.365223,14.563076,9.639987
Zn_num,M7_Stage5_AdvancedRatios,SVR_RBF,RAW,15,-0.236801,9.58523,8.513366
Zn_num,M7_Stage5_AdvancedRatios,SVR_RBF,RAW,16,-0.301064,32.410853,16.648149
Zn_num,M7_Stage5_AdvancedRatios,SVR_RBF,RAW,17,-4.143622,11.353654,10.687095
Zn_num,M7_Stage5_AdvancedRatios,SVR_RBF,RAW,18,-0.665295,38.323914,24.122242
Zn_num,M7_Stage5_AdvancedRatios,SVR_RBF,RAW,19,-0.264274,21.116388,14.567238
Zn_num,M7_Stage5_AdvancedRatios,SVR_RBF,RAW,20,-0.07893,4.894553,4.340629
Zn_num,M7_Stage5_AdvancedRatios,SVR_RBF,RAW,21,-0.130304,19.435845,14.179736
Zn_num,M7_Stage5_AdvancedRatios,SVR_RBF,RAW,22,-0.122218,24.628178,13.471157
Zn_num,M7_Stage5_AdvancedRatios,SVR_RBF,RAW,23,-0.083569,28.974512,15.441763
Zn_num,M7_Stage5_AdvancedRatios,SVR_RBF,RAW,24,-0.588837,5.206486,4.142518
Zn_num,M7_Stage5_AdvancedRatios,SVR_RBF,RAW,25,-0.365998,34.033967,20.389056
Zn_num,M8_Stage5_PlausibleInteractions,Ridge,LOG1P,1,-1.257509,16.002065,12.850787
Zn_num,M8_Stage5_PlausibleInteractions,Ridge,LOG1P,2,-0.303438,34.396941,19.389193
Zn_num,M8_Stage5_PlausibleInteractions,Ridge,LOG1P,3,-0.430354,19.08671,14.817169
Zn_num,M8_Stage5_PlausibleInteractions,Ridge,LOG1P,4,-0.684786,43.111014,34.991924
Zn_num,M8_Stage5_PlausibleInteractions,Ridge,LOG1P,5,-0.607902,6.056931,4.206244
Zn_num,M8_Stage5_PlausibleInteractions,Ridge,LOG1P,6,-12.461703,15.863525,13.917215
Zn_num,M8_Stage5_PlausibleInteractions,Ridge,LOG1P,7,-0.64998,45.894629,29.696274
Zn_num,M8_Stage5_PlausibleInteractions,Ridge,LOG1P,8,-0.254411,24.964212,14.202484
Zn_num,M8_Stage5_PlausibleInteractions,Ridge,LOG1P,9,-5.315032,27.626378,20.405485
Zn_num,M8_Stage5_PlausibleInteractions,Ridge,LOG1P,10,-0.118991,16.588562,9.521384
Zn_num,M8_Stage5_PlausibleInteractions,Ridge,LOG1P,11,-0.320784,17.814753,13.027184
Zn_num,M8_Stage5_PlausibleInteractions,Ridge,LOG1P,12,-0.302605,26.373055,16.795507
Zn_num,M8_Stage5_PlausibleInteractions,Ridge,LOG1P,13,-0.816471,47.282853,34.138643
Zn_num,M8_Stage5_PlausibleInteractions,Ridge,LOG1P,14,-0.40447,14.770919,9.650333
Zn_num,M8_Stage5_PlausibleInteractions,Ridge,LOG1P,15,-2.029086,15.000593,13.357271
Zn_num,M8_Stage5_PlausibleInteractions,Ridge,LOG1P,16,-0.536322,35.219419,18.825767
Zn_num,M8_Stage5_PlausibleInteractions,Ridge,LOG1P,17,-13.768662,19.238523,17.645758
Zn_num,M8_Stage5_PlausibleInteractions,Ridge,LOG1P,18,-0.67022,38.380539,25.477451
Zn_num,M8_Stage5_PlausibleInteractions,Ridge,LOG1P,19,-0.42711,22.435087,17.615446
Zn_num,M8_Stage5_PlausibleInteractions,Ridge,LOG1P,20,-8.816259,14.763503,10.796609
Zn_num,M8_Stage5_PlausibleInteractions,Ridge,LOG1P,21,-0.140555,19.523785,14.678196
Zn_num,M8_Stage5_PlausibleInteractions,Ridge,LOG1P,22,-0.091127,24.284624,13.867141
Zn_num,M8_Stage5_PlausibleInteractions,Ridge,LOG1P,23,-0.367319,32.547887,21.888241
Zn_num,M8_Stage5_PlausibleInteractions,Ridge,LOG1P,24,-19.330542,18.624284,13.588254
Zn_num,M8_Stage5_PlausibleInteractions,Ridge,LOG1P,25,-0.602593,36.863714,23.063779
Zn_num,M8_Stage5_PlausibleInteractions,Ridge,RAW,1,-3.37165,22.268139,20.014946
Zn_num,M8_Stage5_PlausibleInteractions,Ridge,RAW,2,-0.544948,37.448253,22.621751
Zn_num,M8_Stage5_PlausibleInteractions,Ridge,RAW,3,-1.571869,25.593736,22.092915
Zn_num,M8_Stage5_PlausibleInteractions,Ridge,RAW,4,-0.778363,44.292085,37.840773
Zn_num,M8_Stage5_PlausibleInteractions,Ridge,RAW,5,-3.645223,10.294995,6.829942
Zn_num,M8_Stage5_PlausibleInteractions,Ridge,RAW,6,-36.366766,26.429714,22.804537
Zn_num,M8_Stage5_PlausibleInteractions,Ridge,RAW,7,-0.467989,43.289632,31.041091
Zn_num,M8_Stage5_PlausibleInteractions,Ridge,RAW,8,-0.245227,24.87266,15.199245
Zn_num,M8_Stage5_PlausibleInteractions,Ridge,RAW,9,-4.262204,25.218544,19.627273
Zn_num,M8_Stage5_PlausibleInteractions,Ridge,RAW,10,0.01549,15.559857,11.486672
Zn_num,M8_Stage5_PlausibleInteractions,Ridge,RAW,11,-0.295719,17.644909,14.438162
Zn_num,M8_Stage5_PlausibleInteractions,Ridge,RAW,12,-0.616961,29.383521,20.703723
Zn_num,M8_Stage5_PlausibleInteractions,Ridge,RAW,13,-0.646329,45.014014,35.049281
Zn_num,M8_Stage5_PlausibleInteractions,Ridge,RAW,14,-0.660411,16.060502,10.66348
Zn_num,M8_Stage5_PlausibleInteractions,Ridge,RAW,15,-6.604769,23.768165,21.417759
Zn_num,M8_Stage5_PlausibleInteractions,Ridge,RAW,16,-0.552893,35.408853,21.505565
Zn_num,M8_Stage5_PlausibleInteractions,Ridge,RAW,17,-29.398657,27.601224,25.921273
Zn_num,M8_Stage5_PlausibleInteractions,Ridge,RAW,18,-0.559947,37.091913,24.224815
Zn_num,M8_Stage5_PlausibleInteractions,Ridge,RAW,19,-0.364084,21.934084,18.299515
Zn_num,M8_Stage5_PlausibleInteractions,Ridge,RAW,20,-20.702085,21.951648,14.888599
Zn_num,M8_Stage5_PlausibleInteractions,Ridge,RAW,21,-0.191758,19.957212,17.29498
Zn_num,M8_Stage5_PlausibleInteractions,Ridge,RAW,22,-0.239781,25.886081,19.187188
Zn_num,M8_Stage5_PlausibleInteractions,Ridge,RAW,23,-0.771861,37.05124,28.187423
Zn_num,M8_Stage5_PlausibleInteractions,Ridge,RAW,24,-35.69444,25.021033,19.349942
Zn_num,M8_Stage5_PlausibleInteractions,Ridge,RAW,25,-0.547961,36.229924,23.594258
Zn_num,M8_Stage5_PlausibleInteractions,Lasso,LOG1P,1,-0.234028,11.831063,9.255376
Zn_num,M8_Stage5_PlausibleInteractions,Lasso,LOG1P,2,-0.048494,30.850171,18.026493
Zn_num,M8_Stage5_PlausibleInteractions,Lasso,LOG1P,3,-0.076048,16.554844,11.129668
Zn_num,M8_Stage5_PlausibleInteractions,Lasso,LOG1P,4,-0.446069,39.940211,29.453804
Zn_num,M8_Stage5_PlausibleInteractions,Lasso,LOG1P,5,-0.101944,5.014212,3.566889
Zn_num,M8_Stage5_PlausibleInteractions,Lasso,LOG1P,6,-4.701767,10.324153,9.375194
Zn_num,M8_Stage5_PlausibleInteractions,Lasso,LOG1P,7,-0.497156,43.717581,29.884624
Zn_num,M8_Stage5_PlausibleInteractions,Lasso,LOG1P,8,-0.103848,23.418151,12.035101
Zn_num,M8_Stage5_PlausibleInteractions,Lasso,LOG1P,9,-0.595364,13.885647,11.590821
Zn_num,M8_Stage5_PlausibleInteractions,Lasso,LOG1P,10,-0.056806,16.121043,9.792588
Zn_num,M8_Stage5_PlausibleInteractions,Lasso,LOG1P,11,-0.09,16.18368,9.907092
Zn_num,M8_Stage5_PlausibleInteractions,Lasso,LOG1P,12,-0.041653,23.583895,13.93803
Zn_num,M8_Stage5_PlausibleInteractions,Lasso,LOG1P,13,-0.505716,43.048792,28.443063
Zn_num,M8_Stage5_PlausibleInteractions,Lasso,LOG1P,14,-0.132453,13.263599,8.137368
Zn_num,M8_Stage5_PlausibleInteractions,Lasso,LOG1P,15,-0.63788,11.030463,9.807302
Zn_num,M8_Stage5_PlausibleInteractions,Lasso,LOG1P,16,-0.267816,31.994045,16.752154
Zn_num,M8_Stage5_PlausibleInteractions,Lasso,LOG1P,17,-7.24079,14.370953,13.42682
Zn_num,M8_Stage5_PlausibleInteractions,Lasso,LOG1P,18,-0.603341,37.604272,23.456572
Zn_num,M8_Stage5_PlausibleInteractions,Lasso,LOG1P,19,-0.185267,20.44594,14.437054
Zn_num,M8_Stage5_PlausibleInteractions,Lasso,LOG1P,20,-0.194973,5.151045,4.687259
Zn_num,M8_Stage5_PlausibleInteractions,Lasso,LOG1P,21,-0.07566,18.960218,14.383684
Zn_num,M8_Stage5_PlausibleInteractions,Lasso,LOG1P,22,-0.033822,23.638324,13.715734
Zn_num,M8_Stage5_PlausibleInteractions,Lasso,LOG1P,23,-0.070666,28.801494,16.818309
Zn_num,M8_Stage5_PlausibleInteractions,Lasso,LOG1P,24,-0.080892,4.294339,3.73733
Zn_num,M8_Stage5_PlausibleInteractions,Lasso,LOG1P,25,-0.308828,33.314154,20.230155
Zn_num,M8_Stage5_PlausibleInteractions,Lasso,RAW,1,-3.668994,23.012982,20.925612
Zn_num,M8_Stage5_PlausibleInteractions,Lasso,RAW,2,-0.69745,39.25302,23.699987
Zn_num,M8_Stage5_PlausibleInteractions,Lasso,RAW,3,-1.651504,25.986956,22.473585
Zn_num,M8_Stage5_PlausibleInteractions,Lasso,RAW,4,-0.785639,44.382594,37.883328
Zn_num,M8_Stage5_PlausibleInteractions,Lasso,RAW,5,-5.440628,12.122354,9.033876
Zn_num,M8_Stage5_PlausibleInteractions,Lasso,RAW,6,-39.315348,27.45269,23.350272
Zn_num,M8_Stage5_PlausibleInteractions,Lasso,RAW,7,-0.476807,43.419459,30.965802
Zn_num,M8_Stage5_PlausibleInteractions,Lasso,RAW,8,-0.237779,24.798164,15.181686
Zn_num,M8_Stage5_PlausibleInteractions,Lasso,RAW,9,-6.434288,29.97477,22.863312
Zn_num,M8_Stage5_PlausibleInteractions,Lasso,RAW,10,0.007619,15.621927,11.649177
Zn_num,M8_Stage5_PlausibleInteractions,Lasso,RAW,11,-0.282171,17.552418,14.45871
Zn_num,M8_Stage5_PlausibleInteractions,Lasso,RAW,12,-0.663442,29.802852,20.779619
Zn_num,M8_Stage5_PlausibleInteractions,Lasso,RAW,13,-0.651411,45.083436,35.163205
Zn_num,M8_Stage5_PlausibleInteractions,Lasso,RAW,14,-0.729629,16.391845,11.428773
Zn_num,M8_Stage5_PlausibleInteractions,Lasso,RAW,15,-8.512932,26.583358,23.137821
Zn_num,M8_Stage5_PlausibleInteractions,Lasso,RAW,16,-0.610086,36.05501,21.929252
Zn_num,M8_Stage5_PlausibleInteractions,Lasso,RAW,17,-41.580991,32.666983,30.007882
Zn_num,M8_Stage5_PlausibleInteractions,Lasso,RAW,18,-0.582764,37.362186,24.107871
Zn_num,M8_Stage5_PlausibleInteractions,Lasso,RAW,19,-0.461991,22.707601,18.914393
Zn_num,M8_Stage5_PlausibleInteractions,Lasso,RAW,20,-21.163866,22.183964,14.962277
Zn_num,M8_Stage5_PlausibleInteractions,Lasso,RAW,21,-0.247894,20.421835,17.900387
Zn_num,M8_Stage5_PlausibleInteractions,Lasso,RAW,22,-0.23811,25.868625,19.363335
Zn_num,M8_Stage5_PlausibleInteractions,Lasso,RAW,23,-0.942728,38.796628,29.506646
Zn_num,M8_Stage5_PlausibleInteractions,Lasso,RAW,24,-40.698598,26.672629,20.73539
Zn_num,M8_Stage5_PlausibleInteractions,Lasso,RAW,25,-0.591697,36.738178,24.022076
Zn_num,M8_Stage5_PlausibleInteractions,HuberRegressor,LOG1P,1,-0.889158,14.638459,12.431953
Zn_num,M8_Stage5_PlausibleInteractions,HuberRegressor,LOG1P,2,-0.420099,35.903264,19.649111
Zn_num,M8_Stage5_PlausibleInteractions,HuberRegressor,LOG1P,3,-1.851152,26.947561,23.214402
Zn_num,M8_Stage5_PlausibleInteractions,HuberRegressor,LOG1P,4,-0.514769,40.877953,29.552351
Zn_num,M8_Stage5_PlausibleInteractions,HuberRegressor,LOG1P,5,-5.956581,12.598556,9.387689
Zn_num,M8_Stage5_PlausibleInteractions,HuberRegressor,LOG1P,6,-8.515896,13.337503,11.339317
Zn_num,M8_Stage5_PlausibleInteractions,HuberRegressor,LOG1P,7,-0.989453,50.395226,36.908174
Zn_num,M8_Stage5_PlausibleInteractions,HuberRegressor,LOG1P,8,-0.342892,25.829647,14.86515
Zn_num,M8_Stage5_PlausibleInteractions,HuberRegressor,LOG1P,9,-7.906625,32.80898,23.500176
Zn_num,M8_Stage5_PlausibleInteractions,HuberRegressor,LOG1P,10,-0.332474,18.101932,10.488662
Zn_num,M8_Stage5_PlausibleInteractions,HuberRegressor,LOG1P,11,-0.62115,19.736747,14.499834
Zn_num,M8_Stage5_PlausibleInteractions,HuberRegressor,LOG1P,12,-0.352724,26.875627,17.204637
Zn_num,M8_Stage5_PlausibleInteractions,HuberRegressor,LOG1P,13,-1.121503,51.098863,37.246098
Zn_num,M8_Stage5_PlausibleInteractions,HuberRegressor,LOG1P,14,-0.810007,16.768393,11.805287
Zn_num,M8_Stage5_PlausibleInteractions,HuberRegressor,LOG1P,15,-2.594251,16.340181,13.627882
Zn_num,M8_Stage5_PlausibleInteractions,HuberRegressor,LOG1P,16,-0.597358,35.912218,19.611111
Zn_num,M8_Stage5_PlausibleInteractions,HuberRegressor,LOG1P,17,-14.624411,19.788049,18.223312
Zn_num,M8_Stage5_PlausibleInteractions,HuberRegressor,LOG1P,18,-0.865982,40.567471,29.599618
Zn_num,M8_Stage5_PlausibleInteractions,HuberRegressor,LOG1P,19,-0.504015,23.031647,16.395148
Zn_num,M8_Stage5_PlausibleInteractions,HuberRegressor,LOG1P,20,-12.421548,17.263058,12.734424
Zn_num,M8_Stage5_PlausibleInteractions,HuberRegressor,LOG1P,21,-0.211105,20.118553,14.415557
Zn_num,M8_Stage5_PlausibleInteractions,HuberRegressor,LOG1P,22,-0.156967,25.006571,13.609077
Zn_num,M8_Stage5_PlausibleInteractions,HuberRegressor,LOG1P,23,-1.129005,40.614053,30.278848
Zn_num,M8_Stage5_PlausibleInteractions,HuberRegressor,LOG1P,24,-23.713421,20.533904,15.245031
Zn_num,M8_Stage5_PlausibleInteractions,HuberRegressor,LOG1P,25,-0.759475,38.625939,26.547426
Zn_num,M8_Stage5_PlausibleInteractions,HuberRegressor,RAW,1,-0.636889,13.626079,11.381365
Zn_num,M8_Stage5_PlausibleInteractions,HuberRegressor,RAW,2,-0.533267,37.306412,19.487477
Zn_num,M8_Stage5_PlausibleInteractions,HuberRegressor,RAW,3,-2.504873,29.87758,27.086053
Zn_num,M8_Stage5_PlausibleInteractions,HuberRegressor,RAW,4,-0.48329,40.450967,29.05596
Zn_num,M8_Stage5_PlausibleInteractions,HuberRegressor,RAW,5,-1.616789,7.726934,6.326826
Zn_num,M8_Stage5_PlausibleInteractions,HuberRegressor,RAW,6,-7.673373,12.73338,10.91864
Zn_num,M8_Stage5_PlausibleInteractions,HuberRegressor,RAW,7,-0.858095,48.703087,32.650356
Zn_num,M8_Stage5_PlausibleInteractions,HuberRegressor,RAW,8,-0.312922,25.539799,14.241536
Zn_num,M8_Stage5_PlausibleInteractions,HuberRegressor,RAW,9,-5.82403,28.718161,25.015118
Zn_num,M8_Stage5_PlausibleInteractions,HuberRegressor,RAW,10,-0.228819,17.383586,9.997661
Zn_num,M8_Stage5_PlausibleInteractions,HuberRegressor,RAW,11,-0.225528,17.160328,11.171131
Zn_num,M8_Stage5_PlausibleInteractions,HuberRegressor,RAW,12,-0.359469,26.942549,15.83115
Zn_num,M8_Stage5_PlausibleInteractions,HuberRegressor,RAW,13,-0.737132,46.238721,32.666569
Zn_num,M8_Stage5_PlausibleInteractions,HuberRegressor,RAW,14,-0.490787,15.218054,9.986611
Zn_num,M8_Stage5_PlausibleInteractions,HuberRegressor,RAW,15,-2.141686,15.276858,12.970578
Zn_num,M8_Stage5_PlausibleInteractions,HuberRegressor,RAW,16,-0.588045,35.807369,17.888785
Zn_num,M8_Stage5_PlausibleInteractions,HuberRegressor,RAW,17,-13.412585,19.005184,17.590266
Zn_num,M8_Stage5_PlausibleInteractions,HuberRegressor,RAW,18,-0.738607,39.158399,26.561528
Zn_num,M8_Stage5_PlausibleInteractions,HuberRegressor,RAW,19,-0.363204,21.927011,15.648978
Zn_num,M8_Stage5_PlausibleInteractions,HuberRegressor,RAW,20,-23.512217,23.329622,17.92127
Zn_num,M8_Stage5_PlausibleInteractions,HuberRegressor,RAW,21,-0.192288,19.961652,14.529007
Zn_num,M8_Stage5_PlausibleInteractions,HuberRegressor,RAW,22,-0.170192,25.149097,13.583372
Zn_num,M8_Stage5_PlausibleInteractions,HuberRegressor,RAW,23,-0.40938,33.044715,22.571367
Zn_num,M8_Stage5_PlausibleInteractions,HuberRegressor,RAW,24,-37.193435,25.526981,19.665145
Zn_num,M8_Stage5_PlausibleInteractions,HuberRegressor,RAW,25,-0.742984,38.444498,24.495519
Zn_num,M8_Stage5_PlausibleInteractions,SVR_RBF,LOG1P,1,-0.291067,12.101401,9.385839
Zn_num,M8_Stage5_PlausibleInteractions,SVR_RBF,LOG1P,2,-0.116217,31.830903,18.496195
Zn_num,M8_Stage5_PlausibleInteractions,SVR_RBF,LOG1P,3,-0.126601,16.939252,10.789372
Zn_num,M8_Stage5_PlausibleInteractions,SVR_RBF,LOG1P,4,-0.540818,41.227936,29.458637
Zn_num,M8_Stage5_PlausibleInteractions,SVR_RBF,LOG1P,5,-2.034728,8.321138,6.604186
Zn_num,M8_Stage5_PlausibleInteractions,SVR_RBF,LOG1P,6,-4.629625,10.258632,8.2134
Zn_num,M8_Stage5_PlausibleInteractions,SVR_RBF,LOG1P,7,-0.629104,45.603374,31.067623
Zn_num,M8_Stage5_PlausibleInteractions,SVR_RBF,LOG1P,8,-0.440324,26.750262,14.127322
Zn_num,M8_Stage5_PlausibleInteractions,SVR_RBF,LOG1P,9,-0.545907,13.668722,11.908145
Zn_num,M8_Stage5_PlausibleInteractions,SVR_RBF,LOG1P,10,-0.162824,16.910347,11.302858
Zn_num,M8_Stage5_PlausibleInteractions,SVR_RBF,LOG1P,11,-0.131551,16.489253,10.173489
Zn_num,M8_Stage5_PlausibleInteractions,SVR_RBF,LOG1P,12,-0.378784,27.133272,17.008659
Zn_num,M8_Stage5_PlausibleInteractions,SVR_RBF,LOG1P,13,-0.6177,44.620905,28.987898
Zn_num,M8_Stage5_PlausibleInteractions,SVR_RBF,LOG1P,14,-0.721134,16.351542,10.470657
Zn_num,M8_Stage5_PlausibleInteractions,SVR_RBF,LOG1P,15,-1.428067,13.430216,11.777531
Zn_num,M8_Stage5_PlausibleInteractions,SVR_RBF,LOG1P,16,-0.314679,32.579987,17.249374
Zn_num,M8_Stage5_PlausibleInteractions,SVR_RBF,LOG1P,17,-8.115817,15.11468,13.817395
Zn_num,M8_Stage5_PlausibleInteractions,SVR_RBF,LOG1P,18,-0.869369,40.604273,26.241677
Zn_num,M8_Stage5_PlausibleInteractions,SVR_RBF,LOG1P,19,-0.322218,21.594862,15.875027
Zn_num,M8_Stage5_PlausibleInteractions,SVR_RBF,LOG1P,20,-1.96344,8.111749,6.728733
Zn_num,M8_Stage5_PlausibleInteractions,SVR_RBF,LOG1P,21,-0.182283,19.877721,15.199703
Zn_num,M8_Stage5_PlausibleInteractions,SVR_RBF,LOG1P,22,-0.261455,26.111368,13.938621
Zn_num,M8_Stage5_PlausibleInteractions,SVR_RBF,LOG1P,23,-0.213269,30.659602,16.907125
Zn_num,M8_Stage5_PlausibleInteractions,SVR_RBF,LOG1P,24,-2.306438,7.510784,5.63295
Zn_num,M8_Stage5_PlausibleInteractions,SVR_RBF,LOG1P,25,-0.461899,35.208391,22.74133
Zn_num,M8_Stage5_PlausibleInteractions,SVR_RBF,RAW,1,-0.300844,12.147134,8.981199
Zn_num,M8_Stage5_PlausibleInteractions,SVR_RBF,RAW,2,-0.072275,31.198061,17.158885
Zn_num,M8_Stage5_PlausibleInteractions,SVR_RBF,RAW,3,-0.111077,16.822145,10.465693
Zn_num,M8_Stage5_PlausibleInteractions,SVR_RBF,RAW,4,-0.440873,39.868386,28.07927
Zn_num,M8_Stage5_PlausibleInteractions,SVR_RBF,RAW,5,-0.517283,5.883777,5.32523
Zn_num,M8_Stage5_PlausibleInteractions,SVR_RBF,RAW,6,-3.711669,9.38506,8.082087
Zn_num,M8_Stage5_PlausibleInteractions,SVR_RBF,RAW,7,-0.554791,44.551112,30.008832
Zn_num,M8_Stage5_PlausibleInteractions,SVR_RBF,RAW,8,-0.24938,24.914102,12.777387
Zn_num,M8_Stage5_PlausibleInteractions,SVR_RBF,RAW,9,-0.441057,13.197046,10.981596
Zn_num,M8_Stage5_PlausibleInteractions,SVR_RBF,RAW,10,-0.115217,16.560563,9.866622
Zn_num,M8_Stage5_PlausibleInteractions,SVR_RBF,RAW,11,-0.222384,17.1383,10.052556
Zn_num,M8_Stage5_PlausibleInteractions,SVR_RBF,RAW,12,-0.116572,24.417292,13.75764
Zn_num,M8_Stage5_PlausibleInteractions,SVR_RBF,RAW,13,-0.498335,42.943156,27.489938
Zn_num,M8_Stage5_PlausibleInteractions,SVR_RBF,RAW,14,-0.386506,14.676155,9.752164
Zn_num,M8_Stage5_PlausibleInteractions,SVR_RBF,RAW,15,-0.255108,9.655908,8.5911
Zn_num,M8_Stage5_PlausibleInteractions,SVR_RBF,RAW,16,-0.298024,32.372958,16.699493
Zn_num,M8_Stage5_PlausibleInteractions,SVR_RBF,RAW,17,-4.451524,11.688536,10.975394
Zn_num,M8_Stage5_PlausibleInteractions,SVR_RBF,RAW,18,-0.684562,38.544974,24.291769
Zn_num,M8_Stage5_PlausibleInteractions,SVR_RBF,RAW,19,-0.279109,21.239911,14.582625
Zn_num,M8_Stage5_PlausibleInteractions,SVR_RBF,RAW,20,-0.175678,5.10929,4.535219
Zn_num,M8_Stage5_PlausibleInteractions,SVR_RBF,RAW,21,-0.119859,19.345838,14.158936
Zn_num,M8_Stage5_PlausibleInteractions,SVR_RBF,RAW,22,-0.121828,24.623906,13.47942
Zn_num,M8_Stage5_PlausibleInteractions,SVR_RBF,RAW,23,-0.083357,28.971678,15.611724
Zn_num,M8_Stage5_PlausibleInteractions,SVR_RBF,RAW,24,-0.723982,5.423398,4.326984
Zn_num,M8_Stage5_PlausibleInteractions,SVR_RBF,RAW,25,-0.390439,34.337081,20.613111
HPI,M1_Core,Ridge,LOG1P,1,-0.354263,34.930767,33.559807
HPI,M1_Core,Ridge,LOG1P,2,-0.432457,140.521196,89.093042
HPI,M1_Core,Ridge,LOG1P,3,-0.4466,35.338725,28.771273
HPI,M1_Core,Ridge,LOG1P,4,-2.093251,26.555324,21.173674
HPI,M1_Core,Ridge,LOG1P,5,-0.390191,78.209018,53.164161
HPI,M1_Core,Ridge,LOG1P,6,-0.526626,38.93962,34.083497
HPI,M1_Core,Ridge,LOG1P,7,-0.253766,93.979854,62.1279
HPI,M1_Core,Ridge,LOG1P,8,-0.31123,38.747996,33.127684
HPI,M1_Core,Ridge,LOG1P,9,-0.067716,29.680346,25.537508
HPI,M1_Core,Ridge,LOG1P,10,-0.115527,122.345071,73.113431
HPI,M1_Core,Ridge,LOG1P,11,-0.089702,85.351575,43.77889
HPI,M1_Core,Ridge,LOG1P,12,-0.738337,48.386461,44.636121
HPI,M1_Core,Ridge,LOG1P,13,0.031744,70.030946,40.916228
HPI,M1_Core,Ridge,LOG1P,14,-0.038657,101.272841,55.49811
HPI,M1_Core,Ridge,LOG1P,15,-0.104626,35.096249,28.786405
HPI,M1_Core,Ridge,LOG1P,16,-0.409349,21.699013,17.133101
HPI,M1_Core,Ridge,LOG1P,17,-1.275064,43.842361,40.986362
HPI,M1_Core,Ridge,LOG1P,18,-0.309853,113.063253,77.349369
HPI,M1_Core,Ridge,LOG1P,19,-0.035607,101.212932,52.731339
HPI,M1_Core,Ridge,LOG1P,20,0.06414,28.748789,19.871798
HPI,M1_Core,Ridge,LOG1P,21,-0.082303,33.530862,27.848522
HPI,M1_Core,Ridge,LOG1P,22,-0.171251,91.539816,57.381881
HPI,M1_Core,Ridge,LOG1P,23,-0.119828,102.38387,56.974254
HPI,M1_Core,Ridge,LOG1P,24,-0.642013,34.775182,24.587886
HPI,M1_Core,Ridge,LOG1P,25,0.019388,73.214822,47.626393
HPI,M1_Core,Ridge,RAW,1,-4.382478,69.638228,63.313263
HPI,M1_Core,Ridge,RAW,2,-0.279035,132.782942,87.844453
HPI,M1_Core,Ridge,RAW,3,-7.826796,87.292754,78.519952
HPI,M1_Core,Ridge,RAW,4,-9.876393,49.795085,43.205406
HPI,M1_Core,Ridge,RAW,5,-0.096977,69.473366,48.108677
HPI,M1_Core,Ridge,RAW,6,-3.684691,68.212792,58.471195
HPI,M1_Core,Ridge,RAW,7,-0.159161,90.364628,68.365438
HPI,M1_Core,Ridge,RAW,8,-1.258566,50.854136,41.825151
HPI,M1_Core,Ridge,RAW,9,-1.597872,46.296685,44.11241
HPI,M1_Core,Ridge,RAW,10,0.013295,115.064174,80.463592
HPI,M1_Core,Ridge,RAW,11,0.115888,76.879622,48.650522
HPI,M1_Core,Ridge,RAW,12,-1.623729,59.445132,57.303501
HPI,M1_Core,Ridge,RAW,13,-0.339268,82.362323,63.569331
HPI,M1_Core,Ridge,RAW,14,0.144889,91.889975,62.646453
HPI,M1_Core,Ridge,RAW,15,-0.237584,37.14843,31.416617
HPI,M1_Core,Ridge,RAW,16,-8.2823,55.687597,50.853092
HPI,M1_Core,Ridge,RAW,17,-2.683677,55.787629,48.520208
HPI,M1_Core,Ridge,RAW,18,-0.094246,103.339816,79.528829
HPI,M1_Core,Ridge,RAW,19,0.144205,92.007549,60.810974
HPI,M1_Core,Ridge,RAW,20,-1.430615,46.331064,36.413006
HPI,M1_Core,Ridge,RAW,21,-0.74379,42.561536,38.003336
HPI,M1_Core,Ridge,RAW,22,0.072283,81.46908,55.746597
HPI,M1_Core,Ridge,RAW,23,0.041931,94.700958,66.688661
HPI,M1_Core,Ridge,RAW,24,-5.820662,70.875211,59.611702
HPI,M1_Core,Ridge,RAW,25,-0.234641,82.15251,65.017508
HPI,M1_Core,Lasso,LOG1P,1,-0.195712,32.822363,30.129582
HPI,M1_Core,Lasso,LOG1P,2,-0.343176,136.071611,83.552205
HPI,M1_Core,Lasso,LOG1P,3,-0.222299,32.483689,26.389784
HPI,M1_Core,Lasso,LOG1P,4,-0.311281,17.289881,14.595879
HPI,M1_Core,Lasso,LOG1P,5,-0.632995,84.764121,57.540576
HPI,M1_Core,Lasso,LOG1P,6,-0.160626,33.952485,27.741857
HPI,M1_Core,Lasso,LOG1P,7,-0.078604,87.168107,47.486233
HPI,M1_Core,Lasso,LOG1P,8,-0.499682,41.439024,34.067423
HPI,M1_Core,Lasso,LOG1P,9,0.032152,28.258209,23.622925
HPI,M1_Core,Lasso,LOG1P,10,-0.141817,123.778338,74.346061
HPI,M1_Core,Lasso,LOG1P,11,-0.110422,86.159198,43.258795
HPI,M1_Core,Lasso,LOG1P,12,-0.193334,40.090157,35.955673
HPI,M1_Core,Lasso,LOG1P,13,-0.050738,72.952829,37.488946
HPI,M1_Core,Lasso,LOG1P,14,-0.086673,103.587255,60.766896
HPI,M1_Core,Lasso,LOG1P,15,-0.065075,34.462214,28.091213
HPI,M1_Core,Lasso,LOG1P,16,0.057496,17.744848,13.074577
HPI,M1_Core,Lasso,LOG1P,17,-0.554952,36.245624,34.752876
HPI,M1_Core,Lasso,LOG1P,18,-0.438926,118.503038,80.862051
HPI,M1_Core,Lasso,LOG1P,19,-0.038686,101.363274,54.626346
HPI,M1_Core,Lasso,LOG1P,20,0.07592,28.567283,21.593759
HPI,M1_Core,Lasso,LOG1P,21,-0.003666,32.289756,26.192778
HPI,M1_Core,Lasso,LOG1P,22,-0.206291,92.899008,59.392729
HPI,M1_Core,Lasso,LOG1P,23,-0.049558,99.119494,50.418954
HPI,M1_Core,Lasso,LOG1P,24,0.057416,26.347601,16.535993
HPI,M1_Core,Lasso,LOG1P,25,-0.036367,75.267471,47.097691
HPI,M1_Core,Lasso,RAW,1,-4.540516,70.653176,64.192472
HPI,M1_Core,Lasso,RAW,2,-0.287634,133.228552,88.869403
HPI,M1_Core,Lasso,RAW,3,-8.599322,91.032594,81.577518
HPI,M1_Core,Lasso,RAW,4,-10.173565,50.470769,43.304326
HPI,M1_Core,Lasso,RAW,5,-0.090872,69.279779,47.913955
HPI,M1_Core,Lasso,RAW,6,-3.911042,69.841274,59.832203
HPI,M1_Core,Lasso,RAW,7,-0.182382,91.265242,69.283474
HPI,M1_Core,Lasso,RAW,8,-1.537426,53.902208,43.829717
HPI,M1_Core,Lasso,RAW,9,-1.650916,46.766951,44.612214
HPI,M1_Core,Lasso,RAW,10,0.008755,115.328592,80.991604
HPI,M1_Core,Lasso,RAW,11,0.117523,76.808503,49.031004
HPI,M1_Core,Lasso,RAW,12,-1.716573,60.487758,58.160448
HPI,M1_Core,Lasso,RAW,13,-0.371258,83.340182,64.540329
HPI,M1_Core,Lasso,RAW,14,0.146342,91.81186,62.901458
HPI,M1_Core,Lasso,RAW,15,-0.254603,37.402976,31.722991
HPI,M1_Core,Lasso,RAW,16,-8.860335,57.395325,52.093219
HPI,M1_Core,Lasso,RAW,17,-2.877626,57.237427,49.570145
HPI,M1_Core,Lasso,RAW,18,-0.087735,103.031922,79.460256
HPI,M1_Core,Lasso,RAW,19,0.146438,91.887433,60.971211
HPI,M1_Core,Lasso,RAW,20,-1.551466,47.468894,37.287082
HPI,M1_Core,Lasso,RAW,21,-0.796564,43.200777,38.419033
HPI,M1_Core,Lasso,RAW,22,0.07066,81.540307,56.062522
HPI,M1_Core,Lasso,RAW,23,0.041836,94.705641,67.218578
HPI,M1_Core,Lasso,RAW,24,-6.14126,72.521793,60.774359
HPI,M1_Core,Lasso,RAW,25,-0.272017,83.386725,66.2465
HPI,M1_Core,HuberRegressor,LOG1P,1,-0.137925,32.019419,28.362104
HPI,M1_Core,HuberRegressor,LOG1P,2,-0.457647,141.751331,90.598657
HPI,M1_Core,HuberRegressor,LOG1P,3,-0.307819,33.600862,27.198505
HPI,M1_Core,HuberRegressor,LOG1P,4,-5.108399,37.317086,29.026549
HPI,M1_Core,HuberRegressor,LOG1P,5,-0.595679,83.790021,58.914674
HPI,M1_Core,HuberRegressor,LOG1P,6,-0.281291,35.673782,27.754318
HPI,M1_Core,HuberRegressor,LOG1P,7,-0.507594,103.054945,71.146601
HPI,M1_Core,HuberRegressor,LOG1P,8,-0.449184,40.735364,33.232275
HPI,M1_Core,HuberRegressor,LOG1P,9,-0.029699,29.147157,23.614581
HPI,M1_Core,HuberRegressor,LOG1P,10,-0.148971,124.165485,74.368313
HPI,M1_Core,HuberRegressor,LOG1P,11,-0.11514,86.342055,43.262849
HPI,M1_Core,HuberRegressor,LOG1P,12,-1.82934,61.730447,53.390382
HPI,M1_Core,HuberRegressor,LOG1P,13,0.05056,69.347145,39.241614
HPI,M1_Core,HuberRegressor,LOG1P,14,-0.112353,104.80412,56.412617
HPI,M1_Core,HuberRegressor,LOG1P,15,-0.210089,36.733448,29.289741
HPI,M1_Core,HuberRegressor,LOG1P,16,-0.229546,20.267633,15.814649
HPI,M1_Core,HuberRegressor,LOG1P,17,-1.041804,41.53404,38.311169
HPI,M1_Core,HuberRegressor,LOG1P,18,-0.36323,115.343934,77.811726
HPI,M1_Core,HuberRegressor,LOG1P,19,-0.061235,102.457608,52.725439
HPI,M1_Core,HuberRegressor,LOG1P,20,-0.210247,32.692736,27.193336
HPI,M1_Core,HuberRegressor,LOG1P,21,-0.11794,34.078419,27.370897
HPI,M1_Core,HuberRegressor,LOG1P,22,-0.257202,94.839153,59.851014
HPI,M1_Core,HuberRegressor,LOG1P,23,-0.177164,104.97221,57.816591
HPI,M1_Core,HuberRegressor,LOG1P,24,-0.331423,31.314042,20.522511
HPI,M1_Core,HuberRegressor,LOG1P,25,0.024718,73.015604,45.876993
HPI,M1_Core,HuberRegressor,RAW,1,-0.415907,35.716914,34.361106
HPI,M1_Core,HuberRegressor,RAW,2,-0.375934,137.720889,87.113794
HPI,M1_Core,HuberRegressor,RAW,3,-2.29299,53.317755,45.414776
HPI,M1_Core,HuberRegressor,RAW,4,-4.211351,34.468248,31.25235
HPI,M1_Core,HuberRegressor,RAW,5,-0.581072,83.40565,57.786601
HPI,M1_Core,HuberRegressor,RAW,6,-0.301528,35.954402,31.058501
HPI,M1_Core,HuberRegressor,RAW,7,-0.138101,89.539967,59.955965
HPI,M1_Core,HuberRegressor,RAW,8,-0.397174,39.997715,33.057734
HPI,M1_Core,HuberRegressor,RAW,9,-0.053931,29.488117,25.615164
HPI,M1_Core,HuberRegressor,RAW,10,-0.139805,123.669258,77.58193
HPI,M1_Core,HuberRegressor,RAW,11,-0.044499,83.562551,44.639447
HPI,M1_Core,HuberRegressor,RAW,12,-0.682261,47.599624,45.494632
HPI,M1_Core,HuberRegressor,RAW,13,0.052135,69.289614,38.276628
HPI,M1_Core,HuberRegressor,RAW,14,-0.082611,103.393488,59.245263
HPI,M1_Core,HuberRegressor,RAW,15,-0.078105,34.67237,29.196089
HPI,M1_Core,HuberRegressor,RAW,16,-2.73842,35.340666,27.387444
HPI,M1_Core,HuberRegressor,RAW,17,-0.467222,35.208297,33.787388
HPI,M1_Core,HuberRegressor,RAW,18,-0.348493,114.718786,79.263621
HPI,M1_Core,HuberRegressor,RAW,19,-0.027947,100.837894,53.944072
HPI,M1_Core,HuberRegressor,RAW,20,-0.145072,31.800258,27.961407
HPI,M1_Core,HuberRegressor,RAW,21,-0.065656,33.271978,29.031291
HPI,M1_Core,HuberRegressor,RAW,22,-0.223464,93.557949,60.62421
HPI,M1_Core,HuberRegressor,RAW,23,-0.083776,100.722302,56.680669
HPI,M1_Core,HuberRegressor,RAW,24,-0.610523,34.440115,27.538188
HPI,M1_Core,HuberRegressor,RAW,25,-0.008601,74.252333,48.289538
HPI,M1_Core,SVR_RBF,LOG1P,1,-0.209741,33.014346,26.837748
HPI,M1_Core,SVR_RBF,LOG1P,2,-0.460529,141.891419,84.570688
HPI,M1_Core,SVR_RBF,LOG1P,3,-0.207489,32.286294,24.801441
HPI,M1_Core,SVR_RBF,LOG1P,4,-1.408569,23.432765,17.519164
HPI,M1_Core,SVR_RBF,LOG1P,5,-0.767108,88.176144,60.706644
HPI,M1_Core,SVR_RBF,LOG1P,6,-0.581424,39.632315,32.291857
HPI,M1_Core,SVR_RBF,LOG1P,7,-0.134622,89.403009,53.072474
HPI,M1_Core,SVR_RBF,LOG1P,8,-0.788012,45.247553,37.476552
HPI,M1_Core,SVR_RBF,LOG1P,9,0.062974,27.804613,23.648005
HPI,M1_Core,SVR_RBF,LOG1P,10,-0.256582,129.849971,71.967459
HPI,M1_Core,SVR_RBF,LOG1P,11,-0.116609,86.398922,44.496888
HPI,M1_Core,SVR_RBF,LOG1P,12,-0.509217,45.085056,37.804066
HPI,M1_Core,SVR_RBF,LOG1P,13,-0.255477,79.744224,40.921388
HPI,M1_Core,SVR_RBF,LOG1P,14,-0.23718,110.52827,60.499205
HPI,M1_Core,SVR_RBF,LOG1P,15,-0.248538,37.312466,29.134186
HPI,M1_Core,SVR_RBF,LOG1P,16,0.332917,14.928651,12.119057
HPI,M1_Core,SVR_RBF,LOG1P,17,-0.530661,35.961407,30.935609
HPI,M1_Core,SVR_RBF,LOG1P,18,-0.4283,118.064668,78.971057
HPI,M1_Core,SVR_RBF,LOG1P,19,-0.116765,105.104018,56.138047
HPI,M1_Core,SVR_RBF,LOG1P,20,-0.212937,32.729044,25.426681
HPI,M1_Core,SVR_RBF,LOG1P,21,-0.129591,34.255545,25.476622
HPI,M1_Core,SVR_RBF,LOG1P,22,-0.258885,94.902603,60.181117
HPI,M1_Core,SVR_RBF,LOG1P,23,-0.191301,105.600681,53.315342
HPI,M1_Core,SVR_RBF,LOG1P,24,-0.206514,29.808988,20.29574
HPI,M1_Core,SVR_RBF,LOG1P,25,-0.191294,80.69747,49.585581
HPI,M1_Core,SVR_RBF,RAW,1,-0.005391,30.097059,25.833316
HPI,M1_Core,SVR_RBF,RAW,2,-0.353278,136.582334,83.278582
HPI,M1_Core,SVR_RBF,RAW,3,-0.10237,30.848953,24.505913
HPI,M1_Core,SVR_RBF,RAW,4,-0.167414,16.313854,14.560418
HPI,M1_Core,SVR_RBF,RAW,5,-0.841633,90.016286,62.361852
HPI,M1_Core,SVR_RBF,RAW,6,-0.217893,34.78003,25.857404
HPI,M1_Core,SVR_RBF,RAW,7,-0.165593,90.614992,51.161824
HPI,M1_Core,SVR_RBF,RAW,8,-0.914375,46.819133,34.492256
HPI,M1_Core,SVR_RBF,RAW,9,-0.115471,30.336833,24.181046
HPI,M1_Core,SVR_RBF,RAW,10,-0.168717,125.22789,74.748708
HPI,M1_Core,SVR_RBF,RAW,11,-0.174514,88.610843,45.978547
HPI,M1_Core,SVR_RBF,RAW,12,-0.114303,38.739892,30.243127
HPI,M1_Core,SVR_RBF,RAW,13,-0.242779,79.339955,41.564161
HPI,M1_Core,SVR_RBF,RAW,14,-0.166017,107.302369,59.846681
HPI,M1_Core,SVR_RBF,RAW,15,-0.303917,38.130984,30.315173
HPI,M1_Core,SVR_RBF,RAW,16,-0.112667,19.280279,18.050388
HPI,M1_Core,SVR_RBF,RAW,17,-0.544932,36.128658,30.048849
HPI,M1_Core,SVR_RBF,RAW,18,-0.508267,121.324738,82.144478
HPI,M1_Core,SVR_RBF,RAW,19,-0.098314,104.232157,56.627139
HPI,M1_Core,SVR_RBF,RAW,20,-0.046127,30.395296,22.966994
HPI,M1_Core,SVR_RBF,RAW,21,-0.14218,34.445897,25.815275
HPI,M1_Core,SVR_RBF,RAW,22,-0.289546,96.051363,59.253872
HPI,M1_Core,SVR_RBF,RAW,23,-0.143829,103.475257,50.42244
HPI,M1_Core,SVR_RBF,RAW,24,-0.164073,29.280008,18.929908
HPI,M1_Core,SVR_RBF,RAW,25,-0.17575,80.169294,50.416669
HPI,M2_Core_Salinity,Ridge,LOG1P,1,-0.233539,33.337499,32.029147
HPI,M2_Core_Salinity,Ridge,LOG1P,2,-0.440055,140.893353,89.483113
HPI,M2_Core_Salinity,Ridge,LOG1P,3,-0.488977,35.8526,29.393439
HPI,M2_Core_Salinity,Ridge,LOG1P,4,-1.84546,25.46949,20.543226
HPI,M2_Core_Salinity,Ridge,LOG1P,5,-0.393984,78.315632,54.472755
HPI,M2_Core_Salinity,Ridge,LOG1P,6,-0.516718,38.813043,34.035506
HPI,M2_Core_Salinity,Ridge,LOG1P,7,-0.338768,97.113409,67.030802
HPI,M2_Core_Salinity,Ridge,LOG1P,8,-0.305738,38.666776,33.166511
HPI,M2_Core_Salinity,Ridge,LOG1P,9,-0.557709,35.849588,31.189054
HPI,M2_Core_Salinity,Ridge,LOG1P,10,-0.103803,121.700478,72.83136
HPI,M2_Core_Salinity,Ridge,LOG1P,11,-0.091929,85.438749,44.506409
HPI,M2_Core_Salinity,Ridge,LOG1P,12,-0.632611,46.891934,43.591716
HPI,M2_Core_Salinity,Ridge,LOG1P,13,0.043611,69.600469,39.757224
HPI,M2_Core_Salinity,Ridge,LOG1P,14,-0.025731,100.64071,55.261618
HPI,M2_Core_Salinity,Ridge,LOG1P,15,-0.237465,37.146643,30.470133
HPI,M2_Core_Salinity,Ridge,LOG1P,16,-0.34163,21.171279,17.804577
HPI,M2_Core_Salinity,Ridge,LOG1P,17,-1.139478,42.515864,40.205093
HPI,M2_Core_Salinity,Ridge,LOG1P,18,-0.318009,113.41473,77.082427
HPI,M2_Core_Salinity,Ridge,LOG1P,19,-0.022568,100.573715,52.636778
HPI,M2_Core_Salinity,Ridge,LOG1P,20,0.068172,28.68679,19.621607
HPI,M2_Core_Salinity,Ridge,LOG1P,21,-0.179006,34.996788,28.796451
HPI,M2_Core_Salinity,Ridge,LOG1P,22,-0.171249,91.539731,57.501214
HPI,M2_Core_Salinity,Ridge,LOG1P,23,-0.151661,103.828884,58.131385
HPI,M2_Core_Salinity,Ridge,LOG1P,24,-0.484888,33.06952,23.162564
HPI,M2_Core_Salinity,Ridge,LOG1P,25,0.034102,72.663483,47.896933
HPI,M2_Core_Salinity,Ridge,RAW,1,-3.900332,66.446078,60.212464
HPI,M2_Core_Salinity,Ridge,RAW,2,-0.287644,133.229057,88.162991
HPI,M2_Core_Salinity,Ridge,RAW,3,-6.985694,83.029603,74.458477
HPI,M2_Core_Salinity,Ridge,RAW,4,-8.594912,46.769694,38.688474
HPI,M2_Core_Salinity,Ridge,RAW,5,-0.200268,72.670581,54.38253
HPI,M2_Core_Salinity,Ridge,RAW,6,-3.565082,67.336362,57.911754
HPI,M2_Core_Salinity,Ridge,RAW,7,-0.11458,88.609913,64.430947
HPI,M2_Core_Salinity,Ridge,RAW,8,-1.097669,49.009285,41.038933
HPI,M2_Core_Salinity,Ridge,RAW,9,-2.471498,53.517955,48.897608
HPI,M2_Core_Salinity,Ridge,RAW,10,0.024857,114.38805,80.192122
HPI,M2_Core_Salinity,Ridge,RAW,11,0.109223,77.168865,47.110165
HPI,M2_Core_Salinity,Ridge,RAW,12,-1.624372,59.45242,56.447364
HPI,M2_Core_Salinity,Ridge,RAW,13,-0.269628,80.192385,60.097382
HPI,M2_Core_Salinity,Ridge,RAW,14,0.156693,91.253569,62.105165
HPI,M2_Core_Salinity,Ridge,RAW,15,-0.730132,43.92307,35.31912
HPI,M2_Core_Salinity,Ridge,RAW,16,-7.893101,54.507629,47.836379
HPI,M2_Core_Salinity,Ridge,RAW,17,-2.960938,57.84904,47.83059
HPI,M2_Core_Salinity,Ridge,RAW,18,-0.092994,103.280682,77.639311
HPI,M2_Core_Salinity,Ridge,RAW,19,0.166763,90.786782,59.875729
HPI,M2_Core_Salinity,Ridge,RAW,20,-1.274998,44.823385,35.25398
HPI,M2_Core_Salinity,Ridge,RAW,21,-0.825016,43.541515,36.086516
HPI,M2_Core_Salinity,Ridge,RAW,22,0.070478,81.548288,53.196357
HPI,M2_Core_Salinity,Ridge,RAW,23,0.031304,95.224723,67.029676
HPI,M2_Core_Salinity,Ridge,RAW,24,-5.176791,67.446984,55.04485
HPI,M2_Core_Salinity,Ridge,RAW,25,-0.219211,81.637548,65.082468
HPI,M2_Core_Salinity,Lasso,LOG1P,1,-0.142269,32.080472,29.396031
HPI,M2_Core_Salinity,Lasso,LOG1P,2,-0.343176,136.071611,83.552205
HPI,M2_Core_Salinity,Lasso,LOG1P,3,-0.239458,32.710904,26.649067
HPI,M2_Core_Salinity,Lasso,LOG1P,4,-0.303241,17.236789,14.515742
HPI,M2_Core_Salinity,Lasso,LOG1P,5,-0.611336,84.200095,57.628653
HPI,M2_Core_Salinity,Lasso,LOG1P,6,-0.16494,34.015519,28.00305
HPI,M2_Core_Salinity,Lasso,LOG1P,7,-0.078604,87.168107,47.486233
HPI,M2_Core_Salinity,Lasso,LOG1P,8,-0.468311,41.003309,33.559532
HPI,M2_Core_Salinity,Lasso,LOG1P,9,-0.120109,30.399828,25.144532
HPI,M2_Core_Salinity,Lasso,LOG1P,10,-0.141817,123.778338,74.346061
HPI,M2_Core_Salinity,Lasso,LOG1P,11,-0.11384,86.291713,43.214131
HPI,M2_Core_Salinity,Lasso,LOG1P,12,-0.201553,40.227989,35.924036
HPI,M2_Core_Salinity,Lasso,LOG1P,13,-0.049165,72.898202,37.382697
HPI,M2_Core_Salinity,Lasso,LOG1P,14,-0.086673,103.587255,60.766896
HPI,M2_Core_Salinity,Lasso,LOG1P,15,-0.096906,34.973391,28.162202
HPI,M2_Core_Salinity,Lasso,LOG1P,16,0.023683,18.060349,13.583895
HPI,M2_Core_Salinity,Lasso,LOG1P,17,-0.56279,36.336861,35.005171
HPI,M2_Core_Salinity,Lasso,LOG1P,18,-0.436728,118.412469,80.377572
HPI,M2_Core_Salinity,Lasso,LOG1P,19,-0.038685,101.363229,54.626328
HPI,M2_Core_Salinity,Lasso,LOG1P,20,0.082689,28.46247,21.428239
HPI,M2_Core_Salinity,Lasso,LOG1P,21,-0.052493,33.065865,26.220139
HPI,M2_Core_Salinity,Lasso,LOG1P,22,-0.209182,93.010267,59.604683
HPI,M2_Core_Salinity,Lasso,LOG1P,23,-0.049558,99.119494,50.418954
HPI,M2_Core_Salinity,Lasso,LOG1P,24,0.083588,25.979248,15.650914
HPI,M2_Core_Salinity,Lasso,LOG1P,25,-0.00517,74.125945,46.483913
HPI,M2_Core_Salinity,Lasso,RAW,1,-3.82479,65.931932,59.149405
HPI,M2_Core_Salinity,Lasso,RAW,2,-0.315841,134.67988,89.825433
HPI,M2_Core_Salinity,Lasso,RAW,3,-7.350411,84.904472,75.602714
HPI,M2_Core_Salinity,Lasso,RAW,4,-8.209115,45.819778,36.205681
HPI,M2_Core_Salinity,Lasso,RAW,5,-0.348235,77.019811,59.513897
HPI,M2_Core_Salinity,Lasso,RAW,6,-3.63448,67.846246,57.901728
HPI,M2_Core_Salinity,Lasso,RAW,7,-0.128507,89.161784,65.20433
HPI,M2_Core_Salinity,Lasso,RAW,8,-1.34217,51.786799,43.626372
HPI,M2_Core_Salinity,Lasso,RAW,9,-3.746519,62.579006,53.321882
HPI,M2_Core_Salinity,Lasso,RAW,10,0.030785,114.039786,80.778272
HPI,M2_Core_Salinity,Lasso,RAW,11,0.10136,77.508712,49.845336
HPI,M2_Core_Salinity,Lasso,RAW,12,-1.634229,59.563961,55.832437
HPI,M2_Core_Salinity,Lasso,RAW,13,-0.26272,79.973932,58.42937
HPI,M2_Core_Salinity,Lasso,RAW,14,0.158821,91.138371,62.323364
HPI,M2_Core_Salinity,Lasso,RAW,15,-1.572888,53.562827,42.627306
HPI,M2_Core_Salinity,Lasso,RAW,16,-8.750038,57.073411,49.584235
HPI,M2_Core_Salinity,Lasso,RAW,17,-3.383348,60.855539,50.040344
HPI,M2_Core_Salinity,Lasso,RAW,18,-0.116694,104.394441,77.278938
HPI,M2_Core_Salinity,Lasso,RAW,19,0.176049,90.279493,59.685069
HPI,M2_Core_Salinity,Lasso,RAW,20,-1.229545,44.373358,34.486801
HPI,M2_Core_Salinity,Lasso,RAW,21,-1.223066,48.055863,37.787609
HPI,M2_Core_Salinity,Lasso,RAW,22,0.07793,81.220743,51.999111
HPI,M2_Core_Salinity,Lasso,RAW,23,0.029195,95.328293,67.591644
HPI,M2_Core_Salinity,Lasso,RAW,24,-5.070158,66.862268,52.775103
HPI,M2_Core_Salinity,Lasso,RAW,25,-0.271784,83.379111,66.678959
HPI,M2_Core_Salinity,HuberRegressor,LOG1P,1,-0.057847,30.87223,27.356502
HPI,M2_Core_Salinity,HuberRegressor,LOG1P,2,-0.442894,141.032172,89.89821
HPI,M2_Core_Salinity,HuberRegressor,LOG1P,3,-0.486374,35.821241,29.13329
HPI,M2_Core_Salinity,HuberRegressor,LOG1P,4,-3.389328,31.633193,24.965463
HPI,M2_Core_Salinity,HuberRegressor,LOG1P,5,-0.457962,80.092662,56.588836
HPI,M2_Core_Salinity,HuberRegressor,LOG1P,6,-0.42418,37.610389,30.889487
HPI,M2_Core_Salinity,HuberRegressor,LOG1P,7,-1.859882,141.938649,104.864205
HPI,M2_Core_Salinity,HuberRegressor,LOG1P,8,-0.398795,40.0209,32.937011
HPI,M2_Core_Salinity,HuberRegressor,LOG1P,9,-1.411898,44.608795,38.58788
HPI,M2_Core_Salinity,HuberRegressor,LOG1P,10,-0.093961,121.156681,72.707384
HPI,M2_Core_Salinity,HuberRegressor,LOG1P,11,-0.110528,86.163328,45.526375
HPI,M2_Core_Salinity,HuberRegressor,LOG1P,12,-1.058836,52.658398,48.066612
HPI,M2_Core_Salinity,HuberRegressor,LOG1P,13,0.079589,68.278803,37.392247
HPI,M2_Core_Salinity,HuberRegressor,LOG1P,14,-0.070522,102.814584,55.470487
HPI,M2_Core_Salinity,HuberRegressor,LOG1P,15,-0.38441,39.290304,31.652163
HPI,M2_Core_Salinity,HuberRegressor,LOG1P,16,-0.589137,23.041533,18.830742
HPI,M2_Core_Salinity,HuberRegressor,LOG1P,17,-0.86501,39.69517,37.572445
HPI,M2_Core_Salinity,HuberRegressor,LOG1P,18,-0.345558,114.593898,77.147349
HPI,M2_Core_Salinity,HuberRegressor,LOG1P,19,0.015752,98.671269,52.271978
HPI,M2_Core_Salinity,HuberRegressor,LOG1P,20,-0.162916,32.047066,25.895638
HPI,M2_Core_Salinity,HuberRegressor,LOG1P,21,-0.333257,37.215778,29.556117
HPI,M2_Core_Salinity,HuberRegressor,LOG1P,22,-0.241614,94.249353,59.919416
HPI,M2_Core_Salinity,HuberRegressor,LOG1P,23,-0.238492,107.671935,59.997926
HPI,M2_Core_Salinity,HuberRegressor,LOG1P,24,-0.136962,28.937036,18.153996
HPI,M2_Core_Salinity,HuberRegressor,LOG1P,25,0.068758,71.348005,46.478707
HPI,M2_Core_Salinity,HuberRegressor,RAW,1,-0.31958,34.48057,33.090614
HPI,M2_Core_Salinity,HuberRegressor,RAW,2,-0.391059,138.475789,87.265077
HPI,M2_Core_Salinity,HuberRegressor,RAW,3,-2.021659,51.073941,44.186613
HPI,M2_Core_Salinity,HuberRegressor,RAW,4,-4.372336,34.996582,31.790047
HPI,M2_Core_Salinity,HuberRegressor,RAW,5,-0.524577,81.901956,56.719067
HPI,M2_Core_Salinity,HuberRegressor,RAW,6,-0.348396,36.59604,32.581483
HPI,M2_Core_Salinity,HuberRegressor,RAW,7,-0.412794,99.762207,79.952813
HPI,M2_Core_Salinity,HuberRegressor,RAW,8,-0.371542,39.629126,33.074074
HPI,M2_Core_Salinity,HuberRegressor,RAW,9,-1.402036,44.517504,38.023737
HPI,M2_Core_Salinity,HuberRegressor,RAW,10,-0.128282,123.042527,77.258654
HPI,M2_Core_Salinity,HuberRegressor,RAW,11,-0.036422,83.238833,45.619229
HPI,M2_Core_Salinity,HuberRegressor,RAW,12,-0.614118,46.625604,44.539787
HPI,M2_Core_Salinity,HuberRegressor,RAW,13,0.049678,69.37936,38.486977
HPI,M2_Core_Salinity,HuberRegressor,RAW,14,-0.07049,102.813077,58.996405
HPI,M2_Core_Salinity,HuberRegressor,RAW,15,-0.146233,35.751107,30.611825
HPI,M2_Core_Salinity,HuberRegressor,RAW,16,-2.719658,35.251872,26.874826
HPI,M2_Core_Salinity,HuberRegressor,RAW,17,-0.476728,35.322167,33.96015
HPI,M2_Core_Salinity,HuberRegressor,RAW,18,-0.33641,114.203676,78.784721
HPI,M2_Core_Salinity,HuberRegressor,RAW,19,-0.001381,99.526357,53.598397
HPI,M2_Core_Salinity,HuberRegressor,RAW,20,-0.113083,31.352913,27.455252
HPI,M2_Core_Salinity,HuberRegressor,RAW,21,-0.107162,33.913752,29.838343
HPI,M2_Core_Salinity,HuberRegressor,RAW,22,-0.212187,93.125786,60.466423
HPI,M2_Core_Salinity,HuberRegressor,RAW,23,-0.14755,103.64343,58.405829
HPI,M2_Core_Salinity,HuberRegressor,RAW,24,-0.490615,33.133238,25.903539
HPI,M2_Core_Salinity,HuberRegressor,RAW,25,0.007579,73.654374,48.793169
HPI,M2_Core_Salinity,SVR_RBF,LOG1P,1,-0.195323,32.817032,26.621021
HPI,M2_Core_Salinity,SVR_RBF,LOG1P,2,-0.436563,140.722428,83.290974
HPI,M2_Core_Salinity,SVR_RBF,LOG1P,3,-0.085246,30.608415,22.77393
HPI,M2_Core_Salinity,SVR_RBF,LOG1P,4,-3.072001,30.468282,21.734717
HPI,M2_Core_Salinity,SVR_RBF,LOG1P,5,-0.787412,88.681261,60.810671
HPI,M2_Core_Salinity,SVR_RBF,LOG1P,6,-0.695623,41.038355,32.899203
HPI,M2_Core_Salinity,SVR_RBF,LOG1P,7,-0.140284,89.6258,56.484083
HPI,M2_Core_Salinity,SVR_RBF,LOG1P,8,-0.695585,44.062546,36.6374
HPI,M2_Core_Salinity,SVR_RBF,LOG1P,9,-0.218509,31.707016,26.358959
HPI,M2_Core_Salinity,SVR_RBF,LOG1P,10,-0.253161,129.673091,70.525048
HPI,M2_Core_Salinity,SVR_RBF,LOG1P,11,-0.11525,86.346305,43.914974
HPI,M2_Core_Salinity,SVR_RBF,LOG1P,12,-0.48802,44.767328,36.825486
HPI,M2_Core_Salinity,SVR_RBF,LOG1P,13,-0.270089,80.206944,40.70411
HPI,M2_Core_Salinity,SVR_RBF,LOG1P,14,-0.21193,109.39455,59.566494
HPI,M2_Core_Salinity,SVR_RBF,LOG1P,15,-0.27409,37.692347,28.788079
HPI,M2_Core_Salinity,SVR_RBF,LOG1P,16,0.378798,14.406126,11.336023
HPI,M2_Core_Salinity,SVR_RBF,LOG1P,17,-0.494343,35.532219,30.145643
HPI,M2_Core_Salinity,SVR_RBF,LOG1P,18,-0.422675,117.831959,78.428251
HPI,M2_Core_Salinity,SVR_RBF,LOG1P,19,-0.104646,104.532171,56.224983
HPI,M2_Core_Salinity,SVR_RBF,LOG1P,20,-0.206869,32.64707,25.246455
HPI,M2_Core_Salinity,SVR_RBF,LOG1P,21,-0.212814,35.495002,25.315813
HPI,M2_Core_Salinity,SVR_RBF,LOG1P,22,-0.238318,94.124179,59.737888
HPI,M2_Core_Salinity,SVR_RBF,LOG1P,23,-0.245984,107.997132,56.695196
HPI,M2_Core_Salinity,SVR_RBF,LOG1P,24,-0.321719,31.199716,21.895162
HPI,M2_Core_Salinity,SVR_RBF,LOG1P,25,-0.191934,80.719161,49.351607
HPI,M2_Core_Salinity,SVR_RBF,RAW,1,-0.005513,30.098887,25.74248
HPI,M2_Core_Salinity,SVR_RBF,RAW,2,-0.350754,136.454897,83.180764
HPI,M2_Core_Salinity,SVR_RBF,RAW,3,-0.107079,30.914761,24.55115
HPI,M2_Core_Salinity,SVR_RBF,RAW,4,-0.153304,16.214964,14.485265
HPI,M2_Core_Salinity,SVR_RBF,RAW,5,-0.846448,90.133898,62.540153
HPI,M2_Core_Salinity,SVR_RBF,RAW,6,-0.221842,34.836373,25.901432
HPI,M2_Core_Salinity,SVR_RBF,RAW,7,-0.164676,90.579337,51.193419
HPI,M2_Core_Salinity,SVR_RBF,RAW,8,-0.902415,46.67265,34.30681
HPI,M2_Core_Salinity,SVR_RBF,RAW,9,-0.136365,30.619628,24.398905
HPI,M2_Core_Salinity,SVR_RBF,RAW,10,-0.168201,125.20024,74.693021
HPI,M2_Core_Salinity,SVR_RBF,RAW,11,-0.175,88.629157,45.943432
HPI,M2_Core_Salinity,SVR_RBF,RAW,12,-0.113501,38.725952,30.225699
HPI,M2_Core_Salinity,SVR_RBF,RAW,13,-0.240104,79.254503,41.481078
HPI,M2_Core_Salinity,SVR_RBF,RAW,14,-0.166511,107.325101,59.726739
HPI,M2_Core_Salinity,SVR_RBF,RAW,15,-0.30385,38.130012,30.31834
HPI,M2_Core_Salinity,SVR_RBF,RAW,16,-0.123907,19.377419,18.113514
HPI,M2_Core_Salinity,SVR_RBF,RAW,17,-0.53927,36.062396,30.005702
HPI,M2_Core_Salinity,SVR_RBF,RAW,18,-0.507584,121.297243,82.092018
HPI,M2_Core_Salinity,SVR_RBF,RAW,19,-0.098222,104.22779,56.538056
HPI,M2_Core_Salinity,SVR_RBF,RAW,20,-0.051307,30.470457,23.078204
HPI,M2_Core_Salinity,SVR_RBF,RAW,21,-0.147665,34.528508,25.775259
HPI,M2_Core_Salinity,SVR_RBF,RAW,22,-0.288939,96.028755,59.312143
HPI,M2_Core_Salinity,SVR_RBF,RAW,23,-0.144632,103.511541,50.472726
HPI,M2_Core_Salinity,SVR_RBF,RAW,24,-0.160395,29.233717,18.863227
HPI,M2_Core_Salinity,SVR_RBF,RAW,25,-0.172905,80.072241,50.378847
HPI,M3_Core_IonRatios,Ridge,LOG1P,1,-5.763239,78.060974,53.611381
HPI,M3_Core_IonRatios,Ridge,LOG1P,2,-0.390637,138.454794,87.358801
HPI,M3_Core_IonRatios,Ridge,LOG1P,3,-0.292956,33.409388,27.368648
HPI,M3_Core_IonRatios,Ridge,LOG1P,4,-1.968547,26.014533,21.329272
HPI,M3_Core_IonRatios,Ridge,LOG1P,5,-0.429356,79.303027,59.120798
HPI,M3_Core_IonRatios,Ridge,LOG1P,6,-0.785237,42.108845,38.556913
HPI,M3_Core_IonRatios,Ridge,LOG1P,7,-0.120876,88.859791,56.921926
HPI,M3_Core_IonRatios,Ridge,LOG1P,8,-0.152311,36.324092,31.503933
HPI,M3_Core_IonRatios,Ridge,LOG1P,9,-0.080348,29.855394,24.800114
HPI,M3_Core_IonRatios,Ridge,LOG1P,10,-0.088246,120.839778,70.896393
HPI,M3_Core_IonRatios,Ridge,LOG1P,11,-0.143338,87.426904,46.313279
HPI,M3_Core_IonRatios,Ridge,LOG1P,12,-0.402076,43.455291,41.378277
HPI,M3_Core_IonRatios,Ridge,LOG1P,13,0.133808,66.237194,43.325187
HPI,M3_Core_IonRatios,Ridge,LOG1P,14,-0.835432,134.625137,86.785777
HPI,M3_Core_IonRatios,Ridge,LOG1P,15,-0.003757,33.455482,27.611315
HPI,M3_Core_IonRatios,Ridge,LOG1P,16,-0.219967,20.188534,16.043988
HPI,M3_Core_IonRatios,Ridge,LOG1P,17,-0.900299,40.068967,38.740718
HPI,M3_Core_IonRatios,Ridge,LOG1P,18,-0.409606,117.2895,80.668509
HPI,M3_Core_IonRatios,Ridge,LOG1P,19,0.002198,99.348347,54.912507
HPI,M3_Core_IonRatios,Ridge,LOG1P,20,0.27798,25.251593,17.171732
HPI,M3_Core_IonRatios,Ridge,LOG1P,21,-0.003948,32.294297,27.18388
HPI,M3_Core_IonRatios,Ridge,LOG1P,22,-0.237475,94.092138,59.93184
HPI,M3_Core_IonRatios,Ridge,LOG1P,23,-0.285804,109.709248,66.727683
HPI,M3_Core_IonRatios,Ridge,LOG1P,24,-0.749668,35.897068,28.110918
HPI,M3_Core_IonRatios,Ridge,LOG1P,25,0.04388,72.294738,53.423166
HPI,M3_Core_IonRatios,Ridge,RAW,1,-8.923763,94.55724,77.550743
HPI,M3_Core_IonRatios,Ridge,RAW,2,-0.30299,134.020604,95.138096
HPI,M3_Core_IonRatios,Ridge,RAW,3,-5.777632,76.491934,70.176218
HPI,M3_Core_IonRatios,Ridge,RAW,4,-10.225611,50.588177,43.870532
HPI,M3_Core_IonRatios,Ridge,RAW,5,-0.216453,73.158905,56.661763
HPI,M3_Core_IonRatios,Ridge,RAW,6,-4.626101,74.753084,67.632553
HPI,M3_Core_IonRatios,Ridge,RAW,7,-0.055919,86.246589,66.627463
HPI,M3_Core_IonRatios,Ridge,RAW,8,-1.088277,48.899439,37.974536
HPI,M3_Core_IonRatios,Ridge,RAW,9,-1.800572,48.068927,45.933549
HPI,M3_Core_IonRatios,Ridge,RAW,10,0.031923,113.972825,76.986356
HPI,M3_Core_IonRatios,Ridge,RAW,11,0.033489,80.382429,52.494149
HPI,M3_Core_IonRatios,Ridge,RAW,12,-1.546509,58.563823,55.021545
HPI,M3_Core_IonRatios,Ridge,RAW,13,-0.859479,97.048874,85.651566
HPI,M3_Core_IonRatios,Ridge,RAW,14,-0.54466,123.501823,88.906219
HPI,M3_Core_IonRatios,Ridge,RAW,15,0.021162,33.037601,28.785239
HPI,M3_Core_IonRatios,Ridge,RAW,16,-5.296501,45.864887,44.139657
HPI,M3_Core_IonRatios,Ridge,RAW,17,-2.658474,55.596461,50.340036
HPI,M3_Core_IonRatios,Ridge,RAW,18,-0.231985,109.65108,82.145095
HPI,M3_Core_IonRatios,Ridge,RAW,19,0.013311,98.793552,69.809914
HPI,M3_Core_IonRatios,Ridge,RAW,20,-1.065635,42.711118,34.003646
HPI,M3_Core_IonRatios,Ridge,RAW,21,-0.550433,40.132538,35.795615
HPI,M3_Core_IonRatios,Ridge,RAW,22,-0.006956,84.877076,58.24184
HPI,M3_Core_IonRatios,Ridge,RAW,23,-0.423557,115.436533,78.963513
HPI,M3_Core_IonRatios,Ridge,RAW,24,-8.152578,82.101826,75.01588
HPI,M3_Core_IonRatios,Ridge,RAW,25,-0.40491,87.634418,77.614774
HPI,M3_Core_IonRatios,Lasso,LOG1P,1,-0.140931,32.061678,29.739202
HPI,M3_Core_IonRatios,Lasso,LOG1P,2,-0.322,134.994719,81.066725
HPI,M3_Core_IonRatios,Lasso,LOG1P,3,-0.115358,31.030147,24.990491
HPI,M3_Core_IonRatios,Lasso,LOG1P,4,-0.274527,17.045846,14.512067
HPI,M3_Core_IonRatios,Lasso,LOG1P,5,-0.620692,84.444191,59.423734
HPI,M3_Core_IonRatios,Lasso,LOG1P,6,-0.232342,34.985726,29.330681
HPI,M3_Core_IonRatios,Lasso,LOG1P,7,-0.067958,86.736875,46.452659
HPI,M3_Core_IonRatios,Lasso,LOG1P,8,-0.329779,39.021113,32.145708
HPI,M3_Core_IonRatios,Lasso,LOG1P,9,0.102227,27.216002,21.759723
HPI,M3_Core_IonRatios,Lasso,LOG1P,10,-0.116529,122.399998,72.490635
HPI,M3_Core_IonRatios,Lasso,LOG1P,11,-0.109828,86.136148,45.365633
HPI,M3_Core_IonRatios,Lasso,LOG1P,12,-0.021437,37.090487,33.942281
HPI,M3_Core_IonRatios,Lasso,LOG1P,13,0.043104,69.618915,42.193209
HPI,M3_Core_IonRatios,Lasso,LOG1P,14,-0.090338,103.761803,60.212261
HPI,M3_Core_IonRatios,Lasso,LOG1P,15,-0.003879,33.457528,27.321863
HPI,M3_Core_IonRatios,Lasso,LOG1P,16,0.206402,16.282874,11.097979
HPI,M3_Core_IonRatios,Lasso,LOG1P,17,-0.447,34.964833,33.478507
HPI,M3_Core_IonRatios,Lasso,LOG1P,18,-0.404134,117.061628,80.712682
HPI,M3_Core_IonRatios,Lasso,LOG1P,19,-0.001278,99.521236,54.371971
HPI,M3_Core_IonRatios,Lasso,LOG1P,20,0.225481,26.153517,19.859828
HPI,M3_Core_IonRatios,Lasso,LOG1P,21,0.073449,31.024503,25.620897
HPI,M3_Core_IonRatios,Lasso,LOG1P,22,-0.217987,93.348286,60.028783
HPI,M3_Core_IonRatios,Lasso,LOG1P,23,-0.066279,99.905972,53.379814
HPI,M3_Core_IonRatios,Lasso,LOG1P,24,0.18327,24.525638,17.340261
HPI,M3_Core_IonRatios,Lasso,LOG1P,25,0.008496,73.620342,46.91922
HPI,M3_Core_IonRatios,Lasso,RAW,1,-11.544923,106.314032,84.304249
HPI,M3_Core_IonRatios,Lasso,RAW,2,-0.305246,134.136551,94.6428
HPI,M3_Core_IonRatios,Lasso,RAW,3,-6.152895,78.581005,71.850559
HPI,M3_Core_IonRatios,Lasso,RAW,4,-11.467286,53.312616,45.512866
HPI,M3_Core_IonRatios,Lasso,RAW,5,-0.241233,73.900309,57.893875
HPI,M3_Core_IonRatios,Lasso,RAW,6,-5.197322,78.456219,70.757199
HPI,M3_Core_IonRatios,Lasso,RAW,7,-0.077841,87.137285,68.730638
HPI,M3_Core_IonRatios,Lasso,RAW,8,-1.392134,52.336249,39.97569
HPI,M3_Core_IonRatios,Lasso,RAW,9,-1.850801,48.498072,46.278501
HPI,M3_Core_IonRatios,Lasso,RAW,10,-0.027395,117.412698,79.874181
HPI,M3_Core_IonRatios,Lasso,RAW,11,0.031273,80.474525,50.499671
HPI,M3_Core_IonRatios,Lasso,RAW,12,-1.655318,59.801911,55.951947
HPI,M3_Core_IonRatios,Lasso,RAW,13,-0.947728,99.325114,87.669906
HPI,M3_Core_IonRatios,Lasso,RAW,14,-0.657836,127.946315,92.034524
HPI,M3_Core_IonRatios,Lasso,RAW,15,0.031041,32.870457,28.855125
HPI,M3_Core_IonRatios,Lasso,RAW,16,-6.079467,48.632989,45.085076
HPI,M3_Core_IonRatios,Lasso,RAW,17,-3.14028,59.144175,52.421646
HPI,M3_Core_IonRatios,Lasso,RAW,18,-0.310109,113.074321,84.392339
HPI,M3_Core_IonRatios,Lasso,RAW,19,0.001854,99.36547,66.81209
HPI,M3_Core_IonRatios,Lasso,RAW,20,-1.241432,44.491495,35.094963
HPI,M3_Core_IonRatios,Lasso,RAW,21,-0.625802,41.096428,36.752727
HPI,M3_Core_IonRatios,Lasso,RAW,22,-0.060634,87.109972,59.332538
HPI,M3_Core_IonRatios,Lasso,RAW,23,-0.517537,119.186068,79.919244
HPI,M3_Core_IonRatios,Lasso,RAW,24,-8.58908,84.036812,76.613736
HPI,M3_Core_IonRatios,Lasso,RAW,25,-0.667494,95.473458,87.119458
HPI,M3_Core_IonRatios,HuberRegressor,LOG1P,1,-13.371316,113.790197,65.788832
HPI,M3_Core_IonRatios,HuberRegressor,LOG1P,2,-0.411262,139.477708,87.568801
HPI,M3_Core_IonRatios,HuberRegressor,LOG1P,3,-0.359225,34.254872,28.00274
HPI,M3_Core_IonRatios,HuberRegressor,LOG1P,4,-7.26923,43.418675,32.684669
HPI,M3_Core_IonRatios,HuberRegressor,LOG1P,5,-0.579422,83.36211,61.363139
HPI,M3_Core_IonRatios,HuberRegressor,LOG1P,6,-0.712115,41.237453,35.478504
HPI,M3_Core_IonRatios,HuberRegressor,LOG1P,7,-0.370927,98.272905,71.152437
HPI,M3_Core_IonRatios,HuberRegressor,LOG1P,8,-0.277914,38.252569,31.715245
HPI,M3_Core_IonRatios,HuberRegressor,LOG1P,9,-0.110204,30.265118,23.923791
HPI,M3_Core_IonRatios,HuberRegressor,LOG1P,10,-0.138782,123.613722,73.322771
HPI,M3_Core_IonRatios,HuberRegressor,LOG1P,11,-0.146596,87.551361,48.315085
HPI,M3_Core_IonRatios,HuberRegressor,LOG1P,12,-0.849396,49.90818,46.483417
HPI,M3_Core_IonRatios,HuberRegressor,LOG1P,13,0.123288,66.638232,44.081024
HPI,M3_Core_IonRatios,HuberRegressor,LOG1P,14,-1.932604,170.170263,107.409029
HPI,M3_Core_IonRatios,HuberRegressor,LOG1P,15,-0.163408,36.017953,28.590459
HPI,M3_Core_IonRatios,HuberRegressor,LOG1P,16,-0.420086,21.781511,16.203702
HPI,M3_Core_IonRatios,HuberRegressor,LOG1P,17,-0.89586,40.022138,37.728663
HPI,M3_Core_IonRatios,HuberRegressor,LOG1P,18,-0.530545,122.217486,84.410672
HPI,M3_Core_IonRatios,HuberRegressor,LOG1P,19,0.022036,98.355776,54.089358
HPI,M3_Core_IonRatios,HuberRegressor,LOG1P,20,-0.004666,29.786882,24.786075
HPI,M3_Core_IonRatios,HuberRegressor,LOG1P,21,-0.103855,33.863054,28.263839
HPI,M3_Core_IonRatios,HuberRegressor,LOG1P,22,-0.315835,97.025471,62.261345
HPI,M3_Core_IonRatios,HuberRegressor,LOG1P,23,-0.452391,116.599762,72.657023
HPI,M3_Core_IonRatios,HuberRegressor,LOG1P,24,-0.973536,38.124451,29.175062
HPI,M3_Core_IonRatios,HuberRegressor,LOG1P,25,0.006192,73.70581,59.173696
HPI,M3_Core_IonRatios,HuberRegressor,RAW,1,-2.53989,56.474377,45.616658
HPI,M3_Core_IonRatios,HuberRegressor,RAW,2,-0.375056,137.676962,89.775946
HPI,M3_Core_IonRatios,HuberRegressor,RAW,3,-2.515232,55.08757,46.294923
HPI,M3_Core_IonRatios,HuberRegressor,RAW,4,-6.067707,40.14055,36.295456
HPI,M3_Core_IonRatios,HuberRegressor,RAW,5,-0.534944,82.179937,59.758825
HPI,M3_Core_IonRatios,HuberRegressor,RAW,6,-0.7965,42.241458,39.1077
HPI,M3_Core_IonRatios,HuberRegressor,RAW,7,-0.098963,87.986931,66.475852
HPI,M3_Core_IonRatios,HuberRegressor,RAW,8,-0.279444,38.275469,31.297042
HPI,M3_Core_IonRatios,HuberRegressor,RAW,9,-1.165062,42.264543,36.657065
HPI,M3_Core_IonRatios,HuberRegressor,RAW,10,-0.133482,123.325734,78.25959
HPI,M3_Core_IonRatios,HuberRegressor,RAW,11,-0.036174,83.228897,46.862831
HPI,M3_Core_IonRatios,HuberRegressor,RAW,12,-0.709089,47.977671,45.482116
HPI,M3_Core_IonRatios,HuberRegressor,RAW,13,-0.310883,81.484847,62.691315
HPI,M3_Core_IonRatios,HuberRegressor,RAW,14,-0.244362,110.848618,76.652597
HPI,M3_Core_IonRatios,HuberRegressor,RAW,15,-0.03236,33.928819,28.825259
HPI,M3_Core_IonRatios,HuberRegressor,RAW,16,-2.428506,33.844113,29.832639
HPI,M3_Core_IonRatios,HuberRegressor,RAW,17,-0.684617,37.726606,35.92035
HPI,M3_Core_IonRatios,HuberRegressor,RAW,18,-0.437598,118.448321,81.313474
HPI,M3_Core_IonRatios,HuberRegressor,RAW,19,-0.062764,102.531393,63.981718
HPI,M3_Core_IonRatios,HuberRegressor,RAW,20,-0.055055,30.524717,26.699715
HPI,M3_Core_IonRatios,HuberRegressor,RAW,21,-0.0686,33.317913,29.446319
HPI,M3_Core_IonRatios,HuberRegressor,RAW,22,-0.267677,95.233415,63.699147
HPI,M3_Core_IonRatios,HuberRegressor,RAW,23,-0.216898,106.729121,64.353263
HPI,M3_Core_IonRatios,HuberRegressor,RAW,24,-2.043493,47.344254,42.681535
HPI,M3_Core_IonRatios,HuberRegressor,RAW,25,-0.158677,79.585071,63.402355
HPI,M3_Core_IonRatios,SVR_RBF,LOG1P,1,-0.047778,30.72495,25.683084
HPI,M3_Core_IonRatios,SVR_RBF,LOG1P,2,-0.419324,139.875526,84.802774
HPI,M3_Core_IonRatios,SVR_RBF,LOG1P,3,-0.097515,30.780938,22.644072
HPI,M3_Core_IonRatios,SVR_RBF,LOG1P,4,-2.064498,26.431615,19.257433
HPI,M3_Core_IonRatios,SVR_RBF,LOG1P,5,-0.761702,88.041179,65.191924
HPI,M3_Core_IonRatios,SVR_RBF,LOG1P,6,-1.03855,44.997254,36.715263
HPI,M3_Core_IonRatios,SVR_RBF,LOG1P,7,-0.154961,90.20078,52.215881
HPI,M3_Core_IonRatios,SVR_RBF,LOG1P,8,-0.728722,44.491026,36.854775
HPI,M3_Core_IonRatios,SVR_RBF,LOG1P,9,0.053609,27.94321,23.862556
HPI,M3_Core_IonRatios,SVR_RBF,LOG1P,10,-0.219975,127.94456,71.577782
HPI,M3_Core_IonRatios,SVR_RBF,LOG1P,11,-0.200405,89.582168,45.724448
HPI,M3_Core_IonRatios,SVR_RBF,LOG1P,12,-0.445351,44.120813,37.591801
HPI,M3_Core_IonRatios,SVR_RBF,LOG1P,13,-0.17331,77.090594,40.606133
HPI,M3_Core_IonRatios,SVR_RBF,LOG1P,14,-0.243795,110.823373,62.136987
HPI,M3_Core_IonRatios,SVR_RBF,LOG1P,15,-0.164131,36.029155,29.355305
HPI,M3_Core_IonRatios,SVR_RBF,LOG1P,16,0.174006,16.611892,13.81424
HPI,M3_Core_IonRatios,SVR_RBF,LOG1P,17,-0.588642,36.636182,32.194492
HPI,M3_Core_IonRatios,SVR_RBF,LOG1P,18,-0.553587,123.133992,85.738065
HPI,M3_Core_IonRatios,SVR_RBF,LOG1P,19,-0.09509,104.079062,59.716706
HPI,M3_Core_IonRatios,SVR_RBF,LOG1P,20,-0.033422,30.210165,22.145834
HPI,M3_Core_IonRatios,SVR_RBF,LOG1P,21,-0.248769,36.017308,29.074536
HPI,M3_Core_IonRatios,SVR_RBF,LOG1P,22,-0.244089,94.343246,58.474718
HPI,M3_Core_IonRatios,SVR_RBF,LOG1P,23,-0.200769,106.019461,54.636884
HPI,M3_Core_IonRatios,SVR_RBF,LOG1P,24,-0.793696,36.34591,26.07402
HPI,M3_Core_IonRatios,SVR_RBF,LOG1P,25,-0.151601,79.34169,52.415971
HPI,M3_Core_IonRatios,SVR_RBF,RAW,1,0.00541,29.934952,25.572432
HPI,M3_Core_IonRatios,SVR_RBF,RAW,2,-0.351045,136.469596,83.107477
HPI,M3_Core_IonRatios,SVR_RBF,RAW,3,-0.095206,30.748538,24.395838
HPI,M3_Core_IonRatios,SVR_RBF,RAW,4,-0.183452,16.425528,14.715818
HPI,M3_Core_IonRatios,SVR_RBF,RAW,5,-0.861161,90.492279,62.935953
HPI,M3_Core_IonRatios,SVR_RBF,RAW,6,-0.222386,34.844125,25.942215
HPI,M3_Core_IonRatios,SVR_RBF,RAW,7,-0.16559,90.614863,51.004053
HPI,M3_Core_IonRatios,SVR_RBF,RAW,8,-0.913354,46.806647,34.436172
HPI,M3_Core_IonRatios,SVR_RBF,RAW,9,-0.113841,30.314662,24.070753
HPI,M3_Core_IonRatios,SVR_RBF,RAW,10,-0.165486,125.054675,74.862027
HPI,M3_Core_IonRatios,SVR_RBF,RAW,11,-0.180077,88.820445,46.001327
HPI,M3_Core_IonRatios,SVR_RBF,RAW,12,-0.100957,38.507199,30.201176
HPI,M3_Core_IonRatios,SVR_RBF,RAW,13,-0.247219,79.481552,41.901977
HPI,M3_Core_IonRatios,SVR_RBF,RAW,14,-0.166426,107.321206,59.870089
HPI,M3_Core_IonRatios,SVR_RBF,RAW,15,-0.301251,38.091984,30.219676
HPI,M3_Core_IonRatios,SVR_RBF,RAW,16,-0.114087,19.292579,18.060482
HPI,M3_Core_IonRatios,SVR_RBF,RAW,17,-0.564891,36.361284,30.15059
HPI,M3_Core_IonRatios,SVR_RBF,RAW,18,-0.516692,121.663118,82.309515
HPI,M3_Core_IonRatios,SVR_RBF,RAW,19,-0.096176,104.130669,56.692046
HPI,M3_Core_IonRatios,SVR_RBF,RAW,20,-0.033163,30.206373,22.77332
HPI,M3_Core_IonRatios,SVR_RBF,RAW,21,-0.13616,34.354995,25.842069
HPI,M3_Core_IonRatios,SVR_RBF,RAW,22,-0.288387,96.008189,59.081978
HPI,M3_Core_IonRatios,SVR_RBF,RAW,23,-0.145135,103.534303,50.446501
HPI,M3_Core_IonRatios,SVR_RBF,RAW,24,-0.154764,29.162699,18.828778
HPI,M3_Core_IonRatios,SVR_RBF,RAW,25,-0.175498,80.160681,50.431357
HPI,M4_Core_IonExchange,Ridge,LOG1P,1,-0.215638,33.09472,30.342188
HPI,M4_Core_IonExchange,Ridge,LOG1P,2,-0.404577,139.146964,88.767605
HPI,M4_Core_IonExchange,Ridge,LOG1P,3,-0.336247,33.964089,27.3538
HPI,M4_Core_IonExchange,Ridge,LOG1P,4,-2.171774,26.890271,20.849441
HPI,M4_Core_IonExchange,Ridge,LOG1P,5,-0.443644,79.698406,58.260292
HPI,M4_Core_IonExchange,Ridge,LOG1P,6,-0.519934,38.854178,34.291457
HPI,M4_Core_IonExchange,Ridge,LOG1P,7,-0.254397,94.003524,61.602186
HPI,M4_Core_IonExchange,Ridge,LOG1P,8,-0.265802,38.070861,32.638118
HPI,M4_Core_IonExchange,Ridge,LOG1P,9,0.027916,28.319983,22.863429
HPI,M4_Core_IonExchange,Ridge,LOG1P,10,-0.068486,119.737697,71.407543
HPI,M4_Core_IonExchange,Ridge,LOG1P,11,-0.06623,84.427359,45.645522
HPI,M4_Core_IonExchange,Ridge,LOG1P,12,-0.600982,46.435486,43.049942
HPI,M4_Core_IonExchange,Ridge,LOG1P,13,0.094976,67.705657,41.358691
HPI,M4_Core_IonExchange,Ridge,LOG1P,14,-0.051333,101.888971,56.917644
HPI,M4_Core_IonExchange,Ridge,LOG1P,15,-0.121166,35.358026,28.533708
HPI,M4_Core_IonExchange,Ridge,LOG1P,16,-0.41062,21.708794,16.542068
HPI,M4_Core_IonExchange,Ridge,LOG1P,17,-1.27493,43.841074,41.724533
HPI,M4_Core_IonExchange,Ridge,LOG1P,18,-0.288592,112.141927,78.289378
HPI,M4_Core_IonExchange,Ridge,LOG1P,19,0.010808,98.918775,53.755014
HPI,M4_Core_IonExchange,Ridge,LOG1P,20,0.275636,25.292543,18.182862
HPI,M4_Core_IonExchange,Ridge,LOG1P,21,-0.062174,33.217582,25.99985
HPI,M4_Core_IonExchange,Ridge,LOG1P,22,-0.154794,90.894431,58.76762
HPI,M4_Core_IonExchange,Ridge,LOG1P,23,-0.063262,99.764512,58.120233
HPI,M4_Core_IonExchange,Ridge,LOG1P,24,-0.64967,34.856169,23.037633
HPI,M4_Core_IonExchange,Ridge,LOG1P,25,0.037031,72.553227,48.442329
HPI,M4_Core_IonExchange,Ridge,RAW,1,-3.577604,64.220797,59.461113
HPI,M4_Core_IonExchange,Ridge,RAW,2,-0.242107,130.852065,87.754551
HPI,M4_Core_IonExchange,Ridge,RAW,3,-6.024052,77.87006,71.893641
HPI,M4_Core_IonExchange,Ridge,RAW,4,-9.380136,48.645823,42.129192
HPI,M4_Core_IonExchange,Ridge,RAW,5,-0.21735,73.185894,57.037168
HPI,M4_Core_IonExchange,Ridge,RAW,6,-3.887907,69.676578,63.855915
HPI,M4_Core_IonExchange,Ridge,RAW,7,-0.131089,89.263733,62.939108
HPI,M4_Core_IonExchange,Ridge,RAW,8,-0.815131,45.589395,38.509116
HPI,M4_Core_IonExchange,Ridge,RAW,9,-1.084878,41.47452,37.550792
HPI,M4_Core_IonExchange,Ridge,RAW,10,0.060291,112.290511,78.830435
HPI,M4_Core_IonExchange,Ridge,RAW,11,0.104772,77.361454,53.001492
HPI,M4_Core_IonExchange,Ridge,RAW,12,-1.527371,58.343348,54.693615
HPI,M4_Core_IonExchange,Ridge,RAW,13,-0.252293,79.643056,62.761921
HPI,M4_Core_IonExchange,Ridge,RAW,14,0.160203,91.063453,60.975736
HPI,M4_Core_IonExchange,Ridge,RAW,15,-0.610997,42.383851,37.9632
HPI,M4_Core_IonExchange,Ridge,RAW,16,-4.882745,44.332345,42.651969
HPI,M4_Core_IonExchange,Ridge,RAW,17,-2.394636,53.554229,48.823538
HPI,M4_Core_IonExchange,Ridge,RAW,18,-0.066532,102.022787,80.320752
HPI,M4_Core_IonExchange,Ridge,RAW,19,0.163211,90.980093,61.646596
HPI,M4_Core_IonExchange,Ridge,RAW,20,-1.540921,47.370695,38.57707
HPI,M4_Core_IonExchange,Ridge,RAW,21,-1.051351,46.162586,43.766491
HPI,M4_Core_IonExchange,Ridge,RAW,22,0.114717,79.584067,53.136163
HPI,M4_Core_IonExchange,Ridge,RAW,23,0.072506,93.177604,68.446362
HPI,M4_Core_IonExchange,Ridge,RAW,24,-5.063441,66.825265,59.056622
HPI,M4_Core_IonExchange,Ridge,RAW,25,-0.174992,80.143436,64.686579
HPI,M4_Core_IonExchange,Lasso,LOG1P,1,-0.029638,30.457829,27.60654
HPI,M4_Core_IonExchange,Lasso,LOG1P,2,-0.296504,133.686629,80.737007
HPI,M4_Core_IonExchange,Lasso,LOG1P,3,-0.053121,30.151977,23.824452
HPI,M4_Core_IonExchange,Lasso,LOG1P,4,-0.419037,17.98626,15.985451
HPI,M4_Core_IonExchange,Lasso,LOG1P,5,-0.52009,81.781353,57.258606
HPI,M4_Core_IonExchange,Lasso,LOG1P,6,-0.283235,35.700845,29.59664
HPI,M4_Core_IonExchange,Lasso,LOG1P,7,-0.062784,86.526484,49.043142
HPI,M4_Core_IonExchange,Lasso,LOG1P,8,-0.313753,38.785267,31.215372
HPI,M4_Core_IonExchange,Lasso,LOG1P,9,0.131684,26.765784,20.629905
HPI,M4_Core_IonExchange,Lasso,LOG1P,10,-0.067669,119.691914,70.859224
HPI,M4_Core_IonExchange,Lasso,LOG1P,11,-0.114982,86.335942,46.429122
HPI,M4_Core_IonExchange,Lasso,LOG1P,12,-0.015525,36.982992,34.062116
HPI,M4_Core_IonExchange,Lasso,LOG1P,13,0.04016,69.725937,38.214463
HPI,M4_Core_IonExchange,Lasso,LOG1P,14,-0.03959,101.318338,57.594354
HPI,M4_Core_IonExchange,Lasso,LOG1P,15,-0.103394,35.076664,27.51574
HPI,M4_Core_IonExchange,Lasso,LOG1P,16,0.267364,15.644969,11.873346
HPI,M4_Core_IonExchange,Lasso,LOG1P,17,-0.535219,36.014903,34.487154
HPI,M4_Core_IonExchange,Lasso,LOG1P,18,-0.37734,115.939334,79.516059
HPI,M4_Core_IonExchange,Lasso,LOG1P,19,0.003373,99.289814,53.453051
HPI,M4_Core_IonExchange,Lasso,LOG1P,20,0.267552,25.433292,17.303976
HPI,M4_Core_IonExchange,Lasso,LOG1P,21,-0.037364,32.827353,25.654145
HPI,M4_Core_IonExchange,Lasso,LOG1P,22,-0.157734,91.010064,57.500109
HPI,M4_Core_IonExchange,Lasso,LOG1P,23,-0.015706,97.507947,52.609058
HPI,M4_Core_IonExchange,Lasso,LOG1P,24,0.101143,25.729208,16.059748
HPI,M4_Core_IonExchange,Lasso,LOG1P,25,0.034715,72.640412,45.692353
HPI,M4_Core_IonExchange,Lasso,RAW,1,-3.689488,65.000887,60.13135
HPI,M4_Core_IonExchange,Lasso,RAW,2,-0.251598,131.351001,88.523997
HPI,M4_Core_IonExchange,Lasso,RAW,3,-6.616214,81.08606,74.552366
HPI,M4_Core_IonExchange,Lasso,RAW,4,-9.503085,48.933071,42.034418
HPI,M4_Core_IonExchange,Lasso,RAW,5,-0.241215,73.899769,58.047456
HPI,M4_Core_IonExchange,Lasso,RAW,6,-4.205318,71.903322,65.662618
HPI,M4_Core_IonExchange,Lasso,RAW,7,-0.147218,89.897917,63.258664
HPI,M4_Core_IonExchange,Lasso,RAW,8,-1.003573,47.89745,40.032073
HPI,M4_Core_IonExchange,Lasso,RAW,9,-1.123122,41.853185,38.0661
HPI,M4_Core_IonExchange,Lasso,RAW,10,0.056357,112.525331,79.444413
HPI,M4_Core_IonExchange,Lasso,RAW,11,0.104513,77.372641,53.503975
HPI,M4_Core_IonExchange,Lasso,RAW,12,-1.581491,58.964707,55.130022
HPI,M4_Core_IonExchange,Lasso,RAW,13,-0.293325,80.9373,64.43679
HPI,M4_Core_IonExchange,Lasso,RAW,14,0.159974,91.075847,61.093401
HPI,M4_Core_IonExchange,Lasso,RAW,15,-0.698317,43.517343,38.793883
HPI,M4_Core_IonExchange,Lasso,RAW,16,-5.088228,45.09996,43.348916
HPI,M4_Core_IonExchange,Lasso,RAW,17,-2.525501,54.576738,49.690182
HPI,M4_Core_IonExchange,Lasso,RAW,18,-0.062568,101.83302,80.460999
HPI,M4_Core_IonExchange,Lasso,RAW,19,0.158506,91.235526,62.473889
HPI,M4_Core_IonExchange,Lasso,RAW,20,-1.846698,50.14006,40.264863
HPI,M4_Core_IonExchange,Lasso,RAW,21,-1.133398,47.076715,44.757709
HPI,M4_Core_IonExchange,Lasso,RAW,22,0.116103,79.521765,53.167312
HPI,M4_Core_IonExchange,Lasso,RAW,23,0.07336,93.134671,68.859633
HPI,M4_Core_IonExchange,Lasso,RAW,24,-5.34259,68.346204,60.399154
HPI,M4_Core_IonExchange,Lasso,RAW,25,-0.21763,81.584606,66.712545
HPI,M4_Core_IonExchange,HuberRegressor,LOG1P,1,-0.095313,31.414175,29.359873
HPI,M4_Core_IonExchange,HuberRegressor,LOG1P,2,-0.442152,140.995899,90.432766
HPI,M4_Core_IonExchange,HuberRegressor,LOG1P,3,-0.313495,33.673698,27.258588
HPI,M4_Core_IonExchange,HuberRegressor,LOG1P,4,-6.505409,41.364828,30.992472
HPI,M4_Core_IonExchange,HuberRegressor,LOG1P,5,-0.575463,83.257563,60.119063
HPI,M4_Core_IonExchange,HuberRegressor,LOG1P,6,-0.38196,37.048704,32.063382
HPI,M4_Core_IonExchange,HuberRegressor,LOG1P,7,-0.502295,102.873661,70.963275
HPI,M4_Core_IonExchange,HuberRegressor,LOG1P,8,-0.382656,39.789359,32.61904
HPI,M4_Core_IonExchange,HuberRegressor,LOG1P,9,0.045068,28.069018,22.094583
HPI,M4_Core_IonExchange,HuberRegressor,LOG1P,10,-0.110694,122.079745,73.520277
HPI,M4_Core_IonExchange,HuberRegressor,LOG1P,11,-0.068737,84.526538,45.775563
HPI,M4_Core_IonExchange,HuberRegressor,LOG1P,12,-1.882783,62.310719,53.277453
HPI,M4_Core_IonExchange,HuberRegressor,LOG1P,13,0.074689,68.460293,44.070541
HPI,M4_Core_IonExchange,HuberRegressor,LOG1P,14,-0.138348,106.021639,61.738751
HPI,M4_Core_IonExchange,HuberRegressor,LOG1P,15,-0.166372,36.063804,28.18662
HPI,M4_Core_IonExchange,HuberRegressor,LOG1P,16,-0.253108,20.46091,15.800136
HPI,M4_Core_IonExchange,HuberRegressor,LOG1P,17,-1.103672,42.158602,39.653627
HPI,M4_Core_IonExchange,HuberRegressor,LOG1P,18,-0.33501,114.143829,78.672336
HPI,M4_Core_IonExchange,HuberRegressor,LOG1P,19,-0.025747,100.729954,53.425754
HPI,M4_Core_IonExchange,HuberRegressor,LOG1P,20,-0.062632,30.634135,24.948971
HPI,M4_Core_IonExchange,HuberRegressor,LOG1P,21,-0.043098,32.917943,26.050463
HPI,M4_Core_IonExchange,HuberRegressor,LOG1P,22,-0.258734,94.896927,61.765127
HPI,M4_Core_IonExchange,HuberRegressor,LOG1P,23,-0.120376,102.408931,59.473668
HPI,M4_Core_IonExchange,HuberRegressor,LOG1P,24,-0.721531,35.607252,24.279549
HPI,M4_Core_IonExchange,HuberRegressor,LOG1P,25,0.023424,73.064016,48.308356
HPI,M4_Core_IonExchange,HuberRegressor,RAW,1,-0.303885,34.274897,32.327279
HPI,M4_Core_IonExchange,HuberRegressor,RAW,2,-0.360981,136.970505,87.318339
HPI,M4_Core_IonExchange,HuberRegressor,RAW,3,-2.307449,53.434678,45.498352
HPI,M4_Core_IonExchange,HuberRegressor,RAW,4,-4.214561,34.47886,31.354292
HPI,M4_Core_IonExchange,HuberRegressor,RAW,5,-0.554517,82.702257,59.159227
HPI,M4_Core_IonExchange,HuberRegressor,RAW,6,-0.294701,35.859977,32.051839
HPI,M4_Core_IonExchange,HuberRegressor,RAW,7,-0.126091,89.066273,59.051138
HPI,M4_Core_IonExchange,HuberRegressor,RAW,8,-0.341255,39.18912,31.887564
HPI,M4_Core_IonExchange,HuberRegressor,RAW,9,0.047575,28.032154,22.833936
HPI,M4_Core_IonExchange,HuberRegressor,RAW,10,-0.112674,122.188535,77.059796
HPI,M4_Core_IonExchange,HuberRegressor,RAW,11,-0.0049,81.963249,43.347225
HPI,M4_Core_IonExchange,HuberRegressor,RAW,12,-0.6156,46.647007,44.976357
HPI,M4_Core_IonExchange,HuberRegressor,RAW,13,-0.004839,71.341662,46.296529
HPI,M4_Core_IonExchange,HuberRegressor,RAW,14,-0.115446,104.949714,62.797037
HPI,M4_Core_IonExchange,HuberRegressor,RAW,15,-0.035274,33.976655,27.984887
HPI,M4_Core_IonExchange,HuberRegressor,RAW,16,-2.047299,31.907167,26.267751
HPI,M4_Core_IonExchange,HuberRegressor,RAW,17,-0.458851,35.107716,34.013528
HPI,M4_Core_IonExchange,HuberRegressor,RAW,18,-0.336622,114.212724,79.69966
HPI,M4_Core_IonExchange,HuberRegressor,RAW,19,-0.019196,100.407777,57.195916
HPI,M4_Core_IonExchange,HuberRegressor,RAW,20,-0.132863,31.630269,27.771573
HPI,M4_Core_IonExchange,HuberRegressor,RAW,21,0.010023,32.068798,27.508907
HPI,M4_Core_IonExchange,HuberRegressor,RAW,22,-0.227817,93.724224,61.991855
HPI,M4_Core_IonExchange,HuberRegressor,RAW,23,-0.045024,98.905185,58.16142
HPI,M4_Core_IonExchange,HuberRegressor,RAW,24,-0.530693,33.575709,29.851341
HPI,M4_Core_IonExchange,HuberRegressor,RAW,25,-0.014079,74.453728,49.296987
HPI,M4_Core_IonExchange,SVR_RBF,LOG1P,1,-0.289775,34.088948,29.379714
HPI,M4_Core_IonExchange,SVR_RBF,LOG1P,2,-0.447242,141.244501,85.041824
HPI,M4_Core_IonExchange,SVR_RBF,LOG1P,3,-0.112478,30.990062,24.385297
HPI,M4_Core_IonExchange,SVR_RBF,LOG1P,4,-2.07765,26.488274,20.778928
HPI,M4_Core_IonExchange,SVR_RBF,LOG1P,5,-0.754425,87.859136,63.160897
HPI,M4_Core_IonExchange,SVR_RBF,LOG1P,6,-0.684812,40.907325,33.943882
HPI,M4_Core_IonExchange,SVR_RBF,LOG1P,7,-0.093733,87.777321,54.121551
HPI,M4_Core_IonExchange,SVR_RBF,LOG1P,8,-0.665365,43.668135,37.353218
HPI,M4_Core_IonExchange,SVR_RBF,LOG1P,9,0.078611,27.571639,23.358484
HPI,M4_Core_IonExchange,SVR_RBF,LOG1P,10,-0.233473,128.650434,71.160826
HPI,M4_Core_IonExchange,SVR_RBF,LOG1P,11,-0.108909,86.100503,45.406283
HPI,M4_Core_IonExchange,SVR_RBF,LOG1P,12,-0.489868,44.795119,39.256327
HPI,M4_Core_IonExchange,SVR_RBF,LOG1P,13,-0.247707,79.497103,40.624762
HPI,M4_Core_IonExchange,SVR_RBF,LOG1P,14,-0.222961,109.891275,63.91517
HPI,M4_Core_IonExchange,SVR_RBF,LOG1P,15,-0.237007,37.139767,28.874424
HPI,M4_Core_IonExchange,SVR_RBF,LOG1P,16,0.417135,13.954509,11.65635
HPI,M4_Core_IonExchange,SVR_RBF,LOG1P,17,-0.645667,37.287916,33.088884
HPI,M4_Core_IonExchange,SVR_RBF,LOG1P,18,-0.401862,116.966883,79.66558
HPI,M4_Core_IonExchange,SVR_RBF,LOG1P,19,-0.073454,103.045782,56.809109
HPI,M4_Core_IonExchange,SVR_RBF,LOG1P,20,-0.045567,30.387167,23.112164
HPI,M4_Core_IonExchange,SVR_RBF,LOG1P,21,-0.118684,34.089752,26.037778
HPI,M4_Core_IonExchange,SVR_RBF,LOG1P,22,-0.243796,94.332142,59.43769
HPI,M4_Core_IonExchange,SVR_RBF,LOG1P,23,-0.183997,105.276442,54.135858
HPI,M4_Core_IonExchange,SVR_RBF,LOG1P,24,-0.026789,27.499304,17.227529
HPI,M4_Core_IonExchange,SVR_RBF,LOG1P,25,-0.201427,81.039968,50.368894
HPI,M4_Core_IonExchange,SVR_RBF,RAW,1,-0.002186,30.049054,25.852016
HPI,M4_Core_IonExchange,SVR_RBF,RAW,2,-0.350835,136.459,83.191959
HPI,M4_Core_IonExchange,SVR_RBF,RAW,3,-0.099248,30.805232,24.429166
HPI,M4_Core_IonExchange,SVR_RBF,RAW,4,-0.184323,16.431573,14.679437
HPI,M4_Core_IonExchange,SVR_RBF,RAW,5,-0.856735,90.384632,62.78638
HPI,M4_Core_IonExchange,SVR_RBF,RAW,6,-0.231177,34.969194,26.0831
HPI,M4_Core_IonExchange,SVR_RBF,RAW,7,-0.164377,90.567709,51.091708
HPI,M4_Core_IonExchange,SVR_RBF,RAW,8,-0.917715,46.859962,34.592836
HPI,M4_Core_IonExchange,SVR_RBF,RAW,9,-0.106002,30.207789,24.00535
HPI,M4_Core_IonExchange,SVR_RBF,RAW,10,-0.16576,125.069361,74.710979
HPI,M4_Core_IonExchange,SVR_RBF,RAW,11,-0.174013,88.591933,46.019548
HPI,M4_Core_IonExchange,SVR_RBF,RAW,12,-0.096398,38.427387,30.291772
HPI,M4_Core_IonExchange,SVR_RBF,RAW,13,-0.245797,79.436215,41.647329
HPI,M4_Core_IonExchange,SVR_RBF,RAW,14,-0.166334,107.316967,59.880319
HPI,M4_Core_IonExchange,SVR_RBF,RAW,15,-0.294934,37.999419,30.123529
HPI,M4_Core_IonExchange,SVR_RBF,RAW,16,-0.102246,19.189781,17.950484
HPI,M4_Core_IonExchange,SVR_RBF,RAW,17,-0.552589,36.21808,30.13516
HPI,M4_Core_IonExchange,SVR_RBF,RAW,18,-0.509065,121.356826,82.156049
HPI,M4_Core_IonExchange,SVR_RBF,RAW,19,-0.094183,104.035975,56.644541
HPI,M4_Core_IonExchange,SVR_RBF,RAW,20,-0.030097,30.161517,22.658097
HPI,M4_Core_IonExchange,SVR_RBF,RAW,21,-0.127351,34.221559,25.839286
HPI,M4_Core_IonExchange,SVR_RBF,RAW,22,-0.286573,95.940558,59.11636
HPI,M4_Core_IonExchange,SVR_RBF,RAW,23,-0.142568,103.418187,50.410126
HPI,M4_Core_IonExchange,SVR_RBF,RAW,24,-0.162087,29.255023,18.905358
HPI,M4_Core_IonExchange,SVR_RBF,RAW,25,-0.17472,80.134164,50.359063
HPI,M5_Core_DepthInteractions,Ridge,LOG1P,1,-1.461565,47.093634,41.565411
HPI,M5_Core_DepthInteractions,Ridge,LOG1P,2,-0.444711,141.120946,88.231161
HPI,M5_Core_DepthInteractions,Ridge,LOG1P,3,-0.447873,35.354267,28.7902
HPI,M5_Core_DepthInteractions,Ridge,LOG1P,4,-1.950252,25.934245,20.762361
HPI,M5_Core_DepthInteractions,Ridge,LOG1P,5,-0.380201,77.927493,52.722594
HPI,M5_Core_DepthInteractions,Ridge,LOG1P,6,-3.018755,63.178763,47.293658
HPI,M5_Core_DepthInteractions,Ridge,LOG1P,7,-0.23429,93.247067,60.856384
HPI,M5_Core_DepthInteractions,Ridge,LOG1P,8,-0.29119,38.450766,33.564612
HPI,M5_Core_DepthInteractions,Ridge,LOG1P,9,-0.043124,29.336553,25.301884
HPI,M5_Core_DepthInteractions,Ridge,LOG1P,10,-0.1389,123.620148,72.314198
HPI,M5_Core_DepthInteractions,Ridge,LOG1P,11,-0.096004,85.598016,43.344997
HPI,M5_Core_DepthInteractions,Ridge,LOG1P,12,-0.723953,48.18585,44.376042
HPI,M5_Core_DepthInteractions,Ridge,LOG1P,13,-0.392448,83.981649,53.272189
HPI,M5_Core_DepthInteractions,Ridge,LOG1P,14,-0.044382,101.551593,54.566698
HPI,M5_Core_DepthInteractions,Ridge,LOG1P,15,-0.066736,34.489068,28.823142
HPI,M5_Core_DepthInteractions,Ridge,LOG1P,16,-0.398891,21.618357,16.70654
HPI,M5_Core_DepthInteractions,Ridge,LOG1P,17,-1.12891,42.410734,40.387032
HPI,M5_Core_DepthInteractions,Ridge,LOG1P,18,-0.310042,113.071429,77.053147
HPI,M5_Core_DepthInteractions,Ridge,LOG1P,19,-0.056791,102.242863,52.47081
HPI,M5_Core_DepthInteractions,Ridge,LOG1P,20,-1.707732,48.90092,34.441724
HPI,M5_Core_DepthInteractions,Ridge,LOG1P,21,-0.073448,33.39341,27.721665
HPI,M5_Core_DepthInteractions,Ridge,LOG1P,22,-0.169063,91.454277,56.809062
HPI,M5_Core_DepthInteractions,Ridge,LOG1P,23,-0.130451,102.868353,56.145623
HPI,M5_Core_DepthInteractions,Ridge,LOG1P,24,-15.193313,109.206615,62.542505
HPI,M5_Core_DepthInteractions,Ridge,LOG1P,25,0.004755,73.759068,47.441376
HPI,M5_Core_DepthInteractions,Ridge,RAW,1,-5.196037,74.715994,66.201486
HPI,M5_Core_DepthInteractions,Ridge,RAW,2,-0.302074,133.973487,88.51218
HPI,M5_Core_DepthInteractions,Ridge,RAW,3,-9.595958,95.641583,85.540243
HPI,M5_Core_DepthInteractions,Ridge,RAW,4,-11.600984,53.597714,46.100441
HPI,M5_Core_DepthInteractions,Ridge,RAW,5,-0.099133,69.541592,48.884725
HPI,M5_Core_DepthInteractions,Ridge,RAW,6,-4.820743,76.035176,61.910995
HPI,M5_Core_DepthInteractions,Ridge,RAW,7,-0.164632,90.577624,68.207166
HPI,M5_Core_DepthInteractions,Ridge,RAW,8,-1.246261,50.715415,41.662562
HPI,M5_Core_DepthInteractions,Ridge,RAW,9,-1.597726,46.295384,44.149898
HPI,M5_Core_DepthInteractions,Ridge,RAW,10,0.014635,114.986004,80.574889
HPI,M5_Core_DepthInteractions,Ridge,RAW,11,0.119406,76.726531,48.228872
HPI,M5_Core_DepthInteractions,Ridge,RAW,12,-1.723002,60.559297,58.340337
HPI,M5_Core_DepthInteractions,Ridge,RAW,13,-0.782193,95.010646,69.5841
HPI,M5_Core_DepthInteractions,Ridge,RAW,14,0.151247,91.54775,63.161073
HPI,M5_Core_DepthInteractions,Ridge,RAW,15,-0.219317,36.873242,31.749198
HPI,M5_Core_DepthInteractions,Ridge,RAW,16,-8.548988,56.481908,52.122499
HPI,M5_Core_DepthInteractions,Ridge,RAW,17,-2.633111,55.403405,48.187532
HPI,M5_Core_DepthInteractions,Ridge,RAW,18,-0.10934,104.050104,82.662407
HPI,M5_Core_DepthInteractions,Ridge,RAW,19,0.14473,91.979312,60.81487
HPI,M5_Core_DepthInteractions,Ridge,RAW,20,-2.991183,59.369717,41.599088
HPI,M5_Core_DepthInteractions,Ridge,RAW,21,-0.985726,45.418196,39.193677
HPI,M5_Core_DepthInteractions,Ridge,RAW,22,0.077396,81.244278,55.77662
HPI,M5_Core_DepthInteractions,Ridge,RAW,23,0.048167,94.392238,67.18531
HPI,M5_Core_DepthInteractions,Ridge,RAW,24,-11.211405,94.833964,70.962905
HPI,M5_Core_DepthInteractions,Ridge,RAW,25,-0.24575,82.521273,65.423777
HPI,M5_Core_DepthInteractions,Lasso,LOG1P,1,-0.17827,32.582089,31.017408
HPI,M5_Core_DepthInteractions,Lasso,LOG1P,2,-0.344847,136.156206,83.607608
HPI,M5_Core_DepthInteractions,Lasso,LOG1P,3,-0.222299,32.483689,26.389784
HPI,M5_Core_DepthInteractions,Lasso,LOG1P,4,-0.311281,17.289881,14.595879
HPI,M5_Core_DepthInteractions,Lasso,LOG1P,5,-0.632995,84.764121,57.540576
HPI,M5_Core_DepthInteractions,Lasso,LOG1P,6,-1.18892,46.627306,38.602574
HPI,M5_Core_DepthInteractions,Lasso,LOG1P,7,-0.078604,87.168107,47.486233
HPI,M5_Core_DepthInteractions,Lasso,LOG1P,8,-0.470737,41.03716,34.056772
HPI,M5_Core_DepthInteractions,Lasso,LOG1P,9,0.032152,28.258209,23.622925
HPI,M5_Core_DepthInteractions,Lasso,LOG1P,10,-0.141817,123.778338,74.346061
HPI,M5_Core_DepthInteractions,Lasso,LOG1P,11,-0.110422,86.159198,43.258795
HPI,M5_Core_DepthInteractions,Lasso,LOG1P,12,-0.193334,40.090157,35.955673
HPI,M5_Core_DepthInteractions,Lasso,LOG1P,13,-0.095682,74.496734,42.468555
HPI,M5_Core_DepthInteractions,Lasso,LOG1P,14,-0.086673,103.587255,60.766896
HPI,M5_Core_DepthInteractions,Lasso,LOG1P,15,-0.065075,34.462214,28.091213
HPI,M5_Core_DepthInteractions,Lasso,LOG1P,16,0.057496,17.744848,13.074577
HPI,M5_Core_DepthInteractions,Lasso,LOG1P,17,-0.554952,36.245624,34.752876
HPI,M5_Core_DepthInteractions,Lasso,LOG1P,18,-0.438926,118.503038,80.862051
HPI,M5_Core_DepthInteractions,Lasso,LOG1P,19,-0.038686,101.363274,54.626346
HPI,M5_Core_DepthInteractions,Lasso,LOG1P,20,-0.541138,36.892236,28.654177
HPI,M5_Core_DepthInteractions,Lasso,LOG1P,21,-0.003666,32.289756,26.192778
HPI,M5_Core_DepthInteractions,Lasso,LOG1P,22,-0.206291,92.899011,59.392808
HPI,M5_Core_DepthInteractions,Lasso,LOG1P,23,-0.049558,99.119494,50.418954
HPI,M5_Core_DepthInteractions,Lasso,LOG1P,24,-2.028612,47.228365,32.139604
HPI,M5_Core_DepthInteractions,Lasso,LOG1P,25,-0.033814,75.174714,47.142082
HPI,M5_Core_DepthInteractions,Lasso,RAW,1,-5.660871,77.467957,68.909707
HPI,M5_Core_DepthInteractions,Lasso,RAW,2,-0.314792,134.626168,89.720092
HPI,M5_Core_DepthInteractions,Lasso,RAW,3,-11.847835,105.315335,93.292368
HPI,M5_Core_DepthInteractions,Lasso,RAW,4,-13.416358,57.328664,48.333668
HPI,M5_Core_DepthInteractions,Lasso,RAW,5,-0.089279,69.229173,49.349599
HPI,M5_Core_DepthInteractions,Lasso,RAW,6,-4.865088,76.324261,62.523529
HPI,M5_Core_DepthInteractions,Lasso,RAW,7,-0.207647,92.235191,70.301094
HPI,M5_Core_DepthInteractions,Lasso,RAW,8,-1.59417,54.501575,44.861509
HPI,M5_Core_DepthInteractions,Lasso,RAW,9,-1.67973,47.020427,44.699515
HPI,M5_Core_DepthInteractions,Lasso,RAW,10,0.008162,115.363058,81.060886
HPI,M5_Core_DepthInteractions,Lasso,RAW,11,0.121436,76.638036,48.241675
HPI,M5_Core_DepthInteractions,Lasso,RAW,12,-1.927852,62.795913,60.208345
HPI,M5_Core_DepthInteractions,Lasso,RAW,13,-1.111835,103.424864,72.842304
HPI,M5_Core_DepthInteractions,Lasso,RAW,14,0.156668,91.254918,63.564998
HPI,M5_Core_DepthInteractions,Lasso,RAW,15,-0.236107,37.126244,32.393605
HPI,M5_Core_DepthInteractions,Lasso,RAW,16,-9.569099,59.422329,53.945819
HPI,M5_Core_DepthInteractions,Lasso,RAW,17,-2.807373,56.716556,48.925359
HPI,M5_Core_DepthInteractions,Lasso,RAW,18,-0.112986,104.220979,84.091915
HPI,M5_Core_DepthInteractions,Lasso,RAW,19,0.147784,91.814918,60.992836
HPI,M5_Core_DepthInteractions,Lasso,RAW,20,-2.995808,59.404113,41.198708
HPI,M5_Core_DepthInteractions,Lasso,RAW,21,-1.174191,47.524657,39.566858
HPI,M5_Core_DepthInteractions,Lasso,RAW,22,0.076386,81.288716,56.212711
HPI,M5_Core_DepthInteractions,Lasso,RAW,23,0.050041,94.299282,67.873536
HPI,M5_Core_DepthInteractions,Lasso,RAW,24,-12.411202,99.383651,71.248293
HPI,M5_Core_DepthInteractions,Lasso,RAW,25,-0.410092,87.795899,74.103204
HPI,M5_Core_DepthInteractions,HuberRegressor,LOG1P,1,-4.729713,71.849377,51.21746
HPI,M5_Core_DepthInteractions,HuberRegressor,LOG1P,2,-0.456652,141.702986,89.20376
HPI,M5_Core_DepthInteractions,HuberRegressor,LOG1P,3,-0.243745,32.767421,25.732998
HPI,M5_Core_DepthInteractions,HuberRegressor,LOG1P,4,-2.736208,29.184992,22.038306
HPI,M5_Core_DepthInteractions,HuberRegressor,LOG1P,5,-0.593806,83.740829,58.942549
HPI,M5_Core_DepthInteractions,HuberRegressor,LOG1P,6,-4.407859,73.288869,50.866643
HPI,M5_Core_DepthInteractions,HuberRegressor,LOG1P,7,-0.517701,103.399808,71.321151
HPI,M5_Core_DepthInteractions,HuberRegressor,LOG1P,8,-0.648188,43.442344,36.807416
HPI,M5_Core_DepthInteractions,HuberRegressor,LOG1P,9,-0.042766,29.33151,24.439164
HPI,M5_Core_DepthInteractions,HuberRegressor,LOG1P,10,-0.261457,130.101624,74.480064
HPI,M5_Core_DepthInteractions,HuberRegressor,LOG1P,11,-0.118341,86.465906,44.007701
HPI,M5_Core_DepthInteractions,HuberRegressor,LOG1P,12,-1.901689,62.514714,54.089533
HPI,M5_Core_DepthInteractions,HuberRegressor,LOG1P,13,-1.193359,105.402226,65.709571
HPI,M5_Core_DepthInteractions,HuberRegressor,LOG1P,14,0.01823,98.460437,60.810826
HPI,M5_Core_DepthInteractions,HuberRegressor,LOG1P,15,-0.105913,35.116683,29.491925
HPI,M5_Core_DepthInteractions,HuberRegressor,LOG1P,16,0.030591,17.996337,15.159962
HPI,M5_Core_DepthInteractions,HuberRegressor,LOG1P,17,-0.902883,40.096197,37.324242
HPI,M5_Core_DepthInteractions,HuberRegressor,LOG1P,18,-0.379043,116.011001,75.969705
HPI,M5_Core_DepthInteractions,HuberRegressor,LOG1P,19,-0.076296,103.182093,51.865104
HPI,M5_Core_DepthInteractions,HuberRegressor,LOG1P,20,-3.585559,63.63709,45.253728
HPI,M5_Core_DepthInteractions,HuberRegressor,LOG1P,21,0.012621,32.026691,24.949184
HPI,M5_Core_DepthInteractions,HuberRegressor,LOG1P,22,-0.281035,95.733853,60.924005
HPI,M5_Core_DepthInteractions,HuberRegressor,LOG1P,23,-0.13701,103.166344,57.394256
HPI,M5_Core_DepthInteractions,HuberRegressor,LOG1P,24,-26.159488,141.430111,74.59449
HPI,M5_Core_DepthInteractions,HuberRegressor,LOG1P,25,0.018266,73.256715,47.63488
HPI,M5_Core_DepthInteractions,HuberRegressor,RAW,1,-3.05118,60.415362,49.156741
HPI,M5_Core_DepthInteractions,HuberRegressor,RAW,2,-0.41265,139.546296,87.678258
HPI,M5_Core_DepthInteractions,HuberRegressor,RAW,3,-1.832432,49.448873,41.536959
HPI,M5_Core_DepthInteractions,HuberRegressor,RAW,4,-3.623109,32.464679,29.38208
HPI,M5_Core_DepthInteractions,HuberRegressor,RAW,5,-0.563807,82.949005,57.062199
HPI,M5_Core_DepthInteractions,HuberRegressor,RAW,6,-3.049083,63.416703,47.394078
HPI,M5_Core_DepthInteractions,HuberRegressor,RAW,7,-0.138058,89.538289,60.26208
HPI,M5_Core_DepthInteractions,HuberRegressor,RAW,8,-0.626959,43.161663,37.675637
HPI,M5_Core_DepthInteractions,HuberRegressor,RAW,9,-0.038202,29.267256,25.405461
HPI,M5_Core_DepthInteractions,HuberRegressor,RAW,10,-0.219029,127.894978,77.223223
HPI,M5_Core_DepthInteractions,HuberRegressor,RAW,11,-0.167311,88.338686,53.935532
HPI,M5_Core_DepthInteractions,HuberRegressor,RAW,12,-0.632886,46.895883,44.7177
HPI,M5_Core_DepthInteractions,HuberRegressor,RAW,13,-0.646816,91.33084,59.576722
HPI,M5_Core_DepthInteractions,HuberRegressor,RAW,14,-0.05485,102.059213,59.632989
HPI,M5_Core_DepthInteractions,HuberRegressor,RAW,15,-0.045615,34.145923,29.972237
HPI,M5_Core_DepthInteractions,HuberRegressor,RAW,16,-2.71971,35.252118,25.854607
HPI,M5_Core_DepthInteractions,HuberRegressor,RAW,17,-0.473797,35.287106,33.867247
HPI,M5_Core_DepthInteractions,HuberRegressor,RAW,18,-0.354401,114.969838,77.589419
HPI,M5_Core_DepthInteractions,HuberRegressor,RAW,19,-0.055652,102.187769,52.955655
HPI,M5_Core_DepthInteractions,HuberRegressor,RAW,20,-3.098943,60.165858,46.183943
HPI,M5_Core_DepthInteractions,HuberRegressor,RAW,21,0.008531,32.092953,27.976448
HPI,M5_Core_DepthInteractions,HuberRegressor,RAW,22,-0.245246,94.387096,61.549386
HPI,M5_Core_DepthInteractions,HuberRegressor,RAW,23,-0.094594,101.223748,55.841615
HPI,M5_Core_DepthInteractions,HuberRegressor,RAW,24,-6.090065,72.261371,48.465639
HPI,M5_Core_DepthInteractions,HuberRegressor,RAW,25,-0.041375,75.449115,50.745879
HPI,M5_Core_DepthInteractions,SVR_RBF,LOG1P,1,-0.095333,31.414466,25.069422
HPI,M5_Core_DepthInteractions,SVR_RBF,LOG1P,2,-0.458929,141.813661,84.522692
HPI,M5_Core_DepthInteractions,SVR_RBF,LOG1P,3,-0.115843,31.036889,24.023161
HPI,M5_Core_DepthInteractions,SVR_RBF,LOG1P,4,-1.181188,22.299269,17.399052
HPI,M5_Core_DepthInteractions,SVR_RBF,LOG1P,5,-0.752835,87.819323,60.038857
HPI,M5_Core_DepthInteractions,SVR_RBF,LOG1P,6,-0.500591,38.606147,30.481252
HPI,M5_Core_DepthInteractions,SVR_RBF,LOG1P,7,-0.177604,91.08066,52.011637
HPI,M5_Core_DepthInteractions,SVR_RBF,LOG1P,8,-0.812967,45.562209,37.545536
HPI,M5_Core_DepthInteractions,SVR_RBF,LOG1P,9,0.054118,27.935704,24.1642
HPI,M5_Core_DepthInteractions,SVR_RBF,LOG1P,10,-0.273656,130.729184,72.816474
HPI,M5_Core_DepthInteractions,SVR_RBF,LOG1P,11,-0.158262,87.995646,44.272236
HPI,M5_Core_DepthInteractions,SVR_RBF,LOG1P,12,-0.388132,43.238659,35.732505
HPI,M5_Core_DepthInteractions,SVR_RBF,LOG1P,13,-0.26713,80.113467,42.339613
HPI,M5_Core_DepthInteractions,SVR_RBF,LOG1P,14,-0.249743,111.088047,58.759041
HPI,M5_Core_DepthInteractions,SVR_RBF,LOG1P,15,-0.291902,37.954904,29.893437
HPI,M5_Core_DepthInteractions,SVR_RBF,LOG1P,16,0.350161,14.734433,12.002999
HPI,M5_Core_DepthInteractions,SVR_RBF,LOG1P,17,-0.53532,36.016097,30.987309
HPI,M5_Core_DepthInteractions,SVR_RBF,LOG1P,18,-0.449791,118.949593,79.226567
HPI,M5_Core_DepthInteractions,SVR_RBF,LOG1P,19,-0.131063,105.774715,55.640302
HPI,M5_Core_DepthInteractions,SVR_RBF,LOG1P,20,-0.327845,34.244261,27.490918
HPI,M5_Core_DepthInteractions,SVR_RBF,LOG1P,21,-0.141989,34.443012,24.893369
HPI,M5_Core_DepthInteractions,SVR_RBF,LOG1P,22,-0.268738,95.273263,60.80977
HPI,M5_Core_DepthInteractions,SVR_RBF,LOG1P,23,-0.222097,106.956874,53.179126
HPI,M5_Core_DepthInteractions,SVR_RBF,LOG1P,24,-0.107032,28.55362,19.097818
HPI,M5_Core_DepthInteractions,SVR_RBF,LOG1P,25,-0.17912,80.284087,49.391932
HPI,M5_Core_DepthInteractions,SVR_RBF,RAW,1,0.00559,29.932253,25.706575
HPI,M5_Core_DepthInteractions,SVR_RBF,RAW,2,-0.356481,136.7439,83.395711
HPI,M5_Core_DepthInteractions,SVR_RBF,RAW,3,-0.100737,30.826088,24.488711
HPI,M5_Core_DepthInteractions,SVR_RBF,RAW,4,-0.178713,16.392607,14.582651
HPI,M5_Core_DepthInteractions,SVR_RBF,RAW,5,-0.841713,90.01825,62.365835
HPI,M5_Core_DepthInteractions,SVR_RBF,RAW,6,-0.215027,34.739085,25.759227
HPI,M5_Core_DepthInteractions,SVR_RBF,RAW,7,-0.168217,90.71692,51.14869
HPI,M5_Core_DepthInteractions,SVR_RBF,RAW,8,-0.907944,46.740429,34.350213
HPI,M5_Core_DepthInteractions,SVR_RBF,RAW,9,-0.110605,30.270586,24.129156
HPI,M5_Core_DepthInteractions,SVR_RBF,RAW,10,-0.170062,125.299938,74.818557
HPI,M5_Core_DepthInteractions,SVR_RBF,RAW,11,-0.178043,88.743843,45.983352
HPI,M5_Core_DepthInteractions,SVR_RBF,RAW,12,-0.110752,38.678123,30.145387
HPI,M5_Core_DepthInteractions,SVR_RBF,RAW,13,-0.24226,79.323359,41.581937
HPI,M5_Core_DepthInteractions,SVR_RBF,RAW,14,-0.167823,107.385437,59.809829
HPI,M5_Core_DepthInteractions,SVR_RBF,RAW,15,-0.293836,37.983305,30.243574
HPI,M5_Core_DepthInteractions,SVR_RBF,RAW,16,-0.109885,19.256156,18.0187
HPI,M5_Core_DepthInteractions,SVR_RBF,RAW,17,-0.532595,35.984113,29.930151
HPI,M5_Core_DepthInteractions,SVR_RBF,RAW,18,-0.5071,121.277788,82.077053
HPI,M5_Core_DepthInteractions,SVR_RBF,RAW,19,-0.099581,104.292266,56.604809
HPI,M5_Core_DepthInteractions,SVR_RBF,RAW,20,-0.044176,30.366935,22.909759
HPI,M5_Core_DepthInteractions,SVR_RBF,RAW,21,-0.134159,34.324729,25.803935
HPI,M5_Core_DepthInteractions,SVR_RBF,RAW,22,-0.293113,96.184096,59.386768
HPI,M5_Core_DepthInteractions,SVR_RBF,RAW,23,-0.144687,103.514034,50.333938
HPI,M5_Core_DepthInteractions,SVR_RBF,RAW,24,-0.166472,29.310165,18.970792
HPI,M5_Core_DepthInteractions,SVR_RBF,RAW,25,-0.174718,80.134075,50.422266
HPI,M7_Stage5_AdvancedRatios,Ridge,LOG1P,1,-12.910064,111.94924,65.422682
HPI,M7_Stage5_AdvancedRatios,Ridge,LOG1P,2,-0.387484,138.297732,86.12091
HPI,M7_Stage5_AdvancedRatios,Ridge,LOG1P,3,-0.288834,33.356091,27.356371
HPI,M7_Stage5_AdvancedRatios,Ridge,LOG1P,4,-2.839913,29.587259,22.69472
HPI,M7_Stage5_AdvancedRatios,Ridge,LOG1P,5,-0.360865,77.379705,58.134311
HPI,M7_Stage5_AdvancedRatios,Ridge,LOG1P,6,-0.815458,42.46376,38.850405
HPI,M7_Stage5_AdvancedRatios,Ridge,LOG1P,7,-0.162901,90.510275,60.869893
HPI,M7_Stage5_AdvancedRatios,Ridge,LOG1P,8,-0.044063,34.575882,29.892705
HPI,M7_Stage5_AdvancedRatios,Ridge,LOG1P,9,-0.02095,29.02307,23.911163
HPI,M7_Stage5_AdvancedRatios,Ridge,LOG1P,10,-0.041851,118.235847,65.820578
HPI,M7_Stage5_AdvancedRatios,Ridge,LOG1P,11,-0.131006,86.954109,47.658886
HPI,M7_Stage5_AdvancedRatios,Ridge,LOG1P,12,-0.568186,45.95741,42.619391
HPI,M7_Stage5_AdvancedRatios,Ridge,LOG1P,13,0.113384,67.013544,44.281626
HPI,M7_Stage5_AdvancedRatios,Ridge,LOG1P,14,-1.894211,169.052686,101.956639
HPI,M7_Stage5_AdvancedRatios,Ridge,LOG1P,15,-0.056151,34.31754,28.762219
HPI,M7_Stage5_AdvancedRatios,Ridge,LOG1P,16,-0.161384,19.697844,14.752526
HPI,M7_Stage5_AdvancedRatios,Ridge,LOG1P,17,-0.817689,39.188342,37.89691
HPI,M7_Stage5_AdvancedRatios,Ridge,LOG1P,18,-0.279924,111.764101,77.350711
HPI,M7_Stage5_AdvancedRatios,Ridge,LOG1P,19,-0.037951,101.327381,56.00389
HPI,M7_Stage5_AdvancedRatios,Ridge,LOG1P,20,0.279653,25.222316,20.182859
HPI,M7_Stage5_AdvancedRatios,Ridge,LOG1P,21,0.086507,30.805109,24.148245
HPI,M7_Stage5_AdvancedRatios,Ridge,LOG1P,22,-0.204971,92.84819,57.916501
HPI,M7_Stage5_AdvancedRatios,Ridge,LOG1P,23,-0.632139,123.604542,78.873488
HPI,M7_Stage5_AdvancedRatios,Ridge,LOG1P,24,-1.146725,39.762096,29.61653
HPI,M7_Stage5_AdvancedRatios,Ridge,LOG1P,25,0.063523,71.548265,50.152756
HPI,M7_Stage5_AdvancedRatios,Ridge,RAW,1,-9.746176,98.397385,78.662007
HPI,M7_Stage5_AdvancedRatios,Ridge,RAW,2,-0.335348,135.674525,101.043647
HPI,M7_Stage5_AdvancedRatios,Ridge,RAW,3,-7.300105,84.648338,76.508469
HPI,M7_Stage5_AdvancedRatios,Ridge,RAW,4,-9.713596,49.421016,43.02846
HPI,M7_Stage5_AdvancedRatios,Ridge,RAW,5,-0.198432,72.614981,55.896807
HPI,M7_Stage5_AdvancedRatios,Ridge,RAW,6,-4.843253,76.182056,68.32561
HPI,M7_Stage5_AdvancedRatios,Ridge,RAW,7,-0.064819,86.609297,66.977362
HPI,M7_Stage5_AdvancedRatios,Ridge,RAW,8,-0.830833,45.786163,36.290271
HPI,M7_Stage5_AdvancedRatios,Ridge,RAW,9,-1.877754,48.7268,45.874708
HPI,M7_Stage5_AdvancedRatios,Ridge,RAW,10,-0.04284,118.29197,82.864844
HPI,M7_Stage5_AdvancedRatios,Ridge,RAW,11,0.040982,80.070233,54.157291
HPI,M7_Stage5_AdvancedRatios,Ridge,RAW,12,-1.580686,58.955514,55.110625
HPI,M7_Stage5_AdvancedRatios,Ridge,RAW,13,-1.103967,103.232015,90.391862
HPI,M7_Stage5_AdvancedRatios,Ridge,RAW,14,-0.644965,127.448644,88.71678
HPI,M7_Stage5_AdvancedRatios,Ridge,RAW,15,-12.146965,121.078162,64.473379
HPI,M7_Stage5_AdvancedRatios,Ridge,RAW,16,-4.08625,41.222046,39.683881
HPI,M7_Stage5_AdvancedRatios,Ridge,RAW,17,-2.367522,53.339919,48.514135
HPI,M7_Stage5_AdvancedRatios,Ridge,RAW,18,-0.126885,104.869689,80.246493
HPI,M7_Stage5_AdvancedRatios,Ridge,RAW,19,-0.006778,99.794207,73.057332
HPI,M7_Stage5_AdvancedRatios,Ridge,RAW,20,-35.427781,179.362044,94.589236
HPI,M7_Stage5_AdvancedRatios,Ridge,RAW,21,-14.189069,125.613338,70.763132
HPI,M7_Stage5_AdvancedRatios,Ridge,RAW,22,0.032697,83.189069,57.421103
HPI,M7_Stage5_AdvancedRatios,Ridge,RAW,23,-0.581295,121.664082,84.76073
HPI,M7_Stage5_AdvancedRatios,Ridge,RAW,24,-7.911365,81.01272,74.109239
HPI,M7_Stage5_AdvancedRatios,Ridge,RAW,25,-0.328877,85.230071,70.909496
HPI,M7_Stage5_AdvancedRatios,Lasso,LOG1P,1,-0.24017,33.426984,30.789337
HPI,M7_Stage5_AdvancedRatios,Lasso,LOG1P,2,-0.336982,135.757505,81.471047
HPI,M7_Stage5_AdvancedRatios,Lasso,LOG1P,3,-0.094778,30.742537,24.715971
HPI,M7_Stage5_AdvancedRatios,Lasso,LOG1P,4,-0.407311,17.911794,15.883015
HPI,M7_Stage5_AdvancedRatios,Lasso,LOG1P,5,-0.597187,83.829616,59.308226
HPI,M7_Stage5_AdvancedRatios,Lasso,LOG1P,6,-0.270196,35.519,30.044227
HPI,M7_Stage5_AdvancedRatios,Lasso,LOG1P,7,-0.073062,86.943877,47.840987
HPI,M7_Stage5_AdvancedRatios,Lasso,LOG1P,8,-0.29265,38.472494,31.529734
HPI,M7_Stage5_AdvancedRatios,Lasso,LOG1P,9,0.119423,26.954084,21.34437
HPI,M7_Stage5_AdvancedRatios,Lasso,LOG1P,10,-0.116399,122.392892,72.452619
HPI,M7_Stage5_AdvancedRatios,Lasso,LOG1P,11,-0.108999,86.103986,45.311809
HPI,M7_Stage5_AdvancedRatios,Lasso,LOG1P,12,-0.025149,37.157827,34.38623
HPI,M7_Stage5_AdvancedRatios,Lasso,LOG1P,13,0.046321,69.501814,42.100336
HPI,M7_Stage5_AdvancedRatios,Lasso,LOG1P,14,-0.153709,106.734556,64.75588
HPI,M7_Stage5_AdvancedRatios,Lasso,LOG1P,15,-0.027432,33.847739,28.00543
HPI,M7_Stage5_AdvancedRatios,Lasso,LOG1P,16,0.252471,15.803193,10.846445
HPI,M7_Stage5_AdvancedRatios,Lasso,LOG1P,17,-0.396524,34.349573,32.737193
HPI,M7_Stage5_AdvancedRatios,Lasso,LOG1P,18,-0.395749,116.711551,80.480599
HPI,M7_Stage5_AdvancedRatios,Lasso,LOG1P,19,0.00568,99.174849,54.526434
HPI,M7_Stage5_AdvancedRatios,Lasso,LOG1P,20,0.332502,24.279466,17.176905
HPI,M7_Stage5_AdvancedRatios,Lasso,LOG1P,21,0.100898,30.5615,23.600649
HPI,M7_Stage5_AdvancedRatios,Lasso,LOG1P,22,-0.210811,93.072886,59.512891
HPI,M7_Stage5_AdvancedRatios,Lasso,LOG1P,23,-0.112677,102.056468,57.488061
HPI,M7_Stage5_AdvancedRatios,Lasso,LOG1P,24,0.08276,25.990983,19.076922
HPI,M7_Stage5_AdvancedRatios,Lasso,LOG1P,25,0.023993,73.042726,47.599654
HPI,M7_Stage5_AdvancedRatios,Lasso,RAW,1,-11.735432,107.11824,82.910043
HPI,M7_Stage5_AdvancedRatios,Lasso,RAW,2,-0.334116,135.611906,98.474086
HPI,M7_Stage5_AdvancedRatios,Lasso,RAW,3,-11.271653,102.926727,91.627384
HPI,M7_Stage5_AdvancedRatios,Lasso,RAW,4,-10.230028,50.598128,42.930872
HPI,M7_Stage5_AdvancedRatios,Lasso,RAW,5,-0.22972,73.556779,57.630374
HPI,M7_Stage5_AdvancedRatios,Lasso,RAW,6,-6.540358,86.540881,76.765851
HPI,M7_Stage5_AdvancedRatios,Lasso,RAW,7,-0.101492,88.088091,69.431492
HPI,M7_Stage5_AdvancedRatios,Lasso,RAW,8,-1.315387,51.489856,39.770674
HPI,M7_Stage5_AdvancedRatios,Lasso,RAW,9,-2.078753,50.399757,47.163939
HPI,M7_Stage5_AdvancedRatios,Lasso,RAW,10,-0.09175,121.034162,85.62111
HPI,M7_Stage5_AdvancedRatios,Lasso,RAW,11,0.036271,80.266658,54.584297
HPI,M7_Stage5_AdvancedRatios,Lasso,RAW,12,-1.689419,60.184696,55.790086
HPI,M7_Stage5_AdvancedRatios,Lasso,RAW,13,-1.328922,108.610636,94.720039
HPI,M7_Stage5_AdvancedRatios,Lasso,RAW,14,-0.780874,132.60916,91.785074
HPI,M7_Stage5_AdvancedRatios,Lasso,RAW,15,-21.474454,158.306094,78.463211
HPI,M7_Stage5_AdvancedRatios,Lasso,RAW,16,-4.15385,41.495077,39.916022
HPI,M7_Stage5_AdvancedRatios,Lasso,RAW,17,-3.247847,59.907548,52.546945
HPI,M7_Stage5_AdvancedRatios,Lasso,RAW,18,-0.118846,104.494952,80.245301
HPI,M7_Stage5_AdvancedRatios,Lasso,RAW,19,0.006464,99.135762,71.943367
HPI,M7_Stage5_AdvancedRatios,Lasso,RAW,20,-63.52426,238.712796,116.743246
HPI,M7_Stage5_AdvancedRatios,Lasso,RAW,21,-22.946477,157.721536,83.65106
HPI,M7_Stage5_AdvancedRatios,Lasso,RAW,22,0.026241,83.466228,58.29363
HPI,M7_Stage5_AdvancedRatios,Lasso,RAW,23,-0.710292,126.529267,87.058359
HPI,M7_Stage5_AdvancedRatios,Lasso,RAW,24,-8.031781,81.55823,73.300408
HPI,M7_Stage5_AdvancedRatios,Lasso,RAW,25,-0.608751,93.776704,78.229914
HPI,M7_Stage5_AdvancedRatios,HuberRegressor,LOG1P,1,-18.540157,132.684627,72.653356
HPI,M7_Stage5_AdvancedRatios,HuberRegressor,LOG1P,2,-0.494591,143.536469,91.932853
HPI,M7_Stage5_AdvancedRatios,HuberRegressor,LOG1P,3,-0.337073,33.974582,28.108956
HPI,M7_Stage5_AdvancedRatios,HuberRegressor,LOG1P,4,-8.026004,45.361959,30.702792
HPI,M7_Stage5_AdvancedRatios,HuberRegressor,LOG1P,5,-0.501629,81.28323,60.72905
HPI,M7_Stage5_AdvancedRatios,HuberRegressor,LOG1P,6,-0.755056,41.751375,35.440627
HPI,M7_Stage5_AdvancedRatios,HuberRegressor,LOG1P,7,-0.63048,107.172737,80.868496
HPI,M7_Stage5_AdvancedRatios,HuberRegressor,LOG1P,8,0.005111,33.751818,26.590902
HPI,M7_Stage5_AdvancedRatios,HuberRegressor,LOG1P,9,-0.060597,29.581231,23.149269
HPI,M7_Stage5_AdvancedRatios,HuberRegressor,LOG1P,10,-0.09877,121.422659,68.966596
HPI,M7_Stage5_AdvancedRatios,HuberRegressor,LOG1P,11,-0.216646,90.186144,54.316596
HPI,M7_Stage5_AdvancedRatios,HuberRegressor,LOG1P,12,-1.881727,62.299311,50.310169
HPI,M7_Stage5_AdvancedRatios,HuberRegressor,LOG1P,13,0.113016,67.027481,44.791502
HPI,M7_Stage5_AdvancedRatios,HuberRegressor,LOG1P,14,-2.050263,173.550391,104.683596
HPI,M7_Stage5_AdvancedRatios,HuberRegressor,LOG1P,15,-0.172105,36.152327,29.619678
HPI,M7_Stage5_AdvancedRatios,HuberRegressor,LOG1P,16,-0.303245,20.866218,14.20005
HPI,M7_Stage5_AdvancedRatios,HuberRegressor,LOG1P,17,-0.682584,37.703832,33.107816
HPI,M7_Stage5_AdvancedRatios,HuberRegressor,LOG1P,18,-0.471211,119.825059,82.24182
HPI,M7_Stage5_AdvancedRatios,HuberRegressor,LOG1P,19,-0.098284,104.23076,56.835384
HPI,M7_Stage5_AdvancedRatios,HuberRegressor,LOG1P,20,0.203182,26.527337,21.279171
HPI,M7_Stage5_AdvancedRatios,HuberRegressor,LOG1P,21,-0.027202,32.666158,25.624389
HPI,M7_Stage5_AdvancedRatios,HuberRegressor,LOG1P,22,-0.290217,96.076331,58.749483
HPI,M7_Stage5_AdvancedRatios,HuberRegressor,LOG1P,23,-1.109341,140.51714,90.269015
HPI,M7_Stage5_AdvancedRatios,HuberRegressor,LOG1P,24,-2.254682,48.95932,32.975477
HPI,M7_Stage5_AdvancedRatios,HuberRegressor,LOG1P,25,0.13126,68.9121,49.305644
HPI,M7_Stage5_AdvancedRatios,HuberRegressor,RAW,1,-2.848038,58.881145,45.863953
HPI,M7_Stage5_AdvancedRatios,HuberRegressor,RAW,2,-0.386439,138.245638,100.002944
HPI,M7_Stage5_AdvancedRatios,HuberRegressor,RAW,3,-2.732933,56.767759,47.969121
HPI,M7_Stage5_AdvancedRatios,HuberRegressor,RAW,4,-4.497026,35.400382,30.058306
HPI,M7_Stage5_AdvancedRatios,HuberRegressor,RAW,5,-0.4964,81.141569,59.274306
HPI,M7_Stage5_AdvancedRatios,HuberRegressor,RAW,6,-1.207369,46.823386,43.977043
HPI,M7_Stage5_AdvancedRatios,HuberRegressor,RAW,7,-0.1775,91.076654,69.407784
HPI,M7_Stage5_AdvancedRatios,HuberRegressor,RAW,8,-0.063849,34.901955,27.262593
HPI,M7_Stage5_AdvancedRatios,HuberRegressor,RAW,9,-0.630179,36.67403,32.498998
HPI,M7_Stage5_AdvancedRatios,HuberRegressor,RAW,10,-0.089141,120.889471,76.890785
HPI,M7_Stage5_AdvancedRatios,HuberRegressor,RAW,11,-0.08996,85.36169,50.573676
HPI,M7_Stage5_AdvancedRatios,HuberRegressor,RAW,12,-0.532484,45.431259,42.62014
HPI,M7_Stage5_AdvancedRatios,HuberRegressor,RAW,13,-0.272568,80.285197,62.630176
HPI,M7_Stage5_AdvancedRatios,HuberRegressor,RAW,14,-0.267618,111.879667,73.159598
HPI,M7_Stage5_AdvancedRatios,HuberRegressor,RAW,15,-1.780123,55.678187,42.944929
HPI,M7_Stage5_AdvancedRatios,HuberRegressor,RAW,16,-1.117406,26.597005,22.014485
HPI,M7_Stage5_AdvancedRatios,HuberRegressor,RAW,17,-0.34442,33.702691,30.167525
HPI,M7_Stage5_AdvancedRatios,HuberRegressor,RAW,18,-0.385657,116.288857,78.368945
HPI,M7_Stage5_AdvancedRatios,HuberRegressor,RAW,19,-0.054114,102.113281,60.905412
HPI,M7_Stage5_AdvancedRatios,HuberRegressor,RAW,20,-6.363461,80.640863,52.009846
HPI,M7_Stage5_AdvancedRatios,HuberRegressor,RAW,21,-1.079926,46.482997,35.973552
HPI,M7_Stage5_AdvancedRatios,HuberRegressor,RAW,22,-0.263272,95.06782,59.419817
HPI,M7_Stage5_AdvancedRatios,HuberRegressor,RAW,23,-0.308758,110.684195,71.827598
HPI,M7_Stage5_AdvancedRatios,HuberRegressor,RAW,24,-1.551472,43.348744,35.85583
HPI,M7_Stage5_AdvancedRatios,HuberRegressor,RAW,25,0.010136,73.559424,51.796168
HPI,M7_Stage5_AdvancedRatios,SVR_RBF,LOG1P,1,-0.053028,30.801829,26.594321
HPI,M7_Stage5_AdvancedRatios,SVR_RBF,LOG1P,2,-0.429936,140.397477,83.852003
HPI,M7_Stage5_AdvancedRatios,SVR_RBF,LOG1P,3,-0.046147,30.051971,21.735371
HPI,M7_Stage5_AdvancedRatios,SVR_RBF,LOG1P,4,-3.392982,31.64636,22.575635
HPI,M7_Stage5_AdvancedRatios,SVR_RBF,LOG1P,5,-0.695053,86.359732,64.333496
HPI,M7_Stage5_AdvancedRatios,SVR_RBF,LOG1P,6,-1.136877,46.069674,37.880109
HPI,M7_Stage5_AdvancedRatios,SVR_RBF,LOG1P,7,-0.153857,90.157634,54.007474
HPI,M7_Stage5_AdvancedRatios,SVR_RBF,LOG1P,8,-0.675515,43.801005,36.416611
HPI,M7_Stage5_AdvancedRatios,SVR_RBF,LOG1P,9,-0.025446,29.086896,24.061216
HPI,M7_Stage5_AdvancedRatios,SVR_RBF,LOG1P,10,-0.220188,127.95575,70.77875
HPI,M7_Stage5_AdvancedRatios,SVR_RBF,LOG1P,11,-0.172758,88.544553,44.759587
HPI,M7_Stage5_AdvancedRatios,SVR_RBF,LOG1P,12,-0.547876,45.658844,38.719498
HPI,M7_Stage5_AdvancedRatios,SVR_RBF,LOG1P,13,-0.159606,76.639066,40.24229
HPI,M7_Stage5_AdvancedRatios,SVR_RBF,LOG1P,14,-0.231622,110.279724,62.329163
HPI,M7_Stage5_AdvancedRatios,SVR_RBF,LOG1P,15,-0.189767,36.423703,29.384881
HPI,M7_Stage5_AdvancedRatios,SVR_RBF,LOG1P,16,0.22745,16.065493,14.220871
HPI,M7_Stage5_AdvancedRatios,SVR_RBF,LOG1P,17,-0.525619,35.902126,31.779969
HPI,M7_Stage5_AdvancedRatios,SVR_RBF,LOG1P,18,-0.527655,122.102017,86.020779
HPI,M7_Stage5_AdvancedRatios,SVR_RBF,LOG1P,19,-0.119434,105.229575,61.566556
HPI,M7_Stage5_AdvancedRatios,SVR_RBF,LOG1P,20,0.051826,28.937318,19.305354
HPI,M7_Stage5_AdvancedRatios,SVR_RBF,LOG1P,21,-0.179348,35.001868,27.325866
HPI,M7_Stage5_AdvancedRatios,SVR_RBF,LOG1P,22,-0.251291,94.615944,58.505524
HPI,M7_Stage5_AdvancedRatios,SVR_RBF,LOG1P,23,-0.221772,106.942662,58.123502
HPI,M7_Stage5_AdvancedRatios,SVR_RBF,LOG1P,24,-1.123783,39.549064,27.913973
HPI,M7_Stage5_AdvancedRatios,SVR_RBF,LOG1P,25,-0.105355,77.732292,49.972876
HPI,M7_Stage5_AdvancedRatios,SVR_RBF,RAW,1,0.006399,29.920076,25.409721
HPI,M7_Stage5_AdvancedRatios,SVR_RBF,RAW,2,-0.350376,136.435793,83.082754
HPI,M7_Stage5_AdvancedRatios,SVR_RBF,RAW,3,-0.097527,30.781106,24.396289
HPI,M7_Stage5_AdvancedRatios,SVR_RBF,RAW,4,-0.170952,16.338552,14.605197
HPI,M7_Stage5_AdvancedRatios,SVR_RBF,RAW,5,-0.853893,90.315434,62.921091
HPI,M7_Stage5_AdvancedRatios,SVR_RBF,RAW,6,-0.228678,34.933679,25.981789
HPI,M7_Stage5_AdvancedRatios,SVR_RBF,RAW,7,-0.166163,90.637145,50.956156
HPI,M7_Stage5_AdvancedRatios,SVR_RBF,RAW,8,-0.899888,46.641645,34.269251
HPI,M7_Stage5_AdvancedRatios,SVR_RBF,RAW,9,-0.124935,30.465245,24.202867
HPI,M7_Stage5_AdvancedRatios,SVR_RBF,RAW,10,-0.16553,125.057036,74.610925
HPI,M7_Stage5_AdvancedRatios,SVR_RBF,RAW,11,-0.177866,88.737175,45.879746
HPI,M7_Stage5_AdvancedRatios,SVR_RBF,RAW,12,-0.106324,38.60095,30.129453
HPI,M7_Stage5_AdvancedRatios,SVR_RBF,RAW,13,-0.240939,79.281199,41.690511
HPI,M7_Stage5_AdvancedRatios,SVR_RBF,RAW,14,-0.166705,107.334028,59.67957
HPI,M7_Stage5_AdvancedRatios,SVR_RBF,RAW,15,-0.310801,38.231508,30.287087
HPI,M7_Stage5_AdvancedRatios,SVR_RBF,RAW,16,-0.120101,19.344582,18.075867
HPI,M7_Stage5_AdvancedRatios,SVR_RBF,RAW,17,-0.552932,36.222083,29.974423
HPI,M7_Stage5_AdvancedRatios,SVR_RBF,RAW,18,-0.511508,121.455024,82.191544
HPI,M7_Stage5_AdvancedRatios,SVR_RBF,RAW,19,-0.099174,104.272938,56.579613
HPI,M7_Stage5_AdvancedRatios,SVR_RBF,RAW,20,-0.033805,30.215757,22.72342
HPI,M7_Stage5_AdvancedRatios,SVR_RBF,RAW,21,-0.148896,34.547015,25.717982
HPI,M7_Stage5_AdvancedRatios,SVR_RBF,RAW,22,-0.288918,96.027976,59.053445
HPI,M7_Stage5_AdvancedRatios,SVR_RBF,RAW,23,-0.145657,103.55788,50.466214
HPI,M7_Stage5_AdvancedRatios,SVR_RBF,RAW,24,-0.148114,29.078613,18.723101
HPI,M7_Stage5_AdvancedRatios,SVR_RBF,RAW,25,-0.168487,79.921277,50.240087
HPI,M8_Stage5_PlausibleInteractions,Ridge,LOG1P,1,-2.400045,55.347614,43.806577
HPI,M8_Stage5_PlausibleInteractions,Ridge,LOG1P,2,-0.429115,140.357185,88.156455
HPI,M8_Stage5_PlausibleInteractions,Ridge,LOG1P,3,-0.359012,34.252181,27.76518
HPI,M8_Stage5_PlausibleInteractions,Ridge,LOG1P,4,-2.200772,27.012914,20.323371
HPI,M8_Stage5_PlausibleInteractions,Ridge,LOG1P,5,-0.418026,78.98811,58.500393
HPI,M8_Stage5_PlausibleInteractions,Ridge,LOG1P,6,-0.900283,43.444466,40.293006
HPI,M8_Stage5_PlausibleInteractions,Ridge,LOG1P,7,-0.352514,97.610716,68.859412
HPI,M8_Stage5_PlausibleInteractions,Ridge,LOG1P,8,-0.242295,37.715707,33.451715
HPI,M8_Stage5_PlausibleInteractions,Ridge,LOG1P,9,-0.386426,33.821224,28.470957
HPI,M8_Stage5_PlausibleInteractions,Ridge,LOG1P,10,-0.096842,121.316083,69.836457
HPI,M8_Stage5_PlausibleInteractions,Ridge,LOG1P,11,-0.122834,86.639397,46.578788
HPI,M8_Stage5_PlausibleInteractions,Ridge,LOG1P,12,-0.543414,45.592988,42.363552
HPI,M8_Stage5_PlausibleInteractions,Ridge,LOG1P,13,-0.0408,72.607017,46.713556
HPI,M8_Stage5_PlausibleInteractions,Ridge,LOG1P,14,-0.443586,119.392848,77.695031
HPI,M8_Stage5_PlausibleInteractions,Ridge,LOG1P,15,-0.131978,35.5281,29.364384
HPI,M8_Stage5_PlausibleInteractions,Ridge,LOG1P,16,-0.248258,20.421275,16.395716
HPI,M8_Stage5_PlausibleInteractions,Ridge,LOG1P,17,-1.027699,41.390332,40.671813
HPI,M8_Stage5_PlausibleInteractions,Ridge,LOG1P,18,-0.3744,115.815523,78.683964
HPI,M8_Stage5_PlausibleInteractions,Ridge,LOG1P,19,-0.036021,101.233149,53.513183
HPI,M8_Stage5_PlausibleInteractions,Ridge,LOG1P,20,-0.356834,34.616052,24.778595
HPI,M8_Stage5_PlausibleInteractions,Ridge,LOG1P,21,-0.091133,33.667365,26.200608
HPI,M8_Stage5_PlausibleInteractions,Ridge,LOG1P,22,-0.217537,93.331052,60.006533
HPI,M8_Stage5_PlausibleInteractions,Ridge,LOG1P,23,-0.292447,109.992295,67.81141
HPI,M8_Stage5_PlausibleInteractions,Ridge,LOG1P,24,-4.641454,64.45797,45.447565
HPI,M8_Stage5_PlausibleInteractions,Ridge,LOG1P,25,0.051495,72.00627,48.014045
HPI,M8_Stage5_PlausibleInteractions,Ridge,RAW,1,-7.00034,84.90061,69.30227
HPI,M8_Stage5_PlausibleInteractions,Ridge,RAW,2,-0.271352,132.383537,88.457823
HPI,M8_Stage5_PlausibleInteractions,Ridge,RAW,3,-6.346304,79.636301,72.564517
HPI,M8_Stage5_PlausibleInteractions,Ridge,RAW,4,-8.978411,47.695206,39.053856
HPI,M8_Stage5_PlausibleInteractions,Ridge,RAW,5,-0.237446,73.787478,60.139335
HPI,M8_Stage5_PlausibleInteractions,Ridge,RAW,6,-3.860634,69.481919,65.290062
HPI,M8_Stage5_PlausibleInteractions,Ridge,RAW,7,-0.071595,86.884436,65.785747
HPI,M8_Stage5_PlausibleInteractions,Ridge,RAW,8,-1.001356,47.870954,40.432888
HPI,M8_Stage5_PlausibleInteractions,Ridge,RAW,9,-2.13397,50.849711,42.01417
HPI,M8_Stage5_PlausibleInteractions,Ridge,RAW,10,0.068101,111.822949,75.886544
HPI,M8_Stage5_PlausibleInteractions,Ridge,RAW,11,0.087523,78.103177,51.076781
HPI,M8_Stage5_PlausibleInteractions,Ridge,RAW,12,-1.658708,59.840075,56.991654
HPI,M8_Stage5_PlausibleInteractions,Ridge,RAW,13,-0.395245,84.065956,63.359513
HPI,M8_Stage5_PlausibleInteractions,Ridge,RAW,14,-0.398608,117.518137,88.294519
HPI,M8_Stage5_PlausibleInteractions,Ridge,RAW,15,-0.945564,46.577466,38.390333
HPI,M8_Stage5_PlausibleInteractions,Ridge,RAW,16,-5.058991,44.991539,40.052406
HPI,M8_Stage5_PlausibleInteractions,Ridge,RAW,17,-2.731041,56.145133,49.217208
HPI,M8_Stage5_PlausibleInteractions,Ridge,RAW,18,-0.186305,107.599028,82.198252
HPI,M8_Stage5_PlausibleInteractions,Ridge,RAW,19,0.142738,92.086378,62.324444
HPI,M8_Stage5_PlausibleInteractions,Ridge,RAW,20,-1.638719,48.273719,39.301316
HPI,M8_Stage5_PlausibleInteractions,Ridge,RAW,21,-1.013554,45.735336,40.754635
HPI,M8_Stage5_PlausibleInteractions,Ridge,RAW,22,0.085739,80.876086,53.755168
HPI,M8_Stage5_PlausibleInteractions,Ridge,RAW,23,-0.361196,112.879812,82.796221
HPI,M8_Stage5_PlausibleInteractions,Ridge,RAW,24,-7.822919,80.609689,67.878325
HPI,M8_Stage5_PlausibleInteractions,Ridge,RAW,25,-0.175779,80.170279,66.095137
HPI,M8_Stage5_PlausibleInteractions,Lasso,LOG1P,1,-0.029638,30.457829,27.60654
HPI,M8_Stage5_PlausibleInteractions,Lasso,LOG1P,2,-0.296504,133.686629,80.737007
HPI,M8_Stage5_PlausibleInteractions,Lasso,LOG1P,3,-0.060829,30.262112,23.9347
HPI,M8_Stage5_PlausibleInteractions,Lasso,LOG1P,4,-0.419037,17.98626,15.985451
HPI,M8_Stage5_PlausibleInteractions,Lasso,LOG1P,5,-0.52009,81.781353,57.258606
HPI,M8_Stage5_PlausibleInteractions,Lasso,LOG1P,6,-0.28606,35.740112,29.43547
HPI,M8_Stage5_PlausibleInteractions,Lasso,LOG1P,7,-0.062784,86.526484,49.043142
HPI,M8_Stage5_PlausibleInteractions,Lasso,LOG1P,8,-0.313753,38.785267,31.215372
HPI,M8_Stage5_PlausibleInteractions,Lasso,LOG1P,9,0.001784,28.698111,22.711799
HPI,M8_Stage5_PlausibleInteractions,Lasso,LOG1P,10,-0.067669,119.691914,70.859224
HPI,M8_Stage5_PlausibleInteractions,Lasso,LOG1P,11,-0.1167,86.402436,46.520865
HPI,M8_Stage5_PlausibleInteractions,Lasso,LOG1P,12,-0.05077,37.619299,34.723376
HPI,M8_Stage5_PlausibleInteractions,Lasso,LOG1P,13,0.04016,69.725937,38.214463
HPI,M8_Stage5_PlausibleInteractions,Lasso,LOG1P,14,-0.069873,102.783402,59.117139
HPI,M8_Stage5_PlausibleInteractions,Lasso,LOG1P,15,-0.103394,35.07667,27.515801
HPI,M8_Stage5_PlausibleInteractions,Lasso,LOG1P,16,0.267669,15.641717,11.871264
HPI,M8_Stage5_PlausibleInteractions,Lasso,LOG1P,17,-0.561501,36.321877,34.870389
HPI,M8_Stage5_PlausibleInteractions,Lasso,LOG1P,18,-0.37734,115.939332,79.516057
HPI,M8_Stage5_PlausibleInteractions,Lasso,LOG1P,19,0.003373,99.289814,53.453051
HPI,M8_Stage5_PlausibleInteractions,Lasso,LOG1P,20,0.196602,26.636647,19.491598
HPI,M8_Stage5_PlausibleInteractions,Lasso,LOG1P,21,-0.037334,32.826873,25.654207
HPI,M8_Stage5_PlausibleInteractions,Lasso,LOG1P,22,-0.184667,92.062596,58.882759
HPI,M8_Stage5_PlausibleInteractions,Lasso,LOG1P,23,-0.041755,98.75036,53.862294
HPI,M8_Stage5_PlausibleInteractions,Lasso,LOG1P,24,-0.114319,28.647444,19.768438
HPI,M8_Stage5_PlausibleInteractions,Lasso,LOG1P,25,0.034712,72.640526,45.692936
HPI,M8_Stage5_PlausibleInteractions,Lasso,RAW,1,-8.410196,92.078007,70.856988
HPI,M8_Stage5_PlausibleInteractions,Lasso,RAW,2,-0.304749,134.11104,89.811913
HPI,M8_Stage5_PlausibleInteractions,Lasso,RAW,3,-8.066618,88.470668,79.08688
HPI,M8_Stage5_PlausibleInteractions,Lasso,RAW,4,-8.946781,47.619553,39.418145
HPI,M8_Stage5_PlausibleInteractions,Lasso,RAW,5,-0.329708,76.488784,63.948955
HPI,M8_Stage5_PlausibleInteractions,Lasso,RAW,6,-4.083702,71.058391,66.863077
HPI,M8_Stage5_PlausibleInteractions,Lasso,RAW,7,-0.123779,88.974798,69.41924
HPI,M8_Stage5_PlausibleInteractions,Lasso,RAW,8,-1.534272,53.868692,45.327929
HPI,M8_Stage5_PlausibleInteractions,Lasso,RAW,9,-4.167587,65.29575,52.979557
HPI,M8_Stage5_PlausibleInteractions,Lasso,RAW,10,0.07468,111.427503,74.25937
HPI,M8_Stage5_PlausibleInteractions,Lasso,RAW,11,0.117936,76.790554,49.903926
HPI,M8_Stage5_PlausibleInteractions,Lasso,RAW,12,-1.772234,61.1043,57.721971
HPI,M8_Stage5_PlausibleInteractions,Lasso,RAW,13,-0.684181,92.361133,68.469908
HPI,M8_Stage5_PlausibleInteractions,Lasso,RAW,14,-0.535612,123.13959,94.182268
HPI,M8_Stage5_PlausibleInteractions,Lasso,RAW,15,-1.962133,57.471875,50.739523
HPI,M8_Stage5_PlausibleInteractions,Lasso,RAW,16,-6.713421,50.76381,40.936344
HPI,M8_Stage5_PlausibleInteractions,Lasso,RAW,17,-3.328853,60.476066,52.384484
HPI,M8_Stage5_PlausibleInteractions,Lasso,RAW,18,-0.237376,109.890743,86.377932
HPI,M8_Stage5_PlausibleInteractions,Lasso,RAW,19,0.144214,92.007033,64.489959
HPI,M8_Stage5_PlausibleInteractions,Lasso,RAW,20,-1.747108,49.255196,41.143398
HPI,M8_Stage5_PlausibleInteractions,Lasso,RAW,21,-1.353631,49.44693,40.547592
HPI,M8_Stage5_PlausibleInteractions,Lasso,RAW,22,0.115754,79.537438,51.79855
HPI,M8_Stage5_PlausibleInteractions,Lasso,RAW,23,-0.451349,116.557916,85.050941
HPI,M8_Stage5_PlausibleInteractions,Lasso,RAW,24,-9.319432,87.178417,73.739128
HPI,M8_Stage5_PlausibleInteractions,Lasso,RAW,25,-0.286534,83.861196,71.228335
HPI,M8_Stage5_PlausibleInteractions,HuberRegressor,LOG1P,1,-0.874171,41.092367,38.405142
HPI,M8_Stage5_PlausibleInteractions,HuberRegressor,LOG1P,2,-0.464243,142.071699,87.521029
HPI,M8_Stage5_PlausibleInteractions,HuberRegressor,LOG1P,3,-0.419151,35.00184,28.519474
HPI,M8_Stage5_PlausibleInteractions,HuberRegressor,LOG1P,4,-3.204605,30.960404,22.842739
HPI,M8_Stage5_PlausibleInteractions,HuberRegressor,LOG1P,5,-0.556648,82.75892,60.189484
HPI,M8_Stage5_PlausibleInteractions,HuberRegressor,LOG1P,6,-1.095027,45.616312,39.771735
HPI,M8_Stage5_PlausibleInteractions,HuberRegressor,LOG1P,7,-0.93178,116.655566,87.082339
HPI,M8_Stage5_PlausibleInteractions,HuberRegressor,LOG1P,8,-0.394611,39.96101,35.282846
HPI,M8_Stage5_PlausibleInteractions,HuberRegressor,LOG1P,9,-1.171189,42.324307,36.470341
HPI,M8_Stage5_PlausibleInteractions,HuberRegressor,LOG1P,10,-0.193736,126.561189,72.364946
HPI,M8_Stage5_PlausibleInteractions,HuberRegressor,LOG1P,11,-0.151303,87.730904,48.736723
HPI,M8_Stage5_PlausibleInteractions,HuberRegressor,LOG1P,12,-0.866907,50.143908,45.711027
HPI,M8_Stage5_PlausibleInteractions,HuberRegressor,LOG1P,13,-3.623779,153.035951,85.665513
HPI,M8_Stage5_PlausibleInteractions,HuberRegressor,LOG1P,14,-0.249494,111.076962,66.41709
HPI,M8_Stage5_PlausibleInteractions,HuberRegressor,LOG1P,15,-0.050193,34.220607,29.738386
HPI,M8_Stage5_PlausibleInteractions,HuberRegressor,LOG1P,16,-0.038238,18.624268,15.483963
HPI,M8_Stage5_PlausibleInteractions,HuberRegressor,LOG1P,17,-0.749379,38.444926,37.695588
HPI,M8_Stage5_PlausibleInteractions,HuberRegressor,LOG1P,18,-0.490875,120.623207,82.426908
HPI,M8_Stage5_PlausibleInteractions,HuberRegressor,LOG1P,19,-0.098063,104.220267,52.462322
HPI,M8_Stage5_PlausibleInteractions,HuberRegressor,LOG1P,20,-11.919082,106.814452,60.682692
HPI,M8_Stage5_PlausibleInteractions,HuberRegressor,LOG1P,21,-0.095014,33.72718,26.098739
HPI,M8_Stage5_PlausibleInteractions,HuberRegressor,LOG1P,22,-0.352028,98.350821,63.251907
HPI,M8_Stage5_PlausibleInteractions,HuberRegressor,LOG1P,23,-0.305244,110.535484,64.267438
HPI,M8_Stage5_PlausibleInteractions,HuberRegressor,LOG1P,24,-11.065058,94.263985,56.811385
HPI,M8_Stage5_PlausibleInteractions,HuberRegressor,LOG1P,25,0.051713,71.997991,47.671076
HPI,M8_Stage5_PlausibleInteractions,HuberRegressor,RAW,1,-2.538005,56.459339,49.102227
HPI,M8_Stage5_PlausibleInteractions,HuberRegressor,RAW,2,-0.439671,140.874604,88.39137
HPI,M8_Stage5_PlausibleInteractions,HuberRegressor,RAW,3,-2.089432,51.643533,43.55908
HPI,M8_Stage5_PlausibleInteractions,HuberRegressor,RAW,4,-3.462206,31.894723,28.38922
HPI,M8_Stage5_PlausibleInteractions,HuberRegressor,RAW,5,-0.551041,82.609729,58.725463
HPI,M8_Stage5_PlausibleInteractions,HuberRegressor,RAW,6,-2.81755,61.576883,47.591334
HPI,M8_Stage5_PlausibleInteractions,HuberRegressor,RAW,7,-0.281394,95.009688,74.907417
HPI,M8_Stage5_PlausibleInteractions,HuberRegressor,RAW,8,-0.44935,40.7377,35.667517
HPI,M8_Stage5_PlausibleInteractions,HuberRegressor,RAW,9,-1.249683,43.082579,37.471329
HPI,M8_Stage5_PlausibleInteractions,HuberRegressor,RAW,10,-0.186468,126.175328,74.171681
HPI,M8_Stage5_PlausibleInteractions,HuberRegressor,RAW,11,-0.082761,85.0793,55.332231
HPI,M8_Stage5_PlausibleInteractions,HuberRegressor,RAW,12,-0.566295,45.929701,44.085247
HPI,M8_Stage5_PlausibleInteractions,HuberRegressor,RAW,13,-0.902078,98.154253,62.020066
HPI,M8_Stage5_PlausibleInteractions,HuberRegressor,RAW,14,-0.234509,110.408893,66.975851
HPI,M8_Stage5_PlausibleInteractions,HuberRegressor,RAW,15,0.051317,32.524722,28.713303
HPI,M8_Stage5_PlausibleInteractions,HuberRegressor,RAW,16,-1.604853,29.500022,23.972104
HPI,M8_Stage5_PlausibleInteractions,HuberRegressor,RAW,17,-0.529708,35.950208,34.896507
HPI,M8_Stage5_PlausibleInteractions,HuberRegressor,RAW,18,-0.415893,117.550742,80.479801
HPI,M8_Stage5_PlausibleInteractions,HuberRegressor,RAW,19,-0.09749,104.193053,58.389743
HPI,M8_Stage5_PlausibleInteractions,HuberRegressor,RAW,20,-4.927653,72.352836,52.36842
HPI,M8_Stage5_PlausibleInteractions,HuberRegressor,RAW,21,0.033733,31.682454,26.616923
HPI,M8_Stage5_PlausibleInteractions,HuberRegressor,RAW,22,-0.31794,97.10304,63.865147
HPI,M8_Stage5_PlausibleInteractions,HuberRegressor,RAW,23,-0.264742,108.807029,63.16437
HPI,M8_Stage5_PlausibleInteractions,HuberRegressor,RAW,24,-5.991277,71.756188,49.288528
HPI,M8_Stage5_PlausibleInteractions,HuberRegressor,RAW,25,-0.008773,74.25868,48.233636
HPI,M8_Stage5_PlausibleInteractions,SVR_RBF,LOG1P,1,-0.066245,30.994532,25.486436
HPI,M8_Stage5_PlausibleInteractions,SVR_RBF,LOG1P,2,-0.395342,138.688802,82.051311
HPI,M8_Stage5_PlausibleInteractions,SVR_RBF,LOG1P,3,-4.1e-05,29.382278,20.903394
HPI,M8_Stage5_PlausibleInteractions,SVR_RBF,LOG1P,4,-2.624217,28.74426,22.450025
HPI,M8_Stage5_PlausibleInteractions,SVR_RBF,LOG1P,5,-0.709672,86.731323,60.825627
HPI,M8_Stage5_PlausibleInteractions,SVR_RBF,LOG1P,6,-0.603517,39.908199,31.722891
HPI,M8_Stage5_PlausibleInteractions,SVR_RBF,LOG1P,7,-0.163946,90.550934,54.490552
HPI,M8_Stage5_PlausibleInteractions,SVR_RBF,LOG1P,8,-0.793244,45.313705,38.971269
HPI,M8_Stage5_PlausibleInteractions,SVR_RBF,LOG1P,9,-0.022835,29.049844,23.61086
HPI,M8_Stage5_PlausibleInteractions,SVR_RBF,LOG1P,10,-0.226549,128.288855,69.999554
HPI,M8_Stage5_PlausibleInteractions,SVR_RBF,LOG1P,11,-0.168528,88.384718,45.783739
HPI,M8_Stage5_PlausibleInteractions,SVR_RBF,LOG1P,12,-0.447765,44.157641,37.624409
HPI,M8_Stage5_PlausibleInteractions,SVR_RBF,LOG1P,13,-0.249888,79.56654,40.212437
HPI,M8_Stage5_PlausibleInteractions,SVR_RBF,LOG1P,14,-0.230649,110.236175,60.219539
HPI,M8_Stage5_PlausibleInteractions,SVR_RBF,LOG1P,15,-0.161938,35.99519,27.94277
HPI,M8_Stage5_PlausibleInteractions,SVR_RBF,LOG1P,16,0.353504,14.696489,11.517021
HPI,M8_Stage5_PlausibleInteractions,SVR_RBF,LOG1P,17,-0.552404,36.215922,31.59189
HPI,M8_Stage5_PlausibleInteractions,SVR_RBF,LOG1P,18,-0.49794,120.908675,81.524729
HPI,M8_Stage5_PlausibleInteractions,SVR_RBF,LOG1P,19,-0.126758,105.573223,56.847822
HPI,M8_Stage5_PlausibleInteractions,SVR_RBF,LOG1P,20,-0.059011,30.581892,22.526088
HPI,M8_Stage5_PlausibleInteractions,SVR_RBF,LOG1P,21,-0.204452,35.372434,26.42642
HPI,M8_Stage5_PlausibleInteractions,SVR_RBF,LOG1P,22,-0.225513,93.636246,58.57746
HPI,M8_Stage5_PlausibleInteractions,SVR_RBF,LOG1P,23,-0.231156,107.352581,54.225701
HPI,M8_Stage5_PlausibleInteractions,SVR_RBF,LOG1P,24,-0.004877,27.204295,16.994704
HPI,M8_Stage5_PlausibleInteractions,SVR_RBF,LOG1P,25,-0.172954,80.073894,50.134154
HPI,M8_Stage5_PlausibleInteractions,SVR_RBF,RAW,1,-0.001994,30.046177,25.66398
HPI,M8_Stage5_PlausibleInteractions,SVR_RBF,RAW,2,-0.34726,136.278329,83.118257
HPI,M8_Stage5_PlausibleInteractions,SVR_RBF,RAW,3,-0.100616,30.824389,24.505376
HPI,M8_Stage5_PlausibleInteractions,SVR_RBF,RAW,4,-0.183075,16.422914,14.680909
HPI,M8_Stage5_PlausibleInteractions,SVR_RBF,RAW,5,-0.855256,90.348607,62.876757
HPI,M8_Stage5_PlausibleInteractions,SVR_RBF,RAW,6,-0.226864,34.907881,25.969342
HPI,M8_Stage5_PlausibleInteractions,SVR_RBF,RAW,7,-0.16296,90.512572,51.07755
HPI,M8_Stage5_PlausibleInteractions,SVR_RBF,RAW,8,-0.907996,46.741065,34.424498
HPI,M8_Stage5_PlausibleInteractions,SVR_RBF,RAW,9,-0.116988,30.357448,24.113795
HPI,M8_Stage5_PlausibleInteractions,SVR_RBF,RAW,10,-0.166047,125.084777,74.78013
HPI,M8_Stage5_PlausibleInteractions,SVR_RBF,RAW,11,-0.17613,88.671749,46.005377
HPI,M8_Stage5_PlausibleInteractions,SVR_RBF,RAW,12,-0.108495,38.638813,30.194222
HPI,M8_Stage5_PlausibleInteractions,SVR_RBF,RAW,13,-0.240676,79.27278,41.426207
HPI,M8_Stage5_PlausibleInteractions,SVR_RBF,RAW,14,-0.166703,107.333962,59.675304
HPI,M8_Stage5_PlausibleInteractions,SVR_RBF,RAW,15,-0.291444,37.948167,30.192045
HPI,M8_Stage5_PlausibleInteractions,SVR_RBF,RAW,16,-0.106367,19.225614,18.004555
HPI,M8_Stage5_PlausibleInteractions,SVR_RBF,RAW,17,-0.543759,36.114938,30.04554
HPI,M8_Stage5_PlausibleInteractions,SVR_RBF,RAW,18,-0.510247,121.404355,82.239208
HPI,M8_Stage5_PlausibleInteractions,SVR_RBF,RAW,19,-0.096558,104.148822,56.578016
HPI,M8_Stage5_PlausibleInteractions,SVR_RBF,RAW,20,-0.041475,30.327644,22.919886
HPI,M8_Stage5_PlausibleInteractions,SVR_RBF,RAW,21,-0.133702,34.31781,25.789136
HPI,M8_Stage5_PlausibleInteractions,SVR_RBF,RAW,22,-0.287796,95.986173,59.168447
HPI,M8_Stage5_PlausibleInteractions,SVR_RBF,RAW,23,-0.142977,103.436724,50.519794
HPI,M8_Stage5_PlausibleInteractions,SVR_RBF,RAW,24,-0.158164,29.205602,18.839187
HPI,M8_Stage5_PlausibleInteractions,SVR_RBF,RAW,25,-0.169983,79.972414,50.321885
HEI,M1_Core,Ridge,LOG1P,1,-1.070426,9.741677,8.777411
HEI,M1_Core,Ridge,LOG1P,2,-0.272369,35.866379,19.565675
HEI,M1_Core,Ridge,LOG1P,3,0.162603,7.921117,6.451946
HEI,M1_Core,Ridge,LOG1P,4,-9.694621,7.138657,5.59911
HEI,M1_Core,Ridge,LOG1P,5,-0.833175,15.778543,11.949048
HEI,M1_Core,Ridge,LOG1P,6,-0.42448,8.535666,7.549282
HEI,M1_Core,Ridge,LOG1P,7,-0.129181,20.769212,13.459522
HEI,M1_Core,Ridge,LOG1P,8,0.03676,6.768751,5.239005
HEI,M1_Core,Ridge,LOG1P,9,0.056475,12.119385,8.268823
HEI,M1_Core,Ridge,LOG1P,10,-0.138076,30.966918,16.023486
HEI,M1_Core,Ridge,LOG1P,11,-0.131178,20.134224,10.924262
HEI,M1_Core,Ridge,LOG1P,12,-1.44764,9.644871,8.183216
HEI,M1_Core,Ridge,LOG1P,13,0.193344,10.341493,6.584953
HEI,M1_Core,Ridge,LOG1P,14,-0.069154,29.224923,15.008115
HEI,M1_Core,Ridge,LOG1P,15,-0.192415,12.200559,8.382544
HEI,M1_Core,Ridge,LOG1P,16,0.03664,6.852488,5.024524
HEI,M1_Core,Ridge,LOG1P,17,-0.784695,8.801751,7.936048
HEI,M1_Core,Ridge,LOG1P,18,-0.45626,24.453752,17.320162
HEI,M1_Core,Ridge,LOG1P,19,-0.020242,29.057502,14.617611
HEI,M1_Core,Ridge,LOG1P,20,0.202706,3.82684,2.876283
HEI,M1_Core,Ridge,LOG1P,21,-0.327722,13.164784,9.324264
HEI,M1_Core,Ridge,LOG1P,22,0.005608,19.576936,9.854604
HEI,M1_Core,Ridge,LOG1P,23,-0.093785,29.487453,15.257707
HEI,M1_Core,Ridge,LOG1P,24,-1.523021,9.438163,7.609105
HEI,M1_Core,Ridge,LOG1P,25,0.061145,11.299751,8.412344
HEI,M1_Core,Ridge,RAW,1,-6.207587,18.17602,16.212812
HEI,M1_Core,Ridge,RAW,2,-0.173797,34.44907,20.14279
HEI,M1_Core,Ridge,RAW,3,-4.879364,20.988721,18.534725
HEI,M1_Core,Ridge,RAW,4,-29.296201,12.015115,10.345672
HEI,M1_Core,Ridge,RAW,5,-0.208751,12.812487,9.776798
HEI,M1_Core,Ridge,RAW,6,-4.354175,16.548381,13.419806
HEI,M1_Core,Ridge,RAW,7,-0.00738,19.617105,15.873158
HEI,M1_Core,Ridge,RAW,8,-2.837811,13.510865,10.912828
HEI,M1_Core,Ridge,RAW,9,-0.047339,12.768723,11.432096
HEI,M1_Core,Ridge,RAW,10,-0.015528,29.252182,18.526445
HEI,M1_Core,Ridge,RAW,11,0.152296,17.429759,11.887616
HEI,M1_Core,Ridge,RAW,12,-4.197694,14.05491,13.378828
HEI,M1_Core,Ridge,RAW,13,-0.654482,14.810508,11.890712
HEI,M1_Core,Ridge,RAW,14,0.047018,27.591506,17.788651
HEI,M1_Core,Ridge,RAW,15,0.035958,10.970182,8.975235
HEI,M1_Core,Ridge,RAW,16,-2.49955,13.060509,11.766344
HEI,M1_Core,Ridge,RAW,17,-2.821205,12.879151,10.944237
HEI,M1_Core,Ridge,RAW,18,-0.122255,21.467025,17.318254
HEI,M1_Core,Ridge,RAW,19,0.090927,27.428753,16.761168
HEI,M1_Core,Ridge,RAW,20,-5.542944,10.962704,8.183307
HEI,M1_Core,Ridge,RAW,21,-0.022167,11.551037,9.914297
HEI,M1_Core,Ridge,RAW,22,0.225972,17.272056,11.643815
HEI,M1_Core,Ridge,RAW,23,0.022173,27.880614,17.573507
HEI,M1_Core,Ridge,RAW,24,-7.805244,17.631845,14.728648
HEI,M1_Core,Ridge,RAW,25,-0.824283,15.751272,13.922081
HEI,M1_Core,Lasso,LOG1P,1,-0.431396,8.099976,7.315173
HEI,M1_Core,Lasso,LOG1P,2,-0.232064,35.293741,18.733667
HEI,M1_Core,Lasso,LOG1P,3,0.248959,7.50158,5.916319
HEI,M1_Core,Lasso,LOG1P,4,-3.288909,4.520716,4.059454
HEI,M1_Core,Lasso,LOG1P,5,-1.210221,17.325381,13.345153
HEI,M1_Core,Lasso,LOG1P,6,0.023198,7.068261,6.290423
HEI,M1_Core,Lasso,LOG1P,7,-0.057505,20.099227,11.563079
HEI,M1_Core,Lasso,LOG1P,8,-0.098769,7.229273,5.011825
HEI,M1_Core,Lasso,LOG1P,9,0.073808,12.00755,8.323303
HEI,M1_Core,Lasso,LOG1P,10,-0.134473,30.917859,15.486411
HEI,M1_Core,Lasso,LOG1P,11,-0.166049,20.442211,10.669061
HEI,M1_Core,Lasso,LOG1P,12,-0.288401,6.997584,6.309507
HEI,M1_Core,Lasso,LOG1P,13,0.104155,10.898215,6.245241
HEI,M1_Core,Lasso,LOG1P,14,-0.098068,29.617462,15.37207
HEI,M1_Core,Lasso,LOG1P,15,-0.168606,12.07814,8.383245
HEI,M1_Core,Lasso,LOG1P,16,0.281893,5.91628,4.565869
HEI,M1_Core,Lasso,LOG1P,17,-0.478018,8.009898,7.2755
HEI,M1_Core,Lasso,LOG1P,18,-0.616262,25.762144,18.14645
HEI,M1_Core,Lasso,LOG1P,19,-0.032088,29.225705,14.668509
HEI,M1_Core,Lasso,LOG1P,20,0.272205,3.656248,2.872828
HEI,M1_Core,Lasso,LOG1P,21,-0.347544,13.262689,8.83527
HEI,M1_Core,Lasso,LOG1P,22,-0.05743,20.187924,10.785556
HEI,M1_Core,Lasso,LOG1P,23,-0.077856,29.271941,14.326364
HEI,M1_Core,Lasso,LOG1P,24,0.035426,5.835726,4.999976
HEI,M1_Core,Lasso,LOG1P,25,0.043265,11.406842,8.432457
HEI,M1_Core,Lasso,RAW,1,-6.321432,18.319004,16.319944
HEI,M1_Core,Lasso,RAW,2,-0.17344,34.443825,20.18317
HEI,M1_Core,Lasso,RAW,3,-5.154273,21.473814,18.913392
HEI,M1_Core,Lasso,RAW,4,-29.421291,12.039894,10.302608
HEI,M1_Core,Lasso,RAW,5,-0.196732,12.748626,9.717786
HEI,M1_Core,Lasso,RAW,6,-4.429629,16.664579,13.48285
HEI,M1_Core,Lasso,RAW,7,-0.0077,19.620218,15.932357
HEI,M1_Core,Lasso,RAW,8,-3.052835,13.8842,11.154567
HEI,M1_Core,Lasso,RAW,9,-0.038705,12.715984,11.413139
HEI,M1_Core,Lasso,RAW,10,-0.020364,29.321751,18.552561
HEI,M1_Core,Lasso,RAW,11,0.150435,17.448884,11.921718
HEI,M1_Core,Lasso,RAW,12,-4.240661,14.112883,13.415798
HEI,M1_Core,Lasso,RAW,13,-0.680781,14.927755,11.992718
HEI,M1_Core,Lasso,RAW,14,0.046572,27.597975,17.792078
HEI,M1_Core,Lasso,RAW,15,0.046994,10.907211,8.951944
HEI,M1_Core,Lasso,RAW,16,-2.61628,13.276544,11.921716
HEI,M1_Core,Lasso,RAW,17,-2.939797,13.077478,11.1429
HEI,M1_Core,Lasso,RAW,18,-0.118982,21.435695,17.273974
HEI,M1_Core,Lasso,RAW,19,0.090855,27.429826,16.761163
HEI,M1_Core,Lasso,RAW,20,-5.50633,10.931988,8.1341
HEI,M1_Core,Lasso,RAW,21,-0.02741,11.580626,9.953846
HEI,M1_Core,Lasso,RAW,22,0.230528,17.221153,11.633528
HEI,M1_Core,Lasso,RAW,23,0.019222,27.922639,17.609136
HEI,M1_Core,Lasso,RAW,24,-7.896581,17.723057,14.709259
HEI,M1_Core,Lasso,RAW,25,-0.860638,15.907445,14.042256
HEI,M1_Core,HuberRegressor,LOG1P,1,-0.451131,8.155623,6.968401
HEI,M1_Core,HuberRegressor,LOG1P,2,-0.282253,36.005419,19.847511
HEI,M1_Core,HuberRegressor,LOG1P,3,0.205076,7.717623,6.024782
HEI,M1_Core,HuberRegressor,LOG1P,4,-12.282956,7.955751,6.187271
HEI,M1_Core,HuberRegressor,LOG1P,5,-1.203824,17.30029,13.523967
HEI,M1_Core,HuberRegressor,LOG1P,6,-0.02381,7.236338,5.994711
HEI,M1_Core,HuberRegressor,LOG1P,7,-0.294045,22.233758,15.074601
HEI,M1_Core,HuberRegressor,LOG1P,8,-0.037226,7.023895,5.334614
HEI,M1_Core,HuberRegressor,LOG1P,9,0.048892,12.167989,8.180603
HEI,M1_Core,HuberRegressor,LOG1P,10,-0.16773,31.367762,16.471721
HEI,M1_Core,HuberRegressor,LOG1P,11,-0.191571,20.66471,11.173132
HEI,M1_Core,HuberRegressor,LOG1P,12,-2.116587,10.883343,8.649704
HEI,M1_Core,HuberRegressor,LOG1P,13,0.245242,10.003286,5.878431
HEI,M1_Core,HuberRegressor,LOG1P,14,-0.116395,29.863591,15.012593
HEI,M1_Core,HuberRegressor,LOG1P,15,-0.262261,12.552796,9.029116
HEI,M1_Core,HuberRegressor,LOG1P,16,-0.061328,7.192484,5.035719
HEI,M1_Core,HuberRegressor,LOG1P,17,-0.678471,8.535794,7.513952
HEI,M1_Core,HuberRegressor,LOG1P,18,-0.538137,25.131797,17.711828
HEI,M1_Core,HuberRegressor,LOG1P,19,-0.032856,29.236576,14.485958
HEI,M1_Core,HuberRegressor,LOG1P,20,-0.068115,4.429352,3.550109
HEI,M1_Core,HuberRegressor,LOG1P,21,-0.411212,13.572388,9.937432
HEI,M1_Core,HuberRegressor,LOG1P,22,-0.054313,20.158142,10.226212
HEI,M1_Core,HuberRegressor,LOG1P,23,-0.128692,29.95428,15.532477
HEI,M1_Core,HuberRegressor,LOG1P,24,-0.992278,8.386912,6.612729
HEI,M1_Core,HuberRegressor,LOG1P,25,0.091974,11.112676,7.818495
HEI,M1_Core,HuberRegressor,RAW,1,-0.462018,8.18616,7.370995
HEI,M1_Core,HuberRegressor,RAW,2,-0.246748,35.503423,19.106762
HEI,M1_Core,HuberRegressor,RAW,3,-0.577138,10.870655,9.919691
HEI,M1_Core,HuberRegressor,RAW,4,-14.87899,8.698518,7.923423
HEI,M1_Core,HuberRegressor,RAW,5,-1.201447,17.290959,13.505609
HEI,M1_Core,HuberRegressor,RAW,6,-0.081147,7.43621,6.637261
HEI,M1_Core,HuberRegressor,RAW,7,-0.114091,20.629962,14.42661
HEI,M1_Core,HuberRegressor,RAW,8,-0.178529,7.487063,5.457008
HEI,M1_Core,HuberRegressor,RAW,9,0.076494,11.990129,8.243921
HEI,M1_Core,HuberRegressor,RAW,10,-0.156986,31.223129,17.197104
HEI,M1_Core,HuberRegressor,RAW,11,-0.133452,20.154448,11.34047
HEI,M1_Core,HuberRegressor,RAW,12,-1.583901,9.909704,9.276202
HEI,M1_Core,HuberRegressor,RAW,13,0.24254,10.021176,5.99493
HEI,M1_Core,HuberRegressor,RAW,14,-0.105149,29.712798,15.698376
HEI,M1_Core,HuberRegressor,RAW,15,-0.166309,12.066261,8.777606
HEI,M1_Core,HuberRegressor,RAW,16,-0.419766,8.318834,6.85933
HEI,M1_Core,HuberRegressor,RAW,17,-0.409471,7.821953,7.085368
HEI,M1_Core,HuberRegressor,RAW,18,-0.508348,24.887244,17.749832
HEI,M1_Core,HuberRegressor,RAW,19,-0.034157,29.254978,14.832359
HEI,M1_Core,HuberRegressor,RAW,20,-0.370153,5.016671,4.60036
HEI,M1_Core,HuberRegressor,RAW,21,-0.243985,12.742885,9.371082
HEI,M1_Core,HuberRegressor,RAW,22,-0.038035,20.001928,11.067323
HEI,M1_Core,HuberRegressor,RAW,23,-0.090767,29.446734,15.189459
HEI,M1_Core,HuberRegressor,RAW,24,-1.150391,8.713363,7.242428
HEI,M1_Core,HuberRegressor,RAW,25,-0.030317,11.837362,9.27316
HEI,M1_Core,SVR_RBF,LOG1P,1,-0.381189,7.956653,6.383629
HEI,M1_Core,SVR_RBF,LOG1P,2,-0.362255,37.111637,19.123389
HEI,M1_Core,SVR_RBF,LOG1P,3,0.151162,7.975045,6.765666
HEI,M1_Core,SVR_RBF,LOG1P,4,-9.360723,7.026335,6.095152
HEI,M1_Core,SVR_RBF,LOG1P,5,-1.30695,17.700438,13.78073
HEI,M1_Core,SVR_RBF,LOG1P,6,-0.21436,7.881029,6.740412
HEI,M1_Core,SVR_RBF,LOG1P,7,-0.098148,20.481822,12.9216
HEI,M1_Core,SVR_RBF,LOG1P,8,-0.71845,9.040862,6.641332
HEI,M1_Core,SVR_RBF,LOG1P,9,0.0041,12.451218,8.645029
HEI,M1_Core,SVR_RBF,LOG1P,10,-0.286915,32.929666,16.763218
HEI,M1_Core,SVR_RBF,LOG1P,11,-0.113547,19.976692,10.870625
HEI,M1_Core,SVR_RBF,LOG1P,12,-1.072793,8.875659,8.038663
HEI,M1_Core,SVR_RBF,LOG1P,13,-0.221747,12.727104,7.396815
HEI,M1_Core,SVR_RBF,LOG1P,14,-0.257975,31.700726,16.255405
HEI,M1_Core,SVR_RBF,LOG1P,15,-0.154787,12.006513,8.296357
HEI,M1_Core,SVR_RBF,LOG1P,16,0.284336,5.906208,4.567939
HEI,M1_Core,SVR_RBF,LOG1P,17,-0.679042,8.537246,7.395718
HEI,M1_Core,SVR_RBF,LOG1P,18,-0.54648,25.199868,18.081528
HEI,M1_Core,SVR_RBF,LOG1P,19,-0.100124,30.173619,15.978548
HEI,M1_Core,SVR_RBF,LOG1P,20,0.134257,3.987728,2.794293
HEI,M1_Core,SVR_RBF,LOG1P,21,-0.415043,13.590797,9.543075
HEI,M1_Core,SVR_RBF,LOG1P,22,-0.125677,20.829208,11.660301
HEI,M1_Core,SVR_RBF,LOG1P,23,-0.183191,30.668935,16.095348
HEI,M1_Core,SVR_RBF,LOG1P,24,-0.323903,6.836837,5.898311
HEI,M1_Core,SVR_RBF,LOG1P,25,-0.198132,12.765028,9.135813
HEI,M1_Core,SVR_RBF,RAW,1,-0.030661,6.873245,5.616141
HEI,M1_Core,SVR_RBF,RAW,2,-0.284671,36.039343,19.107971
HEI,M1_Core,SVR_RBF,RAW,3,0.117067,8.133634,6.849362
HEI,M1_Core,SVR_RBF,RAW,4,-1.796798,3.650601,3.020037
HEI,M1_Core,SVR_RBF,RAW,5,-1.433754,18.180394,14.250171
HEI,M1_Core,SVR_RBF,RAW,6,0.0383,7.013406,5.798467
HEI,M1_Core,SVR_RBF,RAW,7,-0.087798,20.385072,11.212184
HEI,M1_Core,SVR_RBF,RAW,8,-0.439498,8.274598,5.879092
HEI,M1_Core,SVR_RBF,RAW,9,-0.103019,13.103746,8.962589
HEI,M1_Core,SVR_RBF,RAW,10,-0.183354,31.576917,15.818028
HEI,M1_Core,SVR_RBF,RAW,11,-0.239795,21.078724,11.434772
HEI,M1_Core,SVR_RBF,RAW,12,-0.031759,6.261983,4.990691
HEI,M1_Core,SVR_RBF,RAW,13,-0.13469,12.265281,7.275209
HEI,M1_Core,SVR_RBF,RAW,14,-0.174724,30.633813,15.781757
HEI,M1_Core,SVR_RBF,RAW,15,-0.363944,13.048611,9.120856
HEI,M1_Core,SVR_RBF,RAW,16,0.178429,6.328149,4.386746
HEI,M1_Core,SVR_RBF,RAW,17,-0.494298,8.053889,6.881159
HEI,M1_Core,SVR_RBF,RAW,18,-0.669264,26.181141,18.354417
HEI,M1_Core,SVR_RBF,RAW,19,-0.092725,30.071984,15.088954
HEI,M1_Core,SVR_RBF,RAW,20,0.12796,4.002204,3.04919
HEI,M1_Core,SVR_RBF,RAW,21,-0.516857,14.071244,9.512689
HEI,M1_Core,SVR_RBF,RAW,22,-0.1164,20.743194,11.023437
HEI,M1_Core,SVR_RBF,RAW,23,-0.139891,30.102528,14.517849
HEI,M1_Core,SVR_RBF,RAW,24,0.207117,5.290925,3.572819
HEI,M1_Core,SVR_RBF,RAW,25,-0.156872,12.543308,9.346955
HEI,M2_Core_Salinity,Ridge,LOG1P,1,-0.88884,9.304681,8.489715
HEI,M2_Core_Salinity,Ridge,LOG1P,2,-0.281976,36.001525,19.742736
HEI,M2_Core_Salinity,Ridge,LOG1P,3,0.091679,8.249744,6.617801
HEI,M2_Core_Salinity,Ridge,LOG1P,4,-8.782654,6.827507,5.326079
HEI,M2_Core_Salinity,Ridge,LOG1P,5,-0.900365,16.065101,11.942745
HEI,M2_Core_Salinity,Ridge,LOG1P,6,-0.392251,8.438555,7.50185
HEI,M2_Core_Salinity,Ridge,LOG1P,7,-0.216614,21.558303,14.89041
HEI,M2_Core_Salinity,Ridge,LOG1P,8,0.041152,6.753305,5.143948
HEI,M2_Core_Salinity,Ridge,LOG1P,9,-0.154524,13.406193,9.174611
HEI,M2_Core_Salinity,Ridge,LOG1P,10,-0.125381,30.793711,15.920045
HEI,M2_Core_Salinity,Ridge,LOG1P,11,-0.142565,20.23531,11.027653
HEI,M2_Core_Salinity,Ridge,LOG1P,12,-1.247341,9.241814,8.041511
HEI,M2_Core_Salinity,Ridge,LOG1P,13,0.211521,10.22431,6.378287
HEI,M2_Core_Salinity,Ridge,LOG1P,14,-0.073137,29.279301,15.049032
HEI,M2_Core_Salinity,Ridge,LOG1P,15,-0.312856,12.801902,8.343138
HEI,M2_Core_Salinity,Ridge,LOG1P,16,0.080269,6.695521,5.016123
HEI,M2_Core_Salinity,Ridge,LOG1P,17,-0.722267,8.646439,7.814409
HEI,M2_Core_Salinity,Ridge,LOG1P,18,-0.490356,24.738368,17.159387
HEI,M2_Core_Salinity,Ridge,LOG1P,19,-0.02225,29.08608,14.627062
HEI,M2_Core_Salinity,Ridge,LOG1P,20,0.205289,3.820637,2.797566
HEI,M2_Core_Salinity,Ridge,LOG1P,21,-0.503828,14.01068,9.504074
HEI,M2_Core_Salinity,Ridge,LOG1P,22,0.004726,19.585609,9.794957
HEI,M2_Core_Salinity,Ridge,LOG1P,23,-0.127694,29.94104,15.849918
HEI,M2_Core_Salinity,Ridge,LOG1P,24,-1.298498,9.008431,7.246141
HEI,M2_Core_Salinity,Ridge,LOG1P,25,0.07334,11.226122,8.427884
HEI,M2_Core_Salinity,Ridge,RAW,1,-5.658855,17.470432,15.685342
HEI,M2_Core_Salinity,Ridge,RAW,2,-0.204018,34.889711,20.544125
HEI,M2_Core_Salinity,Ridge,RAW,3,-4.387385,20.091381,18.007998
HEI,M2_Core_Salinity,Ridge,RAW,4,-26.002829,11.343275,9.438694
HEI,M2_Core_Salinity,Ridge,RAW,5,-0.583307,14.663832,11.421911
HEI,M2_Core_Salinity,Ridge,RAW,6,-4.243424,16.376336,13.296662
HEI,M2_Core_Salinity,Ridge,RAW,7,0.015349,19.394535,15.491419
HEI,M2_Core_Salinity,Ridge,RAW,8,-2.647136,13.170958,10.872368
HEI,M2_Core_Salinity,Ridge,RAW,9,-0.530372,15.43485,13.536908
HEI,M2_Core_Salinity,Ridge,RAW,10,-0.032087,29.489714,18.704997
HEI,M2_Core_Salinity,Ridge,RAW,11,0.130619,17.65121,12.255684
HEI,M2_Core_Salinity,Ridge,RAW,12,-4.248384,14.123278,13.364483
HEI,M2_Core_Salinity,Ridge,RAW,13,-0.520575,14.198513,11.082859
HEI,M2_Core_Salinity,Ridge,RAW,14,0.011834,28.096233,18.188531
HEI,M2_Core_Salinity,Ridge,RAW,15,-0.364452,13.051041,9.946691
HEI,M2_Core_Salinity,Ridge,RAW,16,-2.433735,12.937114,11.545972
HEI,M2_Core_Salinity,Ridge,RAW,17,-3.06878,13.289823,11.079925
HEI,M2_Core_Salinity,Ridge,RAW,18,-0.170641,21.924914,16.807834
HEI,M2_Core_Salinity,Ridge,RAW,19,0.081247,27.574394,16.864188
HEI,M2_Core_Salinity,Ridge,RAW,20,-5.030073,10.52428,7.990491
HEI,M2_Core_Salinity,Ridge,RAW,21,-0.412514,13.57865,10.995894
HEI,M2_Core_Salinity,Ridge,RAW,22,0.225856,17.273351,11.197117
HEI,M2_Core_Salinity,Ridge,RAW,23,-0.033747,28.666736,18.081639
HEI,M2_Core_Salinity,Ridge,RAW,24,-7.080868,16.891028,13.799589
HEI,M2_Core_Salinity,Ridge,RAW,25,-0.815909,15.715078,13.936712
HEI,M2_Core_Salinity,Lasso,LOG1P,1,-0.431396,8.099976,7.315173
HEI,M2_Core_Salinity,Lasso,LOG1P,2,-0.232064,35.293741,18.733667
HEI,M2_Core_Salinity,Lasso,LOG1P,3,0.234709,7.57241,5.949803
HEI,M2_Core_Salinity,Lasso,LOG1P,4,-3.288909,4.520716,4.059454
HEI,M2_Core_Salinity,Lasso,LOG1P,5,-1.204859,17.304353,13.376113
HEI,M2_Core_Salinity,Lasso,LOG1P,6,-0.000734,7.154325,6.385805
HEI,M2_Core_Salinity,Lasso,LOG1P,7,-0.057505,20.099227,11.563079
HEI,M2_Core_Salinity,Lasso,LOG1P,8,-0.098769,7.229273,5.011825
HEI,M2_Core_Salinity,Lasso,LOG1P,9,-0.000944,12.482709,8.514711
HEI,M2_Core_Salinity,Lasso,LOG1P,10,-0.134473,30.917859,15.486411
HEI,M2_Core_Salinity,Lasso,LOG1P,11,-0.181038,20.573172,10.883779
HEI,M2_Core_Salinity,Lasso,LOG1P,12,-0.3438,7.146444,6.452199
HEI,M2_Core_Salinity,Lasso,LOG1P,13,0.104155,10.898215,6.245241
HEI,M2_Core_Salinity,Lasso,LOG1P,14,-0.098068,29.617462,15.37207
HEI,M2_Core_Salinity,Lasso,LOG1P,15,-0.194449,12.210957,8.383923
HEI,M2_Core_Salinity,Lasso,LOG1P,16,0.253985,6.030145,4.653928
HEI,M2_Core_Salinity,Lasso,LOG1P,17,-0.487796,8.036349,7.361341
HEI,M2_Core_Salinity,Lasso,LOG1P,18,-0.618705,25.781602,18.156492
HEI,M2_Core_Salinity,Lasso,LOG1P,19,-0.032088,29.225705,14.668509
HEI,M2_Core_Salinity,Lasso,LOG1P,20,0.272205,3.656248,2.872828
HEI,M2_Core_Salinity,Lasso,LOG1P,21,-0.452293,13.768519,9.393261
HEI,M2_Core_Salinity,Lasso,LOG1P,22,-0.05743,20.187924,10.785556
HEI,M2_Core_Salinity,Lasso,LOG1P,23,-0.077856,29.271941,14.326364
HEI,M2_Core_Salinity,Lasso,LOG1P,24,0.035426,5.835726,4.999976
HEI,M2_Core_Salinity,Lasso,LOG1P,25,0.043265,11.406842,8.432457
HEI,M2_Core_Salinity,Lasso,RAW,1,-5.586469,17.375214,15.660445
HEI,M2_Core_Salinity,Lasso,RAW,2,-0.191441,34.707019,20.335103
HEI,M2_Core_Salinity,Lasso,RAW,3,-4.543048,20.379574,18.246667
HEI,M2_Core_Salinity,Lasso,RAW,4,-25.602296,11.258834,9.339949
HEI,M2_Core_Salinity,Lasso,RAW,5,-0.879577,15.97699,12.704123
HEI,M2_Core_Salinity,Lasso,RAW,6,-4.271634,16.420331,13.484169
HEI,M2_Core_Salinity,Lasso,RAW,7,0.001313,19.532278,15.773934
HEI,M2_Core_Salinity,Lasso,RAW,8,-2.911364,13.639722,11.38584
HEI,M2_Core_Salinity,Lasso,RAW,9,-0.965357,17.4914,14.85744
HEI,M2_Core_Salinity,Lasso,RAW,10,-0.033821,29.514473,18.676055
HEI,M2_Core_Salinity,Lasso,RAW,11,0.120895,17.74965,12.720633
HEI,M2_Core_Salinity,Lasso,RAW,12,-4.300181,14.192799,13.353246
HEI,M2_Core_Salinity,Lasso,RAW,13,-0.50864,14.142681,10.8933
HEI,M2_Core_Salinity,Lasso,RAW,14,0.013911,28.066697,18.195885
HEI,M2_Core_Salinity,Lasso,RAW,15,-0.767849,14.855545,11.22261
HEI,M2_Core_Salinity,Lasso,RAW,16,-2.64408,13.327478,12.035423
HEI,M2_Core_Salinity,Lasso,RAW,17,-3.376042,13.782493,11.378892
HEI,M2_Core_Salinity,Lasso,RAW,18,-0.217519,22.359592,16.76581
HEI,M2_Core_Salinity,Lasso,RAW,19,0.078179,27.620392,16.898853
HEI,M2_Core_Salinity,Lasso,RAW,20,-4.889478,10.400866,7.880614
HEI,M2_Core_Salinity,Lasso,RAW,21,-0.69492,14.874241,11.648984
HEI,M2_Core_Salinity,Lasso,RAW,22,0.22984,17.228848,10.974922
HEI,M2_Core_Salinity,Lasso,RAW,23,-0.021646,28.498463,18.021825
HEI,M2_Core_Salinity,Lasso,RAW,24,-7.200576,17.015678,13.755508
HEI,M2_Core_Salinity,Lasso,RAW,25,-0.891695,16.039656,14.341583
HEI,M2_Core_Salinity,HuberRegressor,LOG1P,1,-0.227592,7.501201,6.472047
HEI,M2_Core_Salinity,HuberRegressor,LOG1P,2,-0.273714,35.885332,19.675607
HEI,M2_Core_Salinity,HuberRegressor,LOG1P,3,-0.055237,8.891927,6.736052
HEI,M2_Core_Salinity,HuberRegressor,LOG1P,4,-8.398156,6.691988,5.080769
HEI,M2_Core_Salinity,HuberRegressor,LOG1P,5,-1.087155,16.836132,12.56745
HEI,M2_Core_Salinity,HuberRegressor,LOG1P,6,-0.275016,8.075458,6.78878
HEI,M2_Core_Salinity,HuberRegressor,LOG1P,7,-1.198417,28.979657,22.422693
HEI,M2_Core_Salinity,HuberRegressor,LOG1P,8,0.027825,6.800073,5.228657
HEI,M2_Core_Salinity,HuberRegressor,LOG1P,9,-0.391801,14.71948,10.634197
HEI,M2_Core_Salinity,HuberRegressor,LOG1P,10,-0.102481,30.478797,15.746553
HEI,M2_Core_Salinity,HuberRegressor,LOG1P,11,-0.209811,20.822269,11.748777
HEI,M2_Core_Salinity,HuberRegressor,LOG1P,12,-1.349908,9.450356,8.03778
HEI,M2_Core_Salinity,HuberRegressor,LOG1P,13,0.285678,9.731639,5.488394
HEI,M2_Core_Salinity,HuberRegressor,LOG1P,14,-0.084052,29.427825,14.461629
HEI,M2_Core_Salinity,HuberRegressor,LOG1P,15,-0.484059,13.611046,8.798543
HEI,M2_Core_Salinity,HuberRegressor,LOG1P,16,-0.036947,7.109388,5.294258
HEI,M2_Core_Salinity,HuberRegressor,LOG1P,17,-0.526357,8.139827,7.04916
HEI,M2_Core_Salinity,HuberRegressor,LOG1P,18,-0.581627,25.484617,17.503271
HEI,M2_Core_Salinity,HuberRegressor,LOG1P,19,0.032089,28.302475,14.158184
HEI,M2_Core_Salinity,HuberRegressor,LOG1P,20,-0.026399,4.341993,3.280517
HEI,M2_Core_Salinity,HuberRegressor,LOG1P,21,-0.680138,14.809236,10.075885
HEI,M2_Core_Salinity,HuberRegressor,LOG1P,22,-0.054389,20.158868,10.158506
HEI,M2_Core_Salinity,HuberRegressor,LOG1P,23,-0.169183,30.486844,16.198219
HEI,M2_Core_Salinity,HuberRegressor,LOG1P,24,-0.609839,7.539079,5.878347
HEI,M2_Core_Salinity,HuberRegressor,LOG1P,25,0.140399,10.812298,7.790574
HEI,M2_Core_Salinity,HuberRegressor,RAW,1,-0.378127,7.947828,7.239315
HEI,M2_Core_Salinity,HuberRegressor,RAW,2,-0.245171,35.480971,19.096918
HEI,M2_Core_Salinity,HuberRegressor,RAW,3,-0.339096,10.016747,9.062617
HEI,M2_Core_Salinity,HuberRegressor,RAW,4,-16.135471,9.036117,8.307194
HEI,M2_Core_Salinity,HuberRegressor,RAW,5,-1.152547,17.097841,13.052073
HEI,M2_Core_Salinity,HuberRegressor,RAW,6,-0.067861,7.390379,6.653347
HEI,M2_Core_Salinity,HuberRegressor,RAW,7,-0.658816,25.173138,21.893697
HEI,M2_Core_Salinity,HuberRegressor,RAW,8,-0.142795,7.372683,5.43708
HEI,M2_Core_Salinity,HuberRegressor,RAW,9,-0.268693,14.053427,9.989063
HEI,M2_Core_Salinity,HuberRegressor,RAW,10,-0.141698,31.016159,17.043966
HEI,M2_Core_Salinity,HuberRegressor,RAW,11,-0.148596,20.288642,11.422993
HEI,M2_Core_Salinity,HuberRegressor,RAW,12,-1.533012,9.811634,9.245002
HEI,M2_Core_Salinity,HuberRegressor,RAW,13,0.254128,9.944225,5.773897
HEI,M2_Core_Salinity,HuberRegressor,RAW,14,-0.106768,29.734549,15.713488
HEI,M2_Core_Salinity,HuberRegressor,RAW,15,-0.247291,12.478139,8.292938
HEI,M2_Core_Salinity,HuberRegressor,RAW,16,-0.360282,8.142701,6.732542
HEI,M2_Core_Salinity,HuberRegressor,RAW,17,-0.369922,7.711431,6.882919
HEI,M2_Core_Salinity,HuberRegressor,RAW,18,-0.538983,25.138708,17.384831
HEI,M2_Core_Salinity,HuberRegressor,RAW,19,-0.000922,28.781058,14.403528
HEI,M2_Core_Salinity,HuberRegressor,RAW,20,-0.212144,4.718546,4.348433
HEI,M2_Core_Salinity,HuberRegressor,RAW,21,-0.409466,13.563991,9.018656
HEI,M2_Core_Salinity,HuberRegressor,RAW,22,-0.031463,19.93851,11.044197
HEI,M2_Core_Salinity,HuberRegressor,RAW,23,-0.143248,30.146811,16.060535
HEI,M2_Core_Salinity,HuberRegressor,RAW,24,-1.039808,8.486366,7.081197
HEI,M2_Core_Salinity,HuberRegressor,RAW,25,0.0082,11.613994,9.105252
HEI,M2_Core_Salinity,SVR_RBF,LOG1P,1,-0.469646,8.207486,6.625482
HEI,M2_Core_Salinity,SVR_RBF,LOG1P,2,-0.333175,36.713398,19.050617
HEI,M2_Core_Salinity,SVR_RBF,LOG1P,3,0.247379,7.509464,6.311124
HEI,M2_Core_Salinity,SVR_RBF,LOG1P,4,-13.239922,8.237352,7.141035
HEI,M2_Core_Salinity,SVR_RBF,LOG1P,5,-1.401027,18.057744,13.946388
HEI,M2_Core_Salinity,SVR_RBF,LOG1P,6,-0.150006,7.669362,6.530191
HEI,M2_Core_Salinity,SVR_RBF,LOG1P,7,-0.100099,20.500009,13.868904
HEI,M2_Core_Salinity,SVR_RBF,LOG1P,8,-0.752993,9.131277,7.009161
HEI,M2_Core_Salinity,SVR_RBF,LOG1P,9,-0.15056,13.383158,9.256723
HEI,M2_Core_Salinity,SVR_RBF,LOG1P,10,-0.273621,32.759129,16.601411
HEI,M2_Core_Salinity,SVR_RBF,LOG1P,11,-0.143062,20.239705,11.132449
HEI,M2_Core_Salinity,SVR_RBF,LOG1P,12,-1.021103,8.764293,8.050892
HEI,M2_Core_Salinity,SVR_RBF,LOG1P,13,-0.219213,12.713897,7.440152
HEI,M2_Core_Salinity,SVR_RBF,LOG1P,14,-0.246306,31.553351,16.291368
HEI,M2_Core_Salinity,SVR_RBF,LOG1P,15,-0.166112,12.065243,8.228414
HEI,M2_Core_Salinity,SVR_RBF,LOG1P,16,0.28539,5.901857,4.570412
HEI,M2_Core_Salinity,SVR_RBF,LOG1P,17,-0.587383,8.300952,7.034741
HEI,M2_Core_Salinity,SVR_RBF,LOG1P,18,-0.586157,25.52109,18.091889
HEI,M2_Core_Salinity,SVR_RBF,LOG1P,19,-0.112393,30.341405,16.286827
HEI,M2_Core_Salinity,SVR_RBF,LOG1P,20,0.153159,3.943956,3.043088
HEI,M2_Core_Salinity,SVR_RBF,LOG1P,21,-0.594803,14.428249,9.989819
HEI,M2_Core_Salinity,SVR_RBF,LOG1P,22,-0.115021,20.730387,11.416976
HEI,M2_Core_Salinity,SVR_RBF,LOG1P,23,-0.253894,31.571965,17.324449
HEI,M2_Core_Salinity,SVR_RBF,LOG1P,24,-0.422773,7.087529,6.227535
HEI,M2_Core_Salinity,SVR_RBF,LOG1P,25,-0.205342,12.803382,9.173618
HEI,M2_Core_Salinity,SVR_RBF,RAW,1,-0.043372,6.915497,5.628826
HEI,M2_Core_Salinity,SVR_RBF,RAW,2,-0.278357,35.950668,19.097242
HEI,M2_Core_Salinity,SVR_RBF,RAW,3,0.110367,8.164438,6.875416
HEI,M2_Core_Salinity,SVR_RBF,RAW,4,-1.873847,3.700545,3.069025
HEI,M2_Core_Salinity,SVR_RBF,RAW,5,-1.455695,18.262162,14.315212
HEI,M2_Core_Salinity,SVR_RBF,RAW,6,0.00743,7.125081,5.809142
HEI,M2_Core_Salinity,SVR_RBF,RAW,7,-0.07999,20.311785,11.224465
HEI,M2_Core_Salinity,SVR_RBF,RAW,8,-0.448327,8.299935,5.911424
HEI,M2_Core_Salinity,SVR_RBF,RAW,9,-0.127361,13.247542,9.046181
HEI,M2_Core_Salinity,SVR_RBF,RAW,10,-0.181122,31.547123,15.856256
HEI,M2_Core_Salinity,SVR_RBF,RAW,11,-0.250491,21.169455,11.523534
HEI,M2_Core_Salinity,SVR_RBF,RAW,12,-0.006578,6.185094,4.926836
HEI,M2_Core_Salinity,SVR_RBF,RAW,13,-0.117766,12.17347,7.230432
HEI,M2_Core_Salinity,SVR_RBF,RAW,14,-0.17551,30.644066,15.783871
HEI,M2_Core_Salinity,SVR_RBF,RAW,15,-0.36966,13.075924,9.134937
HEI,M2_Core_Salinity,SVR_RBF,RAW,16,0.169594,6.362084,4.392971
HEI,M2_Core_Salinity,SVR_RBF,RAW,17,-0.488296,8.037699,6.86652
HEI,M2_Core_Salinity,SVR_RBF,RAW,18,-0.681506,26.276973,18.375018
HEI,M2_Core_Salinity,SVR_RBF,RAW,19,-0.091361,30.053209,15.089202
HEI,M2_Core_Salinity,SVR_RBF,RAW,20,0.132384,3.992039,3.064799
HEI,M2_Core_Salinity,SVR_RBF,RAW,21,-0.545663,14.204226,9.59496
HEI,M2_Core_Salinity,SVR_RBF,RAW,22,-0.112802,20.709741,11.015641
HEI,M2_Core_Salinity,SVR_RBF,RAW,23,-0.147714,30.205647,14.594925
HEI,M2_Core_Salinity,SVR_RBF,RAW,24,0.176221,5.393024,3.763673
HEI,M2_Core_Salinity,SVR_RBF,RAW,25,-0.156977,12.54388,9.369974
HEI,M3_Core_IonRatios,Ridge,LOG1P,1,-7.858297,20.150182,13.591772
HEI,M3_Core_IonRatios,Ridge,LOG1P,2,-0.254466,35.613158,19.946997
HEI,M3_Core_IonRatios,Ridge,LOG1P,3,0.301813,7.232806,5.942659
HEI,M3_Core_IonRatios,Ridge,LOG1P,4,-9.002896,6.903935,5.535879
HEI,M3_Core_IonRatios,Ridge,LOG1P,5,-0.993892,16.455678,13.291272
HEI,M3_Core_IonRatios,Ridge,LOG1P,6,-0.790958,9.570883,8.799503
HEI,M3_Core_IonRatios,Ridge,LOG1P,7,-0.034804,19.882331,13.042673
HEI,M3_Core_IonRatios,Ridge,LOG1P,8,-0.024111,6.97935,5.782065
HEI,M3_Core_IonRatios,Ridge,LOG1P,9,0.146478,11.526867,7.625194
HEI,M3_Core_IonRatios,Ridge,LOG1P,10,-0.097714,30.412834,15.171912
HEI,M3_Core_IonRatios,Ridge,LOG1P,11,-0.184173,20.600457,10.913293
HEI,M3_Core_IonRatios,Ridge,LOG1P,12,-1.163631,9.068058,8.505147
HEI,M3_Core_IonRatios,Ridge,LOG1P,13,0.18245,10.41109,7.067828
HEI,M3_Core_IonRatios,Ridge,LOG1P,14,-0.562644,35.331586,21.481149
HEI,M3_Core_IonRatios,Ridge,LOG1P,15,-0.152656,11.99543,7.993978
HEI,M3_Core_IonRatios,Ridge,LOG1P,16,0.248651,6.051664,4.70915
HEI,M3_Core_IonRatios,Ridge,LOG1P,17,-0.648518,8.45929,7.856074
HEI,M3_Core_IonRatios,Ridge,LOG1P,18,-0.593666,25.581427,17.603308
HEI,M3_Core_IonRatios,Ridge,LOG1P,19,0.013602,28.571477,14.93373
HEI,M3_Core_IonRatios,Ridge,LOG1P,20,0.284646,3.624862,2.816755
HEI,M3_Core_IonRatios,Ridge,LOG1P,21,-0.271798,12.884547,8.514254
HEI,M3_Core_IonRatios,Ridge,LOG1P,22,-0.137856,20.941585,12.246011
HEI,M3_Core_IonRatios,Ridge,LOG1P,23,-0.267418,31.741764,18.48024
HEI,M3_Core_IonRatios,Ridge,LOG1P,24,-1.569035,9.52384,7.582882
HEI,M3_Core_IonRatios,Ridge,LOG1P,25,0.004638,11.634828,9.348673
HEI,M3_Core_IonRatios,Ridge,RAW,1,-11.40478,23.845058,19.510618
HEI,M3_Core_IonRatios,Ridge,RAW,2,-0.207452,34.939444,23.229173
HEI,M3_Core_IonRatios,Ridge,RAW,3,-3.997274,19.350286,17.128489
HEI,M3_Core_IonRatios,Ridge,RAW,4,-29.429847,12.041587,10.48567
HEI,M3_Core_IonRatios,Ridge,RAW,5,-0.483994,14.196493,12.190305
HEI,M3_Core_IonRatios,Ridge,RAW,6,-5.449875,18.162888,15.765082
HEI,M3_Core_IonRatios,Ridge,RAW,7,-0.022024,19.759176,16.286645
HEI,M3_Core_IonRatios,Ridge,RAW,8,-2.664094,13.201543,10.74789
HEI,M3_Core_IonRatios,Ridge,RAW,9,0.169144,11.372781,9.557512
HEI,M3_Core_IonRatios,Ridge,RAW,10,-0.02181,29.342525,17.519499
HEI,M3_Core_IonRatios,Ridge,RAW,11,0.062425,18.330416,12.131575
HEI,M3_Core_IonRatios,Ridge,RAW,12,-4.736279,14.765149,13.757908
HEI,M3_Core_IonRatios,Ridge,RAW,13,-1.303879,17.477076,15.442248
HEI,M3_Core_IonRatios,Ridge,RAW,14,-0.453279,34.072786,23.446003
HEI,M3_Core_IonRatios,Ridge,RAW,15,0.068334,10.784404,9.103855
HEI,M3_Core_IonRatios,Ridge,RAW,16,-1.514566,11.070966,10.265516
HEI,M3_Core_IonRatios,Ridge,RAW,17,-2.686726,12.650495,11.149028
HEI,M3_Core_IonRatios,Ridge,RAW,18,-0.299937,23.104,17.981399
HEI,M3_Core_IonRatios,Ridge,RAW,19,0.024098,28.419061,17.809923
HEI,M3_Core_IonRatios,Ridge,RAW,20,-6.104544,11.4235,9.241872
HEI,M3_Core_IonRatios,Ridge,RAW,21,0.025104,11.280786,9.998943
HEI,M3_Core_IonRatios,Ridge,RAW,22,0.042986,19.205466,14.142404
HEI,M3_Core_IonRatios,Ridge,RAW,23,-0.339773,32.635239,20.50809
HEI,M3_Core_IonRatios,Ridge,RAW,24,-9.396156,19.158586,17.025831
HEI,M3_Core_IonRatios,Ridge,RAW,25,-0.968982,16.364034,14.688959
HEI,M3_Core_IonRatios,Lasso,LOG1P,1,-0.152798,7.269096,6.592347
HEI,M3_Core_IonRatios,Lasso,LOG1P,2,-0.216109,35.06447,18.069062
HEI,M3_Core_IonRatios,Lasso,LOG1P,3,0.345102,7.004993,5.377131
HEI,M3_Core_IonRatios,Lasso,LOG1P,4,-4.520765,5.129009,4.564748
HEI,M3_Core_IonRatios,Lasso,LOG1P,5,-1.162609,17.137757,13.487286
HEI,M3_Core_IonRatios,Lasso,LOG1P,6,-0.145628,7.654753,6.828457
HEI,M3_Core_IonRatios,Lasso,LOG1P,7,-0.036942,19.902855,10.816216
HEI,M3_Core_IonRatios,Lasso,LOG1P,8,0.205546,6.147176,4.740338
HEI,M3_Core_IonRatios,Lasso,LOG1P,9,0.12227,11.689189,7.668246
HEI,M3_Core_IonRatios,Lasso,LOG1P,10,-0.103618,30.494515,14.940216
HEI,M3_Core_IonRatios,Lasso,LOG1P,11,-0.153668,20.333394,10.512642
HEI,M3_Core_IonRatios,Lasso,LOG1P,12,-0.460941,7.451419,7.139283
HEI,M3_Core_IonRatios,Lasso,LOG1P,13,0.197027,10.317855,6.438392
HEI,M3_Core_IonRatios,Lasso,LOG1P,14,-0.091708,29.531566,15.023727
HEI,M3_Core_IonRatios,Lasso,LOG1P,15,-0.14732,11.967634,7.980611
HEI,M3_Core_IonRatios,Lasso,LOG1P,16,0.329202,5.718076,4.488866
HEI,M3_Core_IonRatios,Lasso,LOG1P,17,-0.404031,7.806844,7.060581
HEI,M3_Core_IonRatios,Lasso,LOG1P,18,-0.580894,25.478707,17.710387
HEI,M3_Core_IonRatios,Lasso,LOG1P,19,-0.004491,28.832328,14.100442
HEI,M3_Core_IonRatios,Lasso,LOG1P,20,0.301627,3.58158,3.031881
HEI,M3_Core_IonRatios,Lasso,LOG1P,21,-0.235681,12.700284,7.976044
HEI,M3_Core_IonRatios,Lasso,LOG1P,22,-0.088277,20.480266,11.289716
HEI,M3_Core_IonRatios,Lasso,LOG1P,23,-0.078065,29.274783,15.020747
HEI,M3_Core_IonRatios,Lasso,LOG1P,24,0.169065,5.416399,4.453802
HEI,M3_Core_IonRatios,Lasso,LOG1P,25,0.139661,10.816935,7.804166
HEI,M3_Core_IonRatios,Lasso,RAW,1,-13.203437,25.515294,20.44329
HEI,M3_Core_IonRatios,Lasso,RAW,2,-0.212004,35.005237,23.374632
HEI,M3_Core_IonRatios,Lasso,RAW,3,-4.377986,20.073848,17.729951
HEI,M3_Core_IonRatios,Lasso,RAW,4,-29.298525,12.015576,10.392442
HEI,M3_Core_IonRatios,Lasso,RAW,5,-0.490091,14.225623,12.213122
HEI,M3_Core_IonRatios,Lasso,RAW,6,-5.670835,18.47138,16.052515
HEI,M3_Core_IonRatios,Lasso,RAW,7,-0.030485,19.840795,16.445203
HEI,M3_Core_IonRatios,Lasso,RAW,8,-2.877858,13.581174,11.007262
HEI,M3_Core_IonRatios,Lasso,RAW,9,0.171821,11.354451,9.673003
HEI,M3_Core_IonRatios,Lasso,RAW,10,-0.059798,29.882975,17.869306
HEI,M3_Core_IonRatios,Lasso,RAW,11,0.041866,18.530302,12.394976
HEI,M3_Core_IonRatios,Lasso,RAW,12,-4.798864,14.845477,13.796047
HEI,M3_Core_IonRatios,Lasso,RAW,13,-1.381757,17.770009,15.647117
HEI,M3_Core_IonRatios,Lasso,RAW,14,-0.500803,34.625416,23.905413
HEI,M3_Core_IonRatios,Lasso,RAW,15,0.073474,10.75461,9.071625
HEI,M3_Core_IonRatios,Lasso,RAW,16,-1.586781,11.228812,10.401605
HEI,M3_Core_IonRatios,Lasso,RAW,17,-2.84763,12.923607,11.286618
HEI,M3_Core_IonRatios,Lasso,RAW,18,-0.367622,23.697856,18.245132
HEI,M3_Core_IonRatios,Lasso,RAW,19,0.017945,28.508502,17.293049
HEI,M3_Core_IonRatios,Lasso,RAW,20,-6.272924,11.558078,9.303749
HEI,M3_Core_IonRatios,Lasso,RAW,21,0.02228,11.297112,10.003952
HEI,M3_Core_IonRatios,Lasso,RAW,22,0.035894,19.276502,14.15856
HEI,M3_Core_IonRatios,Lasso,RAW,23,-0.371505,33.019457,20.643063
HEI,M3_Core_IonRatios,Lasso,RAW,24,-9.54646,19.296584,17.105985
HEI,M3_Core_IonRatios,Lasso,RAW,25,-1.164107,17.155718,15.761984
HEI,M3_Core_IonRatios,HuberRegressor,LOG1P,1,-17.456981,29.086012,16.08726
HEI,M3_Core_IonRatios,HuberRegressor,LOG1P,2,-0.270209,35.835914,20.237604
HEI,M3_Core_IonRatios,HuberRegressor,LOG1P,3,0.14449,8.006328,6.079452
HEI,M3_Core_IonRatios,HuberRegressor,LOG1P,4,-28.081465,11.771776,8.475961
HEI,M3_Core_IonRatios,HuberRegressor,LOG1P,5,-1.293843,17.650083,13.916223
HEI,M3_Core_IonRatios,HuberRegressor,LOG1P,6,-0.318788,8.212904,7.151119
HEI,M3_Core_IonRatios,HuberRegressor,LOG1P,7,-0.308528,22.357833,17.049998
HEI,M3_Core_IonRatios,HuberRegressor,LOG1P,8,-0.05837,7.095127,5.325453
HEI,M3_Core_IonRatios,HuberRegressor,LOG1P,9,0.050519,12.157575,7.804074
HEI,M3_Core_IonRatios,HuberRegressor,LOG1P,10,-0.140246,30.99642,15.736674
HEI,M3_Core_IonRatios,HuberRegressor,LOG1P,11,-0.302853,21.608125,11.478637
HEI,M3_Core_IonRatios,HuberRegressor,LOG1P,12,-1.268658,9.285541,8.305488
HEI,M3_Core_IonRatios,HuberRegressor,LOG1P,13,0.201699,10.287793,6.727551
HEI,M3_Core_IonRatios,HuberRegressor,LOG1P,14,-1.412193,43.89744,26.71692
HEI,M3_Core_IonRatios,HuberRegressor,LOG1P,15,-0.265265,12.567726,8.24271
HEI,M3_Core_IonRatios,HuberRegressor,LOG1P,16,0.00857,6.951604,5.251839
HEI,M3_Core_IonRatios,HuberRegressor,LOG1P,17,-0.705154,8.603374,7.698725
HEI,M3_Core_IonRatios,HuberRegressor,LOG1P,18,-0.652636,26.050415,17.98893
HEI,M3_Core_IonRatios,HuberRegressor,LOG1P,19,0.00504,28.695216,14.775796
HEI,M3_Core_IonRatios,HuberRegressor,LOG1P,20,-0.123653,4.543046,3.868392
HEI,M3_Core_IonRatios,HuberRegressor,LOG1P,21,-0.397017,13.503957,8.904682
HEI,M3_Core_IonRatios,HuberRegressor,LOG1P,22,-0.173161,21.263987,12.607328
HEI,M3_Core_IonRatios,HuberRegressor,LOG1P,23,-0.380602,33.128787,20.026351
HEI,M3_Core_IonRatios,HuberRegressor,LOG1P,24,-1.582745,9.549219,6.672173
HEI,M3_Core_IonRatios,HuberRegressor,LOG1P,25,-0.002714,11.677719,9.826373
HEI,M3_Core_IonRatios,HuberRegressor,RAW,1,-3.093843,13.698388,10.901499
HEI,M3_Core_IonRatios,HuberRegressor,RAW,2,-0.255596,35.629192,21.397609
HEI,M3_Core_IonRatios,HuberRegressor,RAW,3,-0.99878,12.237799,10.537914
HEI,M3_Core_IonRatios,HuberRegressor,RAW,4,-28.665648,11.889422,10.133796
HEI,M3_Core_IonRatios,HuberRegressor,RAW,5,-1.229252,17.399811,13.644903
HEI,M3_Core_IonRatios,HuberRegressor,RAW,6,-0.145442,7.654129,6.847707
HEI,M3_Core_IonRatios,HuberRegressor,RAW,7,-0.087885,20.385891,16.307692
HEI,M3_Core_IonRatios,HuberRegressor,RAW,8,-0.131871,7.337361,5.638947
HEI,M3_Core_IonRatios,HuberRegressor,RAW,9,0.023075,12.332028,8.906111
HEI,M3_Core_IonRatios,HuberRegressor,RAW,10,-0.163659,31.313042,17.466027
HEI,M3_Core_IonRatios,HuberRegressor,RAW,11,-0.311303,21.67808,12.314293
HEI,M3_Core_IonRatios,HuberRegressor,RAW,12,-1.822061,10.356331,9.560313
HEI,M3_Core_IonRatios,HuberRegressor,RAW,13,-0.068352,11.901348,9.608387
HEI,M3_Core_IonRatios,HuberRegressor,RAW,14,-0.220055,31.219276,19.82468
HEI,M3_Core_IonRatios,HuberRegressor,RAW,15,-0.184298,12.158961,8.431643
HEI,M3_Core_IonRatios,HuberRegressor,RAW,16,-0.363527,8.152407,7.192579
HEI,M3_Core_IonRatios,HuberRegressor,RAW,17,-0.508339,8.09164,7.546841
HEI,M3_Core_IonRatios,HuberRegressor,RAW,18,-0.701738,26.434577,18.25673
HEI,M3_Core_IonRatios,HuberRegressor,RAW,19,-0.04836,29.455192,16.468194
HEI,M3_Core_IonRatios,HuberRegressor,RAW,20,-2.401977,7.904907,6.129533
HEI,M3_Core_IonRatios,HuberRegressor,RAW,21,-0.300465,13.028954,9.47713
HEI,M3_Core_IonRatios,HuberRegressor,RAW,22,-0.14067,20.96746,13.049749
HEI,M3_Core_IonRatios,HuberRegressor,RAW,23,-0.234098,31.321749,18.455683
HEI,M3_Core_IonRatios,HuberRegressor,RAW,24,-2.326411,10.837148,9.225354
HEI,M3_Core_IonRatios,HuberRegressor,RAW,25,-0.14886,12.499802,10.539715
HEI,M3_Core_IonRatios,SVR_RBF,LOG1P,1,-0.172285,7.330278,6.17297
HEI,M3_Core_IonRatios,SVR_RBF,LOG1P,2,-0.306098,36.338659,18.615859
HEI,M3_Core_IonRatios,SVR_RBF,LOG1P,3,0.190836,7.786441,6.147256
HEI,M3_Core_IonRatios,SVR_RBF,LOG1P,4,-11.413736,7.69104,6.215728
HEI,M3_Core_IonRatios,SVR_RBF,LOG1P,5,-1.547165,18.599165,14.761915
HEI,M3_Core_IonRatios,SVR_RBF,LOG1P,6,-0.585799,9.006029,7.869678
HEI,M3_Core_IonRatios,SVR_RBF,LOG1P,7,-0.10012,20.500202,11.856118
HEI,M3_Core_IonRatios,SVR_RBF,LOG1P,8,-0.587544,8.689691,6.305928
HEI,M3_Core_IonRatios,SVR_RBF,LOG1P,9,0.027802,12.302154,8.528037
HEI,M3_Core_IonRatios,SVR_RBF,LOG1P,10,-0.253026,32.493193,16.622943
HEI,M3_Core_IonRatios,SVR_RBF,LOG1P,11,-0.255538,21.212132,11.228127
HEI,M3_Core_IonRatios,SVR_RBF,LOG1P,12,-1.329702,9.409638,8.111137
HEI,M3_Core_IonRatios,SVR_RBF,LOG1P,13,-0.226952,12.754185,7.662038
HEI,M3_Core_IonRatios,SVR_RBF,LOG1P,14,-0.257842,31.699042,16.509397
HEI,M3_Core_IonRatios,SVR_RBF,LOG1P,15,-0.203897,12.259158,8.190982
HEI,M3_Core_IonRatios,SVR_RBF,LOG1P,16,0.164414,6.381894,5.173607
HEI,M3_Core_IonRatios,SVR_RBF,LOG1P,17,-0.714289,8.62639,7.481826
HEI,M3_Core_IonRatios,SVR_RBF,LOG1P,18,-0.817502,27.31892,19.065232
HEI,M3_Core_IonRatios,SVR_RBF,LOG1P,19,-0.115095,30.378237,16.881842
HEI,M3_Core_IonRatios,SVR_RBF,LOG1P,20,0.368977,3.404501,2.706892
HEI,M3_Core_IonRatios,SVR_RBF,LOG1P,21,-0.482715,13.911982,9.272457
HEI,M3_Core_IonRatios,SVR_RBF,LOG1P,22,-0.140751,20.968206,11.126683
HEI,M3_Core_IonRatios,SVR_RBF,LOG1P,23,-0.189882,30.755523,15.495547
HEI,M3_Core_IonRatios,SVR_RBF,LOG1P,24,-1.089346,8.588796,7.080961
HEI,M3_Core_IonRatios,SVR_RBF,LOG1P,25,-0.243486,13.004387,10.090797
HEI,M3_Core_IonRatios,SVR_RBF,RAW,1,0.036414,6.64583,5.426801
HEI,M3_Core_IonRatios,SVR_RBF,RAW,2,-0.274186,35.89198,18.864981
HEI,M3_Core_IonRatios,SVR_RBF,RAW,3,0.126887,8.088277,6.76289
HEI,M3_Core_IonRatios,SVR_RBF,RAW,4,-1.710818,3.594049,2.956166
HEI,M3_Core_IonRatios,SVR_RBF,RAW,5,-1.528668,18.531512,14.607109
HEI,M3_Core_IonRatios,SVR_RBF,RAW,6,-0.021024,7.226488,6.148871
HEI,M3_Core_IonRatios,SVR_RBF,RAW,7,-0.114414,20.632962,10.979981
HEI,M3_Core_IonRatios,SVR_RBF,RAW,8,-0.410067,8.189573,5.746296
HEI,M3_Core_IonRatios,SVR_RBF,RAW,9,-0.113189,13.164017,8.940988
HEI,M3_Core_IonRatios,SVR_RBF,RAW,10,-0.168768,31.381699,15.7122
HEI,M3_Core_IonRatios,SVR_RBF,RAW,11,-0.269896,21.333077,11.441225
HEI,M3_Core_IonRatios,SVR_RBF,RAW,12,-0.038739,6.283129,5.032688
HEI,M3_Core_IonRatios,SVR_RBF,RAW,13,-0.106167,12.110143,7.267484
HEI,M3_Core_IonRatios,SVR_RBF,RAW,14,-0.16483,30.50453,15.581126
HEI,M3_Core_IonRatios,SVR_RBF,RAW,15,-0.384646,13.147262,8.995094
HEI,M3_Core_IonRatios,SVR_RBF,RAW,16,0.170646,6.35805,4.43147
HEI,M3_Core_IonRatios,SVR_RBF,RAW,17,-0.496945,8.06102,6.849596
HEI,M3_Core_IonRatios,SVR_RBF,RAW,18,-0.74116,26.739017,18.63332
HEI,M3_Core_IonRatios,SVR_RBF,RAW,19,-0.079469,29.889015,15.004365
HEI,M3_Core_IonRatios,SVR_RBF,RAW,20,0.173969,3.895194,2.997099
HEI,M3_Core_IonRatios,SVR_RBF,RAW,21,-0.559418,14.267286,9.54791
HEI,M3_Core_IonRatios,SVR_RBF,RAW,22,-0.140949,20.970023,10.98321
HEI,M3_Core_IonRatios,SVR_RBF,RAW,23,-0.130256,29.975031,14.35189
HEI,M3_Core_IonRatios,SVR_RBF,RAW,24,0.220023,5.247686,3.753654
HEI,M3_Core_IonRatios,SVR_RBF,RAW,25,-0.16059,12.563451,9.468089
HEI,M4_Core_IonExchange,Ridge,LOG1P,1,-0.551901,8.434043,7.525403
HEI,M4_Core_IonExchange,Ridge,LOG1P,2,-0.235357,35.340871,19.282016
HEI,M4_Core_IonExchange,Ridge,LOG1P,3,0.294666,7.269727,5.972138
HEI,M4_Core_IonExchange,Ridge,LOG1P,4,-10.526657,7.411149,5.52658
HEI,M4_Core_IonExchange,Ridge,LOG1P,5,-1.025683,16.586347,12.978953
HEI,M4_Core_IonExchange,Ridge,LOG1P,6,-0.33226,8.254747,7.388904
HEI,M4_Core_IonExchange,Ridge,LOG1P,7,-0.11931,20.678233,13.302886
HEI,M4_Core_IonExchange,Ridge,LOG1P,8,-0.075921,7.153713,5.594129
HEI,M4_Core_IonExchange,Ridge,LOG1P,9,0.106988,11.790507,7.52308
HEI,M4_Core_IonExchange,Ridge,LOG1P,10,-0.074776,30.093403,15.449844
HEI,M4_Core_IonExchange,Ridge,LOG1P,11,-0.078523,19.660029,10.744275
HEI,M4_Core_IonExchange,Ridge,LOG1P,12,-1.594206,9.929443,8.648398
HEI,M4_Core_IonExchange,Ridge,LOG1P,13,0.268621,9.847138,5.71345
HEI,M4_Core_IonExchange,Ridge,LOG1P,14,-0.070226,29.239564,15.044176
HEI,M4_Core_IonExchange,Ridge,LOG1P,15,-0.258827,12.535712,8.528593
HEI,M4_Core_IonExchange,Ridge,LOG1P,16,0.051955,6.7978,4.88183
HEI,M4_Core_IonExchange,Ridge,LOG1P,17,-0.797796,8.833997,8.319942
HEI,M4_Core_IonExchange,Ridge,LOG1P,18,-0.439538,24.312951,17.378296
HEI,M4_Core_IonExchange,Ridge,LOG1P,19,0.018452,28.501146,14.249375
HEI,M4_Core_IonExchange,Ridge,LOG1P,20,0.289687,3.612069,2.676059
HEI,M4_Core_IonExchange,Ridge,LOG1P,21,-0.313708,13.095122,8.952962
HEI,M4_Core_IonExchange,Ridge,LOG1P,22,0.001117,19.621092,11.05678
HEI,M4_Core_IonExchange,Ridge,LOG1P,23,-0.034353,28.67514,15.489356
HEI,M4_Core_IonExchange,Ridge,LOG1P,24,-1.162647,8.738157,6.121366
HEI,M4_Core_IonExchange,Ridge,LOG1P,25,0.070937,11.240668,8.504715
HEI,M4_Core_IonExchange,Ridge,RAW,1,-5.317821,17.017177,15.445224
HEI,M4_Core_IonExchange,Ridge,RAW,2,-0.147394,34.059422,20.30982
HEI,M4_Core_IonExchange,Ridge,RAW,3,-3.900501,19.162008,16.989181
HEI,M4_Core_IonExchange,Ridge,RAW,4,-28.175817,11.790856,10.105903
HEI,M4_Core_IonExchange,Ridge,RAW,5,-0.49675,14.257373,12.0341
HEI,M4_Core_IonExchange,Ridge,RAW,6,-4.57206,16.881738,14.7253
HEI,M4_Core_IonExchange,Ridge,RAW,7,0.053497,19.015121,14.806839
HEI,M4_Core_IonExchange,Ridge,RAW,8,-2.355123,12.632683,10.876237
HEI,M4_Core_IonExchange,Ridge,RAW,9,0.150979,11.496432,9.655184
HEI,M4_Core_IonExchange,Ridge,RAW,10,0.021211,28.718174,17.758758
HEI,M4_Core_IonExchange,Ridge,RAW,11,0.182264,17.1189,11.236601
HEI,M4_Core_IonExchange,Ridge,RAW,12,-4.688151,14.703078,13.711338
HEI,M4_Core_IonExchange,Ridge,RAW,13,-0.434648,13.791504,10.978548
HEI,M4_Core_IonExchange,Ridge,RAW,14,0.060603,27.394148,17.042484
HEI,M4_Core_IonExchange,Ridge,RAW,15,-0.26915,12.587008,10.640657
HEI,M4_Core_IonExchange,Ridge,RAW,16,-1.362477,10.730941,9.858284
HEI,M4_Core_IonExchange,Ridge,RAW,17,-2.436547,12.213728,10.959765
HEI,M4_Core_IonExchange,Ridge,RAW,18,-0.10123,21.264987,17.512722
HEI,M4_Core_IonExchange,Ridge,RAW,19,0.111822,27.111683,16.209043
HEI,M4_Core_IonExchange,Ridge,RAW,20,-7.841074,12.74335,10.368158
HEI,M4_Core_IonExchange,Ridge,RAW,21,-0.199263,12.511733,11.05924
HEI,M4_Core_IonExchange,Ridge,RAW,22,0.227195,17.258404,11.48648
HEI,M4_Core_IonExchange,Ridge,RAW,23,0.049144,27.493408,17.908697
HEI,M4_Core_IonExchange,Ridge,RAW,24,-6.770044,16.562992,13.873046
HEI,M4_Core_IonExchange,Ridge,RAW,25,-0.646582,14.964467,13.217454
HEI,M4_Core_IonExchange,Lasso,LOG1P,1,-0.029151,6.868208,5.959942
HEI,M4_Core_IonExchange,Lasso,LOG1P,2,-0.193613,34.738638,18.393344
HEI,M4_Core_IonExchange,Lasso,LOG1P,3,0.302068,7.231484,5.499428
HEI,M4_Core_IonExchange,Lasso,LOG1P,4,-6.886839,6.130351,5.181639
HEI,M4_Core_IonExchange,Lasso,LOG1P,5,-1.015971,16.546536,13.001238
HEI,M4_Core_IonExchange,Lasso,LOG1P,6,-0.12636,7.590106,6.371507
HEI,M4_Core_IonExchange,Lasso,LOG1P,7,-0.062864,20.15009,11.964734
HEI,M4_Core_IonExchange,Lasso,LOG1P,8,0.215312,6.109278,4.467223
HEI,M4_Core_IonExchange,Lasso,LOG1P,9,0.083229,11.946323,7.710689
HEI,M4_Core_IonExchange,Lasso,LOG1P,10,-0.072454,30.060874,15.122307
HEI,M4_Core_IonExchange,Lasso,LOG1P,11,-0.153558,20.332419,10.794993
HEI,M4_Core_IonExchange,Lasso,LOG1P,12,-0.904612,8.507969,7.678682
HEI,M4_Core_IonExchange,Lasso,LOG1P,13,0.215872,10.196062,5.994442
HEI,M4_Core_IonExchange,Lasso,LOG1P,14,-0.066852,29.193442,14.706994
HEI,M4_Core_IonExchange,Lasso,LOG1P,15,-0.269183,12.58717,8.567033
HEI,M4_Core_IonExchange,Lasso,LOG1P,16,0.173468,6.347225,4.737359
HEI,M4_Core_IonExchange,Lasso,LOG1P,17,-0.588638,8.304234,7.620718
HEI,M4_Core_IonExchange,Lasso,LOG1P,18,-0.539674,25.144352,17.454614
HEI,M4_Core_IonExchange,Lasso,LOG1P,19,-0.010193,28.914045,14.444178
HEI,M4_Core_IonExchange,Lasso,LOG1P,20,0.320324,3.533312,2.607121
HEI,M4_Core_IonExchange,Lasso,LOG1P,21,-0.337408,13.212715,8.86498
HEI,M4_Core_IonExchange,Lasso,LOG1P,22,-0.032056,19.944234,10.377412
HEI,M4_Core_IonExchange,Lasso,LOG1P,23,-0.026171,28.5615,14.470786
HEI,M4_Core_IonExchange,Lasso,LOG1P,24,0.030827,5.849622,4.490994
HEI,M4_Core_IonExchange,Lasso,LOG1P,25,0.168256,10.635657,7.64194
HEI,M4_Core_IonExchange,Lasso,RAW,1,-5.46421,17.213198,15.608293
HEI,M4_Core_IonExchange,Lasso,RAW,2,-0.148287,34.072679,20.268924
HEI,M4_Core_IonExchange,Lasso,RAW,3,-4.249223,19.832083,17.539759
HEI,M4_Core_IonExchange,Lasso,RAW,4,-28.978927,11.952036,10.163042
HEI,M4_Core_IonExchange,Lasso,RAW,5,-0.52001,14.367731,12.178267
HEI,M4_Core_IonExchange,Lasso,RAW,6,-4.750886,17.150494,14.977078
HEI,M4_Core_IonExchange,Lasso,RAW,7,0.046202,19.088259,14.996254
HEI,M4_Core_IonExchange,Lasso,RAW,8,-2.507832,12.916973,11.092825
HEI,M4_Core_IonExchange,Lasso,RAW,9,0.139886,11.571297,9.774133
HEI,M4_Core_IonExchange,Lasso,RAW,10,0.015311,28.804603,17.835189
HEI,M4_Core_IonExchange,Lasso,RAW,11,0.18126,17.129412,11.270159
HEI,M4_Core_IonExchange,Lasso,RAW,12,-4.754857,14.789039,13.787867
HEI,M4_Core_IonExchange,Lasso,RAW,13,-0.469584,13.958417,11.170185
HEI,M4_Core_IonExchange,Lasso,RAW,14,0.054329,27.485467,16.970713
HEI,M4_Core_IonExchange,Lasso,RAW,15,-0.296935,12.724041,10.760548
HEI,M4_Core_IonExchange,Lasso,RAW,16,-1.503107,11.045712,10.14152
HEI,M4_Core_IonExchange,Lasso,RAW,17,-2.538382,12.39337,11.063008
HEI,M4_Core_IonExchange,Lasso,RAW,18,-0.100041,21.253502,17.520822
HEI,M4_Core_IonExchange,Lasso,RAW,19,0.110275,27.13529,16.178067
HEI,M4_Core_IonExchange,Lasso,RAW,20,-8.514402,13.219707,10.683804
HEI,M4_Core_IonExchange,Lasso,RAW,21,-0.213263,12.584548,11.118911
HEI,M4_Core_IonExchange,Lasso,RAW,22,0.225083,17.28198,11.504092
HEI,M4_Core_IonExchange,Lasso,RAW,23,0.045756,27.542342,17.941164
HEI,M4_Core_IonExchange,Lasso,RAW,24,-6.930483,16.733119,14.076719
HEI,M4_Core_IonExchange,Lasso,RAW,25,-0.694698,15.181533,13.393978
HEI,M4_Core_IonExchange,HuberRegressor,LOG1P,1,-0.268645,7.625597,6.6217
HEI,M4_Core_IonExchange,HuberRegressor,LOG1P,2,-0.249856,35.547657,19.707818
HEI,M4_Core_IonExchange,HuberRegressor,LOG1P,3,0.252212,7.485313,5.822648
HEI,M4_Core_IonExchange,HuberRegressor,LOG1P,4,-20.605336,10.146455,7.276323
HEI,M4_Core_IonExchange,HuberRegressor,LOG1P,5,-1.263367,17.532444,13.932375
HEI,M4_Core_IonExchange,HuberRegressor,LOG1P,6,-0.145048,7.652814,6.568433
HEI,M4_Core_IonExchange,HuberRegressor,LOG1P,7,-0.290095,22.199801,15.035982
HEI,M4_Core_IonExchange,HuberRegressor,LOG1P,8,-0.120931,7.301815,5.274344
HEI,M4_Core_IonExchange,HuberRegressor,LOG1P,9,0.085101,11.934119,7.552234
HEI,M4_Core_IonExchange,HuberRegressor,LOG1P,10,-0.10865,30.563959,15.735155
HEI,M4_Core_IonExchange,HuberRegressor,LOG1P,11,-0.134846,20.166835,11.072279
HEI,M4_Core_IonExchange,HuberRegressor,LOG1P,12,-2.918222,12.203017,9.717988
HEI,M4_Core_IonExchange,HuberRegressor,LOG1P,13,0.241295,10.029411,6.107349
HEI,M4_Core_IonExchange,HuberRegressor,LOG1P,14,-0.12451,29.971943,15.970222
HEI,M4_Core_IonExchange,HuberRegressor,LOG1P,15,-0.30452,12.761194,8.750814
HEI,M4_Core_IonExchange,HuberRegressor,LOG1P,16,0.025682,6.89135,4.763478
HEI,M4_Core_IonExchange,HuberRegressor,LOG1P,17,-0.736641,8.682445,7.847926
HEI,M4_Core_IonExchange,HuberRegressor,LOG1P,18,-0.504584,24.856178,17.796334
HEI,M4_Core_IonExchange,HuberRegressor,LOG1P,19,-0.005388,28.845193,14.234601
HEI,M4_Core_IonExchange,HuberRegressor,LOG1P,20,0.143245,3.966975,2.831812
HEI,M4_Core_IonExchange,HuberRegressor,LOG1P,21,-0.427681,13.651355,9.447921
HEI,M4_Core_IonExchange,HuberRegressor,LOG1P,22,-0.057976,20.193134,11.745405
HEI,M4_Core_IonExchange,HuberRegressor,LOG1P,23,-0.057239,28.990641,16.107695
HEI,M4_Core_IonExchange,HuberRegressor,LOG1P,24,-1.330258,9.070455,5.793261
HEI,M4_Core_IonExchange,HuberRegressor,LOG1P,25,0.067774,11.259788,8.016964
HEI,M4_Core_IonExchange,HuberRegressor,RAW,1,-0.383631,7.963683,7.283265
HEI,M4_Core_IonExchange,HuberRegressor,RAW,2,-0.220706,35.130681,19.664742
HEI,M4_Core_IonExchange,HuberRegressor,RAW,3,-0.722293,11.359895,10.270336
HEI,M4_Core_IonExchange,HuberRegressor,RAW,4,-15.556806,8.882232,8.045888
HEI,M4_Core_IonExchange,HuberRegressor,RAW,5,-1.23547,17.42406,13.713859
HEI,M4_Core_IonExchange,HuberRegressor,RAW,6,-0.025903,7.243733,6.335299
HEI,M4_Core_IonExchange,HuberRegressor,RAW,7,-0.107248,20.566516,14.339138
HEI,M4_Core_IonExchange,HuberRegressor,RAW,8,-0.195203,7.539841,5.639188
HEI,M4_Core_IonExchange,HuberRegressor,RAW,9,0.086016,11.928153,7.661303
HEI,M4_Core_IonExchange,HuberRegressor,RAW,10,-0.132346,30.888864,17.031254
HEI,M4_Core_IonExchange,HuberRegressor,RAW,11,-0.126325,20.090987,11.097374
HEI,M4_Core_IonExchange,HuberRegressor,RAW,12,-1.780237,10.279303,9.854125
HEI,M4_Core_IonExchange,HuberRegressor,RAW,13,0.179533,10.429645,6.924297
HEI,M4_Core_IonExchange,HuberRegressor,RAW,14,-0.106215,29.727122,16.207378
HEI,M4_Core_IonExchange,HuberRegressor,RAW,15,-0.196663,12.222271,8.350992
HEI,M4_Core_IonExchange,HuberRegressor,RAW,16,-0.352365,8.11897,6.725906
HEI,M4_Core_IonExchange,HuberRegressor,RAW,17,-0.38367,7.75003,7.086314
HEI,M4_Core_IonExchange,HuberRegressor,RAW,18,-0.510107,24.901753,17.764331
HEI,M4_Core_IonExchange,HuberRegressor,RAW,19,-0.021637,29.077351,14.967345
HEI,M4_Core_IonExchange,HuberRegressor,RAW,20,1e-06,4.285791,3.717653
HEI,M4_Core_IonExchange,HuberRegressor,RAW,21,-0.274066,12.896031,8.747165
HEI,M4_Core_IonExchange,HuberRegressor,RAW,22,-0.054267,20.15771,12.017741
HEI,M4_Core_IonExchange,HuberRegressor,RAW,23,-0.060158,29.030629,15.442496
HEI,M4_Core_IonExchange,HuberRegressor,RAW,24,-1.041882,8.490679,7.651501
HEI,M4_Core_IonExchange,HuberRegressor,RAW,25,-0.007635,11.706343,8.931838
HEI,M4_Core_IonExchange,SVR_RBF,LOG1P,1,-0.415228,8.0541,6.754611
HEI,M4_Core_IonExchange,SVR_RBF,LOG1P,2,-0.339641,36.802322,18.685817
HEI,M4_Core_IonExchange,SVR_RBF,LOG1P,3,0.164028,7.914377,6.651272
HEI,M4_Core_IonExchange,SVR_RBF,LOG1P,4,-9.211503,6.975553,5.916612
HEI,M4_Core_IonExchange,SVR_RBF,LOG1P,5,-1.477851,18.34436,14.528313
HEI,M4_Core_IonExchange,SVR_RBF,LOG1P,6,-0.382644,8.409388,7.471483
HEI,M4_Core_IonExchange,SVR_RBF,LOG1P,7,-0.090566,20.410991,12.896128
HEI,M4_Core_IonExchange,SVR_RBF,LOG1P,8,-0.778332,9.197035,7.072563
HEI,M4_Core_IonExchange,SVR_RBF,LOG1P,9,0.070046,12.031915,8.503504
HEI,M4_Core_IonExchange,SVR_RBF,LOG1P,10,-0.275013,32.777028,16.782091
HEI,M4_Core_IonExchange,SVR_RBF,LOG1P,11,-0.129524,20.119493,11.074032
HEI,M4_Core_IonExchange,SVR_RBF,LOG1P,12,-1.107344,8.949327,8.164577
HEI,M4_Core_IonExchange,SVR_RBF,LOG1P,13,-0.212544,12.679077,7.352575
HEI,M4_Core_IonExchange,SVR_RBF,LOG1P,14,-0.263561,31.771033,16.368894
HEI,M4_Core_IonExchange,SVR_RBF,LOG1P,15,-0.254834,12.515816,8.557519
HEI,M4_Core_IonExchange,SVR_RBF,LOG1P,16,0.137146,6.485189,4.757423
HEI,M4_Core_IonExchange,SVR_RBF,LOG1P,17,-0.681716,8.544043,7.289497
HEI,M4_Core_IonExchange,SVR_RBF,LOG1P,18,-0.578748,25.461408,18.255909
HEI,M4_Core_IonExchange,SVR_RBF,LOG1P,19,-0.076238,29.844261,15.359154
HEI,M4_Core_IonExchange,SVR_RBF,LOG1P,20,0.31377,3.550307,2.663142
HEI,M4_Core_IonExchange,SVR_RBF,LOG1P,21,-0.502565,14.004798,9.66795
HEI,M4_Core_IonExchange,SVR_RBF,LOG1P,22,-0.119104,20.768307,11.328867
HEI,M4_Core_IonExchange,SVR_RBF,LOG1P,23,-0.187639,30.726525,15.946926
HEI,M4_Core_IonExchange,SVR_RBF,LOG1P,24,-0.122575,6.295564,5.395529
HEI,M4_Core_IonExchange,SVR_RBF,LOG1P,25,-0.205386,12.803612,9.23271
HEI,M4_Core_IonExchange,SVR_RBF,RAW,1,-0.013249,6.81494,5.579415
HEI,M4_Core_IonExchange,SVR_RBF,RAW,2,-0.269482,35.825661,18.884359
HEI,M4_Core_IonExchange,SVR_RBF,RAW,3,0.120553,8.117561,6.755919
HEI,M4_Core_IonExchange,SVR_RBF,RAW,4,-1.527938,3.4707,2.838075
HEI,M4_Core_IonExchange,SVR_RBF,RAW,5,-1.479716,18.35126,14.425566
HEI,M4_Core_IonExchange,SVR_RBF,RAW,6,0.016685,7.091784,6.023774
HEI,M4_Core_IonExchange,SVR_RBF,RAW,7,-0.078145,20.294424,11.026923
HEI,M4_Core_IonExchange,SVR_RBF,RAW,8,-0.434317,8.259693,5.795999
HEI,M4_Core_IonExchange,SVR_RBF,RAW,9,-0.088934,13.019811,8.869825
HEI,M4_Core_IonExchange,SVR_RBF,RAW,10,-0.179066,31.519645,15.663172
HEI,M4_Core_IonExchange,SVR_RBF,RAW,11,-0.222244,20.928996,11.344819
HEI,M4_Core_IonExchange,SVR_RBF,RAW,12,-0.0049,6.179937,4.88302
HEI,M4_Core_IonExchange,SVR_RBF,RAW,13,-0.113329,12.149286,7.123395
HEI,M4_Core_IonExchange,SVR_RBF,RAW,14,-0.177949,30.67584,15.763486
HEI,M4_Core_IonExchange,SVR_RBF,RAW,15,-0.347316,12.968828,8.961401
HEI,M4_Core_IonExchange,SVR_RBF,RAW,16,0.170692,6.357876,4.359168
HEI,M4_Core_IonExchange,SVR_RBF,RAW,17,-0.478357,8.010815,6.818069
HEI,M4_Core_IonExchange,SVR_RBF,RAW,18,-0.650843,26.03628,18.289417
HEI,M4_Core_IonExchange,SVR_RBF,RAW,19,-0.082426,29.929925,14.917298
HEI,M4_Core_IonExchange,SVR_RBF,RAW,20,0.152319,3.945912,2.981909
HEI,M4_Core_IonExchange,SVR_RBF,RAW,21,-0.537366,14.166052,9.524495
HEI,M4_Core_IonExchange,SVR_RBF,RAW,22,-0.109856,20.682313,10.932654
HEI,M4_Core_IonExchange,SVR_RBF,RAW,23,-0.130855,29.982966,14.467871
HEI,M4_Core_IonExchange,SVR_RBF,RAW,24,0.241543,5.174787,3.504849
HEI,M4_Core_IonExchange,SVR_RBF,RAW,25,-0.149413,12.502807,9.28904
HEI,M5_Core_DepthInteractions,Ridge,LOG1P,1,-1.512575,10.731573,9.436241
HEI,M5_Core_DepthInteractions,Ridge,LOG1P,2,-0.287652,36.081137,19.587961
HEI,M5_Core_DepthInteractions,Ridge,LOG1P,3,0.132719,8.06122,6.616526
HEI,M5_Core_DepthInteractions,Ridge,LOG1P,4,-9.717868,7.146412,5.606945
HEI,M5_Core_DepthInteractions,Ridge,LOG1P,5,-0.873454,15.950945,12.14154
HEI,M5_Core_DepthInteractions,Ridge,LOG1P,6,-1.447766,11.189077,9.08096
HEI,M5_Core_DepthInteractions,Ridge,LOG1P,7,-0.126352,20.74318,13.378875
HEI,M5_Core_DepthInteractions,Ridge,LOG1P,8,0.036601,6.769312,5.269779
HEI,M5_Core_DepthInteractions,Ridge,LOG1P,9,0.012891,12.396138,8.39555
HEI,M5_Core_DepthInteractions,Ridge,LOG1P,10,-0.154596,31.190862,16.034795
HEI,M5_Core_DepthInteractions,Ridge,LOG1P,11,-0.132496,20.145943,10.863302
HEI,M5_Core_DepthInteractions,Ridge,LOG1P,12,-1.446517,9.64266,8.180891
HEI,M5_Core_DepthInteractions,Ridge,LOG1P,13,-0.744323,15.207311,9.705295
HEI,M5_Core_DepthInteractions,Ridge,LOG1P,14,-0.065692,29.17756,15.053914
HEI,M5_Core_DepthInteractions,Ridge,LOG1P,15,-0.212599,12.303383,8.429196
HEI,M5_Core_DepthInteractions,Ridge,LOG1P,16,0.01371,6.93356,5.166753
HEI,M5_Core_DepthInteractions,Ridge,LOG1P,17,-0.765023,8.753108,7.900443
HEI,M5_Core_DepthInteractions,Ridge,LOG1P,18,-0.460216,24.486949,17.690035
HEI,M5_Core_DepthInteractions,Ridge,LOG1P,19,-0.029594,29.190369,14.621314
HEI,M5_Core_DepthInteractions,Ridge,LOG1P,20,-3.176622,8.758781,5.406472
HEI,M5_Core_DepthInteractions,Ridge,LOG1P,21,-0.417774,13.603908,9.868963
HEI,M5_Core_DepthInteractions,Ridge,LOG1P,22,0.004932,19.583581,9.837651
HEI,M5_Core_DepthInteractions,Ridge,LOG1P,23,-0.093821,29.48793,15.256394
HEI,M5_Core_DepthInteractions,Ridge,LOG1P,24,-21.487074,28.176922,16.319594
HEI,M5_Core_DepthInteractions,Ridge,LOG1P,25,0.052683,11.350558,8.382176
HEI,M5_Core_DepthInteractions,Ridge,RAW,1,-7.302416,19.507701,16.957729
HEI,M5_Core_DepthInteractions,Ridge,RAW,2,-0.208792,34.958824,20.445946
HEI,M5_Core_DepthInteractions,Ridge,RAW,3,-6.226535,23.269436,20.854473
HEI,M5_Core_DepthInteractions,Ridge,RAW,4,-33.733114,12.864879,11.001766
HEI,M5_Core_DepthInteractions,Ridge,RAW,5,-0.265103,13.107741,10.08218
HEI,M5_Core_DepthInteractions,Ridge,RAW,6,-5.798673,18.647531,14.319728
HEI,M5_Core_DepthInteractions,Ridge,RAW,7,-0.000858,19.553495,15.830688
HEI,M5_Core_DepthInteractions,Ridge,RAW,8,-2.915674,13.647234,10.993717
HEI,M5_Core_DepthInteractions,Ridge,RAW,9,-0.148753,13.372644,11.90302
HEI,M5_Core_DepthInteractions,Ridge,RAW,10,-0.020238,29.319945,18.457741
HEI,M5_Core_DepthInteractions,Ridge,RAW,11,0.154393,17.408193,11.968992
HEI,M5_Core_DepthInteractions,Ridge,RAW,12,-4.299907,14.192432,13.505941
HEI,M5_Core_DepthInteractions,Ridge,RAW,13,-1.76729,19.154299,13.540471
HEI,M5_Core_DepthInteractions,Ridge,RAW,14,0.050717,27.537917,17.843528
HEI,M5_Core_DepthInteractions,Ridge,RAW,15,-0.018231,11.274289,9.095934
HEI,M5_Core_DepthInteractions,Ridge,RAW,16,-2.717221,13.460562,12.507857
HEI,M5_Core_DepthInteractions,Ridge,RAW,17,-2.759536,12.774803,10.841883
HEI,M5_Core_DepthInteractions,Ridge,RAW,18,-0.18044,22.016487,18.441696
HEI,M5_Core_DepthInteractions,Ridge,RAW,19,0.082664,27.55312,16.775028
HEI,M5_Core_DepthInteractions,Ridge,RAW,20,-11.377055,15.077862,9.813544
HEI,M5_Core_DepthInteractions,Ridge,RAW,21,-0.347271,13.261348,11.107521
HEI,M5_Core_DepthInteractions,Ridge,RAW,22,0.234083,17.181324,11.594059
HEI,M5_Core_DepthInteractions,Ridge,RAW,23,0.023506,27.861598,17.585533
HEI,M5_Core_DepthInteractions,Ridge,RAW,24,-15.988807,24.491112,17.892527
HEI,M5_Core_DepthInteractions,Ridge,RAW,25,-0.850398,15.863613,14.029449
HEI,M5_Core_DepthInteractions,Lasso,LOG1P,1,-0.432822,8.10401,7.319648
HEI,M5_Core_DepthInteractions,Lasso,LOG1P,2,-0.232064,35.293741,18.733667
HEI,M5_Core_DepthInteractions,Lasso,LOG1P,3,0.248959,7.50158,5.916319
HEI,M5_Core_DepthInteractions,Lasso,LOG1P,4,-3.288909,4.520716,4.059454
HEI,M5_Core_DepthInteractions,Lasso,LOG1P,5,-1.210221,17.325381,13.345153
HEI,M5_Core_DepthInteractions,Lasso,LOG1P,6,-0.239879,7.963408,7.206004
HEI,M5_Core_DepthInteractions,Lasso,LOG1P,7,-0.057505,20.099227,11.563079
HEI,M5_Core_DepthInteractions,Lasso,LOG1P,8,-0.098769,7.229273,5.011825
HEI,M5_Core_DepthInteractions,Lasso,LOG1P,9,0.073808,12.00755,8.323303
HEI,M5_Core_DepthInteractions,Lasso,LOG1P,10,-0.134473,30.917859,15.486411
HEI,M5_Core_DepthInteractions,Lasso,LOG1P,11,-0.166049,20.442211,10.669061
HEI,M5_Core_DepthInteractions,Lasso,LOG1P,12,-0.288401,6.997584,6.309507
HEI,M5_Core_DepthInteractions,Lasso,LOG1P,13,0.105989,10.887056,6.690052
HEI,M5_Core_DepthInteractions,Lasso,LOG1P,14,-0.098068,29.617462,15.37207
HEI,M5_Core_DepthInteractions,Lasso,LOG1P,15,-0.168606,12.07814,8.383245
HEI,M5_Core_DepthInteractions,Lasso,LOG1P,16,0.281893,5.91628,4.565869
HEI,M5_Core_DepthInteractions,Lasso,LOG1P,17,-0.483954,8.025967,7.248724
HEI,M5_Core_DepthInteractions,Lasso,LOG1P,18,-0.616262,25.762144,18.14645
HEI,M5_Core_DepthInteractions,Lasso,LOG1P,19,-0.032088,29.225705,14.668509
HEI,M5_Core_DepthInteractions,Lasso,LOG1P,20,0.100427,4.064894,3.326483
HEI,M5_Core_DepthInteractions,Lasso,LOG1P,21,-0.347682,13.263368,8.835281
HEI,M5_Core_DepthInteractions,Lasso,LOG1P,22,-0.05743,20.187924,10.785556
HEI,M5_Core_DepthInteractions,Lasso,LOG1P,23,-0.077856,29.271941,14.326364
HEI,M5_Core_DepthInteractions,Lasso,LOG1P,24,-1.747584,9.849236,8.124395
HEI,M5_Core_DepthInteractions,Lasso,LOG1P,25,0.042217,11.413087,8.441054
HEI,M5_Core_DepthInteractions,Lasso,RAW,1,-7.325613,19.534934,17.040323
HEI,M5_Core_DepthInteractions,Lasso,RAW,2,-0.205257,34.907666,20.430682
HEI,M5_Core_DepthInteractions,Lasso,RAW,3,-7.005189,24.491004,21.95161
HEI,M5_Core_DepthInteractions,Lasso,RAW,4,-34.305448,12.97044,11.004721
HEI,M5_Core_DepthInteractions,Lasso,RAW,5,-0.252271,13.041097,10.022575
HEI,M5_Core_DepthInteractions,Lasso,RAW,6,-5.603646,18.378123,14.269884
HEI,M5_Core_DepthInteractions,Lasso,RAW,7,-0.00122,19.557037,15.887058
HEI,M5_Core_DepthInteractions,Lasso,RAW,8,-3.135689,14.025402,11.241745
HEI,M5_Core_DepthInteractions,Lasso,RAW,9,-0.182319,13.566606,12.035151
HEI,M5_Core_DepthInteractions,Lasso,RAW,10,-0.022134,29.347165,18.558307
HEI,M5_Core_DepthInteractions,Lasso,RAW,11,0.159631,17.354187,11.963353
HEI,M5_Core_DepthInteractions,Lasso,RAW,12,-4.376261,14.294299,13.586828
HEI,M5_Core_DepthInteractions,Lasso,RAW,13,-2.223313,20.672365,14.23798
HEI,M5_Core_DepthInteractions,Lasso,RAW,14,0.047835,27.579676,17.799446
HEI,M5_Core_DepthInteractions,Lasso,RAW,15,-0.017455,11.26999,9.106518
HEI,M5_Core_DepthInteractions,Lasso,RAW,16,-2.852082,13.702562,12.705573
HEI,M5_Core_DepthInteractions,Lasso,RAW,17,-2.930944,13.062776,11.11545
HEI,M5_Core_DepthInteractions,Lasso,RAW,18,-0.189754,22.103174,18.639725
HEI,M5_Core_DepthInteractions,Lasso,RAW,19,0.086763,27.491489,16.758928
HEI,M5_Core_DepthInteractions,Lasso,RAW,20,-12.174941,15.556269,9.957402
HEI,M5_Core_DepthInteractions,Lasso,RAW,21,-0.469824,13.851373,11.478776
HEI,M5_Core_DepthInteractions,Lasso,RAW,22,0.23271,17.196713,11.580222
HEI,M5_Core_DepthInteractions,Lasso,RAW,23,0.019161,27.923517,17.616677
HEI,M5_Core_DepthInteractions,Lasso,RAW,24,-18.18912,26.028828,18.452902
HEI,M5_Core_DepthInteractions,Lasso,RAW,25,-0.89179,16.040061,14.174525
HEI,M5_Core_DepthInteractions,HuberRegressor,LOG1P,1,-1.222489,10.093078,8.842845
HEI,M5_Core_DepthInteractions,HuberRegressor,LOG1P,2,-0.34244,36.84074,19.824696
HEI,M5_Core_DepthInteractions,HuberRegressor,LOG1P,3,0.129054,8.078236,6.493493
HEI,M5_Core_DepthInteractions,HuberRegressor,LOG1P,4,-9.938203,7.219495,5.632407
HEI,M5_Core_DepthInteractions,HuberRegressor,LOG1P,5,-1.281592,17.602888,13.830611
HEI,M5_Core_DepthInteractions,HuberRegressor,LOG1P,6,-0.638309,9.153922,7.720775
HEI,M5_Core_DepthInteractions,HuberRegressor,LOG1P,7,-0.296302,22.253139,15.335618
HEI,M5_Core_DepthInteractions,HuberRegressor,LOG1P,8,-0.144293,7.377513,5.784656
HEI,M5_Core_DepthInteractions,HuberRegressor,LOG1P,9,0.086369,11.925852,8.385236
HEI,M5_Core_DepthInteractions,HuberRegressor,LOG1P,10,-0.302637,33.130201,17.696638
HEI,M5_Core_DepthInteractions,HuberRegressor,LOG1P,11,-0.147686,20.280602,11.234624
HEI,M5_Core_DepthInteractions,HuberRegressor,LOG1P,12,-2.343404,11.272419,8.969407
HEI,M5_Core_DepthInteractions,HuberRegressor,LOG1P,13,-2.485066,21.495347,13.790027
HEI,M5_Core_DepthInteractions,HuberRegressor,LOG1P,14,-0.056348,29.049361,15.539854
HEI,M5_Core_DepthInteractions,HuberRegressor,LOG1P,15,-0.205222,12.265902,8.92596
HEI,M5_Core_DepthInteractions,HuberRegressor,LOG1P,16,-0.011016,7.019935,5.119554
HEI,M5_Core_DepthInteractions,HuberRegressor,LOG1P,17,-0.647473,8.456608,7.35854
HEI,M5_Core_DepthInteractions,HuberRegressor,LOG1P,18,-0.543076,25.172114,17.821843
HEI,M5_Core_DepthInteractions,HuberRegressor,LOG1P,19,-0.086172,29.981668,14.572169
HEI,M5_Core_DepthInteractions,HuberRegressor,LOG1P,20,-6.106116,11.424764,8.117024
HEI,M5_Core_DepthInteractions,HuberRegressor,LOG1P,21,-0.480819,13.903085,10.275012
HEI,M5_Core_DepthInteractions,HuberRegressor,LOG1P,22,-0.130187,20.870893,11.590131
HEI,M5_Core_DepthInteractions,HuberRegressor,LOG1P,23,-0.106583,29.659462,15.561932
HEI,M5_Core_DepthInteractions,HuberRegressor,LOG1P,24,-19.336205,26.79551,15.330675
HEI,M5_Core_DepthInteractions,HuberRegressor,LOG1P,25,0.049719,11.3683,8.421087
HEI,M5_Core_DepthInteractions,HuberRegressor,RAW,1,-2.268147,12.239246,10.323612
HEI,M5_Core_DepthInteractions,HuberRegressor,RAW,2,-0.318627,36.512532,20.05011
HEI,M5_Core_DepthInteractions,HuberRegressor,RAW,3,-0.461113,10.463157,9.476039
HEI,M5_Core_DepthInteractions,HuberRegressor,RAW,4,-13.6316,8.349871,7.816117
HEI,M5_Core_DepthInteractions,HuberRegressor,RAW,5,-1.212632,17.334828,13.55277
HEI,M5_Core_DepthInteractions,HuberRegressor,RAW,6,-2.035905,12.461013,9.695464
HEI,M5_Core_DepthInteractions,HuberRegressor,RAW,7,-0.142044,20.887168,14.641316
HEI,M5_Core_DepthInteractions,HuberRegressor,RAW,8,-0.36228,8.049604,6.44352
HEI,M5_Core_DepthInteractions,HuberRegressor,RAW,9,0.079649,11.969631,8.771623
HEI,M5_Core_DepthInteractions,HuberRegressor,RAW,10,-0.325964,33.425527,18.540583
HEI,M5_Core_DepthInteractions,HuberRegressor,RAW,11,-0.304914,21.625211,13.891618
HEI,M5_Core_DepthInteractions,HuberRegressor,RAW,12,-1.479419,9.707282,9.092507
HEI,M5_Core_DepthInteractions,HuberRegressor,RAW,13,-1.153773,16.89814,12.48511
HEI,M5_Core_DepthInteractions,HuberRegressor,RAW,14,-0.10552,29.717792,15.643807
HEI,M5_Core_DepthInteractions,HuberRegressor,RAW,15,-0.072658,11.571683,8.711162
HEI,M5_Core_DepthInteractions,HuberRegressor,RAW,16,-0.429143,8.346259,6.655855
HEI,M5_Core_DepthInteractions,HuberRegressor,RAW,17,-0.451387,7.937407,7.217417
HEI,M5_Core_DepthInteractions,HuberRegressor,RAW,18,-0.505625,24.864768,17.656557
HEI,M5_Core_DepthInteractions,HuberRegressor,RAW,19,-0.082661,29.933172,15.046095
HEI,M5_Core_DepthInteractions,HuberRegressor,RAW,20,-8.13562,12.953887,9.659579
HEI,M5_Core_DepthInteractions,HuberRegressor,RAW,21,-0.226701,12.654047,9.403163
HEI,M5_Core_DepthInteractions,HuberRegressor,RAW,22,-0.096159,20.554295,12.147386
HEI,M5_Core_DepthInteractions,HuberRegressor,RAW,23,-0.117916,29.810945,15.039626
HEI,M5_Core_DepthInteractions,HuberRegressor,RAW,24,-5.865521,15.569112,11.054491
HEI,M5_Core_DepthInteractions,HuberRegressor,RAW,25,-0.155738,12.537164,10.12796
HEI,M5_Core_DepthInteractions,SVR_RBF,LOG1P,1,-0.208433,7.442438,5.962857
HEI,M5_Core_DepthInteractions,SVR_RBF,LOG1P,2,-0.361572,37.102341,19.455876
HEI,M5_Core_DepthInteractions,SVR_RBF,LOG1P,3,0.187595,7.802019,6.638184
HEI,M5_Core_DepthInteractions,SVR_RBF,LOG1P,4,-9.225686,6.980396,6.277643
HEI,M5_Core_DepthInteractions,SVR_RBF,LOG1P,5,-1.242127,17.449985,13.518486
HEI,M5_Core_DepthInteractions,SVR_RBF,LOG1P,6,-0.029321,7.255791,6.141943
HEI,M5_Core_DepthInteractions,SVR_RBF,LOG1P,7,-0.154247,20.998465,12.557994
HEI,M5_Core_DepthInteractions,SVR_RBF,LOG1P,8,-0.702584,8.999029,6.594864
HEI,M5_Core_DepthInteractions,SVR_RBF,LOG1P,9,0.029997,12.28826,8.661162
HEI,M5_Core_DepthInteractions,SVR_RBF,LOG1P,10,-0.299726,33.093155,17.274367
HEI,M5_Core_DepthInteractions,SVR_RBF,LOG1P,11,-0.164728,20.430625,11.032091
HEI,M5_Core_DepthInteractions,SVR_RBF,LOG1P,12,-0.88088,8.454798,7.649832
HEI,M5_Core_DepthInteractions,SVR_RBF,LOG1P,13,-0.187708,12.548554,7.292801
HEI,M5_Core_DepthInteractions,SVR_RBF,LOG1P,14,-0.269516,31.845802,16.042157
HEI,M5_Core_DepthInteractions,SVR_RBF,LOG1P,15,-0.115027,11.798007,8.342604
HEI,M5_Core_DepthInteractions,SVR_RBF,LOG1P,16,0.309532,5.801305,4.506759
HEI,M5_Core_DepthInteractions,SVR_RBF,LOG1P,17,-0.658067,8.483755,7.479462
HEI,M5_Core_DepthInteractions,SVR_RBF,LOG1P,18,-0.593564,25.580605,18.100721
HEI,M5_Core_DepthInteractions,SVR_RBF,LOG1P,19,-0.11941,30.43696,15.449801
HEI,M5_Core_DepthInteractions,SVR_RBF,LOG1P,20,-0.055251,4.402597,3.210927
HEI,M5_Core_DepthInteractions,SVR_RBF,LOG1P,21,-0.393724,13.488029,9.361128
HEI,M5_Core_DepthInteractions,SVR_RBF,LOG1P,22,-0.182542,21.348829,12.044113
HEI,M5_Core_DepthInteractions,SVR_RBF,LOG1P,23,-0.204278,30.941023,15.740334
HEI,M5_Core_DepthInteractions,SVR_RBF,LOG1P,24,-0.208005,6.530725,5.789479
HEI,M5_Core_DepthInteractions,SVR_RBF,LOG1P,25,-0.180349,12.669945,9.131514
HEI,M5_Core_DepthInteractions,SVR_RBF,RAW,1,-0.002168,6.777573,5.47288
HEI,M5_Core_DepthInteractions,SVR_RBF,RAW,2,-0.298691,36.235475,19.295324
HEI,M5_Core_DepthInteractions,SVR_RBF,RAW,3,0.120277,8.118836,6.821349
HEI,M5_Core_DepthInteractions,SVR_RBF,RAW,4,-1.980467,3.768565,3.075429
HEI,M5_Core_DepthInteractions,SVR_RBF,RAW,5,-1.440924,18.207156,14.283562
HEI,M5_Core_DepthInteractions,SVR_RBF,RAW,6,0.046414,6.983759,5.695409
HEI,M5_Core_DepthInteractions,SVR_RBF,RAW,7,-0.104563,20.541561,11.257571
HEI,M5_Core_DepthInteractions,SVR_RBF,RAW,8,-0.451189,8.308133,5.918356
HEI,M5_Core_DepthInteractions,SVR_RBF,RAW,9,-0.116929,13.18611,9.006495
HEI,M5_Core_DepthInteractions,SVR_RBF,RAW,10,-0.202856,31.836046,15.873891
HEI,M5_Core_DepthInteractions,SVR_RBF,RAW,11,-0.25361,21.195835,11.429294
HEI,M5_Core_DepthInteractions,SVR_RBF,RAW,12,0.011675,6.12876,4.821526
HEI,M5_Core_DepthInteractions,SVR_RBF,RAW,13,-0.142991,12.310066,7.349802
HEI,M5_Core_DepthInteractions,SVR_RBF,RAW,14,-0.188736,30.815968,15.82573
HEI,M5_Core_DepthInteractions,SVR_RBF,RAW,15,-0.357653,13.018482,9.140384
HEI,M5_Core_DepthInteractions,SVR_RBF,RAW,16,0.188612,6.288806,4.361587
HEI,M5_Core_DepthInteractions,SVR_RBF,RAW,17,-0.504919,8.08246,6.925122
HEI,M5_Core_DepthInteractions,SVR_RBF,RAW,18,-0.68413,26.297462,18.379683
HEI,M5_Core_DepthInteractions,SVR_RBF,RAW,19,-0.109251,30.29853,15.083026
HEI,M5_Core_DepthInteractions,SVR_RBF,RAW,20,0.040976,4.197067,3.238493
HEI,M5_Core_DepthInteractions,SVR_RBF,RAW,21,-0.518394,14.078371,9.546175
HEI,M5_Core_DepthInteractions,SVR_RBF,RAW,22,-0.142117,20.980751,11.206515
HEI,M5_Core_DepthInteractions,SVR_RBF,RAW,23,-0.156311,30.318561,14.478296
HEI,M5_Core_DepthInteractions,SVR_RBF,RAW,24,0.182515,5.372384,3.681462
HEI,M5_Core_DepthInteractions,SVR_RBF,RAW,25,-0.155827,12.537644,9.280249
HEI,M7_Stage5_AdvancedRatios,Ridge,LOG1P,1,-12.327995,24.71646,15.086538
HEI,M7_Stage5_AdvancedRatios,Ridge,LOG1P,2,-0.250377,35.555067,20.002747
HEI,M7_Stage5_AdvancedRatios,Ridge,LOG1P,3,0.218479,7.652285,6.406335
HEI,M7_Stage5_AdvancedRatios,Ridge,LOG1P,4,-10.130594,7.28271,5.647458
HEI,M7_Stage5_AdvancedRatios,Ridge,LOG1P,5,-1.010525,16.52417,13.345314
HEI,M7_Stage5_AdvancedRatios,Ridge,LOG1P,6,-0.907777,9.878093,9.053328
HEI,M7_Stage5_AdvancedRatios,Ridge,LOG1P,7,-0.06679,20.187271,13.867524
HEI,M7_Stage5_AdvancedRatios,Ridge,LOG1P,8,-0.018071,6.958739,5.738755
HEI,M7_Stage5_AdvancedRatios,Ridge,LOG1P,9,0.143528,11.546766,7.625847
HEI,M7_Stage5_AdvancedRatios,Ridge,LOG1P,10,-0.074752,30.093065,14.998852
HEI,M7_Stage5_AdvancedRatios,Ridge,LOG1P,11,-0.153357,20.330651,10.743381
HEI,M7_Stage5_AdvancedRatios,Ridge,LOG1P,12,-1.382088,9.514843,8.72576
HEI,M7_Stage5_AdvancedRatios,Ridge,LOG1P,13,0.085359,11.011951,7.520671
HEI,M7_Stage5_AdvancedRatios,Ridge,LOG1P,14,-0.847004,38.412017,23.191978
HEI,M7_Stage5_AdvancedRatios,Ridge,LOG1P,15,-0.239077,12.436986,8.871673
HEI,M7_Stage5_AdvancedRatios,Ridge,LOG1P,16,0.270156,5.964433,4.559787
HEI,M7_Stage5_AdvancedRatios,Ridge,LOG1P,17,-0.655485,8.477147,7.915965
HEI,M7_Stage5_AdvancedRatios,Ridge,LOG1P,18,-0.517742,24.964622,17.241181
HEI,M7_Stage5_AdvancedRatios,Ridge,LOG1P,19,-0.001962,28.796004,15.060819
HEI,M7_Stage5_AdvancedRatios,Ridge,LOG1P,20,-0.190365,4.675965,4.019488
HEI,M7_Stage5_AdvancedRatios,Ridge,LOG1P,21,-0.312146,13.087336,8.927109
HEI,M7_Stage5_AdvancedRatios,Ridge,LOG1P,22,-0.128887,20.858879,12.24354
HEI,M7_Stage5_AdvancedRatios,Ridge,LOG1P,23,-0.474982,34.242426,20.686139
HEI,M7_Stage5_AdvancedRatios,Ridge,LOG1P,24,-1.826965,9.990502,7.837174
HEI,M7_Stage5_AdvancedRatios,Ridge,LOG1P,25,-0.046844,11.931927,9.323602
HEI,M7_Stage5_AdvancedRatios,Ridge,RAW,1,-12.132691,24.534698,19.695412
HEI,M7_Stage5_AdvancedRatios,Ridge,RAW,2,-0.176898,34.494546,23.378051
HEI,M7_Stage5_AdvancedRatios,Ridge,RAW,3,-7.002966,24.487604,21.197139
HEI,M7_Stage5_AdvancedRatios,Ridge,RAW,4,-28.061021,11.767637,10.259969
HEI,M7_Stage5_AdvancedRatios,Ridge,RAW,5,-0.501305,14.279053,12.268795
HEI,M7_Stage5_AdvancedRatios,Ridge,RAW,6,-5.620441,18.401478,15.977088
HEI,M7_Stage5_AdvancedRatios,Ridge,RAW,7,-0.009429,19.637038,16.126184
HEI,M7_Stage5_AdvancedRatios,Ridge,RAW,8,-2.941606,13.692351,11.141509
HEI,M7_Stage5_AdvancedRatios,Ridge,RAW,9,0.15977,11.436757,9.912647
HEI,M7_Stage5_AdvancedRatios,Ridge,RAW,10,-0.022631,29.354312,18.600594
HEI,M7_Stage5_AdvancedRatios,Ridge,RAW,11,0.103926,17.920133,11.811208
HEI,M7_Stage5_AdvancedRatios,Ridge,RAW,12,-4.865825,14.930943,13.78991
HEI,M7_Stage5_AdvancedRatios,Ridge,RAW,13,-1.844535,19.419792,16.937146
HEI,M7_Stage5_AdvancedRatios,Ridge,RAW,14,-0.508386,34.712785,23.546596
HEI,M7_Stage5_AdvancedRatios,Ridge,RAW,15,-5.031271,27.439132,16.143384
HEI,M7_Stage5_AdvancedRatios,Ridge,RAW,16,-1.418425,10.857263,10.059351
HEI,M7_Stage5_AdvancedRatios,Ridge,RAW,17,-3.142202,13.409195,11.452776
HEI,M7_Stage5_AdvancedRatios,Ridge,RAW,18,-0.200382,22.201683,17.670878
HEI,M7_Stage5_AdvancedRatios,Ridge,RAW,19,0.013543,28.572324,18.815966
HEI,M7_Stage5_AdvancedRatios,Ridge,RAW,20,-83.476957,39.391291,22.70104
HEI,M7_Stage5_AdvancedRatios,Ridge,RAW,21,-5.023155,28.039623,16.922959
HEI,M7_Stage5_AdvancedRatios,Ridge,RAW,22,0.073683,18.894945,14.07706
HEI,M7_Stage5_AdvancedRatios,Ridge,RAW,23,-0.436941,33.79798,21.733997
HEI,M7_Stage5_AdvancedRatios,Ridge,RAW,24,-9.404754,19.166507,17.00922
HEI,M7_Stage5_AdvancedRatios,Ridge,RAW,25,-1.158058,17.131723,15.387743
HEI,M7_Stage5_AdvancedRatios,Lasso,LOG1P,1,-0.152748,7.268941,6.592103
HEI,M7_Stage5_AdvancedRatios,Lasso,LOG1P,2,-0.216109,35.06447,18.069062
HEI,M7_Stage5_AdvancedRatios,Lasso,LOG1P,3,0.376017,6.837656,5.274207
HEI,M7_Stage5_AdvancedRatios,Lasso,LOG1P,4,-4.520765,5.129009,4.564748
HEI,M7_Stage5_AdvancedRatios,Lasso,LOG1P,5,-1.162609,17.137757,13.487286
HEI,M7_Stage5_AdvancedRatios,Lasso,LOG1P,6,-0.145628,7.654753,6.828457
HEI,M7_Stage5_AdvancedRatios,Lasso,LOG1P,7,-0.037185,19.905193,10.811344
HEI,M7_Stage5_AdvancedRatios,Lasso,LOG1P,8,0.205546,6.147176,4.740338
HEI,M7_Stage5_AdvancedRatios,Lasso,LOG1P,9,0.12227,11.689189,7.668246
HEI,M7_Stage5_AdvancedRatios,Lasso,LOG1P,10,-0.103618,30.494515,14.940216
HEI,M7_Stage5_AdvancedRatios,Lasso,LOG1P,11,-0.142991,20.239079,10.492628
HEI,M7_Stage5_AdvancedRatios,Lasso,LOG1P,12,-0.464466,7.460404,7.147168
HEI,M7_Stage5_AdvancedRatios,Lasso,LOG1P,13,0.197027,10.317855,6.438392
HEI,M7_Stage5_AdvancedRatios,Lasso,LOG1P,14,-0.091666,29.530993,15.0238
HEI,M7_Stage5_AdvancedRatios,Lasso,LOG1P,15,-0.169723,12.083912,8.433906
HEI,M7_Stage5_AdvancedRatios,Lasso,LOG1P,16,0.329202,5.718076,4.488866
HEI,M7_Stage5_AdvancedRatios,Lasso,LOG1P,17,-0.404031,7.806844,7.060581
HEI,M7_Stage5_AdvancedRatios,Lasso,LOG1P,18,-0.580894,25.478707,17.710387
HEI,M7_Stage5_AdvancedRatios,Lasso,LOG1P,19,-0.004491,28.832328,14.100442
HEI,M7_Stage5_AdvancedRatios,Lasso,LOG1P,20,0.258585,3.690301,3.100467
HEI,M7_Stage5_AdvancedRatios,Lasso,LOG1P,21,-0.270568,12.878316,8.62411
HEI,M7_Stage5_AdvancedRatios,Lasso,LOG1P,22,-0.088277,20.480266,11.289716
HEI,M7_Stage5_AdvancedRatios,Lasso,LOG1P,23,-0.080656,29.309938,15.10092
HEI,M7_Stage5_AdvancedRatios,Lasso,LOG1P,24,0.084096,5.686592,4.707296
HEI,M7_Stage5_AdvancedRatios,Lasso,LOG1P,25,0.139661,10.816935,7.804166
HEI,M7_Stage5_AdvancedRatios,Lasso,RAW,1,-13.358464,25.654163,20.269898
HEI,M7_Stage5_AdvancedRatios,Lasso,RAW,2,-0.174528,34.459796,23.280428
HEI,M7_Stage5_AdvancedRatios,Lasso,RAW,3,-10.396404,29.221649,25.153661
HEI,M7_Stage5_AdvancedRatios,Lasso,RAW,4,-28.672843,11.890864,10.306617
HEI,M7_Stage5_AdvancedRatios,Lasso,RAW,5,-0.50682,14.305256,12.306317
HEI,M7_Stage5_AdvancedRatios,Lasso,RAW,6,-5.856426,18.726567,16.301759
HEI,M7_Stage5_AdvancedRatios,Lasso,RAW,7,-0.027747,19.814422,16.368057
HEI,M7_Stage5_AdvancedRatios,Lasso,RAW,8,-3.152988,14.054704,11.444134
HEI,M7_Stage5_AdvancedRatios,Lasso,RAW,9,0.166799,11.388819,9.852774
HEI,M7_Stage5_AdvancedRatios,Lasso,RAW,10,-0.031101,29.475615,18.717838
HEI,M7_Stage5_AdvancedRatios,Lasso,RAW,11,0.101991,17.93947,11.760794
HEI,M7_Stage5_AdvancedRatios,Lasso,RAW,12,-4.946987,15.033884,13.914428
HEI,M7_Stage5_AdvancedRatios,Lasso,RAW,13,-1.823384,19.347458,16.884969
HEI,M7_Stage5_AdvancedRatios,Lasso,RAW,14,-0.560248,35.304496,24.019453
HEI,M7_Stage5_AdvancedRatios,Lasso,RAW,15,-6.529275,30.65791,17.37515
HEI,M7_Stage5_AdvancedRatios,Lasso,RAW,16,-1.574717,11.202599,10.364357
HEI,M7_Stage5_AdvancedRatios,Lasso,RAW,17,-4.073566,14.840335,12.188493
HEI,M7_Stage5_AdvancedRatios,Lasso,RAW,18,-0.201234,22.209552,17.669416
HEI,M7_Stage5_AdvancedRatios,Lasso,RAW,19,0.020396,28.472905,18.847994
HEI,M7_Stage5_AdvancedRatios,Lasso,RAW,20,-99.833843,43.036233,24.151266
HEI,M7_Stage5_AdvancedRatios,Lasso,RAW,21,-6.932162,32.177769,18.727725
HEI,M7_Stage5_AdvancedRatios,Lasso,RAW,22,0.079226,18.838323,13.979932
HEI,M7_Stage5_AdvancedRatios,Lasso,RAW,23,-0.467532,34.155848,21.9773
HEI,M7_Stage5_AdvancedRatios,Lasso,RAW,24,-9.688624,19.426206,17.228868
HEI,M7_Stage5_AdvancedRatios,Lasso,RAW,25,-1.539625,18.584645,16.536215
HEI,M7_Stage5_AdvancedRatios,HuberRegressor,LOG1P,1,-26.757214,35.669071,18.406386
HEI,M7_Stage5_AdvancedRatios,HuberRegressor,LOG1P,2,-0.296113,36.199488,21.362427
HEI,M7_Stage5_AdvancedRatios,HuberRegressor,LOG1P,3,-0.428429,10.345469,8.213575
HEI,M7_Stage5_AdvancedRatios,HuberRegressor,LOG1P,4,-15.276443,8.806708,6.901034
HEI,M7_Stage5_AdvancedRatios,HuberRegressor,LOG1P,5,-1.309035,17.708435,13.934775
HEI,M7_Stage5_AdvancedRatios,HuberRegressor,LOG1P,6,-0.631417,9.134648,8.172196
HEI,M7_Stage5_AdvancedRatios,HuberRegressor,LOG1P,7,-1.361716,30.036689,21.23162
HEI,M7_Stage5_AdvancedRatios,HuberRegressor,LOG1P,8,0.005008,6.879411,5.217068
HEI,M7_Stage5_AdvancedRatios,HuberRegressor,LOG1P,9,0.010164,12.413248,7.889714
HEI,M7_Stage5_AdvancedRatios,HuberRegressor,LOG1P,10,-0.10227,30.475886,15.961481
HEI,M7_Stage5_AdvancedRatios,HuberRegressor,LOG1P,11,-0.214249,20.860433,10.826289
HEI,M7_Stage5_AdvancedRatios,HuberRegressor,LOG1P,12,-1.659751,10.0541,8.773419
HEI,M7_Stage5_AdvancedRatios,HuberRegressor,LOG1P,13,-0.045509,11.773425,8.171184
HEI,M7_Stage5_AdvancedRatios,HuberRegressor,LOG1P,14,-1.556464,45.191107,26.853051
HEI,M7_Stage5_AdvancedRatios,HuberRegressor,LOG1P,15,-0.328308,12.877021,9.222638
HEI,M7_Stage5_AdvancedRatios,HuberRegressor,LOG1P,16,0.229805,6.127091,4.415133
HEI,M7_Stage5_AdvancedRatios,HuberRegressor,LOG1P,17,-0.577719,8.275647,7.535321
HEI,M7_Stage5_AdvancedRatios,HuberRegressor,LOG1P,18,-0.683966,26.296182,17.853663
HEI,M7_Stage5_AdvancedRatios,HuberRegressor,LOG1P,19,-0.050589,29.486488,15.479404
HEI,M7_Stage5_AdvancedRatios,HuberRegressor,LOG1P,20,-0.325021,4.933356,4.328933
HEI,M7_Stage5_AdvancedRatios,HuberRegressor,LOG1P,21,-0.427505,13.650515,9.634152
HEI,M7_Stage5_AdvancedRatios,HuberRegressor,LOG1P,22,-0.223674,21.716942,13.231954
HEI,M7_Stage5_AdvancedRatios,HuberRegressor,LOG1P,23,-0.701166,36.774309,22.687849
HEI,M7_Stage5_AdvancedRatios,HuberRegressor,LOG1P,24,-1.592784,9.567759,6.917204
HEI,M7_Stage5_AdvancedRatios,HuberRegressor,LOG1P,25,-0.087542,12.161651,9.700515
HEI,M7_Stage5_AdvancedRatios,HuberRegressor,RAW,1,-6.500035,18.5411,13.338476
HEI,M7_Stage5_AdvancedRatios,HuberRegressor,RAW,2,-0.231974,35.292445,23.277764
HEI,M7_Stage5_AdvancedRatios,HuberRegressor,RAW,3,-2.216699,15.5248,13.880801
HEI,M7_Stage5_AdvancedRatios,HuberRegressor,RAW,4,-16.654145,9.171855,7.589307
HEI,M7_Stage5_AdvancedRatios,HuberRegressor,RAW,5,-1.192011,17.253861,13.450328
HEI,M7_Stage5_AdvancedRatios,HuberRegressor,RAW,6,-0.909962,9.883746,9.266866
HEI,M7_Stage5_AdvancedRatios,HuberRegressor,RAW,7,-0.263248,21.967593,18.344593
HEI,M7_Stage5_AdvancedRatios,HuberRegressor,RAW,8,-0.057374,7.091788,5.295166
HEI,M7_Stage5_AdvancedRatios,HuberRegressor,RAW,9,0.020043,12.351152,8.671924
HEI,M7_Stage5_AdvancedRatios,HuberRegressor,RAW,10,-0.12408,30.775909,17.473829
HEI,M7_Stage5_AdvancedRatios,HuberRegressor,RAW,11,-0.175602,20.525777,11.047873
HEI,M7_Stage5_AdvancedRatios,HuberRegressor,RAW,12,-1.939596,10.569794,9.538071
HEI,M7_Stage5_AdvancedRatios,HuberRegressor,RAW,13,-0.128979,12.234376,9.50749
HEI,M7_Stage5_AdvancedRatios,HuberRegressor,RAW,14,-0.222973,31.256593,19.436806
HEI,M7_Stage5_AdvancedRatios,HuberRegressor,RAW,15,-0.824467,15.091554,11.552317
HEI,M7_Stage5_AdvancedRatios,HuberRegressor,RAW,16,-0.115528,7.37385,6.178573
HEI,M7_Stage5_AdvancedRatios,HuberRegressor,RAW,17,-0.326725,7.588878,6.89825
HEI,M7_Stage5_AdvancedRatios,HuberRegressor,RAW,18,-0.672508,26.206567,17.88769
HEI,M7_Stage5_AdvancedRatios,HuberRegressor,RAW,19,-0.070628,29.766366,17.739853
HEI,M7_Stage5_AdvancedRatios,HuberRegressor,RAW,20,-22.027473,20.566208,12.764226
HEI,M7_Stage5_AdvancedRatios,HuberRegressor,RAW,21,-0.591794,14.414633,11.089699
HEI,M7_Stage5_AdvancedRatios,HuberRegressor,RAW,22,-0.170739,21.242022,13.412618
HEI,M7_Stage5_AdvancedRatios,HuberRegressor,RAW,23,-0.318679,32.377309,20.638901
HEI,M7_Stage5_AdvancedRatios,HuberRegressor,RAW,24,-2.062394,10.398186,8.664834
HEI,M7_Stage5_AdvancedRatios,HuberRegressor,RAW,25,-0.097641,12.217989,9.869231
HEI,M7_Stage5_AdvancedRatios,SVR_RBF,LOG1P,1,-0.159598,7.290505,6.239928
HEI,M7_Stage5_AdvancedRatios,SVR_RBF,LOG1P,2,-0.322079,36.560295,18.79106
HEI,M7_Stage5_AdvancedRatios,SVR_RBF,LOG1P,3,0.231644,7.587558,5.956041
HEI,M7_Stage5_AdvancedRatios,SVR_RBF,LOG1P,4,-13.576813,8.334223,6.623357
HEI,M7_Stage5_AdvancedRatios,SVR_RBF,LOG1P,5,-1.576421,18.705673,14.925383
HEI,M7_Stage5_AdvancedRatios,SVR_RBF,LOG1P,6,-0.663192,9.223174,8.067339
HEI,M7_Stage5_AdvancedRatios,SVR_RBF,LOG1P,7,-0.106804,20.562387,12.123235
HEI,M7_Stage5_AdvancedRatios,SVR_RBF,LOG1P,8,-0.650751,8.86099,6.485073
HEI,M7_Stage5_AdvancedRatios,SVR_RBF,LOG1P,9,-0.089894,13.025549,8.68432
HEI,M7_Stage5_AdvancedRatios,SVR_RBF,LOG1P,10,-0.272108,32.739669,16.896826
HEI,M7_Stage5_AdvancedRatios,SVR_RBF,LOG1P,11,-0.256652,21.221538,11.479703
HEI,M7_Stage5_AdvancedRatios,SVR_RBF,LOG1P,12,-1.248291,9.243766,7.972273
HEI,M7_Stage5_AdvancedRatios,SVR_RBF,LOG1P,13,-0.207071,12.65043,7.544896
HEI,M7_Stage5_AdvancedRatios,SVR_RBF,LOG1P,14,-0.24794,31.574025,16.587305
HEI,M7_Stage5_AdvancedRatios,SVR_RBF,LOG1P,15,-0.235381,12.418423,8.402111
HEI,M7_Stage5_AdvancedRatios,SVR_RBF,LOG1P,16,0.158034,6.406212,5.169126
HEI,M7_Stage5_AdvancedRatios,SVR_RBF,LOG1P,17,-0.610858,8.362106,7.192571
HEI,M7_Stage5_AdvancedRatios,SVR_RBF,LOG1P,18,-0.81227,27.279567,19.167836
HEI,M7_Stage5_AdvancedRatios,SVR_RBF,LOG1P,19,-0.114051,30.364013,17.159856
HEI,M7_Stage5_AdvancedRatios,SVR_RBF,LOG1P,20,0.331981,3.502883,2.567809
HEI,M7_Stage5_AdvancedRatios,SVR_RBF,LOG1P,21,-0.570467,14.317744,9.5649
HEI,M7_Stage5_AdvancedRatios,SVR_RBF,LOG1P,22,-0.143752,20.995763,11.278718
HEI,M7_Stage5_AdvancedRatios,SVR_RBF,LOG1P,23,-0.203561,30.9318,16.224312
HEI,M7_Stage5_AdvancedRatios,SVR_RBF,LOG1P,24,-1.357204,9.122747,7.383336
HEI,M7_Stage5_AdvancedRatios,SVR_RBF,LOG1P,25,-0.202854,12.790159,9.652909
HEI,M7_Stage5_AdvancedRatios,SVR_RBF,RAW,1,0.022661,6.693085,5.504358
HEI,M7_Stage5_AdvancedRatios,SVR_RBF,RAW,2,-0.281341,35.992603,19.000316
HEI,M7_Stage5_AdvancedRatios,SVR_RBF,RAW,3,0.124101,8.101172,6.820291
HEI,M7_Stage5_AdvancedRatios,SVR_RBF,RAW,4,-1.921535,3.731122,3.07806
HEI,M7_Stage5_AdvancedRatios,SVR_RBF,RAW,5,-1.523502,18.512574,14.63219
HEI,M7_Stage5_AdvancedRatios,SVR_RBF,RAW,6,-0.02978,7.257409,6.102104
HEI,M7_Stage5_AdvancedRatios,SVR_RBF,RAW,7,-0.109613,20.588464,10.978981
HEI,M7_Stage5_AdvancedRatios,SVR_RBF,RAW,8,-0.431265,8.250903,5.853132
HEI,M7_Stage5_AdvancedRatios,SVR_RBF,RAW,9,-0.132253,13.276254,9.030327
HEI,M7_Stage5_AdvancedRatios,SVR_RBF,RAW,10,-0.169765,31.395079,15.731987
HEI,M7_Stage5_AdvancedRatios,SVR_RBF,RAW,11,-0.29227,21.520188,11.653301
HEI,M7_Stage5_AdvancedRatios,SVR_RBF,RAW,12,-0.028515,6.25213,4.982491
HEI,M7_Stage5_AdvancedRatios,SVR_RBF,RAW,13,-0.095997,12.054345,7.252887
HEI,M7_Stage5_AdvancedRatios,SVR_RBF,RAW,14,-0.164108,30.495076,15.612804
HEI,M7_Stage5_AdvancedRatios,SVR_RBF,RAW,15,-0.411745,13.275291,9.138346
HEI,M7_Stage5_AdvancedRatios,SVR_RBF,RAW,16,0.166827,6.372673,4.459148
HEI,M7_Stage5_AdvancedRatios,SVR_RBF,RAW,17,-0.502289,8.075397,6.836994
HEI,M7_Stage5_AdvancedRatios,SVR_RBF,RAW,18,-0.753335,26.832337,18.717017
HEI,M7_Stage5_AdvancedRatios,SVR_RBF,RAW,19,-0.082581,29.932069,15.05285
HEI,M7_Stage5_AdvancedRatios,SVR_RBF,RAW,20,0.201365,3.830056,2.899311
HEI,M7_Stage5_AdvancedRatios,SVR_RBF,RAW,21,-0.561882,14.278554,9.548708
HEI,M7_Stage5_AdvancedRatios,SVR_RBF,RAW,22,-0.133451,20.901003,11.04017
HEI,M7_Stage5_AdvancedRatios,SVR_RBF,RAW,23,-0.135736,30.047611,14.420213
HEI,M7_Stage5_AdvancedRatios,SVR_RBF,RAW,24,0.19357,5.335933,3.884792
HEI,M7_Stage5_AdvancedRatios,SVR_RBF,RAW,25,-0.147258,12.491083,9.420174
HEI,M8_Stage5_PlausibleInteractions,Ridge,LOG1P,1,-4.378896,15.701836,11.003918
HEI,M8_Stage5_PlausibleInteractions,Ridge,LOG1P,2,-0.285577,36.052057,19.806993
HEI,M8_Stage5_PlausibleInteractions,Ridge,LOG1P,3,0.210755,7.690005,6.296746
HEI,M8_Stage5_PlausibleInteractions,Ridge,LOG1P,4,-11.087457,7.589293,5.431732
HEI,M8_Stage5_PlausibleInteractions,Ridge,LOG1P,5,-1.047499,16.675419,13.016256
HEI,M8_Stage5_PlausibleInteractions,Ridge,LOG1P,6,-0.495137,8.744796,8.172057
HEI,M8_Stage5_PlausibleInteractions,Ridge,LOG1P,7,-0.258319,21.924693,16.161138
HEI,M8_Stage5_PlausibleInteractions,Ridge,LOG1P,8,-0.096403,7.221485,5.947325
HEI,M8_Stage5_PlausibleInteractions,Ridge,LOG1P,9,-0.1715,13.50439,9.019031
HEI,M8_Stage5_PlausibleInteractions,Ridge,LOG1P,10,-0.110219,30.585576,15.3773
HEI,M8_Stage5_PlausibleInteractions,Ridge,LOG1P,11,-0.132362,20.144754,10.903348
HEI,M8_Stage5_PlausibleInteractions,Ridge,LOG1P,12,-1.495616,9.738937,8.548361
HEI,M8_Stage5_PlausibleInteractions,Ridge,LOG1P,13,-0.138962,12.288351,7.994181
HEI,M8_Stage5_PlausibleInteractions,Ridge,LOG1P,14,-0.357483,32.930652,19.820532
HEI,M8_Stage5_PlausibleInteractions,Ridge,LOG1P,15,-0.306246,12.769635,8.658645
HEI,M8_Stage5_PlausibleInteractions,Ridge,LOG1P,16,0.124401,6.53291,4.866995
HEI,M8_Stage5_PlausibleInteractions,Ridge,LOG1P,17,-0.728258,8.661464,8.240961
HEI,M8_Stage5_PlausibleInteractions,Ridge,LOG1P,18,-0.572807,25.413461,17.525175
HEI,M8_Stage5_PlausibleInteractions,Ridge,LOG1P,19,-0.021091,29.069584,14.181228
HEI,M8_Stage5_PlausibleInteractions,Ridge,LOG1P,20,-1.121417,6.242293,4.51394
HEI,M8_Stage5_PlausibleInteractions,Ridge,LOG1P,21,-0.459488,13.802584,9.412419
HEI,M8_Stage5_PlausibleInteractions,Ridge,LOG1P,22,-0.113447,20.715747,12.075059
HEI,M8_Stage5_PlausibleInteractions,Ridge,LOG1P,23,-0.271183,31.788885,19.026281
HEI,M8_Stage5_PlausibleInteractions,Ridge,LOG1P,24,-10.556393,20.199389,12.61037
HEI,M8_Stage5_PlausibleInteractions,Ridge,LOG1P,25,0.078335,11.195824,8.538935
HEI,M8_Stage5_PlausibleInteractions,Ridge,RAW,1,-9.298015,21.726042,17.891347
HEI,M8_Stage5_PlausibleInteractions,Ridge,RAW,2,-0.222488,35.156306,21.211557
HEI,M8_Stage5_PlausibleInteractions,Ridge,RAW,3,-4.751735,20.759661,18.944778
HEI,M8_Stage5_PlausibleInteractions,Ridge,RAW,4,-27.149268,11.581569,9.656676
HEI,M8_Stage5_PlausibleInteractions,Ridge,RAW,5,-0.760978,15.464715,12.900534
HEI,M8_Stage5_PlausibleInteractions,Ridge,RAW,6,-4.863222,17.31719,15.057631
HEI,M8_Stage5_PlausibleInteractions,Ridge,RAW,7,-0.007944,19.622594,16.324473
HEI,M8_Stage5_PlausibleInteractions,Ridge,RAW,8,-2.57236,13.035238,11.077897
HEI,M8_Stage5_PlausibleInteractions,Ridge,RAW,9,-0.725243,16.388114,13.577382
HEI,M8_Stage5_PlausibleInteractions,Ridge,RAW,10,-0.010905,29.185526,17.081369
HEI,M8_Stage5_PlausibleInteractions,Ridge,RAW,11,0.11609,17.798091,11.910393
HEI,M8_Stage5_PlausibleInteractions,Ridge,RAW,12,-4.493266,14.449008,13.621911
HEI,M8_Stage5_PlausibleInteractions,Ridge,RAW,13,-0.979291,16.199207,11.410283
HEI,M8_Stage5_PlausibleInteractions,Ridge,RAW,14,-0.364866,33.020077,22.78149
HEI,M8_Stage5_PlausibleInteractions,Ridge,RAW,15,-0.650005,14.351875,10.886748
HEI,M8_Stage5_PlausibleInteractions,Ridge,RAW,16,-1.942724,11.976468,10.778161
HEI,M8_Stage5_PlausibleInteractions,Ridge,RAW,17,-2.800285,12.843848,10.98942
HEI,M8_Stage5_PlausibleInteractions,Ridge,RAW,18,-0.302596,23.127618,17.823393
HEI,M8_Stage5_PlausibleInteractions,Ridge,RAW,19,0.064335,27.827033,16.130516
HEI,M8_Stage5_PlausibleInteractions,Ridge,RAW,20,-10.248678,14.374138,11.131918
HEI,M8_Stage5_PlausibleInteractions,Ridge,RAW,21,-0.698357,14.889314,12.329451
HEI,M8_Stage5_PlausibleInteractions,Ridge,RAW,22,0.162143,17.970106,12.196636
HEI,M8_Stage5_PlausibleInteractions,Ridge,RAW,23,-0.34668,32.719259,21.622544
HEI,M8_Stage5_PlausibleInteractions,Ridge,RAW,24,-12.184562,21.575453,16.569363
HEI,M8_Stage5_PlausibleInteractions,Ridge,RAW,25,-0.784776,15.579782,14.271057
HEI,M8_Stage5_PlausibleInteractions,Lasso,LOG1P,1,-0.029151,6.868208,5.959942
HEI,M8_Stage5_PlausibleInteractions,Lasso,LOG1P,2,-0.193613,34.738638,18.393344
HEI,M8_Stage5_PlausibleInteractions,Lasso,LOG1P,3,0.302068,7.231484,5.499428
HEI,M8_Stage5_PlausibleInteractions,Lasso,LOG1P,4,-6.886839,6.130351,5.181639
HEI,M8_Stage5_PlausibleInteractions,Lasso,LOG1P,5,-1.015971,16.546536,13.001238
HEI,M8_Stage5_PlausibleInteractions,Lasso,LOG1P,6,-0.12636,7.590106,6.371507
HEI,M8_Stage5_PlausibleInteractions,Lasso,LOG1P,7,-0.062864,20.15009,11.964734
HEI,M8_Stage5_PlausibleInteractions,Lasso,LOG1P,8,0.215312,6.109278,4.467223
HEI,M8_Stage5_PlausibleInteractions,Lasso,LOG1P,9,0.075266,11.998093,7.745669
HEI,M8_Stage5_PlausibleInteractions,Lasso,LOG1P,10,-0.072454,30.060874,15.122307
HEI,M8_Stage5_PlausibleInteractions,Lasso,LOG1P,11,-0.153558,20.332419,10.794993
HEI,M8_Stage5_PlausibleInteractions,Lasso,LOG1P,12,-0.904612,8.507969,7.678682
HEI,M8_Stage5_PlausibleInteractions,Lasso,LOG1P,13,0.215872,10.196062,5.994442
HEI,M8_Stage5_PlausibleInteractions,Lasso,LOG1P,14,-0.092741,29.545524,15.106589
HEI,M8_Stage5_PlausibleInteractions,Lasso,LOG1P,15,-0.269183,12.58717,8.567033
HEI,M8_Stage5_PlausibleInteractions,Lasso,LOG1P,16,0.173468,6.347225,4.737359
HEI,M8_Stage5_PlausibleInteractions,Lasso,LOG1P,17,-0.588638,8.304234,7.620718
HEI,M8_Stage5_PlausibleInteractions,Lasso,LOG1P,18,-0.539667,25.144293,17.454588
HEI,M8_Stage5_PlausibleInteractions,Lasso,LOG1P,19,-0.010193,28.914045,14.444178
HEI,M8_Stage5_PlausibleInteractions,Lasso,LOG1P,20,0.320324,3.533312,2.607121
HEI,M8_Stage5_PlausibleInteractions,Lasso,LOG1P,21,-0.337407,13.212709,8.864973
HEI,M8_Stage5_PlausibleInteractions,Lasso,LOG1P,22,-0.052541,20.141198,10.735868
HEI,M8_Stage5_PlausibleInteractions,Lasso,LOG1P,23,-0.070638,29.173766,15.33105
HEI,M8_Stage5_PlausibleInteractions,Lasso,LOG1P,24,-0.298176,6.770081,5.643631
HEI,M8_Stage5_PlausibleInteractions,Lasso,LOG1P,25,0.168256,10.635657,7.64194
HEI,M8_Stage5_PlausibleInteractions,Lasso,RAW,1,-10.118767,22.57523,18.469372
HEI,M8_Stage5_PlausibleInteractions,Lasso,RAW,2,-0.239133,35.394842,21.375683
HEI,M8_Stage5_PlausibleInteractions,Lasso,RAW,3,-6.209746,23.24239,21.312148
HEI,M8_Stage5_PlausibleInteractions,Lasso,RAW,4,-28.576437,11.871532,9.664363
HEI,M8_Stage5_PlausibleInteractions,Lasso,RAW,5,-0.962894,16.327263,13.572273
HEI,M8_Stage5_PlausibleInteractions,Lasso,RAW,6,-4.90379,17.376996,15.116607
HEI,M8_Stage5_PlausibleInteractions,Lasso,RAW,7,-0.007291,19.616232,16.334068
HEI,M8_Stage5_PlausibleInteractions,Lasso,RAW,8,-2.992198,13.779942,11.749995
HEI,M8_Stage5_PlausibleInteractions,Lasso,RAW,9,-1.545287,19.905461,16.245801
HEI,M8_Stage5_PlausibleInteractions,Lasso,RAW,10,0.012236,28.849543,17.224364
HEI,M8_Stage5_PlausibleInteractions,Lasso,RAW,11,0.13307,17.626304,12.322294
HEI,M8_Stage5_PlausibleInteractions,Lasso,RAW,12,-4.463701,14.410072,13.558433
HEI,M8_Stage5_PlausibleInteractions,Lasso,RAW,13,-1.472954,18.107017,12.606422
HEI,M8_Stage5_PlausibleInteractions,Lasso,RAW,14,-0.404754,33.499117,23.369194
HEI,M8_Stage5_PlausibleInteractions,Lasso,RAW,15,-1.08426,16.130281,12.604235
HEI,M8_Stage5_PlausibleInteractions,Lasso,RAW,16,-2.861349,13.719035,12.013167
HEI,M8_Stage5_PlausibleInteractions,Lasso,RAW,17,-3.234194,13.557276,10.973086
HEI,M8_Stage5_PlausibleInteractions,Lasso,RAW,18,-0.349186,23.537586,18.283814
HEI,M8_Stage5_PlausibleInteractions,Lasso,RAW,19,0.074626,27.67358,16.234569
HEI,M8_Stage5_PlausibleInteractions,Lasso,RAW,20,-11.883512,15.383254,11.699333
HEI,M8_Stage5_PlausibleInteractions,Lasso,RAW,21,-1.036092,16.302673,12.998218
HEI,M8_Stage5_PlausibleInteractions,Lasso,RAW,22,0.174542,17.836649,11.897269
HEI,M8_Stage5_PlausibleInteractions,Lasso,RAW,23,-0.358686,32.864779,21.787879
HEI,M8_Stage5_PlausibleInteractions,Lasso,RAW,24,-14.231794,23.190099,17.571675
HEI,M8_Stage5_PlausibleInteractions,Lasso,RAW,25,-1.033292,16.629125,15.119876
HEI,M8_Stage5_PlausibleInteractions,HuberRegressor,LOG1P,1,-1.657634,11.037011,8.691043
HEI,M8_Stage5_PlausibleInteractions,HuberRegressor,LOG1P,2,-0.328248,36.645499,20.834712
HEI,M8_Stage5_PlausibleInteractions,HuberRegressor,LOG1P,3,-0.119344,9.158041,6.958398
HEI,M8_Stage5_PlausibleInteractions,HuberRegressor,LOG1P,4,-16.74409,9.19519,6.01914
HEI,M8_Stage5_PlausibleInteractions,HuberRegressor,LOG1P,5,-1.166089,17.15154,13.30794
HEI,M8_Stage5_PlausibleInteractions,HuberRegressor,LOG1P,6,-0.333693,8.259186,7.589978
HEI,M8_Stage5_PlausibleInteractions,HuberRegressor,LOG1P,7,-0.851959,26.598298,21.207079
HEI,M8_Stage5_PlausibleInteractions,HuberRegressor,LOG1P,8,-0.356575,8.032731,6.392156
HEI,M8_Stage5_PlausibleInteractions,HuberRegressor,LOG1P,9,-0.515976,15.36208,11.126864
HEI,M8_Stage5_PlausibleInteractions,HuberRegressor,LOG1P,10,-0.212048,31.957454,16.441529
HEI,M8_Stage5_PlausibleInteractions,HuberRegressor,LOG1P,11,-0.17273,20.500685,11.411333
HEI,M8_Stage5_PlausibleInteractions,HuberRegressor,LOG1P,12,-1.619917,9.978527,8.649385
HEI,M8_Stage5_PlausibleInteractions,HuberRegressor,LOG1P,13,-15.972601,47.436554,22.602366
HEI,M8_Stage5_PlausibleInteractions,HuberRegressor,LOG1P,14,-0.214225,31.144602,16.825294
HEI,M8_Stage5_PlausibleInteractions,HuberRegressor,LOG1P,15,-0.153774,12.001244,8.459676
HEI,M8_Stage5_PlausibleInteractions,HuberRegressor,LOG1P,16,0.071988,6.725597,4.970822
HEI,M8_Stage5_PlausibleInteractions,HuberRegressor,LOG1P,17,-0.526795,8.140994,7.528983
HEI,M8_Stage5_PlausibleInteractions,HuberRegressor,LOG1P,18,-0.622519,25.811961,17.646716
HEI,M8_Stage5_PlausibleInteractions,HuberRegressor,LOG1P,19,-0.081722,29.920201,13.910232
HEI,M8_Stage5_PlausibleInteractions,HuberRegressor,LOG1P,20,-103.479813,43.80738,19.638788
HEI,M8_Stage5_PlausibleInteractions,HuberRegressor,LOG1P,21,-0.558127,14.26138,9.628123
HEI,M8_Stage5_PlausibleInteractions,HuberRegressor,LOG1P,22,-0.282993,22.237091,13.824218
HEI,M8_Stage5_PlausibleInteractions,HuberRegressor,LOG1P,23,-0.327262,32.482507,19.291625
HEI,M8_Stage5_PlausibleInteractions,HuberRegressor,LOG1P,24,-25.183205,30.404543,16.04125
HEI,M8_Stage5_PlausibleInteractions,HuberRegressor,LOG1P,25,0.115634,10.966942,8.086829
HEI,M8_Stage5_PlausibleInteractions,HuberRegressor,RAW,1,-2.789035,13.178567,11.128347
HEI,M8_Stage5_PlausibleInteractions,HuberRegressor,RAW,2,-0.324688,36.596343,21.127654
HEI,M8_Stage5_PlausibleInteractions,HuberRegressor,RAW,3,-1.312893,13.164323,11.842823
HEI,M8_Stage5_PlausibleInteractions,HuberRegressor,RAW,4,-16.59357,9.156106,8.134778
HEI,M8_Stage5_PlausibleInteractions,HuberRegressor,RAW,5,-1.118523,16.962175,13.056997
HEI,M8_Stage5_PlausibleInteractions,HuberRegressor,RAW,6,-2.063931,12.518398,9.737564
HEI,M8_Stage5_PlausibleInteractions,HuberRegressor,RAW,7,-0.787469,26.13109,23.168639
HEI,M8_Stage5_PlausibleInteractions,HuberRegressor,RAW,8,-0.617195,8.770466,7.526233
HEI,M8_Stage5_PlausibleInteractions,HuberRegressor,RAW,9,-0.367617,14.591038,10.488476
HEI,M8_Stage5_PlausibleInteractions,HuberRegressor,RAW,10,-0.218447,32.041712,16.563577
HEI,M8_Stage5_PlausibleInteractions,HuberRegressor,RAW,11,-0.167809,20.457632,12.051869
HEI,M8_Stage5_PlausibleInteractions,HuberRegressor,RAW,12,-1.526046,9.798132,9.441571
HEI,M8_Stage5_PlausibleInteractions,HuberRegressor,RAW,13,-1.399681,17.836747,10.938734
HEI,M8_Stage5_PlausibleInteractions,HuberRegressor,RAW,14,-0.243174,31.513681,17.310914
HEI,M8_Stage5_PlausibleInteractions,HuberRegressor,RAW,15,-0.088962,11.659294,8.32289
HEI,M8_Stage5_PlausibleInteractions,HuberRegressor,RAW,16,-0.635885,8.929567,7.16206
HEI,M8_Stage5_PlausibleInteractions,HuberRegressor,RAW,17,-0.409143,7.821043,7.162092
HEI,M8_Stage5_PlausibleInteractions,HuberRegressor,RAW,18,-0.656441,26.080386,18.178698
HEI,M8_Stage5_PlausibleInteractions,HuberRegressor,RAW,19,-0.079044,29.883131,15.183024
HEI,M8_Stage5_PlausibleInteractions,HuberRegressor,RAW,20,-16.95452,18.160089,12.088126
HEI,M8_Stage5_PlausibleInteractions,HuberRegressor,RAW,21,-0.341899,13.234884,8.871967
HEI,M8_Stage5_PlausibleInteractions,HuberRegressor,RAW,22,-0.219771,21.682284,14.07701
HEI,M8_Stage5_PlausibleInteractions,HuberRegressor,RAW,23,-0.299534,32.141423,18.632801
HEI,M8_Stage5_PlausibleInteractions,HuberRegressor,RAW,24,-6.465208,16.23484,11.159402
HEI,M8_Stage5_PlausibleInteractions,HuberRegressor,RAW,25,-0.006673,11.700749,8.945713
HEI,M8_Stage5_PlausibleInteractions,SVR_RBF,LOG1P,1,-0.247565,7.561977,6.230987
HEI,M8_Stage5_PlausibleInteractions,SVR_RBF,LOG1P,2,-0.293673,36.165393,18.439508
HEI,M8_Stage5_PlausibleInteractions,SVR_RBF,LOG1P,3,0.315885,7.159543,5.787186
HEI,M8_Stage5_PlausibleInteractions,SVR_RBF,LOG1P,4,-12.647347,8.064138,6.88235
HEI,M8_Stage5_PlausibleInteractions,SVR_RBF,LOG1P,5,-1.464515,18.294927,14.338685
HEI,M8_Stage5_PlausibleInteractions,SVR_RBF,LOG1P,6,-0.202976,7.844001,6.831315
HEI,M8_Stage5_PlausibleInteractions,SVR_RBF,LOG1P,7,-0.048158,20.010207,12.311424
HEI,M8_Stage5_PlausibleInteractions,SVR_RBF,LOG1P,8,-0.916285,9.5471,7.424748
HEI,M8_Stage5_PlausibleInteractions,SVR_RBF,LOG1P,9,0.001337,12.468476,8.376233
HEI,M8_Stage5_PlausibleInteractions,SVR_RBF,LOG1P,10,-0.259509,32.577141,16.510705
HEI,M8_Stage5_PlausibleInteractions,SVR_RBF,LOG1P,11,-0.222169,20.928348,11.341522
HEI,M8_Stage5_PlausibleInteractions,SVR_RBF,LOG1P,12,-0.843049,8.369338,7.562671
HEI,M8_Stage5_PlausibleInteractions,SVR_RBF,LOG1P,13,-0.143252,12.31147,6.853404
HEI,M8_Stage5_PlausibleInteractions,SVR_RBF,LOG1P,14,-0.267058,31.814966,16.166622
HEI,M8_Stage5_PlausibleInteractions,SVR_RBF,LOG1P,15,-0.163457,12.051501,8.263293
HEI,M8_Stage5_PlausibleInteractions,SVR_RBF,LOG1P,16,0.362628,5.573791,4.445052
HEI,M8_Stage5_PlausibleInteractions,SVR_RBF,LOG1P,17,-0.543462,8.185308,6.855081
HEI,M8_Stage5_PlausibleInteractions,SVR_RBF,LOG1P,18,-0.759871,26.882306,19.011678
HEI,M8_Stage5_PlausibleInteractions,SVR_RBF,LOG1P,19,-0.139648,30.710862,16.32358
HEI,M8_Stage5_PlausibleInteractions,SVR_RBF,LOG1P,20,0.313768,3.550313,2.820641
HEI,M8_Stage5_PlausibleInteractions,SVR_RBF,LOG1P,21,-0.540968,14.182638,9.749579
HEI,M8_Stage5_PlausibleInteractions,SVR_RBF,LOG1P,22,-0.104152,20.629102,11.075315
HEI,M8_Stage5_PlausibleInteractions,SVR_RBF,LOG1P,23,-0.226793,31.228906,15.999837
HEI,M8_Stage5_PlausibleInteractions,SVR_RBF,LOG1P,24,-0.122736,6.296016,5.495507
HEI,M8_Stage5_PlausibleInteractions,SVR_RBF,LOG1P,25,-0.159927,12.559859,8.978944
HEI,M8_Stage5_PlausibleInteractions,SVR_RBF,RAW,1,-0.002449,6.778521,5.494842
HEI,M8_Stage5_PlausibleInteractions,SVR_RBF,RAW,2,-0.273925,35.888304,18.915441
HEI,M8_Stage5_PlausibleInteractions,SVR_RBF,RAW,3,0.122151,8.110184,6.832614
HEI,M8_Stage5_PlausibleInteractions,SVR_RBF,RAW,4,-1.834573,3.675172,3.004549
HEI,M8_Stage5_PlausibleInteractions,SVR_RBF,RAW,5,-1.505548,18.446598,14.497685
HEI,M8_Stage5_PlausibleInteractions,SVR_RBF,RAW,6,-0.002817,7.161767,6.002847
HEI,M8_Stage5_PlausibleInteractions,SVR_RBF,RAW,7,-0.101494,20.513005,10.999391
HEI,M8_Stage5_PlausibleInteractions,SVR_RBF,RAW,8,-0.517977,8.497163,6.139759
HEI,M8_Stage5_PlausibleInteractions,SVR_RBF,RAW,9,-0.107614,13.131007,8.996485
HEI,M8_Stage5_PlausibleInteractions,SVR_RBF,RAW,10,-0.180729,31.541867,15.829481
HEI,M8_Stage5_PlausibleInteractions,SVR_RBF,RAW,11,-0.268812,21.323968,11.585872
HEI,M8_Stage5_PlausibleInteractions,SVR_RBF,RAW,12,0.00262,6.156771,4.873003
HEI,M8_Stage5_PlausibleInteractions,SVR_RBF,RAW,13,-0.103676,12.096501,7.086447
HEI,M8_Stage5_PlausibleInteractions,SVR_RBF,RAW,14,-0.174945,30.636696,15.596278
HEI,M8_Stage5_PlausibleInteractions,SVR_RBF,RAW,15,-0.37909,13.120859,9.042575
HEI,M8_Stage5_PlausibleInteractions,SVR_RBF,RAW,16,0.178612,6.327441,4.387955
HEI,M8_Stage5_PlausibleInteractions,SVR_RBF,RAW,17,-0.470984,7.990815,6.832225
HEI,M8_Stage5_PlausibleInteractions,SVR_RBF,RAW,18,-0.731486,26.664633,18.605724
HEI,M8_Stage5_PlausibleInteractions,SVR_RBF,RAW,19,-0.089465,30.027094,14.951593
HEI,M8_Stage5_PlausibleInteractions,SVR_RBF,RAW,20,0.136063,3.983566,3.022255
HEI,M8_Stage5_PlausibleInteractions,SVR_RBF,RAW,21,-0.575387,14.340155,9.721118
HEI,M8_Stage5_PlausibleInteractions,SVR_RBF,RAW,22,-0.132398,20.891294,11.072127
HEI,M8_Stage5_PlausibleInteractions,SVR_RBF,RAW,23,-0.142034,30.130801,14.422817
HEI,M8_Stage5_PlausibleInteractions,SVR_RBF,RAW,24,0.217898,5.254831,3.610052
HEI,M8_Stage5_PlausibleInteractions,SVR_RBF,RAW,25,-0.147857,12.494342,9.346754
WQI,M1_Core,Ridge,LOG1P,1,-0.018516,15.396835,13.699151
WQI,M1_Core,Ridge,LOG1P,2,-0.602676,56.72939,38.211593
WQI,M1_Core,Ridge,LOG1P,3,-2.392267,20.206817,16.951817
WQI,M1_Core,Ridge,LOG1P,4,-3.248467,17.678206,14.843127
WQI,M1_Core,Ridge,LOG1P,5,0.085751,27.287009,18.871524
WQI,M1_Core,Ridge,LOG1P,6,-0.964561,14.205438,12.867193
WQI,M1_Core,Ridge,LOG1P,7,-0.729615,42.484851,32.471832
WQI,M1_Core,Ridge,LOG1P,8,-0.269346,15.286664,13.969913
WQI,M1_Core,Ridge,LOG1P,9,0.163324,12.546945,9.772197
WQI,M1_Core,Ridge,LOG1P,10,-0.095049,47.112383,28.608874
WQI,M1_Core,Ridge,LOG1P,11,-0.187861,32.914309,17.503285
WQI,M1_Core,Ridge,LOG1P,12,-2.641606,22.434044,20.110462
WQI,M1_Core,Ridge,LOG1P,13,0.047336,26.973533,17.766174
WQI,M1_Core,Ridge,LOG1P,14,0.050553,39.215719,23.110991
WQI,M1_Core,Ridge,LOG1P,15,0.227437,13.013041,11.056693
WQI,M1_Core,Ridge,LOG1P,16,-0.464457,15.532666,12.522546
WQI,M1_Core,Ridge,LOG1P,17,-1.651938,17.335704,14.354372
WQI,M1_Core,Ridge,LOG1P,18,-0.151685,42.340141,30.132519
WQI,M1_Core,Ridge,LOG1P,19,-0.063923,39.770618,22.204632
WQI,M1_Core,Ridge,LOG1P,20,-0.36452,12.834165,9.768777
WQI,M1_Core,Ridge,LOG1P,21,0.016245,13.296246,10.750714
WQI,M1_Core,Ridge,LOG1P,22,-0.180478,36.13486,25.237089
WQI,M1_Core,Ridge,LOG1P,23,-0.218603,41.832819,26.882655
WQI,M1_Core,Ridge,LOG1P,24,-1.704752,15.47825,11.056587
WQI,M1_Core,Ridge,LOG1P,25,0.08168,27.723209,17.625858
WQI,M1_Core,Ridge,RAW,1,-1.92973,26.113275,23.26693
WQI,M1_Core,Ridge,RAW,2,-0.40161,53.051647,35.870965
WQI,M1_Core,Ridge,RAW,3,-8.677319,34.129539,30.036628
WQI,M1_Core,Ridge,RAW,4,-5.51127,21.885422,19.110249
WQI,M1_Core,Ridge,RAW,5,0.110482,26.915412,18.527771
WQI,M1_Core,Ridge,RAW,6,-5.107903,25.047705,21.451074
WQI,M1_Core,Ridge,RAW,7,-0.354777,37.600477,28.014463
WQI,M1_Core,Ridge,RAW,8,-1.105351,19.687252,16.301458
WQI,M1_Core,Ridge,RAW,9,-0.703513,17.90326,17.003283
WQI,M1_Core,Ridge,RAW,10,-0.003521,45.100516,30.735417
WQI,M1_Core,Ridge,RAW,11,-0.021448,30.521791,19.411429
WQI,M1_Core,Ridge,RAW,12,-3.04142,23.633501,22.203158
WQI,M1_Core,Ridge,RAW,13,-0.299167,31.499258,24.800871
WQI,M1_Core,Ridge,RAW,14,0.17256,36.60943,24.915969
WQI,M1_Core,Ridge,RAW,15,0.121479,13.876751,12.230544
WQI,M1_Core,Ridge,RAW,16,-1.947623,22.036552,20.43216
WQI,M1_Core,Ridge,RAW,17,-2.209024,19.069806,16.382051
WQI,M1_Core,Ridge,RAW,18,-0.041754,40.268732,31.290806
WQI,M1_Core,Ridge,RAW,19,0.086231,36.85745,24.886607
WQI,M1_Core,Ridge,RAW,20,-1.438186,17.155807,14.020622
WQI,M1_Core,Ridge,RAW,21,-0.448016,16.131408,14.76388
WQI,M1_Core,Ridge,RAW,22,-0.00096,33.274058,24.002597
WQI,M1_Core,Ridge,RAW,23,-0.034064,38.535395,28.207268
WQI,M1_Core,Ridge,RAW,24,-6.178302,25.215582,21.661042
WQI,M1_Core,Ridge,RAW,25,-0.166325,31.24326,23.132715
WQI,M1_Core,Lasso,LOG1P,1,0.062036,14.77545,12.713098
WQI,M1_Core,Lasso,LOG1P,2,-0.390254,52.836295,33.790498
WQI,M1_Core,Lasso,LOG1P,3,-0.638514,14.043585,11.588727
WQI,M1_Core,Lasso,LOG1P,4,-0.750401,11.347255,9.587642
WQI,M1_Core,Lasso,LOG1P,5,-0.172596,30.9028,20.663943
WQI,M1_Core,Lasso,LOG1P,6,-0.424708,12.0972,10.603709
WQI,M1_Core,Lasso,LOG1P,7,-0.108414,34.010293,21.961444
WQI,M1_Core,Lasso,LOG1P,8,-0.419512,16.165618,14.753159
WQI,M1_Core,Lasso,LOG1P,9,0.099952,13.013442,10.405508
WQI,M1_Core,Lasso,LOG1P,10,-0.152297,48.328196,30.43247
WQI,M1_Core,Lasso,LOG1P,11,-0.16821,32.640909,17.844351
WQI,M1_Core,Lasso,LOG1P,12,-0.683426,15.253097,13.852056
WQI,M1_Core,Lasso,LOG1P,13,-0.095143,28.920329,17.414412
WQI,M1_Core,Lasso,LOG1P,14,-0.006126,40.36928,26.943573
WQI,M1_Core,Lasso,LOG1P,15,0.156036,13.601092,11.013031
WQI,M1_Core,Lasso,LOG1P,16,0.258655,11.051417,7.912881
WQI,M1_Core,Lasso,LOG1P,17,-0.65653,13.701225,11.642555
WQI,M1_Core,Lasso,LOG1P,18,-0.285176,44.726676,32.685008
WQI,M1_Core,Lasso,LOG1P,19,-0.020045,38.941878,22.954795
WQI,M1_Core,Lasso,LOG1P,20,0.019979,10.876658,8.401561
WQI,M1_Core,Lasso,LOG1P,21,0.015358,13.302243,10.517086
WQI,M1_Core,Lasso,LOG1P,22,-0.15492,35.741549,26.076237
WQI,M1_Core,Lasso,LOG1P,23,-0.046965,38.77503,23.449311
WQI,M1_Core,Lasso,LOG1P,24,-0.121364,9.96624,7.361232
WQI,M1_Core,Lasso,LOG1P,25,-0.028279,29.336077,18.228069
WQI,M1_Core,Lasso,RAW,1,-1.971506,26.298794,23.426179
WQI,M1_Core,Lasso,RAW,2,-0.408659,53.18488,35.963978
WQI,M1_Core,Lasso,RAW,3,-9.111238,34.886312,30.664951
WQI,M1_Core,Lasso,RAW,4,-5.668178,22.147549,19.210623
WQI,M1_Core,Lasso,RAW,5,0.113439,26.870644,18.51243
WQI,M1_Core,Lasso,RAW,6,-5.273342,25.384659,21.757152
WQI,M1_Core,Lasso,RAW,7,-0.382356,37.981255,28.338145
WQI,M1_Core,Lasso,RAW,8,-1.291811,20.540558,16.872807
WQI,M1_Core,Lasso,RAW,9,-0.71701,17.974041,17.093768
WQI,M1_Core,Lasso,RAW,10,-0.000544,45.033572,30.637752
WQI,M1_Core,Lasso,RAW,11,-0.019887,30.498454,19.410106
WQI,M1_Core,Lasso,RAW,12,-3.192528,24.071273,22.578704
WQI,M1_Core,Lasso,RAW,13,-0.306695,31.59039,24.900566
WQI,M1_Core,Lasso,RAW,14,0.176496,36.522254,25.083104
WQI,M1_Core,Lasso,RAW,15,0.121212,13.878858,12.292422
WQI,M1_Core,Lasso,RAW,16,-2.004333,22.247525,20.599215
WQI,M1_Core,Lasso,RAW,17,-2.347479,19.476849,16.642104
WQI,M1_Core,Lasso,RAW,18,-0.039752,40.230028,31.256863
WQI,M1_Core,Lasso,RAW,19,0.091841,36.744147,25.01841
WQI,M1_Core,Lasso,RAW,20,-1.503948,17.385629,14.186897
WQI,M1_Core,Lasso,RAW,21,-0.435064,16.059101,14.634324
WQI,M1_Core,Lasso,RAW,22,-0.005589,33.350912,24.114839
WQI,M1_Core,Lasso,RAW,23,-0.030773,38.474023,28.260004
WQI,M1_Core,Lasso,RAW,24,-6.37827,25.564388,21.915002
WQI,M1_Core,Lasso,RAW,25,-0.187906,31.530979,23.393958
WQI,M1_Core,HuberRegressor,LOG1P,1,0.221308,13.462647,11.293279
WQI,M1_Core,HuberRegressor,LOG1P,2,-0.619231,57.021639,38.233127
WQI,M1_Core,HuberRegressor,LOG1P,3,-2.109741,19.34706,15.798723
WQI,M1_Core,HuberRegressor,LOG1P,4,-5.510728,21.884511,16.986601
WQI,M1_Core,HuberRegressor,LOG1P,5,-0.128742,30.319423,20.931252
WQI,M1_Core,HuberRegressor,LOG1P,6,-0.606738,12.846782,10.9904
WQI,M1_Core,HuberRegressor,LOG1P,7,-0.790089,43.221185,32.140987
WQI,M1_Core,HuberRegressor,LOG1P,8,-0.354098,15.788754,13.49706
WQI,M1_Core,HuberRegressor,LOG1P,9,0.215843,12.146773,8.74133
WQI,M1_Core,HuberRegressor,LOG1P,10,-0.168036,48.657136,29.382888
WQI,M1_Core,HuberRegressor,LOG1P,11,-0.237803,33.599095,16.833926
WQI,M1_Core,HuberRegressor,LOG1P,12,-3.334008,24.474056,20.639787
WQI,M1_Core,HuberRegressor,LOG1P,13,-0.023689,27.960945,18.157916
WQI,M1_Core,HuberRegressor,LOG1P,14,-0.07873,41.800463,23.936093
WQI,M1_Core,HuberRegressor,LOG1P,15,0.058667,14.364266,10.754562
WQI,M1_Core,HuberRegressor,LOG1P,16,-0.219797,14.175927,10.975144
WQI,M1_Core,HuberRegressor,LOG1P,17,-1.380374,16.42413,12.919196
WQI,M1_Core,HuberRegressor,LOG1P,18,-0.269991,44.461657,30.703288
WQI,M1_Core,HuberRegressor,LOG1P,19,-0.115922,40.730902,21.755642
WQI,M1_Core,HuberRegressor,LOG1P,20,-1.084824,15.863991,14.443272
WQI,M1_Core,HuberRegressor,LOG1P,21,-0.02743,13.588192,10.289835
WQI,M1_Core,HuberRegressor,LOG1P,22,-0.298065,37.891834,26.143835
WQI,M1_Core,HuberRegressor,LOG1P,23,-0.253023,42.419508,25.323607
WQI,M1_Core,HuberRegressor,LOG1P,24,-2.152116,16.709337,12.180478
WQI,M1_Core,HuberRegressor,LOG1P,25,0.06208,28.017506,17.388469
WQI,M1_Core,HuberRegressor,RAW,1,0.166424,13.92901,11.484782
WQI,M1_Core,HuberRegressor,RAW,2,-0.488942,54.679453,35.448261
WQI,M1_Core,HuberRegressor,RAW,3,-2.855541,21.542475,17.211581
WQI,M1_Core,HuberRegressor,RAW,4,-2.675135,16.442154,14.493407
WQI,M1_Core,HuberRegressor,RAW,5,-0.160817,30.747192,21.118549
WQI,M1_Core,HuberRegressor,RAW,6,-0.549148,12.614448,10.549764
WQI,M1_Core,HuberRegressor,RAW,7,-0.2906,36.699085,24.549486
WQI,M1_Core,HuberRegressor,RAW,8,-0.246825,15.150451,12.67155
WQI,M1_Core,HuberRegressor,RAW,9,0.245273,11.916653,9.101813
WQI,M1_Core,HuberRegressor,RAW,10,-0.159765,48.484543,29.603848
WQI,M1_Core,HuberRegressor,RAW,11,-0.183369,32.852014,16.910554
WQI,M1_Core,HuberRegressor,RAW,12,-1.512555,18.634548,17.190053
WQI,M1_Core,HuberRegressor,RAW,13,0.008934,27.511802,16.538158
WQI,M1_Core,HuberRegressor,RAW,14,-0.062816,41.490992,24.267658
WQI,M1_Core,HuberRegressor,RAW,15,0.124002,13.856812,10.977417
WQI,M1_Core,HuberRegressor,RAW,16,-0.21805,14.165769,11.402955
WQI,M1_Core,HuberRegressor,RAW,17,-0.483595,12.966343,10.808414
WQI,M1_Core,HuberRegressor,RAW,18,-0.273592,44.524661,31.178714
WQI,M1_Core,HuberRegressor,RAW,19,-0.079736,40.065066,21.914344
WQI,M1_Core,HuberRegressor,RAW,20,-0.703571,14.340286,12.502128
WQI,M1_Core,HuberRegressor,RAW,21,0.024706,13.238946,10.63314
WQI,M1_Core,HuberRegressor,RAW,22,-0.280568,37.635598,26.105396
WQI,M1_Core,HuberRegressor,RAW,23,-0.129235,40.269688,23.928211
WQI,M1_Core,HuberRegressor,RAW,24,-0.969628,13.208399,10.689371
WQI,M1_Core,HuberRegressor,RAW,25,0.042944,28.301874,17.152797
WQI,M1_Core,SVR_RBF,LOG1P,1,-0.073067,15.803783,12.324521
WQI,M1_Core,SVR_RBF,LOG1P,2,-0.576426,56.262884,35.25301
WQI,M1_Core,SVR_RBF,LOG1P,3,-0.996973,15.503831,12.261279
WQI,M1_Core,SVR_RBF,LOG1P,4,-1.523121,13.623576,10.374505
WQI,M1_Core,SVR_RBF,LOG1P,5,-0.338039,33.010954,22.67437
WQI,M1_Core,SVR_RBF,LOG1P,6,-1.075423,14.600751,11.6753
WQI,M1_Core,SVR_RBF,LOG1P,7,-0.354416,37.595457,25.971894
WQI,M1_Core,SVR_RBF,LOG1P,8,-0.810412,18.256249,16.468415
WQI,M1_Core,SVR_RBF,LOG1P,9,0.355999,11.007849,8.39188
WQI,M1_Core,SVR_RBF,LOG1P,10,-0.289202,51.118591,29.033482
WQI,M1_Core,SVR_RBF,LOG1P,11,-0.287764,34.270463,18.335941
WQI,M1_Core,SVR_RBF,LOG1P,12,-1.945946,20.177785,16.820084
WQI,M1_Core,SVR_RBF,LOG1P,13,-0.311643,31.650146,18.145434
WQI,M1_Core,SVR_RBF,LOG1P,14,-0.170793,43.54765,27.612124
WQI,M1_Core,SVR_RBF,LOG1P,15,-0.143637,15.832731,11.628271
WQI,M1_Core,SVR_RBF,LOG1P,16,0.309752,10.663757,8.601952
WQI,M1_Core,SVR_RBF,LOG1P,17,-1.208733,15.820909,12.222327
WQI,M1_Core,SVR_RBF,LOG1P,18,-0.322371,45.369292,31.219018
WQI,M1_Core,SVR_RBF,LOG1P,19,-0.155916,41.454373,25.045472
WQI,M1_Core,SVR_RBF,LOG1P,20,-0.614405,13.959952,11.864232
WQI,M1_Core,SVR_RBF,LOG1P,21,-0.270009,15.107376,10.984021
WQI,M1_Core,SVR_RBF,LOG1P,22,-0.342971,38.541688,27.155324
WQI,M1_Core,SVR_RBF,LOG1P,23,-0.219431,41.847038,24.406184
WQI,M1_Core,SVR_RBF,LOG1P,24,-0.698384,12.265242,8.47231
WQI,M1_Core,SVR_RBF,LOG1P,25,-0.078037,30.037464,17.738335
WQI,M1_Core,SVR_RBF,RAW,1,-0.003552,15.28331,12.54018
WQI,M1_Core,SVR_RBF,RAW,2,-0.26406,50.381275,32.479502
WQI,M1_Core,SVR_RBF,RAW,3,-0.729164,14.426832,12.158427
WQI,M1_Core,SVR_RBF,RAW,4,-0.425898,10.241563,8.716107
WQI,M1_Core,SVR_RBF,RAW,5,-0.281284,32.303256,21.479519
WQI,M1_Core,SVR_RBF,RAW,6,-0.057834,10.423911,9.146676
WQI,M1_Core,SVR_RBF,RAW,7,-0.138852,34.474115,22.102784
WQI,M1_Core,SVR_RBF,RAW,8,-0.266887,15.27185,11.84631
WQI,M1_Core,SVR_RBF,RAW,9,0.027715,13.525588,10.76178
WQI,M1_Core,SVR_RBF,RAW,10,-0.152307,48.328412,30.197966
WQI,M1_Core,SVR_RBF,RAW,11,-0.137646,32.211086,16.852617
WQI,M1_Core,SVR_RBF,RAW,12,-0.149611,12.604816,10.948467
WQI,M1_Core,SVR_RBF,RAW,13,-0.293211,31.426977,18.179777
WQI,M1_Core,SVR_RBF,RAW,14,-0.051873,41.276831,27.616603
WQI,M1_Core,SVR_RBF,RAW,15,-0.003829,14.833433,11.37852
WQI,M1_Core,SVR_RBF,RAW,16,0.020546,12.702806,9.865758
WQI,M1_Core,SVR_RBF,RAW,17,-0.775891,14.186262,10.70703
WQI,M1_Core,SVR_RBF,RAW,18,-0.301682,45.012995,32.880654
WQI,M1_Core,SVR_RBF,RAW,19,-0.043361,39.38442,23.907352
WQI,M1_Core,SVR_RBF,RAW,20,-0.017093,11.080466,8.717265
WQI,M1_Core,SVR_RBF,RAW,21,-0.033342,13.627232,10.087956
WQI,M1_Core,SVR_RBF,RAW,22,-0.194859,36.354299,26.940872
WQI,M1_Core,SVR_RBF,RAW,23,-0.049202,38.816425,20.723792
WQI,M1_Core,SVR_RBF,RAW,24,-0.009897,9.457941,7.499824
WQI,M1_Core,SVR_RBF,RAW,25,-0.157114,31.119645,19.695078
WQI,M2_Core_Salinity,Ridge,LOG1P,1,0.177125,13.839314,12.551298
WQI,M2_Core_Salinity,Ridge,LOG1P,2,-0.5563,55.90259,37.599723
WQI,M2_Core_Salinity,Ridge,LOG1P,3,-2.199146,19.623205,16.929349
WQI,M2_Core_Salinity,Ridge,LOG1P,4,-2.635535,16.353333,13.21494
WQI,M2_Core_Salinity,Ridge,LOG1P,5,0.05721,27.70965,20.766764
WQI,M2_Core_Salinity,Ridge,LOG1P,6,-1.183419,14.975811,12.843834
WQI,M2_Core_Salinity,Ridge,LOG1P,7,-0.747816,42.707811,32.736282
WQI,M2_Core_Salinity,Ridge,LOG1P,8,-0.238484,15.099689,13.9464
WQI,M2_Core_Salinity,Ridge,LOG1P,9,-0.232027,15.225426,12.689777
WQI,M2_Core_Salinity,Ridge,LOG1P,10,-0.050684,46.148158,28.144689
WQI,M2_Core_Salinity,Ridge,LOG1P,11,-0.189089,32.931319,17.81483
WQI,M2_Core_Salinity,Ridge,LOG1P,12,-2.239075,21.157853,19.504278
WQI,M2_Core_Salinity,Ridge,LOG1P,13,0.121739,25.898804,16.508459
WQI,M2_Core_Salinity,Ridge,LOG1P,14,0.099526,38.190941,22.784634
WQI,M2_Core_Salinity,Ridge,LOG1P,15,0.142531,13.709476,11.858467
WQI,M2_Core_Salinity,Ridge,LOG1P,16,-0.292845,14.594222,11.939566
WQI,M2_Core_Salinity,Ridge,LOG1P,17,-1.126694,15.524309,13.854071
WQI,M2_Core_Salinity,Ridge,LOG1P,18,-0.16342,42.555308,29.665041
WQI,M2_Core_Salinity,Ridge,LOG1P,19,-0.009704,38.743969,22.30158
WQI,M2_Core_Salinity,Ridge,LOG1P,20,-0.336608,12.702222,9.416911
WQI,M2_Core_Salinity,Ridge,LOG1P,21,0.037575,13.151313,10.782558
WQI,M2_Core_Salinity,Ridge,LOG1P,22,-0.179753,36.123758,25.303179
WQI,M2_Core_Salinity,Ridge,LOG1P,23,-0.187426,41.294225,26.506341
WQI,M2_Core_Salinity,Ridge,LOG1P,24,-1.163899,13.844478,9.948845
WQI,M2_Core_Salinity,Ridge,LOG1P,25,0.115433,27.208948,17.528974
WQI,M2_Core_Salinity,Ridge,RAW,1,-1.524315,24.239261,21.810634
WQI,M2_Core_Salinity,Ridge,RAW,2,-0.384618,52.729085,35.641516
WQI,M2_Core_Salinity,Ridge,RAW,3,-7.456352,31.903948,28.151342
WQI,M2_Core_Salinity,Ridge,RAW,4,-4.645914,20.379298,16.851243
WQI,M2_Core_Salinity,Ridge,RAW,5,-0.011212,28.697543,21.525124
WQI,M2_Core_Salinity,Ridge,RAW,6,-5.077471,24.985228,21.219026
WQI,M2_Core_Salinity,Ridge,RAW,7,-0.279571,36.541941,25.939906
WQI,M2_Core_Salinity,Ridge,RAW,8,-0.909576,18.749569,15.915569
WQI,M2_Core_Salinity,Ridge,RAW,9,-1.310281,20.849312,19.128837
WQI,M2_Core_Salinity,Ridge,RAW,10,0.027723,44.392892,30.46662
WQI,M2_Core_Salinity,Ridge,RAW,11,-0.024565,30.568322,18.300753
WQI,M2_Core_Salinity,Ridge,RAW,12,-2.933008,23.314358,21.813084
WQI,M2_Core_Salinity,Ridge,RAW,13,-0.206747,30.358193,22.958989
WQI,M2_Core_Salinity,Ridge,RAW,14,0.211713,35.732779,24.105745
WQI,M2_Core_Salinity,Ridge,RAW,15,-0.179373,16.078201,13.930262
WQI,M2_Core_Salinity,Ridge,RAW,16,-1.843695,21.644582,18.96492
WQI,M2_Core_Salinity,Ridge,RAW,17,-2.139614,18.862442,16.633823
WQI,M2_Core_Salinity,Ridge,RAW,18,-0.047374,40.377213,30.330524
WQI,M2_Core_Salinity,Ridge,RAW,19,0.132389,35.914492,24.122261
WQI,M2_Core_Salinity,Ridge,RAW,20,-1.201262,16.300975,13.447173
WQI,M2_Core_Salinity,Ridge,RAW,21,-0.400674,15.865514,14.300587
WQI,M2_Core_Salinity,Ridge,RAW,22,-0.001227,33.278493,22.773508
WQI,M2_Core_Salinity,Ridge,RAW,23,-0.010707,38.097703,27.918307
WQI,M2_Core_Salinity,Ridge,RAW,24,-5.22176,23.475495,19.215743
WQI,M2_Core_Salinity,Ridge,RAW,25,-0.134379,30.812407,23.221094
WQI,M2_Core_Salinity,Lasso,LOG1P,1,0.133443,14.20189,12.27889
WQI,M2_Core_Salinity,Lasso,LOG1P,2,-0.367521,52.402528,33.372405
WQI,M2_Core_Salinity,Lasso,LOG1P,3,-0.51478,13.502921,11.334628
WQI,M2_Core_Salinity,Lasso,LOG1P,4,-0.653329,11.028126,9.204898
WQI,M2_Core_Salinity,Lasso,LOG1P,5,-0.109445,30.059143,20.793972
WQI,M2_Core_Salinity,Lasso,LOG1P,6,-0.524769,12.514797,10.998834
WQI,M2_Core_Salinity,Lasso,LOG1P,7,-0.108419,34.010371,21.96172
WQI,M2_Core_Salinity,Lasso,LOG1P,8,-0.311898,15.540783,14.086766
WQI,M2_Core_Salinity,Lasso,LOG1P,9,-0.016703,13.831093,11.378861
WQI,M2_Core_Salinity,Lasso,LOG1P,10,-0.152297,48.328196,30.43247
WQI,M2_Core_Salinity,Lasso,LOG1P,11,-0.161031,32.540465,16.916694
WQI,M2_Core_Salinity,Lasso,LOG1P,12,-0.715191,15.396335,14.113808
WQI,M2_Core_Salinity,Lasso,LOG1P,13,-0.072898,28.6251,17.056359
WQI,M2_Core_Salinity,Lasso,LOG1P,14,0.013383,39.97597,26.53022
WQI,M2_Core_Salinity,Lasso,LOG1P,15,0.171446,13.476349,11.125395
WQI,M2_Core_Salinity,Lasso,LOG1P,16,0.227469,11.281468,8.425166
WQI,M2_Core_Salinity,Lasso,LOG1P,17,-0.521938,13.132827,11.681175
WQI,M2_Core_Salinity,Lasso,LOG1P,18,-0.256527,44.225358,31.874642
WQI,M2_Core_Salinity,Lasso,LOG1P,19,0.001673,38.525091,22.779048
WQI,M2_Core_Salinity,Lasso,LOG1P,20,0.042111,10.753143,8.12285
WQI,M2_Core_Salinity,Lasso,LOG1P,21,0.086087,12.815571,10.110102
WQI,M2_Core_Salinity,Lasso,LOG1P,22,-0.159309,35.809406,26.213212
WQI,M2_Core_Salinity,Lasso,LOG1P,23,-0.041158,38.66735,23.348139
WQI,M2_Core_Salinity,Lasso,LOG1P,24,-0.084636,9.801669,6.698132
WQI,M2_Core_Salinity,Lasso,LOG1P,25,0.020586,28.630547,17.890971
WQI,M2_Core_Salinity,Lasso,RAW,1,-1.42538,23.759511,21.286023
WQI,M2_Core_Salinity,Lasso,RAW,2,-0.409172,53.194559,35.995508
WQI,M2_Core_Salinity,Lasso,RAW,3,-7.480308,31.949106,28.138845
WQI,M2_Core_Salinity,Lasso,RAW,4,-4.471102,20.061319,15.988002
WQI,M2_Core_Salinity,Lasso,RAW,5,-0.151019,30.617155,24.429061
WQI,M2_Core_Salinity,Lasso,RAW,6,-5.188897,25.213229,21.683191
WQI,M2_Core_Salinity,Lasso,RAW,7,-0.293514,36.740494,26.031648
WQI,M2_Core_Salinity,Lasso,RAW,8,-1.058164,19.465378,16.669426
WQI,M2_Core_Salinity,Lasso,RAW,9,-2.086614,24.099083,20.658069
WQI,M2_Core_Salinity,Lasso,RAW,10,0.027992,44.386748,30.51571
WQI,M2_Core_Salinity,Lasso,RAW,11,-0.032907,30.692522,18.877385
WQI,M2_Core_Salinity,Lasso,RAW,12,-2.949535,23.363293,21.751592
WQI,M2_Core_Salinity,Lasso,RAW,13,-0.184107,30.072072,22.143929
WQI,M2_Core_Salinity,Lasso,RAW,14,0.212662,35.711262,24.168977
WQI,M2_Core_Salinity,Lasso,RAW,15,-0.669732,19.130888,15.916429
WQI,M2_Core_Salinity,Lasso,RAW,16,-2.020237,22.306331,19.104077
WQI,M2_Core_Salinity,Lasso,RAW,17,-2.293584,19.319423,17.083278
WQI,M2_Core_Salinity,Lasso,RAW,18,-0.086946,41.132913,30.48047
WQI,M2_Core_Salinity,Lasso,RAW,19,0.141083,35.734084,24.147464
WQI,M2_Core_Salinity,Lasso,RAW,20,-1.132581,16.04466,13.122755
WQI,M2_Core_Salinity,Lasso,RAW,21,-0.634469,17.138544,14.758325
WQI,M2_Core_Salinity,Lasso,RAW,22,-0.000344,33.263826,22.25867
WQI,M2_Core_Salinity,Lasso,RAW,23,-0.013919,38.158187,28.067245
WQI,M2_Core_Salinity,Lasso,RAW,24,-5.030791,23.112411,18.463164
WQI,M2_Core_Salinity,Lasso,RAW,25,-0.169924,31.291427,23.78813
WQI,M2_Core_Salinity,HuberRegressor,LOG1P,1,0.337589,12.416846,10.955653
WQI,M2_Core_Salinity,HuberRegressor,LOG1P,2,-0.529015,55.410386,36.942993
WQI,M2_Core_Salinity,HuberRegressor,LOG1P,3,-1.522557,17.425024,15.178232
WQI,M2_Core_Salinity,HuberRegressor,LOG1P,4,-5.802476,22.369465,17.337044
WQI,M2_Core_Salinity,HuberRegressor,LOG1P,5,-0.078036,29.630587,22.008117
WQI,M2_Core_Salinity,HuberRegressor,LOG1P,6,-0.921916,14.050411,12.003467
WQI,M2_Core_Salinity,HuberRegressor,LOG1P,7,-2.995769,64.574284,50.473482
WQI,M2_Core_Salinity,HuberRegressor,LOG1P,8,-0.322404,15.602885,13.585132
WQI,M2_Core_Salinity,HuberRegressor,LOG1P,9,-0.507207,16.840146,14.670332
WQI,M2_Core_Salinity,HuberRegressor,LOG1P,10,-0.086169,46.920988,28.065503
WQI,M2_Core_Salinity,HuberRegressor,LOG1P,11,-0.269937,34.032435,19.23522
WQI,M2_Core_Salinity,HuberRegressor,LOG1P,12,-2.632456,22.405841,19.750301
WQI,M2_Core_Salinity,HuberRegressor,LOG1P,13,0.054025,26.87867,17.301977
WQI,M2_Core_Salinity,HuberRegressor,LOG1P,14,-0.02145,40.675529,23.497521
WQI,M2_Core_Salinity,HuberRegressor,LOG1P,15,0.045463,14.464655,11.780292
WQI,M2_Core_Salinity,HuberRegressor,LOG1P,16,-0.092173,13.413845,10.811486
WQI,M2_Core_Salinity,HuberRegressor,LOG1P,17,-0.784087,14.218959,12.397405
WQI,M2_Core_Salinity,HuberRegressor,LOG1P,18,-0.264954,44.373397,30.278522
WQI,M2_Core_Salinity,HuberRegressor,LOG1P,19,-0.003912,38.6327,22.211901
WQI,M2_Core_Salinity,HuberRegressor,LOG1P,20,-0.951375,15.347867,13.660215
WQI,M2_Core_Salinity,HuberRegressor,LOG1P,21,-0.083361,13.953149,10.544913
WQI,M2_Core_Salinity,HuberRegressor,LOG1P,22,-0.293521,37.825465,26.19834
WQI,M2_Core_Salinity,HuberRegressor,LOG1P,23,-0.283269,42.928418,25.669716
WQI,M2_Core_Salinity,HuberRegressor,LOG1P,24,-0.630051,12.015966,9.417503
WQI,M2_Core_Salinity,HuberRegressor,LOG1P,25,0.103711,27.388648,17.690254
WQI,M2_Core_Salinity,HuberRegressor,RAW,1,0.254911,13.168962,11.372647
WQI,M2_Core_Salinity,HuberRegressor,RAW,2,-0.482955,54.569409,35.425884
WQI,M2_Core_Salinity,HuberRegressor,RAW,3,-2.459788,20.406928,16.869154
WQI,M2_Core_Salinity,HuberRegressor,RAW,4,-2.915559,16.97145,15.018132
WQI,M2_Core_Salinity,HuberRegressor,RAW,5,-0.161071,30.750559,22.230857
WQI,M2_Core_Salinity,HuberRegressor,RAW,6,-0.712699,13.263628,11.681796
WQI,M2_Core_Salinity,HuberRegressor,RAW,7,-0.606403,40.943656,32.792135
WQI,M2_Core_Salinity,HuberRegressor,RAW,8,-0.229306,15.043638,12.76312
WQI,M2_Core_Salinity,HuberRegressor,RAW,9,-0.635449,17.541952,15.144969
WQI,M2_Core_Salinity,HuberRegressor,RAW,10,-0.122362,47.696325,29.381968
WQI,M2_Core_Salinity,HuberRegressor,RAW,11,-0.173364,32.712834,18.206598
WQI,M2_Core_Salinity,HuberRegressor,RAW,12,-1.433462,18.338902,17.060606
WQI,M2_Core_Salinity,HuberRegressor,RAW,13,0.01678,27.402687,16.54328
WQI,M2_Core_Salinity,HuberRegressor,RAW,14,-0.00834,40.413673,23.791672
WQI,M2_Core_Salinity,HuberRegressor,RAW,15,0.110145,13.965976,11.591358
WQI,M2_Core_Salinity,HuberRegressor,RAW,16,-0.222574,14.192055,10.61974
WQI,M2_Core_Salinity,HuberRegressor,RAW,17,-0.374993,12.482743,10.869763
WQI,M2_Core_Salinity,HuberRegressor,RAW,18,-0.27136,44.485625,30.822971
WQI,M2_Core_Salinity,HuberRegressor,RAW,19,-0.019581,38.933017,22.197133
WQI,M2_Core_Salinity,HuberRegressor,RAW,20,-0.637989,14.061549,12.127161
WQI,M2_Core_Salinity,HuberRegressor,RAW,21,0.021306,13.262003,11.148329
WQI,M2_Core_Salinity,HuberRegressor,RAW,22,-0.264645,37.400884,26.036124
WQI,M2_Core_Salinity,HuberRegressor,RAW,23,-0.151684,40.667985,24.169841
WQI,M2_Core_Salinity,HuberRegressor,RAW,24,-0.688002,12.227694,9.940529
WQI,M2_Core_Salinity,HuberRegressor,RAW,25,0.057458,28.086452,17.684325
WQI,M2_Core_Salinity,SVR_RBF,LOG1P,1,-0.077293,15.834871,12.723423
WQI,M2_Core_Salinity,SVR_RBF,LOG1P,2,-0.54796,55.7526,34.780842
WQI,M2_Core_Salinity,SVR_RBF,LOG1P,3,-1.091659,15.867129,12.441575
WQI,M2_Core_Salinity,SVR_RBF,LOG1P,4,-2.116531,15.141113,11.11408
WQI,M2_Core_Salinity,SVR_RBF,LOG1P,5,-0.351853,33.180921,23.735144
WQI,M2_Core_Salinity,SVR_RBF,LOG1P,6,-1.217439,15.092031,12.198273
WQI,M2_Core_Salinity,SVR_RBF,LOG1P,7,-0.368288,37.787499,26.984413
WQI,M2_Core_Salinity,SVR_RBF,LOG1P,8,-0.719277,17.790808,16.123936
WQI,M2_Core_Salinity,SVR_RBF,LOG1P,9,0.099638,13.01571,10.305682
WQI,M2_Core_Salinity,SVR_RBF,LOG1P,10,-0.289211,51.118774,28.667053
WQI,M2_Core_Salinity,SVR_RBF,LOG1P,11,-0.253553,33.812185,17.933688
WQI,M2_Core_Salinity,SVR_RBF,LOG1P,12,-1.934562,20.138758,16.718877
WQI,M2_Core_Salinity,SVR_RBF,LOG1P,13,-0.274682,31.201015,17.696903
WQI,M2_Core_Salinity,SVR_RBF,LOG1P,14,-0.150021,43.159619,27.299881
WQI,M2_Core_Salinity,SVR_RBF,LOG1P,15,-0.149645,15.874266,11.601339
WQI,M2_Core_Salinity,SVR_RBF,LOG1P,16,0.18459,11.59033,9.450329
WQI,M2_Core_Salinity,SVR_RBF,LOG1P,17,-1.32817,16.243032,13.013497
WQI,M2_Core_Salinity,SVR_RBF,LOG1P,18,-0.369234,46.166215,31.691676
WQI,M2_Core_Salinity,SVR_RBF,LOG1P,19,-0.126286,40.919606,25.429374
WQI,M2_Core_Salinity,SVR_RBF,LOG1P,20,-0.655179,14.135143,11.86587
WQI,M2_Core_Salinity,SVR_RBF,LOG1P,21,-0.277003,15.148919,10.226211
WQI,M2_Core_Salinity,SVR_RBF,LOG1P,22,-0.334445,38.419158,27.094394
WQI,M2_Core_Salinity,SVR_RBF,LOG1P,23,-0.260185,42.540568,24.912853
WQI,M2_Core_Salinity,SVR_RBF,LOG1P,24,-0.853691,12.813767,8.772625
WQI,M2_Core_Salinity,SVR_RBF,LOG1P,25,-0.103695,30.392819,18.684054
WQI,M2_Core_Salinity,SVR_RBF,RAW,1,0.00257,15.236622,12.5064
WQI,M2_Core_Salinity,SVR_RBF,RAW,2,-0.25715,50.243373,32.367463
WQI,M2_Core_Salinity,SVR_RBF,RAW,3,-0.733384,14.444428,12.155695
WQI,M2_Core_Salinity,SVR_RBF,RAW,4,-0.428764,10.251851,8.800867
WQI,M2_Core_Salinity,SVR_RBF,RAW,5,-0.281982,32.312059,21.661072
WQI,M2_Core_Salinity,SVR_RBF,RAW,6,-0.116634,10.709699,9.365156
WQI,M2_Core_Salinity,SVR_RBF,RAW,7,-0.141981,34.521428,22.176704
WQI,M2_Core_Salinity,SVR_RBF,RAW,8,-0.239491,15.105827,11.727476
WQI,M2_Core_Salinity,SVR_RBF,RAW,9,-0.000834,13.722727,10.946425
WQI,M2_Core_Salinity,SVR_RBF,RAW,10,-0.149041,48.259861,30.162646
WQI,M2_Core_Salinity,SVR_RBF,RAW,11,-0.143608,32.295385,16.840807
WQI,M2_Core_Salinity,SVR_RBF,RAW,12,-0.165237,12.690192,10.98116
WQI,M2_Core_Salinity,SVR_RBF,RAW,13,-0.282818,31.300441,18.172259
WQI,M2_Core_Salinity,SVR_RBF,RAW,14,-0.047133,41.183736,27.531201
WQI,M2_Core_Salinity,SVR_RBF,RAW,15,0.010386,14.728031,11.33811
WQI,M2_Core_Salinity,SVR_RBF,RAW,16,0.014508,12.741901,9.879295
WQI,M2_Core_Salinity,SVR_RBF,RAW,17,-0.753736,14.097493,10.6534
WQI,M2_Core_Salinity,SVR_RBF,RAW,18,-0.298089,44.950819,32.958448
WQI,M2_Core_Salinity,SVR_RBF,RAW,19,-0.039835,39.317812,23.855747
WQI,M2_Core_Salinity,SVR_RBF,RAW,20,-0.021111,11.102332,8.731276
WQI,M2_Core_Salinity,SVR_RBF,RAW,21,-0.02294,13.558469,10.037637
WQI,M2_Core_Salinity,SVR_RBF,RAW,22,-0.204702,36.503727,27.006673
WQI,M2_Core_Salinity,SVR_RBF,RAW,23,-0.047769,38.789919,20.694844
WQI,M2_Core_Salinity,SVR_RBF,RAW,24,-0.02234,9.516031,7.607116
WQI,M2_Core_Salinity,SVR_RBF,RAW,25,-0.151844,31.04869,19.714501
WQI,M3_Core_IonRatios,Ridge,LOG1P,1,-2.641035,29.111193,20.210915
WQI,M3_Core_IonRatios,Ridge,LOG1P,2,-0.553486,55.852018,37.931441
WQI,M3_Core_IonRatios,Ridge,LOG1P,3,-2.180729,19.56664,16.26838
WQI,M3_Core_IonRatios,Ridge,LOG1P,4,-2.965306,17.078921,14.537069
WQI,M3_Core_IonRatios,Ridge,LOG1P,5,0.005382,28.46111,21.344895
WQI,M3_Core_IonRatios,Ridge,LOG1P,6,-1.473972,15.941134,15.096522
WQI,M3_Core_IonRatios,Ridge,LOG1P,7,-0.575038,40.541974,30.977246
WQI,M3_Core_IonRatios,Ridge,LOG1P,8,-0.175489,14.710656,13.568602
WQI,M3_Core_IonRatios,Ridge,LOG1P,9,-0.054666,14.086946,11.352916
WQI,M3_Core_IonRatios,Ridge,LOG1P,10,-0.073339,46.643033,27.827897
WQI,M3_Core_IonRatios,Ridge,LOG1P,11,-0.317995,34.670389,19.536783
WQI,M3_Core_IonRatios,Ridge,LOG1P,12,-2.285099,21.307639,19.529087
WQI,M3_Core_IonRatios,Ridge,LOG1P,13,0.026256,27.270316,21.003073
WQI,M3_Core_IonRatios,Ridge,LOG1P,14,-0.570961,50.443762,33.639437
WQI,M3_Core_IonRatios,Ridge,LOG1P,15,0.23656,12.935977,10.755302
WQI,M3_Core_IonRatios,Ridge,LOG1P,16,-0.234561,14.261456,11.693545
WQI,M3_Core_IonRatios,Ridge,LOG1P,17,-1.258789,15.999177,13.64833
WQI,M3_Core_IonRatios,Ridge,LOG1P,18,-0.302445,45.026174,31.751667
WQI,M3_Core_IonRatios,Ridge,LOG1P,19,-0.046419,39.44209,24.521927
WQI,M3_Core_IonRatios,Ridge,LOG1P,20,-0.238483,12.227079,9.45684
WQI,M3_Core_IonRatios,Ridge,LOG1P,21,0.03187,13.190234,10.655487
WQI,M3_Core_IonRatios,Ridge,LOG1P,22,-0.342263,38.531534,27.627853
WQI,M3_Core_IonRatios,Ridge,LOG1P,23,-0.375851,44.450003,29.966939
WQI,M3_Core_IonRatios,Ridge,LOG1P,24,-2.265596,17.007455,13.459811
WQI,M3_Core_IonRatios,Ridge,LOG1P,25,0.027158,28.534323,21.200532
WQI,M3_Core_IonRatios,Ridge,RAW,1,-5.224594,38.063004,29.762913
WQI,M3_Core_IonRatios,Ridge,RAW,2,-0.410232,53.214556,37.974284
WQI,M3_Core_IonRatios,Ridge,RAW,3,-6.531026,30.107865,26.583042
WQI,M3_Core_IonRatios,Ridge,RAW,4,-5.62562,22.07676,19.14547
WQI,M3_Core_IonRatios,Ridge,RAW,5,0.036175,28.017065,21.776062
WQI,M3_Core_IonRatios,Ridge,RAW,6,-6.319387,27.419481,24.75646
WQI,M3_Core_IonRatios,Ridge,RAW,7,-0.250075,36.118315,28.286646
WQI,M3_Core_IonRatios,Ridge,RAW,8,-1.029924,19.331373,15.205866
WQI,M3_Core_IonRatios,Ridge,RAW,9,-0.785347,18.328234,17.285008
WQI,M3_Core_IonRatios,Ridge,RAW,10,0.004687,44.915706,29.374254
WQI,M3_Core_IonRatios,Ridge,RAW,11,-0.141805,32.269922,22.00455
WQI,M3_Core_IonRatios,Ridge,RAW,12,-2.965734,23.411155,21.724153
WQI,M3_Core_IonRatios,Ridge,RAW,13,-0.634809,35.334695,31.363125
WQI,M3_Core_IonRatios,Ridge,RAW,14,-0.577611,50.550407,36.410689
WQI,M3_Core_IonRatios,Ridge,RAW,15,0.250792,12.814833,11.119018
WQI,M3_Core_IonRatios,Ridge,RAW,16,-1.200705,19.040949,17.999806
WQI,M3_Core_IonRatios,Ridge,RAW,17,-2.308763,19.36389,17.003963
WQI,M3_Core_IonRatios,Ridge,RAW,18,-0.145807,42.231952,32.4059
WQI,M3_Core_IonRatios,Ridge,RAW,19,-0.024784,39.032237,27.80684
WQI,M3_Core_IonRatios,Ridge,RAW,20,-1.161336,16.152465,13.283309
WQI,M3_Core_IonRatios,Ridge,RAW,21,-0.340624,15.521694,13.713469
WQI,M3_Core_IonRatios,Ridge,RAW,22,-0.112876,35.084951,25.233302
WQI,M3_Core_IonRatios,Ridge,RAW,23,-0.55876,47.312472,33.601064
WQI,M3_Core_IonRatios,Ridge,RAW,24,-8.744074,29.378418,26.942549
WQI,M3_Core_IonRatios,Ridge,RAW,25,-0.327752,33.335346,28.456576
WQI,M3_Core_IonRatios,Lasso,LOG1P,1,-0.180457,16.575727,14.217871
WQI,M3_Core_IonRatios,Lasso,LOG1P,2,-0.383176,52.701614,33.915483
WQI,M3_Core_IonRatios,Lasso,LOG1P,3,-0.485197,13.370415,10.648439
WQI,M3_Core_IonRatios,Lasso,LOG1P,4,-0.736041,11.300615,9.500682
WQI,M3_Core_IonRatios,Lasso,LOG1P,5,-0.18483,31.063591,21.091909
WQI,M3_Core_IonRatios,Lasso,LOG1P,6,-0.580174,12.740143,11.519872
WQI,M3_Core_IonRatios,Lasso,LOG1P,7,-0.129587,34.333589,21.411221
WQI,M3_Core_IonRatios,Lasso,LOG1P,8,-0.38083,15.943842,14.569842
WQI,M3_Core_IonRatios,Lasso,LOG1P,9,0.141462,12.70981,9.954962
WQI,M3_Core_IonRatios,Lasso,LOG1P,10,-0.127557,47.806562,29.881489
WQI,M3_Core_IonRatios,Lasso,LOG1P,11,-0.253114,33.806263,19.235559
WQI,M3_Core_IonRatios,Lasso,LOG1P,12,-0.618566,14.956371,13.591724
WQI,M3_Core_IonRatios,Lasso,LOG1P,13,-0.09317,28.894272,19.398291
WQI,M3_Core_IonRatios,Lasso,LOG1P,14,-0.100943,42.228649,28.708621
WQI,M3_Core_IonRatios,Lasso,LOG1P,15,0.15261,13.628669,11.174943
WQI,M3_Core_IonRatios,Lasso,LOG1P,16,0.273254,10.942056,7.788695
WQI,M3_Core_IonRatios,Lasso,LOG1P,17,-0.629895,13.590632,11.319621
WQI,M3_Core_IonRatios,Lasso,LOG1P,18,-0.322901,45.378389,32.9621
WQI,M3_Core_IonRatios,Lasso,LOG1P,19,0.004801,38.464674,23.619256
WQI,M3_Core_IonRatios,Lasso,LOG1P,20,0.060125,10.651551,8.44516
WQI,M3_Core_IonRatios,Lasso,LOG1P,21,-0.050295,13.738562,11.144893
WQI,M3_Core_IonRatios,Lasso,LOG1P,22,-0.205316,36.513032,26.240028
WQI,M3_Core_IonRatios,Lasso,LOG1P,23,-0.093054,39.619305,24.851119
WQI,M3_Core_IonRatios,Lasso,LOG1P,24,-0.195917,10.29221,7.992182
WQI,M3_Core_IonRatios,Lasso,LOG1P,25,-0.012296,29.107194,18.082333
WQI,M3_Core_IonRatios,Lasso,RAW,1,-6.66621,42.241363,32.154988
WQI,M3_Core_IonRatios,Lasso,RAW,2,-0.414552,53.296009,37.950071
WQI,M3_Core_IonRatios,Lasso,RAW,3,-6.739713,30.522164,26.807163
WQI,M3_Core_IonRatios,Lasso,RAW,4,-5.924,22.568392,19.436801
WQI,M3_Core_IonRatios,Lasso,RAW,5,0.017621,28.285459,22.211883
WQI,M3_Core_IonRatios,Lasso,RAW,6,-6.841163,28.379981,25.615207
WQI,M3_Core_IonRatios,Lasso,RAW,7,-0.281024,36.562683,29.163689
WQI,M3_Core_IonRatios,Lasso,RAW,8,-1.249146,20.348462,15.849553
WQI,M3_Core_IonRatios,Lasso,RAW,9,-0.780212,18.301858,17.281022
WQI,M3_Core_IonRatios,Lasso,RAW,10,-0.013073,45.314658,29.56642
WQI,M3_Core_IonRatios,Lasso,RAW,11,-0.138806,32.227514,21.374698
WQI,M3_Core_IonRatios,Lasso,RAW,12,-3.141802,23.925209,22.17833
WQI,M3_Core_IonRatios,Lasso,RAW,13,-0.656999,35.573692,31.588399
WQI,M3_Core_IonRatios,Lasso,RAW,14,-0.665186,51.934516,37.302395
WQI,M3_Core_IonRatios,Lasso,RAW,15,0.246007,12.855692,11.208834
WQI,M3_Core_IonRatios,Lasso,RAW,16,-1.224183,19.142248,17.837692
WQI,M3_Core_IonRatios,Lasso,RAW,17,-2.657586,20.35903,17.57309
WQI,M3_Core_IonRatios,Lasso,RAW,18,-0.230436,43.763784,33.299408
WQI,M3_Core_IonRatios,Lasso,RAW,19,-0.02427,39.022431,27.705635
WQI,M3_Core_IonRatios,Lasso,RAW,20,-1.268864,16.549387,13.537376
WQI,M3_Core_IonRatios,Lasso,RAW,21,-0.351491,15.584479,13.820983
WQI,M3_Core_IonRatios,Lasso,RAW,22,-0.177757,36.093189,25.748511
WQI,M3_Core_IonRatios,Lasso,RAW,23,-0.619392,48.223878,34.041251
WQI,M3_Core_IonRatios,Lasso,RAW,24,-9.089794,29.895049,27.37899
WQI,M3_Core_IonRatios,Lasso,RAW,25,-0.500044,35.432237,30.964981
WQI,M3_Core_IonRatios,HuberRegressor,LOG1P,1,-1.491755,24.082426,17.363711
WQI,M3_Core_IonRatios,HuberRegressor,LOG1P,2,-0.571564,56.176066,37.759268
WQI,M3_Core_IonRatios,HuberRegressor,LOG1P,3,-2.207465,19.6487,16.274639
WQI,M3_Core_IonRatios,HuberRegressor,LOG1P,4,-6.371283,23.285931,18.32134
WQI,M3_Core_IonRatios,HuberRegressor,LOG1P,5,-0.240216,31.781352,22.46882
WQI,M3_Core_IonRatios,HuberRegressor,LOG1P,6,-0.778507,13.516044,11.632697
WQI,M3_Core_IonRatios,HuberRegressor,LOG1P,7,-0.817615,43.552224,34.631168
WQI,M3_Core_IonRatios,HuberRegressor,LOG1P,8,-0.39276,16.012564,13.717525
WQI,M3_Core_IonRatios,HuberRegressor,LOG1P,9,-0.102707,14.404209,11.315006
WQI,M3_Core_IonRatios,HuberRegressor,LOG1P,10,-0.161422,48.519162,28.949519
WQI,M3_Core_IonRatios,HuberRegressor,LOG1P,11,-0.356672,35.175421,17.670242
WQI,M3_Core_IonRatios,HuberRegressor,LOG1P,12,-2.967268,23.415683,20.145788
WQI,M3_Core_IonRatios,HuberRegressor,LOG1P,13,-0.096562,28.939065,23.347257
WQI,M3_Core_IonRatios,HuberRegressor,LOG1P,14,-0.394304,47.522959,32.441141
WQI,M3_Core_IonRatios,HuberRegressor,LOG1P,15,0.023494,14.630165,11.199645
WQI,M3_Core_IonRatios,HuberRegressor,LOG1P,16,-0.428538,15.340995,11.938191
WQI,M3_Core_IonRatios,HuberRegressor,LOG1P,17,-1.269288,16.036316,12.629379
WQI,M3_Core_IonRatios,HuberRegressor,LOG1P,18,-0.430063,47.18055,32.451703
WQI,M3_Core_IonRatios,HuberRegressor,LOG1P,19,0.036617,37.84484,24.97813
WQI,M3_Core_IonRatios,HuberRegressor,LOG1P,20,-1.221105,16.374283,14.883308
WQI,M3_Core_IonRatios,HuberRegressor,LOG1P,21,-0.034378,13.634059,10.603734
WQI,M3_Core_IonRatios,HuberRegressor,LOG1P,22,-0.454805,40.114353,28.416974
WQI,M3_Core_IonRatios,HuberRegressor,LOG1P,23,-0.329792,43.699641,28.251485
WQI,M3_Core_IonRatios,HuberRegressor,LOG1P,24,-2.098726,16.567222,13.387073
WQI,M3_Core_IonRatios,HuberRegressor,LOG1P,25,-0.001084,28.945546,21.296327
WQI,M3_Core_IonRatios,HuberRegressor,RAW,1,-1.651683,24.843247,18.592269
WQI,M3_Core_IonRatios,HuberRegressor,RAW,2,-0.489698,54.69333,35.710847
WQI,M3_Core_IonRatios,HuberRegressor,RAW,3,-3.22849,22.560336,17.929837
WQI,M3_Core_IonRatios,HuberRegressor,RAW,4,-3.574292,18.343577,16.165761
WQI,M3_Core_IonRatios,HuberRegressor,RAW,5,-0.212211,31.420474,22.287411
WQI,M3_Core_IonRatios,HuberRegressor,RAW,6,-1.393113,15.67846,14.921753
WQI,M3_Core_IonRatios,HuberRegressor,RAW,7,-0.239724,35.968466,27.631232
WQI,M3_Core_IonRatios,HuberRegressor,RAW,8,-0.300898,15.475488,13.110372
WQI,M3_Core_IonRatios,HuberRegressor,RAW,9,-0.253844,15.359643,12.741437
WQI,M3_Core_IonRatios,HuberRegressor,RAW,10,-0.155286,48.390835,29.529662
WQI,M3_Core_IonRatios,HuberRegressor,RAW,11,-0.248211,33.740061,18.137272
WQI,M3_Core_IonRatios,HuberRegressor,RAW,12,-1.731628,19.429959,17.882403
WQI,M3_Core_IonRatios,HuberRegressor,RAW,13,-0.206782,30.358638,24.035809
WQI,M3_Core_IonRatios,HuberRegressor,RAW,14,-0.239452,44.806352,31.405229
WQI,M3_Core_IonRatios,HuberRegressor,RAW,15,0.108345,13.980096,11.288899
WQI,M3_Core_IonRatios,HuberRegressor,RAW,16,-0.385837,15.109977,12.85105
WQI,M3_Core_IonRatios,HuberRegressor,RAW,17,-0.666345,13.741756,11.544683
WQI,M3_Core_IonRatios,HuberRegressor,RAW,18,-0.412229,46.885429,32.302976
WQI,M3_Core_IonRatios,HuberRegressor,RAW,19,-0.050559,39.520039,25.717577
WQI,M3_Core_IonRatios,HuberRegressor,RAW,20,-0.852364,14.953431,13.100434
WQI,M3_Core_IonRatios,HuberRegressor,RAW,21,-0.003975,13.432199,10.81723
WQI,M3_Core_IonRatios,HuberRegressor,RAW,22,-0.395615,39.289841,27.571117
WQI,M3_Core_IonRatios,HuberRegressor,RAW,23,-0.300496,43.215612,28.561589
WQI,M3_Core_IonRatios,HuberRegressor,RAW,24,-1.683369,15.416945,13.312961
WQI,M3_Core_IonRatios,HuberRegressor,RAW,25,-0.049988,29.64412,22.040489
WQI,M3_Core_IonRatios,SVR_RBF,LOG1P,1,-0.129973,16.217412,12.810462
WQI,M3_Core_IonRatios,SVR_RBF,LOG1P,2,-0.498065,54.846705,34.633304
WQI,M3_Core_IonRatios,SVR_RBF,LOG1P,3,-1.320044,16.710945,13.501292
WQI,M3_Core_IonRatios,SVR_RBF,LOG1P,4,-1.510977,13.590751,10.35973
WQI,M3_Core_IonRatios,SVR_RBF,LOG1P,5,-0.381736,33.545651,24.451362
WQI,M3_Core_IonRatios,SVR_RBF,LOG1P,6,-2.254778,18.284478,15.281175
WQI,M3_Core_IonRatios,SVR_RBF,LOG1P,7,-0.381638,37.971401,26.827801
WQI,M3_Core_IonRatios,SVR_RBF,LOG1P,8,-0.868223,18.545442,16.34097
WQI,M3_Core_IonRatios,SVR_RBF,LOG1P,9,0.087404,13.10384,10.400794
WQI,M3_Core_IonRatios,SVR_RBF,LOG1P,10,-0.259873,50.533769,28.802441
WQI,M3_Core_IonRatios,SVR_RBF,LOG1P,11,-0.339014,34.945755,18.525312
WQI,M3_Core_IonRatios,SVR_RBF,LOG1P,12,-1.967929,20.252928,16.723158
WQI,M3_Core_IonRatios,SVR_RBF,LOG1P,13,-0.382187,32.490113,19.137833
WQI,M3_Core_IonRatios,SVR_RBF,LOG1P,14,-0.218256,44.421584,29.348068
WQI,M3_Core_IonRatios,SVR_RBF,LOG1P,15,-0.124621,15.700551,11.743298
WQI,M3_Core_IonRatios,SVR_RBF,LOG1P,16,-0.19412,14.025926,11.532225
WQI,M3_Core_IonRatios,SVR_RBF,LOG1P,17,-1.23737,15.923138,13.12253
WQI,M3_Core_IonRatios,SVR_RBF,LOG1P,18,-0.515607,48.571183,35.000467
WQI,M3_Core_IonRatios,SVR_RBF,LOG1P,19,-0.197597,42.195151,26.681727
WQI,M3_Core_IonRatios,SVR_RBF,LOG1P,20,-0.419862,13.091844,9.837675
WQI,M3_Core_IonRatios,SVR_RBF,LOG1P,21,-0.489134,16.35884,12.359359
WQI,M3_Core_IonRatios,SVR_RBF,LOG1P,22,-0.337532,38.463566,26.4025
WQI,M3_Core_IonRatios,SVR_RBF,LOG1P,23,-0.267096,42.65706,25.025521
WQI,M3_Core_IonRatios,SVR_RBF,LOG1P,24,-1.792964,15.728626,11.092735
WQI,M3_Core_IonRatios,SVR_RBF,LOG1P,25,-0.218126,31.929541,21.166225
WQI,M3_Core_IonRatios,SVR_RBF,RAW,1,-0.022646,15.428023,12.660737
WQI,M3_Core_IonRatios,SVR_RBF,RAW,2,-0.250729,50.114889,32.339585
WQI,M3_Core_IonRatios,SVR_RBF,RAW,3,-0.804185,14.73647,12.479024
WQI,M3_Core_IonRatios,SVR_RBF,RAW,4,-0.446875,10.316624,8.680257
WQI,M3_Core_IonRatios,SVR_RBF,RAW,5,-0.290805,32.423055,21.599756
WQI,M3_Core_IonRatios,SVR_RBF,RAW,6,-0.052908,10.399612,9.152657
WQI,M3_Core_IonRatios,SVR_RBF,RAW,7,-0.129978,34.339536,22.169921
WQI,M3_Core_IonRatios,SVR_RBF,RAW,8,-0.266574,15.269965,11.878322
WQI,M3_Core_IonRatios,SVR_RBF,RAW,9,-0.005989,13.758018,10.927743
WQI,M3_Core_IonRatios,SVR_RBF,RAW,10,-0.152235,48.326898,30.214591
WQI,M3_Core_IonRatios,SVR_RBF,RAW,11,-0.127625,32.068916,16.88294
WQI,M3_Core_IonRatios,SVR_RBF,RAW,12,-0.11304,12.402708,10.817866
WQI,M3_Core_IonRatios,SVR_RBF,RAW,13,-0.296429,31.466045,18.279912
WQI,M3_Core_IonRatios,SVR_RBF,RAW,14,-0.061071,41.456918,27.830618
WQI,M3_Core_IonRatios,SVR_RBF,RAW,15,-0.004556,14.838806,11.390639
WQI,M3_Core_IonRatios,SVR_RBF,RAW,16,-0.036733,13.068963,10.182285
WQI,M3_Core_IonRatios,SVR_RBF,RAW,17,-0.784883,14.222132,10.903119
WQI,M3_Core_IonRatios,SVR_RBF,RAW,18,-0.308289,45.127077,33.243312
WQI,M3_Core_IonRatios,SVR_RBF,RAW,19,-0.045216,39.419416,23.98743
WQI,M3_Core_IonRatios,SVR_RBF,RAW,20,-0.033834,11.171286,8.731136
WQI,M3_Core_IonRatios,SVR_RBF,RAW,21,-0.030834,13.610687,10.235755
WQI,M3_Core_IonRatios,SVR_RBF,RAW,22,-0.187385,36.240423,26.957847
WQI,M3_Core_IonRatios,SVR_RBF,RAW,23,-0.052818,38.883267,20.952333
WQI,M3_Core_IonRatios,SVR_RBF,RAW,24,-0.04606,9.62579,7.679993
WQI,M3_Core_IonRatios,SVR_RBF,RAW,25,-0.163476,31.205068,19.78996
WQI,M4_Core_IonExchange,Ridge,LOG1P,1,0.022886,15.080653,12.888386
WQI,M4_Core_IonExchange,Ridge,LOG1P,2,-0.588859,56.484315,38.095964
WQI,M4_Core_IonExchange,Ridge,LOG1P,3,-2.184657,19.578717,16.580555
WQI,M4_Core_IonExchange,Ridge,LOG1P,4,-3.231707,17.643301,14.756965
WQI,M4_Core_IonExchange,Ridge,LOG1P,5,0.05272,27.775566,20.883748
WQI,M4_Core_IonExchange,Ridge,LOG1P,6,-1.414536,15.748482,14.869175
WQI,M4_Core_IonExchange,Ridge,LOG1P,7,-0.735655,42.558968,31.923727
WQI,M4_Core_IonExchange,Ridge,LOG1P,8,-0.223099,15.005609,13.83936
WQI,M4_Core_IonExchange,Ridge,LOG1P,9,0.218398,12.126963,9.268294
WQI,M4_Core_IonExchange,Ridge,LOG1P,10,-0.064489,46.450336,28.002118
WQI,M4_Core_IonExchange,Ridge,LOG1P,11,-0.204256,33.140674,19.473919
WQI,M4_Core_IonExchange,Ridge,LOG1P,12,-2.562426,22.18881,19.784847
WQI,M4_Core_IonExchange,Ridge,LOG1P,13,0.030516,27.210605,21.19341
WQI,M4_Core_IonExchange,Ridge,LOG1P,14,0.045524,39.319434,23.446012
WQI,M4_Core_IonExchange,Ridge,LOG1P,15,0.210635,13.153783,11.558536
WQI,M4_Core_IonExchange,Ridge,LOG1P,16,-0.273885,14.486809,11.873807
WQI,M4_Core_IonExchange,Ridge,LOG1P,17,-1.61322,17.208687,14.485963
WQI,M4_Core_IonExchange,Ridge,LOG1P,18,-0.136336,42.057055,30.35046
WQI,M4_Core_IonExchange,Ridge,LOG1P,19,-0.041189,39.343411,23.179869
WQI,M4_Core_IonExchange,Ridge,LOG1P,20,-0.318167,12.614293,11.283523
WQI,M4_Core_IonExchange,Ridge,LOG1P,21,0.041575,13.123952,10.969595
WQI,M4_Core_IonExchange,Ridge,LOG1P,22,-0.161887,35.849202,25.362245
WQI,M4_Core_IonExchange,Ridge,LOG1P,23,-0.190094,41.340588,27.311989
WQI,M4_Core_IonExchange,Ridge,LOG1P,24,-2.379377,17.301208,13.23539
WQI,M4_Core_IonExchange,Ridge,LOG1P,25,0.079842,27.750948,19.234779
WQI,M4_Core_IonExchange,Ridge,RAW,1,-1.557407,24.397622,21.887196
WQI,M4_Core_IonExchange,Ridge,RAW,2,-0.375646,52.557971,35.659383
WQI,M4_Core_IonExchange,Ridge,RAW,3,-6.977061,30.986632,27.744837
WQI,M4_Core_IonExchange,Ridge,RAW,4,-5.270543,21.477051,18.762575
WQI,M4_Core_IonExchange,Ridge,RAW,5,0.03135,28.087117,21.855543
WQI,M4_Core_IonExchange,Ridge,RAW,6,-5.703746,26.241015,23.444847
WQI,M4_Core_IonExchange,Ridge,RAW,7,-0.358736,37.655375,28.706934
WQI,M4_Core_IonExchange,Ridge,RAW,8,-0.7639,18.020209,15.239105
WQI,M4_Core_IonExchange,Ridge,RAW,9,-0.451599,16.526569,14.77705
WQI,M4_Core_IonExchange,Ridge,RAW,10,0.031628,44.303646,30.262294
WQI,M4_Core_IonExchange,Ridge,RAW,11,-0.080809,31.396144,22.775909
WQI,M4_Core_IonExchange,Ridge,RAW,12,-2.967458,23.416246,21.295592
WQI,M4_Core_IonExchange,Ridge,RAW,13,-0.260207,31.023359,24.763273
WQI,M4_Core_IonExchange,Ridge,RAW,14,0.182125,36.397228,24.487555
WQI,M4_Core_IonExchange,Ridge,RAW,15,-0.128591,15.728236,14.577712
WQI,M4_Core_IonExchange,Ridge,RAW,16,-1.102458,18.61107,17.65748
WQI,M4_Core_IonExchange,Ridge,RAW,17,-1.953536,18.294937,16.426852
WQI,M4_Core_IonExchange,Ridge,RAW,18,-0.019805,39.842268,31.54838
WQI,M4_Core_IonExchange,Ridge,RAW,19,0.100987,36.558658,24.89473
WQI,M4_Core_IonExchange,Ridge,RAW,20,-1.815711,18.436216,15.508039
WQI,M4_Core_IonExchange,Ridge,RAW,21,-0.672024,17.334323,16.901192
WQI,M4_Core_IonExchange,Ridge,RAW,22,0.039253,32.598831,23.013725
WQI,M4_Core_IonExchange,Ridge,RAW,23,-0.011571,38.113983,28.802659
WQI,M4_Core_IonExchange,Ridge,RAW,24,-5.614703,24.205458,21.38335
WQI,M4_Core_IonExchange,Ridge,RAW,25,-0.148001,30.99686,24.484873
WQI,M4_Core_IonExchange,Lasso,LOG1P,1,0.069532,14.716288,12.617812
WQI,M4_Core_IonExchange,Lasso,LOG1P,2,-0.333123,51.739282,32.921854
WQI,M4_Core_IonExchange,Lasso,LOG1P,3,-0.281227,12.41841,9.91275
WQI,M4_Core_IonExchange,Lasso,LOG1P,4,-0.604844,10.865219,9.325584
WQI,M4_Core_IonExchange,Lasso,LOG1P,5,-0.125148,30.271114,21.621142
WQI,M4_Core_IonExchange,Lasso,LOG1P,6,-1.07262,14.590888,13.790335
WQI,M4_Core_IonExchange,Lasso,LOG1P,7,-0.0779,33.538888,21.355038
WQI,M4_Core_IonExchange,Lasso,LOG1P,8,-0.356234,15.801203,14.405311
WQI,M4_Core_IonExchange,Lasso,LOG1P,9,0.246782,11.904732,9.545638
WQI,M4_Core_IonExchange,Lasso,LOG1P,10,-0.091264,47.030906,28.995343
WQI,M4_Core_IonExchange,Lasso,LOG1P,11,-0.147134,32.34514,18.911986
WQI,M4_Core_IonExchange,Lasso,LOG1P,12,-0.50572,14.425576,13.322878
WQI,M4_Core_IonExchange,Lasso,LOG1P,13,-0.032287,28.078128,18.600545
WQI,M4_Core_IonExchange,Lasso,LOG1P,14,0.03744,39.485594,26.297959
WQI,M4_Core_IonExchange,Lasso,LOG1P,15,0.148691,13.660144,11.076757
WQI,M4_Core_IonExchange,Lasso,LOG1P,16,0.412559,9.837611,7.47061
WQI,M4_Core_IonExchange,Lasso,LOG1P,17,-0.671245,13.761944,12.006556
WQI,M4_Core_IonExchange,Lasso,LOG1P,18,-0.229067,43.739431,32.085618
WQI,M4_Core_IonExchange,Lasso,LOG1P,19,0.022512,38.120882,23.077413
WQI,M4_Core_IonExchange,Lasso,LOG1P,20,0.098192,10.433617,8.589776
WQI,M4_Core_IonExchange,Lasso,LOG1P,21,-0.002293,13.420941,11.054695
WQI,M4_Core_IonExchange,Lasso,LOG1P,22,-0.123052,35.244998,25.607993
WQI,M4_Core_IonExchange,Lasso,LOG1P,23,-0.005414,37.997813,24.164093
WQI,M4_Core_IonExchange,Lasso,LOG1P,24,-0.371988,11.02385,8.95788
WQI,M4_Core_IonExchange,Lasso,LOG1P,25,0.026711,28.540882,17.524082
WQI,M4_Core_IonExchange,Lasso,RAW,1,-1.592365,24.563803,22.028537
WQI,M4_Core_IonExchange,Lasso,RAW,2,-0.385875,52.753006,35.704008
WQI,M4_Core_IonExchange,Lasso,RAW,3,-7.370412,31.741418,28.370721
WQI,M4_Core_IonExchange,Lasso,RAW,4,-5.356401,21.623587,18.831812
WQI,M4_Core_IonExchange,Lasso,RAW,5,0.021115,28.235115,22.123192
WQI,M4_Core_IonExchange,Lasso,RAW,6,-5.974086,26.764892,23.869624
WQI,M4_Core_IonExchange,Lasso,RAW,7,-0.378779,37.932091,28.834948
WQI,M4_Core_IonExchange,Lasso,RAW,8,-0.891073,18.658511,15.715559
WQI,M4_Core_IonExchange,Lasso,RAW,9,-0.457696,16.56124,14.810594
WQI,M4_Core_IonExchange,Lasso,RAW,10,0.032607,44.281249,30.210371
WQI,M4_Core_IonExchange,Lasso,RAW,11,-0.082866,31.42601,22.915915
WQI,M4_Core_IonExchange,Lasso,RAW,12,-3.049693,23.65768,21.518087
WQI,M4_Core_IonExchange,Lasso,RAW,13,-0.272667,31.176344,24.964973
WQI,M4_Core_IonExchange,Lasso,RAW,14,0.181508,36.410955,24.536765
WQI,M4_Core_IonExchange,Lasso,RAW,15,-0.167102,15.994336,14.832161
WQI,M4_Core_IonExchange,Lasso,RAW,16,-1.118979,18.684047,17.723296
WQI,M4_Core_IonExchange,Lasso,RAW,17,-2.047863,18.584783,16.659756
WQI,M4_Core_IonExchange,Lasso,RAW,18,-0.019231,39.83104,31.643038
WQI,M4_Core_IonExchange,Lasso,RAW,19,0.105001,36.476947,24.957106
WQI,M4_Core_IonExchange,Lasso,RAW,20,-2.022256,19.100439,15.940604
WQI,M4_Core_IonExchange,Lasso,RAW,21,-0.71162,17.538373,17.120802
WQI,M4_Core_IonExchange,Lasso,RAW,22,0.035243,32.666784,22.983209
WQI,M4_Core_IonExchange,Lasso,RAW,23,-0.00838,38.053819,28.853505
WQI,M4_Core_IonExchange,Lasso,RAW,24,-5.730321,24.416083,21.52062
WQI,M4_Core_IonExchange,Lasso,RAW,25,-0.177155,31.387976,24.935812
WQI,M4_Core_IonExchange,HuberRegressor,LOG1P,1,0.203529,13.615464,11.833893
WQI,M4_Core_IonExchange,HuberRegressor,LOG1P,2,-0.618921,57.016171,38.215238
WQI,M4_Core_IonExchange,HuberRegressor,LOG1P,3,-2.482662,20.474275,16.654374
WQI,M4_Core_IonExchange,HuberRegressor,LOG1P,4,-5.599032,22.03242,17.083309
WQI,M4_Core_IonExchange,HuberRegressor,LOG1P,5,-0.144763,30.533842,21.677699
WQI,M4_Core_IonExchange,HuberRegressor,LOG1P,6,-0.720011,13.291911,12.345923
WQI,M4_Core_IonExchange,HuberRegressor,LOG1P,7,-0.78587,43.170232,32.691389
WQI,M4_Core_IonExchange,HuberRegressor,LOG1P,8,-0.348613,15.756745,13.472824
WQI,M4_Core_IonExchange,HuberRegressor,LOG1P,9,0.228906,12.045173,8.625252
WQI,M4_Core_IonExchange,HuberRegressor,LOG1P,10,-0.161113,48.512721,29.281811
WQI,M4_Core_IonExchange,HuberRegressor,LOG1P,11,-0.219993,33.356504,17.82289
WQI,M4_Core_IonExchange,HuberRegressor,LOG1P,12,-3.327634,24.456051,20.627229
WQI,M4_Core_IonExchange,HuberRegressor,LOG1P,13,-0.037521,28.149215,21.079201
WQI,M4_Core_IonExchange,HuberRegressor,LOG1P,14,-0.091445,42.046085,25.570355
WQI,M4_Core_IonExchange,HuberRegressor,LOG1P,15,0.059175,14.360392,10.749468
WQI,M4_Core_IonExchange,HuberRegressor,LOG1P,16,-0.310312,14.692479,11.281183
WQI,M4_Core_IonExchange,HuberRegressor,LOG1P,17,-1.38896,16.453724,13.109598
WQI,M4_Core_IonExchange,HuberRegressor,LOG1P,18,-0.259487,44.277407,30.83022
WQI,M4_Core_IonExchange,HuberRegressor,LOG1P,19,-0.103689,40.507044,22.275743
WQI,M4_Core_IonExchange,HuberRegressor,LOG1P,20,-1.373573,16.926961,15.467667
WQI,M4_Core_IonExchange,HuberRegressor,LOG1P,21,0.000644,13.401264,10.087755
WQI,M4_Core_IonExchange,HuberRegressor,LOG1P,22,-0.298314,37.895479,26.262459
WQI,M4_Core_IonExchange,HuberRegressor,LOG1P,23,-0.237136,42.149727,25.592295
WQI,M4_Core_IonExchange,HuberRegressor,LOG1P,24,-2.807131,18.363567,13.872065
WQI,M4_Core_IonExchange,HuberRegressor,LOG1P,25,0.04544,28.264946,18.796923
WQI,M4_Core_IonExchange,HuberRegressor,RAW,1,0.162828,13.959021,12.322543
WQI,M4_Core_IonExchange,HuberRegressor,RAW,2,-0.501046,54.901245,35.325919
WQI,M4_Core_IonExchange,HuberRegressor,RAW,3,-3.489053,23.245038,18.376556
WQI,M4_Core_IonExchange,HuberRegressor,RAW,4,-2.745903,16.599704,14.641773
WQI,M4_Core_IonExchange,HuberRegressor,RAW,5,-0.167801,30.839558,21.690895
WQI,M4_Core_IonExchange,HuberRegressor,RAW,6,-0.623699,12.914413,12.040124
WQI,M4_Core_IonExchange,HuberRegressor,RAW,7,-0.296815,36.787343,24.939351
WQI,M4_Core_IonExchange,HuberRegressor,RAW,8,-0.229567,15.045235,12.576886
WQI,M4_Core_IonExchange,HuberRegressor,RAW,9,0.263818,11.769334,8.766055
WQI,M4_Core_IonExchange,HuberRegressor,RAW,10,-0.152476,48.331945,29.577174
WQI,M4_Core_IonExchange,HuberRegressor,RAW,11,-0.175094,32.736954,19.023882
WQI,M4_Core_IonExchange,HuberRegressor,RAW,12,-1.51348,18.637977,17.190305
WQI,M4_Core_IonExchange,HuberRegressor,RAW,13,-0.053138,28.360272,19.977503
WQI,M4_Core_IonExchange,HuberRegressor,RAW,14,-0.077139,41.769632,25.272068
WQI,M4_Core_IonExchange,HuberRegressor,RAW,15,0.124993,13.848973,10.972384
WQI,M4_Core_IonExchange,HuberRegressor,RAW,16,-0.26393,14.430094,11.488054
WQI,M4_Core_IonExchange,HuberRegressor,RAW,17,-0.469398,12.904155,10.942209
WQI,M4_Core_IonExchange,HuberRegressor,RAW,18,-0.264253,44.361109,31.330758
WQI,M4_Core_IonExchange,HuberRegressor,RAW,19,-0.066155,39.812315,22.760846
WQI,M4_Core_IonExchange,HuberRegressor,RAW,20,-0.841748,14.91052,13.194206
WQI,M4_Core_IonExchange,HuberRegressor,RAW,21,0.05326,13.043705,10.436044
WQI,M4_Core_IonExchange,HuberRegressor,RAW,22,-0.277234,37.586576,26.24577
WQI,M4_Core_IonExchange,HuberRegressor,RAW,23,-0.107074,39.872586,24.492217
WQI,M4_Core_IonExchange,HuberRegressor,RAW,24,-0.913455,13.01869,10.871722
WQI,M4_Core_IonExchange,HuberRegressor,RAW,25,-0.000281,28.933936,19.526935
WQI,M4_Core_IonExchange,SVR_RBF,LOG1P,1,-0.008267,15.319173,11.809203
WQI,M4_Core_IonExchange,SVR_RBF,LOG1P,2,-0.551124,55.809539,35.144443
WQI,M4_Core_IonExchange,SVR_RBF,LOG1P,3,-0.919535,15.200255,12.054778
WQI,M4_Core_IonExchange,SVR_RBF,LOG1P,4,-1.280852,12.953008,10.741634
WQI,M4_Core_IonExchange,SVR_RBF,LOG1P,5,-0.40657,33.845758,24.960322
WQI,M4_Core_IonExchange,SVR_RBF,LOG1P,6,-1.325963,15.456929,13.22665
WQI,M4_Core_IonExchange,SVR_RBF,LOG1P,7,-0.343138,37.43861,26.768407
WQI,M4_Core_IonExchange,SVR_RBF,LOG1P,8,-0.753939,17.969256,16.581732
WQI,M4_Core_IonExchange,SVR_RBF,LOG1P,9,-0.030026,13.921419,11.433785
WQI,M4_Core_IonExchange,SVR_RBF,LOG1P,10,-0.267748,50.691471,28.292611
WQI,M4_Core_IonExchange,SVR_RBF,LOG1P,11,-0.245241,33.699897,18.04186
WQI,M4_Core_IonExchange,SVR_RBF,LOG1P,12,-1.748768,19.490819,16.955975
WQI,M4_Core_IonExchange,SVR_RBF,LOG1P,13,-0.273981,31.192444,18.158844
WQI,M4_Core_IonExchange,SVR_RBF,LOG1P,14,-0.177131,43.66536,27.979661
WQI,M4_Core_IonExchange,SVR_RBF,LOG1P,15,-0.139205,15.802023,11.506817
WQI,M4_Core_IonExchange,SVR_RBF,LOG1P,16,0.182082,11.608138,9.416181
WQI,M4_Core_IonExchange,SVR_RBF,LOG1P,17,-1.314081,16.193813,12.824541
WQI,M4_Core_IonExchange,SVR_RBF,LOG1P,18,-0.324047,45.398037,31.708611
WQI,M4_Core_IonExchange,SVR_RBF,LOG1P,19,-0.078657,40.045043,25.019774
WQI,M4_Core_IonExchange,SVR_RBF,LOG1P,20,-0.470409,13.32284,10.523141
WQI,M4_Core_IonExchange,SVR_RBF,LOG1P,21,-0.353741,15.597443,11.448939
WQI,M4_Core_IonExchange,SVR_RBF,LOG1P,22,-0.349836,38.64008,27.748046
WQI,M4_Core_IonExchange,SVR_RBF,LOG1P,23,-0.179236,41.151569,24.989464
WQI,M4_Core_IonExchange,SVR_RBF,LOG1P,24,-0.517221,11.592645,8.471719
WQI,M4_Core_IonExchange,SVR_RBF,LOG1P,25,-0.05042,29.650232,16.980783
WQI,M4_Core_IonExchange,SVR_RBF,RAW,1,-0.001893,15.270675,12.511053
WQI,M4_Core_IonExchange,SVR_RBF,RAW,2,-0.251961,50.139576,32.513841
WQI,M4_Core_IonExchange,SVR_RBF,RAW,3,-0.744146,14.489198,12.248613
WQI,M4_Core_IonExchange,SVR_RBF,RAW,4,-0.423682,10.233604,8.63007
WQI,M4_Core_IonExchange,SVR_RBF,RAW,5,-0.289336,32.404596,21.771094
WQI,M4_Core_IonExchange,SVR_RBF,RAW,6,-0.097696,10.618492,9.377431
WQI,M4_Core_IonExchange,SVR_RBF,RAW,7,-0.132176,34.37292,22.110272
WQI,M4_Core_IonExchange,SVR_RBF,RAW,8,-0.263959,15.254193,11.844132
WQI,M4_Core_IonExchange,SVR_RBF,RAW,9,0.026577,13.533497,10.775945
WQI,M4_Core_IonExchange,SVR_RBF,RAW,10,-0.152017,48.322315,30.244767
WQI,M4_Core_IonExchange,SVR_RBF,RAW,11,-0.129251,32.092026,16.884916
WQI,M4_Core_IonExchange,SVR_RBF,RAW,12,-0.113015,12.402566,10.853979
WQI,M4_Core_IonExchange,SVR_RBF,RAW,13,-0.299713,31.505877,18.246715
WQI,M4_Core_IonExchange,SVR_RBF,RAW,14,-0.055833,41.354467,27.750535
WQI,M4_Core_IonExchange,SVR_RBF,RAW,15,-0.002246,14.821731,11.400506
WQI,M4_Core_IonExchange,SVR_RBF,RAW,16,0.003134,12.81522,9.96916
WQI,M4_Core_IonExchange,SVR_RBF,RAW,17,-0.782828,14.213942,10.790478
WQI,M4_Core_IonExchange,SVR_RBF,RAW,18,-0.297694,44.943977,32.930296
WQI,M4_Core_IonExchange,SVR_RBF,RAW,19,-0.036982,39.26384,23.917469
WQI,M4_Core_IonExchange,SVR_RBF,RAW,20,-0.006387,11.021998,8.627291
WQI,M4_Core_IonExchange,SVR_RBF,RAW,21,-0.029708,13.603251,10.137004
WQI,M4_Core_IonExchange,SVR_RBF,RAW,22,-0.188448,36.256637,26.874531
WQI,M4_Core_IonExchange,SVR_RBF,RAW,23,-0.04291,38.699874,20.781334
WQI,M4_Core_IonExchange,SVR_RBF,RAW,24,-0.022132,9.51506,7.562126
WQI,M4_Core_IonExchange,SVR_RBF,RAW,25,-0.145925,30.968814,19.585716
WQI,M5_Core_DepthInteractions,Ridge,LOG1P,1,-0.511424,18.756021,16.45559
WQI,M5_Core_DepthInteractions,Ridge,LOG1P,2,-0.604755,56.76617,37.7188
WQI,M5_Core_DepthInteractions,Ridge,LOG1P,3,-2.270934,19.842152,16.677161
WQI,M5_Core_DepthInteractions,Ridge,LOG1P,4,-2.959935,17.067351,14.09056
WQI,M5_Core_DepthInteractions,Ridge,LOG1P,5,0.098085,27.102317,18.447116
WQI,M5_Core_DepthInteractions,Ridge,LOG1P,6,-2.152586,17.995143,15.802399
WQI,M5_Core_DepthInteractions,Ridge,LOG1P,7,-0.655519,41.564879,31.835549
WQI,M5_Core_DepthInteractions,Ridge,LOG1P,8,-0.350691,15.768879,14.472358
WQI,M5_Core_DepthInteractions,Ridge,LOG1P,9,0.222962,12.091512,9.535173
WQI,M5_Core_DepthInteractions,Ridge,LOG1P,10,-0.129989,47.858091,27.503463
WQI,M5_Core_DepthInteractions,Ridge,LOG1P,11,-0.196217,33.02987,17.103642
WQI,M5_Core_DepthInteractions,Ridge,LOG1P,12,-2.575842,22.23055,19.936703
WQI,M5_Core_DepthInteractions,Ridge,LOG1P,13,0.026976,27.260237,18.645698
WQI,M5_Core_DepthInteractions,Ridge,LOG1P,14,0.040595,39.420831,22.428384
WQI,M5_Core_DepthInteractions,Ridge,LOG1P,15,0.254691,12.781445,11.152497
WQI,M5_Core_DepthInteractions,Ridge,LOG1P,16,-0.464747,15.5342,12.412034
WQI,M5_Core_DepthInteractions,Ridge,LOG1P,17,-1.40924,16.523415,14.132255
WQI,M5_Core_DepthInteractions,Ridge,LOG1P,18,-0.151111,42.32959,29.443302
WQI,M5_Core_DepthInteractions,Ridge,LOG1P,19,-0.098115,40.404627,21.975416
WQI,M5_Core_DepthInteractions,Ridge,LOG1P,20,-0.72848,14.444745,11.65813
WQI,M5_Core_DepthInteractions,Ridge,LOG1P,21,0.106825,12.669337,10.409827
WQI,M5_Core_DepthInteractions,Ridge,LOG1P,22,-0.168859,35.956589,24.517997
WQI,M5_Core_DepthInteractions,Ridge,LOG1P,23,-0.224718,41.937645,26.226847
WQI,M5_Core_DepthInteractions,Ridge,LOG1P,24,-8.298722,28.699197,19.398359
WQI,M5_Core_DepthInteractions,Ridge,LOG1P,25,0.067749,27.932708,17.421134
WQI,M5_Core_DepthInteractions,Ridge,RAW,1,-2.597323,28.93592,24.902524
WQI,M5_Core_DepthInteractions,Ridge,RAW,2,-0.44219,53.81414,36.312535
WQI,M5_Core_DepthInteractions,Ridge,RAW,3,-10.200585,36.717513,32.100362
WQI,M5_Core_DepthInteractions,Ridge,RAW,4,-5.998864,22.690071,19.813932
WQI,M5_Core_DepthInteractions,Ridge,RAW,5,0.110577,26.913975,18.558141
WQI,M5_Core_DepthInteractions,Ridge,RAW,6,-7.078536,28.806348,23.201559
WQI,M5_Core_DepthInteractions,Ridge,RAW,7,-0.362711,37.71041,28.291311
WQI,M5_Core_DepthInteractions,Ridge,RAW,8,-1.237798,20.297064,16.770775
WQI,M5_Core_DepthInteractions,Ridge,RAW,9,-0.726769,18.025051,16.995467
WQI,M5_Core_DepthInteractions,Ridge,RAW,10,-0.013573,45.325852,30.141848
WQI,M5_Core_DepthInteractions,Ridge,RAW,11,-0.021997,30.529993,19.564993
WQI,M5_Core_DepthInteractions,Ridge,RAW,12,-3.166027,23.995075,22.461068
WQI,M5_Core_DepthInteractions,Ridge,RAW,13,-0.629192,35.273938,27.038295
WQI,M5_Core_DepthInteractions,Ridge,RAW,14,0.171586,36.630972,24.848137
WQI,M5_Core_DepthInteractions,Ridge,RAW,15,0.129504,13.813227,12.258097
WQI,M5_Core_DepthInteractions,Ridge,RAW,16,-2.03093,22.345786,20.758587
WQI,M5_Core_DepthInteractions,Ridge,RAW,17,-2.203055,19.052062,16.300233
WQI,M5_Core_DepthInteractions,Ridge,RAW,18,-0.047556,40.380713,31.850549
WQI,M5_Core_DepthInteractions,Ridge,RAW,19,0.072009,37.143173,24.924448
WQI,M5_Core_DepthInteractions,Ridge,RAW,20,-3.178172,22.45799,16.457988
WQI,M5_Core_DepthInteractions,Ridge,RAW,21,-0.556732,16.726018,15.011756
WQI,M5_Core_DepthInteractions,Ridge,RAW,22,0.000816,33.244537,23.974962
WQI,M5_Core_DepthInteractions,Ridge,RAW,23,-0.035911,38.569801,28.123636
WQI,M5_Core_DepthInteractions,Ridge,RAW,24,-13.09449,35.333187,26.661175
WQI,M5_Core_DepthInteractions,Ridge,RAW,25,-0.183813,31.47662,23.461723
WQI,M5_Core_DepthInteractions,Lasso,LOG1P,1,0.010987,15.172197,13.64406
WQI,M5_Core_DepthInteractions,Lasso,LOG1P,2,-0.394595,52.918708,33.859699
WQI,M5_Core_DepthInteractions,Lasso,LOG1P,3,-0.638401,14.043101,11.588278
WQI,M5_Core_DepthInteractions,Lasso,LOG1P,4,-0.750401,11.347255,9.587642
WQI,M5_Core_DepthInteractions,Lasso,LOG1P,5,-0.172596,30.9028,20.663943
WQI,M5_Core_DepthInteractions,Lasso,LOG1P,6,-0.903844,13.984196,13.224232
WQI,M5_Core_DepthInteractions,Lasso,LOG1P,7,-0.108414,34.010293,21.961444
WQI,M5_Core_DepthInteractions,Lasso,LOG1P,8,-0.43048,16.227953,14.913103
WQI,M5_Core_DepthInteractions,Lasso,LOG1P,9,0.099952,13.013442,10.405508
WQI,M5_Core_DepthInteractions,Lasso,LOG1P,10,-0.152297,48.328196,30.43247
WQI,M5_Core_DepthInteractions,Lasso,LOG1P,11,-0.16821,32.640909,17.844351
WQI,M5_Core_DepthInteractions,Lasso,LOG1P,12,-0.686664,15.267763,13.868327
WQI,M5_Core_DepthInteractions,Lasso,LOG1P,13,-0.130853,29.388064,18.325561
WQI,M5_Core_DepthInteractions,Lasso,LOG1P,14,-0.006126,40.36928,26.943573
WQI,M5_Core_DepthInteractions,Lasso,LOG1P,15,0.156036,13.601092,11.013031
WQI,M5_Core_DepthInteractions,Lasso,LOG1P,16,0.258655,11.051417,7.912881
WQI,M5_Core_DepthInteractions,Lasso,LOG1P,17,-0.657643,13.70583,11.650164
WQI,M5_Core_DepthInteractions,Lasso,LOG1P,18,-0.285176,44.726676,32.685008
WQI,M5_Core_DepthInteractions,Lasso,LOG1P,19,-0.020045,38.941878,22.954795
WQI,M5_Core_DepthInteractions,Lasso,LOG1P,20,0.003541,10.967494,8.75129
WQI,M5_Core_DepthInteractions,Lasso,LOG1P,21,0.015358,13.302243,10.517086
WQI,M5_Core_DepthInteractions,Lasso,LOG1P,22,-0.15492,35.741549,26.076237
WQI,M5_Core_DepthInteractions,Lasso,LOG1P,23,-0.046965,38.77503,23.449311
WQI,M5_Core_DepthInteractions,Lasso,LOG1P,24,-1.246559,14.106428,11.218256
WQI,M5_Core_DepthInteractions,Lasso,LOG1P,25,-0.052535,29.680054,18.567683
WQI,M5_Core_DepthInteractions,Lasso,RAW,1,-2.70178,29.353026,25.154276
WQI,M5_Core_DepthInteractions,Lasso,RAW,2,-0.456688,54.083958,36.554085
WQI,M5_Core_DepthInteractions,Lasso,RAW,3,-11.492308,38.777003,33.747822
WQI,M5_Core_DepthInteractions,Lasso,RAW,4,-6.440294,23.394681,20.281446
WQI,M5_Core_DepthInteractions,Lasso,RAW,5,0.11339,26.871382,18.516066
WQI,M5_Core_DepthInteractions,Lasso,RAW,6,-7.66392,29.831773,23.655993
WQI,M5_Core_DepthInteractions,Lasso,RAW,7,-0.411457,38.378958,28.89013
WQI,M5_Core_DepthInteractions,Lasso,RAW,8,-1.433348,21.165324,17.359107
WQI,M5_Core_DepthInteractions,Lasso,RAW,9,-0.749243,18.141968,17.091751
WQI,M5_Core_DepthInteractions,Lasso,RAW,10,-0.011445,45.278227,30.224255
WQI,M5_Core_DepthInteractions,Lasso,RAW,11,-0.01891,30.483855,19.493674
WQI,M5_Core_DepthInteractions,Lasso,RAW,12,-3.440787,24.773711,23.083917
WQI,M5_Core_DepthInteractions,Lasso,RAW,13,-0.721108,36.255335,27.470876
WQI,M5_Core_DepthInteractions,Lasso,RAW,14,0.176106,36.53091,25.070895
WQI,M5_Core_DepthInteractions,Lasso,RAW,15,0.128659,13.81993,12.318332
WQI,M5_Core_DepthInteractions,Lasso,RAW,16,-2.10289,22.609493,21.010857
WQI,M5_Core_DepthInteractions,Lasso,RAW,17,-2.34985,19.483746,16.615266
WQI,M5_Core_DepthInteractions,Lasso,RAW,18,-0.043794,40.308146,31.753693
WQI,M5_Core_DepthInteractions,Lasso,RAW,19,0.076643,37.050332,25.035561
WQI,M5_Core_DepthInteractions,Lasso,RAW,20,-3.574318,23.49854,16.850829
WQI,M5_Core_DepthInteractions,Lasso,RAW,21,-0.557111,16.728056,14.862306
WQI,M5_Core_DepthInteractions,Lasso,RAW,22,-0.004494,33.332756,24.102412
WQI,M5_Core_DepthInteractions,Lasso,RAW,23,-0.032014,38.497182,28.272691
WQI,M5_Core_DepthInteractions,Lasso,RAW,24,-14.637648,37.217211,27.497872
WQI,M5_Core_DepthInteractions,Lasso,RAW,25,-0.205054,31.757753,23.691519
WQI,M5_Core_DepthInteractions,HuberRegressor,LOG1P,1,-1.388353,23.577451,17.707804
WQI,M5_Core_DepthInteractions,HuberRegressor,LOG1P,2,-0.597311,56.634354,36.875837
WQI,M5_Core_DepthInteractions,HuberRegressor,LOG1P,3,-1.736909,18.150269,13.589932
WQI,M5_Core_DepthInteractions,HuberRegressor,LOG1P,4,-2.614125,16.305107,13.272642
WQI,M5_Core_DepthInteractions,HuberRegressor,LOG1P,5,-0.157659,30.705344,20.626464
WQI,M5_Core_DepthInteractions,HuberRegressor,LOG1P,6,-1.698364,16.648385,14.301165
WQI,M5_Core_DepthInteractions,HuberRegressor,LOG1P,7,-0.606833,40.94914,30.612645
WQI,M5_Core_DepthInteractions,HuberRegressor,LOG1P,8,-0.624709,17.294603,15.635016
WQI,M5_Core_DepthInteractions,HuberRegressor,LOG1P,9,-0.014785,13.818041,10.160488
WQI,M5_Core_DepthInteractions,HuberRegressor,LOG1P,10,-0.315055,51.628595,28.807577
WQI,M5_Core_DepthInteractions,HuberRegressor,LOG1P,11,-0.399577,35.727306,21.971833
WQI,M5_Core_DepthInteractions,HuberRegressor,LOG1P,12,-2.751367,22.769625,19.26794
WQI,M5_Core_DepthInteractions,HuberRegressor,LOG1P,13,-0.357384,32.197278,21.266587
WQI,M5_Core_DepthInteractions,HuberRegressor,LOG1P,14,-0.053837,41.315358,23.863774
WQI,M5_Core_DepthInteractions,HuberRegressor,LOG1P,15,0.043278,14.481201,11.429698
WQI,M5_Core_DepthInteractions,HuberRegressor,LOG1P,16,-0.072748,13.294028,9.960529
WQI,M5_Core_DepthInteractions,HuberRegressor,LOG1P,17,-0.914916,14.731084,11.898911
WQI,M5_Core_DepthInteractions,HuberRegressor,LOG1P,18,-0.320188,45.331834,30.042009
WQI,M5_Core_DepthInteractions,HuberRegressor,LOG1P,19,-0.179646,41.877728,21.163009
WQI,M5_Core_DepthInteractions,HuberRegressor,LOG1P,20,-2.172317,19.568882,17.044365
WQI,M5_Core_DepthInteractions,HuberRegressor,LOG1P,21,0.124114,12.546118,9.210739
WQI,M5_Core_DepthInteractions,HuberRegressor,LOG1P,22,-0.393139,39.254969,27.299714
WQI,M5_Core_DepthInteractions,HuberRegressor,LOG1P,23,-0.238368,42.170711,23.941885
WQI,M5_Core_DepthInteractions,HuberRegressor,LOG1P,24,-7.227957,26.996292,18.832615
WQI,M5_Core_DepthInteractions,HuberRegressor,LOG1P,25,-0.004044,28.988306,18.836679
WQI,M5_Core_DepthInteractions,HuberRegressor,RAW,1,-1.639004,24.78378,19.481569
WQI,M5_Core_DepthInteractions,HuberRegressor,RAW,2,-0.540458,55.617331,36.253086
WQI,M5_Core_DepthInteractions,HuberRegressor,RAW,3,-1.976616,18.928419,14.679724
WQI,M5_Core_DepthInteractions,HuberRegressor,RAW,4,-1.878343,14.551017,12.270649
WQI,M5_Core_DepthInteractions,HuberRegressor,RAW,5,-0.157531,30.703645,20.637204
WQI,M5_Core_DepthInteractions,HuberRegressor,RAW,6,-3.812118,22.232585,17.314607
WQI,M5_Core_DepthInteractions,HuberRegressor,RAW,7,-0.262249,36.293759,24.718503
WQI,M5_Core_DepthInteractions,HuberRegressor,RAW,8,-0.648037,17.41832,15.891411
WQI,M5_Core_DepthInteractions,HuberRegressor,RAW,9,0.312284,11.375325,9.19362
WQI,M5_Core_DepthInteractions,HuberRegressor,RAW,10,-0.293915,51.211936,29.292644
WQI,M5_Core_DepthInteractions,HuberRegressor,RAW,11,-0.467544,36.584533,24.352057
WQI,M5_Core_DepthInteractions,HuberRegressor,RAW,12,-1.340816,17.986418,16.412056
WQI,M5_Core_DepthInteractions,HuberRegressor,RAW,13,-0.485941,33.687486,22.820043
WQI,M5_Core_DepthInteractions,HuberRegressor,RAW,14,-0.019426,40.635223,24.38944
WQI,M5_Core_DepthInteractions,HuberRegressor,RAW,15,0.09345,14.096383,11.472271
WQI,M5_Core_DepthInteractions,HuberRegressor,RAW,16,-0.124199,13.609094,10.165908
WQI,M5_Core_DepthInteractions,HuberRegressor,RAW,17,-0.484608,12.970767,10.912086
WQI,M5_Core_DepthInteractions,HuberRegressor,RAW,18,-0.30498,45.069971,30.554462
WQI,M5_Core_DepthInteractions,HuberRegressor,RAW,19,-0.107301,40.573274,21.73312
WQI,M5_Core_DepthInteractions,HuberRegressor,RAW,20,-3.07205,22.170949,17.835079
WQI,M5_Core_DepthInteractions,HuberRegressor,RAW,21,0.132771,12.483964,10.00012
WQI,M5_Core_DepthInteractions,HuberRegressor,RAW,22,-0.324718,38.278879,26.529591
WQI,M5_Core_DepthInteractions,HuberRegressor,RAW,23,-0.133496,40.345598,23.466822
WQI,M5_Core_DepthInteractions,HuberRegressor,RAW,24,-6.707689,26.128845,17.830289
WQI,M5_Core_DepthInteractions,HuberRegressor,RAW,25,0.005531,28.849749,18.103445
WQI,M5_Core_DepthInteractions,SVR_RBF,LOG1P,1,0.080473,14.629509,10.979601
WQI,M5_Core_DepthInteractions,SVR_RBF,LOG1P,2,-0.592979,56.557512,35.872906
WQI,M5_Core_DepthInteractions,SVR_RBF,LOG1P,3,-0.720611,14.391107,10.781075
WQI,M5_Core_DepthInteractions,SVR_RBF,LOG1P,4,-1.021398,12.19405,9.779238
WQI,M5_Core_DepthInteractions,SVR_RBF,LOG1P,5,-0.298856,32.524015,21.842331
WQI,M5_Core_DepthInteractions,SVR_RBF,LOG1P,6,-0.8141,13.650623,10.749631
WQI,M5_Core_DepthInteractions,SVR_RBF,LOG1P,7,-0.373994,37.866211,25.887141
WQI,M5_Core_DepthInteractions,SVR_RBF,LOG1P,8,-0.77154,18.059192,16.386382
WQI,M5_Core_DepthInteractions,SVR_RBF,LOG1P,9,0.282373,11.620071,9.343561
WQI,M5_Core_DepthInteractions,SVR_RBF,LOG1P,10,-0.276813,50.872383,29.117622
WQI,M5_Core_DepthInteractions,SVR_RBF,LOG1P,11,-0.316398,34.64938,18.950276
WQI,M5_Core_DepthInteractions,SVR_RBF,LOG1P,12,-1.348439,18.015681,14.848305
WQI,M5_Core_DepthInteractions,SVR_RBF,LOG1P,13,-0.374366,32.39806,19.086019
WQI,M5_Core_DepthInteractions,SVR_RBF,LOG1P,14,-0.162184,43.38725,26.442217
WQI,M5_Core_DepthInteractions,SVR_RBF,LOG1P,15,-0.118663,15.658908,11.942798
WQI,M5_Core_DepthInteractions,SVR_RBF,LOG1P,16,0.367576,10.207325,8.139486
WQI,M5_Core_DepthInteractions,SVR_RBF,LOG1P,17,-1.046612,15.229215,11.460615
WQI,M5_Core_DepthInteractions,SVR_RBF,LOG1P,18,-0.338865,45.651362,30.604777
WQI,M5_Core_DepthInteractions,SVR_RBF,LOG1P,19,-0.140251,41.172522,24.018559
WQI,M5_Core_DepthInteractions,SVR_RBF,LOG1P,20,-0.634219,14.045359,12.139414
WQI,M5_Core_DepthInteractions,SVR_RBF,LOG1P,21,-0.172634,14.516662,10.996728
WQI,M5_Core_DepthInteractions,SVR_RBF,LOG1P,22,-0.354647,38.708875,26.907315
WQI,M5_Core_DepthInteractions,SVR_RBF,LOG1P,23,-0.215531,41.780065,23.401571
WQI,M5_Core_DepthInteractions,SVR_RBF,LOG1P,24,-0.66558,12.146212,8.181672
WQI,M5_Core_DepthInteractions,SVR_RBF,LOG1P,25,-0.124533,30.678392,17.874021
WQI,M5_Core_DepthInteractions,SVR_RBF,RAW,1,0.008804,15.188937,12.437885
WQI,M5_Core_DepthInteractions,SVR_RBF,RAW,2,-0.271838,50.536028,32.41787
WQI,M5_Core_DepthInteractions,SVR_RBF,RAW,3,-0.708104,14.33871,12.055072
WQI,M5_Core_DepthInteractions,SVR_RBF,RAW,4,-0.405299,10.167319,8.563537
WQI,M5_Core_DepthInteractions,SVR_RBF,RAW,5,-0.283781,32.33472,21.41165
WQI,M5_Core_DepthInteractions,SVR_RBF,RAW,6,-0.031486,10.293273,8.999347
WQI,M5_Core_DepthInteractions,SVR_RBF,RAW,7,-0.150549,34.650695,22.143687
WQI,M5_Core_DepthInteractions,SVR_RBF,RAW,8,-0.276542,15.329933,11.849693
WQI,M5_Core_DepthInteractions,SVR_RBF,RAW,9,0.037242,13.459162,10.660345
WQI,M5_Core_DepthInteractions,SVR_RBF,RAW,10,-0.152652,48.335638,30.12706
WQI,M5_Core_DepthInteractions,SVR_RBF,RAW,11,-0.148727,32.367578,16.807385
WQI,M5_Core_DepthInteractions,SVR_RBF,RAW,12,-0.110507,12.388588,10.743935
WQI,M5_Core_DepthInteractions,SVR_RBF,RAW,13,-0.294113,31.43793,18.110681
WQI,M5_Core_DepthInteractions,SVR_RBF,RAW,14,-0.053422,41.307223,27.53257
WQI,M5_Core_DepthInteractions,SVR_RBF,RAW,15,-0.006135,14.850463,11.399715
WQI,M5_Core_DepthInteractions,SVR_RBF,RAW,16,0.024905,12.674511,9.80719
WQI,M5_Core_DepthInteractions,SVR_RBF,RAW,17,-0.732069,14.010136,10.534975
WQI,M5_Core_DepthInteractions,SVR_RBF,RAW,18,-0.307346,45.110817,32.835676
WQI,M5_Core_DepthInteractions,SVR_RBF,RAW,19,-0.041495,39.349194,23.773948
WQI,M5_Core_DepthInteractions,SVR_RBF,RAW,20,-0.024385,11.120118,8.680584
WQI,M5_Core_DepthInteractions,SVR_RBF,RAW,21,-0.018564,13.529439,10.023966
WQI,M5_Core_DepthInteractions,SVR_RBF,RAW,22,-0.211038,36.599599,27.02411
WQI,M5_Core_DepthInteractions,SVR_RBF,RAW,23,-0.053019,38.886982,20.612468
WQI,M5_Core_DepthInteractions,SVR_RBF,RAW,24,-0.00081,9.415293,7.439325
WQI,M5_Core_DepthInteractions,SVR_RBF,RAW,25,-0.162161,31.187435,19.634706
WQI,M7_Stage5_AdvancedRatios,Ridge,LOG1P,1,-4.507444,35.803264,22.496713
WQI,M7_Stage5_AdvancedRatios,Ridge,LOG1P,2,-0.576495,56.264117,37.356809
WQI,M7_Stage5_AdvancedRatios,Ridge,LOG1P,3,-2.511165,20.557888,17.093088
WQI,M7_Stage5_AdvancedRatios,Ridge,LOG1P,4,-3.115144,17.398613,14.50084
WQI,M7_Stage5_AdvancedRatios,Ridge,LOG1P,5,0.048868,27.83197,20.909565
WQI,M7_Stage5_AdvancedRatios,Ridge,LOG1P,6,-1.500076,16.025016,14.900442
WQI,M7_Stage5_AdvancedRatios,Ridge,LOG1P,7,-0.694575,42.052307,32.007506
WQI,M7_Stage5_AdvancedRatios,Ridge,LOG1P,8,-0.173239,14.696574,13.534672
WQI,M7_Stage5_AdvancedRatios,Ridge,LOG1P,9,-0.038059,13.975599,11.269642
WQI,M7_Stage5_AdvancedRatios,Ridge,LOG1P,10,-0.032519,45.747499,26.511982
WQI,M7_Stage5_AdvancedRatios,Ridge,LOG1P,11,-0.37192,35.372538,21.699668
WQI,M7_Stage5_AdvancedRatios,Ridge,LOG1P,12,-2.490138,21.962529,19.736596
WQI,M7_Stage5_AdvancedRatios,Ridge,LOG1P,13,0.00183,27.610238,21.223445
WQI,M7_Stage5_AdvancedRatios,Ridge,LOG1P,14,-1.018244,57.175711,37.06099
WQI,M7_Stage5_AdvancedRatios,Ridge,LOG1P,15,0.002439,14.787046,12.287871
WQI,M7_Stage5_AdvancedRatios,Ridge,LOG1P,16,-0.153141,13.783159,11.166421
WQI,M7_Stage5_AdvancedRatios,Ridge,LOG1P,17,-1.258169,15.996981,13.40501
WQI,M7_Stage5_AdvancedRatios,Ridge,LOG1P,18,-0.182091,42.895407,30.553173
WQI,M7_Stage5_AdvancedRatios,Ridge,LOG1P,19,-0.084574,40.154738,24.480195
WQI,M7_Stage5_AdvancedRatios,Ridge,LOG1P,20,-0.483923,13.383922,11.831465
WQI,M7_Stage5_AdvancedRatios,Ridge,LOG1P,21,-0.09037,13.998212,11.150367
WQI,M7_Stage5_AdvancedRatios,Ridge,LOG1P,22,-0.295445,37.853574,26.977889
WQI,M7_Stage5_AdvancedRatios,Ridge,LOG1P,23,-0.57417,47.545769,32.518333
WQI,M7_Stage5_AdvancedRatios,Ridge,LOG1P,24,-2.593422,17.840714,13.560982
WQI,M7_Stage5_AdvancedRatios,Ridge,LOG1P,25,0.053705,28.142317,20.059328
WQI,M7_Stage5_AdvancedRatios,Ridge,RAW,1,-5.801595,39.788077,30.086359
WQI,M7_Stage5_AdvancedRatios,Ridge,RAW,2,-0.414805,53.300772,39.074824
WQI,M7_Stage5_AdvancedRatios,Ridge,RAW,3,-8.29211,33.443373,29.418966
WQI,M7_Stage5_AdvancedRatios,Ridge,RAW,4,-5.391324,21.682906,18.979187
WQI,M7_Stage5_AdvancedRatios,Ridge,RAW,5,0.054182,27.754122,21.441477
WQI,M7_Stage5_AdvancedRatios,Ridge,RAW,6,-6.404508,27.578457,24.791542
WQI,M7_Stage5_AdvancedRatios,Ridge,RAW,7,-0.25367,36.170203,28.649415
WQI,M7_Stage5_AdvancedRatios,Ridge,RAW,8,-0.950083,18.947388,15.05088
WQI,M7_Stage5_AdvancedRatios,Ridge,RAW,9,-0.76989,18.248725,17.254799
WQI,M7_Stage5_AdvancedRatios,Ridge,RAW,10,-0.005528,45.145606,30.534267
WQI,M7_Stage5_AdvancedRatios,Ridge,RAW,11,-0.144083,32.302089,22.976738
WQI,M7_Stage5_AdvancedRatios,Ridge,RAW,12,-2.982928,23.461851,21.683195
WQI,M7_Stage5_AdvancedRatios,Ridge,RAW,13,-0.829617,37.380742,33.14943
WQI,M7_Stage5_AdvancedRatios,Ridge,RAW,14,-0.706476,52.574454,36.885375
WQI,M7_Stage5_AdvancedRatios,Ridge,RAW,15,-7.593644,43.401072,23.568814
WQI,M7_Stage5_AdvancedRatios,Ridge,RAW,16,-0.856039,17.486433,16.614027
WQI,M7_Stage5_AdvancedRatios,Ridge,RAW,17,-1.970999,18.348942,16.365621
WQI,M7_Stage5_AdvancedRatios,Ridge,RAW,18,-0.036283,40.162848,31.540783
WQI,M7_Stage5_AdvancedRatios,Ridge,RAW,19,-0.041625,39.351645,28.530276
WQI,M7_Stage5_AdvancedRatios,Ridge,RAW,20,-30.278125,61.446631,31.216253
WQI,M7_Stage5_AdvancedRatios,Ridge,RAW,21,-10.053062,44.568388,25.327418
WQI,M7_Stage5_AdvancedRatios,Ridge,RAW,22,-0.06387,34.30376,24.993471
WQI,M7_Stage5_AdvancedRatios,Ridge,RAW,23,-0.737222,49.947497,35.79835
WQI,M7_Stage5_AdvancedRatios,Ridge,RAW,24,-8.367795,28.805593,26.466635
WQI,M7_Stage5_AdvancedRatios,Ridge,RAW,25,-0.27494,32.665651,26.665217
WQI,M7_Stage5_AdvancedRatios,Lasso,LOG1P,1,-0.170205,16.503592,14.139989
WQI,M7_Stage5_AdvancedRatios,Lasso,LOG1P,2,-0.384397,52.72487,33.767591
WQI,M7_Stage5_AdvancedRatios,Lasso,LOG1P,3,-0.484482,13.367197,10.635268
WQI,M7_Stage5_AdvancedRatios,Lasso,LOG1P,4,-0.723716,11.260429,9.63191
WQI,M7_Stage5_AdvancedRatios,Lasso,LOG1P,5,-0.163853,30.787376,21.331035
WQI,M7_Stage5_AdvancedRatios,Lasso,LOG1P,6,-0.694653,13.193569,12.047037
WQI,M7_Stage5_AdvancedRatios,Lasso,LOG1P,7,-0.116016,34.126721,22.362233
WQI,M7_Stage5_AdvancedRatios,Lasso,LOG1P,8,-0.380336,15.940988,14.58531
WQI,M7_Stage5_AdvancedRatios,Lasso,LOG1P,9,0.126285,12.821658,10.005877
WQI,M7_Stage5_AdvancedRatios,Lasso,LOG1P,10,-0.149773,48.275231,30.394828
WQI,M7_Stage5_AdvancedRatios,Lasso,LOG1P,11,-0.152714,32.423707,17.790956
WQI,M7_Stage5_AdvancedRatios,Lasso,LOG1P,12,-0.63057,15.01173,13.687324
WQI,M7_Stage5_AdvancedRatios,Lasso,LOG1P,13,-0.09317,28.894272,19.398291
WQI,M7_Stage5_AdvancedRatios,Lasso,LOG1P,14,-0.113443,42.46769,28.953611
WQI,M7_Stage5_AdvancedRatios,Lasso,LOG1P,15,0.154266,13.615346,10.687994
WQI,M7_Stage5_AdvancedRatios,Lasso,LOG1P,16,0.27324,10.942161,7.788407
WQI,M7_Stage5_AdvancedRatios,Lasso,LOG1P,17,-0.673838,13.772619,11.311642
WQI,M7_Stage5_AdvancedRatios,Lasso,LOG1P,18,-0.264384,44.363404,32.578412
WQI,M7_Stage5_AdvancedRatios,Lasso,LOG1P,19,-0.004586,38.645659,23.306606
WQI,M7_Stage5_AdvancedRatios,Lasso,LOG1P,20,0.047045,10.725413,8.304265
WQI,M7_Stage5_AdvancedRatios,Lasso,LOG1P,21,0.013812,13.312678,10.427655
WQI,M7_Stage5_AdvancedRatios,Lasso,LOG1P,22,-0.161398,35.841655,26.190789
WQI,M7_Stage5_AdvancedRatios,Lasso,LOG1P,23,-0.10157,39.773342,24.922657
WQI,M7_Stage5_AdvancedRatios,Lasso,LOG1P,24,-0.309768,10.770983,8.318466
WQI,M7_Stage5_AdvancedRatios,Lasso,LOG1P,25,-0.012296,29.107194,18.082333
WQI,M7_Stage5_AdvancedRatios,Lasso,RAW,1,-6.803132,42.616917,31.409564
WQI,M7_Stage5_AdvancedRatios,Lasso,RAW,2,-0.423543,53.465112,39.309024
WQI,M7_Stage5_AdvancedRatios,Lasso,RAW,3,-10.410617,37.060175,32.660193
WQI,M7_Stage5_AdvancedRatios,Lasso,RAW,4,-5.528358,21.914122,18.987965
WQI,M7_Stage5_AdvancedRatios,Lasso,RAW,5,0.045254,27.884804,21.842096
WQI,M7_Stage5_AdvancedRatios,Lasso,RAW,6,-7.304105,29.205744,26.296187
WQI,M7_Stage5_AdvancedRatios,Lasso,RAW,7,-0.278387,36.525032,28.928919
WQI,M7_Stage5_AdvancedRatios,Lasso,RAW,8,-1.378084,20.9236,16.233169
WQI,M7_Stage5_AdvancedRatios,Lasso,RAW,9,-0.760433,18.199904,17.23074
WQI,M7_Stage5_AdvancedRatios,Lasso,RAW,10,0.000102,45.019033,30.290818
WQI,M7_Stage5_AdvancedRatios,Lasso,RAW,11,-0.143454,32.293204,23.038925
WQI,M7_Stage5_AdvancedRatios,Lasso,RAW,12,-3.100904,23.806793,22.016343
WQI,M7_Stage5_AdvancedRatios,Lasso,RAW,13,-0.91037,38.196767,33.859579
WQI,M7_Stage5_AdvancedRatios,Lasso,RAW,14,-0.833105,54.490192,38.15872
WQI,M7_Stage5_AdvancedRatios,Lasso,RAW,15,-10.230191,49.614127,25.895468
WQI,M7_Stage5_AdvancedRatios,Lasso,RAW,16,-0.853995,17.476799,16.623935
WQI,M7_Stage5_AdvancedRatios,Lasso,RAW,17,-2.411322,19.661703,17.223717
WQI,M7_Stage5_AdvancedRatios,Lasso,RAW,18,-0.028877,40.019084,31.493531
WQI,M7_Stage5_AdvancedRatios,Lasso,RAW,19,-0.0407,39.334163,28.691693
WQI,M7_Stage5_AdvancedRatios,Lasso,RAW,20,-54.072184,81.534961,39.175435
WQI,M7_Stage5_AdvancedRatios,Lasso,RAW,21,-13.560169,51.152732,28.118412
WQI,M7_Stage5_AdvancedRatios,Lasso,RAW,22,-0.05979,34.237915,24.933778
WQI,M7_Stage5_AdvancedRatios,Lasso,RAW,23,-0.819998,51.12361,36.399853
WQI,M7_Stage5_AdvancedRatios,Lasso,RAW,24,-8.581678,29.132577,26.728569
WQI,M7_Stage5_AdvancedRatios,Lasso,RAW,25,-0.495029,35.372954,29.04268
WQI,M7_Stage5_AdvancedRatios,HuberRegressor,LOG1P,1,-2.916059,30.190629,20.26487
WQI,M7_Stage5_AdvancedRatios,HuberRegressor,LOG1P,2,-0.662611,57.780404,38.624856
WQI,M7_Stage5_AdvancedRatios,HuberRegressor,LOG1P,3,-2.747592,21.238756,17.578842
WQI,M7_Stage5_AdvancedRatios,HuberRegressor,LOG1P,4,-6.860109,24.045642,18.223264
WQI,M7_Stage5_AdvancedRatios,HuberRegressor,LOG1P,5,-0.158341,30.714388,22.00748
WQI,M7_Stage5_AdvancedRatios,HuberRegressor,LOG1P,6,-0.838638,13.742635,12.59293
WQI,M7_Stage5_AdvancedRatios,HuberRegressor,LOG1P,7,-1.232438,48.266871,38.406161
WQI,M7_Stage5_AdvancedRatios,HuberRegressor,LOG1P,8,-0.298074,15.458681,13.214847
WQI,M7_Stage5_AdvancedRatios,HuberRegressor,LOG1P,9,-0.099859,14.385595,10.705433
WQI,M7_Stage5_AdvancedRatios,HuberRegressor,LOG1P,10,-0.134276,47.9488,28.378456
WQI,M7_Stage5_AdvancedRatios,HuberRegressor,LOG1P,11,-0.505887,37.059378,23.544309
WQI,M7_Stage5_AdvancedRatios,HuberRegressor,LOG1P,12,-4.299457,27.06305,21.607635
WQI,M7_Stage5_AdvancedRatios,HuberRegressor,LOG1P,13,-0.099854,28.982462,23.018785
WQI,M7_Stage5_AdvancedRatios,HuberRegressor,LOG1P,14,-0.688744,52.30059,36.154009
WQI,M7_Stage5_AdvancedRatios,HuberRegressor,LOG1P,15,-0.180279,16.084374,13.114117
WQI,M7_Stage5_AdvancedRatios,HuberRegressor,LOG1P,16,-0.330978,14.807887,10.961766
WQI,M7_Stage5_AdvancedRatios,HuberRegressor,LOG1P,17,-1.741364,17.625569,14.080056
WQI,M7_Stage5_AdvancedRatios,HuberRegressor,LOG1P,18,-0.332491,45.54257,31.316657
WQI,M7_Stage5_AdvancedRatios,HuberRegressor,LOG1P,19,-0.126114,40.916479,23.790341
WQI,M7_Stage5_AdvancedRatios,HuberRegressor,LOG1P,20,-0.850774,14.947011,12.92075
WQI,M7_Stage5_AdvancedRatios,HuberRegressor,LOG1P,21,-0.187849,14.61054,11.578597
WQI,M7_Stage5_AdvancedRatios,HuberRegressor,LOG1P,22,-0.409371,39.482994,27.90876
WQI,M7_Stage5_AdvancedRatios,HuberRegressor,LOG1P,23,-0.631378,48.402011,32.704543
WQI,M7_Stage5_AdvancedRatios,HuberRegressor,LOG1P,24,-3.214977,19.322163,15.120435
WQI,M7_Stage5_AdvancedRatios,HuberRegressor,LOG1P,25,0.034727,28.423116,19.955715
WQI,M7_Stage5_AdvancedRatios,HuberRegressor,RAW,1,-1.958348,26.240506,19.590355
WQI,M7_Stage5_AdvancedRatios,HuberRegressor,RAW,2,-0.506025,54.992225,39.301626
WQI,M7_Stage5_AdvancedRatios,HuberRegressor,RAW,3,-3.934003,24.369836,19.360325
WQI,M7_Stage5_AdvancedRatios,HuberRegressor,RAW,4,-3.043949,17.247451,15.159326
WQI,M7_Stage5_AdvancedRatios,HuberRegressor,RAW,5,-0.14829,30.58084,21.768638
WQI,M7_Stage5_AdvancedRatios,HuberRegressor,RAW,6,-1.159224,14.892605,13.52911
WQI,M7_Stage5_AdvancedRatios,HuberRegressor,RAW,7,-0.315994,37.058373,29.13871
WQI,M7_Stage5_AdvancedRatios,HuberRegressor,RAW,8,-0.166213,14.6525,12.037758
WQI,M7_Stage5_AdvancedRatios,HuberRegressor,RAW,9,0.008623,13.657738,11.096795
WQI,M7_Stage5_AdvancedRatios,HuberRegressor,RAW,10,-0.117071,47.58375,28.317357
WQI,M7_Stage5_AdvancedRatios,HuberRegressor,RAW,11,-0.292565,34.334291,21.91626
WQI,M7_Stage5_AdvancedRatios,HuberRegressor,RAW,12,-1.815009,19.724271,17.900645
WQI,M7_Stage5_AdvancedRatios,HuberRegressor,RAW,13,-0.177347,29.986112,22.786625
WQI,M7_Stage5_AdvancedRatios,HuberRegressor,RAW,14,-0.363682,46.998196,33.122029
WQI,M7_Stage5_AdvancedRatios,HuberRegressor,RAW,15,-0.62251,18.85843,14.828151
WQI,M7_Stage5_AdvancedRatios,HuberRegressor,RAW,16,0.004533,12.806226,10.600766
WQI,M7_Stage5_AdvancedRatios,HuberRegressor,RAW,17,-0.845133,14.460178,11.81962
WQI,M7_Stage5_AdvancedRatios,HuberRegressor,RAW,18,-0.345275,45.760519,31.532401
WQI,M7_Stage5_AdvancedRatios,HuberRegressor,RAW,19,-0.128222,40.95477,25.566998
WQI,M7_Stage5_AdvancedRatios,HuberRegressor,RAW,20,-4.014709,24.603709,17.97566
WQI,M7_Stage5_AdvancedRatios,HuberRegressor,RAW,21,-0.472803,16.268889,12.933846
WQI,M7_Stage5_AdvancedRatios,HuberRegressor,RAW,22,-0.339215,38.487758,26.99631
WQI,M7_Stage5_AdvancedRatios,HuberRegressor,RAW,23,-0.46487,45.86544,31.009206
WQI,M7_Stage5_AdvancedRatios,HuberRegressor,RAW,24,-1.820259,15.805295,12.579455
WQI,M7_Stage5_AdvancedRatios,HuberRegressor,RAW,25,-0.002961,28.972668,20.582543
WQI,M7_Stage5_AdvancedRatios,SVR_RBF,LOG1P,1,-0.234016,16.947588,13.310802
WQI,M7_Stage5_AdvancedRatios,SVR_RBF,LOG1P,2,-0.508971,55.045996,33.939821
WQI,M7_Stage5_AdvancedRatios,SVR_RBF,LOG1P,3,-1.376648,16.91357,13.415452
WQI,M7_Stage5_AdvancedRatios,SVR_RBF,LOG1P,4,-2.370663,15.746344,11.780435
WQI,M7_Stage5_AdvancedRatios,SVR_RBF,LOG1P,5,-0.316895,32.749088,23.970589
WQI,M7_Stage5_AdvancedRatios,SVR_RBF,LOG1P,6,-2.734596,19.585906,15.644533
WQI,M7_Stage5_AdvancedRatios,SVR_RBF,LOG1P,7,-0.367347,37.774508,27.177162
WQI,M7_Stage5_AdvancedRatios,SVR_RBF,LOG1P,8,-0.785543,18.130422,15.893694
WQI,M7_Stage5_AdvancedRatios,SVR_RBF,LOG1P,9,0.073481,13.20342,9.941162
WQI,M7_Stage5_AdvancedRatios,SVR_RBF,LOG1P,10,-0.253714,50.4101,27.72584
WQI,M7_Stage5_AdvancedRatios,SVR_RBF,LOG1P,11,-0.308775,34.548909,17.737535
WQI,M7_Stage5_AdvancedRatios,SVR_RBF,LOG1P,12,-2.271961,21.264987,17.119291
WQI,M7_Stage5_AdvancedRatios,SVR_RBF,LOG1P,13,-0.344594,32.045237,18.821275
WQI,M7_Stage5_AdvancedRatios,SVR_RBF,LOG1P,14,-0.210894,44.287159,28.914734
WQI,M7_Stage5_AdvancedRatios,SVR_RBF,LOG1P,15,-0.072184,15.33015,11.646459
WQI,M7_Stage5_AdvancedRatios,SVR_RBF,LOG1P,16,-0.042222,13.103512,10.662456
WQI,M7_Stage5_AdvancedRatios,SVR_RBF,LOG1P,17,-1.246237,15.954662,13.214027
WQI,M7_Stage5_AdvancedRatios,SVR_RBF,LOG1P,18,-0.492646,48.201868,34.867634
WQI,M7_Stage5_AdvancedRatios,SVR_RBF,LOG1P,19,-0.231923,42.795591,27.86382
WQI,M7_Stage5_AdvancedRatios,SVR_RBF,LOG1P,20,-0.264236,12.35355,8.718606
WQI,M7_Stage5_AdvancedRatios,SVR_RBF,LOG1P,21,-0.433709,16.051516,12.43391
WQI,M7_Stage5_AdvancedRatios,SVR_RBF,LOG1P,22,-0.329724,38.351142,26.607316
WQI,M7_Stage5_AdvancedRatios,SVR_RBF,LOG1P,23,-0.29257,43.083715,25.983481
WQI,M7_Stage5_AdvancedRatios,SVR_RBF,LOG1P,24,-2.204463,16.847511,11.130965
WQI,M7_Stage5_AdvancedRatios,SVR_RBF,LOG1P,25,-0.13115,30.768517,20.073069
WQI,M7_Stage5_AdvancedRatios,SVR_RBF,RAW,1,-0.015184,15.37163,12.601405
WQI,M7_Stage5_AdvancedRatios,SVR_RBF,RAW,2,-0.247544,50.051053,32.29807
WQI,M7_Stage5_AdvancedRatios,SVR_RBF,RAW,3,-0.815187,14.781332,12.55016
WQI,M7_Stage5_AdvancedRatios,SVR_RBF,RAW,4,-0.459646,10.362052,8.826706
WQI,M7_Stage5_AdvancedRatios,SVR_RBF,RAW,5,-0.281152,32.30159,21.478488
WQI,M7_Stage5_AdvancedRatios,SVR_RBF,RAW,6,-0.071628,10.491652,9.244727
WQI,M7_Stage5_AdvancedRatios,SVR_RBF,RAW,7,-0.12921,34.327869,22.171469
WQI,M7_Stage5_AdvancedRatios,SVR_RBF,RAW,8,-0.259044,15.224506,11.856932
WQI,M7_Stage5_AdvancedRatios,SVR_RBF,RAW,9,0.007531,13.665259,10.869824
WQI,M7_Stage5_AdvancedRatios,SVR_RBF,RAW,10,-0.145125,48.177552,30.05686
WQI,M7_Stage5_AdvancedRatios,SVR_RBF,RAW,11,-0.124871,32.029729,16.820179
WQI,M7_Stage5_AdvancedRatios,SVR_RBF,RAW,12,-0.129351,12.493251,10.890786
WQI,M7_Stage5_AdvancedRatios,SVR_RBF,RAW,13,-0.277218,31.232042,18.102196
WQI,M7_Stage5_AdvancedRatios,SVR_RBF,RAW,14,-0.057212,41.381446,27.75755
WQI,M7_Stage5_AdvancedRatios,SVR_RBF,RAW,15,-0.009437,14.874809,11.407934
WQI,M7_Stage5_AdvancedRatios,SVR_RBF,RAW,16,-0.028926,13.019663,10.129534
WQI,M7_Stage5_AdvancedRatios,SVR_RBF,RAW,17,-0.757587,14.112965,10.760666
WQI,M7_Stage5_AdvancedRatios,SVR_RBF,RAW,18,-0.304141,45.055478,33.165979
WQI,M7_Stage5_AdvancedRatios,SVR_RBF,RAW,19,-0.047615,39.464625,23.985124
WQI,M7_Stage5_AdvancedRatios,SVR_RBF,RAW,20,-0.024248,11.119371,8.693832
WQI,M7_Stage5_AdvancedRatios,SVR_RBF,RAW,21,-0.053078,13.756749,10.281694
WQI,M7_Stage5_AdvancedRatios,SVR_RBF,RAW,22,-0.183465,36.180546,26.892651
WQI,M7_Stage5_AdvancedRatios,SVR_RBF,RAW,23,-0.055351,38.930009,21.003705
WQI,M7_Stage5_AdvancedRatios,SVR_RBF,RAW,24,-0.054165,9.663009,7.773773
WQI,M7_Stage5_AdvancedRatios,SVR_RBF,RAW,25,-0.152267,31.054389,19.681251
WQI,M8_Stage5_PlausibleInteractions,Ridge,LOG1P,1,-1.327463,23.27496,17.18343
WQI,M8_Stage5_PlausibleInteractions,Ridge,LOG1P,2,-0.556333,55.903183,37.067758
WQI,M8_Stage5_PlausibleInteractions,Ridge,LOG1P,3,-1.973827,18.919549,16.242332
WQI,M8_Stage5_PlausibleInteractions,Ridge,LOG1P,4,-2.476603,15.991885,12.682522
WQI,M8_Stage5_PlausibleInteractions,Ridge,LOG1P,5,0.048627,27.835496,21.820323
WQI,M8_Stage5_PlausibleInteractions,Ridge,LOG1P,6,-1.422061,15.773004,15.026754
WQI,M8_Stage5_PlausibleInteractions,Ridge,LOG1P,7,-0.706448,42.199372,32.33463
WQI,M8_Stage5_PlausibleInteractions,Ridge,LOG1P,8,-0.311758,15.539953,14.430238
WQI,M8_Stage5_PlausibleInteractions,Ridge,LOG1P,9,-0.094099,14.347879,11.96825
WQI,M8_Stage5_PlausibleInteractions,Ridge,LOG1P,10,-0.0659,46.48113,26.241964
WQI,M8_Stage5_PlausibleInteractions,Ridge,LOG1P,11,-0.244306,33.687241,18.919073
WQI,M8_Stage5_PlausibleInteractions,Ridge,LOG1P,12,-2.236832,21.150525,19.393509
WQI,M8_Stage5_PlausibleInteractions,Ridge,LOG1P,13,0.137445,25.666175,18.15231
WQI,M8_Stage5_PlausibleInteractions,Ridge,LOG1P,14,-0.259857,45.173662,30.880508
WQI,M8_Stage5_PlausibleInteractions,Ridge,LOG1P,15,0.180159,13.405299,12.247477
WQI,M8_Stage5_PlausibleInteractions,Ridge,LOG1P,16,-0.140946,13.710085,11.306372
WQI,M8_Stage5_PlausibleInteractions,Ridge,LOG1P,17,-0.979303,14.976695,13.965828
WQI,M8_Stage5_PlausibleInteractions,Ridge,LOG1P,18,-0.244995,44.021949,30.132378
WQI,M8_Stage5_PlausibleInteractions,Ridge,LOG1P,19,-0.048234,39.476283,23.08596
WQI,M8_Stage5_PlausibleInteractions,Ridge,LOG1P,20,-0.139923,11.730471,9.907829
WQI,M8_Stage5_PlausibleInteractions,Ridge,LOG1P,21,0.088474,12.798826,10.410841
WQI,M8_Stage5_PlausibleInteractions,Ridge,LOG1P,22,-0.243822,37.091686,26.192586
WQI,M8_Stage5_PlausibleInteractions,Ridge,LOG1P,23,-0.328529,43.67889,29.436475
WQI,M8_Stage5_PlausibleInteractions,Ridge,LOG1P,24,-3.131689,19.130306,15.623928
WQI,M8_Stage5_PlausibleInteractions,Ridge,LOG1P,25,0.135666,26.895974,17.759346
WQI,M8_Stage5_PlausibleInteractions,Ridge,RAW,1,-4.054336,34.298853,26.424391
WQI,M8_Stage5_PlausibleInteractions,Ridge,RAW,2,-0.378422,52.610981,35.867986
WQI,M8_Stage5_PlausibleInteractions,Ridge,RAW,3,-6.425383,29.895948,26.870385
WQI,M8_Stage5_PlausibleInteractions,Ridge,RAW,4,-4.695371,20.468362,16.299668
WQI,M8_Stage5_PlausibleInteractions,Ridge,RAW,5,0.007049,28.437245,23.022405
WQI,M8_Stage5_PlausibleInteractions,Ridge,RAW,6,-5.511775,25.862563,23.988537
WQI,M8_Stage5_PlausibleInteractions,Ridge,RAW,7,-0.214327,35.59814,27.321476
WQI,M8_Stage5_PlausibleInteractions,Ridge,RAW,8,-1.062023,19.483614,16.500874
WQI,M8_Stage5_PlausibleInteractions,Ridge,RAW,9,-1.054864,19.66305,16.70988
WQI,M8_Stage5_PlausibleInteractions,Ridge,RAW,10,0.05217,43.831212,27.997248
WQI,M8_Stage5_PlausibleInteractions,Ridge,RAW,11,-0.039277,30.787005,20.626744
WQI,M8_Stage5_PlausibleInteractions,Ridge,RAW,12,-3.040824,23.631758,22.186346
WQI,M8_Stage5_PlausibleInteractions,Ridge,RAW,13,-0.225664,30.595223,24.096276
WQI,M8_Stage5_PlausibleInteractions,Ridge,RAW,14,-0.407594,47.748899,35.908907
WQI,M8_Stage5_PlausibleInteractions,Ridge,RAW,15,-0.239421,16.482428,14.35683
WQI,M8_Stage5_PlausibleInteractions,Ridge,RAW,16,-1.06747,18.455564,16.081182
WQI,M8_Stage5_PlausibleInteractions,Ridge,RAW,17,-1.983866,18.388633,16.736738
WQI,M8_Stage5_PlausibleInteractions,Ridge,RAW,18,-0.076515,40.935068,30.724323
WQI,M8_Stage5_PlausibleInteractions,Ridge,RAW,19,0.089702,36.787393,25.273463
WQI,M8_Stage5_PlausibleInteractions,Ridge,RAW,20,-1.597944,17.708942,14.685133
WQI,M8_Stage5_PlausibleInteractions,Ridge,RAW,21,-0.429968,16.030566,15.058305
WQI,M8_Stage5_PlausibleInteractions,Ridge,RAW,22,0.02345,32.865846,22.786604
WQI,M8_Stage5_PlausibleInteractions,Ridge,RAW,23,-0.463002,45.836188,34.369299
WQI,M8_Stage5_PlausibleInteractions,Ridge,RAW,24,-8.318539,28.729762,24.58802
WQI,M8_Stage5_PlausibleInteractions,Ridge,RAW,25,-0.105123,30.412474,24.187512
WQI,M8_Stage5_PlausibleInteractions,Lasso,LOG1P,1,-0.012504,15.351326,13.194693
WQI,M8_Stage5_PlausibleInteractions,Lasso,LOG1P,2,-0.323838,51.558789,32.831365
WQI,M8_Stage5_PlausibleInteractions,Lasso,LOG1P,3,-0.329918,12.652178,10.258366
WQI,M8_Stage5_PlausibleInteractions,Lasso,LOG1P,4,-0.571946,10.753278,9.269867
WQI,M8_Stage5_PlausibleInteractions,Lasso,LOG1P,5,-0.106459,30.018654,21.503137
WQI,M8_Stage5_PlausibleInteractions,Lasso,LOG1P,6,-1.033295,14.451803,13.669561
WQI,M8_Stage5_PlausibleInteractions,Lasso,LOG1P,7,-0.077806,33.537424,21.351124
WQI,M8_Stage5_PlausibleInteractions,Lasso,LOG1P,8,-0.271672,15.300669,13.887541
WQI,M8_Stage5_PlausibleInteractions,Lasso,LOG1P,9,0.113264,12.916848,9.741576
WQI,M8_Stage5_PlausibleInteractions,Lasso,LOG1P,10,-0.091264,47.030906,28.995343
WQI,M8_Stage5_PlausibleInteractions,Lasso,LOG1P,11,-0.14115,32.26066,17.900601
WQI,M8_Stage5_PlausibleInteractions,Lasso,LOG1P,12,-0.56436,14.703793,13.553507
WQI,M8_Stage5_PlausibleInteractions,Lasso,LOG1P,13,-0.029558,28.040984,18.55513
WQI,M8_Stage5_PlausibleInteractions,Lasso,LOG1P,14,-0.06967,41.624564,27.951829
WQI,M8_Stage5_PlausibleInteractions,Lasso,LOG1P,15,0.153738,13.619596,11.184844
WQI,M8_Stage5_PlausibleInteractions,Lasso,LOG1P,16,0.354038,10.315993,7.696388
WQI,M8_Stage5_PlausibleInteractions,Lasso,LOG1P,17,-0.615691,13.531283,11.865081
WQI,M8_Stage5_PlausibleInteractions,Lasso,LOG1P,18,-0.229136,43.740669,32.086199
WQI,M8_Stage5_PlausibleInteractions,Lasso,LOG1P,19,0.022653,38.118123,23.076295
WQI,M8_Stage5_PlausibleInteractions,Lasso,LOG1P,20,0.084264,10.513876,8.613402
WQI,M8_Stage5_PlausibleInteractions,Lasso,LOG1P,21,0.032827,13.183715,10.705567
WQI,M8_Stage5_PlausibleInteractions,Lasso,LOG1P,22,-0.141983,35.540805,25.975652
WQI,M8_Stage5_PlausibleInteractions,Lasso,LOG1P,23,-0.07506,39.291844,25.601888
WQI,M8_Stage5_PlausibleInteractions,Lasso,LOG1P,24,-0.411807,11.182678,8.622752
WQI,M8_Stage5_PlausibleInteractions,Lasso,LOG1P,25,0.043384,28.295365,17.42445
WQI,M8_Stage5_PlausibleInteractions,Lasso,RAW,1,-4.732027,36.525963,27.011896
WQI,M8_Stage5_PlausibleInteractions,Lasso,RAW,2,-0.411085,53.230657,36.194275
WQI,M8_Stage5_PlausibleInteractions,Lasso,RAW,3,-7.132409,31.286898,27.845655
WQI,M8_Stage5_PlausibleInteractions,Lasso,RAW,4,-4.448967,20.020695,15.676559
WQI,M8_Stage5_PlausibleInteractions,Lasso,RAW,5,-0.091288,29.812152,24.621346
WQI,M8_Stage5_PlausibleInteractions,Lasso,RAW,6,-5.605726,26.048464,24.099411
WQI,M8_Stage5_PlausibleInteractions,Lasso,RAW,7,-0.212341,35.569014,27.145389
WQI,M8_Stage5_PlausibleInteractions,Lasso,RAW,8,-1.555194,21.688759,18.362535
WQI,M8_Stage5_PlausibleInteractions,Lasso,RAW,9,-2.2243,24.630719,19.443427
WQI,M8_Stage5_PlausibleInteractions,Lasso,RAW,10,0.049143,43.901167,27.19101
WQI,M8_Stage5_PlausibleInteractions,Lasso,RAW,11,-0.006195,30.29305,19.915079
WQI,M8_Stage5_PlausibleInteractions,Lasso,RAW,12,-3.116594,23.85229,22.356516
WQI,M8_Stage5_PlausibleInteractions,Lasso,RAW,13,-0.315534,31.697054,24.200546
WQI,M8_Stage5_PlausibleInteractions,Lasso,RAW,14,-0.501518,49.316244,37.449942
WQI,M8_Stage5_PlausibleInteractions,Lasso,RAW,15,-0.82085,19.977858,17.554817
WQI,M8_Stage5_PlausibleInteractions,Lasso,RAW,16,-1.507936,20.326655,16.138969
WQI,M8_Stage5_PlausibleInteractions,Lasso,RAW,17,-2.277193,19.271291,16.906152
WQI,M8_Stage5_PlausibleInteractions,Lasso,RAW,18,-0.130693,41.952498,32.135316
WQI,M8_Stage5_PlausibleInteractions,Lasso,RAW,19,0.096376,36.652283,26.002669
WQI,M8_Stage5_PlausibleInteractions,Lasso,RAW,20,-1.483522,17.314572,15.083949
WQI,M8_Stage5_PlausibleInteractions,Lasso,RAW,21,-0.681727,17.384548,14.452509
WQI,M8_Stage5_PlausibleInteractions,Lasso,RAW,22,0.045401,32.494351,22.04321
WQI,M8_Stage5_PlausibleInteractions,Lasso,RAW,23,-0.518911,46.703795,34.863941
WQI,M8_Stage5_PlausibleInteractions,Lasso,RAW,24,-9.347341,30.274187,26.266881
WQI,M8_Stage5_PlausibleInteractions,Lasso,RAW,25,-0.177998,31.399221,24.769983
WQI,M8_Stage5_PlausibleInteractions,HuberRegressor,LOG1P,1,-0.140974,16.296167,14.272537
WQI,M8_Stage5_PlausibleInteractions,HuberRegressor,LOG1P,2,-0.608249,56.827936,37.008774
WQI,M8_Stage5_PlausibleInteractions,HuberRegressor,LOG1P,3,-1.935128,18.796042,15.779284
WQI,M8_Stage5_PlausibleInteractions,HuberRegressor,LOG1P,4,-2.969531,17.088018,14.154251
WQI,M8_Stage5_PlausibleInteractions,HuberRegressor,LOG1P,5,-0.160657,30.745078,22.367913
WQI,M8_Stage5_PlausibleInteractions,HuberRegressor,LOG1P,6,-1.11756,14.748224,13.379111
WQI,M8_Stage5_PlausibleInteractions,HuberRegressor,LOG1P,7,-1.483595,50.909614,40.904752
WQI,M8_Stage5_PlausibleInteractions,HuberRegressor,LOG1P,8,-0.478863,16.50011,15.301639
WQI,M8_Stage5_PlausibleInteractions,HuberRegressor,LOG1P,9,-0.266747,15.438474,13.604844
WQI,M8_Stage5_PlausibleInteractions,HuberRegressor,LOG1P,10,-0.234367,50.019639,28.270199
WQI,M8_Stage5_PlausibleInteractions,HuberRegressor,LOG1P,11,-0.359676,35.21434,22.688763
WQI,M8_Stage5_PlausibleInteractions,HuberRegressor,LOG1P,12,-2.106135,20.719118,18.423395
WQI,M8_Stage5_PlausibleInteractions,HuberRegressor,LOG1P,13,-0.246423,30.853221,20.138238
WQI,M8_Stage5_PlausibleInteractions,HuberRegressor,LOG1P,14,-0.128609,42.755939,26.467033
WQI,M8_Stage5_PlausibleInteractions,HuberRegressor,LOG1P,15,0.161603,13.55616,11.269385
WQI,M8_Stage5_PlausibleInteractions,HuberRegressor,LOG1P,16,-0.026945,13.007121,10.25116
WQI,M8_Stage5_PlausibleInteractions,HuberRegressor,LOG1P,17,-0.664688,13.734923,12.028
WQI,M8_Stage5_PlausibleInteractions,HuberRegressor,LOG1P,18,-0.405117,46.767221,33.046817
WQI,M8_Stage5_PlausibleInteractions,HuberRegressor,LOG1P,19,-0.116307,40.737932,22.520881
WQI,M8_Stage5_PlausibleInteractions,HuberRegressor,LOG1P,20,-4.491216,25.746132,21.15707
WQI,M8_Stage5_PlausibleInteractions,HuberRegressor,LOG1P,21,0.107397,12.665279,10.768753
WQI,M8_Stage5_PlausibleInteractions,HuberRegressor,LOG1P,22,-0.368671,38.908729,26.884441
WQI,M8_Stage5_PlausibleInteractions,HuberRegressor,LOG1P,23,-0.332822,43.749405,25.933966
WQI,M8_Stage5_PlausibleInteractions,HuberRegressor,LOG1P,24,-2.782545,18.304176,15.429695
WQI,M8_Stage5_PlausibleInteractions,HuberRegressor,LOG1P,25,0.09557,27.512756,16.553135
WQI,M8_Stage5_PlausibleInteractions,HuberRegressor,RAW,1,-1.037702,21.777998,18.777435
WQI,M8_Stage5_PlausibleInteractions,HuberRegressor,RAW,2,-0.564095,56.042407,36.619022
WQI,M8_Stage5_PlausibleInteractions,HuberRegressor,RAW,3,-2.486764,20.486331,16.416777
WQI,M8_Stage5_PlausibleInteractions,HuberRegressor,RAW,4,-1.877591,14.549116,12.960276
WQI,M8_Stage5_PlausibleInteractions,HuberRegressor,RAW,5,-0.140071,30.471206,22.448574
WQI,M8_Stage5_PlausibleInteractions,HuberRegressor,RAW,6,-2.776102,19.694443,16.612375
WQI,M8_Stage5_PlausibleInteractions,HuberRegressor,RAW,7,-0.50649,39.649938,32.740626
WQI,M8_Stage5_PlausibleInteractions,HuberRegressor,RAW,8,-0.488812,16.555515,15.520588
WQI,M8_Stage5_PlausibleInteractions,HuberRegressor,RAW,9,-0.423492,16.365789,14.748039
WQI,M8_Stage5_PlausibleInteractions,HuberRegressor,RAW,10,-0.247738,50.289814,30.414021
WQI,M8_Stage5_PlausibleInteractions,HuberRegressor,RAW,11,-0.233628,33.542393,22.295037
WQI,M8_Stage5_PlausibleInteractions,HuberRegressor,RAW,12,-1.257591,17.663782,16.494261
WQI,M8_Stage5_PlausibleInteractions,HuberRegressor,RAW,13,-0.397115,32.665097,21.697172
WQI,M8_Stage5_PlausibleInteractions,HuberRegressor,RAW,14,-0.160059,43.347572,27.994731
WQI,M8_Stage5_PlausibleInteractions,HuberRegressor,RAW,15,0.245794,12.857508,11.406921
WQI,M8_Stage5_PlausibleInteractions,HuberRegressor,RAW,16,0.078043,12.324324,9.997931
WQI,M8_Stage5_PlausibleInteractions,HuberRegressor,RAW,17,-0.44288,12.787185,11.661665
WQI,M8_Stage5_PlausibleInteractions,HuberRegressor,RAW,18,-0.37646,46.287877,33.724525
WQI,M8_Stage5_PlausibleInteractions,HuberRegressor,RAW,19,-0.115985,40.732065,24.170102
WQI,M8_Stage5_PlausibleInteractions,HuberRegressor,RAW,20,-3.678671,23.765064,19.504908
WQI,M8_Stage5_PlausibleInteractions,HuberRegressor,RAW,21,0.115117,12.61039,11.337565
WQI,M8_Stage5_PlausibleInteractions,HuberRegressor,RAW,22,-0.338229,38.473586,26.722757
WQI,M8_Stage5_PlausibleInteractions,HuberRegressor,RAW,23,-0.286536,42.98304,26.765276
WQI,M8_Stage5_PlausibleInteractions,HuberRegressor,RAW,24,-5.455339,23.912095,17.405846
WQI,M8_Stage5_PlausibleInteractions,HuberRegressor,RAW,25,0.053892,28.139527,17.919129
WQI,M8_Stage5_PlausibleInteractions,SVR_RBF,LOG1P,1,-0.015254,15.372161,11.712314
WQI,M8_Stage5_PlausibleInteractions,SVR_RBF,LOG1P,2,-0.450545,53.969807,33.067011
WQI,M8_Stage5_PlausibleInteractions,SVR_RBF,LOG1P,3,-1.215686,16.330781,13.032468
WQI,M8_Stage5_PlausibleInteractions,SVR_RBF,LOG1P,4,-1.917679,14.650107,11.743457
WQI,M8_Stage5_PlausibleInteractions,SVR_RBF,LOG1P,5,-0.374326,33.455571,24.554458
WQI,M8_Stage5_PlausibleInteractions,SVR_RBF,LOG1P,6,-1.235487,15.153326,12.858714
WQI,M8_Stage5_PlausibleInteractions,SVR_RBF,LOG1P,7,-0.359363,37.664065,27.529155
WQI,M8_Stage5_PlausibleInteractions,SVR_RBF,LOG1P,8,-1.031906,19.340806,17.419211
WQI,M8_Stage5_PlausibleInteractions,SVR_RBF,LOG1P,9,0.063957,13.271112,10.012037
WQI,M8_Stage5_PlausibleInteractions,SVR_RBF,LOG1P,10,-0.268515,50.706802,28.525628
WQI,M8_Stage5_PlausibleInteractions,SVR_RBF,LOG1P,11,-0.291344,34.318074,18.011732
WQI,M8_Stage5_PlausibleInteractions,SVR_RBF,LOG1P,12,-1.751402,19.500157,16.273022
WQI,M8_Stage5_PlausibleInteractions,SVR_RBF,LOG1P,13,-0.33561,31.937999,18.891307
WQI,M8_Stage5_PlausibleInteractions,SVR_RBF,LOG1P,14,-0.212786,44.321743,28.582986
WQI,M8_Stage5_PlausibleInteractions,SVR_RBF,LOG1P,15,-0.076706,15.362442,11.028324
WQI,M8_Stage5_PlausibleInteractions,SVR_RBF,LOG1P,16,-0.122582,13.599304,10.841728
WQI,M8_Stage5_PlausibleInteractions,SVR_RBF,LOG1P,17,-1.251509,15.973375,12.840884
WQI,M8_Stage5_PlausibleInteractions,SVR_RBF,LOG1P,18,-0.456364,47.612438,33.802716
WQI,M8_Stage5_PlausibleInteractions,SVR_RBF,LOG1P,19,-0.160288,41.532689,25.048002
WQI,M8_Stage5_PlausibleInteractions,SVR_RBF,LOG1P,20,-0.443777,13.201637,10.28533
WQI,M8_Stage5_PlausibleInteractions,SVR_RBF,LOG1P,21,-0.242505,14.942893,10.36534
WQI,M8_Stage5_PlausibleInteractions,SVR_RBF,LOG1P,22,-0.337958,38.46969,27.328264
WQI,M8_Stage5_PlausibleInteractions,SVR_RBF,LOG1P,23,-0.281059,42.891439,25.055927
WQI,M8_Stage5_PlausibleInteractions,SVR_RBF,LOG1P,24,-1.186158,13.915504,9.21291
WQI,M8_Stage5_PlausibleInteractions,SVR_RBF,LOG1P,25,-0.046359,29.592849,19.075018
WQI,M8_Stage5_PlausibleInteractions,SVR_RBF,RAW,1,-0.007891,15.316314,12.558577
WQI,M8_Stage5_PlausibleInteractions,SVR_RBF,RAW,2,-0.241869,49.937072,32.298741
WQI,M8_Stage5_PlausibleInteractions,SVR_RBF,RAW,3,-0.772539,14.606656,12.330526
WQI,M8_Stage5_PlausibleInteractions,SVR_RBF,RAW,4,-0.421051,10.224142,8.621913
WQI,M8_Stage5_PlausibleInteractions,SVR_RBF,RAW,5,-0.285214,32.352763,21.73606
WQI,M8_Stage5_PlausibleInteractions,SVR_RBF,RAW,6,-0.110954,10.682424,9.395878
WQI,M8_Stage5_PlausibleInteractions,SVR_RBF,RAW,7,-0.128091,34.310845,22.167644
WQI,M8_Stage5_PlausibleInteractions,SVR_RBF,RAW,8,-0.265462,15.263259,11.878051
WQI,M8_Stage5_PlausibleInteractions,SVR_RBF,RAW,9,-0.003253,13.739296,10.896037
WQI,M8_Stage5_PlausibleInteractions,SVR_RBF,RAW,10,-0.150339,48.287109,30.213847
WQI,M8_Stage5_PlausibleInteractions,SVR_RBF,RAW,11,-0.129763,32.099303,16.889124
WQI,M8_Stage5_PlausibleInteractions,SVR_RBF,RAW,12,-0.133414,12.515704,10.926582
WQI,M8_Stage5_PlausibleInteractions,SVR_RBF,RAW,13,-0.286534,31.345733,18.132416
WQI,M8_Stage5_PlausibleInteractions,SVR_RBF,RAW,14,-0.052986,41.298668,27.636901
WQI,M8_Stage5_PlausibleInteractions,SVR_RBF,RAW,15,0.009752,14.732745,11.315791
WQI,M8_Stage5_PlausibleInteractions,SVR_RBF,RAW,16,-0.023724,12.986706,10.055361
WQI,M8_Stage5_PlausibleInteractions,SVR_RBF,RAW,17,-0.758104,14.115039,10.720088
WQI,M8_Stage5_PlausibleInteractions,SVR_RBF,RAW,18,-0.301528,45.010326,33.144435
WQI,M8_Stage5_PlausibleInteractions,SVR_RBF,RAW,19,-0.039783,39.31683,23.890128
WQI,M8_Stage5_PlausibleInteractions,SVR_RBF,RAW,20,-0.024657,11.121593,8.73689
WQI,M8_Stage5_PlausibleInteractions,SVR_RBF,RAW,21,-0.015807,13.511114,10.094803
WQI,M8_Stage5_PlausibleInteractions,SVR_RBF,RAW,22,-0.184133,36.190762,26.906871
WQI,M8_Stage5_PlausibleInteractions,SVR_RBF,RAW,23,-0.048686,38.806886,20.865809
WQI,M8_Stage5_PlausibleInteractions,SVR_RBF,RAW,24,-0.045483,9.623134,7.673222
WQI,M8_Stage5_PlausibleInteractions,SVR_RBF,RAW,25,-0.145526,30.96343,19.645643
Cd,M1_Core,Ridge,RAW,1,-6.207587,18.17602,16.212812
Cd,M1_Core,Ridge,RAW,2,-0.173797,34.44907,20.14279
Cd,M1_Core,Ridge,RAW,3,-4.879364,20.988721,18.534725
Cd,M1_Core,Ridge,RAW,4,-29.296201,12.015115,10.345672
Cd,M1_Core,Ridge,RAW,5,-0.208751,12.812487,9.776798
Cd,M1_Core,Ridge,RAW,6,-4.354175,16.548381,13.419806
Cd,M1_Core,Ridge,RAW,7,-0.00738,19.617105,15.873158
Cd,M1_Core,Ridge,RAW,8,-2.837811,13.510865,10.912828
Cd,M1_Core,Ridge,RAW,9,-0.047339,12.768723,11.432096
Cd,M1_Core,Ridge,RAW,10,-0.015528,29.252182,18.526445
Cd,M1_Core,Ridge,RAW,11,0.152296,17.429759,11.887616
Cd,M1_Core,Ridge,RAW,12,-4.197694,14.05491,13.378828
Cd,M1_Core,Ridge,RAW,13,-0.654482,14.810508,11.890712
Cd,M1_Core,Ridge,RAW,14,0.047018,27.591506,17.788651
Cd,M1_Core,Ridge,RAW,15,0.035958,10.970182,8.975235
Cd,M1_Core,Ridge,RAW,16,-2.49955,13.060509,11.766344
Cd,M1_Core,Ridge,RAW,17,-2.821205,12.879151,10.944237
Cd,M1_Core,Ridge,RAW,18,-0.122255,21.467025,17.318254
Cd,M1_Core,Ridge,RAW,19,0.090927,27.428753,16.761168
Cd,M1_Core,Ridge,RAW,20,-5.542944,10.962704,8.183307
Cd,M1_Core,Ridge,RAW,21,-0.022167,11.551037,9.914297
Cd,M1_Core,Ridge,RAW,22,0.225972,17.272056,11.643815
Cd,M1_Core,Ridge,RAW,23,0.022173,27.880614,17.573507
Cd,M1_Core,Ridge,RAW,24,-7.805244,17.631845,14.728648
Cd,M1_Core,Ridge,RAW,25,-0.824283,15.751272,13.922081
Cd,M1_Core,Lasso,RAW,1,-6.321432,18.319004,16.319944
Cd,M1_Core,Lasso,RAW,2,-0.17344,34.443825,20.18317
Cd,M1_Core,Lasso,RAW,3,-5.154273,21.473814,18.913392
Cd,M1_Core,Lasso,RAW,4,-29.421291,12.039894,10.302608
Cd,M1_Core,Lasso,RAW,5,-0.196732,12.748626,9.717786
Cd,M1_Core,Lasso,RAW,6,-4.429629,16.664579,13.48285
Cd,M1_Core,Lasso,RAW,7,-0.0077,19.620218,15.932357
Cd,M1_Core,Lasso,RAW,8,-3.052835,13.8842,11.154567
Cd,M1_Core,Lasso,RAW,9,-0.038705,12.715984,11.413139
Cd,M1_Core,Lasso,RAW,10,-0.020364,29.321751,18.552561
Cd,M1_Core,Lasso,RAW,11,0.150435,17.448884,11.921718
Cd,M1_Core,Lasso,RAW,12,-4.240661,14.112883,13.415798
Cd,M1_Core,Lasso,RAW,13,-0.680781,14.927755,11.992718
Cd,M1_Core,Lasso,RAW,14,0.046572,27.597975,17.792078
Cd,M1_Core,Lasso,RAW,15,0.046994,10.907211,8.951944
Cd,M1_Core,Lasso,RAW,16,-2.61628,13.276544,11.921716
Cd,M1_Core,Lasso,RAW,17,-2.939797,13.077478,11.1429
Cd,M1_Core,Lasso,RAW,18,-0.118982,21.435695,17.273974
Cd,M1_Core,Lasso,RAW,19,0.090855,27.429826,16.761163
Cd,M1_Core,Lasso,RAW,20,-5.50633,10.931988,8.1341
Cd,M1_Core,Lasso,RAW,21,-0.02741,11.580626,9.953846
Cd,M1_Core,Lasso,RAW,22,0.230528,17.221153,11.633528
Cd,M1_Core,Lasso,RAW,23,0.019222,27.922639,17.609136
Cd,M1_Core,Lasso,RAW,24,-7.896581,17.723057,14.709259
Cd,M1_Core,Lasso,RAW,25,-0.860638,15.907445,14.042256
Cd,M1_Core,HuberRegressor,RAW,1,-0.462024,8.186177,7.37102
Cd,M1_Core,HuberRegressor,RAW,2,-0.246746,35.503404,19.106784
Cd,M1_Core,HuberRegressor,RAW,3,-0.577127,10.870617,9.919618
Cd,M1_Core,HuberRegressor,RAW,4,-14.87913,8.698557,7.923526
Cd,M1_Core,HuberRegressor,RAW,5,-1.201446,17.290955,13.505615
Cd,M1_Core,HuberRegressor,RAW,6,-0.081098,7.436043,6.637114
Cd,M1_Core,HuberRegressor,RAW,7,-0.114092,20.629975,14.426672
Cd,M1_Core,HuberRegressor,RAW,8,-0.17851,7.487005,5.457004
Cd,M1_Core,HuberRegressor,RAW,9,0.076491,11.990149,8.243899
Cd,M1_Core,HuberRegressor,RAW,10,-0.156989,31.223161,17.197118
Cd,M1_Core,HuberRegressor,RAW,11,-0.133458,20.154499,11.340497
Cd,M1_Core,HuberRegressor,RAW,12,-1.583858,9.909621,9.276008
Cd,M1_Core,HuberRegressor,RAW,13,0.242539,10.021188,5.994905
Cd,M1_Core,HuberRegressor,RAW,14,-0.105146,29.71276,15.698312
Cd,M1_Core,HuberRegressor,RAW,15,-0.166311,12.066272,8.777615
Cd,M1_Core,HuberRegressor,RAW,16,-0.419721,8.318702,6.859281
Cd,M1_Core,HuberRegressor,RAW,17,-0.409478,7.82197,7.085376
Cd,M1_Core,HuberRegressor,RAW,18,-0.508354,24.887298,17.749854
Cd,M1_Core,HuberRegressor,RAW,19,-0.034159,29.255012,14.832328
Cd,M1_Core,HuberRegressor,RAW,20,-0.370137,5.016642,4.600332
Cd,M1_Core,HuberRegressor,RAW,21,-0.243984,12.742881,9.371083
Cd,M1_Core,HuberRegressor,RAW,22,-0.038035,20.001927,11.067355
Cd,M1_Core,HuberRegressor,RAW,23,-0.090767,29.446739,15.189449
Cd,M1_Core,HuberRegressor,RAW,24,-1.150314,8.713206,7.242171
Cd,M1_Core,HuberRegressor,RAW,25,-0.030314,11.837343,9.273129
Cd,M1_Core,SVR_RBF,RAW,1,-0.030661,6.873245,5.616141
Cd,M1_Core,SVR_RBF,RAW,2,-0.284671,36.039343,19.107971
Cd,M1_Core,SVR_RBF,RAW,3,0.11707,8.133623,6.849356
Cd,M1_Core,SVR_RBF,RAW,4,-1.796798,3.650601,3.020037
Cd,M1_Core,SVR_RBF,RAW,5,-1.433754,18.180394,14.250171
Cd,M1_Core,SVR_RBF,RAW,6,0.0383,7.013406,5.798467
Cd,M1_Core,SVR_RBF,RAW,7,-0.087798,20.385072,11.212184
Cd,M1_Core,SVR_RBF,RAW,8,-0.439498,8.274598,5.879092
Cd,M1_Core,SVR_RBF,RAW,9,-0.103008,13.103681,8.962555
Cd,M1_Core,SVR_RBF,RAW,10,-0.183354,31.576917,15.818028
Cd,M1_Core,SVR_RBF,RAW,11,-0.239783,21.078625,11.434661
Cd,M1_Core,SVR_RBF,RAW,12,-0.031759,6.261983,4.990691
Cd,M1_Core,SVR_RBF,RAW,13,-0.134684,12.26525,7.275182
Cd,M1_Core,SVR_RBF,RAW,14,-0.174723,30.633804,15.781743
Cd,M1_Core,SVR_RBF,RAW,15,-0.363944,13.048611,9.120856
Cd,M1_Core,SVR_RBF,RAW,16,0.178429,6.328149,4.386746
Cd,M1_Core,SVR_RBF,RAW,17,-0.494298,8.053889,6.881159
Cd,M1_Core,SVR_RBF,RAW,18,-0.669264,26.181141,18.354417
Cd,M1_Core,SVR_RBF,RAW,19,-0.092725,30.071984,15.088954
Cd,M1_Core,SVR_RBF,RAW,20,0.12796,4.002204,3.04919
Cd,M1_Core,SVR_RBF,RAW,21,-0.516857,14.071244,9.512689
Cd,M1_Core,SVR_RBF,RAW,22,-0.1164,20.743194,11.023437
Cd,M1_Core,SVR_RBF,RAW,23,-0.139891,30.102528,14.517849
Cd,M1_Core,SVR_RBF,RAW,24,0.207117,5.290925,3.572819
Cd,M1_Core,SVR_RBF,RAW,25,-0.156884,12.543377,9.346996
Cd,M2_Core_Salinity,Ridge,RAW,1,-5.658855,17.470432,15.685342
Cd,M2_Core_Salinity,Ridge,RAW,2,-0.204018,34.889711,20.544125
Cd,M2_Core_Salinity,Ridge,RAW,3,-4.387385,20.091381,18.007998
Cd,M2_Core_Salinity,Ridge,RAW,4,-26.002829,11.343275,9.438694
Cd,M2_Core_Salinity,Ridge,RAW,5,-0.583307,14.663832,11.421911
Cd,M2_Core_Salinity,Ridge,RAW,6,-4.243424,16.376336,13.296662
Cd,M2_Core_Salinity,Ridge,RAW,7,0.015349,19.394535,15.491419
Cd,M2_Core_Salinity,Ridge,RAW,8,-2.647136,13.170958,10.872368
Cd,M2_Core_Salinity,Ridge,RAW,9,-0.530372,15.43485,13.536908
Cd,M2_Core_Salinity,Ridge,RAW,10,-0.032087,29.489714,18.704997
Cd,M2_Core_Salinity,Ridge,RAW,11,0.130619,17.65121,12.255684
Cd,M2_Core_Salinity,Ridge,RAW,12,-4.248384,14.123278,13.364483
Cd,M2_Core_Salinity,Ridge,RAW,13,-0.520575,14.198513,11.082859
Cd,M2_Core_Salinity,Ridge,RAW,14,0.011834,28.096233,18.188531
Cd,M2_Core_Salinity,Ridge,RAW,15,-0.364452,13.051041,9.946691
Cd,M2_Core_Salinity,Ridge,RAW,16,-2.433735,12.937114,11.545972
Cd,M2_Core_Salinity,Ridge,RAW,17,-3.06878,13.289823,11.079925
Cd,M2_Core_Salinity,Ridge,RAW,18,-0.170641,21.924914,16.807834
Cd,M2_Core_Salinity,Ridge,RAW,19,0.081247,27.574394,16.864188
Cd,M2_Core_Salinity,Ridge,RAW,20,-5.030073,10.52428,7.990491
Cd,M2_Core_Salinity,Ridge,RAW,21,-0.412514,13.57865,10.995894
Cd,M2_Core_Salinity,Ridge,RAW,22,0.225856,17.273351,11.197117
Cd,M2_Core_Salinity,Ridge,RAW,23,-0.033747,28.666736,18.081639
Cd,M2_Core_Salinity,Ridge,RAW,24,-7.080868,16.891028,13.799589
Cd,M2_Core_Salinity,Ridge,RAW,25,-0.815909,15.715078,13.936712
Cd,M2_Core_Salinity,Lasso,RAW,1,-5.586469,17.375214,15.660445
Cd,M2_Core_Salinity,Lasso,RAW,2,-0.191441,34.707019,20.335103
Cd,M2_Core_Salinity,Lasso,RAW,3,-4.543048,20.379574,18.246667
Cd,M2_Core_Salinity,Lasso,RAW,4,-25.602296,11.258834,9.339949
Cd,M2_Core_Salinity,Lasso,RAW,5,-0.879577,15.97699,12.704123
Cd,M2_Core_Salinity,Lasso,RAW,6,-4.271634,16.420331,13.484169
Cd,M2_Core_Salinity,Lasso,RAW,7,0.001313,19.532278,15.773934
Cd,M2_Core_Salinity,Lasso,RAW,8,-2.911364,13.639722,11.38584
Cd,M2_Core_Salinity,Lasso,RAW,9,-0.965357,17.4914,14.85744
Cd,M2_Core_Salinity,Lasso,RAW,10,-0.033821,29.514473,18.676055
Cd,M2_Core_Salinity,Lasso,RAW,11,0.120895,17.74965,12.720633
Cd,M2_Core_Salinity,Lasso,RAW,12,-4.300181,14.192799,13.353246
Cd,M2_Core_Salinity,Lasso,RAW,13,-0.50864,14.142681,10.8933
Cd,M2_Core_Salinity,Lasso,RAW,14,0.013911,28.066697,18.195885
Cd,M2_Core_Salinity,Lasso,RAW,15,-0.767849,14.855545,11.22261
Cd,M2_Core_Salinity,Lasso,RAW,16,-2.64408,13.327478,12.035423
Cd,M2_Core_Salinity,Lasso,RAW,17,-3.376042,13.782493,11.378892
Cd,M2_Core_Salinity,Lasso,RAW,18,-0.217519,22.359592,16.76581
Cd,M2_Core_Salinity,Lasso,RAW,19,0.078179,27.620392,16.898853
Cd,M2_Core_Salinity,Lasso,RAW,20,-4.889478,10.400866,7.880614
Cd,M2_Core_Salinity,Lasso,RAW,21,-0.69492,14.874241,11.648984
Cd,M2_Core_Salinity,Lasso,RAW,22,0.22984,17.228848,10.974922
Cd,M2_Core_Salinity,Lasso,RAW,23,-0.021646,28.498463,18.021825
Cd,M2_Core_Salinity,Lasso,RAW,24,-7.200576,17.015678,13.755508
Cd,M2_Core_Salinity,Lasso,RAW,25,-0.891695,16.039656,14.341583
Cd,M2_Core_Salinity,HuberRegressor,RAW,1,-0.378118,7.947802,7.239243
Cd,M2_Core_Salinity,HuberRegressor,RAW,2,-0.245165,35.480884,19.096959
Cd,M2_Core_Salinity,HuberRegressor,RAW,3,-0.339116,10.016822,9.062685
Cd,M2_Core_Salinity,HuberRegressor,RAW,4,-16.136369,9.036354,8.307368
Cd,M2_Core_Salinity,HuberRegressor,RAW,5,-1.152555,17.097872,13.052111
Cd,M2_Core_Salinity,HuberRegressor,RAW,6,-0.067784,7.390111,6.653046
Cd,M2_Core_Salinity,HuberRegressor,RAW,7,-0.658815,25.173128,21.893684
Cd,M2_Core_Salinity,HuberRegressor,RAW,8,-0.142869,7.372922,5.437294
Cd,M2_Core_Salinity,HuberRegressor,RAW,9,-0.268698,14.053452,9.989088
Cd,M2_Core_Salinity,HuberRegressor,RAW,10,-0.141701,31.016188,17.044099
Cd,M2_Core_Salinity,HuberRegressor,RAW,11,-0.14861,20.288766,11.422972
Cd,M2_Core_Salinity,HuberRegressor,RAW,12,-1.533022,9.811652,9.245008
Cd,M2_Core_Salinity,HuberRegressor,RAW,13,0.254135,9.944182,5.773832
Cd,M2_Core_Salinity,HuberRegressor,RAW,14,-0.106764,29.734507,15.713605
Cd,M2_Core_Salinity,HuberRegressor,RAW,15,-0.247309,12.478231,8.293062
Cd,M2_Core_Salinity,HuberRegressor,RAW,16,-0.3603,8.142755,6.732586
Cd,M2_Core_Salinity,HuberRegressor,RAW,17,-0.369902,7.711376,6.882808
Cd,M2_Core_Salinity,HuberRegressor,RAW,18,-0.538985,25.138723,17.38488
Cd,M2_Core_Salinity,HuberRegressor,RAW,19,-0.000922,28.78106,14.403523
Cd,M2_Core_Salinity,HuberRegressor,RAW,20,-0.212083,4.718428,4.348281
Cd,M2_Core_Salinity,HuberRegressor,RAW,21,-0.409477,13.564041,9.018595
Cd,M2_Core_Salinity,HuberRegressor,RAW,22,-0.031463,19.938508,11.044182
Cd,M2_Core_Salinity,HuberRegressor,RAW,23,-0.14325,30.146837,16.060671
Cd,M2_Core_Salinity,HuberRegressor,RAW,24,-1.039673,8.486085,7.080869
Cd,M2_Core_Salinity,HuberRegressor,RAW,25,0.008196,11.614017,9.105225
Cd,M2_Core_Salinity,SVR_RBF,RAW,1,-0.043372,6.915497,5.628826
Cd,M2_Core_Salinity,SVR_RBF,RAW,2,-0.27836,35.950713,19.097289
Cd,M2_Core_Salinity,SVR_RBF,RAW,3,0.110367,8.164438,6.875416
Cd,M2_Core_Salinity,SVR_RBF,RAW,4,-1.873847,3.700545,3.069025
Cd,M2_Core_Salinity,SVR_RBF,RAW,5,-1.455695,18.262162,14.315212
Cd,M2_Core_Salinity,SVR_RBF,RAW,6,0.007429,7.125085,5.809097
Cd,M2_Core_Salinity,SVR_RBF,RAW,7,-0.07999,20.311785,11.224465
Cd,M2_Core_Salinity,SVR_RBF,RAW,8,-0.448327,8.299935,5.911424
Cd,M2_Core_Salinity,SVR_RBF,RAW,9,-0.127361,13.247542,9.046181
Cd,M2_Core_Salinity,SVR_RBF,RAW,10,-0.181125,31.547159,15.856163
Cd,M2_Core_Salinity,SVR_RBF,RAW,11,-0.250491,21.169455,11.523534
Cd,M2_Core_Salinity,SVR_RBF,RAW,12,-0.006582,6.185107,4.926876
Cd,M2_Core_Salinity,SVR_RBF,RAW,13,-0.117766,12.17347,7.230432
Cd,M2_Core_Salinity,SVR_RBF,RAW,14,-0.17551,30.644066,15.783871
Cd,M2_Core_Salinity,SVR_RBF,RAW,15,-0.36966,13.075924,9.134937
Cd,M2_Core_Salinity,SVR_RBF,RAW,16,0.169594,6.362084,4.392971
Cd,M2_Core_Salinity,SVR_RBF,RAW,17,-0.488296,8.037699,6.86652
Cd,M2_Core_Salinity,SVR_RBF,RAW,18,-0.681507,26.276979,18.374979
Cd,M2_Core_Salinity,SVR_RBF,RAW,19,-0.091361,30.053209,15.089202
Cd,M2_Core_Salinity,SVR_RBF,RAW,20,0.132384,3.992039,3.064799
Cd,M2_Core_Salinity,SVR_RBF,RAW,21,-0.545749,14.204619,9.59532
Cd,M2_Core_Salinity,SVR_RBF,RAW,22,-0.112785,20.709583,11.015632
Cd,M2_Core_Salinity,SVR_RBF,RAW,23,-0.147714,30.205647,14.594925
Cd,M2_Core_Salinity,SVR_RBF,RAW,24,0.176221,5.393024,3.763673
Cd,M2_Core_Salinity,SVR_RBF,RAW,25,-0.156977,12.54388,9.369974
Cd,M3_Core_IonRatios,Ridge,RAW,1,-11.40478,23.845058,19.510618
Cd,M3_Core_IonRatios,Ridge,RAW,2,-0.207452,34.939444,23.229173
Cd,M3_Core_IonRatios,Ridge,RAW,3,-3.997274,19.350286,17.128489
Cd,M3_Core_IonRatios,Ridge,RAW,4,-29.429847,12.041587,10.48567
Cd,M3_Core_IonRatios,Ridge,RAW,5,-0.483994,14.196493,12.190305
Cd,M3_Core_IonRatios,Ridge,RAW,6,-5.449875,18.162888,15.765082
Cd,M3_Core_IonRatios,Ridge,RAW,7,-0.022024,19.759176,16.286645
Cd,M3_Core_IonRatios,Ridge,RAW,8,-2.664094,13.201543,10.74789
Cd,M3_Core_IonRatios,Ridge,RAW,9,0.169144,11.372781,9.557512
Cd,M3_Core_IonRatios,Ridge,RAW,10,-0.02181,29.342525,17.519499
Cd,M3_Core_IonRatios,Ridge,RAW,11,0.062425,18.330416,12.131575
Cd,M3_Core_IonRatios,Ridge,RAW,12,-4.736279,14.765149,13.757908
Cd,M3_Core_IonRatios,Ridge,RAW,13,-1.303879,17.477076,15.442248
Cd,M3_Core_IonRatios,Ridge,RAW,14,-0.453279,34.072786,23.446003
Cd,M3_Core_IonRatios,Ridge,RAW,15,0.068334,10.784404,9.103855
Cd,M3_Core_IonRatios,Ridge,RAW,16,-1.514566,11.070966,10.265516
Cd,M3_Core_IonRatios,Ridge,RAW,17,-2.686726,12.650495,11.149028
Cd,M3_Core_IonRatios,Ridge,RAW,18,-0.299937,23.104,17.981399
Cd,M3_Core_IonRatios,Ridge,RAW,19,0.024098,28.419061,17.809923
Cd,M3_Core_IonRatios,Ridge,RAW,20,-6.104544,11.4235,9.241872
Cd,M3_Core_IonRatios,Ridge,RAW,21,0.025104,11.280786,9.998943
Cd,M3_Core_IonRatios,Ridge,RAW,22,0.042986,19.205466,14.142404
Cd,M3_Core_IonRatios,Ridge,RAW,23,-0.339773,32.635239,20.50809
Cd,M3_Core_IonRatios,Ridge,RAW,24,-9.396156,19.158586,17.025831
Cd,M3_Core_IonRatios,Ridge,RAW,25,-0.968982,16.364034,14.688959
Cd,M3_Core_IonRatios,Lasso,RAW,1,-13.203437,25.515294,20.44329
Cd,M3_Core_IonRatios,Lasso,RAW,2,-0.212004,35.005237,23.374632
Cd,M3_Core_IonRatios,Lasso,RAW,3,-4.377986,20.073848,17.729951
Cd,M3_Core_IonRatios,Lasso,RAW,4,-29.298525,12.015576,10.392442
Cd,M3_Core_IonRatios,Lasso,RAW,5,-0.490091,14.225623,12.213122
Cd,M3_Core_IonRatios,Lasso,RAW,6,-5.670835,18.47138,16.052515
Cd,M3_Core_IonRatios,Lasso,RAW,7,-0.030485,19.840795,16.445203
Cd,M3_Core_IonRatios,Lasso,RAW,8,-2.877858,13.581174,11.007262
Cd,M3_Core_IonRatios,Lasso,RAW,9,0.171821,11.354451,9.673003
Cd,M3_Core_IonRatios,Lasso,RAW,10,-0.059798,29.882975,17.869306
Cd,M3_Core_IonRatios,Lasso,RAW,11,0.041866,18.530302,12.394976
Cd,M3_Core_IonRatios,Lasso,RAW,12,-4.798864,14.845477,13.796047
Cd,M3_Core_IonRatios,Lasso,RAW,13,-1.381757,17.770009,15.647117
Cd,M3_Core_IonRatios,Lasso,RAW,14,-0.500803,34.625416,23.905413
Cd,M3_Core_IonRatios,Lasso,RAW,15,0.073474,10.75461,9.071625
Cd,M3_Core_IonRatios,Lasso,RAW,16,-1.586781,11.228812,10.401605
Cd,M3_Core_IonRatios,Lasso,RAW,17,-2.84763,12.923607,11.286618
Cd,M3_Core_IonRatios,Lasso,RAW,18,-0.367622,23.697856,18.245132
Cd,M3_Core_IonRatios,Lasso,RAW,19,0.017945,28.508502,17.293049
Cd,M3_Core_IonRatios,Lasso,RAW,20,-6.272924,11.558078,9.303749
Cd,M3_Core_IonRatios,Lasso,RAW,21,0.02228,11.297112,10.003952
Cd,M3_Core_IonRatios,Lasso,RAW,22,0.035894,19.276502,14.15856
Cd,M3_Core_IonRatios,Lasso,RAW,23,-0.371505,33.019457,20.643063
Cd,M3_Core_IonRatios,Lasso,RAW,24,-9.54646,19.296584,17.105985
Cd,M3_Core_IonRatios,Lasso,RAW,25,-1.164107,17.155718,15.761984
Cd,M3_Core_IonRatios,HuberRegressor,RAW,1,-3.093875,13.698441,10.901474
Cd,M3_Core_IonRatios,HuberRegressor,RAW,2,-0.255596,35.629182,21.397753
Cd,M3_Core_IonRatios,HuberRegressor,RAW,3,-0.99877,12.237769,10.537947
Cd,M3_Core_IonRatios,HuberRegressor,RAW,4,-28.664838,11.88926,10.133743
Cd,M3_Core_IonRatios,HuberRegressor,RAW,5,-1.22927,17.399881,13.644967
Cd,M3_Core_IonRatios,HuberRegressor,RAW,6,-0.145419,7.654053,6.847454
Cd,M3_Core_IonRatios,HuberRegressor,RAW,7,-0.08788,20.385843,16.307677
Cd,M3_Core_IonRatios,HuberRegressor,RAW,8,-0.131909,7.337482,5.639298
Cd,M3_Core_IonRatios,HuberRegressor,RAW,9,0.02312,12.331743,8.906043
Cd,M3_Core_IonRatios,HuberRegressor,RAW,10,-0.163659,31.31304,17.466019
Cd,M3_Core_IonRatios,HuberRegressor,RAW,11,-0.311321,21.678229,12.314566
Cd,M3_Core_IonRatios,HuberRegressor,RAW,12,-1.822043,10.356298,9.560315
Cd,M3_Core_IonRatios,HuberRegressor,RAW,13,-0.068352,11.901344,9.608386
Cd,M3_Core_IonRatios,HuberRegressor,RAW,14,-0.220047,31.219175,19.824318
Cd,M3_Core_IonRatios,HuberRegressor,RAW,15,-0.184297,12.158956,8.431602
Cd,M3_Core_IonRatios,HuberRegressor,RAW,16,-0.363678,8.152859,7.192897
Cd,M3_Core_IonRatios,HuberRegressor,RAW,17,-0.50839,8.091776,7.547056
Cd,M3_Core_IonRatios,HuberRegressor,RAW,18,-0.701694,26.434237,18.256256
Cd,M3_Core_IonRatios,HuberRegressor,RAW,19,-0.048364,29.455247,16.468296
Cd,M3_Core_IonRatios,HuberRegressor,RAW,20,-2.401682,7.904564,6.129385
Cd,M3_Core_IonRatios,HuberRegressor,RAW,21,-0.300477,13.029011,9.47722
Cd,M3_Core_IonRatios,HuberRegressor,RAW,22,-0.140671,20.967472,13.049805
Cd,M3_Core_IonRatios,HuberRegressor,RAW,23,-0.234096,31.321727,18.455651
Cd,M3_Core_IonRatios,HuberRegressor,RAW,24,-2.326259,10.8369,9.224975
Cd,M3_Core_IonRatios,HuberRegressor,RAW,25,-0.148866,12.499832,10.539695
Cd,M3_Core_IonRatios,SVR_RBF,RAW,1,0.036414,6.64583,5.426801
Cd,M3_Core_IonRatios,SVR_RBF,RAW,2,-0.274186,35.891979,18.86498
Cd,M3_Core_IonRatios,SVR_RBF,RAW,3,0.126887,8.088277,6.76289
Cd,M3_Core_IonRatios,SVR_RBF,RAW,4,-1.710818,3.594049,2.956166
Cd,M3_Core_IonRatios,SVR_RBF,RAW,5,-1.528668,18.531512,14.607109
Cd,M3_Core_IonRatios,SVR_RBF,RAW,6,-0.021024,7.226488,6.148871
Cd,M3_Core_IonRatios,SVR_RBF,RAW,7,-0.114414,20.632962,10.979981
Cd,M3_Core_IonRatios,SVR_RBF,RAW,8,-0.410067,8.189573,5.746296
Cd,M3_Core_IonRatios,SVR_RBF,RAW,9,-0.113197,13.164062,8.941011
Cd,M3_Core_IonRatios,SVR_RBF,RAW,10,-0.168768,31.381699,15.7122
Cd,M3_Core_IonRatios,SVR_RBF,RAW,11,-0.269896,21.333077,11.441225
Cd,M3_Core_IonRatios,SVR_RBF,RAW,12,-0.038741,6.283135,5.032698
Cd,M3_Core_IonRatios,SVR_RBF,RAW,13,-0.106168,12.110148,7.267471
Cd,M3_Core_IonRatios,SVR_RBF,RAW,14,-0.164826,30.504482,15.581149
Cd,M3_Core_IonRatios,SVR_RBF,RAW,15,-0.384646,13.147262,8.995094
Cd,M3_Core_IonRatios,SVR_RBF,RAW,16,0.170647,6.358047,4.431469
Cd,M3_Core_IonRatios,SVR_RBF,RAW,17,-0.496956,8.061051,6.849635
Cd,M3_Core_IonRatios,SVR_RBF,RAW,18,-0.74116,26.739017,18.63332
Cd,M3_Core_IonRatios,SVR_RBF,RAW,19,-0.079469,29.889017,15.004362
Cd,M3_Core_IonRatios,SVR_RBF,RAW,20,0.17397,3.895194,2.997099
Cd,M3_Core_IonRatios,SVR_RBF,RAW,21,-0.559418,14.267286,9.54791
Cd,M3_Core_IonRatios,SVR_RBF,RAW,22,-0.140949,20.970026,10.98321
Cd,M3_Core_IonRatios,SVR_RBF,RAW,23,-0.130256,29.975031,14.35189
Cd,M3_Core_IonRatios,SVR_RBF,RAW,24,0.220023,5.247686,3.753654
Cd,M3_Core_IonRatios,SVR_RBF,RAW,25,-0.16059,12.563451,9.468089
Cd,M4_Core_IonExchange,Ridge,RAW,1,-5.317821,17.017177,15.445224
Cd,M4_Core_IonExchange,Ridge,RAW,2,-0.147394,34.059422,20.30982
Cd,M4_Core_IonExchange,Ridge,RAW,3,-3.900501,19.162008,16.989181
Cd,M4_Core_IonExchange,Ridge,RAW,4,-28.175817,11.790856,10.105903
Cd,M4_Core_IonExchange,Ridge,RAW,5,-0.49675,14.257373,12.0341
Cd,M4_Core_IonExchange,Ridge,RAW,6,-4.57206,16.881738,14.7253
Cd,M4_Core_IonExchange,Ridge,RAW,7,0.053497,19.015121,14.806839
Cd,M4_Core_IonExchange,Ridge,RAW,8,-2.355123,12.632683,10.876237
Cd,M4_Core_IonExchange,Ridge,RAW,9,0.150979,11.496432,9.655184
Cd,M4_Core_IonExchange,Ridge,RAW,10,0.021211,28.718174,17.758758
Cd,M4_Core_IonExchange,Ridge,RAW,11,0.182264,17.1189,11.236601
Cd,M4_Core_IonExchange,Ridge,RAW,12,-4.688151,14.703078,13.711338
Cd,M4_Core_IonExchange,Ridge,RAW,13,-0.434648,13.791504,10.978548
Cd,M4_Core_IonExchange,Ridge,RAW,14,0.060603,27.394148,17.042484
Cd,M4_Core_IonExchange,Ridge,RAW,15,-0.26915,12.587008,10.640657
Cd,M4_Core_IonExchange,Ridge,RAW,16,-1.362477,10.730941,9.858284
Cd,M4_Core_IonExchange,Ridge,RAW,17,-2.436547,12.213728,10.959765
Cd,M4_Core_IonExchange,Ridge,RAW,18,-0.10123,21.264987,17.512722
Cd,M4_Core_IonExchange,Ridge,RAW,19,0.111822,27.111683,16.209043
Cd,M4_Core_IonExchange,Ridge,RAW,20,-7.841074,12.74335,10.368158
Cd,M4_Core_IonExchange,Ridge,RAW,21,-0.199263,12.511733,11.05924
Cd,M4_Core_IonExchange,Ridge,RAW,22,0.227195,17.258404,11.48648
Cd,M4_Core_IonExchange,Ridge,RAW,23,0.049144,27.493408,17.908697
Cd,M4_Core_IonExchange,Ridge,RAW,24,-6.770044,16.562992,13.873046
Cd,M4_Core_IonExchange,Ridge,RAW,25,-0.646582,14.964467,13.217454
Cd,M4_Core_IonExchange,Lasso,RAW,1,-5.46421,17.213198,15.608293
Cd,M4_Core_IonExchange,Lasso,RAW,2,-0.148287,34.072679,20.268924
Cd,M4_Core_IonExchange,Lasso,RAW,3,-4.249223,19.832083,17.539759
Cd,M4_Core_IonExchange,Lasso,RAW,4,-28.978927,11.952036,10.163042
Cd,M4_Core_IonExchange,Lasso,RAW,5,-0.52001,14.367731,12.178267
Cd,M4_Core_IonExchange,Lasso,RAW,6,-4.750886,17.150494,14.977078
Cd,M4_Core_IonExchange,Lasso,RAW,7,0.046202,19.088259,14.996254
Cd,M4_Core_IonExchange,Lasso,RAW,8,-2.507832,12.916973,11.092825
Cd,M4_Core_IonExchange,Lasso,RAW,9,0.139886,11.571297,9.774133
Cd,M4_Core_IonExchange,Lasso,RAW,10,0.015311,28.804603,17.835189
Cd,M4_Core_IonExchange,Lasso,RAW,11,0.18126,17.129412,11.270159
Cd,M4_Core_IonExchange,Lasso,RAW,12,-4.754857,14.789039,13.787867
Cd,M4_Core_IonExchange,Lasso,RAW,13,-0.469584,13.958417,11.170185
Cd,M4_Core_IonExchange,Lasso,RAW,14,0.054329,27.485467,16.970713
Cd,M4_Core_IonExchange,Lasso,RAW,15,-0.296935,12.724041,10.760548
Cd,M4_Core_IonExchange,Lasso,RAW,16,-1.503107,11.045712,10.14152
Cd,M4_Core_IonExchange,Lasso,RAW,17,-2.538382,12.39337,11.063008
Cd,M4_Core_IonExchange,Lasso,RAW,18,-0.100041,21.253502,17.520822
Cd,M4_Core_IonExchange,Lasso,RAW,19,0.110275,27.13529,16.178067
Cd,M4_Core_IonExchange,Lasso,RAW,20,-8.514402,13.219707,10.683804
Cd,M4_Core_IonExchange,Lasso,RAW,21,-0.213263,12.584548,11.118911
Cd,M4_Core_IonExchange,Lasso,RAW,22,0.225083,17.28198,11.504092
Cd,M4_Core_IonExchange,Lasso,RAW,23,0.045756,27.542342,17.941164
Cd,M4_Core_IonExchange,Lasso,RAW,24,-6.930483,16.733119,14.076719
Cd,M4_Core_IonExchange,Lasso,RAW,25,-0.694698,15.181533,13.393978
Cd,M4_Core_IonExchange,HuberRegressor,RAW,1,-0.383619,7.963649,7.283254
Cd,M4_Core_IonExchange,HuberRegressor,RAW,2,-0.220704,35.130647,19.664715
Cd,M4_Core_IonExchange,HuberRegressor,RAW,3,-0.722369,11.360145,10.270535
Cd,M4_Core_IonExchange,HuberRegressor,RAW,4,-15.556707,8.882206,8.045842
Cd,M4_Core_IonExchange,HuberRegressor,RAW,5,-1.23549,17.424139,13.713937
Cd,M4_Core_IonExchange,HuberRegressor,RAW,6,-0.025939,7.243861,6.335614
Cd,M4_Core_IonExchange,HuberRegressor,RAW,7,-0.107262,20.56664,14.339774
Cd,M4_Core_IonExchange,HuberRegressor,RAW,8,-0.195186,7.539789,5.639147
Cd,M4_Core_IonExchange,HuberRegressor,RAW,9,0.085989,11.928326,7.661485
Cd,M4_Core_IonExchange,HuberRegressor,RAW,10,-0.13234,30.888776,17.031247
Cd,M4_Core_IonExchange,HuberRegressor,RAW,11,-0.126332,20.091047,11.097406
Cd,M4_Core_IonExchange,HuberRegressor,RAW,12,-1.780717,10.280188,9.854942
Cd,M4_Core_IonExchange,HuberRegressor,RAW,13,0.17954,10.429597,6.924156
Cd,M4_Core_IonExchange,HuberRegressor,RAW,14,-0.106214,29.727109,16.207346
Cd,M4_Core_IonExchange,HuberRegressor,RAW,15,-0.196623,12.222064,8.350997
Cd,M4_Core_IonExchange,HuberRegressor,RAW,16,-0.352304,8.118788,6.725763
Cd,M4_Core_IonExchange,HuberRegressor,RAW,17,-0.383674,7.75004,7.086247
Cd,M4_Core_IonExchange,HuberRegressor,RAW,18,-0.510117,24.901835,17.764394
Cd,M4_Core_IonExchange,HuberRegressor,RAW,19,-0.021637,29.077362,14.967246
Cd,M4_Core_IonExchange,HuberRegressor,RAW,20,-9.3e-05,4.285992,3.717909
Cd,M4_Core_IonExchange,HuberRegressor,RAW,21,-0.274094,12.896174,8.747437
Cd,M4_Core_IonExchange,HuberRegressor,RAW,22,-0.054259,20.157631,12.017737
Cd,M4_Core_IonExchange,HuberRegressor,RAW,23,-0.06015,29.030522,15.442535
Cd,M4_Core_IonExchange,HuberRegressor,RAW,24,-1.041582,8.490055,7.65091
Cd,M4_Core_IonExchange,HuberRegressor,RAW,25,-0.007644,11.706394,8.932079
Cd,M4_Core_IonExchange,SVR_RBF,RAW,1,-0.013249,6.81494,5.579415
Cd,M4_Core_IonExchange,SVR_RBF,RAW,2,-0.269481,35.825657,18.884358
Cd,M4_Core_IonExchange,SVR_RBF,RAW,3,0.120553,8.117561,6.755919
Cd,M4_Core_IonExchange,SVR_RBF,RAW,4,-1.528046,3.470774,2.838214
Cd,M4_Core_IonExchange,SVR_RBF,RAW,5,-1.479687,18.351153,14.425499
Cd,M4_Core_IonExchange,SVR_RBF,RAW,6,0.016685,7.091784,6.023774
Cd,M4_Core_IonExchange,SVR_RBF,RAW,7,-0.078145,20.294424,11.026923
Cd,M4_Core_IonExchange,SVR_RBF,RAW,8,-0.434291,8.25962,5.795887
Cd,M4_Core_IonExchange,SVR_RBF,RAW,9,-0.088934,13.019811,8.869825
Cd,M4_Core_IonExchange,SVR_RBF,RAW,10,-0.179066,31.519645,15.663172
Cd,M4_Core_IonExchange,SVR_RBF,RAW,11,-0.222244,20.928996,11.344819
Cd,M4_Core_IonExchange,SVR_RBF,RAW,12,-0.00491,6.179969,4.883034
Cd,M4_Core_IonExchange,SVR_RBF,RAW,13,-0.113329,12.149286,7.123395
Cd,M4_Core_IonExchange,SVR_RBF,RAW,14,-0.177945,30.675781,15.76349
Cd,M4_Core_IonExchange,SVR_RBF,RAW,15,-0.347331,12.9689,8.961469
Cd,M4_Core_IonExchange,SVR_RBF,RAW,16,0.170692,6.357876,4.359168
Cd,M4_Core_IonExchange,SVR_RBF,RAW,17,-0.478357,8.010815,6.818069
Cd,M4_Core_IonExchange,SVR_RBF,RAW,18,-0.650843,26.03628,18.289417
Cd,M4_Core_IonExchange,SVR_RBF,RAW,19,-0.082426,29.929925,14.917298
Cd,M4_Core_IonExchange,SVR_RBF,RAW,20,0.152322,3.945905,2.981912
Cd,M4_Core_IonExchange,SVR_RBF,RAW,21,-0.537387,14.166148,9.524588
Cd,M4_Core_IonExchange,SVR_RBF,RAW,22,-0.109853,20.682284,10.932658
Cd,M4_Core_IonExchange,SVR_RBF,RAW,23,-0.130855,29.982966,14.467871
Cd,M4_Core_IonExchange,SVR_RBF,RAW,24,0.241544,5.174784,3.504848
Cd,M4_Core_IonExchange,SVR_RBF,RAW,25,-0.149413,12.502807,9.28904
Cd,M5_Core_DepthInteractions,Ridge,RAW,1,-7.302416,19.507701,16.957729
Cd,M5_Core_DepthInteractions,Ridge,RAW,2,-0.208792,34.958824,20.445946
Cd,M5_Core_DepthInteractions,Ridge,RAW,3,-6.226535,23.269436,20.854473
Cd,M5_Core_DepthInteractions,Ridge,RAW,4,-33.733114,12.864879,11.001766
Cd,M5_Core_DepthInteractions,Ridge,RAW,5,-0.265103,13.107741,10.08218
Cd,M5_Core_DepthInteractions,Ridge,RAW,6,-5.798673,18.647531,14.319728
Cd,M5_Core_DepthInteractions,Ridge,RAW,7,-0.000858,19.553495,15.830688
Cd,M5_Core_DepthInteractions,Ridge,RAW,8,-2.915674,13.647234,10.993717
Cd,M5_Core_DepthInteractions,Ridge,RAW,9,-0.148753,13.372644,11.90302
Cd,M5_Core_DepthInteractions,Ridge,RAW,10,-0.020238,29.319945,18.457741
Cd,M5_Core_DepthInteractions,Ridge,RAW,11,0.154393,17.408193,11.968992
Cd,M5_Core_DepthInteractions,Ridge,RAW,12,-4.299907,14.192432,13.505941
Cd,M5_Core_DepthInteractions,Ridge,RAW,13,-1.76729,19.154299,13.540471
Cd,M5_Core_DepthInteractions,Ridge,RAW,14,0.050717,27.537917,17.843528
Cd,M5_Core_DepthInteractions,Ridge,RAW,15,-0.018231,11.274289,9.095934
Cd,M5_Core_DepthInteractions,Ridge,RAW,16,-2.717221,13.460562,12.507857
Cd,M5_Core_DepthInteractions,Ridge,RAW,17,-2.759536,12.774803,10.841883
Cd,M5_Core_DepthInteractions,Ridge,RAW,18,-0.18044,22.016487,18.441696
Cd,M5_Core_DepthInteractions,Ridge,RAW,19,0.082664,27.55312,16.775028
Cd,M5_Core_DepthInteractions,Ridge,RAW,20,-11.377055,15.077862,9.813544
Cd,M5_Core_DepthInteractions,Ridge,RAW,21,-0.347271,13.261348,11.107521
Cd,M5_Core_DepthInteractions,Ridge,RAW,22,0.234083,17.181324,11.594059
Cd,M5_Core_DepthInteractions,Ridge,RAW,23,0.023506,27.861598,17.585533
Cd,M5_Core_DepthInteractions,Ridge,RAW,24,-15.988807,24.491112,17.892527
Cd,M5_Core_DepthInteractions,Ridge,RAW,25,-0.850398,15.863613,14.029449
Cd,M5_Core_DepthInteractions,Lasso,RAW,1,-7.325613,19.534934,17.040323
Cd,M5_Core_DepthInteractions,Lasso,RAW,2,-0.205257,34.907666,20.430682
Cd,M5_Core_DepthInteractions,Lasso,RAW,3,-7.005189,24.491004,21.95161
Cd,M5_Core_DepthInteractions,Lasso,RAW,4,-34.305448,12.97044,11.004721
Cd,M5_Core_DepthInteractions,Lasso,RAW,5,-0.252271,13.041097,10.022575
Cd,M5_Core_DepthInteractions,Lasso,RAW,6,-5.603646,18.378123,14.269884
Cd,M5_Core_DepthInteractions,Lasso,RAW,7,-0.00122,19.557037,15.887058
Cd,M5_Core_DepthInteractions,Lasso,RAW,8,-3.135689,14.025402,11.241745
Cd,M5_Core_DepthInteractions,Lasso,RAW,9,-0.182319,13.566606,12.035151
Cd,M5_Core_DepthInteractions,Lasso,RAW,10,-0.022134,29.347165,18.558307
Cd,M5_Core_DepthInteractions,Lasso,RAW,11,0.159631,17.354187,11.963353
Cd,M5_Core_DepthInteractions,Lasso,RAW,12,-4.376261,14.294299,13.586828
Cd,M5_Core_DepthInteractions,Lasso,RAW,13,-2.223313,20.672365,14.23798
Cd,M5_Core_DepthInteractions,Lasso,RAW,14,0.047835,27.579676,17.799446
Cd,M5_Core_DepthInteractions,Lasso,RAW,15,-0.017455,11.26999,9.106518
Cd,M5_Core_DepthInteractions,Lasso,RAW,16,-2.852082,13.702562,12.705573
Cd,M5_Core_DepthInteractions,Lasso,RAW,17,-2.930944,13.062776,11.11545
Cd,M5_Core_DepthInteractions,Lasso,RAW,18,-0.189754,22.103174,18.639725
Cd,M5_Core_DepthInteractions,Lasso,RAW,19,0.086763,27.491489,16.758928
Cd,M5_Core_DepthInteractions,Lasso,RAW,20,-12.174941,15.556269,9.957402
Cd,M5_Core_DepthInteractions,Lasso,RAW,21,-0.469824,13.851373,11.478776
Cd,M5_Core_DepthInteractions,Lasso,RAW,22,0.23271,17.196713,11.580222
Cd,M5_Core_DepthInteractions,Lasso,RAW,23,0.019161,27.923517,17.616677
Cd,M5_Core_DepthInteractions,Lasso,RAW,24,-18.18912,26.028828,18.452902
Cd,M5_Core_DepthInteractions,Lasso,RAW,25,-0.89179,16.040061,14.174525
Cd,M5_Core_DepthInteractions,HuberRegressor,RAW,1,-2.26807,12.239101,10.323544
Cd,M5_Core_DepthInteractions,HuberRegressor,RAW,2,-0.318632,36.512608,20.05015
Cd,M5_Core_DepthInteractions,HuberRegressor,RAW,3,-0.460704,10.461693,9.474493
Cd,M5_Core_DepthInteractions,HuberRegressor,RAW,4,-13.631387,8.34981,7.81601
Cd,M5_Core_DepthInteractions,HuberRegressor,RAW,5,-1.21261,17.334742,13.552655
Cd,M5_Core_DepthInteractions,HuberRegressor,RAW,6,-2.03441,12.457945,9.694242
Cd,M5_Core_DepthInteractions,HuberRegressor,RAW,7,-0.142044,20.887174,14.641319
Cd,M5_Core_DepthInteractions,HuberRegressor,RAW,8,-0.362336,8.049771,6.443747
Cd,M5_Core_DepthInteractions,HuberRegressor,RAW,9,0.079658,11.969568,8.771577
Cd,M5_Core_DepthInteractions,HuberRegressor,RAW,10,-0.325959,33.425461,18.54049
Cd,M5_Core_DepthInteractions,HuberRegressor,RAW,11,-0.304993,21.625864,13.892649
Cd,M5_Core_DepthInteractions,HuberRegressor,RAW,12,-1.479182,9.706819,9.092149
Cd,M5_Core_DepthInteractions,HuberRegressor,RAW,13,-1.153836,16.898389,12.485341
Cd,M5_Core_DepthInteractions,HuberRegressor,RAW,14,-0.105519,29.717766,15.643901
Cd,M5_Core_DepthInteractions,HuberRegressor,RAW,15,-0.072648,11.571632,8.711143
Cd,M5_Core_DepthInteractions,HuberRegressor,RAW,16,-0.429225,8.346499,6.65602
Cd,M5_Core_DepthInteractions,HuberRegressor,RAW,17,-0.451374,7.937371,7.21743
Cd,M5_Core_DepthInteractions,HuberRegressor,RAW,18,-0.505628,24.864801,17.656566
Cd,M5_Core_DepthInteractions,HuberRegressor,RAW,19,-0.082677,29.933405,15.045955
Cd,M5_Core_DepthInteractions,HuberRegressor,RAW,20,-8.134809,12.953312,9.65921
Cd,M5_Core_DepthInteractions,HuberRegressor,RAW,21,-0.226681,12.653945,9.403199
Cd,M5_Core_DepthInteractions,HuberRegressor,RAW,22,-0.096153,20.554238,12.147409
Cd,M5_Core_DepthInteractions,HuberRegressor,RAW,23,-0.117917,29.810959,15.039638
Cd,M5_Core_DepthInteractions,HuberRegressor,RAW,24,-5.86564,15.569246,11.054577
Cd,M5_Core_DepthInteractions,HuberRegressor,RAW,25,-0.155743,12.537188,10.127964
Cd,M5_Core_DepthInteractions,SVR_RBF,RAW,1,-0.002125,6.777425,5.472737
Cd,M5_Core_DepthInteractions,SVR_RBF,RAW,2,-0.298691,36.235475,19.295324
Cd,M5_Core_DepthInteractions,SVR_RBF,RAW,3,0.120232,8.119043,6.8214
Cd,M5_Core_DepthInteractions,SVR_RBF,RAW,4,-1.980467,3.768565,3.075429
Cd,M5_Core_DepthInteractions,SVR_RBF,RAW,5,-1.440924,18.207156,14.283562
Cd,M5_Core_DepthInteractions,SVR_RBF,RAW,6,0.046414,6.983759,5.695409
Cd,M5_Core_DepthInteractions,SVR_RBF,RAW,7,-0.104563,20.541561,11.257571
Cd,M5_Core_DepthInteractions,SVR_RBF,RAW,8,-0.451191,8.308137,5.91841
Cd,M5_Core_DepthInteractions,SVR_RBF,RAW,9,-0.116929,13.186109,9.006519
Cd,M5_Core_DepthInteractions,SVR_RBF,RAW,10,-0.202859,31.836081,15.873775
Cd,M5_Core_DepthInteractions,SVR_RBF,RAW,11,-0.253589,21.195662,11.429158
Cd,M5_Core_DepthInteractions,SVR_RBF,RAW,12,0.011675,6.12876,4.821526
Cd,M5_Core_DepthInteractions,SVR_RBF,RAW,13,-0.142983,12.310023,7.349764
Cd,M5_Core_DepthInteractions,SVR_RBF,RAW,14,-0.188736,30.815968,15.82573
Cd,M5_Core_DepthInteractions,SVR_RBF,RAW,15,-0.357653,13.018482,9.140384
Cd,M5_Core_DepthInteractions,SVR_RBF,RAW,16,0.188612,6.288806,4.361587
Cd,M5_Core_DepthInteractions,SVR_RBF,RAW,17,-0.504896,8.0824,6.925077
Cd,M5_Core_DepthInteractions,SVR_RBF,RAW,18,-0.68413,26.297462,18.379683
Cd,M5_Core_DepthInteractions,SVR_RBF,RAW,19,-0.109251,30.29853,15.083026
Cd,M5_Core_DepthInteractions,SVR_RBF,RAW,20,0.040976,4.197067,3.238493
Cd,M5_Core_DepthInteractions,SVR_RBF,RAW,21,-0.518394,14.078371,9.546175
Cd,M5_Core_DepthInteractions,SVR_RBF,RAW,22,-0.142104,20.980639,11.206565
Cd,M5_Core_DepthInteractions,SVR_RBF,RAW,23,-0.156312,30.318567,14.478366
Cd,M5_Core_DepthInteractions,SVR_RBF,RAW,24,0.182515,5.372384,3.681462
Cd,M5_Core_DepthInteractions,SVR_RBF,RAW,25,-0.155827,12.537644,9.280249
Cd,M7_Stage5_AdvancedRatios,Ridge,RAW,1,-12.132691,24.534698,19.695412
Cd,M7_Stage5_AdvancedRatios,Ridge,RAW,2,-0.176898,34.494546,23.378051
Cd,M7_Stage5_AdvancedRatios,Ridge,RAW,3,-7.002966,24.487604,21.197139
Cd,M7_Stage5_AdvancedRatios,Ridge,RAW,4,-28.061021,11.767637,10.259969
Cd,M7_Stage5_AdvancedRatios,Ridge,RAW,5,-0.501305,14.279053,12.268795
Cd,M7_Stage5_AdvancedRatios,Ridge,RAW,6,-5.620441,18.401478,15.977088
Cd,M7_Stage5_AdvancedRatios,Ridge,RAW,7,-0.009429,19.637038,16.126184
Cd,M7_Stage5_AdvancedRatios,Ridge,RAW,8,-2.941606,13.692351,11.141509
Cd,M7_Stage5_AdvancedRatios,Ridge,RAW,9,0.15977,11.436757,9.912647
Cd,M7_Stage5_AdvancedRatios,Ridge,RAW,10,-0.022631,29.354312,18.600594
Cd,M7_Stage5_AdvancedRatios,Ridge,RAW,11,0.103926,17.920133,11.811208
Cd,M7_Stage5_AdvancedRatios,Ridge,RAW,12,-4.865825,14.930943,13.78991
Cd,M7_Stage5_AdvancedRatios,Ridge,RAW,13,-1.844535,19.419792,16.937146
Cd,M7_Stage5_AdvancedRatios,Ridge,RAW,14,-0.508386,34.712785,23.546596
Cd,M7_Stage5_AdvancedRatios,Ridge,RAW,15,-5.031271,27.439132,16.143384
Cd,M7_Stage5_AdvancedRatios,Ridge,RAW,16,-1.418425,10.857263,10.059351
Cd,M7_Stage5_AdvancedRatios,Ridge,RAW,17,-3.142202,13.409195,11.452776
Cd,M7_Stage5_AdvancedRatios,Ridge,RAW,18,-0.200382,22.201683,17.670878
Cd,M7_Stage5_AdvancedRatios,Ridge,RAW,19,0.013543,28.572324,18.815966
Cd,M7_Stage5_AdvancedRatios,Ridge,RAW,20,-83.476957,39.391291,22.70104
Cd,M7_Stage5_AdvancedRatios,Ridge,RAW,21,-5.023155,28.039623,16.922959
Cd,M7_Stage5_AdvancedRatios,Ridge,RAW,22,0.073683,18.894945,14.07706
Cd,M7_Stage5_AdvancedRatios,Ridge,RAW,23,-0.436941,33.79798,21.733997
Cd,M7_Stage5_AdvancedRatios,Ridge,RAW,24,-9.404754,19.166507,17.00922
Cd,M7_Stage5_AdvancedRatios,Ridge,RAW,25,-1.158058,17.131723,15.387743
Cd,M7_Stage5_AdvancedRatios,Lasso,RAW,1,-13.358464,25.654163,20.269898
Cd,M7_Stage5_AdvancedRatios,Lasso,RAW,2,-0.174528,34.459796,23.280428
Cd,M7_Stage5_AdvancedRatios,Lasso,RAW,3,-10.396404,29.221649,25.153661
Cd,M7_Stage5_AdvancedRatios,Lasso,RAW,4,-28.672843,11.890864,10.306617
Cd,M7_Stage5_AdvancedRatios,Lasso,RAW,5,-0.50682,14.305256,12.306317
Cd,M7_Stage5_AdvancedRatios,Lasso,RAW,6,-5.856426,18.726567,16.301759
Cd,M7_Stage5_AdvancedRatios,Lasso,RAW,7,-0.027747,19.814422,16.368057
Cd,M7_Stage5_AdvancedRatios,Lasso,RAW,8,-3.152988,14.054704,11.444134
Cd,M7_Stage5_AdvancedRatios,Lasso,RAW,9,0.166799,11.388819,9.852774
Cd,M7_Stage5_AdvancedRatios,Lasso,RAW,10,-0.031101,29.475615,18.717838
Cd,M7_Stage5_AdvancedRatios,Lasso,RAW,11,0.101991,17.93947,11.760794
Cd,M7_Stage5_AdvancedRatios,Lasso,RAW,12,-4.946987,15.033884,13.914428
Cd,M7_Stage5_AdvancedRatios,Lasso,RAW,13,-1.823384,19.347458,16.884969
Cd,M7_Stage5_AdvancedRatios,Lasso,RAW,14,-0.560248,35.304496,24.019453
Cd,M7_Stage5_AdvancedRatios,Lasso,RAW,15,-6.529275,30.65791,17.37515
Cd,M7_Stage5_AdvancedRatios,Lasso,RAW,16,-1.574717,11.202599,10.364357
Cd,M7_Stage5_AdvancedRatios,Lasso,RAW,17,-4.073566,14.840335,12.188493
Cd,M7_Stage5_AdvancedRatios,Lasso,RAW,18,-0.201234,22.209552,17.669416
Cd,M7_Stage5_AdvancedRatios,Lasso,RAW,19,0.020396,28.472905,18.847994
Cd,M7_Stage5_AdvancedRatios,Lasso,RAW,20,-99.833843,43.036233,24.151266
Cd,M7_Stage5_AdvancedRatios,Lasso,RAW,21,-6.932162,32.177769,18.727725
Cd,M7_Stage5_AdvancedRatios,Lasso,RAW,22,0.079226,18.838323,13.979932
Cd,M7_Stage5_AdvancedRatios,Lasso,RAW,23,-0.467532,34.155848,21.9773
Cd,M7_Stage5_AdvancedRatios,Lasso,RAW,24,-9.688624,19.426206,17.228868
Cd,M7_Stage5_AdvancedRatios,Lasso,RAW,25,-1.539625,18.584645,16.536215
Cd,M7_Stage5_AdvancedRatios,HuberRegressor,RAW,1,-6.500146,18.541238,13.338434
Cd,M7_Stage5_AdvancedRatios,HuberRegressor,RAW,2,-0.231965,35.292316,23.277913
Cd,M7_Stage5_AdvancedRatios,HuberRegressor,RAW,3,-2.216577,15.524507,13.880533
Cd,M7_Stage5_AdvancedRatios,HuberRegressor,RAW,4,-16.654449,9.171934,7.589367
Cd,M7_Stage5_AdvancedRatios,HuberRegressor,RAW,5,-1.192028,17.253929,13.450402
Cd,M7_Stage5_AdvancedRatios,HuberRegressor,RAW,6,-0.909894,9.883572,9.266676
Cd,M7_Stage5_AdvancedRatios,HuberRegressor,RAW,7,-0.263238,21.967508,18.344464
Cd,M7_Stage5_AdvancedRatios,HuberRegressor,RAW,8,-0.057422,7.091948,5.295224
Cd,M7_Stage5_AdvancedRatios,HuberRegressor,RAW,9,0.020021,12.351291,8.671916
Cd,M7_Stage5_AdvancedRatios,HuberRegressor,RAW,10,-0.124072,30.775806,17.47384
Cd,M7_Stage5_AdvancedRatios,HuberRegressor,RAW,11,-0.175584,20.525618,11.047936
Cd,M7_Stage5_AdvancedRatios,HuberRegressor,RAW,12,-1.939401,10.569444,9.5378
Cd,M7_Stage5_AdvancedRatios,HuberRegressor,RAW,13,-0.128967,12.234312,9.507297
Cd,M7_Stage5_AdvancedRatios,HuberRegressor,RAW,14,-0.222973,31.25659,19.436691
Cd,M7_Stage5_AdvancedRatios,HuberRegressor,RAW,15,-0.824446,15.091465,11.552251
Cd,M7_Stage5_AdvancedRatios,HuberRegressor,RAW,16,-0.11561,7.37412,6.178722
Cd,M7_Stage5_AdvancedRatios,HuberRegressor,RAW,17,-0.326722,7.588869,6.898262
Cd,M7_Stage5_AdvancedRatios,HuberRegressor,RAW,18,-0.672438,26.206022,17.887197
Cd,M7_Stage5_AdvancedRatios,HuberRegressor,RAW,19,-0.070651,29.76669,17.740731
Cd,M7_Stage5_AdvancedRatios,HuberRegressor,RAW,20,-22.030879,20.567729,12.764794
Cd,M7_Stage5_AdvancedRatios,HuberRegressor,RAW,21,-0.591722,14.414305,11.089459
Cd,M7_Stage5_AdvancedRatios,HuberRegressor,RAW,22,-0.170734,21.24198,13.412682
Cd,M7_Stage5_AdvancedRatios,HuberRegressor,RAW,23,-0.318682,32.377349,20.638984
Cd,M7_Stage5_AdvancedRatios,HuberRegressor,RAW,24,-2.062327,10.398073,8.664803
Cd,M7_Stage5_AdvancedRatios,HuberRegressor,RAW,25,-0.09766,12.218091,9.869616
Cd,M7_Stage5_AdvancedRatios,SVR_RBF,RAW,1,0.022662,6.693085,5.504358
Cd,M7_Stage5_AdvancedRatios,SVR_RBF,RAW,2,-0.281337,35.992548,19.000278
Cd,M7_Stage5_AdvancedRatios,SVR_RBF,RAW,3,0.124101,8.101172,6.820291
Cd,M7_Stage5_AdvancedRatios,SVR_RBF,RAW,4,-1.921535,3.731122,3.07806
Cd,M7_Stage5_AdvancedRatios,SVR_RBF,RAW,5,-1.523502,18.512574,14.63219
Cd,M7_Stage5_AdvancedRatios,SVR_RBF,RAW,6,-0.02978,7.257409,6.102104
Cd,M7_Stage5_AdvancedRatios,SVR_RBF,RAW,7,-0.109612,20.588459,10.978978
Cd,M7_Stage5_AdvancedRatios,SVR_RBF,RAW,8,-0.431265,8.250903,5.853132
Cd,M7_Stage5_AdvancedRatios,SVR_RBF,RAW,9,-0.132261,13.276306,9.030338
Cd,M7_Stage5_AdvancedRatios,SVR_RBF,RAW,10,-0.169765,31.395079,15.731987
Cd,M7_Stage5_AdvancedRatios,SVR_RBF,RAW,11,-0.29227,21.520188,11.653301
Cd,M7_Stage5_AdvancedRatios,SVR_RBF,RAW,12,-0.028493,6.252064,4.982429
Cd,M7_Stage5_AdvancedRatios,SVR_RBF,RAW,13,-0.095991,12.054312,7.252862
Cd,M7_Stage5_AdvancedRatios,SVR_RBF,RAW,14,-0.164105,30.495045,15.612851
Cd,M7_Stage5_AdvancedRatios,SVR_RBF,RAW,15,-0.411765,13.275385,9.138439
Cd,M7_Stage5_AdvancedRatios,SVR_RBF,RAW,16,0.166827,6.372673,4.459148
Cd,M7_Stage5_AdvancedRatios,SVR_RBF,RAW,17,-0.502289,8.075397,6.836994
Cd,M7_Stage5_AdvancedRatios,SVR_RBF,RAW,18,-0.753335,26.832337,18.717017
Cd,M7_Stage5_AdvancedRatios,SVR_RBF,RAW,19,-0.082578,29.932028,15.052749
Cd,M7_Stage5_AdvancedRatios,SVR_RBF,RAW,20,0.201365,3.830056,2.899311
Cd,M7_Stage5_AdvancedRatios,SVR_RBF,RAW,21,-0.561882,14.278554,9.548708
Cd,M7_Stage5_AdvancedRatios,SVR_RBF,RAW,22,-0.133451,20.901003,11.04017
Cd,M7_Stage5_AdvancedRatios,SVR_RBF,RAW,23,-0.135735,30.047599,14.420174
Cd,M7_Stage5_AdvancedRatios,SVR_RBF,RAW,24,0.193567,5.335942,3.884804
Cd,M7_Stage5_AdvancedRatios,SVR_RBF,RAW,25,-0.147258,12.491083,9.420174
Cd,M8_Stage5_PlausibleInteractions,Ridge,RAW,1,-9.298015,21.726042,17.891347
Cd,M8_Stage5_PlausibleInteractions,Ridge,RAW,2,-0.222488,35.156306,21.211557
Cd,M8_Stage5_PlausibleInteractions,Ridge,RAW,3,-4.751735,20.759661,18.944778
Cd,M8_Stage5_PlausibleInteractions,Ridge,RAW,4,-27.149268,11.581569,9.656676
Cd,M8_Stage5_PlausibleInteractions,Ridge,RAW,5,-0.760978,15.464715,12.900534
Cd,M8_Stage5_PlausibleInteractions,Ridge,RAW,6,-4.863222,17.31719,15.057631
Cd,M8_Stage5_PlausibleInteractions,Ridge,RAW,7,-0.007944,19.622594,16.324473
Cd,M8_Stage5_PlausibleInteractions,Ridge,RAW,8,-2.57236,13.035238,11.077897
Cd,M8_Stage5_PlausibleInteractions,Ridge,RAW,9,-0.725243,16.388114,13.577382
Cd,M8_Stage5_PlausibleInteractions,Ridge,RAW,10,-0.010905,29.185526,17.081369
Cd,M8_Stage5_PlausibleInteractions,Ridge,RAW,11,0.11609,17.798091,11.910393
Cd,M8_Stage5_PlausibleInteractions,Ridge,RAW,12,-4.493266,14.449008,13.621911
Cd,M8_Stage5_PlausibleInteractions,Ridge,RAW,13,-0.979291,16.199207,11.410283
Cd,M8_Stage5_PlausibleInteractions,Ridge,RAW,14,-0.364866,33.020077,22.78149
Cd,M8_Stage5_PlausibleInteractions,Ridge,RAW,15,-0.650005,14.351875,10.886748
Cd,M8_Stage5_PlausibleInteractions,Ridge,RAW,16,-1.942724,11.976468,10.778161
Cd,M8_Stage5_PlausibleInteractions,Ridge,RAW,17,-2.800285,12.843848,10.98942
Cd,M8_Stage5_PlausibleInteractions,Ridge,RAW,18,-0.302596,23.127618,17.823393
Cd,M8_Stage5_PlausibleInteractions,Ridge,RAW,19,0.064335,27.827033,16.130516
Cd,M8_Stage5_PlausibleInteractions,Ridge,RAW,20,-10.248678,14.374138,11.131918
Cd,M8_Stage5_PlausibleInteractions,Ridge,RAW,21,-0.698357,14.889314,12.329451
Cd,M8_Stage5_PlausibleInteractions,Ridge,RAW,22,0.162143,17.970106,12.196636
Cd,M8_Stage5_PlausibleInteractions,Ridge,RAW,23,-0.34668,32.719259,21.622544
Cd,M8_Stage5_PlausibleInteractions,Ridge,RAW,24,-12.184562,21.575453,16.569363
Cd,M8_Stage5_PlausibleInteractions,Ridge,RAW,25,-0.784776,15.579782,14.271057
Cd,M8_Stage5_PlausibleInteractions,Lasso,RAW,1,-10.118767,22.57523,18.469372
Cd,M8_Stage5_PlausibleInteractions,Lasso,RAW,2,-0.239133,35.394842,21.375683
Cd,M8_Stage5_PlausibleInteractions,Lasso,RAW,3,-6.209746,23.24239,21.312148
Cd,M8_Stage5_PlausibleInteractions,Lasso,RAW,4,-28.576437,11.871532,9.664363
Cd,M8_Stage5_PlausibleInteractions,Lasso,RAW,5,-0.962894,16.327263,13.572273
Cd,M8_Stage5_PlausibleInteractions,Lasso,RAW,6,-4.90379,17.376996,15.116607
Cd,M8_Stage5_PlausibleInteractions,Lasso,RAW,7,-0.007291,19.616232,16.334068
Cd,M8_Stage5_PlausibleInteractions,Lasso,RAW,8,-2.992198,13.779942,11.749995
Cd,M8_Stage5_PlausibleInteractions,Lasso,RAW,9,-1.545287,19.905461,16.245801
Cd,M8_Stage5_PlausibleInteractions,Lasso,RAW,10,0.012236,28.849543,17.224364
Cd,M8_Stage5_PlausibleInteractions,Lasso,RAW,11,0.13307,17.626304,12.322294
Cd,M8_Stage5_PlausibleInteractions,Lasso,RAW,12,-4.463701,14.410072,13.558433
Cd,M8_Stage5_PlausibleInteractions,Lasso,RAW,13,-1.472954,18.107017,12.606422
Cd,M8_Stage5_PlausibleInteractions,Lasso,RAW,14,-0.404754,33.499117,23.369194
Cd,M8_Stage5_PlausibleInteractions,Lasso,RAW,15,-1.08426,16.130281,12.604235
Cd,M8_Stage5_PlausibleInteractions,Lasso,RAW,16,-2.861349,13.719035,12.013167
Cd,M8_Stage5_PlausibleInteractions,Lasso,RAW,17,-3.234194,13.557276,10.973086
Cd,M8_Stage5_PlausibleInteractions,Lasso,RAW,18,-0.349186,23.537586,18.283814
Cd,M8_Stage5_PlausibleInteractions,Lasso,RAW,19,0.074626,27.67358,16.234569
Cd,M8_Stage5_PlausibleInteractions,Lasso,RAW,20,-11.883512,15.383254,11.699333
Cd,M8_Stage5_PlausibleInteractions,Lasso,RAW,21,-1.036092,16.302673,12.998218
Cd,M8_Stage5_PlausibleInteractions,Lasso,RAW,22,0.174542,17.836649,11.897269
Cd,M8_Stage5_PlausibleInteractions,Lasso,RAW,23,-0.358686,32.864779,21.787879
Cd,M8_Stage5_PlausibleInteractions,Lasso,RAW,24,-14.231794,23.190099,17.571675
Cd,M8_Stage5_PlausibleInteractions,Lasso,RAW,25,-1.033292,16.629125,15.119876
Cd,M8_Stage5_PlausibleInteractions,HuberRegressor,RAW,1,-2.788829,13.178208,11.128398
Cd,M8_Stage5_PlausibleInteractions,HuberRegressor,RAW,2,-0.324674,36.596159,21.127368
Cd,M8_Stage5_PlausibleInteractions,HuberRegressor,RAW,3,-1.312965,13.164528,11.843078
Cd,M8_Stage5_PlausibleInteractions,HuberRegressor,RAW,4,-16.593721,9.156145,8.134811
Cd,M8_Stage5_PlausibleInteractions,HuberRegressor,RAW,5,-1.118499,16.962078,13.056867
Cd,M8_Stage5_PlausibleInteractions,HuberRegressor,RAW,6,-2.065023,12.520628,9.737867
Cd,M8_Stage5_PlausibleInteractions,HuberRegressor,RAW,7,-0.787222,26.129279,23.166916
Cd,M8_Stage5_PlausibleInteractions,HuberRegressor,RAW,8,-0.616988,8.769903,7.525524
Cd,M8_Stage5_PlausibleInteractions,HuberRegressor,RAW,9,-0.367523,14.590535,10.488008
Cd,M8_Stage5_PlausibleInteractions,HuberRegressor,RAW,10,-0.21844,32.04162,16.563633
Cd,M8_Stage5_PlausibleInteractions,HuberRegressor,RAW,11,-0.167841,20.45791,12.051333
Cd,M8_Stage5_PlausibleInteractions,HuberRegressor,RAW,12,-1.526184,9.798401,9.441824
Cd,M8_Stage5_PlausibleInteractions,HuberRegressor,RAW,13,-1.400402,17.839429,10.940269
Cd,M8_Stage5_PlausibleInteractions,HuberRegressor,RAW,14,-0.243154,31.513421,17.310718
Cd,M8_Stage5_PlausibleInteractions,HuberRegressor,RAW,15,-0.08897,11.659337,8.322947
Cd,M8_Stage5_PlausibleInteractions,HuberRegressor,RAW,16,-0.635873,8.929533,7.162014
Cd,M8_Stage5_PlausibleInteractions,HuberRegressor,RAW,17,-0.409106,7.82094,7.161669
Cd,M8_Stage5_PlausibleInteractions,HuberRegressor,RAW,18,-0.656441,26.080386,18.178818
Cd,M8_Stage5_PlausibleInteractions,HuberRegressor,RAW,19,-0.079009,29.88265,15.183352
Cd,M8_Stage5_PlausibleInteractions,HuberRegressor,RAW,20,-16.955971,18.160823,12.088569
Cd,M8_Stage5_PlausibleInteractions,HuberRegressor,RAW,21,-0.341784,13.234317,8.872201
Cd,M8_Stage5_PlausibleInteractions,HuberRegressor,RAW,22,-0.21976,21.682181,14.077241
Cd,M8_Stage5_PlausibleInteractions,HuberRegressor,RAW,23,-0.299597,32.142195,18.633486
Cd,M8_Stage5_PlausibleInteractions,HuberRegressor,RAW,24,-6.465233,16.234868,11.159464
Cd,M8_Stage5_PlausibleInteractions,HuberRegressor,RAW,25,-0.00669,11.700851,8.946223
Cd,M8_Stage5_PlausibleInteractions,SVR_RBF,RAW,1,-0.002449,6.778521,5.494842
Cd,M8_Stage5_PlausibleInteractions,SVR_RBF,RAW,2,-0.273921,35.88825,18.915484
Cd,M8_Stage5_PlausibleInteractions,SVR_RBF,RAW,3,0.122127,8.110296,6.832675
Cd,M8_Stage5_PlausibleInteractions,SVR_RBF,RAW,4,-1.834573,3.675172,3.004549
Cd,M8_Stage5_PlausibleInteractions,SVR_RBF,RAW,5,-1.505548,18.446598,14.497685
Cd,M8_Stage5_PlausibleInteractions,SVR_RBF,RAW,6,-0.002817,7.161767,6.002847
Cd,M8_Stage5_PlausibleInteractions,SVR_RBF,RAW,7,-0.101494,20.513005,10.999391
Cd,M8_Stage5_PlausibleInteractions,SVR_RBF,RAW,8,-0.517977,8.497163,6.139759
Cd,M8_Stage5_PlausibleInteractions,SVR_RBF,RAW,9,-0.107609,13.130982,8.996508
Cd,M8_Stage5_PlausibleInteractions,SVR_RBF,RAW,10,-0.180729,31.541871,15.829478
Cd,M8_Stage5_PlausibleInteractions,SVR_RBF,RAW,11,-0.26881,21.323946,11.585833
Cd,M8_Stage5_PlausibleInteractions,SVR_RBF,RAW,12,0.00262,6.156771,4.873003
Cd,M8_Stage5_PlausibleInteractions,SVR_RBF,RAW,13,-0.103675,12.096495,7.086443
Cd,M8_Stage5_PlausibleInteractions,SVR_RBF,RAW,14,-0.174945,30.636696,15.596278
Cd,M8_Stage5_PlausibleInteractions,SVR_RBF,RAW,15,-0.37909,13.120859,9.042575
Cd,M8_Stage5_PlausibleInteractions,SVR_RBF,RAW,16,0.178612,6.327441,4.387955
Cd,M8_Stage5_PlausibleInteractions,SVR_RBF,RAW,17,-0.470987,7.990824,6.832235
Cd,M8_Stage5_PlausibleInteractions,SVR_RBF,RAW,18,-0.731486,26.664633,18.605724
Cd,M8_Stage5_PlausibleInteractions,SVR_RBF,RAW,19,-0.089465,30.027094,14.951593
Cd,M8_Stage5_PlausibleInteractions,SVR_RBF,RAW,20,0.136063,3.983566,3.022255
Cd,M8_Stage5_PlausibleInteractions,SVR_RBF,RAW,21,-0.575387,14.340155,9.721118
Cd,M8_Stage5_PlausibleInteractions,SVR_RBF,RAW,22,-0.132398,20.891294,11.072127
Cd,M8_Stage5_PlausibleInteractions,SVR_RBF,RAW,23,-0.142035,30.13082,14.422764
Cd,M8_Stage5_PlausibleInteractions,SVR_RBF,RAW,24,0.217898,5.254831,3.610052
Cd,M8_Stage5_PlausibleInteractions,SVR_RBF,RAW,25,-0.147857,12.494342,9.346754
