track,target,feature_set,model,condition,n_features,n_samples_eval,r2_mean,r2_std,r2_median,r2_min,r2_max,rmse_mean,mae_mean,nrmse_iqr,spearman_rho,spearman_pval,skipped_reason
Track 1 (Heavy Metals),As_num,Set A (FULL),Ridge,RAW,25,40,-23.443991083923027,73.29500192773817,-1.2331944279809997,-366.68907982740507,0.0018591947106668671,7.6756139608829015,5.571527041800502,5.117075973921934,0.14084467592930616,0.3860153896452689,
Track 1 (Heavy Metals),As_num,Set A (FULL),Ridge,LOG1P,25,40,-4.067183358275148,12.983650404207767,-0.18050813656830678,-57.33755189687342,0.7714612636487388,5.638026409555875,3.1759801489412998,3.7586842730372503,0.0888524264127028,0.5856070976067479,
Track 1 (Heavy Metals),As_num,Set A (FULL),Lasso,RAW,25,40,-21.81429215586167,56.38550316933103,-1.2034199217008652,-265.6104882354239,0.01574191613076048,7.9836160397705696,5.779256909022713,5.322410693180379,0.14026267313620988,0.3880011221971549,
Track 1 (Heavy Metals),As_num,Set A (FULL),Lasso,LOG1P,25,40,-1.0185130892311882,3.429217594208859,-0.0658869957201289,-15.296063273051754,0.4233749992936775,5.461022040616846,2.7913442110918725,3.6406813604112305,0.27567532299661723,0.08510985396425554,
Track 1 (Heavy Metals),As_num,Set A (FULL),ElasticNet,RAW,25,40,-17.156426552485133,53.55099216461913,-0.9468865578705721,-268.3775855251042,0.08021353106084328,7.162441767812359,5.150579728315993,4.774961178541573,0.1668408006876079,0.30349468871030594,
Track 1 (Heavy Metals),As_num,Set A (FULL),ElasticNet,LOG1P,25,40,-1.3040853011271227,4.44459768487681,-0.033288620171031846,-19.509552583861886,0.5840589859631501,5.4340659074746815,2.84453690254604,3.622710604983121,0.28692737699647913,0.07263760214537952,
Track 1 (Heavy Metals),As_num,Set A (FULL),SVR_RBF,RAW,25,40,-0.2869420159404987,0.4188937843024132,-0.17344719560652688,-1.7246430095735001,0.15579790472143973,5.650421892562344,2.70198303984908,3.7669479283748957,0.16043876996354853,0.32268604453771693,
Track 1 (Heavy Metals),As_num,Set A (FULL),SVR_RBF,LOG1P,25,40,-0.4269681030578559,0.8658392206903897,-0.17308546594437035,-3.5327512615684826,0.1515355972921686,5.673786027640338,2.7453604549125714,3.782524018426892,0.15985676717045222,0.32446756758293893,
Track 1 (Heavy Metals),As_num,Set A (FULL),RandomForest,RAW,25,40,-14.68232834771068,46.580916547067865,-0.15845640176062203,-229.56758167524168,0.43151474193891315,6.05843266295389,3.872623101618339,4.0389551086359265,0.05713327418895409,0.7262106458888046,
Track 1 (Heavy Metals),As_num,Set A (FULL),RandomForest,LOG1P,25,40,-3.0882272835556415,8.188991527703237,-0.08937956436477967,-31.696754135228055,0.45126351083586613,5.5543683987378225,2.970736167836929,3.702912265825215,0.10068648320566104,0.5364576504828884,
Track 1 (Heavy Metals),As_num,Set A (FULL),ExtraTrees,RAW,25,40,-13.18543135548524,39.93480137466647,-0.6373614488137977,-195.82765276436652,0.15113018914184995,6.695094743266164,4.402152552952648,4.463396495510776,-0.0973884673781153,0.5499525324098674,
Track 1 (Heavy Metals),As_num,Set A (FULL),ExtraTrees,LOG1P,25,40,-1.2462564901110431,3.6075305185192863,-0.1731272022603474,-16.67844152885755,0.23878696002953625,5.648896001071514,3.034734152520147,3.7659306673810096,-0.06809432679226787,0.6763163008141387,
Track 1 (Heavy Metals),As_num,Set A (FULL),GradientBoosting,RAW,25,40,-10.031284082787732,26.1389134837893,-0.31473819942101167,-117.26402132372766,0.7405669985237084,6.328416187280684,3.747171994266446,4.218944124853789,-0.03433816479268209,0.8333953230114897,
Track 1 (Heavy Metals),As_num,Set A (FULL),GradientBoosting,LOG1P,25,40,-3.101032026862216,8.2802957930985,-0.24477669682855208,-38.692228302307576,0.1791741133656659,5.758750564880312,3.1448350404306713,3.8391670432535414,0.02929414058584743,0.8575955212733134,
Track 1 (Heavy Metals),As_num,Set B (CORE),Ridge,RAW,4,40,-13.985580070826998,45.61079399072615,-0.5104917381235945,-223.75484475419745,0.02453221753968493,6.600229580315172,4.529586411776869,4.400153053543447,-0.041128197378805666,0.8010597858373947,
Track 1 (Heavy Metals),As_num,Set B (CORE),Ridge,LOG1P,4,40,-1.978808019843759,6.1311365235725,-0.13396339646236965,-23.594178780225086,0.17998441400971887,5.664361691182287,3.0149878050407297,3.776241127454858,-0.02104910101698309,0.897421795761039,
Track 1 (Heavy Metals),As_num,Set B (CORE),Lasso,RAW,4,40,-13.369837147226853,43.67999328630181,-0.47330223468709764,-214.93849708298458,0.026875822315259534,6.538330241323677,4.470377497959785,4.358886827549118,-0.03210715408581292,0.8440819449751104,
Track 1 (Heavy Metals),As_num,Set B (CORE),Lasso,LOG1P,4,40,-0.9727305690734497,3.0243792961975653,-0.11072405002690511,-14.309521875156424,0.04655075784923146,5.5902766314246275,2.8889507073816487,3.7268510876164185,-0.09913447575740424,0.5427882167901686,
Track 1 (Heavy Metals),As_num,Set B (CORE),ElasticNet,RAW,4,40,-13.292896483733076,43.69387244180607,-0.44717216152423234,-215.00192434308101,0.0245836137037746,6.511988959141459,4.4383204875005955,4.3413259727609725,-0.02822713546517087,0.86273207488083,
Track 1 (Heavy Metals),As_num,Set B (CORE),ElasticNet,LOG1P,4,40,-1.2877751534230633,3.9768055113359186,-0.10778727007452793,-17.287468301107907,0.0664649583288296,5.607185658551439,2.9358221162664693,3.7381237723676257,-0.020661099154918885,0.899302878693957,
Track 1 (Heavy Metals),As_num,Set B (CORE),SVR_RBF,RAW,4,40,-0.2960299537586705,0.49307352481206274,-0.17926492840360964,-2.243845672629908,0.25943003957159305,5.661672336537728,2.6732975447980927,3.774448224358485,0.15481274296361755,0.34016408175930324,
Track 1 (Heavy Metals),As_num,Set B (CORE),SVR_RBF,LOG1P,4,40,-0.3666566247415918,0.9417509994147979,-0.21031278055391311,-4.800878939926805,0.3896807805991477,5.673113293888555,2.7101366131073825,3.782075529259037,0.14191168104998275,0.3823903895307957,
Track 1 (Heavy Metals),As_num,Set B (CORE),RandomForest,RAW,4,40,-14.293383667428355,39.37793012372208,-0.9760909695652156,-191.1391680381057,-0.05483098388828833,7.3399767773461,4.5917125421659435,4.893317851564067,-0.1497687187567829,0.3563192277058129,
Track 1 (Heavy Metals),As_num,Set B (CORE),RandomForest,LOG1P,4,40,-2.5778650847467794,7.824624004117757,-0.26853875954722173,-37.59269452572337,0.6132100450511666,5.8831381045312545,3.211816832793827,3.922092069687503,-0.16732580301518812,0.302071113411222,
Track 1 (Heavy Metals),As_num,Set B (CORE),ExtraTrees,RAW,4,40,-9.589955638502486,26.686984656323254,-0.4132542796491476,-119.24053383019755,0.10298196277687888,6.567429161088634,4.250343059722626,4.378286107392422,-0.15597674854981014,0.3365010143014042,
Track 1 (Heavy Metals),As_num,Set B (CORE),ExtraTrees,LOG1P,4,40,-1.5388115583397939,4.159313734961661,-0.20743764101858342,-16.83238695963879,-0.0883100605164342,5.779464023543124,3.0840686518521374,3.852976015695416,-0.22193706510072492,0.1687043908500976,
Track 1 (Heavy Metals),As_num,Set B (CORE),GradientBoosting,RAW,4,40,-9.795812254660536,22.34325488227748,-1.2016640749194432,-98.34112615586129,-0.08882990444140493,7.452262823874655,4.552474786880681,4.968175215916436,-0.17110882117031412,0.29111386295738484,
Track 1 (Heavy Metals),As_num,Set B (CORE),GradientBoosting,LOG1P,4,40,-2.784717699164976,6.47280494315958,-0.26864807816956926,-28.994332312059885,-0.07628678180483517,6.20846259279482,3.3981497958492475,4.1389750618632135,-0.16325178346351402,0.31416189153619756,
Track 1 (Heavy Metals),As_num,Set C (pH SENSITIVITY),Ridge,RAW,5,40,-15.539997255217651,52.79453438789951,-0.6043412827256709,-263.41513358735364,-0.016803750791574812,6.705916700699552,4.647709206991328,4.470611133799701,-0.08953142967131515,0.582733607163812,
Track 1 (Heavy Metals),As_num,Set C (pH SENSITIVITY),Ridge,LOG1P,5,40,-2.1645425061623853,6.684157737403233,-0.1500386740180486,-25.786442569771168,0.18058029350134763,5.707275209470892,3.070448746218883,3.8048501396472614,-0.09729146691259924,0.5503518571328951,
Track 1 (Heavy Metals),As_num,Set C (pH SENSITIVITY),Lasso,RAW,5,40,-14.68586508448839,49.738240973712685,-0.5333860865837297,-248.21480465791078,0.004347087294855667,6.624860296178752,4.548114246320991,4.4165735307858345,-0.08497240779206076,0.6021467828932203,
Track 1 (Heavy Metals),As_num,Set C (pH SENSITIVITY),Lasso,LOG1P,5,40,-0.9727305690734497,3.0243792961975653,-0.11072405002690511,-14.309521875156424,0.04655075784923146,5.5902766314246275,2.8889507073816487,3.7268510876164185,-0.09913447575740424,0.5427882167901686,
Track 1 (Heavy Metals),As_num,Set C (pH SENSITIVITY),ElasticNet,RAW,5,40,-14.585577672088203,49.669422978620695,-0.5024691337753588,-247.87672039438772,-0.004098397236299123,6.596963170137105,4.5194443798798964,4.39797544675807,-0.08594241244722126,0.5979929467752725,
Track 1 (Heavy Metals),As_num,Set C (pH SENSITIVITY),ElasticNet,LOG1P,5,40,-1.2885253485359567,3.9765944772496846,-0.10805412020456129,-17.287468301107907,0.0664649583288296,5.6103187887476285,2.937004684512412,3.7402125258317525,-0.025511122430721442,0.8758316258380545,
Track 1 (Heavy Metals),As_num,Set C (pH SENSITIVITY),SVR_RBF,RAW,5,40,-0.3068051600741269,0.5018723368646452,-0.1818392317393036,-2.194398096805113,0.2222691362949626,5.681582326188418,2.6928444887551692,3.787721550792279,0.08555441058515706,0.5996529823566427,
Track 1 (Heavy Metals),As_num,Set C (pH SENSITIVITY),SVR_RBF,LOG1P,5,40,-0.45996446545773767,1.1435010270806465,-0.18648004073681923,-5.631459770793872,0.34276526001954843,5.708705315929897,2.71154543908413,3.8058035439532643,0.09050143432647567,0.5786396143785915,
Track 1 (Heavy Metals),As_num,Set C (pH SENSITIVITY),RandomForest,RAW,5,40,-12.732795604821739,36.963002543806624,-0.5972332561553564,-182.603060357557,-0.015592429419125198,6.932605672249292,4.399702757970445,4.621737114832862,-0.15655875134290645,0.3346786502353218,
Track 1 (Heavy Metals),As_num,Set C (pH SENSITIVITY),RandomForest,LOG1P,5,40,-2.221015145928489,6.441557090923969,-0.24561696804704747,-31.34302340443982,0.5998120376212223,5.826116859579545,3.1501629345359627,3.8840779063863633,-0.13812866289485676,0.39533308633689573,
Track 1 (Heavy Metals),As_num,Set C (pH SENSITIVITY),ExtraTrees,RAW,5,40,-10.697277650855442,33.271766690378264,-0.508737832813634,-163.01524228627153,-0.04055881452307153,6.610750362246416,4.2718549761925395,4.407166908164277,-0.21437102879047293,0.1840750347359545,
Track 1 (Heavy Metals),As_num,Set C (pH SENSITIVITY),ExtraTrees,LOG1P,5,40,-1.5420502636447653,4.74446788461938,-0.17468704931910417,-21.374983630130362,0.1404899300554553,5.712422045011663,3.0295685725321646,3.808281363341109,-0.13463664613627893,0.4075026659300934,
Track 1 (Heavy Metals),As_num,Set C (pH SENSITIVITY),GradientBoosting,RAW,5,40,-10.989355822927603,24.239933534241384,-0.5566320472525705,-114.63130415414994,0.2658412934610034,7.275011353459531,4.392224144267481,4.85000756897302,-0.13376364194663445,0.4105782022372108,
Track 1 (Heavy Metals),As_num,Set C (pH SENSITIVITY),GradientBoosting,LOG1P,5,40,-4.137767159337241,12.016202361677882,-0.2561054179314506,-60.91302821240779,0.09549098245869969,6.1897791482447815,3.3639841898494236,4.126519432163188,-0.03676317643058336,0.8218129112654208,
Track 1 (Heavy Metals),Fe_num,Set A (FULL),Ridge,RAW,25,40,-73.6566636172595,252.244148976662,-1.8652538023258391,-1274.9351434119462,-0.31365502348137664,4.267693889432079,3.1266845180642675,4.541307676969491,-0.13837422033140984,0.3944853398307568,
Track 1 (Heavy Metals),Fe_num,Set A (FULL),Ridge,LOG1P,25,40,-8.377043062121452,31.787715710517038,-0.26234622876668756,-162.94871665855328,0.14447987852455946,2.9678319287043253,1.7518965618131603,3.15810793158215,0.017073971593434975,0.9167181481026498,
Track 1 (Heavy Metals),Fe_num,Set A (FULL),Lasso,RAW,25,40,-34.19465156592914,99.55917406852373,-1.3318246761599295,-477.73496644420794,-0.08595151475160079,3.6707666698069734,2.6017647555527406,3.9061097843117567,-0.15122660554185263,0.3516028972395417,
Track 1 (Heavy Metals),Fe_num,Set A (FULL),Lasso,LOG1P,25,40,-1.6182923711914996,5.71989929369919,-0.1400156278097595,-29.30352606939657,0.08794960490159798,2.731220473119423,1.4873927146838235,2.906326654024393,-0.03208405651074045,0.8441927308535988,
Track 1 (Heavy Metals),Fe_num,Set A (FULL),ElasticNet,RAW,25,40,-33.76413471190102,103.25570434070491,-1.2049089077965873,-512.3058550948388,-0.13123332954876532,3.6379795870562033,2.585151433550533,3.871220630014582,-0.15535437889411166,0.33845653990099234,
Track 1 (Heavy Metals),Fe_num,Set A (FULL),ElasticNet,LOG1P,25,40,-2.188258554196048,7.856184104882963,-0.1766817914135248,-40.12929814562634,0.12784104102610172,2.7325802473193925,1.5038072659322301,2.9077736071501916,0.07702049823192371,0.6366580165875628,
Track 1 (Heavy Metals),Fe_num,Set A (FULL),SVR_RBF,RAW,25,40,-0.6380597731872297,1.9194906492057071,-0.17333487143369308,-9.909263241322758,0.12611237297391242,2.748915447097259,1.412368398696494,2.925156102258323,0.08733993161257123,0.592030447044246,
Track 1 (Heavy Metals),Fe_num,Set A (FULL),SVR_RBF,LOG1P,25,40,-0.7470933499501217,2.194671515691352,-0.17953164461422877,-11.215916267410524,0.1949606683121482,2.754513049825864,1.4208817324499177,2.931112582948512,0.06782682122007411,0.6775188943117584,
Track 1 (Heavy Metals),Fe_num,Set A (FULL),RandomForest,RAW,25,40,-54.81093595412162,199.79382017351276,-1.2454785189782083,-1022.5548129080478,0.18201964067939402,3.7796828248100383,2.453821236337985,4.022008858536886,-0.15451006161751324,0.34112060800994043,
Track 1 (Heavy Metals),Fe_num,Set A (FULL),RandomForest,LOG1P,25,40,-7.888125828381785,28.82535292823435,-0.2549216729097057,-147.7101834993287,0.08025382557745586,2.9714550092217142,1.7085170046261238,3.1619632979214836,-0.13612270759381404,0.4022978038472154,
Track 1 (Heavy Metals),Fe_num,Set A (FULL),ExtraTrees,RAW,25,40,-47.480169011772894,187.93626531765779,-0.6856050607321627,-963.8284073461289,0.46404841202484015,3.49436865335588,2.315838508384684,3.718402397824826,-0.17618087171687302,0.2768307985266872,
Track 1 (Heavy Metals),Fe_num,Set A (FULL),ExtraTrees,LOG1P,25,40,-8.223644997033457,35.34774415587621,-0.27653755675547287,-181.17906771171474,0.11978731697656586,2.8679400622915243,1.6370881431486737,3.051811718320324,-0.026080022543818263,0.8730849503675194,
Track 1 (Heavy Metals),Fe_num,Set A (FULL),GradientBoosting,RAW,25,40,-75.61104071203751,239.87542951210042,-1.8172258026908281,-1178.1714063130382,0.2944372194395085,4.23805232520021,2.568954431468257,4.509765709178196,-0.16848820319675395,0.29867663558241647,
Track 1 (Heavy Metals),Fe_num,Set A (FULL),GradientBoosting,LOG1P,25,40,-15.016785571096472,60.94879855037354,-0.2901124911690991,-312.05845886085007,0.23705640082647705,2.986144184894727,1.691832029304632,3.1775942377171877,0.008161733673784852,0.960135726669675,
Track 1 (Heavy Metals),Fe_num,Set B (CORE),Ridge,RAW,4,40,-16.324419759888823,55.18407668463814,-0.9155933997140475,-282.6878001448468,0.12169981650991879,3.2184901875146674,2.214896198450694,3.424836592194379,0.017355410685634457,0.9153502857616969,
Track 1 (Heavy Metals),Fe_num,Set B (CORE),Ridge,LOG1P,4,40,-2.7074739290197876,10.614149365893523,-0.15242490484456162,-54.33118488733723,0.3085608335861998,2.709000509649596,1.4977717469410932,2.8826821065704666,0.18781368752778477,0.24583114078331292,
Track 1 (Heavy Metals),Fe_num,Set B (CORE),Lasso,RAW,4,40,-14.844695316671014,50.57549101921069,-0.4782516629141311,-259.1302836779604,0.09793343583514258,3.1504748979977593,2.1229156314971687,3.3524606522987597,-0.019419297361763958,0.9053268951139094,
Track 1 (Heavy Metals),Fe_num,Set B (CORE),Lasso,LOG1P,4,40,-1.6135948268830425,5.638361726675617,-0.17592943105009873,-28.974918813974217,0.048525620557514526,2.739863017727125,1.4975792330643167,2.915523296331072,-0.16436042984449495,0.31084183713514085,
Track 1 (Heavy Metals),Fe_num,Set B (CORE),ElasticNet,RAW,4,40,-14.79932898539597,50.35249505590021,-0.5495524977657582,-257.96075875942256,0.10491991931993272,3.1526169970000204,2.1315037835236312,3.3547400872572712,-0.010037994288448036,0.950981566524382,
Track 1 (Heavy Metals),Fe_num,Set B (CORE),ElasticNet,LOG1P,4,40,-1.8945378235248425,7.060173658608474,-0.16379321119713208,-36.1913232528673,0.13982889131403098,2.714561623910508,1.489814207877094,2.8885997594152784,0.11266944991052422,0.48881352903367437,
Track 1 (Heavy Metals),Fe_num,Set B (CORE),SVR_RBF,RAW,4,40,-0.7116121072222383,2.1042359975464877,-0.1702149344997541,-10.646909727414982,0.09766087387715772,2.732713313581818,1.4002528166972164,2.9079152046627486,0.03480463440200207,0.8311645800832644,
Track 1 (Heavy Metals),Fe_num,Set B (CORE),SVR_RBF,LOG1P,4,40,-0.8189850733752303,2.579020149938682,-0.1707606225965368,-13.078552349199905,0.06883202219363549,2.725678562076742,1.3953959791137962,2.9004294355698237,0.051315727811038096,0.7531679158692272,
Track 1 (Heavy Metals),Fe_num,Set B (CORE),RandomForest,RAW,4,40,-39.51040350401008,127.33934962446125,-1.655322504547553,-647.1553023357329,0.2718759676114093,3.9151780233494873,2.315616076348555,4.166191033093362,-0.2790937664311487,0.08115674513154597,
Track 1 (Heavy Metals),Fe_num,Set B (CORE),RandomForest,LOG1P,4,40,-11.933040521066921,46.124740517346375,-0.32410949185136384,-236.56034928631718,0.11024260566142974,3.0557738392923053,1.69703332384182,3.2516880439396707,-0.20779586307394765,0.1982196589915345,
Track 1 (Heavy Metals),Fe_num,Set B (CORE),ExtraTrees,RAW,4,40,-13.403965172134365,35.44892651379662,-0.4927577476163181,-171.3298038975942,0.3187510423373009,3.2884701584826597,2.1098057628333935,3.499303174762075,-0.1925043390644427,0.23401984269654275,
Track 1 (Heavy Metals),Fe_num,Set B (CORE),ExtraTrees,LOG1P,4,40,-2.7603882695319273,8.9066191159705,-0.2692059688391859,-45.23763642928578,0.1531153870369687,2.791171206043537,1.5427118028523246,2.9701209960559054,-0.04512406778264958,0.7821788300736281,
Track 1 (Heavy Metals),Fe_num,Set B (CORE),GradientBoosting,RAW,4,40,-42.56943366472834,151.2462732065291,-1.1424940956160863,-773.8511742425765,0.28081495072243734,3.8035363146559797,2.1829436013777292,4.047391662310168,-0.21492565340966777,0.18291561857486938,
Track 1 (Heavy Metals),Fe_num,Set B (CORE),GradientBoosting,LOG1P,4,40,-16.51309340486265,53.13064148122842,-0.31246902931078857,-259.1788926046916,0.20083238591864927,3.155554414651155,1.725916134503231,3.3578658309669116,-0.1428772458066015,0.37912735106123835,
Track 1 (Heavy Metals),Fe_num,Set C (pH SENSITIVITY),Ridge,RAW,5,40,-16.74556006605485,54.36274247892973,-1.0381415861642247,-277.6855573834046,0.006809515915322528,3.315503611437783,2.2898787455983265,3.5280698179705063,-0.03949528593866003,0.8088083680439522,
Track 1 (Heavy Metals),Fe_num,Set C (pH SENSITIVITY),Ridge,LOG1P,5,40,-2.7491057209654115,10.841229132901045,-0.16208245552639244,-55.53534270522802,0.21757814703543132,2.7240385501967928,1.4873271032263518,2.8986842779428494,0.25010553993460244,0.1195890440001384,
Track 1 (Heavy Metals),Fe_num,Set C (pH SENSITIVITY),Lasso,RAW,5,40,-15.230031950435523,50.316324111808555,-0.544071145510034,-257.24048579534843,0.08663286252640645,3.2098314947226694,2.182996622141396,3.4156227663981586,-0.09840986923908403,0.5457560357606741,
Track 1 (Heavy Metals),Fe_num,Set C (pH SENSITIVITY),Lasso,LOG1P,5,40,-1.6135948268830425,5.638361726675617,-0.17592943105009873,-28.974918813974217,0.048525620557514526,2.739863017727125,1.4975792330643167,2.915523296331072,-0.16436042984449495,0.31084183713514085,
Track 1 (Heavy Metals),Fe_num,Set C (pH SENSITIVITY),ElasticNet,RAW,5,40,-15.157105546804774,49.779238075728706,-0.640520250117625,-254.3700669971312,0.07258994206619829,3.223337053221326,2.1949168709321483,3.4299942040131164,-0.08677705342817227,0.5944288096521008,
Track 1 (Heavy Metals),Fe_num,Set C (pH SENSITIVITY),ElasticNet,LOG1P,5,40,-1.8949113112156508,7.060084922656512,-0.1637932187525315,-36.1913232528673,0.13982889131403098,2.715507880414392,1.4905441718405237,2.8896066830693186,0.1021623904684104,0.5304707679290286,
Track 1 (Heavy Metals),Fe_num,Set C (pH SENSITIVITY),SVR_RBF,RAW,5,40,-0.6294000698673762,1.9906836394125997,-0.17579560387122273,-10.207095524630613,0.2120366058181844,2.726283369486414,1.3812061581872979,2.901073018873545,0.1348093251635498,0.4068958947803712,
Track 1 (Heavy Metals),Fe_num,Set C (pH SENSITIVITY),SVR_RBF,LOG1P,5,40,-0.6707150669587627,2.1309380590886944,-0.18054490034755744,-10.876300464721881,0.13301668364537056,2.7163993361649843,1.3776998491240326,2.8905552925405527,0.15375955737164795,0.34349945521971953,
Track 1 (Heavy Metals),Fe_num,Set C (pH SENSITIVITY),RandomForest,RAW,5,40,-32.651080307627005,117.348374984232,-1.6039768698704209,-602.1926335708033,0.17346685350950708,3.6743541634169956,2.2318219874062284,3.909927282167593,-0.31408602689461707,0.04841250978497768,
Track 1 (Heavy Metals),Fe_num,Set C (pH SENSITIVITY),RandomForest,LOG1P,5,40,-11.663872873261871,48.02984555462692,-0.34143564944117655,-246.30967400053743,0.06102276515438887,2.9944077943071403,1.6569287825676613,3.1863876502337223,-0.24541488839794456,0.12691730012841063,
Track 1 (Heavy Metals),Fe_num,Set C (pH SENSITIVITY),ExtraTrees,RAW,5,40,-12.016434415448732,36.60580495879123,-0.5497855309406199,-183.85902941765488,0.23170406482503147,3.1159817957640006,2.0036328078954666,3.3157561008395855,-0.15441624858678007,0.34141740890426975,
Track 1 (Heavy Metals),Fe_num,Set C (pH SENSITIVITY),ExtraTrees,LOG1P,5,40,-3.101398723009721,11.443451692535037,-0.22831456266305694,-58.37463837256131,0.16666458692820896,2.774406817479776,1.5169445979811067,2.9522817956688225,-0.08067920643051693,0.6206793093600487,
Track 1 (Heavy Metals),Fe_num,Set C (pH SENSITIVITY),GradientBoosting,RAW,5,40,-42.879019537879614,174.25317275865473,-0.6463260016006764,-893.9512193259962,0.20752650698977848,3.4605718269064334,2.0535378179695805,3.6824387623372528,-0.25592194784005834,0.11094945513803162,
Track 1 (Heavy Metals),Fe_num,Set C (pH SENSITIVITY),GradientBoosting,LOG1P,5,40,-15.672818869197522,63.82495039670542,-0.3138154562205542,-327.16202370379307,0.10590136633275571,3.0479378438865585,1.731493159853965,3.24334966095936,-0.18940850905024845,0.24177113448676113,
Track 1 (Heavy Metals),Mn_num,Set A (FULL),Ridge,RAW,25,40,-4.94769922219783,7.32371218769209,-0.9870598505495563,-23.532825374858415,0.3872825381769385,1.263198206259026,0.9556304409215437,1.9546587330894019,0.1384615384615385,0.3941841430259077,
Track 1 (Heavy Metals),Mn_num,Set A (FULL),Ridge,LOG1P,25,40,-3.0687174431213635,6.218520794787352,-0.29584239362101195,-22.185740719072733,0.45041522360190256,1.0967299319276163,0.7829081031312138,1.6970675929247447,0.21932457786116324,0.17390349696690213,
Track 1 (Heavy Metals),Mn_num,Set A (FULL),Lasso,RAW,25,40,-1.452978030773025,2.4790418454556815,-0.22968142465955443,-8.3567714242394,0.37888354527582,0.9977920024287192,0.7546926766578099,1.5439721507601072,0.3606003752345216,0.02226436769198582,
Track 1 (Heavy Metals),Mn_num,Set A (FULL),Lasso,LOG1P,25,40,-0.328972295008998,0.481189133982637,-0.1436342056743991,-1.6101846852080577,0.11666009041344638,0.9259925459093137,0.6170774336820937,1.432870477229112,0.3416510318949344,0.03095378277623844,
Track 1 (Heavy Metals),Mn_num,Set A (FULL),ElasticNet,RAW,25,40,-1.9571458955879786,3.332067230907919,-0.3419999598953207,-11.588427388790246,0.41858540507416464,1.0286205704406008,0.7804078269464354,1.5916759310492856,0.3816135084427768,0.015109405790818731,
Track 1 (Heavy Metals),Mn_num,Set A (FULL),ElasticNet,LOG1P,25,40,-0.5510270653568332,1.0219586159425753,-0.1395257970346444,-3.7221026959669663,0.2841392936075814,0.9350227188726226,0.6316923627428587,1.4468436655669208,0.44727954971857414,0.00380738726253545,
Track 1 (Heavy Metals),Mn_num,Set A (FULL),SVR_RBF,RAW,25,40,-0.8898697904897268,1.7951268447044506,-0.20536246461643226,-6.668729955647972,0.181111831620677,0.9736053213718727,0.646309122739473,1.5065459518326851,0.3656660412757974,0.020322337566620254,
Track 1 (Heavy Metals),Mn_num,Set A (FULL),SVR_RBF,LOG1P,25,40,-0.8611237344980267,1.5804882810961713,-0.20624254107349116,-5.520107918864288,0.23726087488435188,0.969018776904452,0.6463971304805153,1.4994487843782625,0.36998123827392126,0.018781820070111584,
Track 1 (Heavy Metals),Mn_num,Set A (FULL),RandomForest,RAW,25,40,-2.9491223009703513,5.977490241989411,-0.6447605820812856,-28.603346811475628,0.38079950070652224,1.1217427950115342,0.7874411636927329,1.7357722166522773,0.3849906191369606,0.014164531723330957,
Track 1 (Heavy Metals),Mn_num,Set A (FULL),RandomForest,LOG1P,25,40,-1.503571408797846,3.3868983790522633,-0.24409701715661192,-15.932572460650213,0.4484168808321807,1.0049179876931287,0.6905565552875181,1.5549988204148992,0.4594746716697937,0.0028583102876283168,
Track 1 (Heavy Metals),Mn_num,Set A (FULL),ExtraTrees,RAW,25,40,-1.968089290874285,3.117358640135969,-0.4401308713827903,-10.732126723202038,0.25949353959872223,1.0776368428427388,0.8198267343875446,1.667523161071936,0.08705440900562854,0.5932464949641173,
Track 1 (Heavy Metals),Mn_num,Set A (FULL),ExtraTrees,LOG1P,25,40,-1.031534776579301,1.7698730393079594,-0.236849361751865,-6.823771838545996,0.27210589129803986,0.9951883636001321,0.7056905311291297,1.5399433092458523,0.2572232645403377,0.1090829452387649,
Track 1 (Heavy Metals),Mn_num,Set A (FULL),GradientBoosting,RAW,25,40,-3.740000617709944,8.226136246027991,-0.6261281319660721,-40.82348422214944,0.46252273191243565,1.1904646324323733,0.8104402349128443,1.8421116169166318,0.3397748592870544,0.03194837048262261,
Track 1 (Heavy Metals),Mn_num,Set A (FULL),GradientBoosting,LOG1P,25,40,-2.079721649688789,4.677918827867261,-0.4445753523170095,-22.5927355433813,0.3395980061182372,1.063441529435466,0.7199258961819729,1.6455574923566205,0.3941838649155723,0.011842098244464278,
Track 1 (Heavy Metals),Mn_num,Set B (CORE),Ridge,RAW,4,40,-2.1046323395515034,3.355662919328235,-0.23378482782950005,-9.493245978026396,0.34544286883658293,1.0404422790386778,0.7924571245104974,1.6099687103113003,0.4135084427767355,0.00799689819758035,
Track 1 (Heavy Metals),Mn_num,Set B (CORE),Ridge,LOG1P,4,40,-0.9123288367657854,1.6487674132191832,-0.1704891161894675,-5.715112181973911,0.34617155709402403,0.9510004365163244,0.660551243539939,1.4715674066016624,0.4797373358348968,0.0017336732100791345,
Track 1 (Heavy Metals),Mn_num,Set B (CORE),Lasso,RAW,4,40,-1.2684228973093665,2.031068697051365,-0.14386910400720443,-5.596231237054791,0.2601640080001735,0.9871857351247775,0.7436898235732886,1.5275601317211258,0.35309568480300196,0.025424322781371668,
Track 1 (Heavy Metals),Mn_num,Set B (CORE),Lasso,LOG1P,4,40,-0.3074575465475064,0.4598970184394539,-0.1011815688313098,-1.8139451284992862,0.07193774629295913,0.9225462273351103,0.6141599284150646,1.4275376825301513,0.24690431519699815,0.12455491146744711,
Track 1 (Heavy Metals),Mn_num,Set B (CORE),ElasticNet,RAW,4,40,-1.5405896426210106,2.45151444943138,-0.19776185153304127,-6.574409184541005,0.2390579245802894,1.0018254261890844,0.7584449811991124,1.550213425437655,0.4063789868667918,0.009267410193072544,
Track 1 (Heavy Metals),Mn_num,Set B (CORE),ElasticNet,LOG1P,4,40,-0.4021325045714698,0.6177082113357999,-0.15939924883309442,-1.956528361287834,0.24463209091234783,0.9246167432690258,0.626203509896065,1.430741575658067,0.36810506566604134,0.019439117107350554,
Track 1 (Heavy Metals),Mn_num,Set B (CORE),SVR_RBF,RAW,4,40,-0.8579003848652635,1.4757695247217206,-0.31065818938985745,-5.928789307915343,0.17016032796763436,0.9858207955720824,0.6540250728211363,1.5254480395699535,0.19343339587242028,0.23172704032745622,
Track 1 (Heavy Metals),Mn_num,Set B (CORE),SVR_RBF,LOG1P,4,40,-1.2235480115693735,2.328040764444702,-0.33925976058903484,-8.513797535028251,0.294868625262813,1.003600669865946,0.6726754776455993,1.5529604175875376,0.2176360225140713,0.1773244224713486,
Track 1 (Heavy Metals),Mn_num,Set B (CORE),RandomForest,RAW,4,40,-3.5967256715589495,7.4937626961668045,-0.24847294486127325,-31.964558573966777,0.4471965837388747,1.0880979456741402,0.7870971750837049,1.6837105542346464,0.19118198874296438,0.23730977954164884,
Track 1 (Heavy Metals),Mn_num,Set B (CORE),RandomForest,LOG1P,4,40,-0.957875664175563,2.083069587922593,-0.21718226231704563,-8.934283801083792,0.6586784257334843,0.944215540740315,0.651635399163942,1.4610685349946848,0.3688555347091933,0.019173920624212488,
Track 1 (Heavy Metals),Mn_num,Set B (CORE),ExtraTrees,RAW,4,40,-1.4249659033895432,2.300627417493517,-0.32007336432863887,-7.694515013843356,0.21951188869334337,1.0081024231809648,0.7463435176423681,1.5599263801639687,0.33789868667917455,0.03296909942181617,
Track 1 (Heavy Metals),Mn_num,Set B (CORE),ExtraTrees,LOG1P,4,40,-0.8045905415262099,1.3254623453843215,-0.20268869110500565,-5.182787052059493,0.09743808325700165,0.9682880834773572,0.6562946837935519,1.4983181175665101,0.3666041275797374,0.0199787423813123,
Track 1 (Heavy Metals),Mn_num,Set B (CORE),GradientBoosting,RAW,4,40,-2.7225314104309515,6.696669975843161,-0.568925352905761,-33.66256830901965,0.35640526994215127,1.0711710564878059,0.764587806077268,1.6575180758031813,0.21594746716697938,0.18079318689450438,
Track 1 (Heavy Metals),Mn_num,Set B (CORE),GradientBoosting,LOG1P,4,40,-0.9232164851549558,1.8081815135360848,-0.22621768460116298,-7.679436646390869,0.40468646223482674,0.9529507247497478,0.6509130219797694,1.4745852607346195,0.31688555347091935,0.046339933385446105,
Track 1 (Heavy Metals),Mn_num,Set C (pH SENSITIVITY),Ridge,RAW,5,40,-2.253830990529644,3.4125461036631974,-0.6091648399229441,-9.753873175857592,0.2781255570189478,1.0689256679959962,0.8190798768904819,1.654043586841,0.34652908067542215,0.028486662505346566,
Track 1 (Heavy Metals),Mn_num,Set C (pH SENSITIVITY),Ridge,LOG1P,5,40,-0.9856313086835816,1.6552669815054741,-0.20832281522300122,-5.747616008205149,0.34789107654677176,0.9689615236056978,0.6782536812672109,1.4993601912660701,0.40938086303939974,0.008712828239862655,
Track 1 (Heavy Metals),Mn_num,Set C (pH SENSITIVITY),Lasso,RAW,5,40,-1.2684228973093665,2.031068697051365,-0.14386910400720443,-5.596231237054791,0.2601640080001735,0.9871857351247775,0.7436898235732886,1.5275601317211258,0.35309568480300196,0.025424322781371668,
Track 1 (Heavy Metals),Mn_num,Set C (pH SENSITIVITY),Lasso,LOG1P,5,40,-0.3074575465475064,0.4598970184394539,-0.1011815688313098,-1.8139451284992862,0.07193774629295913,0.9225462273351103,0.6141599284150646,1.4275376825301513,0.24690431519699815,0.12455491146744711,
Track 1 (Heavy Metals),Mn_num,Set C (pH SENSITIVITY),ElasticNet,RAW,5,40,-1.5616079480357337,2.4464672017812092,-0.22271694621883698,-6.574409184541005,0.22718567322228045,1.0084143310889875,0.7644774213619051,1.5604090229616827,0.41050656660412765,0.008512326219825802,
Track 1 (Heavy Metals),Mn_num,Set C (pH SENSITIVITY),ElasticNet,LOG1P,5,40,-0.4021325045714698,0.6177082113357999,-0.15939924883309442,-1.956528361287834,0.24463209091234783,0.9246167432690258,0.626203509896065,1.430741575658067,0.36810506566604134,0.019439117107350554,
Track 1 (Heavy Metals),Mn_num,Set C (pH SENSITIVITY),SVR_RBF,RAW,5,40,-0.7976430223351731,1.3253240847091237,-0.35791315320515604,-6.035782060473562,0.13697413756894317,0.9920103104859122,0.666043162440937,1.5350256255101156,0.12870544090056285,0.42865651407957917,
Track 1 (Heavy Metals),Mn_num,Set C (pH SENSITIVITY),SVR_RBF,LOG1P,5,40,-1.4745282957273673,2.8015826002393283,-0.35166610211780736,-11.21596456566679,0.13004689265428881,1.0366791332240082,0.7016617406555018,1.6041456606947901,0.12814258911819887,0.4306952703261862,
Track 1 (Heavy Metals),Mn_num,Set C (pH SENSITIVITY),RandomForest,RAW,5,40,-2.6224324585029932,4.240373059464446,-0.6514672947692872,-13.400771237791405,0.48138654461098573,1.0943015858315517,0.8109427774404416,1.6933099974182617,0.13227016885553475,0.4158701818339773,
Track 1 (Heavy Metals),Mn_num,Set C (pH SENSITIVITY),RandomForest,LOG1P,5,40,-0.9143438875383653,1.763117375398713,-0.2174446807279009,-6.8933894321157405,0.40256283589992725,0.9522992698731333,0.6641100492188577,1.4735772067669375,0.34652908067542215,0.028486662505346566,
Track 1 (Heavy Metals),Mn_num,Set C (pH SENSITIVITY),ExtraTrees,RAW,5,40,-1.5183702032454653,2.3033550657563158,-0.5069621300458669,-7.624697230784193,0.18748804844574907,1.0317419659900182,0.7775436800158652,1.5965059435048639,0.2568480300187618,0.10961869030929157,
Track 1 (Heavy Metals),Mn_num,Set C (pH SENSITIVITY),ExtraTrees,LOG1P,5,40,-0.7672841559484992,1.100879932003825,-0.28117497396939406,-3.8824363794836803,0.2528489228248457,0.9704758175857439,0.666775335456673,1.5017033927825825,0.2960600375234522,0.06361049753198496,
Track 1 (Heavy Metals),Mn_num,Set C (pH SENSITIVITY),GradientBoosting,RAW,5,40,-1.5285282510107205,2.137568201766875,-0.7038226810461674,-7.265074073718578,0.24781628942603096,1.0590763051519134,0.7613973136379967,1.6388027932718197,0.1330206378986867,0.41320615038552205,
Track 1 (Heavy Metals),Mn_num,Set C (pH SENSITIVITY),GradientBoosting,LOG1P,5,40,-0.9771611199872529,1.87013361230682,-0.3179311954255406,-8.20437251000975,0.41525123469579306,0.9825128110307715,0.6609693636492661,1.5203293014015806,0.27973733583489685,0.08042878412629532,
Track 1 (Heavy Metals),Pb_num,Set A (FULL),Ridge,RAW,25,40,-11.58319094875287,18.515260894025978,-1.9992640771759413,-75.70626885609643,0.35692821630133464,1.4680370577426627,0.9341739257117154,2.4881984029536652,0.5843656567861271,7.521795377121551e-05,
Track 1 (Heavy Metals),Pb_num,Set A (FULL),Ridge,LOG1P,25,40,-6.613022233173572,12.384252346104187,-0.3572882989187247,-50.94543632503725,0.6861464034764461,1.219857820867061,0.7304681414362867,2.067555628588239,0.5910285701684646,5.932884134433469e-05,
Track 1 (Heavy Metals),Pb_num,Set A (FULL),Lasso,RAW,25,40,-6.407584314232824,13.61883050915695,0.0756920000895096,-61.12782455531952,0.6911004306920138,1.164621641204326,0.7075441414156107,1.9739349850920778,0.6844970452220991,1.1123432050382842e-06,
Track 1 (Heavy Metals),Pb_num,Set A (FULL),Lasso,LOG1P,25,40,-2.5061478467655935,5.140386211056919,0.006451107896274788,-15.510934728574327,0.639761042288739,1.0475893334239659,0.618476558840634,1.7755751413965521,0.5807057466183644,8.55022425713098e-05,
Track 1 (Heavy Metals),Pb_num,Set A (FULL),ElasticNet,RAW,25,40,-6.907804350868011,13.677096822125607,-0.054876024279775004,-60.53252838473261,0.5683914864919934,1.210442217704154,0.7475050402641124,2.0515969791595827,0.6478040996940158,6.221685413494249e-06,
Track 1 (Heavy Metals),Pb_num,Set A (FULL),ElasticNet,LOG1P,25,40,-3.1057588669763483,6.524229144696612,0.03400093562586681,-20.568070700830102,0.816730716731999,1.0387440962324568,0.610833340056894,1.7605832139533164,0.6506194152076794,5.496414442865754e-06,
Track 1 (Heavy Metals),Pb_num,Set A (FULL),SVR_RBF,RAW,25,40,-0.27420007267376617,1.0123633462332335,0.01051401167597199,-4.624398743410373,0.4952282027347802,0.9052261413312555,0.5520029101436146,1.534281595476704,0.49793547051665177,0.001077433952258452,
Track 1 (Heavy Metals),Pb_num,Set A (FULL),SVR_RBF,LOG1P,25,40,-0.4521482316167896,1.3640643271412507,-0.005177010879983124,-5.899295867991855,0.7661466372895831,0.8946307303254205,0.5595253833282609,1.5163232717380006,0.4810435774346696,0.001676922288891507,
Track 1 (Heavy Metals),Pb_num,Set A (FULL),RandomForest,RAW,25,40,-4.9195500284615,8.405858285280942,-0.873049814602227,-32.8345471692163,0.3297804801956029,1.2169132542779508,0.7821061726441255,2.0625648377592385,0.445758289663418,0.0039431800428519495,
Track 1 (Heavy Metals),Pb_num,Set A (FULL),RandomForest,LOG1P,25,40,-1.7705743545557275,3.435957345786054,-0.1541244661449208,-13.452647850081451,0.7522417358324738,1.0140404954788034,0.6280741773172176,1.7187127042013615,0.4412537848415561,0.004370315552273115,
Track 1 (Heavy Metals),Pb_num,Set A (FULL),ExtraTrees,RAW,25,40,-5.924175736594395,15.897037485182286,-0.18754280114392174,-78.10603054935412,0.854177517045538,1.1506116481311401,0.6900085833255131,1.9501892341205762,0.5805180589174535,8.606245874222918e-05,
Track 1 (Heavy Metals),Pb_num,Set A (FULL),ExtraTrees,LOG1P,25,40,-3.4944383757166775,7.5063354487142515,-0.18775681565629232,-34.50894451992104,0.8143764892606917,1.0913575402892137,0.6387870946765546,1.8497585428630738,0.6143956889318731,2.4729043032833204e-05,
Track 1 (Heavy Metals),Pb_num,Set A (FULL),GradientBoosting,RAW,25,40,-7.770370451931412,14.66947157952668,-1.517478237343024,-61.67658127773232,0.23570270025856177,1.3582291694207789,0.8122258525810576,2.30208333800132,0.45823952177399374,0.0029439252690017714,
Track 1 (Heavy Metals),Pb_num,Set A (FULL),GradientBoosting,LOG1P,25,40,-2.693706910151673,4.199296098367022,-0.1476104971717116,-12.45604779387032,0.4920685276371538,1.0875786571362054,0.6671182877506828,1.8433536561630597,0.5138889250940794,0.0006945419430557676,
Track 1 (Heavy Metals),Pb_num,Set B (CORE),Ridge,RAW,4,40,-4.168219792963921,9.18293199544689,0.02158790735935867,-30.786425269201892,0.4713101330107021,1.0648463382466118,0.6776031138235833,1.8048243021129011,0.6082958386522686,3.128413885875399e-05,
Track 1 (Heavy Metals),Pb_num,Set B (CORE),Ridge,LOG1P,4,40,-5.06363056630415,13.375454103436617,0.12779781712719118,-44.0385371123712,0.7817692088916524,1.0450535510759271,0.60502375383984,1.7712772052134356,0.6188063499032797,2.0798496166945152e-05,
Track 1 (Heavy Metals),Pb_num,Set B (CORE),Lasso,RAW,4,40,-3.5738176828794246,8.13282276206416,0.11482872316364379,-27.312680271600396,0.6781192561784504,1.0365513762810148,0.6457246753012802,1.756866739459347,0.6043543969331393,3.632391412204071e-05,
Track 1 (Heavy Metals),Pb_num,Set B (CORE),Lasso,LOG1P,4,40,-2.1179365527933873,4.948552181656143,0.0048336744076334925,-16.00838556547908,0.5692209166265032,1.0196334400316935,0.6005394553933154,1.7281922712401583,0.4433183495515761,0.004169794109841291,
Track 1 (Heavy Metals),Pb_num,Set B (CORE),ElasticNet,RAW,4,40,-3.5728272095389366,7.971668119614879,0.03957734573980787,-26.678085773975063,0.5710200378609408,1.0366017283626383,0.6511817540137582,1.756952081970573,0.6270646087433598,1.493361618148379e-05,
Track 1 (Heavy Metals),Pb_num,Set B (CORE),ElasticNet,LOG1P,4,40,-2.913739384352628,7.314776302707275,0.07844930505022041,-23.964163949259902,0.7584171324054504,1.0118212970395006,0.5930930305099982,1.7149513509144076,0.597503795849891,4.687200330005189e-05,
Track 1 (Heavy Metals),Pb_num,Set B (CORE),SVR_RBF,RAW,4,40,-0.2995567529236675,1.3830024988091132,0.10205110132050688,-6.630161249306719,0.5890348826803946,0.8844307275596232,0.5431244325287056,1.4990351314569883,0.5270270641578433,0.00047590708779586506,
Track 1 (Heavy Metals),Pb_num,Set B (CORE),SVR_RBF,LOG1P,4,40,-0.4070703296966681,1.6198781186618068,0.1676695727679064,-7.144482151210157,0.7526457578820351,0.8633217721142517,0.53044286872453,1.4632572408716127,0.5219594962332486,0.0005516127398208914,
Track 1 (Heavy Metals),Pb_num,Set B (CORE),RandomForest,RAW,4,40,-2.7974362198613774,5.585146931739352,-0.10396024973190054,-20.361021374659167,0.31447335560150624,1.087305822293905,0.647916622795124,1.8428912242269573,0.5447635518939246,0.00027862907165992264,
Track 1 (Heavy Metals),Pb_num,Set B (CORE),RandomForest,LOG1P,4,40,-1.2203231234340524,2.718581163837426,-0.053807030195639705,-10.39397209431048,0.5414365256968778,0.9736262257427333,0.57833714560939,1.6502139419368358,0.5360360738015671,0.0003639433498188136,
Track 1 (Heavy Metals),Pb_num,Set B (CORE),ExtraTrees,RAW,4,40,-5.15840504586616,11.53773749873329,-0.09003915971769771,-37.56620690434726,0.33160298089968654,1.1664669033286619,0.6727578812763122,1.9770625480146808,0.631006050462489,1.2706611974847164e-05,
Track 1 (Heavy Metals),Pb_num,Set B (CORE),ExtraTrees,LOG1P,4,40,-4.240563167368554,10.189206972801307,-0.04778305941002081,-34.994969644008506,0.3032702579095332,1.1034065076870239,0.621196729809634,1.87018052150343,0.6343844290788854,1.1044261700559313e-05,
Track 1 (Heavy Metals),Pb_num,Set B (CORE),GradientBoosting,RAW,4,40,-5.208403947384308,10.878820243013168,-0.21928230278054817,-36.60728321040113,0.22598562856090432,1.260152727960706,0.726068169988526,2.135852081289332,0.5149212074490893,0.0006745858411426366,
Track 1 (Heavy Metals),Pb_num,Set B (CORE),GradientBoosting,LOG1P,4,40,-2.667748244008535,5.130095969437807,-0.18164014773650927,-17.733960512318376,0.23416462950846484,1.1227703692059066,0.65092469347505,1.9030006257727228,0.5526464353321828,0.00021751009944288442,
Track 1 (Heavy Metals),Pb_num,Set C (pH SENSITIVITY),Ridge,RAW,5,40,-4.441134709230664,9.60651949066714,-0.08391708534783193,-33.56431619369527,0.47441069366021693,1.094116064255838,0.7009339753117354,1.8544340072132846,0.5885886300566227,6.475410852709139e-05,
Track 1 (Heavy Metals),Pb_num,Set C (pH SENSITIVITY),Ridge,LOG1P,5,40,-5.534980242588949,14.54241830472202,0.09453953076993094,-50.246965076330156,0.7819398762632785,1.0726720568224908,0.6227565921744443,1.8180882319025264,0.5799549958147207,8.7763122461297e-05,
Track 1 (Heavy Metals),Pb_num,Set C (pH SENSITIVITY),Lasso,RAW,5,40,-3.5761516163427043,8.131709169995084,0.11482872316364379,-27.31270507929678,0.6781197190463587,1.0375257110388696,0.6464731264548017,1.7585181543031685,0.6043543969331393,3.632391412204071e-05,
Track 1 (Heavy Metals),Pb_num,Set C (pH SENSITIVITY),Lasso,LOG1P,5,40,-2.1179365527933873,4.948552181656143,0.0048336744076334925,-16.00838556547908,0.5692209166265032,1.0196334400316935,0.6005394553933154,1.7281922712401583,0.4433183495515761,0.004169794109841291,
Track 1 (Heavy Metals),Pb_num,Set C (pH SENSITIVITY),ElasticNet,RAW,5,40,-3.616174734240301,8.002909783471539,-0.018765702911470283,-26.986764581430688,0.5224477765703257,1.0456772308060605,0.6581703400916364,1.772334289501797,0.6110173103154768,2.818552615647762e-05,
Track 1 (Heavy Metals),Pb_num,Set C (pH SENSITIVITY),ElasticNet,LOG1P,5,40,-2.9138467707534863,7.314730762364129,0.07844930505022041,-23.964163949259902,0.7584171324054504,1.0118645188487005,0.5931229146391619,1.7150246082181362,0.597503795849891,4.687200330005189e-05,
Track 1 (Heavy Metals),Pb_num,Set C (pH SENSITIVITY),SVR_RBF,RAW,5,40,-0.2977066524942411,1.3349924728988256,0.04306012457080033,-6.489516083990952,0.4967194542657025,0.8963799336530589,0.5452013616112673,1.5192880231407775,0.43731234312242695,0.004776513287124934,
Track 1 (Heavy Metals),Pb_num,Set C (pH SENSITIVITY),SVR_RBF,LOG1P,5,40,-0.4205602531480104,1.6584593594708268,0.0002748400673560081,-8.107575631742392,0.7232906978352855,0.8843142784678044,0.5490982566996128,1.4988377601149225,0.4352477784124069,0.005002078940704751,
Track 1 (Heavy Metals),Pb_num,Set C (pH SENSITIVITY),RandomForest,RAW,5,40,-2.97936758013436,5.757367583245273,-0.14959236657312802,-20.21517252618496,0.08718646512093176,1.1278767132850123,0.6756230767613093,1.9116554462457833,0.43731234312242695,0.004776513287124934,
Track 1 (Heavy Metals),Pb_num,Set C (pH SENSITIVITY),RandomForest,LOG1P,5,40,-1.366612208354823,3.075904904739828,-0.11058508787847665,-12.01920889536219,0.5602775061744432,0.9895082034448157,0.5860527221383637,1.6771325482115518,0.48282661059332327,0.0016021053597918902,
Track 1 (Heavy Metals),Pb_num,Set C (pH SENSITIVITY),ExtraTrees,RAW,5,40,-4.9676612008196495,10.64001993047729,-0.1478255762649714,-33.993077857721865,0.3537277644986283,1.1827646978591257,0.681584304665168,2.0046859285747893,0.5925300717757518,5.6198862439892905e-05,
Track 1 (Heavy Metals),Pb_num,Set C (pH SENSITIVITY),ExtraTrees,LOG1P,5,40,-3.5588966046100206,8.415861763595737,-0.07859737651470944,-33.95289326998462,0.29319437131144765,1.1039127538238727,0.6257545505134253,1.8710385658031738,0.59628382579397,4.9019191279513875e-05,
Track 1 (Heavy Metals),Pb_num,Set C (pH SENSITIVITY),GradientBoosting,RAW,5,40,-5.123194521661995,10.748819771901292,-0.3815434150615209,-35.970511798628365,0.09489878623759296,1.2676401763968856,0.7385962759359467,2.148542671859128,0.46828081377272757,0.0023086027228770216,
Track 1 (Heavy Metals),Pb_num,Set C (pH SENSITIVITY),GradientBoosting,LOG1P,5,40,-2.653369285589967,5.016456157545015,-0.17955823315130792,-18.64531916358583,0.21481312462351376,1.123720287323791,0.6543634332489435,1.9046106564810015,0.5255255625505559,0.0004973051270500535,
Track 1 (Heavy Metals),Ni_num,Set A (FULL),Ridge,RAW,25,40,-2.9153780845194035,8.640459009898318,-0.6520417150601205,-44.22574202058057,0.7147847406580974,2.3056530984747474,1.6328007561815607,1.0362485835841564,0.35460414161803067,0.024760908014926312,
Track 1 (Heavy Metals),Ni_num,Set A (FULL),Ridge,LOG1P,25,40,-3.426367038528186,8.848137344968713,-0.4748332468374237,-41.43559956265104,0.814660058682128,2.4446153585645747,1.5474322482032996,1.098703531939135,0.5034514839020822,0.0009278996226385994,
Track 1 (Heavy Metals),Ni_num,Set A (FULL),Lasso,RAW,25,40,-0.9244840680024418,2.8357158706804135,-0.14308246096428268,-13.971597898673211,0.6909649929269069,1.88694730684304,1.2966916380283129,0.8480662053227147,0.530028012524408,0.00043559220299231745,
Track 1 (Heavy Metals),Ni_num,Set A (FULL),Lasso,LOG1P,25,40,-0.02454942520973577,1.1365258921343673,0.18569522390874105,-5.340563770264413,0.7589653063707427,1.5887382189867116,1.0355403046845952,0.7140396489827918,0.5872191995597313,6.799269421897379e-05,
Track 1 (Heavy Metals),Ni_num,Set A (FULL),ElasticNet,RAW,25,40,-1.0997449085497562,3.169310117719829,-0.21152172560484317,-15.58004731626703,0.7008842307703926,1.9456617228886233,1.351777820834607,0.8744547069162353,0.5314366624513864,0.00041774549228225665,
Track 1 (Heavy Metals),Ni_num,Set A (FULL),ElasticNet,LOG1P,25,40,-0.1668111829463601,1.078909038340242,0.03560687715671729,-3.7936104776891177,0.7894741344537868,1.6672941252391544,1.066532675997374,0.7493456742647886,0.5818663298372134,8.211087577634342e-05,
Track 1 (Heavy Metals),Ni_num,Set A (FULL),SVR_RBF,RAW,25,40,-0.03250519365972677,1.1123383380645415,0.07737989502796261,-5.105564960192581,0.874184121977885,1.5614858182245743,1.016898393498561,0.7017913789773369,0.6110723383232324,2.8125865495713593e-05,
Track 1 (Heavy Metals),Ni_num,Set A (FULL),SVR_RBF,LOG1P,25,40,-0.10258515734508983,1.360111594585501,0.06713094948390763,-6.488277238315013,0.8388794538941441,1.5999041515695591,1.073094229008045,0.7190580456492401,0.6310751672863257,1.267042610259402e-05,
Track 1 (Heavy Metals),Ni_num,Set A (FULL),RandomForest,RAW,25,40,-1.4203706109600573,5.467454820413462,-0.1235330777669108,-27.830640870476525,0.5072298203319888,1.8450714359011806,1.3483208599810623,0.8292455891690701,0.490397994578749,0.0013162182784670082,
Track 1 (Heavy Metals),Ni_num,Set A (FULL),RandomForest,LOG1P,25,40,-0.35191436469405263,2.0415452414218005,0.12176713034177811,-10.126223115096657,0.675628560198208,1.640354613449548,1.139428174598154,0.7372380285166509,0.562802600825439,0.00015663968622264173,
Track 1 (Heavy Metals),Ni_num,Set A (FULL),ExtraTrees,RAW,25,40,-0.8284240673704367,2.8727711345707645,-0.028419069128697183,-13.51877603251646,0.7001231465131752,1.782646026785038,1.2294018393648032,0.8011892255213655,0.5066444237365666,0.0008500416833739298,
Track 1 (Heavy Metals),Ni_num,Set A (FULL),ExtraTrees,LOG1P,25,40,-0.20290929917074485,1.359540409255502,0.12029982589605492,-6.271221477613464,0.807758372783951,1.6174507434247536,1.0562102416848111,0.726944154348204,0.5682493805430889,0.00013077102240944465,
Track 1 (Heavy Metals),Ni_num,Set A (FULL),GradientBoosting,RAW,25,40,-1.5536813051385294,4.655985263437802,-0.09208275210974493,-21.996858748246055,0.6505368875312514,1.9261912355973436,1.3917136003054915,0.8657039261111658,0.4349910974509316,0.005030758548414003,
Track 1 (Heavy Metals),Ni_num,Set A (FULL),GradientBoosting,LOG1P,25,40,-0.6734552730578013,2.8553512732238757,0.05829267244786296,-13.983721086906986,0.8238557446922709,1.6984664045263502,1.1821980644415744,0.7633556874275732,0.5497491115021057,0.00023840690368699146,
Track 1 (Heavy Metals),Ni_num,Set B (CORE),Ridge,RAW,4,40,-0.4724669097712727,2.0175795076078464,0.034853363120306735,-9.782392248016313,0.723396238045249,1.7094850649041342,1.2058096703590686,0.7683078943389369,0.6029021687467576,3.835985137872212e-05,
Track 1 (Heavy Metals),Ni_num,Set B (CORE),Ridge,LOG1P,4,40,-0.2210543097550807,1.2266911110908958,0.11278564298962268,-5.084470990436762,0.8739271024760578,1.6662127892566745,1.116624910306105,0.7488596805647977,0.5950137291556785,5.134926539657466e-05,
Track 1 (Heavy Metals),Ni_num,Set B (CORE),Lasso,RAW,4,40,-0.4450781605547093,2.2676122078721503,0.08061869514312114,-11.24740165843064,0.6874331553502306,1.6613506552176707,1.1610130637052836,0.7466744517832229,0.6075976685033523,3.2127564342287954e-05,
Track 1 (Heavy Metals),Ni_num,Set B (CORE),Lasso,LOG1P,4,40,-0.008282952019424545,1.1788007635656466,0.22142025694150602,-5.541243840949838,0.7545407175441641,1.5630359988571823,1.0331058956764947,0.7024880893740146,0.6078793984887481,3.178475800254464e-05,
Track 1 (Heavy Metals),Ni_num,Set B (CORE),ElasticNet,RAW,4,40,-0.4614707501830989,2.235645091477787,0.10601868722638685,-11.047060916238522,0.6919760843104152,1.6765303412485566,1.17973655180732,0.7534967825836211,0.6022447987808344,3.9315150186048696e-05,
Track 1 (Heavy Metals),Ni_num,Set B (CORE),ElasticNet,LOG1P,4,40,-0.0022391803594213043,0.9396611708472644,0.18761853886999136,-4.174727912618416,0.8026953704712148,1.5687444820754068,1.0194320756483901,0.7050536998091718,0.6124809882502108,2.663727570867878e-05,
Track 1 (Heavy Metals),Ni_num,Set B (CORE),SVR_RBF,RAW,4,40,-0.13325670477350848,1.5176281677525771,0.06555194780852946,-7.305627101059056,0.9009151785601883,1.5812804377906051,1.0548198842731606,0.7106878372092609,0.6453494865463736,6.924600697258079e-06,
Track 1 (Heavy Metals),Ni_num,Set B (CORE),SVR_RBF,LOG1P,4,40,-0.5737781902038406,3.254958613579658,0.07551503384911828,-16.277836246407766,0.93539014738663,1.6145328855732501,1.0629094084098105,0.7256327575610114,0.6401844368141195,8.647360746785902e-06,
Track 1 (Heavy Metals),Ni_num,Set B (CORE),RandomForest,RAW,4,40,-1.44819207616527,6.063482129783732,-0.04333642955540906,-30.811232041255053,0.6142402138284686,1.7585486463521192,1.2462916278947342,0.7903589421807279,0.6719260151686995,2.0611225833328915e-06,
Track 1 (Heavy Metals),Ni_num,Set B (CORE),RandomForest,LOG1P,4,40,-0.9079782619937502,4.642274684408287,0.14696574395558715,-23.44863025517351,0.644090321440057,1.6284345695946458,1.1095475272809319,0.731880705435796,0.6728651151200185,1.970316862778096e-06,
Track 1 (Heavy Metals),Ni_num,Set B (CORE),ExtraTrees,RAW,4,40,-0.5576085108432585,2.6053187784532494,0.14383472116844687,-13.026222091589986,0.7890192617471322,1.7009796519803748,1.1887219095380208,0.7644852368451124,0.5382920920960148,0.0003398981560005475,
Track 1 (Heavy Metals),Ni_num,Set B (CORE),ExtraTrees,LOG1P,4,40,0.0295026549252308,0.8836905710825819,0.17877034177820772,-3.864366465323184,0.8899664149409307,1.5579484059455593,1.0354891885594564,0.7002015307620493,0.5526603213511945,0.00021741405131855363,
Track 1 (Heavy Metals),Ni_num,Set B (CORE),GradientBoosting,RAW,4,40,-1.3345784936999445,5.731103836143667,0.03681788548527176,-29.23928415995726,0.6349184161572802,1.7868284568152109,1.2951570147729836,0.803068969355151,0.511527743483425,0.0007421800494079728,
Track 1 (Heavy Metals),Ni_num,Set B (CORE),GradientBoosting,LOG1P,4,40,-0.31144669862283997,2.1113063487504506,0.2189192048195444,-10.439324478677015,0.7777084142147697,1.5760430866124506,1.0746415446631454,0.7083339715112139,0.6110723383232324,2.8125865495713593e-05,
Track 1 (Heavy Metals),Ni_num,Set C (pH SENSITIVITY),Ridge,RAW,5,40,-0.6786692425879416,2.613639552308751,0.03168958553251511,-12.99613750004425,0.7247482946667014,1.7775909867022337,1.266716787293257,0.7989172973942624,0.5693763004846716,0.0001259276049642716,
Track 1 (Heavy Metals),Ni_num,Set C (pH SENSITIVITY),Ridge,LOG1P,5,40,-0.37018735926474133,1.4776087961045135,0.02558786903378396,-5.467833337764077,0.8736553856331359,1.726128215019436,1.174515715192925,0.7757879618064881,0.5654320806891321,0.00014362470100398375,
Track 1 (Heavy Metals),Ni_num,Set C (pH SENSITIVITY),Lasso,RAW,5,40,-0.4563065331579504,2.2666851078724597,0.08061869514312114,-11.24740165843064,0.6874331553502306,1.672957235089148,1.170801649075032,0.7518908921748981,0.5983005789852949,4.551618688512221e-05,
Track 1 (Heavy Metals),Ni_num,Set C (pH SENSITIVITY),Lasso,LOG1P,5,40,-0.008282952019424545,1.1788007635656466,0.22142025694150602,-5.541243840949838,0.7545407175441641,1.5630359988571823,1.0331058956764947,0.7024880893740146,0.6078793984887481,3.178475800254464e-05,
Track 1 (Heavy Metals),Ni_num,Set C (pH SENSITIVITY),ElasticNet,RAW,5,40,-0.4869807147163705,2.2331802007784254,0.08767367574647644,-11.047037774270116,0.6919760843104152,1.7033031627916428,1.2061012244720175,0.7655295113670306,0.5922903392968536,5.66883159319002e-05,
Track 1 (Heavy Metals),Ni_num,Set C (pH SENSITIVITY),ElasticNet,LOG1P,5,40,-0.0028985254174518004,0.9398047199726978,0.18761853886999136,-4.174727912618416,0.8026953704712148,1.5694103611697594,1.0201237752282117,0.7053529713122515,0.6134200882015297,2.5685181257451325e-05,
Track 1 (Heavy Metals),Ni_num,Set C (pH SENSITIVITY),SVR_RBF,RAW,5,40,-0.08348069919449433,1.356497633060132,0.12265655640292827,-6.465574458704976,0.8557961104828429,1.567524559698314,1.0329062052011637,0.70450542008913,0.59905185894635,4.427057000614574e-05,
Track 1 (Heavy Metals),Ni_num,Set C (pH SENSITIVITY),SVR_RBF,LOG1P,5,40,-0.15982352983057127,1.6310903806835129,0.10631282033613032,-7.867589121945784,0.915999590789171,1.5746208996771431,1.0460736008166176,0.7076947863717499,0.6187729579240477,2.082597567511421e-05,
Track 1 (Heavy Metals),Ni_num,Set C (pH SENSITIVITY),RandomForest,RAW,5,40,-1.2324985036722325,4.196493819653504,-0.14086700552145182,-20.29896197420294,0.6431953927624718,1.7972275301190002,1.2998061156693277,0.8077427101658429,0.5975492990242398,4.6793596715080455e-05,
Track 1 (Heavy Metals),Ni_num,Set C (pH SENSITIVITY),RandomForest,LOG1P,5,40,-0.6603644489075343,3.1557143835417487,0.07605168170724996,-15.826094887630589,0.6702027975197242,1.645033686849451,1.1436629007536485,0.739340982853686,0.6284456874226327,1.4115609777362308e-05,
Track 1 (Heavy Metals),Ni_num,Set C (pH SENSITIVITY),ExtraTrees,RAW,5,40,-0.7606810536457957,3.3318773629516785,0.08225671971802229,-16.82149349031146,0.6412843391410082,1.7246181368159035,1.1944789802134086,0.7751092749734398,0.5742596202315301,0.00010675854892696425,
Track 1 (Heavy Metals),Ni_num,Set C (pH SENSITIVITY),ExtraTrees,LOG1P,5,40,-0.05713049183267912,1.1473198300924476,0.19030037507614572,-5.389235281354085,0.7802588063291058,1.5668778446994431,1.033041221966673,0.7042147616626712,0.6154861080944314,2.3698881224515928e-05,
Track 1 (Heavy Metals),Ni_num,Set C (pH SENSITIVITY),GradientBoosting,RAW,5,40,-1.101313216292857,4.239993060669788,0.07464223014521221,-21.49352666984268,0.5149991743661699,1.7860084950576043,1.2846306331686066,0.8027004472169009,0.5043905838534011,0.0009043675495826131,
Track 1 (Heavy Metals),Ni_num,Set C (pH SENSITIVITY),GradientBoosting,LOG1P,5,40,-0.2465538061422974,1.620086922046226,0.22641569767714165,-7.862229554615462,0.7579301732372778,1.594565013028155,1.1072415605798533,0.7166584328216428,0.6138896381771892,2.5220867950167744e-05,
Track 1 (Heavy Metals),Zn_num,Set A (FULL),Ridge,RAW,25,35,-4.161241102652555,7.187488668672894,-0.5495852267383394,-26.487517759729695,0.3175344955410627,25.769838963324847,19.70500864009823,2.2408555620282478,-0.0005608134891567149,0.9974489135849276,
Track 1 (Heavy Metals),Zn_num,Set A (FULL),Ridge,LOG1P,25,35,-3.125059850695409,7.324899031273531,-0.5174935823307016,-36.38419101400375,0.3500657728745391,26.349812234278847,17.83159491245584,2.2912880203720736,0.01682440467470145,0.9235790730383823,
Track 1 (Heavy Metals),Zn_num,Set A (FULL),Lasso,RAW,25,35,-5.101788276504002,8.207892766106966,-0.7738260123704908,-28.44204197554772,0.06848249013663532,27.53683948290014,21.337866322561172,2.3945077811217517,-0.0040658977963861824,0.9815061730684657,
Track 1 (Heavy Metals),Zn_num,Set A (FULL),Lasso,LOG1P,25,35,-0.8135921886213652,1.671240020593076,-0.2918849875285887,-7.033153215557881,0.3395671455074397,22.069920952930524,14.407962037872155,1.9191235611243933,-0.39915900090729184,0.01753106419532073,
Track 1 (Heavy Metals),Zn_num,Set A (FULL),ElasticNet,RAW,25,35,-4.003007646626581,6.820972444474893,-0.5040696574042531,-23.830258090814073,0.34317974212651237,25.65249666559134,19.356586719373063,2.2306518839644642,-0.015983184440966376,0.9273897763520426,
Track 1 (Heavy Metals),Zn_num,Set A (FULL),ElasticNet,LOG1P,25,35,-1.302344082267371,2.2433062219243602,-0.3729476698702865,-7.800896184683728,-0.003104536696392657,23.499177675626427,15.53385718931383,2.043406754402298,-0.32807589115667823,0.0543461515081852,
Track 1 (Heavy Metals),Zn_num,Set A (FULL),SVR_RBF,RAW,25,35,-0.5559832233115053,0.9184859336057601,-0.2750352080935714,-3.713376112998567,-0.04549119077169639,21.598826815027063,14.015667718102618,1.8781588534806142,-0.4699617039133271,0.0043911001805098816,
Track 1 (Heavy Metals),Zn_num,Set A (FULL),SVR_RBF,LOG1P,25,35,-0.8101294361150893,1.4074255476423612,-0.3844483780427379,-6.561932188665284,0.023762981777133207,22.12465339275819,14.54584121880562,1.9238829037181036,-0.29274464133980516,0.08789304508821295,
Track 1 (Heavy Metals),Zn_num,Set A (FULL),RandomForest,RAW,25,35,-3.6208376564292037,6.9036118940015765,-0.7063656387503392,-24.073635963685486,-0.02720612811200218,25.358151107752356,19.712075666599286,2.2050566180654223,-0.22867170020365046,0.1864029636734976,
Track 1 (Heavy Metals),Zn_num,Set A (FULL),RandomForest,LOG1P,25,35,-1.7285785757595644,3.7825338997715097,-0.3578389683604071,-16.319854262463213,0.13298070136219542,23.150781456482978,16.385679682069924,2.01311143099852,-0.25376810384341353,0.14129350048564346,
Track 1 (Heavy Metals),Zn_num,Set A (FULL),ExtraTrees,RAW,25,35,-1.5598930494927132,2.9849827628192833,-0.31318539223759934,-10.846141738754303,0.10288823996224128,22.538993460072835,16.28342590242236,1.959912474788942,-0.12576242494339332,0.47160782428596326,
Track 1 (Heavy Metals),Zn_num,Set A (FULL),ExtraTrees,LOG1P,25,35,-0.6907650171838955,1.2522405379744261,-0.24325749206629776,-5.8847405015387295,-0.02180043127061082,21.681325030418858,14.187276498092004,1.8853326113407702,-0.18310560420966743,0.29240518093391266,
Track 1 (Heavy Metals),Zn_num,Set A (FULL),GradientBoosting,RAW,25,35,-2.2599568696559333,3.954599209988131,-0.5266964439401463,-14.30239753923496,0.4441694638607002,24.311983471563202,17.861632200096768,2.1140855192663652,-0.1008062246759195,0.5644868958548525,
Track 1 (Heavy Metals),Zn_num,Set A (FULL),GradientBoosting,LOG1P,25,35,-2.0267545442930692,4.397728496346395,-0.43563067009759115,-21.668215708467976,-0.019151191983534988,24.011066619896756,16.924474669150058,2.0879188365127614,-0.0758500244084457,0.6649691723596789,
Track 1 (Heavy Metals),Zn_num,Set B (CORE),Ridge,RAW,4,35,-3.6210992205176895,7.179924215696421,-0.34483661664783494,-26.093776723637312,0.07328446825384105,24.169949414428988,18.742006351670998,2.101734731689477,-0.3956539166000623,0.018641578383983164,
Track 1 (Heavy Metals),Zn_num,Set B (CORE),Ridge,LOG1P,4,35,-1.3231292243450932,2.409668586622522,-0.34771342497614777,-9.665146062088066,-0.03203375345936821,22.841966458512292,15.626397448405813,1.9862579529141124,-0.6368037169374497,3.9083441409206473e-05,
Track 1 (Heavy Metals),Zn_num,Set B (CORE),Lasso,RAW,4,35,-3.740411419889692,7.409754113027385,-0.3638492961074984,-26.703724435415126,0.07497106830517064,24.27376132446876,18.82324948100414,2.1107618543016313,-0.4016826616084971,0.016766195802136685,
Track 1 (Heavy Metals),Zn_num,Set B (CORE),Lasso,LOG1P,4,35,-0.6893236035782314,1.6198497653586368,-0.13245267730790644,-7.240789505842585,-0.020216174376102902,21.434405377596267,14.173656468840306,1.863861337182284,-0.7481251945350577,2.388475050681878e-07,
Track 1 (Heavy Metals),Zn_num,Set B (CORE),ElasticNet,RAW,4,35,-3.516280328035837,6.984114750153543,-0.33831176095976345,-25.552861540888156,0.07078343528749287,24.065984248174708,18.624156796473905,2.092694282449975,-0.40911344033982355,0.014674425357380741,
Track 1 (Heavy Metals),Zn_num,Set B (CORE),ElasticNet,LOG1P,4,35,-0.8618831236757772,1.815071060716143,-0.27251563904182974,-8.023537559682287,-0.018086456137813123,21.875563154193824,14.64357948755703,1.902222882973376,-0.7364883146350558,4.5717127814202825e-07,
Track 1 (Heavy Metals),Zn_num,Set B (CORE),SVR_RBF,RAW,4,35,-0.6175468374808174,1.044406364587356,-0.2785552775919209,-4.559906745326551,-0.07589916094448101,21.77868324898845,14.091409408598054,1.8937985433903,-0.4737471949651349,0.004043810565781689,
Track 1 (Heavy Metals),Zn_num,Set B (CORE),SVR_RBF,LOG1P,4,35,-1.0125821592793114,1.649265990326264,-0.4774215164545579,-8.091991856823201,-0.0309375446032214,22.80989071566639,15.166727722705064,1.983468757884034,-0.4064495762663291,0.015397543469912397,
Track 1 (Heavy Metals),Zn_num,Set B (CORE),RandomForest,RAW,4,35,-3.3223492879570617,6.313855769227341,-0.7336067640036967,-27.817744513739385,0.17128268703203564,25.471225758300992,19.326814257645434,2.214889196373999,-0.3162988078843872,0.064149879273297,
Track 1 (Heavy Metals),Zn_num,Set B (CORE),RandomForest,LOG1P,4,35,-1.3483957132564408,2.2570536750712877,-0.5409363952501596,-9.447377974283672,0.05939606886895321,23.28173221280308,16.560225548513042,2.0244984532872246,-0.38990557833620604,0.020589576226136545,
Track 1 (Heavy Metals),Zn_num,Set B (CORE),ExtraTrees,RAW,4,35,-2.619356216933212,4.7504124370981575,-0.5098270893043715,-17.14568470490545,0.0008381160861512527,24.357022586784,18.097518271664494,2.118001964068174,-0.45355790935549317,0.00621027370569167,
Track 1 (Heavy Metals),Zn_num,Set B (CORE),ExtraTrees,LOG1P,4,35,-1.0428598513073712,1.8618809508062124,-0.42916377056034594,-8.74287043225256,-0.0029705339426273625,22.53300466713051,15.486260480733073,1.9593917101852616,-0.3803717490205419,0.02419211781314103,
Track 1 (Heavy Metals),Zn_num,Set B (CORE),GradientBoosting,RAW,4,35,-2.56862254940373,5.942421534380112,-0.7344110908720112,-26.28044779803615,0.1790937321160173,24.52549230359588,18.11164391626527,2.1326515046605112,-0.3320015855807752,0.05135722437690472,
Track 1 (Heavy Metals),Zn_num,Set B (CORE),GradientBoosting,LOG1P,4,35,-1.6254340483715013,2.8044986368536398,-0.5577656831800755,-11.991277678362161,0.08013477045092665,23.8904706539768,16.545464571264993,2.077432230780591,-0.2955487087855887,0.08475598539611688,
Track 1 (Heavy Metals),Zn_num,Set C (pH SENSITIVITY),Ridge,RAW,5,35,-4.671105124280641,9.31581164523115,-0.40767975286293767,-33.66241556586786,0.08457302352920026,25.3009472912252,19.4377596043545,2.200082373150017,-0.43463045409645407,0.009079598521464742,
Track 1 (Heavy Metals),Zn_num,Set C (pH SENSITIVITY),Ridge,LOG1P,5,35,-1.5475017862115295,2.8441034261001295,-0.44403254967482586,-10.550900769413847,-0.058884195016802865,23.36585018640726,16.174083868628774,2.031813059687588,-0.6325976157687744,4.556151578987818e-05,
Track 1 (Heavy Metals),Zn_num,Set C (pH SENSITIVITY),Lasso,RAW,5,35,-4.956573132843434,9.91538901250447,-0.40992155189403356,-35.38529830788822,0.08618191430692956,25.502693453583287,19.594945694970587,2.2176255177028947,-0.4315459799060921,0.009640447991841243,
Track 1 (Heavy Metals),Zn_num,Set C (pH SENSITIVITY),Lasso,LOG1P,5,35,-0.691704103574896,1.619353425626182,-0.13245267730790644,-7.240789505842585,-0.020216174376102902,21.466212267202174,14.200056366283482,1.8666271536697543,-0.7767266824820501,4.129010742923929e-08,
Track 1 (Heavy Metals),Zn_num,Set C (pH SENSITIVITY),ElasticNet,RAW,5,35,-4.436477932032183,8.844539917885314,-0.3992734833422491,-32.18233670696123,0.07928702042826852,25.091367557036655,19.245349596177252,2.18185804843797,-0.45019302842055287,0.006654354439181648,
Track 1 (Heavy Metals),Zn_num,Set C (pH SENSITIVITY),ElasticNet,LOG1P,5,35,-0.8686418382310093,1.8130471243537059,-0.3101215811825444,-8.023537559682287,-0.022265413975926407,21.955405185530708,14.709593103483165,1.9091656683070182,-0.7594816676904811,1.2245474453580013e-07,
Track 1 (Heavy Metals),Zn_num,Set C (pH SENSITIVITY),SVR_RBF,RAW,5,35,-0.6023119687188119,1.0397190112088253,-0.258665767733665,-4.351104012399051,-0.057988012145879786,21.701353675697074,13.987746221754078,1.8870742326693108,-0.4235543876856089,0.011232208390177092,
Track 1 (Heavy Metals),Zn_num,Set C (pH SENSITIVITY),SVR_RBF,LOG1P,5,35,-1.0557206580690504,1.8580490149895266,-0.4027656718551922,-9.000179502891735,0.02195155525398429,22.635717418315476,15.201934988965979,1.9683232537665631,-0.34532090594824716,0.04218094727756168,
Track 1 (Heavy Metals),Zn_num,Set C (pH SENSITIVITY),RandomForest,RAW,5,35,-3.352826110417194,5.998084139276088,-0.6845108496946279,-21.561605954572858,0.20237129028550993,25.489210597110965,19.55520006247139,2.2164530954009534,-0.2560113578000403,0.13769108581576447,
Track 1 (Heavy Metals),Zn_num,Set C (pH SENSITIVITY),RandomForest,LOG1P,5,35,-1.3238981186702983,2.265608319438646,-0.6028562649673381,-10.489209472043239,-0.05388707474156518,23.43773394632312,16.35203685875667,2.038063821419402,-0.38836334124102506,0.02114007805017704,
Track 1 (Heavy Metals),Zn_num,Set C (pH SENSITIVITY),ExtraTrees,RAW,5,35,-2.7559739783875035,5.1632964255979,-0.6138201253012514,-19.749488709156896,-0.03348370941766854,24.597468764284237,18.594126437670457,2.138910327329064,-0.5180514606085154,0.0014342728506951039,
Track 1 (Heavy Metals),Zn_num,Set C (pH SENSITIVITY),ExtraTrees,LOG1P,5,35,-1.166554165406525,1.9977913049877924,-0.3958314178909845,-8.176211549241412,0.00534580438324328,22.91716452139258,15.937813557490932,1.9927969149037026,-0.4241152011747656,0.011113677981104799,
Track 1 (Heavy Metals),Zn_num,Set C (pH SENSITIVITY),GradientBoosting,RAW,5,35,-2.7168184218777736,6.195847361247309,-0.5715531023266858,-28.084825390882504,0.3824932169981622,24.44726311797673,17.652270563694614,2.125848966780585,-0.3706977163325885,0.02836496459188759,
Track 1 (Heavy Metals),Zn_num,Set C (pH SENSITIVITY),GradientBoosting,LOG1P,5,35,-1.2515678742908471,2.0919719864817754,-0.4454547108206708,-8.930987976199987,-0.06587350107335266,23.404458724450173,15.816521312773341,2.0351703238652323,-0.3115318932265551,0.06849322466009106,
Track 2 (Risk Indices),HPI,Set A (FULL),Ridge,RAW,25,40,-5.013197544242793,9.670084635339913,-0.5773470658794282,-45.18264429216323,0.2918012414612444,86.13320653428329,67.18404882597461,1.5336092841065028,0.06172607879924954,0.7051543420090779,
Track 2 (Risk Indices),HPI,Set A (FULL),Ridge,LOG1P,25,40,-4.310716832572683,11.048949715473066,-0.33127606154932865,-46.403770874236514,0.3971482907126179,81.04402850064209,55.388344189331555,1.4429960236126362,0.12757973733583491,0.4327394157056327,
Track 2 (Risk Indices),HPI,Set A (FULL),Lasso,RAW,25,40,-9.990971010315205,15.54490486117553,-2.213219436859025,-66.82201344905907,0.08794114646392492,117.10642710811273,92.9267822398455,2.0850901884171624,-0.028517823639774863,0.8613321431498369,
Track 2 (Risk Indices),HPI,Set A (FULL),Lasso,LOG1P,25,40,-0.24767930682435207,0.4804803998357321,-0.14035147141286797,-2.4028847822172135,0.25271440899128395,63.36247922969519,41.77891363568206,1.1281744906592843,0.34502814258911824,0.02922782644118646,
Track 2 (Risk Indices),HPI,Set A (FULL),ElasticNet,RAW,25,40,-4.238620447673895,8.378366102027199,-0.4674900539399447,-39.861808641694495,0.27986303329975315,82.10056519125811,63.73003294153712,1.4618077518986716,0.09549718574108819,0.5577630337300734,
Track 2 (Risk Indices),HPI,Set A (FULL),ElasticNet,LOG1P,25,40,-0.5069439335415755,1.2537989714800901,-0.12104966164894404,-6.267053117091656,0.18089798549839065,64.4294599200999,43.17764562381896,1.1471721752760267,0.326641651031895,0.03967061674708829,
Track 2 (Risk Indices),HPI,Set A (FULL),SVR_RBF,RAW,25,40,-0.2506859269903778,0.21837497021371696,-0.16434496732772685,-0.8957008969296221,0.0006577424208947802,65.50028858332129,41.68067625733836,1.1662383733856956,-0.22514071294559101,0.16248281979912677,
Track 2 (Risk Indices),HPI,Set A (FULL),SVR_RBF,LOG1P,25,40,-0.47433977921646936,0.871845405318609,-0.17717589056847416,-4.306584783103031,0.3503535289418682,66.54881324211128,42.503405003810414,1.1849074467435403,0.3088180112570357,0.05251487400224414,
Track 2 (Risk Indices),HPI,Set A (FULL),RandomForest,RAW,25,40,-1.2949410210782681,2.6360884265516393,-0.4732959541838062,-9.516238118551703,0.47114149018091633,65.4965894318803,49.27849159530229,1.1661725096703934,0.2774859287054409,0.0829978535584947,
Track 2 (Risk Indices),HPI,Set A (FULL),RandomForest,LOG1P,25,40,-0.24026992999148086,0.6004162311234368,-0.0865005826116847,-2.4340309481510998,0.34923143334297513,60.42002579932089,40.9424048219399,1.0757838496922965,0.3296435272045029,0.03778357786251589,
Track 2 (Risk Indices),HPI,Set A (FULL),ExtraTrees,RAW,25,40,-1.3827165329930622,2.6001982864620174,-0.5291893423612413,-10.83834697110299,0.5165519775663112,70.12165043570309,53.08919461845463,1.2485221258105794,0.09155722326454035,0.5741983676794793,
Track 2 (Risk Indices),HPI,Set A (FULL),ExtraTrees,LOG1P,25,40,-0.32436550137539805,0.3740907072456306,-0.2668314597180117,-1.4231489841255285,0.20164341302796873,65.29076267111984,44.582870448837646,1.1625077461730056,0.23170731707317077,0.15025278606604836,
Track 2 (Risk Indices),HPI,Set A (FULL),GradientBoosting,RAW,25,40,-0.7779977432698036,1.5790180821706796,-0.17286072108476835,-5.719854965496965,0.7100530500142428,60.77766625825223,45.99825825079619,1.0821516693783186,0.3056285178236398,0.05513119154664241,
Track 2 (Risk Indices),HPI,Set A (FULL),GradientBoosting,LOG1P,25,40,-0.10542932389952914,0.34975901333562015,-0.09977111241613112,-0.7943251561881133,0.4138771059040609,58.29950585568644,39.615138816201735,1.0380278064246353,0.3362101313320826,0.03391051792995205,
Track 2 (Risk Indices),HPI,Set B (CORE),Ridge,RAW,4,40,-1.8760888096267405,2.9132517027175235,-0.21125260921087086,-10.075397725508411,0.1537828515286137,72.19076586330196,55.492324682641204,1.2853629071692834,0.23658536585365858,0.14161383136311262,
Track 2 (Risk Indices),HPI,Set B (CORE),Ridge,LOG1P,4,40,-0.32430522817663593,0.44220674882493066,-0.19387472790549043,-1.909105194284472,0.06379962715381371,64.08170055089907,42.72710848820512,1.1409802892578376,0.34709193245778613,0.028212762373335632,
Track 2 (Risk Indices),HPI,Set B (CORE),Lasso,RAW,4,40,-1.9932066484270945,3.0841040305004532,-0.23310236546556817,-10.334716259455908,0.15754022053130723,72.88113083287116,56.098759791550286,1.297654915900339,0.23996247654784245,0.13585136442052737,
Track 2 (Risk Indices),HPI,Set B (CORE),Lasso,LOG1P,4,40,-0.1671168307060158,0.1930360890702005,-0.10863481407670195,-0.6327218423072729,0.07584344211492011,63.31389799559381,41.10586476443106,1.1273094975323703,0.25253283302063795,0.1159240857463372,
Track 2 (Risk Indices),HPI,Set B (CORE),ElasticNet,RAW,4,40,-1.7942837525238702,2.796530657699015,-0.20169521480397146,-9.872148322452169,0.14985384134842172,71.70502230504287,55.03844613690165,1.2767142005831127,0.23771106941838657,0.13967332929183268,
Track 2 (Risk Indices),HPI,Set B (CORE),ElasticNet,LOG1P,4,40,-0.1961795559039369,0.22687633775001192,-0.09612079565276188,-0.7444580876995723,0.07416634170550951,63.1673659457117,41.39578423349625,1.1247004815539752,0.301500938086304,0.058670683193526176,
Track 2 (Risk Indices),HPI,Set B (CORE),SVR_RBF,RAW,4,40,-0.24629230858853973,0.2226299533257168,-0.16727350927576068,-0.9114886609046011,0.001736397965662717,65.4608257000381,41.58536994532711,1.1655357332934957,-0.2840525328330206,0.07567840027765659,
Track 2 (Risk Indices),HPI,Set B (CORE),SVR_RBF,LOG1P,4,40,-0.3033620124263836,0.3299921921320243,-0.22532921657968252,-1.5662156175823485,0.14730226601055962,65.7137189787267,41.36986253627782,1.1700385202637058,0.13602251407129456,0.402647519132921,
Track 2 (Risk Indices),HPI,Set B (CORE),RandomForest,RAW,4,40,-2.285371030579752,5.641212602174534,-0.6507839167958833,-28.73567787328159,0.2409794918844681,75.98412202064874,55.54900161017274,1.3529039456944665,0.007129455909943716,0.9651743732088084,
Track 2 (Risk Indices),HPI,Set B (CORE),RandomForest,LOG1P,4,40,-0.38445354690643135,0.3911037311999268,-0.28955767342111893,-1.6347864367379645,0.14810904508631062,65.79716533214865,43.52404667799665,1.1715242898928881,0.20487804878048785,0.20473477028392836,
Track 2 (Risk Indices),HPI,Set B (CORE),ExtraTrees,RAW,4,40,-1.151621436570876,2.744992777792049,-0.28519153767207883,-14.167697962117689,0.4683663938467001,68.43013544316193,49.840638418465645,1.218404553260509,0.1887429643527205,0.2434598983049981,
Track 2 (Risk Indices),HPI,Set B (CORE),ExtraTrees,LOG1P,4,40,-0.3178693893605943,0.5153978682789935,-0.15950868377579952,-2.6053242999007833,0.2108383039202315,65.00657999679603,41.49788796112554,1.1574478487738333,0.22870544090056288,0.15575724256767648,
Track 2 (Risk Indices),HPI,Set B (CORE),GradientBoosting,RAW,4,40,-3.0102472435680254,6.273081705690413,-0.8839820173080581,-30.276654842274098,0.22378831618795114,80.10076960332268,56.20729331051043,1.426201216354772,0.12382739212007506,0.44650399764524573,
Track 2 (Risk Indices),HPI,Set B (CORE),GradientBoosting,LOG1P,4,40,-0.4435317318292254,0.3117179492780363,-0.4284015146848381,-1.15591917792145,-0.03969561361681184,67.32212320628601,44.57345357270129,1.1986762983661534,0.1780487804878049,0.271688277206345,
Track 2 (Risk Indices),HPI,Set C (pH SENSITIVITY),Ridge,RAW,5,40,-2.004799619204495,2.9021863899221767,-0.33926751758481233,-9.876392884496598,0.14488925611085834,74.09652890994975,57.56039492785288,1.3192951850821326,0.13771106941838654,0.39677718330099176,
Track 2 (Risk Indices),HPI,Set C (pH SENSITIVITY),Ridge,LOG1P,5,40,-0.35571779348878957,0.45884505666812503,-0.25376557338363925,-2.0932508670345973,0.06414027836255354,64.93587559070426,43.594345432595276,1.1561889506325407,0.25121951219512195,0.11789639436094669,
Track 2 (Risk Indices),HPI,Set C (pH SENSITIVITY),Lasso,RAW,5,40,-2.1348406186410585,3.067433068524147,-0.3714410162130164,-10.169065093138537,0.1465249234315924,74.96605127680921,58.362039120341635,1.3347771069588383,0.15103189493433397,0.3522305890296028,
Track 2 (Risk Indices),HPI,Set C (pH SENSITIVITY),Lasso,LOG1P,5,40,-0.16797830695145055,0.1924305138973621,-0.1100466999580001,-0.6327218423072729,0.07584344211492011,63.34523327247216,41.18697987653823,1.1278674248808842,0.250844277673546,0.1184645255141721,
Track 2 (Risk Indices),HPI,Set C (pH SENSITIVITY),ElasticNet,RAW,5,40,-1.9149782440093426,2.7891481433485352,-0.314685093383712,-9.675265767071705,0.14188227963238276,73.49416401083568,56.96747101103503,1.3085700253107553,0.1530956848030019,0.3456121638853666,
Track 2 (Risk Indices),HPI,Set C (pH SENSITIVITY),ElasticNet,LOG1P,5,40,-0.20121819631312263,0.22514441635442475,-0.10223309223570354,-0.7444580876995723,0.07306832864681179,63.37516327400661,41.72848477732353,1.1284003311788553,0.28630393996247655,0.07328873774687537,
Track 2 (Risk Indices),HPI,Set C (pH SENSITIVITY),SVR_RBF,RAW,5,40,-0.2511740707194939,0.22198793307965606,-0.16741441685386027,-0.9143750305066225,-0.005390898843843583,65.5417740451922,41.744200739755485,1.166977025666745,-0.3529080675422139,0.025507858736484267,
Track 2 (Risk Indices),HPI,Set C (pH SENSITIVITY),SVR_RBF,LOG1P,5,40,-0.3220580723814057,0.3234966590263361,-0.23717985433324928,-1.4085685303282052,0.33291718116167046,66.47441757401243,42.327704793345184,1.1835828253590075,0.057035647279549725,0.7266604559799581,
Track 2 (Risk Indices),HPI,Set C (pH SENSITIVITY),RandomForest,RAW,5,40,-2.0838680334072235,5.2422756023070045,-0.5002239406899354,-26.905575297973478,0.4599667039457632,74.25143289845485,55.932750333012194,1.3220532641607514,-0.08367729831144466,0.6077121746246894,
Track 2 (Risk Indices),HPI,Set C (pH SENSITIVITY),RandomForest,LOG1P,5,40,-0.3938079644857309,0.32682081775275396,-0.3168119030212413,-1.2312645867851773,0.007323388364110506,66.2128282356058,44.447892121924134,1.178925204284097,0.15403377110694186,0.34262911302895543,
Track 2 (Risk Indices),HPI,Set C (pH SENSITIVITY),ExtraTrees,RAW,5,40,-1.1331581510168354,2.126429785524247,-0.4629058992497852,-10.17069407233694,0.5851148541045258,68.76060989077678,51.730421844019375,1.2242886797364039,0.0703564727954972,0.6661785632131518,
Track 2 (Risk Indices),HPI,Set C (pH SENSITIVITY),ExtraTrees,LOG1P,5,40,-0.31892315768214896,0.34490272610873535,-0.2261563900279795,-1.715461536604309,0.21994825220014547,65.32110736217061,42.65933660109772,1.1630480360541247,0.14465290806754225,0.37316976112315764,
Track 2 (Risk Indices),HPI,Set C (pH SENSITIVITY),GradientBoosting,RAW,5,40,-2.341300838056377,4.305395588134445,-0.8060853061663265,-19.38853593766763,-0.03001789331983251,78.31804604207224,56.99879374269859,1.3944596672526741,0.0031894934333958733,0.9844163138331148,
Track 2 (Risk Indices),HPI,Set C (pH SENSITIVITY),GradientBoosting,LOG1P,5,40,-0.4268885636871766,0.2838958537913029,-0.3894839939649837,-1.0037282610348743,-0.07169111541203321,67.05233507020536,45.033904233514384,1.193872696980776,0.09587242026266417,0.5562093016839179,
Track 2 (Risk Indices),HEI,Set A (FULL),Ridge,RAW,25,40,-8.540123104017821,20.100606854522518,-0.9263420785275276,-93.18100956949593,0.4676757775147413,21.71433699150474,16.56704737708105,1.817211570436108,0.01575984990619137,0.9231081692137382,
Track 2 (Risk Indices),HEI,Set A (FULL),Ridge,LOG1P,25,40,-3.5241736365758176,11.410625505489575,-0.319899337444695,-58.167374760120275,0.4392182657690853,18.055511190756285,12.125271985485895,1.5110147668251357,0.13339587242026268,0.4118777815762519,
Track 2 (Risk Indices),HEI,Set A (FULL),Lasso,RAW,25,40,-12.427753099727784,25.0508118096295,-1.3878703601670552,-104.32169968756043,-0.04961945087950448,26.121949283848707,20.5744351697151,2.1860722019523933,-0.003939962476547843,0.9807501820928678,
Track 2 (Risk Indices),HEI,Set A (FULL),Lasso,LOG1P,25,40,-0.5183024573404019,1.6371261163064437,-0.12145911364870043,-8.398347606139064,0.2464866987025761,15.552088278888185,9.775298140973819,1.3015103696648005,0.3812382739212008,0.015217605531924158,
Track 2 (Risk Indices),HEI,Set A (FULL),ElasticNet,RAW,25,40,-6.927590367640447,16.810561104224668,-0.6655172752142791,-79.94421429687795,0.476753691699364,20.369748624972296,15.548658441245788,1.7046867653687245,0.0427767354596623,0.7932560661588646,
Track 2 (Risk Indices),HEI,Set A (FULL),ElasticNet,LOG1P,25,40,-0.9921329503360728,3.5236639552854347,-0.18051265685536433,-18.11546605863667,0.3030469880128174,15.82327597126019,10.09000681448885,1.324205302166358,0.4277673545966229,0.005898546999868994,
Track 2 (Risk Indices),HEI,Set A (FULL),SVR_RBF,RAW,25,40,-0.3003115937686403,0.5219229044585696,-0.1279824649055612,-2.2624794520149547,0.1502571292210212,15.778055071623346,9.709994771999988,1.3204208927193761,0.12851782363977488,0.4293355000722844,
Track 2 (Risk Indices),HEI,Set A (FULL),SVR_RBF,LOG1P,25,40,-0.9172516700641228,2.6342171411493367,-0.23605867425740712,-13.629372554079726,0.17775730912726984,16.39453315649957,10.382952710684345,1.3720122035291717,0.15816135084427768,0.32969222465316883,
Track 2 (Risk Indices),HEI,Set A (FULL),RandomForest,RAW,25,40,-3.6665320546430094,7.201805695021467,-0.8375090885383254,-25.724422405595316,0.3572965942334997,18.69488084100892,13.734531036333966,1.5645218081259744,0.04803001876172608,0.7685241751623749,
Track 2 (Risk Indices),HEI,Set A (FULL),RandomForest,LOG1P,25,40,-1.246173905951613,3.1525967750903408,-0.2179175738526571,-14.46404595600109,0.3202423574515466,16.067931754892115,10.628764163463162,1.3446798541162512,0.2754221388367731,0.08540847733052905,
Track 2 (Risk Indices),HEI,Set A (FULL),ExtraTrees,RAW,25,40,-2.311448485560687,6.421784909411302,-0.3189986387178745,-32.51794605172891,0.5248461457473775,17.083999324617295,12.647400236240959,1.429711681004259,0.14315196998123828,0.3782019596805046,
Track 2 (Risk Indices),HEI,Set A (FULL),ExtraTrees,LOG1P,25,40,-0.5280727573612161,1.3341484073590757,-0.15978162158958198,-6.756030545063501,0.3295355593707522,15.553172515390665,10.223507471803979,1.3016011063572526,0.30769230769230776,0.053426658701570505,
Track 2 (Risk Indices),HEI,Set A (FULL),GradientBoosting,RAW,25,40,-3.673160099085453,7.036183275349544,-0.6263263008763287,-27.35673762460625,0.3895248531966007,19.4198503436857,13.834125707073255,1.6251924594561518,0.18630393996247654,0.2497166168113581,
Track 2 (Risk Indices),HEI,Set A (FULL),GradientBoosting,LOG1P,25,40,-0.886386929651898,1.4724528363567781,-0.2973939504018426,-5.448448680739371,0.20458480133038526,16.303266060954776,10.975522745617491,1.364374317919817,0.22045028142589124,0.17164932918127349,
Track 2 (Risk Indices),HEI,Set B (CORE),Ridge,RAW,4,40,-2.6796228786649845,5.824444084024507,-0.12479329422583474,-29.030961301654784,0.24505422462631388,17.48565073473892,13.19879253130052,1.4633247537884082,0.3587242026266417,0.023021864519705403,
Track 2 (Risk Indices),HEI,Set B (CORE),Ridge,LOG1P,4,40,-0.5970314968903432,1.5158162028605346,-0.0734649074312137,-7.655499748315368,0.19301232546156866,15.568332537976046,9.963969731068,1.3028698058556993,0.39437148217636026,0.011798299737196417,
Track 2 (Risk Indices),HEI,Set B (CORE),Lasso,RAW,4,40,-2.7379010938399144,5.8536566969049995,-0.12061723682883851,-29.12148412797653,0.24561459847642242,17.57916266849051,13.27356119232204,1.4711505035708552,0.3538461538461539,0.02509244722848571,
Track 2 (Risk Indices),HEI,Set B (CORE),Lasso,LOG1P,4,40,-0.27149026538672144,0.6952382402135875,-0.09806308230772465,-3.3260545841160756,0.30678590177225573,15.303767441982506,9.504256196033289,1.280729099751659,0.36116322701688564,0.02204121679540083,
Track 2 (Risk Indices),HEI,Set B (CORE),ElasticNet,RAW,4,40,-2.5527264189555354,5.675917230572632,-0.132743054659473,-28.368514351491473,0.24143767025812735,17.32622142280219,13.026204992007107,1.449982564688578,0.3463414634146342,0.028578449557584044,
Track 2 (Risk Indices),HEI,Set B (CORE),ElasticNet,LOG1P,4,40,-0.37045242911829496,0.9507218300204859,-0.10902843319355071,-4.7628037112146595,0.3318787501678756,15.386543876766503,9.650673352780602,1.2876564259282663,0.4078799249530957,0.008986454009767428,
Track 2 (Risk Indices),HEI,Set B (CORE),SVR_RBF,RAW,4,40,-0.26234630323040425,0.45507405762089603,-0.12137030258873516,-1.8194167660982612,0.2033816112822996,15.698639043297026,9.571688813760591,1.313774789473897,0.21913696060037527,0.1742812454007338,
Track 2 (Risk Indices),HEI,Set B (CORE),SVR_RBF,LOG1P,4,40,-0.6375155658121467,1.8290828518463647,-0.19395207791088076,-9.459719680417063,0.1807000516290852,15.983201707473176,10.187445744796584,1.3375890356126268,0.1375234521575985,0.3974269835616219,
Track 2 (Risk Indices),HEI,Set B (CORE),RandomForest,RAW,4,40,-4.010784422231602,11.742783405098749,-0.8696826624457961,-60.64526156461921,-0.008992521317247926,19.34797888933396,13.737523179094174,1.619177740310771,0.003564727954971858,0.9825832038277891,
Track 2 (Risk Indices),HEI,Set B (CORE),RandomForest,LOG1P,4,40,-0.8877350983643534,2.421885838275383,-0.25489813312792187,-12.552914168263118,0.5661909809250818,16.22704644166623,10.26839041065756,1.3579957131243046,0.2913696060037524,0.0681286208727049,
Track 2 (Risk Indices),HEI,Set B (CORE),ExtraTrees,RAW,4,40,-1.6530669876548154,5.478869423084847,-0.13479655909877275,-28.082858056705433,0.3860639733968352,15.938468708037089,11.468212897344097,1.3338454571562655,0.3341463414634147,0.03509097799359211,
Track 2 (Risk Indices),HEI,Set B (CORE),ExtraTrees,LOG1P,4,40,-0.46893043941646906,1.3145405449653818,-0.1655168482503102,-6.68755794747292,0.3898833469693832,15.440705265785938,9.691780324014566,1.2921890396956366,0.33020637898686683,0.03743805228104897,
Track 2 (Risk Indices),HEI,Set B (CORE),GradientBoosting,RAW,4,40,-3.7572373641298276,12.67374086510591,-0.9284427221363227,-65.59956019273524,0.01705001689134622,19.056860733821445,13.386973910422446,1.5948148836060818,0.08911819887429645,0.5844816166436043,
Track 2 (Risk Indices),HEI,Set B (CORE),GradientBoosting,LOG1P,4,40,-0.524232808158744,1.0251435526403432,-0.27750367801181275,-5.097648166083085,0.4315131275485249,16.058859129225937,10.123983728463314,1.3439205916832666,0.22757973733583495,0.15785882026047374,
Track 2 (Risk Indices),HEI,Set C (pH SENSITIVITY),Ridge,RAW,5,40,-2.8777364533696708,5.883357004966019,-0.2087513502284244,-29.296200705034742,0.22597238973957068,18.035220079159856,13.674153129582814,1.5093166609707194,0.2461538461538462,0.12574108606012824,
Track 2 (Risk Indices),HEI,Set C (pH SENSITIVITY),Ridge,LOG1P,5,40,-0.6741264340432015,1.9003577449572817,-0.1311782976748459,-9.69462113576098,0.20270624845432106,15.724471858595841,10.00796197660852,1.3159366648687711,0.40900562851782374,0.008780555966884622,
Track 2 (Risk Indices),HEI,Set C (pH SENSITIVITY),Lasso,RAW,5,40,-2.9291177366096637,5.920083633761357,-0.19922519832151653,-29.444608698832766,0.22981673537011615,18.116457836105855,13.735160414422973,1.516115219542243,0.2427767354596623,0.1311835958480936,
Track 2 (Risk Indices),HEI,Set C (pH SENSITIVITY),Lasso,LOG1P,5,40,-0.2660062428073916,0.683522399414469,-0.09806301567074294,-3.2551347615195505,0.28205061137026755,15.301499487471625,9.51502475901748,1.2805393010403279,0.38348968105065667,0.01457810908356507,
Track 2 (Risk Indices),HEI,Set C (pH SENSITIVITY),ElasticNet,RAW,5,40,-2.7191925942763158,5.682533307741051,-0.21472064685230907,-28.368408657639833,0.22308539234280944,17.822384969478595,13.470317678862664,1.4915050914045318,0.25121951219512195,0.11789639436094669,
Track 2 (Risk Indices),HEI,Set C (pH SENSITIVITY),ElasticNet,LOG1P,5,40,-0.37057462408080477,0.9877555479338295,-0.11693083218116929,-4.963633596729927,0.2910216026508874,15.394781221478475,9.634122045613697,1.2883457860559149,0.4365853658536586,0.0048549110432500745,
Track 2 (Risk Indices),HEI,Set C (pH SENSITIVITY),SVR_RBF,RAW,5,40,-0.2728759281842695,0.45260589204875185,-0.13989147417195658,-1.7967976210866476,0.20711707252436284,15.756317342861678,9.634061732087813,1.3186017235577223,0.09080675422138838,0.5773536742614771,
Track 2 (Risk Indices),HEI,Set C (pH SENSITIVITY),SVR_RBF,LOG1P,5,40,-0.6619029941773961,1.8096376523643016,-0.22174703126754425,-9.360722785406697,0.2843355390423792,16.173474916967045,10.234755883991895,1.3535124634369047,0.06979362101313322,0.6686955871868258,
Track 2 (Risk Indices),HEI,Set C (pH SENSITIVITY),RandomForest,RAW,5,40,-3.478723584885494,10.671482424506722,-0.8336389033258373,-55.09729363778685,0.4808033996937038,18.402819550624507,13.544204168052389,1.5400800231260137,-0.1204502814258912,0.4590938419109195,
Track 2 (Risk Indices),HEI,Set C (pH SENSITIVITY),RandomForest,LOG1P,5,40,-0.7544830909916422,1.7937549413961533,-0.2078369286926096,-9.099944023804644,0.49221433548420945,16.12219580021205,10.371371603272111,1.3492210588996454,0.251031894934334,0.11818020292109901,
Track 2 (Risk Indices),HEI,Set C (pH SENSITIVITY),ExtraTrees,RAW,5,40,-1.7291008944167257,4.426834664279743,-0.23462591056002502,-22.19949258627652,0.43054678244231914,16.501901341426432,11.99738649195276,1.3809975438608684,0.2058161350844278,0.2026240489100015,
Track 2 (Risk Indices),HEI,Set C (pH SENSITIVITY),ExtraTrees,LOG1P,5,40,-0.426423188547769,0.8802242447610718,-0.21032798533933628,-4.322912126183573,0.347553664272073,15.590758592200244,9.896992376678332,1.3047465790323973,0.2988742964352721,0.06101580377950709,
Track 2 (Risk Indices),HEI,Set C (pH SENSITIVITY),GradientBoosting,RAW,5,40,-2.4157669573185365,7.747120381651036,-0.5670798837959528,-40.141786208332086,0.002351971136350217,17.857893213676412,12.81580021591732,1.4944766761334318,0.039212007504690435,0.8101544525938914,
Track 2 (Risk Indices),HEI,Set C (pH SENSITIVITY),GradientBoosting,LOG1P,5,40,-0.5250473183618292,0.9434827194606223,-0.23773702774886907,-4.469769034988135,0.4192511443911042,16.057319295767957,10.41766532573574,1.3437917273676083,0.1632270168855535,0.3142363144838034,
Track 2 (Risk Indices),WQI,Set A (FULL),Ridge,RAW,25,40,-4.260387121991588,6.94258152862276,-0.5761563570993449,-25.398967686671774,0.2728327714622364,33.88852929148041,26.457198595569945,1.6660018556154959,0.16191369606003755,0.3181987488576186,
Track 2 (Risk Indices),WQI,Set A (FULL),Ridge,LOG1P,25,40,-3.2629428377640783,7.150622665182042,-0.5072567868662707,-32.832185370405284,0.342369060071504,31.97442240917518,22.68242336909046,1.5719020028205088,0.28874296435272045,0.07076721525369632,
Track 2 (Risk Indices),WQI,Set A (FULL),Lasso,RAW,25,40,-7.194597509253997,10.836489856611976,-1.0289508158562652,-39.647147220747684,0.3392164921639609,41.25389245226353,32.88341426187106,2.0280921838089814,0.041275797373358354,0.8003602993095277,
Track 2 (Risk Indices),WQI,Set A (FULL),Lasso,LOG1P,25,40,-0.20427134272051822,0.29005829863358323,-0.16440957122699396,-0.777776861971964,0.25147820650237973,25.17067205048821,17.818152912578192,1.2374212519675434,0.2101313320825516,0.19311077972675544,
Track 2 (Risk Indices),WQI,Set A (FULL),ElasticNet,RAW,25,40,-3.4856010060425153,5.708081541318627,-0.507009532049987,-19.899854206517045,0.24549139769572015,32.18969284415326,25.028721614697382,1.5824849626488304,0.19099437148217638,0.23777908923038366,
Track 2 (Risk Indices),WQI,Set A (FULL),ElasticNet,LOG1P,25,40,-0.41593476066956514,0.7319504223501719,-0.06875146047595315,-2.206511092279542,0.27874345073157214,25.670210146694412,18.263817979646674,1.261979160281357,0.3746716697936211,0.017219734310569633,
Track 2 (Risk Indices),WQI,Set A (FULL),SVR_RBF,RAW,25,40,-0.1680418360112825,0.18948352503544397,-0.14704558765456222,-0.699984298927659,0.07401057256364474,25.068400067483477,16.93018068957964,1.2323934352689239,0.053846153846153856,0.7414048103882263,
Track 2 (Risk Indices),WQI,Set A (FULL),SVR_RBF,LOG1P,25,40,-0.5138851074421841,0.93812867778129,-0.19043379361290413,-3.237802848896356,0.518035880590539,26.30984046214776,17.448873030856074,1.293424174707554,0.2857410881801126,0.07388052429960268,
Track 2 (Risk Indices),WQI,Set A (FULL),RandomForest,RAW,25,40,-0.9228371728574498,1.9806515247034295,-0.04864071736624975,-8.323412553422912,0.4968898139329778,25.43117949776798,19.38281891450275,1.2502281190592606,0.5060037523452158,0.0008651808030596851,
Track 2 (Risk Indices),WQI,Set A (FULL),RandomForest,LOG1P,25,40,-0.42368626255713543,0.9334325696828714,-0.1033365504655801,-3.823935479415976,0.36346446121859033,24.992639339508866,17.759113022407814,1.2286689445333459,0.4133208255159475,0.008028307803111322,
Track 2 (Risk Indices),WQI,Set A (FULL),ExtraTrees,RAW,25,40,-0.9036437437827938,1.6506542022809143,-0.19419807929521538,-5.4357867699330615,0.4179777034843406,26.856797500193128,20.619646718414796,1.3203132566292832,0.17973733583489682,0.26709391805206034,
Track 2 (Risk Indices),WQI,Set A (FULL),ExtraTrees,LOG1P,25,40,-0.37752288745926066,0.6707392701174878,-0.12309794866372181,-1.922844671372261,0.3127029704613281,25.56419287438244,18.287111112565505,1.256767220545647,0.22495309568480304,0.16284253121694395,
Track 2 (Risk Indices),WQI,Set A (FULL),GradientBoosting,RAW,25,40,-0.7254541140113561,1.478607974727444,-0.0916045214197918,-5.746459291140187,0.7109625362671874,24.562946464666307,18.864228730443013,1.207544713361342,0.4210131332082552,0.00682412528460311,
Track 2 (Risk Indices),WQI,Set A (FULL),GradientBoosting,LOG1P,25,40,-0.3311317977894017,0.5842439079182221,-0.20736376372023146,-1.85003293479922,0.4569473655169851,24.60461275385624,18.066569304260415,1.209593079476908,0.36791744840525337,0.01950589460523563,
Track 2 (Risk Indices),WQI,Set B (CORE),Ridge,RAW,4,40,-1.4529770189825642,2.269459472063916,-0.34771329679349083,-8.278377994600802,0.17829692887542858,28.22667256130736,21.74986026428436,1.3876580025209693,0.12026266416510321,0.4597988281969872,
Track 2 (Risk Indices),WQI,Set B (CORE),Ridge,LOG1P,4,40,-0.5768326768705712,0.9515227507610915,-0.16747413424715063,-3.380498850563952,0.2389140676183099,26.1355475261216,18.479385492403814,1.284855719218007,0.26228893058161357,0.10204345426523426,
Track 2 (Risk Indices),WQI,Set B (CORE),Lasso,RAW,4,40,-1.5117301320125498,2.3621962799060365,-0.3663456590776719,-8.745520035070225,0.1778885519130875,28.394073390271537,21.893699269159978,1.3958876335352606,0.12026266416510321,0.4597988281969872,
Track 2 (Risk Indices),WQI,Set B (CORE),Lasso,LOG1P,4,40,-0.16920650937934195,0.26913679372730315,-0.1186985465170054,-0.7157101710458109,0.25865393875242726,24.68436207084528,17.064486673672018,1.213513654162963,0.24709193245778616,0.1242596809419829,
Track 2 (Risk Indices),WQI,Set B (CORE),ElasticNet,RAW,4,40,-1.3821705477987556,2.1572960378065864,-0.3182537258632221,-7.762977217693965,0.17435542697027395,28.03359101518563,21.588167337913234,1.3781658758087962,0.12026266416510321,0.4597988281969872,
Track 2 (Risk Indices),WQI,Set B (CORE),ElasticNet,LOG1P,4,40,-0.2696325051331496,0.46525778823422836,-0.10279803202561655,-1.4218588427388532,0.19558055880243264,24.919636542482927,17.498561458159614,1.2250800370813806,0.26641651031894936,0.09656862147270148,
Track 2 (Risk Indices),WQI,Set B (CORE),SVR_RBF,RAW,4,40,-0.17087609620974,0.1987003094183969,-0.1390637664551464,-0.7523269469830574,0.05184318115101039,25.096041728786144,16.937509888199216,1.2337523333971503,-0.013320825515947468,0.934980455600126,
Track 2 (Risk Indices),WQI,Set B (CORE),SVR_RBF,LOG1P,4,40,-0.4211968068676763,0.4597546633506705,-0.30409877219848225,-1.5061413986989494,0.2709916666263592,26.495113287357213,17.878660763611656,1.302532415078188,0.06941838649155724,0.6703755932953979,
Track 2 (Risk Indices),WQI,Set B (CORE),RandomForest,RAW,4,40,-1.3327592898378398,2.1645009923928784,-0.6292870481264154,-9.128092660664631,0.2983930203248898,29.150990988818172,21.916796701920713,1.433098635313486,0.11651031894934337,0.47402000864292154,
Track 2 (Risk Indices),WQI,Set B (CORE),RandomForest,LOG1P,4,40,-0.5790430959216987,0.7431828025041861,-0.23859725605536308,-2.7224516158677026,0.041928294553933654,26.573516317193235,18.585030574944806,1.306386804628977,0.17429643527204505,0.28208292595114165,
Track 2 (Risk Indices),WQI,Set B (CORE),ExtraTrees,RAW,4,40,-0.905564634193388,1.8702478579767188,-0.25187299832643517,-9.272982857482857,0.09511414023371423,27.032031917595717,20.381838847846648,1.3289279965033387,0.09437148217636025,0.5624363525705598,
Track 2 (Risk Indices),WQI,Set B (CORE),ExtraTrees,LOG1P,4,40,-0.39827804026467395,0.6406077080182763,-0.20163647976323662,-2.8833024103921803,0.33717641058716064,25.740600813323145,18.021560556875787,1.265439652184467,0.10262664165103191,0.5285943323380526,
Track 2 (Risk Indices),WQI,Set B (CORE),GradientBoosting,RAW,4,40,-1.866161740537311,2.6544738501611693,-0.5779820014302317,-11.59213935628908,0.2959367774053959,30.878189474695386,22.539682407957844,1.5180098410414702,0.2210131332082552,0.17053015070079725,
Track 2 (Risk Indices),WQI,Set B (CORE),GradientBoosting,LOG1P,4,40,-0.6446563533696422,0.8230756208044013,-0.3693142183988032,-3.0177480399225365,0.03260396217209627,26.866241590859463,19.056388371369707,1.3207775397629473,0.2181988742964353,0.17617881121856085,
Track 2 (Risk Indices),WQI,Set C (pH SENSITIVITY),Ridge,RAW,5,40,-1.5652212702245505,2.321972767050392,-0.4016103152903234,-8.677318916813343,0.1725600236762883,28.93453142147196,22.50639828160185,1.4224572162727611,0.057035647279549725,0.7266604559799581,
Track 2 (Risk Indices),WQI,Set C (pH SENSITIVITY),Ridge,LOG1P,5,40,-0.6111197756984356,0.9391196167893249,-0.187861266735053,-3.248466615754632,0.2274367459479385,26.630554523017416,18.814023019622983,1.3091908731067423,0.20206378986866794,0.21115886328020794,
Track 2 (Risk Indices),WQI,Set C (pH SENSITIVITY),Lasso,RAW,5,40,-1.6323042289857566,2.415656297710851,-0.4091246495975074,-9.104784534296789,0.1767282877817541,29.1240617148611,22.679598092761356,1.4317747590249348,0.05834896810506568,0.7206170426113669,
Track 2 (Risk Indices),WQI,Set C (pH SENSITIVITY),Lasso,LOG1P,5,40,-0.18871771405081758,0.2702798515868604,-0.12133568475401768,-0.7514533760641193,0.25865393875242726,24.990585970328752,17.314096443787943,1.228567998374399,0.2058161350844278,0.2026240489100015,
Track 2 (Risk Indices),WQI,Set C (pH SENSITIVITY),ElasticNet,RAW,5,40,-1.4785297656169385,2.202631220066628,-0.38861555684498006,-8.13536978129878,0.17014279179309222,28.66509645435039,22.26074438786641,1.4092114613056053,0.057035647279549725,0.7266604559799581,
Track 2 (Risk Indices),WQI,Set C (pH SENSITIVITY),ElasticNet,LOG1P,5,40,-0.2939182146102781,0.46891600897413555,-0.13171977210159214,-1.4377641936134,0.19526891930537682,25.302733416832712,17.7484798391728,1.2439135514560422,0.1879924953095685,0.2453736724192114,
Track 2 (Risk Indices),WQI,Set C (pH SENSITIVITY),SVR_RBF,RAW,5,40,-0.1796075060689985,0.2064155717859089,-0.13885237788234583,-0.7758912671328462,0.02771500591833953,25.150229879500422,17.097232707147235,1.236416289654026,-0.20637898686679176,0.20136494520706963,
Track 2 (Risk Indices),WQI,Set C (pH SENSITIVITY),SVR_RBF,LOG1P,5,40,-0.48565473797009445,0.5226916691089829,-0.322370663454276,-1.9459463116544153,0.35599945161144375,27.093191653623443,18.187187298896113,1.331934684484241,0.04784240150093809,0.7694037319155724,
Track 2 (Risk Indices),WQI,Set C (pH SENSITIVITY),RandomForest,RAW,5,40,-1.1027623841846264,1.8122649794174461,-0.48323898339369853,-7.941300370218215,0.3333036699135836,28.016410540406397,21.264542830675722,1.3773212624997806,0.03114446529080676,0.8487018985228153,
Track 2 (Risk Indices),WQI,Set C (pH SENSITIVITY),RandomForest,LOG1P,5,40,-0.3848055260272362,0.5002697359888504,-0.18010381051725166,-1.6714977172431325,0.2501669595913121,25.870509420538948,18.377378370697727,1.2718261193816838,0.11669793621013136,0.473303485089785,
Track 2 (Risk Indices),WQI,Set C (pH SENSITIVITY),ExtraTrees,RAW,5,40,-0.7320438072338337,1.290789834277462,-0.3328611618866646,-5.947338208324663,0.38291874797663994,26.78467215969305,20.336105943625977,1.3167674860212848,0.04859287054409006,0.7658872246934962,
Track 2 (Risk Indices),WQI,Set C (pH SENSITIVITY),ExtraTrees,LOG1P,5,40,-0.30619721479980627,0.4471831257651155,-0.23454564714234283,-2.005914286367045,0.3667921308282005,25.725825936579678,17.94545602232858,1.2647133010389398,0.06303939962476549,0.6991721046975601,
Track 2 (Risk Indices),WQI,Set C (pH SENSITIVITY),GradientBoosting,RAW,5,40,-1.6088708585338691,2.3591159947645637,-0.5455651835747473,-8.51656357592069,0.1640254384307459,30.412063054219608,22.641019549110798,1.495094491874657,0.05459662288930583,0.7379271189462737,
Track 2 (Risk Indices),WQI,Set C (pH SENSITIVITY),GradientBoosting,LOG1P,5,40,-0.5403727584832932,0.629373893993073,-0.30405871770006176,-2.4897535921517755,0.11346583614155281,26.983651217181674,19.2249168375868,1.3265495416588544,0.10450281425891184,0.5210443180795709,
Track 2 (Risk Indices),Cd,Set A (FULL),Ridge,RAW,25,40,-8.540123104017825,20.10060685452252,-0.9263420785275274,-93.18100956949591,0.46767577751474076,21.714336991504737,16.56704737708105,1.8172115704361076,0.01575984990619137,0.9231081692137382,
Track 2 (Risk Indices),Cd,Set A (FULL),Ridge,LOG1P,25,40,,,,,,,,,,,Log1p Mathematically Undefined (Target min=-5.5505 < 0)
Track 2 (Risk Indices),Cd,Set A (FULL),Lasso,RAW,25,40,-12.427753099727763,25.050811809629455,-1.3878703601670552,-104.32169968756044,-0.04961945087950426,26.121949283848693,20.574435169715084,2.186072201952392,-0.003939962476547843,0.9807501820928678,
Track 2 (Risk Indices),Cd,Set A (FULL),Lasso,LOG1P,25,40,,,,,,,,,,,Log1p Mathematically Undefined (Target min=-5.5505 < 0)
Track 2 (Risk Indices),Cd,Set A (FULL),ElasticNet,RAW,25,40,-6.927590367640451,16.810561104224675,-0.6655172752142804,-79.94421429687795,0.4767536916993652,20.3697486249723,15.548658441245793,1.7046867653687245,0.0427767354596623,0.7932560661588646,
Track 2 (Risk Indices),Cd,Set A (FULL),ElasticNet,LOG1P,25,40,,,,,,,,,,,Log1p Mathematically Undefined (Target min=-5.5505 < 0)
Track 2 (Risk Indices),Cd,Set A (FULL),SVR_RBF,RAW,25,40,-0.3003116844948698,0.521923167243687,-0.12798246490556142,-2.2624794520149507,0.1502571292210212,15.778053821808472,9.709998461085561,1.320420788125897,0.12851782363977488,0.4293355000722844,
Track 2 (Risk Indices),Cd,Set A (FULL),SVR_RBF,LOG1P,25,40,,,,,,,,,,,Log1p Mathematically Undefined (Target min=-5.5505 < 0)
Track 2 (Risk Indices),Cd,Set A (FULL),RandomForest,RAW,25,40,-3.633904773500655,7.044617087422964,-0.7898021495154666,-25.6159631851458,0.3773725006070673,18.78897036534774,13.778503952708304,1.5723958948343193,0.06435272045028143,0.6932077415950467,
Track 2 (Risk Indices),Cd,Set A (FULL),RandomForest,LOG1P,25,40,,,,,,,,,,,Log1p Mathematically Undefined (Target min=-5.5505 < 0)
Track 2 (Risk Indices),Cd,Set A (FULL),ExtraTrees,RAW,25,40,-2.3025727990259766,6.416019965017578,-0.31899863871787426,-32.517946051728906,0.5145284440916102,17.063477504297317,12.663007106551726,1.427994267787983,0.14502814258911823,0.37191795906944675,
Track 2 (Risk Indices),Cd,Set A (FULL),ExtraTrees,LOG1P,25,40,,,,,,,,,,,Log1p Mathematically Undefined (Target min=-5.5505 < 0)
Track 2 (Risk Indices),Cd,Set A (FULL),GradientBoosting,RAW,25,40,-3.5792922730079635,6.745283128079023,-0.548081689072139,-25.35016310070892,0.3895248531966006,19.319831107443004,13.780559825350736,1.6168221318961842,0.17936210131332084,0.26811042684926645,
Track 2 (Risk Indices),Cd,Set A (FULL),GradientBoosting,LOG1P,25,40,,,,,,,,,,,Log1p Mathematically Undefined (Target min=-5.5505 < 0)
Track 2 (Risk Indices),Cd,Set B (CORE),Ridge,RAW,4,40,-2.6796228786649845,5.824444084024506,-0.12479329422583496,-29.030961301654784,0.24505422462631388,17.48565073473892,13.19879253130052,1.463324753788408,0.3587242026266417,0.023021864519705403,
Track 2 (Risk Indices),Cd,Set B (CORE),Ridge,LOG1P,4,40,,,,,,,,,,,Log1p Mathematically Undefined (Target min=-5.5505 < 0)
Track 2 (Risk Indices),Cd,Set B (CORE),Lasso,RAW,4,40,-2.7379010938399135,5.853656696904999,-0.12061723682883851,-29.12148412797653,0.24561459847642253,17.579162668490504,13.27356119232204,1.4711505035708543,0.3538461538461539,0.02509244722848571,
Track 2 (Risk Indices),Cd,Set B (CORE),Lasso,LOG1P,4,40,,,,,,,,,,,Log1p Mathematically Undefined (Target min=-5.5505 < 0)
Track 2 (Risk Indices),Cd,Set B (CORE),ElasticNet,RAW,4,40,-2.5527264189555354,5.675917230572631,-0.13274305465947278,-28.368514351491466,0.24143767025812757,17.32622142280219,13.026204992007111,1.4499825646885778,0.3463414634146342,0.028578449557584044,
Track 2 (Risk Indices),Cd,Set B (CORE),ElasticNet,LOG1P,4,40,,,,,,,,,,,Log1p Mathematically Undefined (Target min=-5.5505 < 0)
Track 2 (Risk Indices),Cd,Set B (CORE),SVR_RBF,RAW,4,40,-0.2623379186154288,0.4550496677374749,-0.12137030258873516,-1.8192368842514215,0.20338161128229948,15.698628055890781,9.571678335133328,1.3137738699688817,0.21913696060037527,0.1742812454007338,
Track 2 (Risk Indices),Cd,Set B (CORE),SVR_RBF,LOG1P,4,40,,,,,,,,,,,Log1p Mathematically Undefined (Target min=-5.5505 < 0)
Track 2 (Risk Indices),Cd,Set B (CORE),RandomForest,RAW,4,40,-4.085611685255369,12.133364918952207,-0.8776455647421564,-62.65901674384479,0.025249616971328992,19.308601722023045,13.734482448928315,1.6158823763272245,-0.014258911819887431,0.9304124089393565,
Track 2 (Risk Indices),Cd,Set B (CORE),RandomForest,LOG1P,4,40,,,,,,,,,,,Log1p Mathematically Undefined (Target min=-5.5505 < 0)
Track 2 (Risk Indices),Cd,Set B (CORE),ExtraTrees,RAW,4,40,-1.653435383342205,5.478984516789731,-0.13479655909877253,-28.08285805670543,0.3820410214578942,15.939097041231326,11.470506702899652,1.3338980405877143,0.3341463414634147,0.03509097799359211,
Track 2 (Risk Indices),Cd,Set B (CORE),ExtraTrees,LOG1P,4,40,,,,,,,,,,,Log1p Mathematically Undefined (Target min=-5.5505 < 0)
Track 2 (Risk Indices),Cd,Set B (CORE),GradientBoosting,RAW,4,40,-3.824304197585643,12.464584414042427,-1.1670970264531775,-64.59441017414908,0.03005549223458337,19.272468698797073,13.486340276986644,1.6128585056050024,0.07673545966228894,0.6379098297351338,
Track 2 (Risk Indices),Cd,Set B (CORE),GradientBoosting,LOG1P,4,40,,,,,,,,,,,Log1p Mathematically Undefined (Target min=-5.5505 < 0)
Track 2 (Risk Indices),Cd,Set C (pH SENSITIVITY),Ridge,RAW,5,40,-2.8777364533696708,5.88335700496602,-0.20875135022842484,-29.29620070503475,0.22597238973957068,18.035220079159856,13.674153129582814,1.5093166609707191,0.2461538461538462,0.12574108606012824,
Track 2 (Risk Indices),Cd,Set C (pH SENSITIVITY),Ridge,LOG1P,5,40,,,,,,,,,,,Log1p Mathematically Undefined (Target min=-5.5505 < 0)
Track 2 (Risk Indices),Cd,Set C (pH SENSITIVITY),Lasso,RAW,5,40,-2.9291177366096632,5.9200836337613545,-0.19922519832151653,-29.444608698832756,0.22981673537011604,18.11645783610585,13.735160414422971,1.5161152195422425,0.2427767354596623,0.1311835958480936,
Track 2 (Risk Indices),Cd,Set C (pH SENSITIVITY),Lasso,LOG1P,5,40,,,,,,,,,,,Log1p Mathematically Undefined (Target min=-5.5505 < 0)
Track 2 (Risk Indices),Cd,Set C (pH SENSITIVITY),ElasticNet,RAW,5,40,-2.7191925942763144,5.682533307741051,-0.21472064685230907,-28.368408657639833,0.22308539234280944,17.822384969478595,13.47031767886266,1.4915050914045316,0.25121951219512195,0.11789639436094669,
Track 2 (Risk Indices),Cd,Set C (pH SENSITIVITY),ElasticNet,LOG1P,5,40,,,,,,,,,,,Log1p Mathematically Undefined (Target min=-5.5505 < 0)
Track 2 (Risk Indices),Cd,Set C (pH SENSITIVITY),SVR_RBF,RAW,5,40,-0.2728751745576523,0.45260612384033777,-0.1398914741719557,-1.7967976210866436,0.20711707252436284,15.756311478200017,9.634055694582122,1.3186012327607415,0.09080675422138838,0.5773536742614771,
Track 2 (Risk Indices),Cd,Set C (pH SENSITIVITY),SVR_RBF,LOG1P,5,40,,,,,,,,,,,Log1p Mathematically Undefined (Target min=-5.5505 < 0)
Track 2 (Risk Indices),Cd,Set C (pH SENSITIVITY),RandomForest,RAW,5,40,-3.401121140309813,10.277605356489666,-0.8332484932377673,-53.05578492615139,0.46525751658178016,18.471351045236442,13.608508047901134,1.54581523046837,-0.14859287054409007,0.3601508936114543,
Track 2 (Risk Indices),Cd,Set C (pH SENSITIVITY),RandomForest,LOG1P,5,40,,,,,,,,,,,Log1p Mathematically Undefined (Target min=-5.5505 < 0)
Track 2 (Risk Indices),Cd,Set C (pH SENSITIVITY),ExtraTrees,RAW,5,40,-1.7257727222622647,4.415787703618416,-0.23256176804758044,-22.138798247163468,0.4312248167718269,16.500492190668854,11.992603043936883,1.3808796160115324,0.2043151969981239,0.20600854443798083,
Track 2 (Risk Indices),Cd,Set C (pH SENSITIVITY),ExtraTrees,LOG1P,5,40,,,,,,,,,,,Log1p Mathematically Undefined (Target min=-5.5505 < 0)
Track 2 (Risk Indices),Cd,Set C (pH SENSITIVITY),GradientBoosting,RAW,5,40,-3.037910275853512,10.79448117619174,-0.6734474981456238,-55.760472124570946,0.0013133414693196066,17.952716810610294,12.896054035423722,1.5024121953052136,0.039024390243902446,0.8110462707317688,
Track 2 (Risk Indices),Cd,Set C (pH SENSITIVITY),GradientBoosting,LOG1P,5,40,,,,,,,,,,,Log1p Mathematically Undefined (Target min=-5.5505 < 0)
