target,input_set_id,input_set_name,model,transformation,fold_idx,r2,rmse,mae
As_num,E1,E1_Min2_FieldOnly,SVR_RBF,RAW,1,-5.879728,0.733129,0.627083
As_num,E1,E1_Min2_FieldOnly,SVR_RBF,RAW,2,-0.301431,11.019299,5.714398
As_num,E1,E1_Min2_FieldOnly,SVR_RBF,RAW,3,-0.206569,4.249043,2.059661
As_num,E1,E1_Min2_FieldOnly,SVR_RBF,RAW,4,-0.446926,2.098752,1.334832
As_num,E1,E1_Min2_FieldOnly,SVR_RBF,RAW,5,-0.217644,10.082862,4.466881
As_num,E1,E1_Min2_FieldOnly,SVR_RBF,RAW,6,-0.163732,4.163992,1.9711
As_num,E1,E1_Min2_FieldOnly,SVR_RBF,RAW,7,0.101669,1.619336,1.120176
As_num,E1,E1_Min2_FieldOnly,SVR_RBF,RAW,8,-0.291829,5.348486,2.60429
As_num,E1,E1_Min2_FieldOnly,SVR_RBF,RAW,9,-0.070556,1.316357,0.844405
As_num,E1,E1_Min2_FieldOnly,SVR_RBF,RAW,10,-0.319783,13.79785,7.18106
As_num,E1,E1_Min2_FieldOnly,SVR_RBF,RAW,11,-0.226519,1.205243,0.80179
As_num,E1,E1_Min2_FieldOnly,SVR_RBF,RAW,12,-0.489205,6.948346,4.229735
As_num,E1,E1_Min2_FieldOnly,SVR_RBF,RAW,13,-0.149832,9.890805,4.300351
As_num,E1,E1_Min2_FieldOnly,SVR_RBF,RAW,14,-0.180186,9.738445,3.868221
As_num,E1,E1_Min2_FieldOnly,SVR_RBF,RAW,15,-0.003541,1.218689,0.721437
As_num,E1,E1_Min2_FieldOnly,SVR_RBF,RAW,16,-0.467059,2.119949,1.325166
As_num,E1,E1_Min2_FieldOnly,SVR_RBF,RAW,17,-1.615125,0.933143,0.822237
As_num,E1,E1_Min2_FieldOnly,SVR_RBF,RAW,18,-0.189118,10.062401,4.389611
As_num,E1,E1_Min2_FieldOnly,SVR_RBF,RAW,19,-0.309432,10.554256,5.158302
As_num,E1,E1_Min2_FieldOnly,SVR_RBF,RAW,20,-0.152993,5.257864,2.373615
As_num,E1,E1_Min2_FieldOnly,SVR_RBF,RAW,21,-0.141417,1.383334,0.972284
As_num,E1,E1_Min2_FieldOnly,SVR_RBF,RAW,22,-0.132572,5.234341,2.271057
As_num,E1,E1_Min2_FieldOnly,SVR_RBF,RAW,23,-0.158849,9.710367,3.930599
As_num,E1,E1_Min2_FieldOnly,SVR_RBF,RAW,24,-0.501277,4.654746,2.780475
As_num,E1,E1_Min2_FieldOnly,SVR_RBF,RAW,25,-0.127562,9.827829,3.881378
As_num,E1,E1_Min2_FieldOnly,SVR_RBF,LOG1P,1,-12.286887,1.018842,0.86385
As_num,E1,E1_Min2_FieldOnly,SVR_RBF,LOG1P,2,-0.310193,11.056332,5.824973
As_num,E1,E1_Min2_FieldOnly,SVR_RBF,LOG1P,3,-0.226215,4.283497,2.110448
As_num,E1,E1_Min2_FieldOnly,SVR_RBF,LOG1P,4,-0.455732,2.105128,1.33825
As_num,E1,E1_Min2_FieldOnly,SVR_RBF,LOG1P,5,-0.214112,10.068225,4.44641
As_num,E1,E1_Min2_FieldOnly,SVR_RBF,LOG1P,6,-0.1738,4.181966,2.028565
As_num,E1,E1_Min2_FieldOnly,SVR_RBF,LOG1P,7,0.012656,1.697669,1.196624
As_num,E1,E1_Min2_FieldOnly,SVR_RBF,LOG1P,8,-0.298867,5.363034,2.590172
As_num,E1,E1_Min2_FieldOnly,SVR_RBF,LOG1P,9,-0.171772,1.377179,0.861179
As_num,E1,E1_Min2_FieldOnly,SVR_RBF,LOG1P,10,-0.323733,13.818485,7.159657
As_num,E1,E1_Min2_FieldOnly,SVR_RBF,LOG1P,11,-0.172592,1.178449,0.766081
As_num,E1,E1_Min2_FieldOnly,SVR_RBF,LOG1P,12,-0.504106,6.983022,4.239225
As_num,E1,E1_Min2_FieldOnly,SVR_RBF,LOG1P,13,-0.182549,10.030533,4.557871
As_num,E1,E1_Min2_FieldOnly,SVR_RBF,LOG1P,14,-0.186366,9.763913,3.954553
As_num,E1,E1_Min2_FieldOnly,SVR_RBF,LOG1P,15,-0.064514,1.255165,0.728328
As_num,E1,E1_Min2_FieldOnly,SVR_RBF,LOG1P,16,-0.480351,2.129532,1.35216
As_num,E1,E1_Min2_FieldOnly,SVR_RBF,LOG1P,17,-2.918077,1.14219,0.941922
As_num,E1,E1_Min2_FieldOnly,SVR_RBF,LOG1P,18,-0.185125,10.045494,4.412211
As_num,E1,E1_Min2_FieldOnly,SVR_RBF,LOG1P,19,-0.311344,10.56196,5.244933
As_num,E1,E1_Min2_FieldOnly,SVR_RBF,LOG1P,20,-0.176374,5.310906,2.44036
As_num,E1,E1_Min2_FieldOnly,SVR_RBF,LOG1P,21,-0.267393,1.457674,1.003156
As_num,E1,E1_Min2_FieldOnly,SVR_RBF,LOG1P,22,-0.133903,5.237417,2.271526
As_num,E1,E1_Min2_FieldOnly,SVR_RBF,LOG1P,23,-0.177561,9.788449,4.43349
As_num,E1,E1_Min2_FieldOnly,SVR_RBF,LOG1P,24,-0.526601,4.69384,2.817164
As_num,E1,E1_Min2_FieldOnly,SVR_RBF,LOG1P,25,-0.121926,9.803238,3.851174
As_num,E1,E1_Min2_FieldOnly,PLS,RAW,1,-172.905726,3.685971,3.51722
As_num,E1,E1_Min2_FieldOnly,PLS,RAW,2,-0.169051,10.443836,6.155275
As_num,E1,E1_Min2_FieldOnly,PLS,RAW,3,-0.081172,4.02219,2.779143
As_num,E1,E1_Min2_FieldOnly,PLS,RAW,4,-1.484244,2.750015,2.222037
As_num,E1,E1_Min2_FieldOnly,PLS,RAW,5,-0.099098,9.579479,5.009976
As_num,E1,E1_Min2_FieldOnly,PLS,RAW,6,-0.268416,4.347246,3.259118
As_num,E1,E1_Min2_FieldOnly,PLS,RAW,7,-2.613357,3.247687,2.712557
As_num,E1,E1_Min2_FieldOnly,PLS,RAW,8,-0.408622,5.58503,4.248554
As_num,E1,E1_Min2_FieldOnly,PLS,RAW,9,-4.140484,2.884503,2.569033
As_num,E1,E1_Min2_FieldOnly,PLS,RAW,10,-0.221164,13.272331,7.579457
As_num,E1,E1_Min2_FieldOnly,PLS,RAW,11,-4.13501,2.466085,1.998044
As_num,E1,E1_Min2_FieldOnly,PLS,RAW,12,-0.272199,6.422167,4.389838
As_num,E1,E1_Min2_FieldOnly,PLS,RAW,13,-0.037473,9.395129,4.597238
As_num,E1,E1_Min2_FieldOnly,PLS,RAW,14,-0.005852,8.99045,4.964864
As_num,E1,E1_Min2_FieldOnly,PLS,RAW,15,-5.060243,2.994816,2.830368
As_num,E1,E1_Min2_FieldOnly,PLS,RAW,16,-0.330037,2.018523,1.672178
As_num,E1,E1_Min2_FieldOnly,PLS,RAW,17,-51.487724,4.180523,3.839914
As_num,E1,E1_Min2_FieldOnly,PLS,RAW,18,-0.067892,9.535705,4.883703
As_num,E1,E1_Min2_FieldOnly,PLS,RAW,19,-0.123337,9.77555,5.438939
As_num,E1,E1_Min2_FieldOnly,PLS,RAW,20,-0.252317,5.479653,3.893554
As_num,E1,E1_Min2_FieldOnly,PLS,RAW,21,-2.188487,2.31205,2.043852
As_num,E1,E1_Min2_FieldOnly,PLS,RAW,22,-0.17823,5.338807,4.046488
As_num,E1,E1_Min2_FieldOnly,PLS,RAW,23,0.000674,9.017286,4.724112
As_num,E1,E1_Min2_FieldOnly,PLS,RAW,24,-0.496781,4.64777,3.671599
As_num,E1,E1_Min2_FieldOnly,PLS,RAW,25,-0.052903,9.496897,5.075445
As_num,E1,E1_Min2_FieldOnly,PLS,LOG1P,1,-19.542551,1.266841,1.207096
As_num,E1,E1_Min2_FieldOnly,PLS,LOG1P,2,-0.244137,10.774012,5.647014
As_num,E1,E1_Min2_FieldOnly,PLS,LOG1P,3,-0.125684,4.104151,2.08038
As_num,E1,E1_Min2_FieldOnly,PLS,LOG1P,4,0.134069,1.623602,1.162204
As_num,E1,E1_Min2_FieldOnly,PLS,LOG1P,5,-0.15073,9.801902,4.459787
As_num,E1,E1_Min2_FieldOnly,PLS,LOG1P,6,-0.125069,4.094237,2.231407
As_num,E1,E1_Min2_FieldOnly,PLS,LOG1P,7,0.051891,1.663596,1.393566
As_num,E1,E1_Min2_FieldOnly,PLS,LOG1P,8,-0.211161,5.1788,2.394408
As_num,E1,E1_Min2_FieldOnly,PLS,LOG1P,9,-0.259884,1.42802,1.225602
As_num,E1,E1_Min2_FieldOnly,PLS,LOG1P,10,-0.277535,13.575213,7.17183
As_num,E1,E1_Min2_FieldOnly,PLS,LOG1P,11,0.312687,0.902225,0.81146
As_num,E1,E1_Min2_FieldOnly,PLS,LOG1P,12,-0.379953,6.688617,4.131173
As_num,E1,E1_Min2_FieldOnly,PLS,LOG1P,13,-0.095436,9.654015,4.180009
As_num,E1,E1_Min2_FieldOnly,PLS,LOG1P,14,-0.093171,9.372568,3.804284
As_num,E1,E1_Min2_FieldOnly,PLS,LOG1P,15,-0.376624,1.427358,1.248458
As_num,E1,E1_Min2_FieldOnly,PLS,LOG1P,16,0.076082,1.682358,1.203875
As_num,E1,E1_Min2_FieldOnly,PLS,LOG1P,17,-8.32099,1.761703,1.631125
As_num,E1,E1_Min2_FieldOnly,PLS,LOG1P,18,-0.124088,9.783387,4.340108
As_num,E1,E1_Min2_FieldOnly,PLS,LOG1P,19,-0.238317,10.263656,5.0322
As_num,E1,E1_Min2_FieldOnly,PLS,LOG1P,20,-0.123962,5.191248,2.537376
As_num,E1,E1_Min2_FieldOnly,PLS,LOG1P,21,-0.159069,1.393989,1.174518
As_num,E1,E1_Min2_FieldOnly,PLS,LOG1P,22,-0.089921,5.134836,2.508675
As_num,E1,E1_Min2_FieldOnly,PLS,LOG1P,23,-0.083089,9.387593,3.8851
As_num,E1,E1_Min2_FieldOnly,PLS,LOG1P,24,-0.269967,4.281163,2.52416
As_num,E1,E1_Min2_FieldOnly,PLS,LOG1P,25,-0.095462,9.686928,4.140374
As_num,E1,E1_Min2_FieldOnly,Lasso,RAW,1,-164.684129,3.597787,3.461071
As_num,E1,E1_Min2_FieldOnly,Lasso,RAW,2,-0.159131,10.399431,6.157199
As_num,E1,E1_Min2_FieldOnly,Lasso,RAW,3,-0.108182,4.07212,2.922719
As_num,E1,E1_Min2_FieldOnly,Lasso,RAW,4,-1.279711,2.634376,2.203316
As_num,E1,E1_Min2_FieldOnly,Lasso,RAW,5,-0.10293,9.596161,4.951808
As_num,E1,E1_Min2_FieldOnly,Lasso,RAW,6,-0.244018,4.305235,3.231551
As_num,E1,E1_Min2_FieldOnly,Lasso,RAW,7,-2.514886,3.203129,2.715907
As_num,E1,E1_Min2_FieldOnly,Lasso,RAW,8,-0.377207,5.5224,4.161942
As_num,E1,E1_Min2_FieldOnly,Lasso,RAW,9,-3.934096,2.826004,2.552725
As_num,E1,E1_Min2_FieldOnly,Lasso,RAW,10,-0.217841,13.254263,7.572463
As_num,E1,E1_Min2_FieldOnly,Lasso,RAW,11,-3.68813,2.356336,1.999262
As_num,E1,E1_Min2_FieldOnly,Lasso,RAW,12,-0.267298,6.409787,4.383747
As_num,E1,E1_Min2_FieldOnly,Lasso,RAW,13,-0.039554,9.40455,4.579682
As_num,E1,E1_Min2_FieldOnly,Lasso,RAW,14,-0.012156,9.018582,4.93224
As_num,E1,E1_Min2_FieldOnly,Lasso,RAW,15,-4.913519,2.95834,2.816856
As_num,E1,E1_Min2_FieldOnly,Lasso,RAW,16,-0.268431,1.97122,1.706916
As_num,E1,E1_Min2_FieldOnly,Lasso,RAW,17,-49.697695,4.108619,3.795563
As_num,E1,E1_Min2_FieldOnly,Lasso,RAW,18,-0.074547,9.565374,4.931497
As_num,E1,E1_Min2_FieldOnly,Lasso,RAW,19,-0.124894,9.782325,5.454015
As_num,E1,E1_Min2_FieldOnly,Lasso,RAW,20,-0.229918,5.430428,3.886066
As_num,E1,E1_Min2_FieldOnly,Lasso,RAW,21,-2.32582,2.361316,2.150023
As_num,E1,E1_Min2_FieldOnly,Lasso,RAW,22,-0.164057,5.3066,4.010193
As_num,E1,E1_Min2_FieldOnly,Lasso,RAW,23,-0.004088,9.038744,4.768533
As_num,E1,E1_Min2_FieldOnly,Lasso,RAW,24,-0.430477,4.543661,3.552506
As_num,E1,E1_Min2_FieldOnly,Lasso,RAW,25,-0.054245,9.502946,4.940431
As_num,E1,E1_Min2_FieldOnly,Lasso,LOG1P,1,-13.930366,1.080016,1.056153
As_num,E1,E1_Min2_FieldOnly,Lasso,LOG1P,2,-0.234322,10.731428,5.605384
As_num,E1,E1_Min2_FieldOnly,Lasso,LOG1P,3,-0.093824,4.045655,2.067679
As_num,E1,E1_Min2_FieldOnly,Lasso,LOG1P,4,-0.08175,1.814686,1.297159
As_num,E1,E1_Min2_FieldOnly,Lasso,LOG1P,5,-0.158606,9.835389,4.376855
As_num,E1,E1_Min2_FieldOnly,Lasso,LOG1P,6,-0.091755,4.033165,2.072228
As_num,E1,E1_Min2_FieldOnly,Lasso,LOG1P,7,0.027514,1.684847,1.414544
As_num,E1,E1_Min2_FieldOnly,Lasso,LOG1P,8,-0.202618,5.160505,2.378449
As_num,E1,E1_Min2_FieldOnly,Lasso,LOG1P,9,-0.073651,1.318258,1.154945
As_num,E1,E1_Min2_FieldOnly,Lasso,LOG1P,10,-0.28261,13.602149,7.204426
As_num,E1,E1_Min2_FieldOnly,Lasso,LOG1P,11,0.001905,1.087235,0.964739
As_num,E1,E1_Min2_FieldOnly,Lasso,LOG1P,12,-0.373862,6.673839,4.108481
As_num,E1,E1_Min2_FieldOnly,Lasso,LOG1P,13,-0.110797,9.721465,4.072505
As_num,E1,E1_Min2_FieldOnly,Lasso,LOG1P,14,-0.101674,9.408948,3.834375
As_num,E1,E1_Min2_FieldOnly,Lasso,LOG1P,15,-0.258175,1.364569,1.232061
As_num,E1,E1_Min2_FieldOnly,Lasso,LOG1P,16,-0.089182,1.826635,1.352142
As_num,E1,E1_Min2_FieldOnly,Lasso,LOG1P,17,-5.54295,1.476007,1.38202
As_num,E1,E1_Min2_FieldOnly,Lasso,LOG1P,18,-0.12855,9.802786,4.397887
As_num,E1,E1_Min2_FieldOnly,Lasso,LOG1P,19,-0.237876,10.26183,5.010795
As_num,E1,E1_Min2_FieldOnly,Lasso,LOG1P,20,-0.096769,5.128065,2.4488
As_num,E1,E1_Min2_FieldOnly,Lasso,LOG1P,21,-0.115874,1.367768,1.227173
As_num,E1,E1_Min2_FieldOnly,Lasso,LOG1P,22,-0.074583,5.098578,2.425223
As_num,E1,E1_Min2_FieldOnly,Lasso,LOG1P,23,-0.086373,9.401813,3.908281
As_num,E1,E1_Min2_FieldOnly,Lasso,LOG1P,24,-0.316181,4.358361,2.538356
As_num,E1,E1_Min2_FieldOnly,Lasso,LOG1P,25,-0.107666,9.740737,4.006565
As_num,E1,E1_Min2_FieldOnly,Ridge,RAW,1,-169.862658,3.65358,3.49861
As_num,E1,E1_Min2_FieldOnly,Ridge,RAW,2,-0.168191,10.439997,6.155994
As_num,E1,E1_Min2_FieldOnly,Ridge,RAW,3,-0.08221,4.024119,2.803438
As_num,E1,E1_Min2_FieldOnly,Ridge,RAW,4,-1.406174,2.706459,2.210437
As_num,E1,E1_Min2_FieldOnly,Ridge,RAW,5,-0.098257,9.575811,4.993983
As_num,E1,E1_Min2_FieldOnly,Ridge,RAW,6,-0.256765,4.327235,3.247536
As_num,E1,E1_Min2_FieldOnly,Ridge,RAW,7,-2.56971,3.228013,2.706567
As_num,E1,E1_Min2_FieldOnly,Ridge,RAW,8,-0.389376,5.546745,4.202422
As_num,E1,E1_Min2_FieldOnly,Ridge,RAW,9,-4.082313,2.868135,2.565872
As_num,E1,E1_Min2_FieldOnly,Ridge,RAW,10,-0.221273,13.272924,7.581971
As_num,E1,E1_Min2_FieldOnly,Ridge,RAW,11,-3.973996,2.427114,1.973052
As_num,E1,E1_Min2_FieldOnly,Ridge,RAW,12,-0.265848,6.406119,4.373181
As_num,E1,E1_Min2_FieldOnly,Ridge,RAW,13,-0.037207,9.393928,4.594695
As_num,E1,E1_Min2_FieldOnly,Ridge,RAW,14,-0.006587,8.993736,4.959941
As_num,E1,E1_Min2_FieldOnly,Ridge,RAW,15,-5.025145,2.986131,2.828371
As_num,E1,E1_Min2_FieldOnly,Ridge,RAW,16,-0.312159,2.004911,1.667231
As_num,E1,E1_Min2_FieldOnly,Ridge,RAW,17,-50.480997,4.140237,3.813948
As_num,E1,E1_Min2_FieldOnly,Ridge,RAW,18,-0.067667,9.5347,4.889757
As_num,E1,E1_Min2_FieldOnly,Ridge,RAW,19,-0.123821,9.777656,5.443686
As_num,E1,E1_Min2_FieldOnly,Ridge,RAW,20,-0.240252,5.453194,3.886807
As_num,E1,E1_Min2_FieldOnly,Ridge,RAW,21,-2.218667,2.322966,2.071402
As_num,E1,E1_Min2_FieldOnly,Ridge,RAW,22,-0.170903,5.322181,4.034127
As_num,E1,E1_Min2_FieldOnly,Ridge,RAW,23,-5e-06,9.020347,4.735029
As_num,E1,E1_Min2_FieldOnly,Ridge,RAW,24,-0.465301,4.598634,3.614612
As_num,E1,E1_Min2_FieldOnly,Ridge,RAW,25,-0.052154,9.493517,5.040714
As_num,E1,E1_Min2_FieldOnly,Ridge,LOG1P,1,-19.066044,1.252062,1.19718
As_num,E1,E1_Min2_FieldOnly,Ridge,LOG1P,2,-0.243922,10.773082,5.64301
As_num,E1,E1_Min2_FieldOnly,Ridge,LOG1P,3,-0.124191,4.101429,2.080468
As_num,E1,E1_Min2_FieldOnly,Ridge,LOG1P,4,0.126832,1.630373,1.166296
As_num,E1,E1_Min2_FieldOnly,Ridge,LOG1P,5,-0.151013,9.803107,4.45583
As_num,E1,E1_Min2_FieldOnly,Ridge,LOG1P,6,-0.121909,4.088483,2.217874
As_num,E1,E1_Min2_FieldOnly,Ridge,LOG1P,7,0.051909,1.663581,1.388984
As_num,E1,E1_Min2_FieldOnly,Ridge,LOG1P,8,-0.210686,5.177784,2.3914
As_num,E1,E1_Min2_FieldOnly,Ridge,LOG1P,9,-0.248047,1.421295,1.222037
As_num,E1,E1_Min2_FieldOnly,Ridge,LOG1P,10,-0.277705,13.576114,7.173092
As_num,E1,E1_Min2_FieldOnly,Ridge,LOG1P,11,0.300475,0.910205,0.820688
As_num,E1,E1_Min2_FieldOnly,Ridge,LOG1P,12,-0.379614,6.687794,4.129739
As_num,E1,E1_Min2_FieldOnly,Ridge,LOG1P,13,-0.096121,9.657033,4.172763
As_num,E1,E1_Min2_FieldOnly,Ridge,LOG1P,14,-0.09366,9.374662,3.801682
As_num,E1,E1_Min2_FieldOnly,Ridge,LOG1P,15,-0.369155,1.42348,1.247759
As_num,E1,E1_Min2_FieldOnly,Ridge,LOG1P,16,0.070025,1.687864,1.205607
As_num,E1,E1_Min2_FieldOnly,Ridge,LOG1P,17,-8.027888,1.733783,1.608404
As_num,E1,E1_Min2_FieldOnly,Ridge,LOG1P,18,-0.124342,9.784492,4.342798
As_num,E1,E1_Min2_FieldOnly,Ridge,LOG1P,19,-0.238546,10.264606,5.029216
As_num,E1,E1_Min2_FieldOnly,Ridge,LOG1P,20,-0.121432,5.185402,2.528081
As_num,E1,E1_Min2_FieldOnly,Ridge,LOG1P,21,-0.155605,1.391905,1.178572
As_num,E1,E1_Min2_FieldOnly,Ridge,LOG1P,22,-0.088754,5.132088,2.502484
As_num,E1,E1_Min2_FieldOnly,Ridge,LOG1P,23,-0.083339,9.388674,3.885135
As_num,E1,E1_Min2_FieldOnly,Ridge,LOG1P,24,-0.271625,4.283957,2.524439
As_num,E1,E1_Min2_FieldOnly,Ridge,LOG1P,25,-0.095949,9.68908,4.129598
As_num,E1,E1_Min2_FieldOnly,ElasticNet,RAW,1,-164.456891,3.595319,3.462208
As_num,E1,E1_Min2_FieldOnly,ElasticNet,RAW,2,-0.162911,10.416377,6.15733
As_num,E1,E1_Min2_FieldOnly,ElasticNet,RAW,3,-0.095298,4.04838,2.882041
As_num,E1,E1_Min2_FieldOnly,ElasticNet,RAW,4,-1.274149,2.631161,2.202742
As_num,E1,E1_Min2_FieldOnly,ElasticNet,RAW,5,-0.099569,9.58153,4.957709
As_num,E1,E1_Min2_FieldOnly,ElasticNet,RAW,6,-0.239476,4.297368,3.228149
As_num,E1,E1_Min2_FieldOnly,ElasticNet,RAW,7,-2.500948,3.196772,2.70464
As_num,E1,E1_Min2_FieldOnly,ElasticNet,RAW,8,-0.364541,5.496946,4.135957
As_num,E1,E1_Min2_FieldOnly,ElasticNet,RAW,9,-3.957355,2.832657,2.556567
As_num,E1,E1_Min2_FieldOnly,ElasticNet,RAW,10,-0.218776,13.259349,7.572374
As_num,E1,E1_Min2_FieldOnly,ElasticNet,RAW,11,-3.71817,2.363874,1.996361
As_num,E1,E1_Min2_FieldOnly,ElasticNet,RAW,12,-0.260071,6.391482,4.361808
As_num,E1,E1_Min2_FieldOnly,ElasticNet,RAW,13,-0.038079,9.397874,4.586566
As_num,E1,E1_Min2_FieldOnly,ElasticNet,RAW,14,-0.009951,9.008751,4.941933
As_num,E1,E1_Min2_FieldOnly,ElasticNet,RAW,15,-4.940086,2.964978,2.821003
As_num,E1,E1_Min2_FieldOnly,ElasticNet,RAW,16,-0.279095,1.979489,1.704246
As_num,E1,E1_Min2_FieldOnly,ElasticNet,RAW,17,-49.091847,4.083996,3.778423
As_num,E1,E1_Min2_FieldOnly,ElasticNet,RAW,18,-0.070627,9.547906,4.915342
As_num,E1,E1_Min2_FieldOnly,ElasticNet,RAW,19,-0.12492,9.782435,5.453414
As_num,E1,E1_Min2_FieldOnly,ElasticNet,RAW,20,-0.223531,5.416309,3.879452
As_num,E1,E1_Min2_FieldOnly,ElasticNet,RAW,21,-2.304102,2.353594,2.135395
As_num,E1,E1_Min2_FieldOnly,ElasticNet,RAW,22,-0.160349,5.29814,4.010224
As_num,E1,E1_Min2_FieldOnly,ElasticNet,RAW,23,-0.00401,9.03839,4.764651
As_num,E1,E1_Min2_FieldOnly,ElasticNet,RAW,24,-0.418024,4.52384,3.526662
As_num,E1,E1_Min2_FieldOnly,ElasticNet,RAW,25,-0.052422,9.494726,4.958896
As_num,E1,E1_Min2_FieldOnly,ElasticNet,LOG1P,1,-15.363201,1.130653,1.101588
As_num,E1,E1_Min2_FieldOnly,ElasticNet,LOG1P,2,-0.236061,10.738988,5.614386
As_num,E1,E1_Min2_FieldOnly,ElasticNet,LOG1P,3,-0.107541,4.070943,2.06865
As_num,E1,E1_Min2_FieldOnly,ElasticNet,LOG1P,4,0.000399,1.744421,1.251446
As_num,E1,E1_Min2_FieldOnly,ElasticNet,LOG1P,5,-0.156108,9.824781,4.418875
As_num,E1,E1_Min2_FieldOnly,ElasticNet,LOG1P,6,-0.106724,4.060721,2.102127
As_num,E1,E1_Min2_FieldOnly,ElasticNet,LOG1P,7,0.060967,1.655615,1.393551
As_num,E1,E1_Min2_FieldOnly,ElasticNet,LOG1P,8,-0.207331,5.170606,2.364472
As_num,E1,E1_Min2_FieldOnly,ElasticNet,LOG1P,9,-0.131393,1.353243,1.175489
As_num,E1,E1_Min2_FieldOnly,ElasticNet,LOG1P,10,-0.28261,13.602149,7.204426
As_num,E1,E1_Min2_FieldOnly,ElasticNet,LOG1P,11,0.121565,1.019981,0.920192
As_num,E1,E1_Min2_FieldOnly,ElasticNet,LOG1P,12,-0.377825,6.683457,4.116429
As_num,E1,E1_Min2_FieldOnly,ElasticNet,LOG1P,13,-0.102117,9.683408,4.087527
As_num,E1,E1_Min2_FieldOnly,ElasticNet,LOG1P,14,-0.099594,9.400061,3.798762
As_num,E1,E1_Min2_FieldOnly,ElasticNet,LOG1P,15,-0.284862,1.378965,1.225643
As_num,E1,E1_Min2_FieldOnly,ElasticNet,LOG1P,16,-0.04772,1.791531,1.326492
As_num,E1,E1_Min2_FieldOnly,ElasticNet,LOG1P,17,-6.64091,1.59505,1.474896
As_num,E1,E1_Min2_FieldOnly,ElasticNet,LOG1P,18,-0.130878,9.812892,4.407843
As_num,E1,E1_Min2_FieldOnly,ElasticNet,LOG1P,19,-0.238578,10.264739,5.014629
As_num,E1,E1_Min2_FieldOnly,ElasticNet,LOG1P,20,-0.109716,5.158243,2.457431
As_num,E1,E1_Min2_FieldOnly,ElasticNet,LOG1P,21,-0.137841,1.381165,1.215794
As_num,E1,E1_Min2_FieldOnly,ElasticNet,LOG1P,22,-0.084094,5.121092,2.451217
As_num,E1,E1_Min2_FieldOnly,ElasticNet,LOG1P,23,-0.085434,9.397748,3.887861
As_num,E1,E1_Min2_FieldOnly,ElasticNet,LOG1P,24,-0.296014,4.324843,2.507718
As_num,E1,E1_Min2_FieldOnly,ElasticNet,LOG1P,25,-0.101476,9.713484,4.023838
As_num,E2,E2_Min3_Field_Plus_Depth,SVR_RBF,RAW,1,-2.511847,0.523797,0.480263
As_num,E2,E2_Min3_Field_Plus_Depth,SVR_RBF,RAW,2,-0.283484,10.943056,5.589129
As_num,E2,E2_Min3_Field_Plus_Depth,SVR_RBF,RAW,3,-0.18221,4.205934,1.956139
As_num,E2,E2_Min3_Field_Plus_Depth,SVR_RBF,RAW,4,-0.173596,1.890154,1.1375
As_num,E2,E2_Min3_Field_Plus_Depth,SVR_RBF,RAW,5,-0.206202,10.035376,4.254384
As_num,E2,E2_Min3_Field_Plus_Depth,SVR_RBF,RAW,6,-0.138314,4.118268,1.853849
As_num,E2,E2_Min3_Field_Plus_Depth,SVR_RBF,RAW,7,0.164439,1.561737,0.941619
As_num,E2,E2_Min3_Field_Plus_Depth,SVR_RBF,RAW,8,-0.297562,5.36034,2.535161
As_num,E2,E2_Min3_Field_Plus_Depth,SVR_RBF,RAW,9,0.210779,1.130234,0.764536
As_num,E2,E2_Min3_Field_Plus_Depth,SVR_RBF,RAW,10,-0.322347,13.811246,7.158967
As_num,E2,E2_Min3_Field_Plus_Depth,SVR_RBF,RAW,11,-0.242879,1.213255,0.797054
As_num,E2,E2_Min3_Field_Plus_Depth,SVR_RBF,RAW,12,-0.465997,6.893991,4.148615
As_num,E2,E2_Min3_Field_Plus_Depth,SVR_RBF,RAW,13,-0.158431,9.92772,3.967978
As_num,E2,E2_Min3_Field_Plus_Depth,SVR_RBF,RAW,14,-0.159456,9.652541,3.671266
As_num,E2,E2_Min3_Field_Plus_Depth,SVR_RBF,RAW,15,0.239563,1.060857,0.640203
As_num,E2,E2_Min3_Field_Plus_Depth,SVR_RBF,RAW,16,-0.298364,1.994344,1.268302
As_num,E2,E2_Min3_Field_Plus_Depth,SVR_RBF,RAW,17,-3.161934,1.177197,1.109103
As_num,E2,E2_Min3_Field_Plus_Depth,SVR_RBF,RAW,18,-0.17974,10.022645,4.132151
As_num,E2,E2_Min3_Field_Plus_Depth,SVR_RBF,RAW,19,-0.26885,10.389422,5.021481
As_num,E2,E2_Min3_Field_Plus_Depth,SVR_RBF,RAW,20,-0.130658,5.206687,2.150893
As_num,E2,E2_Min3_Field_Plus_Depth,SVR_RBF,RAW,21,0.161208,1.185856,0.823994
As_num,E2,E2_Min3_Field_Plus_Depth,SVR_RBF,RAW,22,-0.119377,5.203762,2.087394
As_num,E2,E2_Min3_Field_Plus_Depth,SVR_RBF,RAW,23,-0.110117,9.504004,3.736875
As_num,E2,E2_Min3_Field_Plus_Depth,SVR_RBF,RAW,24,-0.421728,4.529745,2.560917
As_num,E2,E2_Min3_Field_Plus_Depth,SVR_RBF,RAW,25,-0.174617,10.0308,3.968268
As_num,E2,E2_Min3_Field_Plus_Depth,SVR_RBF,LOG1P,1,-2.718198,0.538966,0.47291
As_num,E2,E2_Min3_Field_Plus_Depth,SVR_RBF,LOG1P,2,-0.283048,10.941198,5.643218
As_num,E2,E2_Min3_Field_Plus_Depth,SVR_RBF,LOG1P,3,-0.175661,4.194267,1.866135
As_num,E2,E2_Min3_Field_Plus_Depth,SVR_RBF,LOG1P,4,-0.145766,1.867609,1.124262
As_num,E2,E2_Min3_Field_Plus_Depth,SVR_RBF,LOG1P,5,-0.212633,10.062093,4.293301
As_num,E2,E2_Min3_Field_Plus_Depth,SVR_RBF,LOG1P,6,-0.132415,4.107583,1.893138
As_num,E2,E2_Min3_Field_Plus_Depth,SVR_RBF,LOG1P,7,0.154532,1.570969,0.942901
As_num,E2,E2_Min3_Field_Plus_Depth,SVR_RBF,LOG1P,8,-0.276223,5.316082,2.485287
As_num,E2,E2_Min3_Field_Plus_Depth,SVR_RBF,LOG1P,9,0.345423,1.029317,0.702597
As_num,E2,E2_Min3_Field_Plus_Depth,SVR_RBF,LOG1P,10,-0.326309,13.831923,7.128162
As_num,E2,E2_Min3_Field_Plus_Depth,SVR_RBF,LOG1P,11,-0.269805,1.226326,0.768924
As_num,E2,E2_Min3_Field_Plus_Depth,SVR_RBF,LOG1P,12,-0.436691,6.824735,4.101555
As_num,E2,E2_Min3_Field_Plus_Depth,SVR_RBF,LOG1P,13,-0.155318,9.91437,4.009655
As_num,E2,E2_Min3_Field_Plus_Depth,SVR_RBF,LOG1P,14,-0.160508,9.656919,3.775856
As_num,E2,E2_Min3_Field_Plus_Depth,SVR_RBF,LOG1P,15,0.452396,0.90024,0.569556
As_num,E2,E2_Min3_Field_Plus_Depth,SVR_RBF,LOG1P,16,-0.320977,2.011636,1.242487
As_num,E2,E2_Min3_Field_Plus_Depth,SVR_RBF,LOG1P,17,-10.062866,1.919268,1.593165
As_num,E2,E2_Min3_Field_Plus_Depth,SVR_RBF,LOG1P,18,-0.186134,10.049769,4.146936
As_num,E2,E2_Min3_Field_Plus_Depth,SVR_RBF,LOG1P,19,-0.275416,10.416268,5.013839
As_num,E2,E2_Min3_Field_Plus_Depth,SVR_RBF,LOG1P,20,-0.115753,5.172255,2.123736
As_num,E2,E2_Min3_Field_Plus_Depth,SVR_RBF,LOG1P,21,0.274025,1.103229,0.724099
As_num,E2,E2_Min3_Field_Plus_Depth,SVR_RBF,LOG1P,22,-0.108878,5.179299,2.11055
As_num,E2,E2_Min3_Field_Plus_Depth,SVR_RBF,LOG1P,23,-0.115991,9.529115,3.807203
As_num,E2,E2_Min3_Field_Plus_Depth,SVR_RBF,LOG1P,24,-0.38831,4.476192,2.511028
As_num,E2,E2_Min3_Field_Plus_Depth,SVR_RBF,LOG1P,25,-0.176142,10.037312,3.975173
As_num,E2,E2_Min3_Field_Plus_Depth,PLS,RAW,1,-327.947285,5.069419,4.33757
As_num,E2,E2_Min3_Field_Plus_Depth,PLS,RAW,2,-0.3136,11.070696,6.371042
As_num,E2,E2_Min3_Field_Plus_Depth,PLS,RAW,3,-0.081629,4.02304,2.746807
As_num,E2,E2_Min3_Field_Plus_Depth,PLS,RAW,4,-1.364015,2.682644,2.210581
As_num,E2,E2_Min3_Field_Plus_Depth,PLS,RAW,5,-0.130556,9.715599,5.107913
As_num,E2,E2_Min3_Field_Plus_Depth,PLS,RAW,6,-1.63467,6.265368,4.823316
As_num,E2,E2_Min3_Field_Plus_Depth,PLS,RAW,7,-2.680134,3.27756,2.690847
As_num,E2,E2_Min3_Field_Plus_Depth,PLS,RAW,8,-0.396925,5.561794,4.205218
As_num,E2,E2_Min3_Field_Plus_Depth,PLS,RAW,9,-4.151969,2.887723,2.561738
As_num,E2,E2_Min3_Field_Plus_Depth,PLS,RAW,10,-0.234406,13.344096,7.45535
As_num,E2,E2_Min3_Field_Plus_Depth,PLS,RAW,11,-3.773226,2.377626,1.979305
As_num,E2,E2_Min3_Field_Plus_Depth,PLS,RAW,12,-0.278689,6.438529,4.341554
As_num,E2,E2_Min3_Field_Plus_Depth,PLS,RAW,13,-0.283466,10.449769,6.221913
As_num,E2,E2_Min3_Field_Plus_Depth,PLS,RAW,14,-0.110414,9.446196,4.568433
As_num,E2,E2_Min3_Field_Plus_Depth,PLS,RAW,15,-5.25258,3.041969,2.867545
As_num,E2,E2_Min3_Field_Plus_Depth,PLS,RAW,16,-0.523733,2.16051,1.756351
As_num,E2,E2_Min3_Field_Plus_Depth,PLS,RAW,17,-71.640734,4.918038,4.542676
As_num,E2,E2_Min3_Field_Plus_Depth,PLS,RAW,18,-0.13532,9.832145,5.474016
As_num,E2,E2_Min3_Field_Plus_Depth,PLS,RAW,19,-0.202115,10.112517,5.326258
As_num,E2,E2_Min3_Field_Plus_Depth,PLS,RAW,20,-0.786046,6.543984,4.730288
As_num,E2,E2_Min3_Field_Plus_Depth,PLS,RAW,21,-2.142719,2.295396,2.034972
As_num,E2,E2_Min3_Field_Plus_Depth,PLS,RAW,22,-0.188371,5.361732,4.062244
As_num,E2,E2_Min3_Field_Plus_Depth,PLS,RAW,23,-0.165587,9.738554,4.83767
As_num,E2,E2_Min3_Field_Plus_Depth,PLS,RAW,24,-2.090694,6.678724,5.301405
As_num,E2,E2_Min3_Field_Plus_Depth,PLS,RAW,25,-0.111472,9.757457,5.022829
As_num,E2,E2_Min3_Field_Plus_Depth,PLS,LOG1P,1,-40.535863,1.801385,1.490243
As_num,E2,E2_Min3_Field_Plus_Depth,PLS,LOG1P,2,-0.289206,10.967423,5.811029
As_num,E2,E2_Min3_Field_Plus_Depth,PLS,LOG1P,3,-0.123442,4.100063,2.084143
As_num,E2,E2_Min3_Field_Plus_Depth,PLS,LOG1P,4,0.123682,1.633311,1.164595
As_num,E2,E2_Min3_Field_Plus_Depth,PLS,LOG1P,5,-0.153508,9.813727,4.454821
As_num,E2,E2_Min3_Field_Plus_Depth,PLS,LOG1P,6,-0.491671,4.71433,2.946458
As_num,E2,E2_Min3_Field_Plus_Depth,PLS,LOG1P,7,-0.045633,1.747063,1.488554
As_num,E2,E2_Min3_Field_Plus_Depth,PLS,LOG1P,8,-0.208472,5.173049,2.392621
As_num,E2,E2_Min3_Field_Plus_Depth,PLS,LOG1P,9,-0.254436,1.424929,1.231912
As_num,E2,E2_Min3_Field_Plus_Depth,PLS,LOG1P,10,-0.284115,13.610127,7.139534
As_num,E2,E2_Min3_Field_Plus_Depth,PLS,LOG1P,11,0.273845,0.927368,0.834498
As_num,E2,E2_Min3_Field_Plus_Depth,PLS,LOG1P,12,-0.38027,6.689385,4.132519
As_num,E2,E2_Min3_Field_Plus_Depth,PLS,LOG1P,13,-0.116643,9.747013,4.3983
As_num,E2,E2_Min3_Field_Plus_Depth,PLS,LOG1P,14,-0.135772,9.553448,3.752009
As_num,E2,E2_Min3_Field_Plus_Depth,PLS,LOG1P,15,-0.441471,1.460589,1.311504
As_num,E2,E2_Min3_Field_Plus_Depth,PLS,LOG1P,16,0.027906,1.725663,1.239843
As_num,E2,E2_Min3_Field_Plus_Depth,PLS,LOG1P,17,-20.230889,2.658801,2.363215
As_num,E2,E2_Min3_Field_Plus_Depth,PLS,LOG1P,18,-0.135254,9.831861,4.403356
As_num,E2,E2_Min3_Field_Plus_Depth,PLS,LOG1P,19,-0.261365,10.358733,4.994628
As_num,E2,E2_Min3_Field_Plus_Depth,PLS,LOG1P,20,-0.163509,5.281787,2.680666
As_num,E2,E2_Min3_Field_Plus_Depth,PLS,LOG1P,21,-0.1571,1.392805,1.178262
As_num,E2,E2_Min3_Field_Plus_Depth,PLS,LOG1P,22,-0.088208,5.130799,2.500968
As_num,E2,E2_Min3_Field_Plus_Depth,PLS,LOG1P,23,-0.133835,9.604996,3.969396
As_num,E2,E2_Min3_Field_Plus_Depth,PLS,LOG1P,24,-0.44129,4.560802,2.941945
As_num,E2,E2_Min3_Field_Plus_Depth,PLS,LOG1P,25,-0.102311,9.717162,4.141535
As_num,E2,E2_Min3_Field_Plus_Depth,Lasso,RAW,1,-288.411606,4.755027,4.163611
As_num,E2,E2_Min3_Field_Plus_Depth,Lasso,RAW,2,-0.278903,10.923509,6.340534
As_num,E2,E2_Min3_Field_Plus_Depth,Lasso,RAW,3,-0.106191,4.068461,2.906824
As_num,E2,E2_Min3_Field_Plus_Depth,Lasso,RAW,4,-1.279711,2.634376,2.203316
As_num,E2,E2_Min3_Field_Plus_Depth,Lasso,RAW,5,-0.128734,9.707768,5.03943
As_num,E2,E2_Min3_Field_Plus_Depth,Lasso,RAW,6,-1.362802,5.933311,4.530897
As_num,E2,E2_Min3_Field_Plus_Depth,Lasso,RAW,7,-2.574782,3.230305,2.728716
As_num,E2,E2_Min3_Field_Plus_Depth,Lasso,RAW,8,-0.377207,5.5224,4.161942
As_num,E2,E2_Min3_Field_Plus_Depth,Lasso,RAW,9,-3.934096,2.826004,2.552725
As_num,E2,E2_Min3_Field_Plus_Depth,Lasso,RAW,10,-0.233211,13.337637,7.539641
As_num,E2,E2_Min3_Field_Plus_Depth,Lasso,RAW,11,-3.687132,2.356085,1.999407
As_num,E2,E2_Min3_Field_Plus_Depth,Lasso,RAW,12,-0.274896,6.428971,4.364335
As_num,E2,E2_Min3_Field_Plus_Depth,Lasso,RAW,13,-0.236711,10.257664,5.886958
As_num,E2,E2_Min3_Field_Plus_Depth,Lasso,RAW,14,-0.096301,9.385975,4.610143
As_num,E2,E2_Min3_Field_Plus_Depth,Lasso,RAW,15,-4.913566,2.958352,2.816863
As_num,E2,E2_Min3_Field_Plus_Depth,Lasso,RAW,16,-0.359556,2.040799,1.749851
As_num,E2,E2_Min3_Field_Plus_Depth,Lasso,RAW,17,-67.992798,4.792958,4.445557
As_num,E2,E2_Min3_Field_Plus_Depth,Lasso,RAW,18,-0.114973,9.743643,5.385137
As_num,E2,E2_Min3_Field_Plus_Depth,Lasso,RAW,19,-0.178131,10.011129,5.375357
As_num,E2,E2_Min3_Field_Plus_Depth,Lasso,RAW,20,-0.659421,6.307746,4.470207
As_num,E2,E2_Min3_Field_Plus_Depth,Lasso,RAW,21,-2.32582,2.361316,2.150023
As_num,E2,E2_Min3_Field_Plus_Depth,Lasso,RAW,22,-0.170581,5.321448,4.018969
As_num,E2,E2_Min3_Field_Plus_Depth,Lasso,RAW,23,-0.131277,9.594151,4.844696
As_num,E2,E2_Min3_Field_Plus_Depth,Lasso,RAW,24,-1.768971,6.321566,4.956691
As_num,E2,E2_Min3_Field_Plus_Depth,Lasso,RAW,25,-0.106232,9.73443,4.967292
As_num,E2,E2_Min3_Field_Plus_Depth,Lasso,LOG1P,1,-13.930366,1.080016,1.056153
As_num,E2,E2_Min3_Field_Plus_Depth,Lasso,LOG1P,2,-0.23878,10.750793,5.616101
As_num,E2,E2_Min3_Field_Plus_Depth,Lasso,LOG1P,3,-0.093824,4.045655,2.067679
As_num,E2,E2_Min3_Field_Plus_Depth,Lasso,LOG1P,4,-0.08175,1.814686,1.297159
As_num,E2,E2_Min3_Field_Plus_Depth,Lasso,LOG1P,5,-0.158606,9.835389,4.376855
As_num,E2,E2_Min3_Field_Plus_Depth,Lasso,LOG1P,6,-0.120757,4.086383,2.157908
As_num,E2,E2_Min3_Field_Plus_Depth,Lasso,LOG1P,7,0.027514,1.684847,1.414544
As_num,E2,E2_Min3_Field_Plus_Depth,Lasso,LOG1P,8,-0.202618,5.160505,2.378449
As_num,E2,E2_Min3_Field_Plus_Depth,Lasso,LOG1P,9,-0.073651,1.318258,1.154945
As_num,E2,E2_Min3_Field_Plus_Depth,Lasso,LOG1P,10,-0.28261,13.602149,7.204426
As_num,E2,E2_Min3_Field_Plus_Depth,Lasso,LOG1P,11,0.001905,1.087235,0.964739
As_num,E2,E2_Min3_Field_Plus_Depth,Lasso,LOG1P,12,-0.373862,6.673839,4.108481
As_num,E2,E2_Min3_Field_Plus_Depth,Lasso,LOG1P,13,-0.110797,9.721465,4.072505
As_num,E2,E2_Min3_Field_Plus_Depth,Lasso,LOG1P,14,-0.101674,9.408948,3.834375
As_num,E2,E2_Min3_Field_Plus_Depth,Lasso,LOG1P,15,-0.258175,1.364569,1.232061
As_num,E2,E2_Min3_Field_Plus_Depth,Lasso,LOG1P,16,-0.089182,1.826635,1.352142
As_num,E2,E2_Min3_Field_Plus_Depth,Lasso,LOG1P,17,-6.928867,1.624828,1.512069
As_num,E2,E2_Min3_Field_Plus_Depth,Lasso,LOG1P,18,-0.12855,9.802786,4.397887
As_num,E2,E2_Min3_Field_Plus_Depth,Lasso,LOG1P,19,-0.237876,10.26183,5.010795
As_num,E2,E2_Min3_Field_Plus_Depth,Lasso,LOG1P,20,-0.096769,5.128065,2.4488
As_num,E2,E2_Min3_Field_Plus_Depth,Lasso,LOG1P,21,-0.115874,1.367768,1.227173
As_num,E2,E2_Min3_Field_Plus_Depth,Lasso,LOG1P,22,-0.074583,5.098578,2.425223
As_num,E2,E2_Min3_Field_Plus_Depth,Lasso,LOG1P,23,-0.089261,9.414301,3.911184
As_num,E2,E2_Min3_Field_Plus_Depth,Lasso,LOG1P,24,-0.320012,4.364701,2.548173
As_num,E2,E2_Min3_Field_Plus_Depth,Lasso,LOG1P,25,-0.107666,9.740737,4.006565
As_num,E2,E2_Min3_Field_Plus_Depth,Ridge,RAW,1,-309.675571,4.926614,4.258813
As_num,E2,E2_Min3_Field_Plus_Depth,Ridge,RAW,2,-0.303265,11.02706,6.36051
As_num,E2,E2_Min3_Field_Plus_Depth,Ridge,RAW,3,-0.082763,4.025147,2.772481
As_num,E2,E2_Min3_Field_Plus_Depth,Ridge,RAW,4,-1.419621,2.714011,2.210406
As_num,E2,E2_Min3_Field_Plus_Depth,Ridge,RAW,5,-0.126877,9.699778,5.091297
As_num,E2,E2_Min3_Field_Plus_Depth,Ridge,RAW,6,-1.508576,6.1136,4.698986
As_num,E2,E2_Min3_Field_Plus_Depth,Ridge,RAW,7,-2.80175,3.331276,2.752625
As_num,E2,E2_Min3_Field_Plus_Depth,Ridge,RAW,8,-0.386514,5.541029,4.181394
As_num,E2,E2_Min3_Field_Plus_Depth,Ridge,RAW,9,-4.037058,2.855337,2.550161
As_num,E2,E2_Min3_Field_Plus_Depth,Ridge,RAW,10,-0.233143,13.337271,7.459323
As_num,E2,E2_Min3_Field_Plus_Depth,Ridge,RAW,11,-4.021443,2.438663,1.98082
As_num,E2,E2_Min3_Field_Plus_Depth,Ridge,RAW,12,-0.277255,6.434917,4.349022
As_num,E2,E2_Min3_Field_Plus_Depth,Ridge,RAW,13,-0.259386,10.351276,6.11225
As_num,E2,E2_Min3_Field_Plus_Depth,Ridge,RAW,14,-0.109953,9.444235,4.567241
As_num,E2,E2_Min3_Field_Plus_Depth,Ridge,RAW,15,-5.192852,3.027405,2.862792
As_num,E2,E2_Min3_Field_Plus_Depth,Ridge,RAW,16,-0.434302,2.096149,1.726239
As_num,E2,E2_Min3_Field_Plus_Depth,Ridge,RAW,17,-71.761074,4.92211,4.559326
As_num,E2,E2_Min3_Field_Plus_Depth,Ridge,RAW,18,-0.132307,9.819088,5.467293
As_num,E2,E2_Min3_Field_Plus_Depth,Ridge,RAW,19,-0.194003,10.078338,5.341643
As_num,E2,E2_Min3_Field_Plus_Depth,Ridge,RAW,20,-0.74609,6.470372,4.641375
As_num,E2,E2_Min3_Field_Plus_Depth,Ridge,RAW,21,-2.213622,2.321145,2.07084
As_num,E2,E2_Min3_Field_Plus_Depth,Ridge,RAW,22,-0.182032,5.347414,4.048077
As_num,E2,E2_Min3_Field_Plus_Depth,Ridge,RAW,23,-0.154153,9.690672,4.842573
As_num,E2,E2_Min3_Field_Plus_Depth,Ridge,RAW,24,-1.950165,6.525122,5.15911
As_num,E2,E2_Min3_Field_Plus_Depth,Ridge,RAW,25,-0.106633,9.736194,4.995203
As_num,E2,E2_Min3_Field_Plus_Depth,Ridge,LOG1P,1,-37.090342,1.725053,1.451871
As_num,E2,E2_Min3_Field_Plus_Depth,Ridge,LOG1P,2,-0.286067,10.954063,5.792389
As_num,E2,E2_Min3_Field_Plus_Depth,Ridge,LOG1P,3,-0.121659,4.096807,2.075281
As_num,E2,E2_Min3_Field_Plus_Depth,Ridge,LOG1P,4,0.138073,1.619844,1.157047
As_num,E2,E2_Min3_Field_Plus_Depth,Ridge,LOG1P,5,-0.153591,9.814081,4.449655
As_num,E2,E2_Min3_Field_Plus_Depth,Ridge,LOG1P,6,-0.453365,4.653405,2.893091
As_num,E2,E2_Min3_Field_Plus_Depth,Ridge,LOG1P,7,-0.038076,1.740738,1.470606
As_num,E2,E2_Min3_Field_Plus_Depth,Ridge,LOG1P,8,-0.20806,5.172167,2.389532
As_num,E2,E2_Min3_Field_Plus_Depth,Ridge,LOG1P,9,-0.239939,1.416672,1.226669
As_num,E2,E2_Min3_Field_Plus_Depth,Ridge,LOG1P,10,-0.282968,13.604049,7.133089
As_num,E2,E2_Min3_Field_Plus_Depth,Ridge,LOG1P,11,0.297124,0.912382,0.822998
As_num,E2,E2_Min3_Field_Plus_Depth,Ridge,LOG1P,12,-0.380059,6.688874,4.129925
As_num,E2,E2_Min3_Field_Plus_Depth,Ridge,LOG1P,13,-0.119703,9.760359,4.400612
As_num,E2,E2_Min3_Field_Plus_Depth,Ridge,LOG1P,14,-0.135658,9.552966,3.752823
As_num,E2,E2_Min3_Field_Plus_Depth,Ridge,LOG1P,15,-0.430161,1.454848,1.307875
As_num,E2,E2_Min3_Field_Plus_Depth,Ridge,LOG1P,16,0.04562,1.709867,1.227121
As_num,E2,E2_Min3_Field_Plus_Depth,Ridge,LOG1P,17,-18.904939,2.574436,2.29213
As_num,E2,E2_Min3_Field_Plus_Depth,Ridge,LOG1P,18,-0.133553,9.824489,4.392668
As_num,E2,E2_Min3_Field_Plus_Depth,Ridge,LOG1P,19,-0.259157,10.349663,4.996942
As_num,E2,E2_Min3_Field_Plus_Depth,Ridge,LOG1P,20,-0.168642,5.293424,2.699053
As_num,E2,E2_Min3_Field_Plus_Depth,Ridge,LOG1P,21,-0.152358,1.389948,1.179451
As_num,E2,E2_Min3_Field_Plus_Depth,Ridge,LOG1P,22,-0.087086,5.128155,2.495246
As_num,E2,E2_Min3_Field_Plus_Depth,Ridge,LOG1P,23,-0.130947,9.592753,3.961619
As_num,E2,E2_Min3_Field_Plus_Depth,Ridge,LOG1P,24,-0.424026,4.533404,2.910792
As_num,E2,E2_Min3_Field_Plus_Depth,Ridge,LOG1P,25,-0.098511,9.7004,4.128722
As_num,E2,E2_Min3_Field_Plus_Depth,ElasticNet,RAW,1,-289.474935,4.763754,4.168993
As_num,E2,E2_Min3_Field_Plus_Depth,ElasticNet,RAW,2,-0.281694,10.935422,6.340705
As_num,E2,E2_Min3_Field_Plus_Depth,ElasticNet,RAW,3,-0.094191,4.046333,2.858916
As_num,E2,E2_Min3_Field_Plus_Depth,ElasticNet,RAW,4,-1.274149,2.631161,2.202742
As_num,E2,E2_Min3_Field_Plus_Depth,ElasticNet,RAW,5,-0.125292,9.692956,5.046705
As_num,E2,E2_Min3_Field_Plus_Depth,ElasticNet,RAW,6,-1.350191,5.917456,4.523654
As_num,E2,E2_Min3_Field_Plus_Depth,ElasticNet,RAW,7,-2.612328,3.247225,2.728267
As_num,E2,E2_Min3_Field_Plus_Depth,ElasticNet,RAW,8,-0.362937,5.493716,4.122513
As_num,E2,E2_Min3_Field_Plus_Depth,ElasticNet,RAW,9,-3.938316,2.827212,2.55036
As_num,E2,E2_Min3_Field_Plus_Depth,ElasticNet,RAW,10,-0.234897,13.346753,7.530405
As_num,E2,E2_Min3_Field_Plus_Depth,ElasticNet,RAW,11,-3.718192,2.363879,1.996358
As_num,E2,E2_Min3_Field_Plus_Depth,ElasticNet,RAW,12,-0.270521,6.417932,4.361322
As_num,E2,E2_Min3_Field_Plus_Depth,ElasticNet,RAW,13,-0.230527,10.23199,5.881213
As_num,E2,E2_Min3_Field_Plus_Depth,ElasticNet,RAW,14,-0.097456,9.390917,4.605784
As_num,E2,E2_Min3_Field_Plus_Depth,ElasticNet,RAW,15,-4.996921,2.979129,2.832702
As_num,E2,E2_Min3_Field_Plus_Depth,ElasticNet,RAW,16,-0.387226,2.061462,1.754077
As_num,E2,E2_Min3_Field_Plus_Depth,ElasticNet,RAW,17,-66.843756,4.752878,4.416684
As_num,E2,E2_Min3_Field_Plus_Depth,ElasticNet,RAW,18,-0.118374,9.758493,5.40057
As_num,E2,E2_Min3_Field_Plus_Depth,ElasticNet,RAW,19,-0.181993,10.027525,5.370831
As_num,E2,E2_Min3_Field_Plus_Depth,ElasticNet,RAW,20,-0.657665,6.304407,4.47373
As_num,E2,E2_Min3_Field_Plus_Depth,ElasticNet,RAW,21,-2.304102,2.353594,2.135395
As_num,E2,E2_Min3_Field_Plus_Depth,ElasticNet,RAW,22,-0.169356,5.318664,4.021942
As_num,E2,E2_Min3_Field_Plus_Depth,ElasticNet,RAW,23,-0.134254,9.60677,4.853773
As_num,E2,E2_Min3_Field_Plus_Depth,ElasticNet,RAW,24,-1.738026,6.286143,4.92077
As_num,E2,E2_Min3_Field_Plus_Depth,ElasticNet,RAW,25,-0.102348,9.717327,4.968421
As_num,E2,E2_Min3_Field_Plus_Depth,ElasticNet,LOG1P,1,-18.624468,1.238209,1.174317
As_num,E2,E2_Min3_Field_Plus_Depth,ElasticNet,LOG1P,2,-0.25625,10.826334,5.664931
As_num,E2,E2_Min3_Field_Plus_Depth,ElasticNet,LOG1P,3,-0.107541,4.070943,2.06865
As_num,E2,E2_Min3_Field_Plus_Depth,ElasticNet,LOG1P,4,0.000399,1.744421,1.251446
As_num,E2,E2_Min3_Field_Plus_Depth,ElasticNet,LOG1P,5,-0.156108,9.824781,4.418875
As_num,E2,E2_Min3_Field_Plus_Depth,ElasticNet,LOG1P,6,-0.205713,4.238434,2.410491
As_num,E2,E2_Min3_Field_Plus_Depth,ElasticNet,LOG1P,7,0.057856,1.658355,1.396073
As_num,E2,E2_Min3_Field_Plus_Depth,ElasticNet,LOG1P,8,-0.207331,5.170606,2.364472
As_num,E2,E2_Min3_Field_Plus_Depth,ElasticNet,LOG1P,9,-0.131393,1.353243,1.175489
As_num,E2,E2_Min3_Field_Plus_Depth,ElasticNet,LOG1P,10,-0.283213,13.605347,7.202881
As_num,E2,E2_Min3_Field_Plus_Depth,ElasticNet,LOG1P,11,0.121565,1.019981,0.920192
As_num,E2,E2_Min3_Field_Plus_Depth,ElasticNet,LOG1P,12,-0.377825,6.683457,4.116429
As_num,E2,E2_Min3_Field_Plus_Depth,ElasticNet,LOG1P,13,-0.105752,9.699363,4.129365
As_num,E2,E2_Min3_Field_Plus_Depth,ElasticNet,LOG1P,14,-0.117876,9.477883,3.792103
As_num,E2,E2_Min3_Field_Plus_Depth,ElasticNet,LOG1P,15,-0.290032,1.381737,1.231495
As_num,E2,E2_Min3_Field_Plus_Depth,ElasticNet,LOG1P,16,-0.04772,1.791531,1.326492
As_num,E2,E2_Min3_Field_Plus_Depth,ElasticNet,LOG1P,17,-11.215706,2.016792,1.834197
As_num,E2,E2_Min3_Field_Plus_Depth,ElasticNet,LOG1P,18,-0.133388,9.823777,4.419966
As_num,E2,E2_Min3_Field_Plus_Depth,ElasticNet,LOG1P,19,-0.244212,10.288058,5.005555
As_num,E2,E2_Min3_Field_Plus_Depth,ElasticNet,LOG1P,20,-0.11047,5.159997,2.458837
As_num,E2,E2_Min3_Field_Plus_Depth,ElasticNet,LOG1P,21,-0.137841,1.381165,1.215794
As_num,E2,E2_Min3_Field_Plus_Depth,ElasticNet,LOG1P,22,-0.084094,5.121092,2.451217
As_num,E2,E2_Min3_Field_Plus_Depth,ElasticNet,LOG1P,23,-0.107574,9.493111,3.915656
As_num,E2,E2_Min3_Field_Plus_Depth,ElasticNet,LOG1P,24,-0.333428,4.386824,2.656229
As_num,E2,E2_Min3_Field_Plus_Depth,ElasticNet,LOG1P,25,-0.101476,9.713484,4.023838
As_num,E3,E3_Min4_Field_Depth_LogSalinity,SVR_RBF,RAW,1,-1.08028,0.40314,0.379566
As_num,E3,E3_Min4_Field_Depth_LogSalinity,SVR_RBF,RAW,2,-0.270585,10.887928,5.563333
As_num,E3,E3_Min4_Field_Depth_LogSalinity,SVR_RBF,RAW,3,-0.172303,4.188275,1.933996
As_num,E3,E3_Min4_Field_Depth_LogSalinity,SVR_RBF,RAW,4,-0.155561,1.875575,1.110299
As_num,E3,E3_Min4_Field_Depth_LogSalinity,SVR_RBF,RAW,5,-0.196571,9.99523,4.220014
As_num,E3,E3_Min4_Field_Depth_LogSalinity,SVR_RBF,RAW,6,-0.135765,4.113653,1.834769
As_num,E3,E3_Min4_Field_Depth_LogSalinity,SVR_RBF,RAW,7,0.150507,1.574703,1.015036
As_num,E3,E3_Min4_Field_Depth_LogSalinity,SVR_RBF,RAW,8,-0.283415,5.331038,2.531043
As_num,E3,E3_Min4_Field_Depth_LogSalinity,SVR_RBF,RAW,9,0.16505,1.162517,0.768374
As_num,E3,E3_Min4_Field_Depth_LogSalinity,SVR_RBF,RAW,10,-0.319595,13.796868,7.175369
As_num,E3,E3_Min4_Field_Depth_LogSalinity,SVR_RBF,RAW,11,-0.260626,1.221886,0.837528
As_num,E3,E3_Min4_Field_Depth_LogSalinity,SVR_RBF,RAW,12,-0.453607,6.864796,4.099284
As_num,E3,E3_Min4_Field_Depth_LogSalinity,SVR_RBF,RAW,13,-0.158208,9.926766,3.927836
As_num,E3,E3_Min4_Field_Depth_LogSalinity,SVR_RBF,RAW,14,-0.149106,9.609362,3.664798
As_num,E3,E3_Min4_Field_Depth_LogSalinity,SVR_RBF,RAW,15,0.265987,1.042262,0.625574
As_num,E3,E3_Min4_Field_Depth_LogSalinity,SVR_RBF,RAW,16,-0.278669,1.97916,1.28363
As_num,E3,E3_Min4_Field_Depth_LogSalinity,SVR_RBF,RAW,17,-2.682587,1.107333,1.016437
As_num,E3,E3_Min4_Field_Depth_LogSalinity,SVR_RBF,RAW,18,-0.171421,9.987243,4.121505
As_num,E3,E3_Min4_Field_Depth_LogSalinity,SVR_RBF,RAW,19,-0.262927,10.365143,4.971885
As_num,E3,E3_Min4_Field_Depth_LogSalinity,SVR_RBF,RAW,20,-0.127321,5.199,2.19588
As_num,E3,E3_Min4_Field_Depth_LogSalinity,SVR_RBF,RAW,21,0.144344,1.197718,0.812945
As_num,E3,E3_Min4_Field_Depth_LogSalinity,SVR_RBF,RAW,22,-0.115289,5.19425,2.080271
As_num,E3,E3_Min4_Field_Depth_LogSalinity,SVR_RBF,RAW,23,-0.114128,9.521156,3.78485
As_num,E3,E3_Min4_Field_Depth_LogSalinity,SVR_RBF,RAW,24,-0.414313,4.517918,2.543774
As_num,E3,E3_Min4_Field_Depth_LogSalinity,SVR_RBF,RAW,25,-0.17091,10.014961,3.96746
As_num,E3,E3_Min4_Field_Depth_LogSalinity,SVR_RBF,LOG1P,1,-0.851244,0.3803,0.359185
As_num,E3,E3_Min4_Field_Depth_LogSalinity,SVR_RBF,LOG1P,2,-0.260661,10.845323,5.564078
As_num,E3,E3_Min4_Field_Depth_LogSalinity,SVR_RBF,LOG1P,3,-0.141635,4.133126,1.800349
As_num,E3,E3_Min4_Field_Depth_LogSalinity,SVR_RBF,LOG1P,4,-0.173849,1.890358,1.135702
As_num,E3,E3_Min4_Field_Depth_LogSalinity,SVR_RBF,LOG1P,5,-0.202479,10.019877,4.255389
As_num,E3,E3_Min4_Field_Depth_LogSalinity,SVR_RBF,LOG1P,6,-0.119603,4.08428,1.809466
As_num,E3,E3_Min4_Field_Depth_LogSalinity,SVR_RBF,LOG1P,7,0.12327,1.599748,0.979271
As_num,E3,E3_Min4_Field_Depth_LogSalinity,SVR_RBF,LOG1P,8,-0.282066,5.328235,2.471723
As_num,E3,E3_Min4_Field_Depth_LogSalinity,SVR_RBF,LOG1P,9,0.229214,1.116956,0.723506
As_num,E3,E3_Min4_Field_Depth_LogSalinity,SVR_RBF,LOG1P,10,-0.322421,13.811634,7.145982
As_num,E3,E3_Min4_Field_Depth_LogSalinity,SVR_RBF,LOG1P,11,-0.211223,1.197704,0.758876
As_num,E3,E3_Min4_Field_Depth_LogSalinity,SVR_RBF,LOG1P,12,-0.441688,6.836594,4.091607
As_num,E3,E3_Min4_Field_Depth_LogSalinity,SVR_RBF,LOG1P,13,-0.153364,9.905986,3.986163
As_num,E3,E3_Min4_Field_Depth_LogSalinity,SVR_RBF,LOG1P,14,-0.140353,9.572691,3.670205
As_num,E3,E3_Min4_Field_Depth_LogSalinity,SVR_RBF,LOG1P,15,0.549484,0.816545,0.532912
As_num,E3,E3_Min4_Field_Depth_LogSalinity,SVR_RBF,LOG1P,16,-0.2962,1.992681,1.246296
As_num,E3,E3_Min4_Field_Depth_LogSalinity,SVR_RBF,LOG1P,17,-7.363818,1.668799,1.279084
As_num,E3,E3_Min4_Field_Depth_LogSalinity,SVR_RBF,LOG1P,18,-0.171623,9.988106,4.081999
As_num,E3,E3_Min4_Field_Depth_LogSalinity,SVR_RBF,LOG1P,19,-0.252466,10.322125,4.919021
As_num,E3,E3_Min4_Field_Depth_LogSalinity,SVR_RBF,LOG1P,20,-0.115436,5.171521,2.191764
As_num,E3,E3_Min4_Field_Depth_LogSalinity,SVR_RBF,LOG1P,21,0.252238,1.119661,0.708482
As_num,E3,E3_Min4_Field_Depth_LogSalinity,SVR_RBF,LOG1P,22,-0.103663,5.167107,2.118
As_num,E3,E3_Min4_Field_Depth_LogSalinity,SVR_RBF,LOG1P,23,-0.121606,9.553054,3.881765
As_num,E3,E3_Min4_Field_Depth_LogSalinity,SVR_RBF,LOG1P,24,-0.396234,4.488948,2.505384
As_num,E3,E3_Min4_Field_Depth_LogSalinity,SVR_RBF,LOG1P,25,-0.171962,10.019457,3.95281
As_num,E3,E3_Min4_Field_Depth_LogSalinity,PLS,RAW,1,-319.158226,5.001236,4.326558
As_num,E3,E3_Min4_Field_Depth_LogSalinity,PLS,RAW,2,-0.264857,10.863356,6.299246
As_num,E3,E3_Min4_Field_Depth_LogSalinity,PLS,RAW,3,-0.095244,4.048281,2.803276
As_num,E3,E3_Min4_Field_Depth_LogSalinity,PLS,RAW,4,-1.563413,2.793491,2.284763
As_num,E3,E3_Min4_Field_Depth_LogSalinity,PLS,RAW,5,-0.131431,9.719358,5.225089
As_num,E3,E3_Min4_Field_Depth_LogSalinity,PLS,RAW,6,-1.617173,6.244529,4.817351
As_num,E3,E3_Min4_Field_Depth_LogSalinity,PLS,RAW,7,-2.525512,3.207967,2.559286
As_num,E3,E3_Min4_Field_Depth_LogSalinity,PLS,RAW,8,-0.426793,5.620938,4.302162
As_num,E3,E3_Min4_Field_Depth_LogSalinity,PLS,RAW,9,-4.771516,3.056426,2.706396
As_num,E3,E3_Min4_Field_Depth_LogSalinity,PLS,RAW,10,-0.233862,13.341157,7.462687
As_num,E3,E3_Min4_Field_Depth_LogSalinity,PLS,RAW,11,-4.672315,2.591896,2.146857
As_num,E3,E3_Min4_Field_Depth_LogSalinity,PLS,RAW,12,-0.278545,6.438166,4.434223
As_num,E3,E3_Min4_Field_Depth_LogSalinity,PLS,RAW,13,-0.275061,10.415495,6.227864
As_num,E3,E3_Min4_Field_Depth_LogSalinity,PLS,RAW,14,-0.07857,9.309763,4.597567
As_num,E3,E3_Min4_Field_Depth_LogSalinity,PLS,RAW,15,-5.751697,3.161052,2.982209
As_num,E3,E3_Min4_Field_Depth_LogSalinity,PLS,RAW,16,-0.645828,2.245401,1.797222
As_num,E3,E3_Min4_Field_Depth_LogSalinity,PLS,RAW,17,-81.43202,5.239016,4.895992
As_num,E3,E3_Min4_Field_Depth_LogSalinity,PLS,RAW,18,-0.125895,9.791249,5.402153
As_num,E3,E3_Min4_Field_Depth_LogSalinity,PLS,RAW,19,-0.17164,9.983512,5.335934
As_num,E3,E3_Min4_Field_Depth_LogSalinity,PLS,RAW,20,-0.80356,6.575991,4.71023
As_num,E3,E3_Min4_Field_Depth_LogSalinity,PLS,RAW,21,-2.870538,2.547361,2.12945
As_num,E3,E3_Min4_Field_Depth_LogSalinity,PLS,RAW,22,-0.208787,5.407595,4.112126
As_num,E3,E3_Min4_Field_Depth_LogSalinity,PLS,RAW,23,-0.126258,9.572846,4.748832
As_num,E3,E3_Min4_Field_Depth_LogSalinity,PLS,RAW,24,-2.037612,6.621123,5.173022
As_num,E3,E3_Min4_Field_Depth_LogSalinity,PLS,RAW,25,-0.101085,9.711757,5.20494
As_num,E3,E3_Min4_Field_Depth_LogSalinity,PLS,LOG1P,1,-35.343765,1.685039,1.447906
As_num,E3,E3_Min4_Field_Depth_LogSalinity,PLS,LOG1P,2,-0.277951,10.919444,5.732809
As_num,E3,E3_Min4_Field_Depth_LogSalinity,PLS,LOG1P,3,-0.124889,4.102702,2.113594
As_num,E3,E3_Min4_Field_Depth_LogSalinity,PLS,LOG1P,4,0.122378,1.634525,1.149857
As_num,E3,E3_Min4_Field_Depth_LogSalinity,PLS,LOG1P,5,-0.151248,9.804106,4.481831
As_num,E3,E3_Min4_Field_Depth_LogSalinity,PLS,LOG1P,6,-0.4552,4.656341,2.909099
As_num,E3,E3_Min4_Field_Depth_LogSalinity,PLS,LOG1P,7,-0.027973,1.732246,1.436169
As_num,E3,E3_Min4_Field_Depth_LogSalinity,PLS,LOG1P,8,-0.208054,5.172153,2.402453
As_num,E3,E3_Min4_Field_Depth_LogSalinity,PLS,LOG1P,9,-0.387431,1.498561,1.30174
As_num,E3,E3_Min4_Field_Depth_LogSalinity,PLS,LOG1P,10,-0.285064,13.615157,7.150954
As_num,E3,E3_Min4_Field_Depth_LogSalinity,PLS,LOG1P,11,0.268163,0.930989,0.826956
As_num,E3,E3_Min4_Field_Depth_LogSalinity,PLS,LOG1P,12,-0.38037,6.689627,4.161618
As_num,E3,E3_Min4_Field_Depth_LogSalinity,PLS,LOG1P,13,-0.116567,9.746684,4.343532
As_num,E3,E3_Min4_Field_Depth_LogSalinity,PLS,LOG1P,14,-0.127224,9.517426,3.772504
As_num,E3,E3_Min4_Field_Depth_LogSalinity,PLS,LOG1P,15,-0.565122,1.521946,1.346523
As_num,E3,E3_Min4_Field_Depth_LogSalinity,PLS,LOG1P,16,0.032708,1.721395,1.253374
As_num,E3,E3_Min4_Field_Depth_LogSalinity,PLS,LOG1P,17,-19.45411,2.609709,2.399665
As_num,E3,E3_Min4_Field_Depth_LogSalinity,PLS,LOG1P,18,-0.132433,9.819634,4.377598
As_num,E3,E3_Min4_Field_Depth_LogSalinity,PLS,LOG1P,19,-0.254097,10.328845,4.987187
As_num,E3,E3_Min4_Field_Depth_LogSalinity,PLS,LOG1P,20,-0.157699,5.268582,2.656292
As_num,E3,E3_Min4_Field_Depth_LogSalinity,PLS,LOG1P,21,-0.323422,1.489546,1.219804
As_num,E3,E3_Min4_Field_Depth_LogSalinity,PLS,LOG1P,22,-0.087634,5.129448,2.510892
As_num,E3,E3_Min4_Field_Depth_LogSalinity,PLS,LOG1P,23,-0.125321,9.568864,3.934383
As_num,E3,E3_Min4_Field_Depth_LogSalinity,PLS,LOG1P,24,-0.436836,4.553749,2.93225
As_num,E3,E3_Min4_Field_Depth_LogSalinity,PLS,LOG1P,25,-0.095391,9.686617,4.164247
As_num,E3,E3_Min4_Field_Depth_LogSalinity,Lasso,RAW,1,-290.644582,4.773336,4.188441
As_num,E3,E3_Min4_Field_Depth_LogSalinity,Lasso,RAW,2,-0.278832,10.923206,6.34051
As_num,E3,E3_Min4_Field_Depth_LogSalinity,Lasso,RAW,3,-0.147267,4.143309,3.044369
As_num,E3,E3_Min4_Field_Depth_LogSalinity,Lasso,RAW,4,-1.424208,2.716582,2.198957
As_num,E3,E3_Min4_Field_Depth_LogSalinity,Lasso,RAW,5,-0.120359,9.671689,5.279333
As_num,E3,E3_Min4_Field_Depth_LogSalinity,Lasso,RAW,6,-1.309335,5.865796,4.496413
As_num,E3,E3_Min4_Field_Depth_LogSalinity,Lasso,RAW,7,-2.204653,3.058506,2.509749
As_num,E3,E3_Min4_Field_Depth_LogSalinity,Lasso,RAW,8,-0.399777,5.567468,4.237613
As_num,E3,E3_Min4_Field_Depth_LogSalinity,Lasso,RAW,9,-5.321955,3.198856,2.914317
As_num,E3,E3_Min4_Field_Depth_LogSalinity,Lasso,RAW,10,-0.233211,13.337637,7.539641
As_num,E3,E3_Min4_Field_Depth_LogSalinity,Lasso,RAW,11,-4.478875,2.547318,2.053996
As_num,E3,E3_Min4_Field_Depth_LogSalinity,Lasso,RAW,12,-0.275386,6.430207,4.462696
As_num,E3,E3_Min4_Field_Depth_LogSalinity,Lasso,RAW,13,-0.223586,10.203089,5.908879
As_num,E3,E3_Min4_Field_Depth_LogSalinity,Lasso,RAW,14,-0.094796,9.379531,4.609887
As_num,E3,E3_Min4_Field_Depth_LogSalinity,Lasso,RAW,15,-5.894526,3.194312,3.020179
As_num,E3,E3_Min4_Field_Depth_LogSalinity,Lasso,RAW,16,-0.717347,2.293669,1.947114
As_num,E3,E3_Min4_Field_Depth_LogSalinity,Lasso,RAW,17,-80.465806,5.208221,4.909238
As_num,E3,E3_Min4_Field_Depth_LogSalinity,Lasso,RAW,18,-0.102001,9.686794,5.263207
As_num,E3,E3_Min4_Field_Depth_LogSalinity,Lasso,RAW,19,-0.178127,10.011111,5.375383
As_num,E3,E3_Min4_Field_Depth_LogSalinity,Lasso,RAW,20,-0.652494,6.294567,4.334018
As_num,E3,E3_Min4_Field_Depth_LogSalinity,Lasso,RAW,21,-3.890772,2.863476,2.451379
As_num,E3,E3_Min4_Field_Depth_LogSalinity,Lasso,RAW,22,-0.205439,5.400099,4.087878
As_num,E3,E3_Min4_Field_Depth_LogSalinity,Lasso,RAW,23,-0.131381,9.594594,4.844651
As_num,E3,E3_Min4_Field_Depth_LogSalinity,Lasso,RAW,24,-1.624889,6.1549,4.68364
As_num,E3,E3_Min4_Field_Depth_LogSalinity,Lasso,RAW,25,-0.08779,9.65295,5.14069
As_num,E3,E3_Min4_Field_Depth_LogSalinity,Lasso,LOG1P,1,-14.351082,1.095127,1.069186
As_num,E3,E3_Min4_Field_Depth_LogSalinity,Lasso,LOG1P,2,-0.23878,10.750793,5.616101
As_num,E3,E3_Min4_Field_Depth_LogSalinity,Lasso,LOG1P,3,-0.092669,4.043519,2.096534
As_num,E3,E3_Min4_Field_Depth_LogSalinity,Lasso,LOG1P,4,-0.08175,1.814686,1.297159
As_num,E3,E3_Min4_Field_Depth_LogSalinity,Lasso,LOG1P,5,-0.155171,9.820796,4.373457
As_num,E3,E3_Min4_Field_Depth_LogSalinity,Lasso,LOG1P,6,-0.12008,4.08515,2.157898
As_num,E3,E3_Min4_Field_Depth_LogSalinity,Lasso,LOG1P,7,0.021239,1.690274,1.401453
As_num,E3,E3_Min4_Field_Depth_LogSalinity,Lasso,LOG1P,8,-0.200626,5.156227,2.394624
As_num,E3,E3_Min4_Field_Depth_LogSalinity,Lasso,LOG1P,9,-0.179761,1.381866,1.196289
As_num,E3,E3_Min4_Field_Depth_LogSalinity,Lasso,LOG1P,10,-0.28261,13.602149,7.204426
As_num,E3,E3_Min4_Field_Depth_LogSalinity,Lasso,LOG1P,11,0.03987,1.066357,0.952531
As_num,E3,E3_Min4_Field_Depth_LogSalinity,Lasso,LOG1P,12,-0.372646,6.670885,4.133773
As_num,E3,E3_Min4_Field_Depth_LogSalinity,Lasso,LOG1P,13,-0.110797,9.721465,4.072505
As_num,E3,E3_Min4_Field_Depth_LogSalinity,Lasso,LOG1P,14,-0.101674,9.408948,3.834375
As_num,E3,E3_Min4_Field_Depth_LogSalinity,Lasso,LOG1P,15,-0.336402,1.406351,1.238554
As_num,E3,E3_Min4_Field_Depth_LogSalinity,Lasso,LOG1P,16,-0.089182,1.826635,1.352142
As_num,E3,E3_Min4_Field_Depth_LogSalinity,Lasso,LOG1P,17,-7.618983,1.694064,1.603991
As_num,E3,E3_Min4_Field_Depth_LogSalinity,Lasso,LOG1P,18,-0.12855,9.802786,4.397887
As_num,E3,E3_Min4_Field_Depth_LogSalinity,Lasso,LOG1P,19,-0.237876,10.26183,5.010795
As_num,E3,E3_Min4_Field_Depth_LogSalinity,Lasso,LOG1P,20,-0.096769,5.128065,2.4488
As_num,E3,E3_Min4_Field_Depth_LogSalinity,Lasso,LOG1P,21,-0.21852,1.429293,1.252211
As_num,E3,E3_Min4_Field_Depth_LogSalinity,Lasso,LOG1P,22,-0.073365,5.095687,2.437154
As_num,E3,E3_Min4_Field_Depth_LogSalinity,Lasso,LOG1P,23,-0.089261,9.414301,3.911184
As_num,E3,E3_Min4_Field_Depth_LogSalinity,Lasso,LOG1P,24,-0.318096,4.361531,2.543603
As_num,E3,E3_Min4_Field_Depth_LogSalinity,Lasso,LOG1P,25,-0.103775,9.723616,4.010443
As_num,E3,E3_Min4_Field_Depth_LogSalinity,Ridge,RAW,1,-309.025033,4.921454,4.29522
As_num,E3,E3_Min4_Field_Depth_LogSalinity,Ridge,RAW,2,-0.350164,11.223717,6.460569
As_num,E3,E3_Min4_Field_Depth_LogSalinity,Ridge,RAW,3,-0.155934,4.158931,3.146756
As_num,E3,E3_Min4_Field_Depth_LogSalinity,Ridge,RAW,4,-1.333318,2.66517,2.208604
As_num,E3,E3_Min4_Field_Depth_LogSalinity,Ridge,RAW,5,-0.139014,9.751875,5.410549
As_num,E3,E3_Min4_Field_Depth_LogSalinity,Ridge,RAW,6,-1.387953,5.964806,4.606249
As_num,E3,E3_Min4_Field_Depth_LogSalinity,Ridge,RAW,7,-2.138274,3.026664,2.443269
As_num,E3,E3_Min4_Field_Depth_LogSalinity,Ridge,RAW,8,-0.386068,5.540137,4.201564
As_num,E3,E3_Min4_Field_Depth_LogSalinity,Ridge,RAW,9,-6.039319,3.37547,3.092027
As_num,E3,E3_Min4_Field_Depth_LogSalinity,Ridge,RAW,10,-0.238867,13.368189,7.470246
As_num,E3,E3_Min4_Field_Depth_LogSalinity,Ridge,RAW,11,-4.867854,2.636193,2.164386
As_num,E3,E3_Min4_Field_Depth_LogSalinity,Ridge,RAW,12,-0.262411,6.397414,4.522996
As_num,E3,E3_Min4_Field_Depth_LogSalinity,Ridge,RAW,13,-0.238451,10.264879,5.884658
As_num,E3,E3_Min4_Field_Depth_LogSalinity,Ridge,RAW,14,-0.102695,9.413307,4.566022
As_num,E3,E3_Min4_Field_Depth_LogSalinity,Ridge,RAW,15,-6.567808,3.346649,3.129163
As_num,E3,E3_Min4_Field_Depth_LogSalinity,Ridge,RAW,16,-1.183715,2.586424,2.18537
As_num,E3,E3_Min4_Field_Depth_LogSalinity,Ridge,RAW,17,-83.149514,5.293313,5.031931
As_num,E3,E3_Min4_Field_Depth_LogSalinity,Ridge,RAW,18,-0.111942,9.730388,5.21745
As_num,E3,E3_Min4_Field_Depth_LogSalinity,Ridge,RAW,19,-0.200728,10.106679,5.345478
As_num,E3,E3_Min4_Field_Depth_LogSalinity,Ridge,RAW,20,-0.717319,6.416844,4.480739
As_num,E3,E3_Min4_Field_Depth_LogSalinity,Ridge,RAW,21,-4.433738,3.018243,2.611275
As_num,E3,E3_Min4_Field_Depth_LogSalinity,Ridge,RAW,22,-0.2116,5.413881,4.118161
As_num,E3,E3_Min4_Field_Depth_LogSalinity,Ridge,RAW,23,-0.188546,9.833997,4.984578
As_num,E3,E3_Min4_Field_Depth_LogSalinity,Ridge,RAW,24,-1.757962,6.308987,4.824146
As_num,E3,E3_Min4_Field_Depth_LogSalinity,Ridge,RAW,25,-0.107154,9.738484,5.266888
As_num,E3,E3_Min4_Field_Depth_LogSalinity,Ridge,LOG1P,1,-35.178951,1.681214,1.451246
As_num,E3,E3_Min4_Field_Depth_LogSalinity,Ridge,LOG1P,2,-0.314162,11.073064,5.999822
As_num,E3,E3_Min4_Field_Depth_LogSalinity,Ridge,LOG1P,3,-0.125072,4.103035,2.147192
As_num,E3,E3_Min4_Field_Depth_LogSalinity,Ridge,LOG1P,4,0.074289,1.67871,1.159283
As_num,E3,E3_Min4_Field_Depth_LogSalinity,Ridge,LOG1P,5,-0.154328,9.817214,4.526718
As_num,E3,E3_Min4_Field_Depth_LogSalinity,Ridge,LOG1P,6,-0.437886,4.628557,2.878139
As_num,E3,E3_Min4_Field_Depth_LogSalinity,Ridge,LOG1P,7,-0.036256,1.739211,1.465688
As_num,E3,E3_Min4_Field_Depth_LogSalinity,Ridge,LOG1P,8,-0.207878,5.171777,2.402145
As_num,E3,E3_Min4_Field_Depth_LogSalinity,Ridge,LOG1P,9,-0.58401,1.601208,1.402153
As_num,E3,E3_Min4_Field_Depth_LogSalinity,Ridge,LOG1P,10,-0.290632,13.644622,7.175566
As_num,E3,E3_Min4_Field_Depth_LogSalinity,Ridge,LOG1P,11,0.206572,0.969374,0.859924
As_num,E3,E3_Min4_Field_Depth_LogSalinity,Ridge,LOG1P,12,-0.380508,6.689961,4.171552
As_num,E3,E3_Min4_Field_Depth_LogSalinity,Ridge,LOG1P,13,-0.120673,9.764585,4.423351
As_num,E3,E3_Min4_Field_Depth_LogSalinity,Ridge,LOG1P,14,-0.145303,9.593445,3.752583
As_num,E3,E3_Min4_Field_Depth_LogSalinity,Ridge,LOG1P,15,-0.709307,1.590505,1.381631
As_num,E3,E3_Min4_Field_Depth_LogSalinity,Ridge,LOG1P,16,-0.179218,1.900635,1.428871
As_num,E3,E3_Min4_Field_Depth_LogSalinity,Ridge,LOG1P,17,-19.084565,2.586026,2.380587
As_num,E3,E3_Min4_Field_Depth_LogSalinity,Ridge,LOG1P,18,-0.132259,9.818883,4.367774
As_num,E3,E3_Min4_Field_Depth_LogSalinity,Ridge,LOG1P,19,-0.272157,10.402952,5.035616
As_num,E3,E3_Min4_Field_Depth_LogSalinity,Ridge,LOG1P,20,-0.167565,5.290984,2.692504
As_num,E3,E3_Min4_Field_Depth_LogSalinity,Ridge,LOG1P,21,-0.535927,1.604686,1.307116
As_num,E3,E3_Min4_Field_Depth_LogSalinity,Ridge,LOG1P,22,-0.086762,5.127391,2.509476
As_num,E3,E3_Min4_Field_Depth_LogSalinity,Ridge,LOG1P,23,-0.157928,9.706506,4.095177
As_num,E3,E3_Min4_Field_Depth_LogSalinity,Ridge,LOG1P,24,-0.418742,4.524986,2.89976
As_num,E3,E3_Min4_Field_Depth_LogSalinity,Ridge,LOG1P,25,-0.096478,9.69142,4.164472
As_num,E3,E3_Min4_Field_Depth_LogSalinity,ElasticNet,RAW,1,-290.200021,4.769696,4.194046
As_num,E3,E3_Min4_Field_Depth_LogSalinity,ElasticNet,RAW,2,-0.281694,10.93542,6.340705
As_num,E3,E3_Min4_Field_Depth_LogSalinity,ElasticNet,RAW,3,-0.139214,4.128743,3.042733
As_num,E3,E3_Min4_Field_Depth_LogSalinity,ElasticNet,RAW,4,-1.400521,2.703278,2.198919
As_num,E3,E3_Min4_Field_Depth_LogSalinity,ElasticNet,RAW,5,-0.118845,9.66515,5.243345
As_num,E3,E3_Min4_Field_Depth_LogSalinity,ElasticNet,RAW,6,-1.295069,5.84765,4.487262
As_num,E3,E3_Min4_Field_Depth_LogSalinity,ElasticNet,RAW,7,-2.222778,3.067143,2.51625
As_num,E3,E3_Min4_Field_Depth_LogSalinity,ElasticNet,RAW,8,-0.384289,5.536582,4.195819
As_num,E3,E3_Min4_Field_Depth_LogSalinity,ElasticNet,RAW,9,-4.971674,3.108973,2.807939
As_num,E3,E3_Min4_Field_Depth_LogSalinity,ElasticNet,RAW,10,-0.234897,13.346753,7.530405
As_num,E3,E3_Min4_Field_Depth_LogSalinity,ElasticNet,RAW,11,-4.450341,2.540676,2.033508
As_num,E3,E3_Min4_Field_Depth_LogSalinity,ElasticNet,RAW,12,-0.270354,6.417511,4.457694
As_num,E3,E3_Min4_Field_Depth_LogSalinity,ElasticNet,RAW,13,-0.216085,10.171767,5.831703
As_num,E3,E3_Min4_Field_Depth_LogSalinity,ElasticNet,RAW,14,-0.086864,9.345491,4.604701
As_num,E3,E3_Min4_Field_Depth_LogSalinity,ElasticNet,RAW,15,-5.734471,3.157017,2.997353
As_num,E3,E3_Min4_Field_Depth_LogSalinity,ElasticNet,RAW,16,-0.715956,2.29274,1.936217
As_num,E3,E3_Min4_Field_Depth_LogSalinity,ElasticNet,RAW,17,-78.823631,5.155461,4.866065
As_num,E3,E3_Min4_Field_Depth_LogSalinity,ElasticNet,RAW,18,-0.103515,9.693449,5.265518
As_num,E3,E3_Min4_Field_Depth_LogSalinity,ElasticNet,RAW,19,-0.181995,10.027531,5.37083
As_num,E3,E3_Min4_Field_Depth_LogSalinity,ElasticNet,RAW,20,-0.64714,6.284362,4.338357
As_num,E3,E3_Min4_Field_Depth_LogSalinity,ElasticNet,RAW,21,-3.4781,2.740007,2.31318
As_num,E3,E3_Min4_Field_Depth_LogSalinity,ElasticNet,RAW,22,-0.20237,5.393222,4.088845
As_num,E3,E3_Min4_Field_Depth_LogSalinity,ElasticNet,RAW,23,-0.134254,9.606768,4.853773
As_num,E3,E3_Min4_Field_Depth_LogSalinity,ElasticNet,RAW,24,-1.60057,6.126321,4.660679
As_num,E3,E3_Min4_Field_Depth_LogSalinity,ElasticNet,RAW,25,-0.088826,9.657544,5.124041
As_num,E3,E3_Min4_Field_Depth_LogSalinity,ElasticNet,LOG1P,1,-18.699742,1.240581,1.182037
As_num,E3,E3_Min4_Field_Depth_LogSalinity,ElasticNet,LOG1P,2,-0.25625,10.826334,5.664931
As_num,E3,E3_Min4_Field_Depth_LogSalinity,ElasticNet,LOG1P,3,-0.10612,4.068331,2.103566
As_num,E3,E3_Min4_Field_Depth_LogSalinity,ElasticNet,LOG1P,4,0.032311,1.71635,1.218159
As_num,E3,E3_Min4_Field_Depth_LogSalinity,ElasticNet,LOG1P,5,-0.151326,9.804441,4.428228
As_num,E3,E3_Min4_Field_Depth_LogSalinity,ElasticNet,LOG1P,6,-0.19953,4.227552,2.402282
As_num,E3,E3_Min4_Field_Depth_LogSalinity,ElasticNet,LOG1P,7,0.056771,1.65931,1.379648
As_num,E3,E3_Min4_Field_Depth_LogSalinity,ElasticNet,LOG1P,8,-0.205518,5.166723,2.37309
As_num,E3,E3_Min4_Field_Depth_LogSalinity,ElasticNet,LOG1P,9,-0.284117,1.441688,1.246553
As_num,E3,E3_Min4_Field_Depth_LogSalinity,ElasticNet,LOG1P,10,-0.283213,13.605347,7.202881
As_num,E3,E3_Min4_Field_Depth_LogSalinity,ElasticNet,LOG1P,11,0.13061,1.014717,0.917647
As_num,E3,E3_Min4_Field_Depth_LogSalinity,ElasticNet,LOG1P,12,-0.376934,6.681295,4.147283
As_num,E3,E3_Min4_Field_Depth_LogSalinity,ElasticNet,LOG1P,13,-0.105752,9.699363,4.129365
As_num,E3,E3_Min4_Field_Depth_LogSalinity,ElasticNet,LOG1P,14,-0.117876,9.477883,3.792103
As_num,E3,E3_Min4_Field_Depth_LogSalinity,ElasticNet,LOG1P,15,-0.417445,1.448366,1.2577
As_num,E3,E3_Min4_Field_Depth_LogSalinity,ElasticNet,LOG1P,16,0.012613,1.739184,1.290962
As_num,E3,E3_Min4_Field_Depth_LogSalinity,ElasticNet,LOG1P,17,-11.796083,2.064145,1.926494
As_num,E3,E3_Min4_Field_Depth_LogSalinity,ElasticNet,LOG1P,18,-0.131827,9.817007,4.407395
As_num,E3,E3_Min4_Field_Depth_LogSalinity,ElasticNet,LOG1P,19,-0.244212,10.288058,5.005555
As_num,E3,E3_Min4_Field_Depth_LogSalinity,ElasticNet,LOG1P,20,-0.10987,5.158601,2.449544
As_num,E3,E3_Min4_Field_Depth_LogSalinity,ElasticNet,LOG1P,21,-0.281677,1.465865,1.255148
As_num,E3,E3_Min4_Field_Depth_LogSalinity,ElasticNet,LOG1P,22,-0.082719,5.117843,2.466019
As_num,E3,E3_Min4_Field_Depth_LogSalinity,ElasticNet,LOG1P,23,-0.107574,9.493111,3.915656
As_num,E3,E3_Min4_Field_Depth_LogSalinity,ElasticNet,LOG1P,24,-0.334989,4.389392,2.65189
As_num,E3,E3_Min4_Field_Depth_LogSalinity,ElasticNet,LOG1P,25,-0.097457,9.695745,4.045112
As_num,E4,E4_Min5_Field_Depth_Interactions,SVR_RBF,RAW,1,-1.918781,0.477525,0.430276
As_num,E4,E4_Min5_Field_Depth_Interactions,SVR_RBF,RAW,2,-0.273321,10.899642,5.54628
As_num,E4,E4_Min5_Field_Depth_Interactions,SVR_RBF,RAW,3,-0.16817,4.180883,1.954412
As_num,E4,E4_Min5_Field_Depth_Interactions,SVR_RBF,RAW,4,-0.174083,1.890546,1.159928
As_num,E4,E4_Min5_Field_Depth_Interactions,SVR_RBF,RAW,5,-0.215442,10.073739,4.272696
As_num,E4,E4_Min5_Field_Depth_Interactions,SVR_RBF,RAW,6,-0.145028,4.130395,1.865257
As_num,E4,E4_Min5_Field_Depth_Interactions,SVR_RBF,RAW,7,0.189823,1.537831,0.928855
As_num,E4,E4_Min5_Field_Depth_Interactions,SVR_RBF,RAW,8,-0.308049,5.381957,2.546691
As_num,E4,E4_Min5_Field_Depth_Interactions,SVR_RBF,RAW,9,0.176232,1.154706,0.794376
As_num,E4,E4_Min5_Field_Depth_Interactions,SVR_RBF,RAW,10,-0.323144,13.815411,7.175878
As_num,E4,E4_Min5_Field_Depth_Interactions,SVR_RBF,RAW,11,-0.308783,1.245006,0.83455
As_num,E4,E4_Min5_Field_Depth_Interactions,SVR_RBF,RAW,12,-0.453831,6.865325,4.133513
As_num,E4,E4_Min5_Field_Depth_Interactions,SVR_RBF,RAW,13,-0.159203,9.931027,3.93287
As_num,E4,E4_Min5_Field_Depth_Interactions,SVR_RBF,RAW,14,-0.148755,9.607892,3.618861
As_num,E4,E4_Min5_Field_Depth_Interactions,SVR_RBF,RAW,15,0.207745,1.082824,0.699943
As_num,E4,E4_Min5_Field_Depth_Interactions,SVR_RBF,RAW,16,-0.287456,1.985949,1.290279
As_num,E4,E4_Min5_Field_Depth_Interactions,SVR_RBF,RAW,17,-2.677165,1.106518,1.040299
As_num,E4,E4_Min5_Field_Depth_Interactions,SVR_RBF,RAW,18,-0.188682,10.060556,4.153796
As_num,E4,E4_Min5_Field_Depth_Interactions,SVR_RBF,RAW,19,-0.261099,10.357641,5.032214
As_num,E4,E4_Min5_Field_Depth_Interactions,SVR_RBF,RAW,20,-0.130973,5.207412,2.169226
As_num,E4,E4_Min5_Field_Depth_Interactions,SVR_RBF,RAW,21,0.150587,1.19334,0.87032
As_num,E4,E4_Min5_Field_Depth_Interactions,SVR_RBF,RAW,22,-0.12057,5.206534,2.077013
As_num,E4,E4_Min5_Field_Depth_Interactions,SVR_RBF,RAW,23,-0.108434,9.496795,3.72694
As_num,E4,E4_Min5_Field_Depth_Interactions,SVR_RBF,RAW,24,-0.428659,4.540772,2.556481
As_num,E4,E4_Min5_Field_Depth_Interactions,SVR_RBF,RAW,25,-0.177463,10.042946,3.999085
As_num,E4,E4_Min5_Field_Depth_Interactions,SVR_RBF,LOG1P,1,-2.903899,0.552261,0.454311
As_num,E4,E4_Min5_Field_Depth_Interactions,SVR_RBF,LOG1P,2,-0.272287,10.89522,5.584363
As_num,E4,E4_Min5_Field_Depth_Interactions,SVR_RBF,LOG1P,3,-0.189204,4.218357,1.897307
As_num,E4,E4_Min5_Field_Depth_Interactions,SVR_RBF,LOG1P,4,-0.173154,1.889798,1.116176
As_num,E4,E4_Min5_Field_Depth_Interactions,SVR_RBF,LOG1P,5,-0.214716,10.070731,4.349956
As_num,E4,E4_Min5_Field_Depth_Interactions,SVR_RBF,LOG1P,6,-0.141654,4.124304,1.910658
As_num,E4,E4_Min5_Field_Depth_Interactions,SVR_RBF,LOG1P,7,0.232817,1.496471,0.85461
As_num,E4,E4_Min5_Field_Depth_Interactions,SVR_RBF,LOG1P,8,-0.287169,5.33883,2.458783
As_num,E4,E4_Min5_Field_Depth_Interactions,SVR_RBF,LOG1P,9,0.28419,1.076385,0.751787
As_num,E4,E4_Min5_Field_Depth_Interactions,SVR_RBF,LOG1P,10,-0.326429,13.832547,7.165886
As_num,E4,E4_Min5_Field_Depth_Interactions,SVR_RBF,LOG1P,11,-0.305544,1.243464,0.791607
As_num,E4,E4_Min5_Field_Depth_Interactions,SVR_RBF,LOG1P,12,-0.446883,6.8489,4.112057
As_num,E4,E4_Min5_Field_Depth_Interactions,SVR_RBF,LOG1P,13,-0.150257,9.892632,3.94134
As_num,E4,E4_Min5_Field_Depth_Interactions,SVR_RBF,LOG1P,14,-0.144961,9.592013,3.628572
As_num,E4,E4_Min5_Field_Depth_Interactions,SVR_RBF,LOG1P,15,0.394365,0.94674,0.657223
As_num,E4,E4_Min5_Field_Depth_Interactions,SVR_RBF,LOG1P,16,-0.322917,2.013113,1.28234
As_num,E4,E4_Min5_Field_Depth_Interactions,SVR_RBF,LOG1P,17,-6.658751,1.596911,1.405026
As_num,E4,E4_Min5_Field_Depth_Interactions,SVR_RBF,LOG1P,18,-0.188386,10.059305,4.236521
As_num,E4,E4_Min5_Field_Depth_Interactions,SVR_RBF,LOG1P,19,-0.272801,10.405586,5.062541
As_num,E4,E4_Min5_Field_Depth_Interactions,SVR_RBF,LOG1P,20,-0.117401,5.176073,2.159581
As_num,E4,E4_Min5_Field_Depth_Interactions,SVR_RBF,LOG1P,21,0.182227,1.170904,0.794362
As_num,E4,E4_Min5_Field_Depth_Interactions,SVR_RBF,LOG1P,22,-0.109329,5.180352,2.125339
As_num,E4,E4_Min5_Field_Depth_Interactions,SVR_RBF,LOG1P,23,-0.121667,9.553315,3.769297
As_num,E4,E4_Min5_Field_Depth_Interactions,SVR_RBF,LOG1P,24,-0.398038,4.491848,2.515102
As_num,E4,E4_Min5_Field_Depth_Interactions,SVR_RBF,LOG1P,25,-0.177114,10.041456,4.025078
As_num,E4,E4_Min5_Field_Depth_Interactions,PLS,RAW,1,-386.514198,5.502231,4.473627
As_num,E4,E4_Min5_Field_Depth_Interactions,PLS,RAW,2,-0.326427,11.124618,6.366266
As_num,E4,E4_Min5_Field_Depth_Interactions,PLS,RAW,3,-0.098909,4.055048,2.864844
As_num,E4,E4_Min5_Field_Depth_Interactions,PLS,RAW,4,-1.527747,2.773989,2.24316
As_num,E4,E4_Min5_Field_Depth_Interactions,PLS,RAW,5,-0.145089,9.777846,5.093236
As_num,E4,E4_Min5_Field_Depth_Interactions,PLS,RAW,6,-2.073737,6.767322,4.994791
As_num,E4,E4_Min5_Field_Depth_Interactions,PLS,RAW,7,-2.802237,3.331489,2.726161
As_num,E4,E4_Min5_Field_Depth_Interactions,PLS,RAW,8,-0.384846,5.537694,4.193646
As_num,E4,E4_Min5_Field_Depth_Interactions,PLS,RAW,9,-4.302948,2.92973,2.617042
As_num,E4,E4_Min5_Field_Depth_Interactions,PLS,RAW,10,-0.233503,13.339216,7.36579
As_num,E4,E4_Min5_Field_Depth_Interactions,PLS,RAW,11,-4.62106,2.580159,2.143211
As_num,E4,E4_Min5_Field_Depth_Interactions,PLS,RAW,12,-0.272336,6.422514,4.372795
As_num,E4,E4_Min5_Field_Depth_Interactions,PLS,RAW,13,-0.366314,10.781761,6.479584
As_num,E4,E4_Min5_Field_Depth_Interactions,PLS,RAW,14,-0.131316,9.534689,4.486688
As_num,E4,E4_Min5_Field_Depth_Interactions,PLS,RAW,15,-5.4762,3.095888,2.914949
As_num,E4,E4_Min5_Field_Depth_Interactions,PLS,RAW,16,-0.622894,2.229702,1.79572
As_num,E4,E4_Min5_Field_Depth_Interactions,PLS,RAW,17,-73.721446,4.987976,4.647797
As_num,E4,E4_Min5_Field_Depth_Interactions,PLS,RAW,18,-0.152611,9.906736,5.556092
As_num,E4,E4_Min5_Field_Depth_Interactions,PLS,RAW,19,-0.216778,10.174004,5.308336
As_num,E4,E4_Min5_Field_Depth_Interactions,PLS,RAW,20,-1.063165,7.033362,4.915511
As_num,E4,E4_Min5_Field_Depth_Interactions,PLS,RAW,21,-2.310444,2.355852,2.078421
As_num,E4,E4_Min5_Field_Depth_Interactions,PLS,RAW,22,-0.173375,5.327797,4.046293
As_num,E4,E4_Min5_Field_Depth_Interactions,PLS,RAW,23,-0.179028,9.794544,4.835079
As_num,E4,E4_Min5_Field_Depth_Interactions,PLS,RAW,24,-2.913941,7.515755,5.728847
As_num,E4,E4_Min5_Field_Depth_Interactions,PLS,RAW,25,-0.129515,9.836337,5.005692
As_num,E4,E4_Min5_Field_Depth_Interactions,PLS,LOG1P,1,-79.202928,2.503169,1.731057
As_num,E4,E4_Min5_Field_Depth_Interactions,PLS,LOG1P,2,-0.292988,10.983497,5.816878
As_num,E4,E4_Min5_Field_Depth_Interactions,PLS,LOG1P,3,-0.120563,4.094806,2.123869
As_num,E4,E4_Min5_Field_Depth_Interactions,PLS,LOG1P,4,0.137959,1.619951,1.152542
As_num,E4,E4_Min5_Field_Depth_Interactions,PLS,LOG1P,5,-0.156271,9.825473,4.456575
As_num,E4,E4_Min5_Field_Depth_Interactions,PLS,LOG1P,6,-1.109411,5.606142,3.461773
As_num,E4,E4_Min5_Field_Depth_Interactions,PLS,LOG1P,7,-0.033395,1.736808,1.475372
As_num,E4,E4_Min5_Field_Depth_Interactions,PLS,LOG1P,8,-0.210962,5.178375,2.402747
As_num,E4,E4_Min5_Field_Depth_Interactions,PLS,LOG1P,9,-0.202012,1.394837,1.215711
As_num,E4,E4_Min5_Field_Depth_Interactions,PLS,LOG1P,10,-0.283134,13.604929,7.112672
As_num,E4,E4_Min5_Field_Depth_Interactions,PLS,LOG1P,11,0.30086,0.909954,0.82189
As_num,E4,E4_Min5_Field_Depth_Interactions,PLS,LOG1P,12,-0.376316,6.679795,4.112781
As_num,E4,E4_Min5_Field_Depth_Interactions,PLS,LOG1P,13,-0.150213,9.892442,4.73068
As_num,E4,E4_Min5_Field_Depth_Interactions,PLS,LOG1P,14,-0.143489,9.585845,3.715828
As_num,E4,E4_Min5_Field_Depth_Interactions,PLS,LOG1P,15,-0.419971,1.449656,1.315974
As_num,E4,E4_Min5_Field_Depth_Interactions,PLS,LOG1P,16,0.023787,1.729314,1.23842
As_num,E4,E4_Min5_Field_Depth_Interactions,PLS,LOG1P,17,-19.442172,2.608947,2.319123
As_num,E4,E4_Min5_Field_Depth_Interactions,PLS,LOG1P,18,-0.138539,9.846075,4.42105
As_num,E4,E4_Min5_Field_Depth_Interactions,PLS,LOG1P,19,-0.266718,10.380688,4.99186
As_num,E4,E4_Min5_Field_Depth_Interactions,PLS,LOG1P,20,-0.297095,5.576758,3.027724
As_num,E4,E4_Min5_Field_Depth_Interactions,PLS,LOG1P,21,-0.140956,1.383054,1.195687
As_num,E4,E4_Min5_Field_Depth_Interactions,PLS,LOG1P,22,-0.087551,5.12925,2.493371
As_num,E4,E4_Min5_Field_Depth_Interactions,PLS,LOG1P,23,-0.139867,9.63051,3.955622
As_num,E4,E4_Min5_Field_Depth_Interactions,PLS,LOG1P,24,-0.83772,5.149976,3.386645
As_num,E4,E4_Min5_Field_Depth_Interactions,PLS,LOG1P,25,-0.103763,9.723561,4.127803
As_num,E4,E4_Min5_Field_Depth_Interactions,Lasso,RAW,1,-329.020785,5.077684,4.277567
As_num,E4,E4_Min5_Field_Depth_Interactions,Lasso,RAW,2,-0.279981,10.928114,6.342205
As_num,E4,E4_Min5_Field_Depth_Interactions,Lasso,RAW,3,-0.154146,4.155712,2.933857
As_num,E4,E4_Min5_Field_Depth_Interactions,Lasso,RAW,4,-1.450344,2.731187,2.296345
As_num,E4,E4_Min5_Field_Depth_Interactions,Lasso,RAW,5,-0.129162,9.709609,5.038158
As_num,E4,E4_Min5_Field_Depth_Interactions,Lasso,RAW,6,-1.935073,6.612914,4.80921
As_num,E4,E4_Min5_Field_Depth_Interactions,Lasso,RAW,7,-3.222414,3.510744,2.943097
As_num,E4,E4_Min5_Field_Depth_Interactions,Lasso,RAW,8,-0.398728,5.565381,4.192856
As_num,E4,E4_Min5_Field_Depth_Interactions,Lasso,RAW,9,-3.934096,2.826004,2.552725
As_num,E4,E4_Min5_Field_Depth_Interactions,Lasso,RAW,10,-0.233899,13.341358,7.539386
As_num,E4,E4_Min5_Field_Depth_Interactions,Lasso,RAW,11,-4.028872,2.440466,2.120195
As_num,E4,E4_Min5_Field_Depth_Interactions,Lasso,RAW,12,-0.328388,6.56246,4.476902
As_num,E4,E4_Min5_Field_Depth_Interactions,Lasso,RAW,13,-0.388531,10.869065,6.402713
As_num,E4,E4_Min5_Field_Depth_Interactions,Lasso,RAW,14,-0.097403,9.39069,4.606333
As_num,E4,E4_Min5_Field_Depth_Interactions,Lasso,RAW,15,-4.994571,2.978545,2.835009
As_num,E4,E4_Min5_Field_Depth_Interactions,Lasso,RAW,16,-0.671748,2.263013,1.882908
As_num,E4,E4_Min5_Field_Depth_Interactions,Lasso,RAW,17,-76.449185,5.078204,4.635001
As_num,E4,E4_Min5_Field_Depth_Interactions,Lasso,RAW,18,-0.13135,9.814939,5.488509
As_num,E4,E4_Min5_Field_Depth_Interactions,Lasso,RAW,19,-0.17895,10.014607,5.374255
As_num,E4,E4_Min5_Field_Depth_Interactions,Lasso,RAW,20,-1.128773,7.144315,4.955263
As_num,E4,E4_Min5_Field_Depth_Interactions,Lasso,RAW,21,-2.37427,2.378454,2.16392
As_num,E4,E4_Min5_Field_Depth_Interactions,Lasso,RAW,22,-0.17548,5.332572,4.010761
As_num,E4,E4_Min5_Field_Depth_Interactions,Lasso,RAW,23,-0.133301,9.60273,4.84613
As_num,E4,E4_Min5_Field_Depth_Interactions,Lasso,RAW,24,-3.165614,7.753629,5.640976
As_num,E4,E4_Min5_Field_Depth_Interactions,Lasso,RAW,25,-0.10834,9.7437,4.971646
As_num,E4,E4_Min5_Field_Depth_Interactions,Lasso,LOG1P,1,-30.757222,1.57513,1.302537
As_num,E4,E4_Min5_Field_Depth_Interactions,Lasso,LOG1P,2,-0.23996,10.755913,5.618475
As_num,E4,E4_Min5_Field_Depth_Interactions,Lasso,LOG1P,3,-0.093824,4.045655,2.067679
As_num,E4,E4_Min5_Field_Depth_Interactions,Lasso,LOG1P,4,-0.08175,1.814686,1.297159
As_num,E4,E4_Min5_Field_Depth_Interactions,Lasso,LOG1P,5,-0.158606,9.835389,4.376855
As_num,E4,E4_Min5_Field_Depth_Interactions,Lasso,LOG1P,6,-0.37518,4.526507,2.658796
As_num,E4,E4_Min5_Field_Depth_Interactions,Lasso,LOG1P,7,0.027514,1.684847,1.414544
As_num,E4,E4_Min5_Field_Depth_Interactions,Lasso,LOG1P,8,-0.202618,5.160505,2.378449
As_num,E4,E4_Min5_Field_Depth_Interactions,Lasso,LOG1P,9,-0.073651,1.318258,1.154945
As_num,E4,E4_Min5_Field_Depth_Interactions,Lasso,LOG1P,10,-0.28261,13.602149,7.204426
As_num,E4,E4_Min5_Field_Depth_Interactions,Lasso,LOG1P,11,0.001905,1.087235,0.964739
As_num,E4,E4_Min5_Field_Depth_Interactions,Lasso,LOG1P,12,-0.373862,6.673839,4.108481
As_num,E4,E4_Min5_Field_Depth_Interactions,Lasso,LOG1P,13,-0.110397,9.719718,4.2405
As_num,E4,E4_Min5_Field_Depth_Interactions,Lasso,LOG1P,14,-0.101674,9.408948,3.834375
As_num,E4,E4_Min5_Field_Depth_Interactions,Lasso,LOG1P,15,-0.258175,1.364569,1.232061
As_num,E4,E4_Min5_Field_Depth_Interactions,Lasso,LOG1P,16,-0.089182,1.826635,1.352142
As_num,E4,E4_Min5_Field_Depth_Interactions,Lasso,LOG1P,17,-6.928827,1.624824,1.512065
As_num,E4,E4_Min5_Field_Depth_Interactions,Lasso,LOG1P,18,-0.12855,9.802786,4.397887
As_num,E4,E4_Min5_Field_Depth_Interactions,Lasso,LOG1P,19,-0.237876,10.26183,5.010795
As_num,E4,E4_Min5_Field_Depth_Interactions,Lasso,LOG1P,20,-0.238738,5.449864,2.863716
As_num,E4,E4_Min5_Field_Depth_Interactions,Lasso,LOG1P,21,-0.115874,1.367768,1.227173
As_num,E4,E4_Min5_Field_Depth_Interactions,Lasso,LOG1P,22,-0.074583,5.098578,2.425223
As_num,E4,E4_Min5_Field_Depth_Interactions,Lasso,LOG1P,23,-0.090304,9.418806,3.912289
As_num,E4,E4_Min5_Field_Depth_Interactions,Lasso,LOG1P,24,-0.355593,4.423135,2.724705
As_num,E4,E4_Min5_Field_Depth_Interactions,Lasso,LOG1P,25,-0.107666,9.740737,4.006565
As_num,E4,E4_Min5_Field_Depth_Interactions,Ridge,RAW,1,-347.705618,5.219447,4.362512
As_num,E4,E4_Min5_Field_Depth_Interactions,Ridge,RAW,2,-0.303011,11.025985,6.3709
As_num,E4,E4_Min5_Field_Depth_Interactions,Ridge,RAW,3,-0.233842,4.296798,3.059315
As_num,E4,E4_Min5_Field_Depth_Interactions,Ridge,RAW,4,-1.819359,2.929632,2.473074
As_num,E4,E4_Min5_Field_Depth_Interactions,Ridge,RAW,5,-0.121029,9.674578,5.072955
As_num,E4,E4_Min5_Field_Depth_Interactions,Ridge,RAW,6,-1.95247,6.632484,4.925141
As_num,E4,E4_Min5_Field_Depth_Interactions,Ridge,RAW,7,-3.566338,3.650924,3.072192
As_num,E4,E4_Min5_Field_Depth_Interactions,Ridge,RAW,8,-0.446011,5.658666,4.266097
As_num,E4,E4_Min5_Field_Depth_Interactions,Ridge,RAW,9,-3.884535,2.811775,2.438019
As_num,E4,E4_Min5_Field_Depth_Interactions,Ridge,RAW,10,-0.261537,13.489947,7.419772
As_num,E4,E4_Min5_Field_Depth_Interactions,Ridge,RAW,11,-4.997874,2.665239,2.391246
As_num,E4,E4_Min5_Field_Depth_Interactions,Ridge,RAW,12,-0.363679,6.64906,4.602634
As_num,E4,E4_Min5_Field_Depth_Interactions,Ridge,RAW,13,-0.536823,11.434742,6.873646
As_num,E4,E4_Min5_Field_Depth_Interactions,Ridge,RAW,14,-0.119696,9.485593,4.529264
As_num,E4,E4_Min5_Field_Depth_Interactions,Ridge,RAW,15,-4.78958,2.927175,2.783219
As_num,E4,E4_Min5_Field_Depth_Interactions,Ridge,RAW,16,-1.215371,2.605103,2.093233
As_num,E4,E4_Min5_Field_Depth_Interactions,Ridge,RAW,17,-78.989798,5.160824,4.681418
As_num,E4,E4_Min5_Field_Depth_Interactions,Ridge,RAW,18,-0.144757,9.872924,5.735297
As_num,E4,E4_Min5_Field_Depth_Interactions,Ridge,RAW,19,-0.192573,10.072303,5.348565
As_num,E4,E4_Min5_Field_Depth_Interactions,Ridge,RAW,20,-1.100396,7.096538,4.980102
As_num,E4,E4_Min5_Field_Depth_Interactions,Ridge,RAW,21,-2.465754,2.410481,2.19249
As_num,E4,E4_Min5_Field_Depth_Interactions,Ridge,RAW,22,-0.203022,5.394682,4.005779
As_num,E4,E4_Min5_Field_Depth_Interactions,Ridge,RAW,23,-0.158559,9.709151,4.848787
As_num,E4,E4_Min5_Field_Depth_Interactions,Ridge,RAW,24,-2.962318,7.562061,5.696076
As_num,E4,E4_Min5_Field_Depth_Interactions,Ridge,RAW,25,-0.11034,9.752488,5.212258
As_num,E4,E4_Min5_Field_Depth_Interactions,Ridge,LOG1P,1,-283.474175,4.714292,2.487854
As_num,E4,E4_Min5_Field_Depth_Interactions,Ridge,LOG1P,2,-0.290945,10.974815,5.79542
As_num,E4,E4_Min5_Field_Depth_Interactions,Ridge,LOG1P,3,-0.130632,4.113161,2.108256
As_num,E4,E4_Min5_Field_Depth_Interactions,Ridge,LOG1P,4,0.138157,1.619765,1.15642
As_num,E4,E4_Min5_Field_Depth_Interactions,Ridge,LOG1P,5,-0.154533,9.818084,4.444954
As_num,E4,E4_Min5_Field_Depth_Interactions,Ridge,LOG1P,6,-3.614644,8.291872,4.650317
As_num,E4,E4_Min5_Field_Depth_Interactions,Ridge,LOG1P,7,-0.075896,1.772164,1.490687
As_num,E4,E4_Min5_Field_Depth_Interactions,Ridge,LOG1P,8,-0.207896,5.171816,2.390027
As_num,E4,E4_Min5_Field_Depth_Interactions,Ridge,LOG1P,9,-0.23756,1.415312,1.226558
As_num,E4,E4_Min5_Field_Depth_Interactions,Ridge,LOG1P,10,-0.298304,13.685114,7.110839
As_num,E4,E4_Min5_Field_Depth_Interactions,Ridge,LOG1P,11,0.284073,0.920814,0.83907
As_num,E4,E4_Min5_Field_Depth_Interactions,Ridge,LOG1P,12,-0.388569,6.709466,4.161592
As_num,E4,E4_Min5_Field_Depth_Interactions,Ridge,LOG1P,13,-0.729627,12.130834,6.486504
As_num,E4,E4_Min5_Field_Depth_Interactions,Ridge,LOG1P,14,-0.150217,9.614004,3.698129
As_num,E4,E4_Min5_Field_Depth_Interactions,Ridge,LOG1P,15,-0.430542,1.455042,1.319368
As_num,E4,E4_Min5_Field_Depth_Interactions,Ridge,LOG1P,16,0.041002,1.713999,1.23399
As_num,E4,E4_Min5_Field_Depth_Interactions,Ridge,LOG1P,17,-19.841215,2.634288,2.334461
As_num,E4,E4_Min5_Field_Depth_Interactions,Ridge,LOG1P,18,-0.133526,9.824374,4.431002
As_num,E4,E4_Min5_Field_Depth_Interactions,Ridge,LOG1P,19,-0.265282,10.374805,4.987849
As_num,E4,E4_Min5_Field_Depth_Interactions,Ridge,LOG1P,20,-1.292911,7.414631,4.178136
As_num,E4,E4_Min5_Field_Depth_Interactions,Ridge,LOG1P,21,-0.179038,1.405946,1.193429
As_num,E4,E4_Min5_Field_Depth_Interactions,Ridge,LOG1P,22,-0.087009,5.127973,2.495322
As_num,E4,E4_Min5_Field_Depth_Interactions,Ridge,LOG1P,23,-0.138474,9.624621,3.932257
As_num,E4,E4_Min5_Field_Depth_Interactions,Ridge,LOG1P,24,-3.76607,8.29365,4.908116
As_num,E4,E4_Min5_Field_Depth_Interactions,Ridge,LOG1P,25,-0.099438,9.704493,4.119284
As_num,E4,E4_Min5_Field_Depth_Interactions,ElasticNet,RAW,1,-337.053319,5.139106,4.30301
As_num,E4,E4_Min5_Field_Depth_Interactions,ElasticNet,RAW,2,-0.2869,10.95761,6.346574
As_num,E4,E4_Min5_Field_Depth_Interactions,ElasticNet,RAW,3,-0.144991,4.139197,2.897505
As_num,E4,E4_Min5_Field_Depth_Interactions,ElasticNet,RAW,4,-1.431771,2.720817,2.318452
As_num,E4,E4_Min5_Field_Depth_Interactions,ElasticNet,RAW,5,-0.126223,9.696966,5.0481
As_num,E4,E4_Min5_Field_Depth_Interactions,ElasticNet,RAW,6,-1.843872,6.509362,4.793625
As_num,E4,E4_Min5_Field_Depth_Interactions,ElasticNet,RAW,7,-3.098372,3.458792,2.912209
As_num,E4,E4_Min5_Field_Depth_Interactions,ElasticNet,RAW,8,-0.382968,5.533939,4.150504
As_num,E4,E4_Min5_Field_Depth_Interactions,ElasticNet,RAW,9,-3.864366,2.805964,2.519215
As_num,E4,E4_Min5_Field_Depth_Interactions,ElasticNet,RAW,10,-0.235282,13.34883,7.44235
As_num,E4,E4_Min5_Field_Depth_Interactions,ElasticNet,RAW,11,-4.106497,2.459229,2.173065
As_num,E4,E4_Min5_Field_Depth_Interactions,ElasticNet,RAW,12,-0.312401,6.52285,4.459879
As_num,E4,E4_Min5_Field_Depth_Interactions,ElasticNet,RAW,13,-0.379908,10.835266,6.382789
As_num,E4,E4_Min5_Field_Depth_Interactions,ElasticNet,RAW,14,-0.102846,9.413951,4.587656
As_num,E4,E4_Min5_Field_Depth_Interactions,ElasticNet,RAW,15,-5.071378,2.997566,2.850353
As_num,E4,E4_Min5_Field_Depth_Interactions,ElasticNet,RAW,16,-0.714853,2.292003,1.899701
As_num,E4,E4_Min5_Field_Depth_Interactions,ElasticNet,RAW,17,-70.807273,4.889742,4.492822
As_num,E4,E4_Min5_Field_Depth_Interactions,ElasticNet,RAW,18,-0.137826,9.842989,5.566556
As_num,E4,E4_Min5_Field_Depth_Interactions,ElasticNet,RAW,19,-0.184818,10.039498,5.367913
As_num,E4,E4_Min5_Field_Depth_Interactions,ElasticNet,RAW,20,-1.025665,6.96915,4.868484
As_num,E4,E4_Min5_Field_Depth_Interactions,ElasticNet,RAW,21,-2.370942,2.377281,2.170133
As_num,E4,E4_Min5_Field_Depth_Interactions,ElasticNet,RAW,22,-0.175457,5.332521,4.0058
As_num,E4,E4_Min5_Field_Depth_Interactions,ElasticNet,RAW,23,-0.140781,9.634371,4.858266
As_num,E4,E4_Min5_Field_Depth_Interactions,ElasticNet,RAW,24,-2.785743,7.391644,5.516789
As_num,E4,E4_Min5_Field_Depth_Interactions,ElasticNet,RAW,25,-0.105502,9.731216,5.038176
As_num,E4,E4_Min5_Field_Depth_Interactions,ElasticNet,LOG1P,1,-61.397549,2.207897,1.569841
As_num,E4,E4_Min5_Field_Depth_Interactions,ElasticNet,LOG1P,2,-0.257566,10.832001,5.667468
As_num,E4,E4_Min5_Field_Depth_Interactions,ElasticNet,LOG1P,3,-0.107541,4.070943,2.06865
As_num,E4,E4_Min5_Field_Depth_Interactions,ElasticNet,LOG1P,4,0.000399,1.744421,1.251446
As_num,E4,E4_Min5_Field_Depth_Interactions,ElasticNet,LOG1P,5,-0.157659,9.83137,4.414105
As_num,E4,E4_Min5_Field_Depth_Interactions,ElasticNet,LOG1P,6,-0.709622,5.047003,3.052893
As_num,E4,E4_Min5_Field_Depth_Interactions,ElasticNet,LOG1P,7,0.057856,1.658355,1.396073
As_num,E4,E4_Min5_Field_Depth_Interactions,ElasticNet,LOG1P,8,-0.207331,5.170606,2.364472
As_num,E4,E4_Min5_Field_Depth_Interactions,ElasticNet,LOG1P,9,-0.131393,1.353243,1.175489
As_num,E4,E4_Min5_Field_Depth_Interactions,ElasticNet,LOG1P,10,-0.283639,13.607605,7.201932
As_num,E4,E4_Min5_Field_Depth_Interactions,ElasticNet,LOG1P,11,0.121565,1.019981,0.920192
As_num,E4,E4_Min5_Field_Depth_Interactions,ElasticNet,LOG1P,12,-0.377825,6.683457,4.116429
As_num,E4,E4_Min5_Field_Depth_Interactions,ElasticNet,LOG1P,13,-0.130332,9.806576,4.50581
As_num,E4,E4_Min5_Field_Depth_Interactions,ElasticNet,LOG1P,14,-0.119227,9.483606,3.789452
As_num,E4,E4_Min5_Field_Depth_Interactions,ElasticNet,LOG1P,15,-0.290032,1.381737,1.231495
As_num,E4,E4_Min5_Field_Depth_Interactions,ElasticNet,LOG1P,16,-0.047943,1.791722,1.326671
As_num,E4,E4_Min5_Field_Depth_Interactions,ElasticNet,LOG1P,17,-11.399048,2.03187,1.845927
As_num,E4,E4_Min5_Field_Depth_Interactions,ElasticNet,LOG1P,18,-0.133502,9.82427,4.420342
As_num,E4,E4_Min5_Field_Depth_Interactions,ElasticNet,LOG1P,19,-0.244942,10.291076,5.004306
As_num,E4,E4_Min5_Field_Depth_Interactions,ElasticNet,LOG1P,20,-0.385137,5.762915,3.149034
As_num,E4,E4_Min5_Field_Depth_Interactions,ElasticNet,LOG1P,21,-0.137841,1.381165,1.215794
As_num,E4,E4_Min5_Field_Depth_Interactions,ElasticNet,LOG1P,22,-0.084094,5.121092,2.451217
As_num,E4,E4_Min5_Field_Depth_Interactions,ElasticNet,LOG1P,23,-0.109218,9.500154,3.917371
As_num,E4,E4_Min5_Field_Depth_Interactions,ElasticNet,LOG1P,24,-0.488987,4.635654,2.967306
As_num,E4,E4_Min5_Field_Depth_Interactions,ElasticNet,LOG1P,25,-0.102404,9.717575,4.022145
As_num,E5,E5_Full_Parsimonious_Easy_Panel,SVR_RBF,RAW,1,-1.17563,0.412275,0.378519
As_num,E5,E5_Full_Parsimonious_Easy_Panel,SVR_RBF,RAW,2,-0.265732,10.867113,5.538857
As_num,E5,E5_Full_Parsimonious_Easy_Panel,SVR_RBF,RAW,3,-0.180471,4.202839,1.949521
As_num,E5,E5_Full_Parsimonious_Easy_Panel,SVR_RBF,RAW,4,-0.161633,1.880496,1.130658
As_num,E5,E5_Full_Parsimonious_Easy_Panel,SVR_RBF,RAW,5,-0.212604,10.061971,4.25074
As_num,E5,E5_Full_Parsimonious_Easy_Panel,SVR_RBF,RAW,6,-0.149385,4.138246,1.858218
As_num,E5,E5_Full_Parsimonious_Easy_Panel,SVR_RBF,RAW,7,0.187001,1.540508,0.98374
As_num,E5,E5_Full_Parsimonious_Easy_Panel,SVR_RBF,RAW,8,-0.29723,5.359653,2.525867
As_num,E5,E5_Full_Parsimonious_Easy_Panel,SVR_RBF,RAW,9,0.187812,1.146561,0.784818
As_num,E5,E5_Full_Parsimonious_Easy_Panel,SVR_RBF,RAW,10,-0.322242,13.810697,7.191625
As_num,E5,E5_Full_Parsimonious_Easy_Panel,SVR_RBF,RAW,11,-0.272086,1.227427,0.818819
As_num,E5,E5_Full_Parsimonious_Easy_Panel,SVR_RBF,RAW,12,-0.454737,6.867464,4.092535
As_num,E5,E5_Full_Parsimonious_Easy_Panel,SVR_RBF,RAW,13,-0.158801,9.929305,3.920195
As_num,E5,E5_Full_Parsimonious_Easy_Panel,SVR_RBF,RAW,14,-0.133525,9.543991,3.573491
As_num,E5,E5_Full_Parsimonious_Easy_Panel,SVR_RBF,RAW,15,0.250289,1.053349,0.653304
As_num,E5,E5_Full_Parsimonious_Easy_Panel,SVR_RBF,RAW,16,-0.277999,1.978641,1.298005
As_num,E5,E5_Full_Parsimonious_Easy_Panel,SVR_RBF,RAW,17,-2.193424,1.03117,0.938836
As_num,E5,E5_Full_Parsimonious_Easy_Panel,SVR_RBF,RAW,18,-0.183229,10.037455,4.140876
As_num,E5,E5_Full_Parsimonious_Easy_Panel,SVR_RBF,RAW,19,-0.263029,10.365561,5.013844
As_num,E5,E5_Full_Parsimonious_Easy_Panel,SVR_RBF,RAW,20,-0.129345,5.203665,2.21223
As_num,E5,E5_Full_Parsimonious_Easy_Panel,SVR_RBF,RAW,21,0.149355,1.194205,0.84856
As_num,E5,E5_Full_Parsimonious_Easy_Panel,SVR_RBF,RAW,22,-0.118263,5.201172,2.126396
As_num,E5,E5_Full_Parsimonious_Easy_Panel,SVR_RBF,RAW,23,-0.111187,9.50858,3.751208
As_num,E5,E5_Full_Parsimonious_Easy_Panel,SVR_RBF,RAW,24,-0.419666,4.52646,2.52962
As_num,E5,E5_Full_Parsimonious_Easy_Panel,SVR_RBF,RAW,25,-0.173744,10.027072,3.986422
As_num,E5,E5_Full_Parsimonious_Easy_Panel,SVR_RBF,LOG1P,1,-1.287122,0.422707,0.373647
As_num,E5,E5_Full_Parsimonious_Easy_Panel,SVR_RBF,LOG1P,2,-0.259278,10.839375,5.565763
As_num,E5,E5_Full_Parsimonious_Easy_Panel,SVR_RBF,LOG1P,3,-0.152311,4.152408,1.823384
As_num,E5,E5_Full_Parsimonious_Easy_Panel,SVR_RBF,LOG1P,4,-0.151907,1.872607,1.143243
As_num,E5,E5_Full_Parsimonious_Easy_Panel,SVR_RBF,LOG1P,5,-0.211538,10.057547,4.322674
As_num,E5,E5_Full_Parsimonious_Easy_Panel,SVR_RBF,LOG1P,6,-0.135501,4.113176,1.875152
As_num,E5,E5_Full_Parsimonious_Easy_Panel,SVR_RBF,LOG1P,7,0.192837,1.534968,0.976391
As_num,E5,E5_Full_Parsimonious_Easy_Panel,SVR_RBF,LOG1P,8,-0.272014,5.307306,2.440592
As_num,E5,E5_Full_Parsimonious_Easy_Panel,SVR_RBF,LOG1P,9,0.272999,1.084767,0.742577
As_num,E5,E5_Full_Parsimonious_Easy_Panel,SVR_RBF,LOG1P,10,-0.313572,13.765345,7.129187
As_num,E5,E5_Full_Parsimonious_Easy_Panel,SVR_RBF,LOG1P,11,-0.230244,1.207072,0.76485
As_num,E5,E5_Full_Parsimonious_Easy_Panel,SVR_RBF,LOG1P,12,-0.452788,6.862862,4.08739
As_num,E5,E5_Full_Parsimonious_Easy_Panel,SVR_RBF,LOG1P,13,-0.150742,9.894717,3.925524
As_num,E5,E5_Full_Parsimonious_Easy_Panel,SVR_RBF,LOG1P,14,-0.141625,9.578031,3.615268
As_num,E5,E5_Full_Parsimonious_Easy_Panel,SVR_RBF,LOG1P,15,0.507372,0.853856,0.602616
As_num,E5,E5_Full_Parsimonious_Easy_Panel,SVR_RBF,LOG1P,16,-0.301633,1.996852,1.26822
As_num,E5,E5_Full_Parsimonious_Easy_Panel,SVR_RBF,LOG1P,17,-6.240503,1.552695,1.291467
As_num,E5,E5_Full_Parsimonious_Easy_Panel,SVR_RBF,LOG1P,18,-0.184589,10.043222,4.17645
As_num,E5,E5_Full_Parsimonious_Easy_Panel,SVR_RBF,LOG1P,19,-0.261911,10.360973,4.998982
As_num,E5,E5_Full_Parsimonious_Easy_Panel,SVR_RBF,LOG1P,20,-0.116707,5.174466,2.207107
As_num,E5,E5_Full_Parsimonious_Easy_Panel,SVR_RBF,LOG1P,21,0.265827,1.10944,0.756847
As_num,E5,E5_Full_Parsimonious_Easy_Panel,SVR_RBF,LOG1P,22,-0.105004,5.170243,2.148824
As_num,E5,E5_Full_Parsimonious_Easy_Panel,SVR_RBF,LOG1P,23,-0.124698,9.566215,3.836031
As_num,E5,E5_Full_Parsimonious_Easy_Panel,SVR_RBF,LOG1P,24,-0.380174,4.463057,2.491981
As_num,E5,E5_Full_Parsimonious_Easy_Panel,SVR_RBF,LOG1P,25,-0.171349,10.016837,3.96452
As_num,E5,E5_Full_Parsimonious_Easy_Panel,PLS,RAW,1,-363.462663,5.33607,4.454643
As_num,E5,E5_Full_Parsimonious_Easy_Panel,PLS,RAW,2,-0.26906,10.881391,6.296517
As_num,E5,E5_Full_Parsimonious_Easy_Panel,PLS,RAW,3,-0.128869,4.109954,2.935279
As_num,E5,E5_Full_Parsimonious_Easy_Panel,PLS,RAW,4,-1.858801,2.950053,2.394381
As_num,E5,E5_Full_Parsimonious_Easy_Panel,PLS,RAW,5,-0.139966,9.755949,5.192465
As_num,E5,E5_Full_Parsimonious_Easy_Panel,PLS,RAW,6,-2.006424,6.692811,5.020565
As_num,E5,E5_Full_Parsimonious_Easy_Panel,PLS,RAW,7,-2.83561,3.346077,2.600045
As_num,E5,E5_Full_Parsimonious_Easy_Panel,PLS,RAW,8,-0.440588,5.648044,4.350447
As_num,E5,E5_Full_Parsimonious_Easy_Panel,PLS,RAW,9,-4.667566,3.028776,2.709775
As_num,E5,E5_Full_Parsimonious_Easy_Panel,PLS,RAW,10,-0.2338,13.340821,7.388093
As_num,E5,E5_Full_Parsimonious_Easy_Panel,PLS,RAW,11,-6.285713,2.93747,2.553372
As_num,E5,E5_Full_Parsimonious_Easy_Panel,PLS,RAW,12,-0.284303,6.452646,4.430971
As_num,E5,E5_Full_Parsimonious_Easy_Panel,PLS,RAW,13,-0.357252,10.745948,6.425744
As_num,E5,E5_Full_Parsimonious_Easy_Panel,PLS,RAW,14,-0.095996,9.384671,4.538565
As_num,E5,E5_Full_Parsimonious_Easy_Panel,PLS,RAW,15,-5.828856,3.179063,3.009563
As_num,E5,E5_Full_Parsimonious_Easy_Panel,PLS,RAW,16,-0.731567,2.303146,1.883752
As_num,E5,E5_Full_Parsimonious_Easy_Panel,PLS,RAW,17,-88.463566,5.457891,5.113192
As_num,E5,E5_Full_Parsimonious_Easy_Panel,PLS,RAW,18,-0.148224,9.887862,5.546752
As_num,E5,E5_Full_Parsimonious_Easy_Panel,PLS,RAW,19,-0.182306,10.02885,5.323918
As_num,E5,E5_Full_Parsimonious_Easy_Panel,PLS,RAW,20,-1.006852,6.936711,4.924844
As_num,E5,E5_Full_Parsimonious_Easy_Panel,PLS,RAW,21,-3.163653,2.642056,2.213786
As_num,E5,E5_Full_Parsimonious_Easy_Panel,PLS,RAW,22,-0.201819,5.391985,4.087678
As_num,E5,E5_Full_Parsimonious_Easy_Panel,PLS,RAW,23,-0.135749,9.613098,4.763913
As_num,E5,E5_Full_Parsimonious_Easy_Panel,PLS,RAW,24,-2.719873,7.327057,5.557402
As_num,E5,E5_Full_Parsimonious_Easy_Panel,PLS,RAW,25,-0.124277,9.813506,5.122663
As_num,E5,E5_Full_Parsimonious_Easy_Panel,PLS,LOG1P,1,-59.800671,2.179462,1.627958
As_num,E5,E5_Full_Parsimonious_Easy_Panel,PLS,LOG1P,2,-0.278074,10.91997,5.726429
As_num,E5,E5_Full_Parsimonious_Easy_Panel,PLS,LOG1P,3,-0.12332,4.099839,2.1329
As_num,E5,E5_Full_Parsimonious_Easy_Panel,PLS,LOG1P,4,0.148819,1.609715,1.134003
As_num,E5,E5_Full_Parsimonious_Easy_Panel,PLS,LOG1P,5,-0.149334,9.795955,4.468496
As_num,E5,E5_Full_Parsimonious_Easy_Panel,PLS,LOG1P,6,-1.042823,5.516947,3.443917
As_num,E5,E5_Full_Parsimonious_Easy_Panel,PLS,LOG1P,7,-0.030405,1.734294,1.42967
As_num,E5,E5_Full_Parsimonious_Easy_Panel,PLS,LOG1P,8,-0.210209,5.176765,2.408525
As_num,E5,E5_Full_Parsimonious_Easy_Panel,PLS,LOG1P,9,-0.3132,1.457922,1.266824
As_num,E5,E5_Full_Parsimonious_Easy_Panel,PLS,LOG1P,10,-0.280997,13.593593,7.08299
As_num,E5,E5_Full_Parsimonious_Easy_Panel,PLS,LOG1P,11,0.298618,0.911412,0.814891
As_num,E5,E5_Full_Parsimonious_Easy_Panel,PLS,LOG1P,12,-0.378108,6.684145,4.149008
As_num,E5,E5_Full_Parsimonious_Easy_Panel,PLS,LOG1P,13,-0.153686,9.907365,4.709858
As_num,E5,E5_Full_Parsimonious_Easy_Panel,PLS,LOG1P,14,-0.133142,9.542379,3.746566
As_num,E5,E5_Full_Parsimonious_Easy_Panel,PLS,LOG1P,15,-0.52402,1.501829,1.335943
As_num,E5,E5_Full_Parsimonious_Easy_Panel,PLS,LOG1P,16,0.060044,1.696897,1.231053
As_num,E5,E5_Full_Parsimonious_Easy_Panel,PLS,LOG1P,17,-20.560004,2.67933,2.435583
As_num,E5,E5_Full_Parsimonious_Easy_Panel,PLS,LOG1P,18,-0.136609,9.837727,4.404815
As_num,E5,E5_Full_Parsimonious_Easy_Panel,PLS,LOG1P,19,-0.2575,10.342851,4.97977
As_num,E5,E5_Full_Parsimonious_Easy_Panel,PLS,LOG1P,20,-0.242237,5.457556,2.91462
As_num,E5,E5_Full_Parsimonious_Easy_Panel,PLS,LOG1P,21,-0.288184,1.469582,1.233539
As_num,E5,E5_Full_Parsimonious_Easy_Panel,PLS,LOG1P,22,-0.088827,5.132259,2.502701
As_num,E5,E5_Full_Parsimonious_Easy_Panel,PLS,LOG1P,23,-0.128164,9.580942,3.926348
As_num,E5,E5_Full_Parsimonious_Easy_Panel,PLS,LOG1P,24,-0.815002,5.118045,3.396266
As_num,E5,E5_Full_Parsimonious_Easy_Panel,PLS,LOG1P,25,-0.094227,9.681468,4.150735
As_num,E5,E5_Full_Parsimonious_Easy_Panel,Lasso,RAW,1,-293.997907,4.800699,4.204606
As_num,E5,E5_Full_Parsimonious_Easy_Panel,Lasso,RAW,2,-0.280101,10.928624,6.342239
As_num,E5,E5_Full_Parsimonious_Easy_Panel,Lasso,RAW,3,-0.274399,4.366846,3.299967
As_num,E5,E5_Full_Parsimonious_Easy_Panel,Lasso,RAW,4,-1.531892,2.776262,2.212353
As_num,E5,E5_Full_Parsimonious_Easy_Panel,Lasso,RAW,5,-0.118671,9.6644,5.284534
As_num,E5,E5_Full_Parsimonious_Easy_Panel,Lasso,RAW,6,-1.338484,5.902699,4.519099
As_num,E5,E5_Full_Parsimonious_Easy_Panel,Lasso,RAW,7,-2.570655,3.22844,2.616148
As_num,E5,E5_Full_Parsimonious_Easy_Panel,Lasso,RAW,8,-0.416935,5.601486,4.244768
As_num,E5,E5_Full_Parsimonious_Easy_Panel,Lasso,RAW,9,-5.454497,3.232214,2.950161
As_num,E5,E5_Full_Parsimonious_Easy_Panel,Lasso,RAW,10,-0.233899,13.341358,7.539386
As_num,E5,E5_Full_Parsimonious_Easy_Panel,Lasso,RAW,11,-4.955012,2.655698,2.272205
As_num,E5,E5_Full_Parsimonious_Easy_Panel,Lasso,RAW,12,-0.324847,6.553708,4.754937
As_num,E5,E5_Full_Parsimonious_Easy_Panel,Lasso,RAW,13,-0.388659,10.869568,6.363934
As_num,E5,E5_Full_Parsimonious_Easy_Panel,Lasso,RAW,14,-0.096773,9.387993,4.605741
As_num,E5,E5_Full_Parsimonious_Easy_Panel,Lasso,RAW,15,-5.81136,3.174988,2.963007
As_num,E5,E5_Full_Parsimonious_Easy_Panel,Lasso,RAW,16,-1.711004,2.88182,2.492455
As_num,E5,E5_Full_Parsimonious_Easy_Panel,Lasso,RAW,17,-94.452959,5.637628,5.304431
As_num,E5,E5_Full_Parsimonious_Easy_Panel,Lasso,RAW,18,-0.106457,9.706361,5.469959
As_num,E5,E5_Full_Parsimonious_Easy_Panel,Lasso,RAW,19,-0.179009,10.014856,5.374236
As_num,E5,E5_Full_Parsimonious_Easy_Panel,Lasso,RAW,20,-0.682088,6.350682,4.369918
As_num,E5,E5_Full_Parsimonious_Easy_Panel,Lasso,RAW,21,-3.873915,2.858537,2.476001
As_num,E5,E5_Full_Parsimonious_Easy_Panel,Lasso,RAW,22,-0.231523,5.458212,4.068895
As_num,E5,E5_Full_Parsimonious_Easy_Panel,Lasso,RAW,23,-0.133338,9.602888,4.846249
As_num,E5,E5_Full_Parsimonious_Easy_Panel,Lasso,RAW,24,-2.065135,6.651051,5.017216
As_num,E5,E5_Full_Parsimonious_Easy_Panel,Lasso,RAW,25,-0.088763,9.657264,5.344493
As_num,E5,E5_Full_Parsimonious_Easy_Panel,Lasso,LOG1P,1,-30.757222,1.57513,1.302537
As_num,E5,E5_Full_Parsimonious_Easy_Panel,Lasso,LOG1P,2,-0.23996,10.755913,5.618475
As_num,E5,E5_Full_Parsimonious_Easy_Panel,Lasso,LOG1P,3,-0.092669,4.043519,2.096534
As_num,E5,E5_Full_Parsimonious_Easy_Panel,Lasso,LOG1P,4,-0.08175,1.814686,1.297159
As_num,E5,E5_Full_Parsimonious_Easy_Panel,Lasso,LOG1P,5,-0.155171,9.820796,4.373457
As_num,E5,E5_Full_Parsimonious_Easy_Panel,Lasso,LOG1P,6,-0.37518,4.526507,2.658796
As_num,E5,E5_Full_Parsimonious_Easy_Panel,Lasso,LOG1P,7,0.021239,1.690274,1.401453
As_num,E5,E5_Full_Parsimonious_Easy_Panel,Lasso,LOG1P,8,-0.200626,5.156227,2.394624
As_num,E5,E5_Full_Parsimonious_Easy_Panel,Lasso,LOG1P,9,-0.179761,1.381866,1.196289
As_num,E5,E5_Full_Parsimonious_Easy_Panel,Lasso,LOG1P,10,-0.28261,13.602149,7.204426
As_num,E5,E5_Full_Parsimonious_Easy_Panel,Lasso,LOG1P,11,0.03987,1.066357,0.952531
As_num,E5,E5_Full_Parsimonious_Easy_Panel,Lasso,LOG1P,12,-0.372646,6.670885,4.133773
As_num,E5,E5_Full_Parsimonious_Easy_Panel,Lasso,LOG1P,13,-0.110397,9.719718,4.2405
As_num,E5,E5_Full_Parsimonious_Easy_Panel,Lasso,LOG1P,14,-0.101674,9.408948,3.834375
As_num,E5,E5_Full_Parsimonious_Easy_Panel,Lasso,LOG1P,15,-0.336402,1.406351,1.238554
As_num,E5,E5_Full_Parsimonious_Easy_Panel,Lasso,LOG1P,16,-0.089182,1.826635,1.352142
As_num,E5,E5_Full_Parsimonious_Easy_Panel,Lasso,LOG1P,17,-7.65598,1.697696,1.606677
As_num,E5,E5_Full_Parsimonious_Easy_Panel,Lasso,LOG1P,18,-0.12855,9.802786,4.397887
As_num,E5,E5_Full_Parsimonious_Easy_Panel,Lasso,LOG1P,19,-0.237876,10.26183,5.010795
As_num,E5,E5_Full_Parsimonious_Easy_Panel,Lasso,LOG1P,20,-0.238738,5.449864,2.863716
As_num,E5,E5_Full_Parsimonious_Easy_Panel,Lasso,LOG1P,21,-0.21852,1.429293,1.252211
As_num,E5,E5_Full_Parsimonious_Easy_Panel,Lasso,LOG1P,22,-0.073365,5.095687,2.437154
As_num,E5,E5_Full_Parsimonious_Easy_Panel,Lasso,LOG1P,23,-0.090304,9.418806,3.912289
As_num,E5,E5_Full_Parsimonious_Easy_Panel,Lasso,LOG1P,24,-0.355593,4.423135,2.724705
As_num,E5,E5_Full_Parsimonious_Easy_Panel,Lasso,LOG1P,25,-0.103775,9.723616,4.010443
As_num,E5,E5_Full_Parsimonious_Easy_Panel,Ridge,RAW,1,-295.589609,4.813633,4.263539
As_num,E5,E5_Full_Parsimonious_Easy_Panel,Ridge,RAW,2,-0.352274,11.23248,6.467427
As_num,E5,E5_Full_Parsimonious_Easy_Panel,Ridge,RAW,3,-0.319007,4.442615,3.393443
As_num,E5,E5_Full_Parsimonious_Easy_Panel,Ridge,RAW,4,-1.688408,2.860787,2.300644
As_num,E5,E5_Full_Parsimonious_Easy_Panel,Ridge,RAW,5,-0.131693,9.720484,5.398997
As_num,E5,E5_Full_Parsimonious_Easy_Panel,Ridge,RAW,6,-1.579547,6.199479,4.720208
As_num,E5,E5_Full_Parsimonious_Easy_Panel,Ridge,RAW,7,-2.82626,3.341997,2.744424
As_num,E5,E5_Full_Parsimonious_Easy_Panel,Ridge,RAW,8,-0.452936,5.672199,4.344509
As_num,E5,E5_Full_Parsimonious_Easy_Panel,Ridge,RAW,9,-6.604277,3.50831,3.189813
As_num,E5,E5_Full_Parsimonious_Easy_Panel,Ridge,RAW,10,-0.271512,13.543171,7.394365
As_num,E5,E5_Full_Parsimonious_Easy_Panel,Ridge,RAW,11,-5.459829,2.765973,2.47577
As_num,E5,E5_Full_Parsimonious_Easy_Panel,Ridge,RAW,12,-0.352879,6.622678,4.843701
As_num,E5,E5_Full_Parsimonious_Easy_Panel,Ridge,RAW,13,-0.485856,11.243532,6.713397
As_num,E5,E5_Full_Parsimonious_Easy_Panel,Ridge,RAW,14,-0.112213,9.453845,4.532904
As_num,E5,E5_Full_Parsimonious_Easy_Panel,Ridge,RAW,15,-6.72427,3.381067,3.03887
As_num,E5,E5_Full_Parsimonious_Easy_Panel,Ridge,RAW,16,-2.355677,3.206209,2.761499
As_num,E5,E5_Full_Parsimonious_Easy_Panel,Ridge,RAW,17,-91.114886,5.538175,5.190001
As_num,E5,E5_Full_Parsimonious_Easy_Panel,Ridge,RAW,18,-0.116591,9.750707,5.486514
As_num,E5,E5_Full_Parsimonious_Easy_Panel,Ridge,RAW,19,-0.199173,10.100135,5.350533
As_num,E5,E5_Full_Parsimonious_Easy_Panel,Ridge,RAW,20,-0.894449,6.73965,4.673491
As_num,E5,E5_Full_Parsimonious_Easy_Panel,Ridge,RAW,21,-4.824533,3.124895,2.674228
As_num,E5,E5_Full_Parsimonious_Easy_Panel,Ridge,RAW,22,-0.25323,5.506106,4.07422
As_num,E5,E5_Full_Parsimonious_Easy_Panel,Ridge,RAW,23,-0.194479,9.858515,4.988397
As_num,E5,E5_Full_Parsimonious_Easy_Panel,Ridge,RAW,24,-2.43488,7.040788,5.233123
As_num,E5,E5_Full_Parsimonious_Easy_Panel,Ridge,RAW,25,-0.113671,9.767105,5.570714
As_num,E5,E5_Full_Parsimonious_Easy_Panel,Ridge,LOG1P,1,-228.135073,4.230978,2.339302
As_num,E5,E5_Full_Parsimonious_Easy_Panel,Ridge,LOG1P,2,-0.320661,11.100411,6.012288
As_num,E5,E5_Full_Parsimonious_Easy_Panel,Ridge,LOG1P,3,-0.136333,4.123518,2.170428
As_num,E5,E5_Full_Parsimonious_Easy_Panel,Ridge,LOG1P,4,0.074637,1.678395,1.159501
As_num,E5,E5_Full_Parsimonious_Easy_Panel,Ridge,LOG1P,5,-0.154724,9.818898,4.524196
As_num,E5,E5_Full_Parsimonious_Easy_Panel,Ridge,LOG1P,6,-3.666557,8.338381,4.668838
As_num,E5,E5_Full_Parsimonious_Easy_Panel,Ridge,LOG1P,7,-0.073166,1.769915,1.483992
As_num,E5,E5_Full_Parsimonious_Easy_Panel,Ridge,LOG1P,8,-0.207945,5.171921,2.401646
As_num,E5,E5_Full_Parsimonious_Easy_Panel,Ridge,LOG1P,9,-0.614427,1.616509,1.406862
As_num,E5,E5_Full_Parsimonious_Easy_Panel,Ridge,LOG1P,10,-0.307583,13.733928,7.160322
As_num,E5,E5_Full_Parsimonious_Easy_Panel,Ridge,LOG1P,11,0.192572,0.977888,0.879919
As_num,E5,E5_Full_Parsimonious_Easy_Panel,Ridge,LOG1P,12,-0.390083,6.713121,4.209553
As_num,E5,E5_Full_Parsimonious_Easy_Panel,Ridge,LOG1P,13,-0.847511,12.537415,6.741233
As_num,E5,E5_Full_Parsimonious_Easy_Panel,Ridge,LOG1P,14,-0.163073,9.667585,3.720448
As_num,E5,E5_Full_Parsimonious_Easy_Panel,Ridge,LOG1P,15,-0.710972,1.59128,1.382718
As_num,E5,E5_Full_Parsimonious_Easy_Panel,Ridge,LOG1P,16,-0.197694,1.915467,1.453429
As_num,E5,E5_Full_Parsimonious_Easy_Panel,Ridge,LOG1P,17,-20.133077,2.652669,2.432548
As_num,E5,E5_Full_Parsimonious_Easy_Panel,Ridge,LOG1P,18,-0.131995,9.817739,4.402705
As_num,E5,E5_Full_Parsimonious_Easy_Panel,Ridge,LOG1P,19,-0.281036,10.439191,5.037345
As_num,E5,E5_Full_Parsimonious_Easy_Panel,Ridge,LOG1P,20,-1.449702,7.663949,4.307849
As_num,E5,E5_Full_Parsimonious_Easy_Panel,Ridge,LOG1P,21,-0.582481,1.628824,1.328072
As_num,E5,E5_Full_Parsimonious_Easy_Panel,Ridge,LOG1P,22,-0.0874,5.128896,2.508841
As_num,E5,E5_Full_Parsimonious_Easy_Panel,Ridge,LOG1P,23,-0.165434,9.737915,4.073489
As_num,E5,E5_Full_Parsimonious_Easy_Panel,Ridge,LOG1P,24,-3.508498,8.066431,4.821817
As_num,E5,E5_Full_Parsimonious_Easy_Panel,Ridge,LOG1P,25,-0.09696,9.693551,4.160078
As_num,E5,E5_Full_Parsimonious_Easy_Panel,ElasticNet,RAW,1,-296.596019,4.821793,4.223638
As_num,E5,E5_Full_Parsimonious_Easy_Panel,ElasticNet,RAW,2,-0.2869,10.95761,6.346574
As_num,E5,E5_Full_Parsimonious_Easy_Panel,ElasticNet,RAW,3,-0.229879,4.289891,3.210413
As_num,E5,E5_Full_Parsimonious_Easy_Panel,ElasticNet,RAW,4,-1.416399,2.712203,2.197215
As_num,E5,E5_Full_Parsimonious_Easy_Panel,ElasticNet,RAW,5,-0.115609,9.651161,5.240306
As_num,E5,E5_Full_Parsimonious_Easy_Panel,ElasticNet,RAW,6,-1.417807,6.001976,4.578284
As_num,E5,E5_Full_Parsimonious_Easy_Panel,ElasticNet,RAW,7,-2.557769,3.222609,2.658427
As_num,E5,E5_Full_Parsimonious_Easy_Panel,ElasticNet,RAW,8,-0.403069,5.574011,4.21253
As_num,E5,E5_Full_Parsimonious_Easy_Panel,ElasticNet,RAW,9,-5.168176,3.159711,2.877188
As_num,E5,E5_Full_Parsimonious_Easy_Panel,ElasticNet,RAW,10,-0.238085,13.363968,7.445088
As_num,E5,E5_Full_Parsimonious_Easy_Panel,ElasticNet,RAW,11,-4.754275,2.610554,2.224498
As_num,E5,E5_Full_Parsimonious_Easy_Panel,ElasticNet,RAW,12,-0.310361,6.51778,4.6719
As_num,E5,E5_Full_Parsimonious_Easy_Panel,ElasticNet,RAW,13,-0.356754,10.743976,6.258628
As_num,E5,E5_Full_Parsimonious_Easy_Panel,ElasticNet,RAW,14,-0.092342,9.369011,4.586804
As_num,E5,E5_Full_Parsimonious_Easy_Panel,ElasticNet,RAW,15,-5.781547,3.168032,2.970319
As_num,E5,E5_Full_Parsimonious_Easy_Panel,ElasticNet,RAW,16,-1.417283,2.721231,2.339051
As_num,E5,E5_Full_Parsimonious_Easy_Panel,ElasticNet,RAW,17,-84.822118,5.34566,5.037226
As_num,E5,E5_Full_Parsimonious_Easy_Panel,ElasticNet,RAW,18,-0.108632,9.715895,5.440507
As_num,E5,E5_Full_Parsimonious_Easy_Panel,ElasticNet,RAW,19,-0.184818,10.039499,5.367913
As_num,E5,E5_Full_Parsimonious_Easy_Panel,ElasticNet,RAW,20,-0.797035,6.564085,4.539251
As_num,E5,E5_Full_Parsimonious_Easy_Panel,ElasticNet,RAW,21,-3.714085,2.811276,2.436034
As_num,E5,E5_Full_Parsimonious_Easy_Panel,ElasticNet,RAW,22,-0.216687,5.425236,4.064751
As_num,E5,E5_Full_Parsimonious_Easy_Panel,ElasticNet,RAW,23,-0.140782,9.634372,4.858266
As_num,E5,E5_Full_Parsimonious_Easy_Panel,ElasticNet,RAW,24,-2.204532,6.800609,5.123929
As_num,E5,E5_Full_Parsimonious_Easy_Panel,ElasticNet,RAW,25,-0.093026,9.676152,5.314713
As_num,E5,E5_Full_Parsimonious_Easy_Panel,ElasticNet,LOG1P,1,-61.397382,2.207894,1.569839
As_num,E5,E5_Full_Parsimonious_Easy_Panel,ElasticNet,LOG1P,2,-0.257566,10.832001,5.667468
As_num,E5,E5_Full_Parsimonious_Easy_Panel,ElasticNet,LOG1P,3,-0.10612,4.068331,2.103566
As_num,E5,E5_Full_Parsimonious_Easy_Panel,ElasticNet,LOG1P,4,0.032311,1.71635,1.218159
As_num,E5,E5_Full_Parsimonious_Easy_Panel,ElasticNet,LOG1P,5,-0.151326,9.804441,4.428228
As_num,E5,E5_Full_Parsimonious_Easy_Panel,ElasticNet,LOG1P,6,-0.709617,5.046996,3.052887
As_num,E5,E5_Full_Parsimonious_Easy_Panel,ElasticNet,LOG1P,7,0.056771,1.65931,1.379648
As_num,E5,E5_Full_Parsimonious_Easy_Panel,ElasticNet,LOG1P,8,-0.205518,5.166723,2.37309
As_num,E5,E5_Full_Parsimonious_Easy_Panel,ElasticNet,LOG1P,9,-0.284117,1.441688,1.246553
As_num,E5,E5_Full_Parsimonious_Easy_Panel,ElasticNet,LOG1P,10,-0.283639,13.607605,7.201932
As_num,E5,E5_Full_Parsimonious_Easy_Panel,ElasticNet,LOG1P,11,0.13061,1.014717,0.917647
As_num,E5,E5_Full_Parsimonious_Easy_Panel,ElasticNet,LOG1P,12,-0.376934,6.681295,4.147283
As_num,E5,E5_Full_Parsimonious_Easy_Panel,ElasticNet,LOG1P,13,-0.130332,9.806576,4.50581
As_num,E5,E5_Full_Parsimonious_Easy_Panel,ElasticNet,LOG1P,14,-0.119227,9.483606,3.789452
As_num,E5,E5_Full_Parsimonious_Easy_Panel,ElasticNet,LOG1P,15,-0.417446,1.448366,1.257701
As_num,E5,E5_Full_Parsimonious_Easy_Panel,ElasticNet,LOG1P,16,0.012613,1.739184,1.290962
As_num,E5,E5_Full_Parsimonious_Easy_Panel,ElasticNet,LOG1P,17,-11.985506,2.079367,1.938961
As_num,E5,E5_Full_Parsimonious_Easy_Panel,ElasticNet,LOG1P,18,-0.132033,9.817901,4.408517
As_num,E5,E5_Full_Parsimonious_Easy_Panel,ElasticNet,LOG1P,19,-0.244942,10.291076,5.004306
As_num,E5,E5_Full_Parsimonious_Easy_Panel,ElasticNet,LOG1P,20,-0.385135,5.762912,3.149031
As_num,E5,E5_Full_Parsimonious_Easy_Panel,ElasticNet,LOG1P,21,-0.281677,1.465865,1.255148
As_num,E5,E5_Full_Parsimonious_Easy_Panel,ElasticNet,LOG1P,22,-0.082719,5.117843,2.466019
As_num,E5,E5_Full_Parsimonious_Easy_Panel,ElasticNet,LOG1P,23,-0.109218,9.500154,3.917371
As_num,E5,E5_Full_Parsimonious_Easy_Panel,ElasticNet,LOG1P,24,-0.488988,4.635655,2.967308
As_num,E5,E5_Full_Parsimonious_Easy_Panel,ElasticNet,LOG1P,25,-0.097457,9.695745,4.045112
Fe_num,E1,E1_Min2_FieldOnly,SVR_RBF,RAW,1,-0.356707,0.788665,0.698704
Fe_num,E1,E1_Min2_FieldOnly,SVR_RBF,RAW,2,-0.190054,6.91705,2.907197
Fe_num,E1,E1_Min2_FieldOnly,SVR_RBF,RAW,3,-0.315991,2.52773,1.600071
Fe_num,E1,E1_Min2_FieldOnly,SVR_RBF,RAW,4,0.324899,0.355255,0.198708
Fe_num,E1,E1_Min2_FieldOnly,SVR_RBF,RAW,5,-0.385045,3.410748,1.967771
Fe_num,E1,E1_Min2_FieldOnly,SVR_RBF,RAW,6,0.030982,1.268237,0.67494
Fe_num,E1,E1_Min2_FieldOnly,SVR_RBF,RAW,7,-14.332732,0.483049,0.35137
Fe_num,E1,E1_Min2_FieldOnly,SVR_RBF,RAW,8,0.173798,0.610242,0.324968
Fe_num,E1,E1_Min2_FieldOnly,SVR_RBF,RAW,9,-0.414772,3.815411,2.229453
Fe_num,E1,E1_Min2_FieldOnly,SVR_RBF,RAW,10,-0.279158,7.011567,3.348571
Fe_num,E1,E1_Min2_FieldOnly,SVR_RBF,RAW,11,-0.222671,2.189672,1.220403
Fe_num,E1,E1_Min2_FieldOnly,SVR_RBF,RAW,12,0.053056,1.247203,0.722814
Fe_num,E1,E1_Min2_FieldOnly,SVR_RBF,RAW,13,-0.286276,1.361786,0.706777
Fe_num,E1,E1_Min2_FieldOnly,SVR_RBF,RAW,14,-0.17088,6.921167,2.818217
Fe_num,E1,E1_Min2_FieldOnly,SVR_RBF,RAW,15,-0.193953,3.130528,1.486431
Fe_num,E1,E1_Min2_FieldOnly,SVR_RBF,RAW,16,-0.185094,2.157294,1.171074
Fe_num,E1,E1_Min2_FieldOnly,SVR_RBF,RAW,17,-0.128338,0.390624,0.331719
Fe_num,E1,E1_Min2_FieldOnly,SVR_RBF,RAW,18,-0.360348,3.393837,2.003312
Fe_num,E1,E1_Min2_FieldOnly,SVR_RBF,RAW,19,-0.235012,7.031873,3.283379
Fe_num,E1,E1_Min2_FieldOnly,SVR_RBF,RAW,20,0.06267,0.302,0.244324
Fe_num,E1,E1_Min2_FieldOnly,SVR_RBF,RAW,21,-0.610818,3.860299,2.445598
Fe_num,E1,E1_Min2_FieldOnly,SVR_RBF,RAW,22,-0.595674,0.479966,0.38327
Fe_num,E1,E1_Min2_FieldOnly,SVR_RBF,RAW,23,-0.166891,6.903429,3.017186
Fe_num,E1,E1_Min2_FieldOnly,SVR_RBF,RAW,24,0.062086,1.261104,0.525905
Fe_num,E1,E1_Min2_FieldOnly,SVR_RBF,RAW,25,-0.408368,1.404647,0.866113
Fe_num,E1,E1_Min2_FieldOnly,SVR_RBF,LOG1P,1,-0.37549,0.794105,0.700678
Fe_num,E1,E1_Min2_FieldOnly,SVR_RBF,LOG1P,2,-0.188243,6.911786,2.979509
Fe_num,E1,E1_Min2_FieldOnly,SVR_RBF,LOG1P,3,-0.278489,2.491452,1.554296
Fe_num,E1,E1_Min2_FieldOnly,SVR_RBF,LOG1P,4,0.372211,0.342581,0.195952
Fe_num,E1,E1_Min2_FieldOnly,SVR_RBF,LOG1P,5,-0.383626,3.409001,1.967611
Fe_num,E1,E1_Min2_FieldOnly,SVR_RBF,LOG1P,6,0.049975,1.255747,0.688556
Fe_num,E1,E1_Min2_FieldOnly,SVR_RBF,LOG1P,7,-23.967737,0.616412,0.406255
Fe_num,E1,E1_Min2_FieldOnly,SVR_RBF,LOG1P,8,0.186608,0.605493,0.341381
Fe_num,E1,E1_Min2_FieldOnly,SVR_RBF,LOG1P,9,-0.413584,3.813809,2.251846
Fe_num,E1,E1_Min2_FieldOnly,SVR_RBF,LOG1P,10,-0.279942,7.013714,3.361793
Fe_num,E1,E1_Min2_FieldOnly,SVR_RBF,LOG1P,11,-0.20462,2.173447,1.244635
Fe_num,E1,E1_Min2_FieldOnly,SVR_RBF,LOG1P,12,0.067799,1.237456,0.728848
Fe_num,E1,E1_Min2_FieldOnly,SVR_RBF,LOG1P,13,-0.274396,1.355483,0.684424
Fe_num,E1,E1_Min2_FieldOnly,SVR_RBF,LOG1P,14,-0.174003,6.930393,2.902667
Fe_num,E1,E1_Min2_FieldOnly,SVR_RBF,LOG1P,15,-0.18089,3.113356,1.477223
Fe_num,E1,E1_Min2_FieldOnly,SVR_RBF,LOG1P,16,-0.164965,2.138894,1.157079
Fe_num,E1,E1_Min2_FieldOnly,SVR_RBF,LOG1P,17,-0.323946,0.423131,0.359523
Fe_num,E1,E1_Min2_FieldOnly,SVR_RBF,LOG1P,18,-0.349717,3.38055,2.006013
Fe_num,E1,E1_Min2_FieldOnly,SVR_RBF,LOG1P,19,-0.233218,7.026765,3.299338
Fe_num,E1,E1_Min2_FieldOnly,SVR_RBF,LOG1P,20,-0.058317,0.320899,0.266271
Fe_num,E1,E1_Min2_FieldOnly,SVR_RBF,LOG1P,21,-0.622002,3.873677,2.475605
Fe_num,E1,E1_Min2_FieldOnly,SVR_RBF,LOG1P,22,-0.503782,0.465941,0.364535
Fe_num,E1,E1_Min2_FieldOnly,SVR_RBF,LOG1P,23,-0.182758,6.950206,3.280064
Fe_num,E1,E1_Min2_FieldOnly,SVR_RBF,LOG1P,24,0.078009,1.250353,0.525723
Fe_num,E1,E1_Min2_FieldOnly,SVR_RBF,LOG1P,25,-0.481995,1.440895,0.941553
Fe_num,E1,E1_Min2_FieldOnly,PLS,RAW,1,-4.203635,1.544553,1.423777
Fe_num,E1,E1_Min2_FieldOnly,PLS,RAW,2,-0.10147,6.65463,3.096095
Fe_num,E1,E1_Min2_FieldOnly,PLS,RAW,3,0.109566,2.079242,1.724887
Fe_num,E1,E1_Min2_FieldOnly,PLS,RAW,4,-10.032399,1.436122,1.334641
Fe_num,E1,E1_Min2_FieldOnly,PLS,RAW,5,-0.097994,3.036811,1.982814
Fe_num,E1,E1_Min2_FieldOnly,PLS,RAW,6,-0.457438,1.555356,1.47172
Fe_num,E1,E1_Min2_FieldOnly,PLS,RAW,7,-151.195735,1.521888,1.317763
Fe_num,E1,E1_Min2_FieldOnly,PLS,RAW,8,-2.712684,1.293609,1.222273
Fe_num,E1,E1_Min2_FieldOnly,PLS,RAW,9,-0.139962,3.424864,2.36389
Fe_num,E1,E1_Min2_FieldOnly,PLS,RAW,10,-0.209143,6.816977,3.28202
Fe_num,E1,E1_Min2_FieldOnly,PLS,RAW,11,-0.021978,2.001912,1.523873
Fe_num,E1,E1_Min2_FieldOnly,PLS,RAW,12,-0.298095,1.460253,1.405362
Fe_num,E1,E1_Min2_FieldOnly,PLS,RAW,13,-0.73066,1.579602,1.235124
Fe_num,E1,E1_Min2_FieldOnly,PLS,RAW,14,-0.083066,6.656573,3.051281
Fe_num,E1,E1_Min2_FieldOnly,PLS,RAW,15,-0.064012,2.955272,1.957176
Fe_num,E1,E1_Min2_FieldOnly,PLS,RAW,16,0.068214,1.912894,1.388309
Fe_num,E1,E1_Min2_FieldOnly,PLS,RAW,17,-10.950714,1.271266,1.222171
Fe_num,E1,E1_Min2_FieldOnly,PLS,RAW,18,-0.101824,3.054374,2.100196
Fe_num,E1,E1_Min2_FieldOnly,PLS,RAW,19,-0.143523,6.766405,3.400074
Fe_num,E1,E1_Min2_FieldOnly,PLS,RAW,20,-27.818918,1.674553,1.470758
Fe_num,E1,E1_Min2_FieldOnly,PLS,RAW,21,-0.315975,3.489165,2.29907
Fe_num,E1,E1_Min2_FieldOnly,PLS,RAW,22,-17.724519,1.644159,1.485494
Fe_num,E1,E1_Min2_FieldOnly,PLS,RAW,23,-0.098646,6.698515,3.321439
Fe_num,E1,E1_Min2_FieldOnly,PLS,RAW,24,-0.561325,1.627106,1.539885
Fe_num,E1,E1_Min2_FieldOnly,PLS,RAW,25,-0.961661,1.657758,1.472015
Fe_num,E1,E1_Min2_FieldOnly,PLS,LOG1P,1,-0.263877,0.761205,0.699308
Fe_num,E1,E1_Min2_FieldOnly,PLS,LOG1P,2,-0.141872,6.775579,2.795058
Fe_num,E1,E1_Min2_FieldOnly,PLS,LOG1P,3,-0.101998,2.3131,1.565691
Fe_num,E1,E1_Min2_FieldOnly,PLS,LOG1P,4,-0.798328,0.579817,0.531937
Fe_num,E1,E1_Min2_FieldOnly,PLS,LOG1P,5,-0.241659,3.229378,1.853312
Fe_num,E1,E1_Min2_FieldOnly,PLS,LOG1P,6,0.057721,1.250617,0.880454
Fe_num,E1,E1_Min2_FieldOnly,PLS,LOG1P,7,-30.60757,0.693549,0.583866
Fe_num,E1,E1_Min2_FieldOnly,PLS,LOG1P,8,0.140539,0.622403,0.548867
Fe_num,E1,E1_Min2_FieldOnly,PLS,LOG1P,9,-0.258181,3.59807,2.165167
Fe_num,E1,E1_Min2_FieldOnly,PLS,LOG1P,10,-0.249624,6.930149,3.19352
Fe_num,E1,E1_Min2_FieldOnly,PLS,LOG1P,11,-0.062769,2.041473,1.210201
Fe_num,E1,E1_Min2_FieldOnly,PLS,LOG1P,12,0.084254,1.226486,0.846687
Fe_num,E1,E1_Min2_FieldOnly,PLS,LOG1P,13,-0.279703,1.358303,0.786933
Fe_num,E1,E1_Min2_FieldOnly,PLS,LOG1P,14,-0.123994,6.78118,2.830895
Fe_num,E1,E1_Min2_FieldOnly,PLS,LOG1P,15,-0.085694,2.985229,1.554322
Fe_num,E1,E1_Min2_FieldOnly,PLS,LOG1P,16,0.010098,1.971646,1.091375
Fe_num,E1,E1_Min2_FieldOnly,PLS,LOG1P,17,-0.454753,0.443541,0.383177
Fe_num,E1,E1_Min2_FieldOnly,PLS,LOG1P,18,-0.255876,3.260915,1.989961
Fe_num,E1,E1_Min2_FieldOnly,PLS,LOG1P,19,-0.190144,6.902958,3.250045
Fe_num,E1,E1_Min2_FieldOnly,PLS,LOG1P,20,-4.321901,0.719604,0.603147
Fe_num,E1,E1_Min2_FieldOnly,PLS,LOG1P,21,-0.501156,3.726582,2.332276
Fe_num,E1,E1_Min2_FieldOnly,PLS,LOG1P,22,-2.106211,0.669659,0.618446
Fe_num,E1,E1_Min2_FieldOnly,PLS,LOG1P,23,-0.129126,6.790798,3.013453
Fe_num,E1,E1_Min2_FieldOnly,PLS,LOG1P,24,0.115525,1.22465,0.82717
Fe_num,E1,E1_Min2_FieldOnly,PLS,LOG1P,25,-0.239438,1.317715,0.821265
Fe_num,E1,E1_Min2_FieldOnly,Lasso,RAW,1,-4.085201,1.526875,1.430414
Fe_num,E1,E1_Min2_FieldOnly,Lasso,RAW,2,-0.101115,6.653558,3.003102
Fe_num,E1,E1_Min2_FieldOnly,Lasso,RAW,3,0.065166,2.13045,1.778384
Fe_num,E1,E1_Min2_FieldOnly,Lasso,RAW,4,-10.421592,1.461234,1.377181
Fe_num,E1,E1_Min2_FieldOnly,Lasso,RAW,5,-0.095505,3.033366,1.961116
Fe_num,E1,E1_Min2_FieldOnly,Lasso,RAW,6,-0.449071,1.550885,1.483215
Fe_num,E1,E1_Min2_FieldOnly,Lasso,RAW,7,-145.352153,1.492386,1.381566
Fe_num,E1,E1_Min2_FieldOnly,Lasso,RAW,8,-3.112239,1.361439,1.298828
Fe_num,E1,E1_Min2_FieldOnly,Lasso,RAW,9,-0.123624,3.400233,2.33255
Fe_num,E1,E1_Min2_FieldOnly,Lasso,RAW,10,-0.202305,6.797672,3.220287
Fe_num,E1,E1_Min2_FieldOnly,Lasso,RAW,11,-0.003615,1.983845,1.509499
Fe_num,E1,E1_Min2_FieldOnly,Lasso,RAW,12,-0.357575,1.493334,1.454668
Fe_num,E1,E1_Min2_FieldOnly,Lasso,RAW,13,-0.612805,1.52487,1.286103
Fe_num,E1,E1_Min2_FieldOnly,Lasso,RAW,14,-0.080334,6.648174,3.047511
Fe_num,E1,E1_Min2_FieldOnly,Lasso,RAW,15,-0.05932,2.948748,1.911784
Fe_num,E1,E1_Min2_FieldOnly,Lasso,RAW,16,0.037093,1.944576,1.442463
Fe_num,E1,E1_Min2_FieldOnly,Lasso,RAW,17,-12.017324,1.326784,1.28405
Fe_num,E1,E1_Min2_FieldOnly,Lasso,RAW,18,-0.102725,3.055622,2.087859
Fe_num,E1,E1_Min2_FieldOnly,Lasso,RAW,19,-0.136321,6.745063,3.366705
Fe_num,E1,E1_Min2_FieldOnly,Lasso,RAW,20,-26.054975,1.622496,1.468556
Fe_num,E1,E1_Min2_FieldOnly,Lasso,RAW,21,-0.24546,3.394396,2.142486
Fe_num,E1,E1_Min2_FieldOnly,Lasso,RAW,22,-16.307782,1.580735,1.462961
Fe_num,E1,E1_Min2_FieldOnly,Lasso,RAW,23,-0.092287,6.679101,3.243117
Fe_num,E1,E1_Min2_FieldOnly,Lasso,RAW,24,-0.561695,1.627299,1.569077
Fe_num,E1,E1_Min2_FieldOnly,Lasso,RAW,25,-0.845419,1.607891,1.459754
Fe_num,E1,E1_Min2_FieldOnly,Lasso,LOG1P,1,-0.251673,0.757521,0.71317
Fe_num,E1,E1_Min2_FieldOnly,Lasso,LOG1P,2,-0.137056,6.761274,2.754652
Fe_num,E1,E1_Min2_FieldOnly,Lasso,LOG1P,3,-0.11923,2.331116,1.435135
Fe_num,E1,E1_Min2_FieldOnly,Lasso,LOG1P,4,-1.141357,0.632704,0.630372
Fe_num,E1,E1_Min2_FieldOnly,Lasso,LOG1P,5,-0.264887,3.259445,1.872805
Fe_num,E1,E1_Min2_FieldOnly,Lasso,LOG1P,6,0.033879,1.26634,0.882526
Fe_num,E1,E1_Min2_FieldOnly,Lasso,LOG1P,7,-25.357813,0.633339,0.613481
Fe_num,E1,E1_Min2_FieldOnly,Lasso,LOG1P,8,-0.256305,0.7525,0.691573
Fe_num,E1,E1_Min2_FieldOnly,Lasso,LOG1P,9,-0.314069,3.677116,2.17725
Fe_num,E1,E1_Min2_FieldOnly,Lasso,LOG1P,10,-0.242876,6.911414,3.192444
Fe_num,E1,E1_Min2_FieldOnly,Lasso,LOG1P,11,-0.13713,2.111685,1.259671
Fe_num,E1,E1_Min2_FieldOnly,Lasso,LOG1P,12,0.033343,1.260118,0.883989
Fe_num,E1,E1_Min2_FieldOnly,Lasso,LOG1P,13,-0.116729,1.268866,0.786908
Fe_num,E1,E1_Min2_FieldOnly,Lasso,LOG1P,14,-0.114383,6.752124,2.811088
Fe_num,E1,E1_Min2_FieldOnly,Lasso,LOG1P,15,-0.121869,3.034555,1.528232
Fe_num,E1,E1_Min2_FieldOnly,Lasso,LOG1P,16,-0.051119,2.031696,1.133783
Fe_num,E1,E1_Min2_FieldOnly,Lasso,LOG1P,17,-1.287506,0.556187,0.510937
Fe_num,E1,E1_Min2_FieldOnly,Lasso,LOG1P,18,-0.279363,3.291265,1.974882
Fe_num,E1,E1_Min2_FieldOnly,Lasso,LOG1P,19,-0.180344,6.874478,3.192036
Fe_num,E1,E1_Min2_FieldOnly,Lasso,LOG1P,20,-2.844476,0.611616,0.564496
Fe_num,E1,E1_Min2_FieldOnly,Lasso,LOG1P,21,-0.521203,3.751382,2.345171
Fe_num,E1,E1_Min2_FieldOnly,Lasso,LOG1P,22,-1.362595,0.584027,0.572054
Fe_num,E1,E1_Min2_FieldOnly,Lasso,LOG1P,23,-0.119866,6.762897,2.928603
Fe_num,E1,E1_Min2_FieldOnly,Lasso,LOG1P,24,-0.018528,1.314183,0.993875
Fe_num,E1,E1_Min2_FieldOnly,Lasso,LOG1P,25,-0.116967,1.250919,0.797388
Fe_num,E1,E1_Min2_FieldOnly,Ridge,RAW,1,-4.180976,1.541186,1.422804
Fe_num,E1,E1_Min2_FieldOnly,Ridge,RAW,2,-0.100459,6.651577,3.082662
Fe_num,E1,E1_Min2_FieldOnly,Ridge,RAW,3,0.107758,2.081351,1.725981
Fe_num,E1,E1_Min2_FieldOnly,Ridge,RAW,4,-9.949394,1.430709,1.330069
Fe_num,E1,E1_Min2_FieldOnly,Ridge,RAW,5,-0.096418,3.03463,1.979847
Fe_num,E1,E1_Min2_FieldOnly,Ridge,RAW,6,-0.456268,1.554731,1.472953
Fe_num,E1,E1_Min2_FieldOnly,Ridge,RAW,7,-150.348666,1.517647,1.324138
Fe_num,E1,E1_Min2_FieldOnly,Ridge,RAW,8,-2.713007,1.293665,1.223936
Fe_num,E1,E1_Min2_FieldOnly,Ridge,RAW,9,-0.137441,3.421075,2.359274
Fe_num,E1,E1_Min2_FieldOnly,Ridge,RAW,10,-0.207136,6.811316,3.265348
Fe_num,E1,E1_Min2_FieldOnly,Ridge,RAW,11,-0.013496,1.993586,1.517379
Fe_num,E1,E1_Min2_FieldOnly,Ridge,RAW,12,-0.302122,1.462517,1.409177
Fe_num,E1,E1_Min2_FieldOnly,Ridge,RAW,13,-0.71563,1.572729,1.240709
Fe_num,E1,E1_Min2_FieldOnly,Ridge,RAW,14,-0.082131,6.6537,3.050534
Fe_num,E1,E1_Min2_FieldOnly,Ridge,RAW,15,-0.06046,2.950334,1.946577
Fe_num,E1,E1_Min2_FieldOnly,Ridge,RAW,16,0.068749,1.912345,1.3922
Fe_num,E1,E1_Min2_FieldOnly,Ridge,RAW,17,-10.989446,1.273324,1.225434
Fe_num,E1,E1_Min2_FieldOnly,Ridge,RAW,18,-0.100357,3.05234,2.096194
Fe_num,E1,E1_Min2_FieldOnly,Ridge,RAW,19,-0.142418,6.763133,3.394709
Fe_num,E1,E1_Min2_FieldOnly,Ridge,RAW,20,-27.539471,1.666414,1.470171
Fe_num,E1,E1_Min2_FieldOnly,Ridge,RAW,21,-0.310195,3.481494,2.285236
Fe_num,E1,E1_Min2_FieldOnly,Ridge,RAW,22,-17.514994,1.634934,1.481672
Fe_num,E1,E1_Min2_FieldOnly,Ridge,RAW,23,-0.097175,6.694031,3.306999
Fe_num,E1,E1_Min2_FieldOnly,Ridge,RAW,24,-0.553592,1.623072,1.539361
Fe_num,E1,E1_Min2_FieldOnly,Ridge,RAW,25,-0.946925,1.65152,1.470938
Fe_num,E1,E1_Min2_FieldOnly,Ridge,LOG1P,1,-0.261341,0.760441,0.700391
Fe_num,E1,E1_Min2_FieldOnly,Ridge,LOG1P,2,-0.141337,6.773989,2.791396
Fe_num,E1,E1_Min2_FieldOnly,Ridge,LOG1P,3,-0.100853,2.311898,1.55577
Fe_num,E1,E1_Min2_FieldOnly,Ridge,LOG1P,4,-0.802775,0.580533,0.534976
Fe_num,E1,E1_Min2_FieldOnly,Ridge,LOG1P,5,-0.242848,3.230924,1.854754
Fe_num,E1,E1_Min2_FieldOnly,Ridge,LOG1P,6,0.058112,1.250358,0.878977
Fe_num,E1,E1_Min2_FieldOnly,Ridge,LOG1P,7,-30.148954,0.688499,0.584032
Fe_num,E1,E1_Min2_FieldOnly,Ridge,LOG1P,8,0.133218,0.625049,0.552671
Fe_num,E1,E1_Min2_FieldOnly,Ridge,LOG1P,9,-0.259656,3.600179,2.165565
Fe_num,E1,E1_Min2_FieldOnly,Ridge,LOG1P,10,-0.24883,6.927948,3.196765
Fe_num,E1,E1_Min2_FieldOnly,Ridge,LOG1P,11,-0.064845,2.043465,1.211947
Fe_num,E1,E1_Min2_FieldOnly,Ridge,LOG1P,12,0.083473,1.227009,0.847641
Fe_num,E1,E1_Min2_FieldOnly,Ridge,LOG1P,13,-0.269377,1.352812,0.782161
Fe_num,E1,E1_Min2_FieldOnly,Ridge,LOG1P,14,-0.123288,6.779048,2.82948
Fe_num,E1,E1_Min2_FieldOnly,Ridge,LOG1P,15,-0.086982,2.987,1.554188
Fe_num,E1,E1_Min2_FieldOnly,Ridge,LOG1P,16,0.008305,1.973431,1.091837
Fe_num,E1,E1_Min2_FieldOnly,Ridge,LOG1P,17,-0.47611,0.446785,0.386456
Fe_num,E1,E1_Min2_FieldOnly,Ridge,LOG1P,18,-0.257194,3.262625,1.990302
Fe_num,E1,E1_Min2_FieldOnly,Ridge,LOG1P,19,-0.189403,6.900808,3.245923
Fe_num,E1,E1_Min2_FieldOnly,Ridge,LOG1P,20,-4.257626,0.715245,0.603253
Fe_num,E1,E1_Min2_FieldOnly,Ridge,LOG1P,21,-0.501266,3.726719,2.331973
Fe_num,E1,E1_Min2_FieldOnly,Ridge,LOG1P,22,-2.065271,0.665232,0.616109
Fe_num,E1,E1_Min2_FieldOnly,Ridge,LOG1P,23,-0.128328,6.788397,3.004207
Fe_num,E1,E1_Min2_FieldOnly,Ridge,LOG1P,24,0.113156,1.226289,0.831498
Fe_num,E1,E1_Min2_FieldOnly,Ridge,LOG1P,25,-0.232586,1.314068,0.818626
Fe_num,E1,E1_Min2_FieldOnly,ElasticNet,RAW,1,-4.108648,1.530391,1.425466
Fe_num,E1,E1_Min2_FieldOnly,ElasticNet,RAW,2,-0.09986,6.649764,3.029765
Fe_num,E1,E1_Min2_FieldOnly,ElasticNet,RAW,3,0.085653,2.106976,1.752535
Fe_num,E1,E1_Min2_FieldOnly,ElasticNet,RAW,4,-10.208932,1.447566,1.358513
Fe_num,E1,E1_Min2_FieldOnly,ElasticNet,RAW,5,-0.094118,3.031445,1.96771
Fe_num,E1,E1_Min2_FieldOnly,ElasticNet,RAW,6,-0.450878,1.551851,1.479209
Fe_num,E1,E1_Min2_FieldOnly,ElasticNet,RAW,7,-146.78343,1.499665,1.358432
Fe_num,E1,E1_Min2_FieldOnly,ElasticNet,RAW,8,-2.919071,1.329078,1.264836
Fe_num,E1,E1_Min2_FieldOnly,ElasticNet,RAW,9,-0.124905,3.40217,2.34131
Fe_num,E1,E1_Min2_FieldOnly,ElasticNet,RAW,10,-0.203584,6.801288,3.232378
Fe_num,E1,E1_Min2_FieldOnly,ElasticNet,RAW,11,-0.007795,1.987972,1.513315
Fe_num,E1,E1_Min2_FieldOnly,ElasticNet,RAW,12,-0.331684,1.479026,1.43509
Fe_num,E1,E1_Min2_FieldOnly,ElasticNet,RAW,13,-0.648413,1.541612,1.268467
Fe_num,E1,E1_Min2_FieldOnly,ElasticNet,RAW,14,-0.081386,6.65141,3.048627
Fe_num,E1,E1_Min2_FieldOnly,ElasticNet,RAW,15,-0.056085,2.944242,1.91863
Fe_num,E1,E1_Min2_FieldOnly,ElasticNet,RAW,16,0.054536,1.926883,1.42061
Fe_num,E1,E1_Min2_FieldOnly,ElasticNet,RAW,17,-11.506977,1.300516,1.257103
Fe_num,E1,E1_Min2_FieldOnly,ElasticNet,RAW,18,-0.099746,3.051492,2.087959
Fe_num,E1,E1_Min2_FieldOnly,ElasticNet,RAW,19,-0.137025,6.747152,3.374089
Fe_num,E1,E1_Min2_FieldOnly,ElasticNet,RAW,20,-26.517071,1.636293,1.468775
Fe_num,E1,E1_Min2_FieldOnly,ElasticNet,RAW,21,-0.273939,3.432985,2.205627
Fe_num,E1,E1_Min2_FieldOnly,ElasticNet,RAW,22,-16.706666,1.598847,1.468636
Fe_num,E1,E1_Min2_FieldOnly,ElasticNet,RAW,23,-0.093572,6.683028,3.261295
Fe_num,E1,E1_Min2_FieldOnly,ElasticNet,RAW,24,-0.562415,1.627674,1.561169
Fe_num,E1,E1_Min2_FieldOnly,ElasticNet,RAW,25,-0.881889,1.623701,1.464402
Fe_num,E1,E1_Min2_FieldOnly,ElasticNet,LOG1P,1,-0.238138,0.753414,0.701677
Fe_num,E1,E1_Min2_FieldOnly,ElasticNet,LOG1P,2,-0.139014,6.767095,2.765331
Fe_num,E1,E1_Min2_FieldOnly,ElasticNet,LOG1P,3,-0.092278,2.302877,1.438088
Fe_num,E1,E1_Min2_FieldOnly,ElasticNet,LOG1P,4,-0.836463,0.585932,0.574855
Fe_num,E1,E1_Min2_FieldOnly,ElasticNet,LOG1P,5,-0.253747,3.245059,1.860872
Fe_num,E1,E1_Min2_FieldOnly,ElasticNet,LOG1P,6,0.047781,1.257196,0.87231
Fe_num,E1,E1_Min2_FieldOnly,ElasticNet,LOG1P,7,-26.452889,0.646362,0.599612
Fe_num,E1,E1_Min2_FieldOnly,ElasticNet,LOG1P,8,-0.01858,0.677574,0.614312
Fe_num,E1,E1_Min2_FieldOnly,ElasticNet,LOG1P,9,-0.288336,3.640934,2.169326
Fe_num,E1,E1_Min2_FieldOnly,ElasticNet,LOG1P,10,-0.245337,6.918253,3.1964
Fe_num,E1,E1_Min2_FieldOnly,ElasticNet,LOG1P,11,-0.095354,2.072532,1.22759
Fe_num,E1,E1_Min2_FieldOnly,ElasticNet,LOG1P,12,0.064161,1.239869,0.863536
Fe_num,E1,E1_Min2_FieldOnly,ElasticNet,LOG1P,13,-0.177089,1.302707,0.780774
Fe_num,E1,E1_Min2_FieldOnly,ElasticNet,LOG1P,14,-0.116647,6.758982,2.819658
Fe_num,E1,E1_Min2_FieldOnly,ElasticNet,LOG1P,15,-0.103977,3.010261,1.538416
Fe_num,E1,E1_Min2_FieldOnly,ElasticNet,LOG1P,16,-0.020388,2.001776,1.110194
Fe_num,E1,E1_Min2_FieldOnly,ElasticNet,LOG1P,17,-0.838696,0.498648,0.448526
Fe_num,E1,E1_Min2_FieldOnly,ElasticNet,LOG1P,18,-0.26786,3.276436,1.978114
Fe_num,E1,E1_Min2_FieldOnly,ElasticNet,LOG1P,19,-0.181197,6.876961,3.212607
Fe_num,E1,E1_Min2_FieldOnly,ElasticNet,LOG1P,20,-3.2694,0.64453,0.574428
Fe_num,E1,E1_Min2_FieldOnly,ElasticNet,LOG1P,21,-0.519905,3.749781,2.347179
Fe_num,E1,E1_Min2_FieldOnly,ElasticNet,LOG1P,22,-1.550252,0.606778,0.586573
Fe_num,E1,E1_Min2_FieldOnly,ElasticNet,LOG1P,23,-0.122189,6.769905,2.955823
Fe_num,E1,E1_Min2_FieldOnly,ElasticNet,LOG1P,24,0.055472,1.265542,0.908641
Fe_num,E1,E1_Min2_FieldOnly,ElasticNet,LOG1P,25,-0.16374,1.276842,0.8043
Fe_num,E2,E2_Min3_Field_Plus_Depth,SVR_RBF,RAW,1,-0.209465,0.744639,0.587266
Fe_num,E2,E2_Min3_Field_Plus_Depth,SVR_RBF,RAW,2,-0.188456,6.912406,2.899253
Fe_num,E2,E2_Min3_Field_Plus_Depth,SVR_RBF,RAW,3,-0.161547,2.374776,1.484815
Fe_num,E2,E2_Min3_Field_Plus_Depth,SVR_RBF,RAW,4,-0.442758,0.519341,0.41749
Fe_num,E2,E2_Min3_Field_Plus_Depth,SVR_RBF,RAW,5,-0.341735,3.356997,1.939353
Fe_num,E2,E2_Min3_Field_Plus_Depth,SVR_RBF,RAW,6,0.14613,1.190503,0.696651
Fe_num,E2,E2_Min3_Field_Plus_Depth,SVR_RBF,RAW,7,-7.980707,0.369689,0.30949
Fe_num,E2,E2_Min3_Field_Plus_Depth,SVR_RBF,RAW,8,0.207336,0.597728,0.372386
Fe_num,E2,E2_Min3_Field_Plus_Depth,SVR_RBF,RAW,9,-0.366438,3.749671,2.195
Fe_num,E2,E2_Min3_Field_Plus_Depth,SVR_RBF,RAW,10,-0.294634,7.053855,3.399456
Fe_num,E2,E2_Min3_Field_Plus_Depth,SVR_RBF,RAW,11,-0.133597,2.108402,1.160339
Fe_num,E2,E2_Min3_Field_Plus_Depth,SVR_RBF,RAW,12,0.134243,1.19254,0.669733
Fe_num,E2,E2_Min3_Field_Plus_Depth,SVR_RBF,RAW,13,-0.344939,1.392494,0.782564
Fe_num,E2,E2_Min3_Field_Plus_Depth,SVR_RBF,RAW,14,-0.188512,6.973085,2.836206
Fe_num,E2,E2_Min3_Field_Plus_Depth,SVR_RBF,RAW,15,-0.133378,3.050082,1.470923
Fe_num,E2,E2_Min3_Field_Plus_Depth,SVR_RBF,RAW,16,-0.114735,2.092274,1.160242
Fe_num,E2,E2_Min3_Field_Plus_Depth,SVR_RBF,RAW,17,0.170053,0.335015,0.278116
Fe_num,E2,E2_Min3_Field_Plus_Depth,SVR_RBF,RAW,18,-0.329565,3.355219,1.979215
Fe_num,E2,E2_Min3_Field_Plus_Depth,SVR_RBF,RAW,19,-0.214859,6.974264,3.175933
Fe_num,E2,E2_Min3_Field_Plus_Depth,SVR_RBF,RAW,20,-1.450206,0.488271,0.431976
Fe_num,E2,E2_Min3_Field_Plus_Depth,SVR_RBF,RAW,21,-0.589476,3.83464,2.424828
Fe_num,E2,E2_Min3_Field_Plus_Depth,SVR_RBF,RAW,22,-0.606693,0.48162,0.392859
Fe_num,E2,E2_Min3_Field_Plus_Depth,SVR_RBF,RAW,23,-0.143286,6.833247,2.869032
Fe_num,E2,E2_Min3_Field_Plus_Depth,SVR_RBF,RAW,24,0.087584,1.243844,0.745001
Fe_num,E2,E2_Min3_Field_Plus_Depth,SVR_RBF,RAW,25,-0.528179,1.463174,0.873246
Fe_num,E2,E2_Min3_Field_Plus_Depth,SVR_RBF,LOG1P,1,-0.299703,0.771918,0.607745
Fe_num,E2,E2_Min3_Field_Plus_Depth,SVR_RBF,LOG1P,2,-0.187398,6.909329,2.91764
Fe_num,E2,E2_Min3_Field_Plus_Depth,SVR_RBF,LOG1P,3,-0.123174,2.335219,1.446295
Fe_num,E2,E2_Min3_Field_Plus_Depth,SVR_RBF,LOG1P,4,-0.593632,0.545821,0.450676
Fe_num,E2,E2_Min3_Field_Plus_Depth,SVR_RBF,LOG1P,5,-0.303884,3.309308,1.915081
Fe_num,E2,E2_Min3_Field_Plus_Depth,SVR_RBF,LOG1P,6,0.201465,1.151282,0.681993
Fe_num,E2,E2_Min3_Field_Plus_Depth,SVR_RBF,LOG1P,7,-7.084213,0.350752,0.278736
Fe_num,E2,E2_Min3_Field_Plus_Depth,SVR_RBF,LOG1P,8,0.209023,0.597092,0.404231
Fe_num,E2,E2_Min3_Field_Plus_Depth,SVR_RBF,LOG1P,9,-0.359205,3.739733,2.206158
Fe_num,E2,E2_Min3_Field_Plus_Depth,SVR_RBF,LOG1P,10,-0.294032,7.052213,3.417705
Fe_num,E2,E2_Min3_Field_Plus_Depth,SVR_RBF,LOG1P,11,-0.063242,2.041927,1.139438
Fe_num,E2,E2_Min3_Field_Plus_Depth,SVR_RBF,LOG1P,12,0.177471,1.162387,0.701577
Fe_num,E2,E2_Min3_Field_Plus_Depth,SVR_RBF,LOG1P,13,-0.335556,1.387628,0.775894
Fe_num,E2,E2_Min3_Field_Plus_Depth,SVR_RBF,LOG1P,14,-0.181451,6.95234,2.833898
Fe_num,E2,E2_Min3_Field_Plus_Depth,SVR_RBF,LOG1P,15,-0.08643,2.986241,1.448592
Fe_num,E2,E2_Min3_Field_Plus_Depth,SVR_RBF,LOG1P,16,-0.060468,2.040711,1.162897
Fe_num,E2,E2_Min3_Field_Plus_Depth,SVR_RBF,LOG1P,17,0.041741,0.359982,0.287217
Fe_num,E2,E2_Min3_Field_Plus_Depth,SVR_RBF,LOG1P,18,-0.290088,3.305032,1.952505
Fe_num,E2,E2_Min3_Field_Plus_Depth,SVR_RBF,LOG1P,19,-0.214471,6.97315,3.224564
Fe_num,E2,E2_Min3_Field_Plus_Depth,SVR_RBF,LOG1P,20,-1.663916,0.50912,0.454224
Fe_num,E2,E2_Min3_Field_Plus_Depth,SVR_RBF,LOG1P,21,-0.580076,3.823285,2.4195
Fe_num,E2,E2_Min3_Field_Plus_Depth,SVR_RBF,LOG1P,22,-0.848104,0.516537,0.415839
Fe_num,E2,E2_Min3_Field_Plus_Depth,SVR_RBF,LOG1P,23,-0.139043,6.820554,2.947554
Fe_num,E2,E2_Min3_Field_Plus_Depth,SVR_RBF,LOG1P,24,0.122529,1.219792,0.741464
Fe_num,E2,E2_Min3_Field_Plus_Depth,SVR_RBF,LOG1P,25,-0.490172,1.444865,0.870659
Fe_num,E2,E2_Min3_Field_Plus_Depth,PLS,RAW,1,-17.682334,2.92661,2.264783
Fe_num,E2,E2_Min3_Field_Plus_Depth,PLS,RAW,2,-0.160977,6.832026,3.161968
Fe_num,E2,E2_Min3_Field_Plus_Depth,PLS,RAW,3,-0.026567,2.232533,1.602835
Fe_num,E2,E2_Min3_Field_Plus_Depth,PLS,RAW,4,-7.810747,1.283402,1.164938
Fe_num,E2,E2_Min3_Field_Plus_Depth,PLS,RAW,5,-0.253335,3.244527,2.081521
Fe_num,E2,E2_Min3_Field_Plus_Depth,PLS,RAW,6,-3.340484,2.684131,2.133822
Fe_num,E2,E2_Min3_Field_Plus_Depth,PLS,RAW,7,-168.997234,1.608431,1.321328
Fe_num,E2,E2_Min3_Field_Plus_Depth,PLS,RAW,8,-2.120941,1.186047,1.130227
Fe_num,E2,E2_Min3_Field_Plus_Depth,PLS,RAW,9,-0.304335,3.663471,2.421172
Fe_num,E2,E2_Min3_Field_Plus_Depth,PLS,RAW,10,-0.262813,6.966625,3.345781
Fe_num,E2,E2_Min3_Field_Plus_Depth,PLS,RAW,11,-0.003348,1.983581,1.441889
Fe_num,E2,E2_Min3_Field_Plus_Depth,PLS,RAW,12,-0.276869,1.448266,1.3211
Fe_num,E2,E2_Min3_Field_Plus_Depth,PLS,RAW,13,-3.550288,2.561305,1.888834
Fe_num,E2,E2_Min3_Field_Plus_Depth,PLS,RAW,14,-0.131981,6.805229,3.040152
Fe_num,E2,E2_Min3_Field_Plus_Depth,PLS,RAW,15,-0.10983,3.01823,1.867015
Fe_num,E2,E2_Min3_Field_Plus_Depth,PLS,RAW,16,-0.191139,2.162789,1.546599
Fe_num,E2,E2_Min3_Field_Plus_Depth,PLS,RAW,17,-6.20131,0.986837,0.917155
Fe_num,E2,E2_Min3_Field_Plus_Depth,PLS,RAW,18,-0.3316,3.357784,2.461909
Fe_num,E2,E2_Min3_Field_Plus_Depth,PLS,RAW,19,-0.191917,6.908098,3.419398
Fe_num,E2,E2_Min3_Field_Plus_Depth,PLS,RAW,20,-51.444634,2.25897,1.764339
Fe_num,E2,E2_Min3_Field_Plus_Depth,PLS,RAW,21,-0.447168,3.658956,2.16212
Fe_num,E2,E2_Min3_Field_Plus_Depth,PLS,RAW,22,-17.057976,1.61463,1.487363
Fe_num,E2,E2_Min3_Field_Plus_Depth,PLS,RAW,23,-0.140751,6.825667,3.272626
Fe_num,E2,E2_Min3_Field_Plus_Depth,PLS,RAW,24,-4.015362,2.916221,2.43049
Fe_num,E2,E2_Min3_Field_Plus_Depth,PLS,RAW,25,-1.646807,1.925618,1.50938
Fe_num,E2,E2_Min3_Field_Plus_Depth,PLS,LOG1P,1,-1.18957,1.00191,0.91433
Fe_num,E2,E2_Min3_Field_Plus_Depth,PLS,LOG1P,2,-0.165493,6.845301,2.807535
Fe_num,E2,E2_Min3_Field_Plus_Depth,PLS,LOG1P,3,-0.117955,2.329787,1.542917
Fe_num,E2,E2_Min3_Field_Plus_Depth,PLS,LOG1P,4,-0.899802,0.595951,0.547286
Fe_num,E2,E2_Min3_Field_Plus_Depth,PLS,LOG1P,5,-0.286411,3.28706,1.913774
Fe_num,E2,E2_Min3_Field_Plus_Depth,PLS,LOG1P,6,-0.078421,1.337916,0.984708
Fe_num,E2,E2_Min3_Field_Plus_Depth,PLS,LOG1P,7,-33.687249,0.726551,0.582119
Fe_num,E2,E2_Min3_Field_Plus_Depth,PLS,LOG1P,8,0.154581,0.617298,0.53901
Fe_num,E2,E2_Min3_Field_Plus_Depth,PLS,LOG1P,9,-0.298781,3.655662,2.195544
Fe_num,E2,E2_Min3_Field_Plus_Depth,PLS,LOG1P,10,-0.272478,6.993234,3.230153
Fe_num,E2,E2_Min3_Field_Plus_Depth,PLS,LOG1P,11,-0.074854,2.053047,1.207096
Fe_num,E2,E2_Min3_Field_Plus_Depth,PLS,LOG1P,12,0.065828,1.238764,0.83765
Fe_num,E2,E2_Min3_Field_Plus_Depth,PLS,LOG1P,13,-0.305652,1.372005,0.826225
Fe_num,E2,E2_Min3_Field_Plus_Depth,PLS,LOG1P,14,-0.142804,6.837685,2.804352
Fe_num,E2,E2_Min3_Field_Plus_Depth,PLS,LOG1P,15,-0.105794,3.012737,1.561144
Fe_num,E2,E2_Min3_Field_Plus_Depth,PLS,LOG1P,16,-0.027452,2.008693,1.133871
Fe_num,E2,E2_Min3_Field_Plus_Depth,PLS,LOG1P,17,-0.720331,0.482331,0.419291
Fe_num,E2,E2_Min3_Field_Plus_Depth,PLS,LOG1P,18,-0.295696,3.312208,2.027192
Fe_num,E2,E2_Min3_Field_Plus_Depth,PLS,LOG1P,19,-0.206559,6.950399,3.250998
Fe_num,E2,E2_Min3_Field_Plus_Depth,PLS,LOG1P,20,-4.152413,0.708052,0.620246
Fe_num,E2,E2_Min3_Field_Plus_Depth,PLS,LOG1P,21,-0.530149,3.762397,2.331461
Fe_num,E2,E2_Min3_Field_Plus_Depth,PLS,LOG1P,22,-2.037405,0.662201,0.611456
Fe_num,E2,E2_Min3_Field_Plus_Depth,PLS,LOG1P,23,-0.143337,6.833399,2.995944
Fe_num,E2,E2_Min3_Field_Plus_Depth,PLS,LOG1P,24,-0.032022,1.322859,0.942724
Fe_num,E2,E2_Min3_Field_Plus_Depth,PLS,LOG1P,25,-0.339576,1.369912,0.853122
Fe_num,E2,E2_Min3_Field_Plus_Depth,Lasso,RAW,1,-14.633948,2.677217,2.143177
Fe_num,E2,E2_Min3_Field_Plus_Depth,Lasso,RAW,2,-0.144456,6.78324,3.103837
Fe_num,E2,E2_Min3_Field_Plus_Depth,Lasso,RAW,3,-0.010737,2.215253,1.698997
Fe_num,E2,E2_Min3_Field_Plus_Depth,Lasso,RAW,4,-8.68221,1.345376,1.243255
Fe_num,E2,E2_Min3_Field_Plus_Depth,Lasso,RAW,5,-0.221636,3.203234,2.027954
Fe_num,E2,E2_Min3_Field_Plus_Depth,Lasso,RAW,6,-2.712517,2.482383,1.990087
Fe_num,E2,E2_Min3_Field_Plus_Depth,Lasso,RAW,7,-150.572331,1.518768,1.281789
Fe_num,E2,E2_Min3_Field_Plus_Depth,Lasso,RAW,8,-2.629071,1.278959,1.230176
Fe_num,E2,E2_Min3_Field_Plus_Depth,Lasso,RAW,9,-0.288516,3.641187,2.363453
Fe_num,E2,E2_Min3_Field_Plus_Depth,Lasso,RAW,10,-0.236263,6.893002,3.283224
Fe_num,E2,E2_Min3_Field_Plus_Depth,Lasso,RAW,11,0.003579,1.976722,1.455416
Fe_num,E2,E2_Min3_Field_Plus_Depth,Lasso,RAW,12,-0.322108,1.473698,1.39121
Fe_num,E2,E2_Min3_Field_Plus_Depth,Lasso,RAW,13,-2.665676,2.298894,1.670854
Fe_num,E2,E2_Min3_Field_Plus_Depth,Lasso,RAW,14,-0.109869,6.738436,3.012031
Fe_num,E2,E2_Min3_Field_Plus_Depth,Lasso,RAW,15,-0.093969,2.996585,1.839077
Fe_num,E2,E2_Min3_Field_Plus_Depth,Lasso,RAW,16,-0.126154,2.102963,1.559668
Fe_num,E2,E2_Min3_Field_Plus_Depth,Lasso,RAW,17,-9.273001,1.178659,1.134919
Fe_num,E2,E2_Min3_Field_Plus_Depth,Lasso,RAW,18,-0.277473,3.288833,2.363292
Fe_num,E2,E2_Min3_Field_Plus_Depth,Lasso,RAW,19,-0.165089,6.829912,3.37737
Fe_num,E2,E2_Min3_Field_Plus_Depth,Lasso,RAW,20,-44.203182,2.097223,1.666055
Fe_num,E2,E2_Min3_Field_Plus_Depth,Lasso,RAW,21,-0.432168,3.639943,2.166038
Fe_num,E2,E2_Min3_Field_Plus_Depth,Lasso,RAW,22,-15.725652,1.553925,1.460879
Fe_num,E2,E2_Min3_Field_Plus_Depth,Lasso,RAW,23,-0.118018,6.757313,3.234624
Fe_num,E2,E2_Min3_Field_Plus_Depth,Lasso,RAW,24,-3.303731,2.701418,2.27152
Fe_num,E2,E2_Min3_Field_Plus_Depth,Lasso,RAW,25,-1.279787,1.78713,1.499909
Fe_num,E2,E2_Min3_Field_Plus_Depth,Lasso,LOG1P,1,-0.251673,0.757521,0.71317
Fe_num,E2,E2_Min3_Field_Plus_Depth,Lasso,LOG1P,2,-0.140893,6.772674,2.762313
Fe_num,E2,E2_Min3_Field_Plus_Depth,Lasso,LOG1P,3,-0.11923,2.331116,1.435135
Fe_num,E2,E2_Min3_Field_Plus_Depth,Lasso,LOG1P,4,-1.141357,0.632704,0.630372
Fe_num,E2,E2_Min3_Field_Plus_Depth,Lasso,LOG1P,5,-0.264887,3.259445,1.872805
Fe_num,E2,E2_Min3_Field_Plus_Depth,Lasso,LOG1P,6,0.033879,1.26634,0.882526
Fe_num,E2,E2_Min3_Field_Plus_Depth,Lasso,LOG1P,7,-25.357813,0.633339,0.613481
Fe_num,E2,E2_Min3_Field_Plus_Depth,Lasso,LOG1P,8,-0.256305,0.7525,0.691573
Fe_num,E2,E2_Min3_Field_Plus_Depth,Lasso,LOG1P,9,-0.314069,3.677116,2.17725
Fe_num,E2,E2_Min3_Field_Plus_Depth,Lasso,LOG1P,10,-0.245452,6.918571,3.197557
Fe_num,E2,E2_Min3_Field_Plus_Depth,Lasso,LOG1P,11,-0.13713,2.111685,1.259671
Fe_num,E2,E2_Min3_Field_Plus_Depth,Lasso,LOG1P,12,0.033343,1.260118,0.883989
Fe_num,E2,E2_Min3_Field_Plus_Depth,Lasso,LOG1P,13,-0.116729,1.268866,0.786908
Fe_num,E2,E2_Min3_Field_Plus_Depth,Lasso,LOG1P,14,-0.114383,6.752124,2.811088
Fe_num,E2,E2_Min3_Field_Plus_Depth,Lasso,LOG1P,15,-0.121869,3.034555,1.528232
Fe_num,E2,E2_Min3_Field_Plus_Depth,Lasso,LOG1P,16,-0.051119,2.031696,1.133783
Fe_num,E2,E2_Min3_Field_Plus_Depth,Lasso,LOG1P,17,-1.287506,0.556187,0.510937
Fe_num,E2,E2_Min3_Field_Plus_Depth,Lasso,LOG1P,18,-0.279363,3.291265,1.974882
Fe_num,E2,E2_Min3_Field_Plus_Depth,Lasso,LOG1P,19,-0.180344,6.874478,3.192036
Fe_num,E2,E2_Min3_Field_Plus_Depth,Lasso,LOG1P,20,-2.844476,0.611616,0.564496
Fe_num,E2,E2_Min3_Field_Plus_Depth,Lasso,LOG1P,21,-0.521203,3.751382,2.345171
Fe_num,E2,E2_Min3_Field_Plus_Depth,Lasso,LOG1P,22,-1.362595,0.584027,0.572054
Fe_num,E2,E2_Min3_Field_Plus_Depth,Lasso,LOG1P,23,-0.119866,6.762897,2.928603
Fe_num,E2,E2_Min3_Field_Plus_Depth,Lasso,LOG1P,24,-0.018528,1.314183,0.993875
Fe_num,E2,E2_Min3_Field_Plus_Depth,Lasso,LOG1P,25,-0.116967,1.250919,0.797388
Fe_num,E2,E2_Min3_Field_Plus_Depth,Ridge,RAW,1,-16.819535,2.858232,2.230934
Fe_num,E2,E2_Min3_Field_Plus_Depth,Ridge,RAW,2,-0.15823,6.823939,3.153825
Fe_num,E2,E2_Min3_Field_Plus_Depth,Ridge,RAW,3,-0.019309,2.224627,1.626682
Fe_num,E2,E2_Min3_Field_Plus_Depth,Ridge,RAW,4,-7.437712,1.255939,1.150803
Fe_num,E2,E2_Min3_Field_Plus_Depth,Ridge,RAW,5,-0.243094,3.231244,2.06475
Fe_num,E2,E2_Min3_Field_Plus_Depth,Ridge,RAW,6,-3.150366,2.624689,2.09879
Fe_num,E2,E2_Min3_Field_Plus_Depth,Ridge,RAW,7,-170.773219,1.616811,1.336903
Fe_num,E2,E2_Min3_Field_Plus_Depth,Ridge,RAW,8,-2.063842,1.175147,1.121522
Fe_num,E2,E2_Min3_Field_Plus_Depth,Ridge,RAW,9,-0.296603,3.652596,2.405348
Fe_num,E2,E2_Min3_Field_Plus_Depth,Ridge,RAW,10,-0.254773,6.944413,3.332419
Fe_num,E2,E2_Min3_Field_Plus_Depth,Ridge,RAW,11,0.006758,1.973566,1.465378
Fe_num,E2,E2_Min3_Field_Plus_Depth,Ridge,RAW,12,-0.284139,1.452383,1.325189
Fe_num,E2,E2_Min3_Field_Plus_Depth,Ridge,RAW,13,-3.375504,2.511632,1.855538
Fe_num,E2,E2_Min3_Field_Plus_Depth,Ridge,RAW,14,-0.12971,6.798402,3.034105
Fe_num,E2,E2_Min3_Field_Plus_Depth,Ridge,RAW,15,-0.102679,3.008491,1.854182
Fe_num,E2,E2_Min3_Field_Plus_Depth,Ridge,RAW,16,-0.166192,2.14002,1.540624
Fe_num,E2,E2_Min3_Field_Plus_Depth,Ridge,RAW,17,-5.988687,0.972159,0.905596
Fe_num,E2,E2_Min3_Field_Plus_Depth,Ridge,RAW,18,-0.313176,3.334475,2.442534
Fe_num,E2,E2_Min3_Field_Plus_Depth,Ridge,RAW,19,-0.187449,6.895139,3.414993
Fe_num,E2,E2_Min3_Field_Plus_Depth,Ridge,RAW,20,-50.36967,2.235699,1.775603
Fe_num,E2,E2_Min3_Field_Plus_Depth,Ridge,RAW,21,-0.43797,3.647309,2.147356
Fe_num,E2,E2_Min3_Field_Plus_Depth,Ridge,RAW,22,-16.717671,1.599344,1.478642
Fe_num,E2,E2_Min3_Field_Plus_Depth,Ridge,RAW,23,-0.135848,6.810981,3.267192
Fe_num,E2,E2_Min3_Field_Plus_Depth,Ridge,RAW,24,-3.806265,2.854783,2.384211
Fe_num,E2,E2_Min3_Field_Plus_Depth,Ridge,RAW,25,-1.594516,1.906502,1.520408
Fe_num,E2,E2_Min3_Field_Plus_Depth,Ridge,LOG1P,1,-1.075791,0.975531,0.89502
Fe_num,E2,E2_Min3_Field_Plus_Depth,Ridge,LOG1P,2,-0.163825,6.840399,2.807565
Fe_num,E2,E2_Min3_Field_Plus_Depth,Ridge,LOG1P,3,-0.117006,2.328798,1.542121
Fe_num,E2,E2_Min3_Field_Plus_Depth,Ridge,LOG1P,4,-0.826364,0.584319,0.538537
Fe_num,E2,E2_Min3_Field_Plus_Depth,Ridge,LOG1P,5,-0.283401,3.283212,1.90815
Fe_num,E2,E2_Min3_Field_Plus_Depth,Ridge,LOG1P,6,-0.062127,1.32777,0.972757
Fe_num,E2,E2_Min3_Field_Plus_Depth,Ridge,LOG1P,7,-32.708979,0.716233,0.580108
Fe_num,E2,E2_Min3_Field_Plus_Depth,Ridge,LOG1P,8,0.145027,0.620776,0.543639
Fe_num,E2,E2_Min3_Field_Plus_Depth,Ridge,LOG1P,9,-0.296566,3.652543,2.192599
Fe_num,E2,E2_Min3_Field_Plus_Depth,Ridge,LOG1P,10,-0.268825,6.98319,3.230494
Fe_num,E2,E2_Min3_Field_Plus_Depth,Ridge,LOG1P,11,-0.065398,2.043996,1.190618
Fe_num,E2,E2_Min3_Field_Plus_Depth,Ridge,LOG1P,12,0.066555,1.238281,0.839249
Fe_num,E2,E2_Min3_Field_Plus_Depth,Ridge,LOG1P,13,-0.295971,1.366909,0.823126
Fe_num,E2,E2_Min3_Field_Plus_Depth,Ridge,LOG1P,14,-0.141267,6.833086,2.80466
Fe_num,E2,E2_Min3_Field_Plus_Depth,Ridge,LOG1P,15,-0.103849,3.010085,1.55567
Fe_num,E2,E2_Min3_Field_Plus_Depth,Ridge,LOG1P,16,-0.024639,2.005941,1.132869
Fe_num,E2,E2_Min3_Field_Plus_Depth,Ridge,LOG1P,17,-0.702975,0.479892,0.416038
Fe_num,E2,E2_Min3_Field_Plus_Depth,Ridge,LOG1P,18,-0.288906,3.303517,2.012575
Fe_num,E2,E2_Min3_Field_Plus_Depth,Ridge,LOG1P,19,-0.204141,6.943431,3.248097
Fe_num,E2,E2_Min3_Field_Plus_Depth,Ridge,LOG1P,20,-4.062417,0.701841,0.614681
Fe_num,E2,E2_Min3_Field_Plus_Depth,Ridge,LOG1P,21,-0.525994,3.757284,2.323796
Fe_num,E2,E2_Min3_Field_Plus_Depth,Ridge,LOG1P,22,-1.999314,0.658036,0.610191
Fe_num,E2,E2_Min3_Field_Plus_Depth,Ridge,LOG1P,23,-0.139887,6.82308,2.993186
Fe_num,E2,E2_Min3_Field_Plus_Depth,Ridge,LOG1P,24,-0.029437,1.321202,0.943633
Fe_num,E2,E2_Min3_Field_Plus_Depth,Ridge,LOG1P,25,-0.316705,1.358167,0.844929
Fe_num,E2,E2_Min3_Field_Plus_Depth,ElasticNet,RAW,1,-14.949542,2.704104,2.155615
Fe_num,E2,E2_Min3_Field_Plus_Depth,ElasticNet,RAW,2,-0.150179,6.800179,3.123276
Fe_num,E2,E2_Min3_Field_Plus_Depth,ElasticNet,RAW,3,-0.008654,2.212968,1.668693
Fe_num,E2,E2_Min3_Field_Plus_Depth,ElasticNet,RAW,4,-8.062162,1.301584,1.203827
Fe_num,E2,E2_Min3_Field_Plus_Depth,ElasticNet,RAW,5,-0.225904,3.208824,2.037048
Fe_num,E2,E2_Min3_Field_Plus_Depth,ElasticNet,RAW,6,-2.766912,2.500503,2.007861
Fe_num,E2,E2_Min3_Field_Plus_Depth,ElasticNet,RAW,7,-156.106827,1.546247,1.296965
Fe_num,E2,E2_Min3_Field_Plus_Depth,ElasticNet,RAW,8,-2.36518,1.231581,1.182516
Fe_num,E2,E2_Min3_Field_Plus_Depth,ElasticNet,RAW,9,-0.284549,3.635578,2.369591
Fe_num,E2,E2_Min3_Field_Plus_Depth,ElasticNet,RAW,10,-0.243344,6.912715,3.302651
Fe_num,E2,E2_Min3_Field_Plus_Depth,ElasticNet,RAW,11,0.00889,1.971447,1.457963
Fe_num,E2,E2_Min3_Field_Plus_Depth,ElasticNet,RAW,12,-0.302876,1.46294,1.365974
Fe_num,E2,E2_Min3_Field_Plus_Depth,ElasticNet,RAW,13,-2.793035,2.338489,1.709402
Fe_num,E2,E2_Min3_Field_Plus_Depth,ElasticNet,RAW,14,-0.116436,6.758341,3.008063
Fe_num,E2,E2_Min3_Field_Plus_Depth,ElasticNet,RAW,15,-0.093639,2.996133,1.8392
Fe_num,E2,E2_Min3_Field_Plus_Depth,ElasticNet,RAW,16,-0.133948,2.110228,1.549884
Fe_num,E2,E2_Min3_Field_Plus_Depth,ElasticNet,RAW,17,-7.706869,1.085102,1.036062
Fe_num,E2,E2_Min3_Field_Plus_Depth,ElasticNet,RAW,18,-0.284827,3.298286,2.381975
Fe_num,E2,E2_Min3_Field_Plus_Depth,ElasticNet,RAW,19,-0.170988,6.847179,3.38755
Fe_num,E2,E2_Min3_Field_Plus_Depth,ElasticNet,RAW,20,-45.260633,2.121611,1.682671
Fe_num,E2,E2_Min3_Field_Plus_Depth,ElasticNet,RAW,21,-0.436691,3.645687,2.171792
Fe_num,E2,E2_Min3_Field_Plus_Depth,ElasticNet,RAW,22,-16.022159,1.567638,1.46605
Fe_num,E2,E2_Min3_Field_Plus_Depth,ElasticNet,RAW,23,-0.124043,6.775495,3.243614
Fe_num,E2,E2_Min3_Field_Plus_Depth,ElasticNet,RAW,24,-3.392895,2.729259,2.294492
Fe_num,E2,E2_Min3_Field_Plus_Depth,ElasticNet,RAW,25,-1.365935,1.820583,1.505497
Fe_num,E2,E2_Min3_Field_Plus_Depth,ElasticNet,LOG1P,1,-0.423078,0.807725,0.761395
Fe_num,E2,E2_Min3_Field_Plus_Depth,ElasticNet,LOG1P,2,-0.151292,6.803467,2.789426
Fe_num,E2,E2_Min3_Field_Plus_Depth,ElasticNet,LOG1P,3,-0.092278,2.302877,1.438088
Fe_num,E2,E2_Min3_Field_Plus_Depth,ElasticNet,LOG1P,4,-0.836463,0.585932,0.574855
Fe_num,E2,E2_Min3_Field_Plus_Depth,ElasticNet,LOG1P,5,-0.268285,3.263819,1.880318
Fe_num,E2,E2_Min3_Field_Plus_Depth,ElasticNet,LOG1P,6,0.017724,1.276884,0.901945
Fe_num,E2,E2_Min3_Field_Plus_Depth,ElasticNet,LOG1P,7,-26.452889,0.646362,0.599612
Fe_num,E2,E2_Min3_Field_Plus_Depth,ElasticNet,LOG1P,8,-0.01858,0.677574,0.614312
Fe_num,E2,E2_Min3_Field_Plus_Depth,ElasticNet,LOG1P,9,-0.297933,3.654469,2.175831
Fe_num,E2,E2_Min3_Field_Plus_Depth,ElasticNet,LOG1P,10,-0.256892,6.950274,3.219533
Fe_num,E2,E2_Min3_Field_Plus_Depth,ElasticNet,LOG1P,11,-0.095354,2.072532,1.22759
Fe_num,E2,E2_Min3_Field_Plus_Depth,ElasticNet,LOG1P,12,0.064161,1.239869,0.863536
Fe_num,E2,E2_Min3_Field_Plus_Depth,ElasticNet,LOG1P,13,-0.177089,1.302707,0.780774
Fe_num,E2,E2_Min3_Field_Plus_Depth,ElasticNet,LOG1P,14,-0.121587,6.773915,2.812964
Fe_num,E2,E2_Min3_Field_Plus_Depth,ElasticNet,LOG1P,15,-0.103977,3.010261,1.538416
Fe_num,E2,E2_Min3_Field_Plus_Depth,ElasticNet,LOG1P,16,-0.022521,2.003867,1.11317
Fe_num,E2,E2_Min3_Field_Plus_Depth,ElasticNet,LOG1P,17,-0.838696,0.498648,0.448526
Fe_num,E2,E2_Min3_Field_Plus_Depth,ElasticNet,LOG1P,18,-0.277713,3.289141,1.985981
Fe_num,E2,E2_Min3_Field_Plus_Depth,ElasticNet,LOG1P,19,-0.185844,6.890475,3.213653
Fe_num,E2,E2_Min3_Field_Plus_Depth,ElasticNet,LOG1P,20,-3.2694,0.64453,0.574428
Fe_num,E2,E2_Min3_Field_Plus_Depth,ElasticNet,LOG1P,21,-0.526661,3.758106,2.35059
Fe_num,E2,E2_Min3_Field_Plus_Depth,ElasticNet,LOG1P,22,-1.550252,0.606778,0.586573
Fe_num,E2,E2_Min3_Field_Plus_Depth,ElasticNet,LOG1P,23,-0.125082,6.778628,2.955012
Fe_num,E2,E2_Min3_Field_Plus_Depth,ElasticNet,LOG1P,24,0.015921,1.291767,0.94152
Fe_num,E2,E2_Min3_Field_Plus_Depth,ElasticNet,LOG1P,25,-0.16374,1.276842,0.8043
Fe_num,E3,E3_Min4_Field_Depth_LogSalinity,SVR_RBF,RAW,1,-0.233119,0.751886,0.604371
Fe_num,E3,E3_Min4_Field_Depth_LogSalinity,SVR_RBF,RAW,2,-0.189302,6.914865,2.889474
Fe_num,E3,E3_Min4_Field_Depth_LogSalinity,SVR_RBF,RAW,3,-0.147837,2.360719,1.464341
Fe_num,E3,E3_Min4_Field_Depth_LogSalinity,SVR_RBF,RAW,4,-0.597162,0.546425,0.430731
Fe_num,E3,E3_Min4_Field_Depth_LogSalinity,SVR_RBF,RAW,5,-0.358924,3.378433,1.955045
Fe_num,E3,E3_Min4_Field_Depth_LogSalinity,SVR_RBF,RAW,6,0.120384,1.208318,0.706062
Fe_num,E3,E3_Min4_Field_Depth_LogSalinity,SVR_RBF,RAW,7,-11.197203,0.430836,0.366926
Fe_num,E3,E3_Min4_Field_Depth_LogSalinity,SVR_RBF,RAW,8,0.189839,0.604289,0.388652
Fe_num,E3,E3_Min4_Field_Depth_LogSalinity,SVR_RBF,RAW,9,-0.382,3.770963,2.191542
Fe_num,E3,E3_Min4_Field_Depth_LogSalinity,SVR_RBF,RAW,10,-0.299396,7.066815,3.42675
Fe_num,E3,E3_Min4_Field_Depth_LogSalinity,SVR_RBF,RAW,11,-0.144754,2.118752,1.160417
Fe_num,E3,E3_Min4_Field_Depth_LogSalinity,SVR_RBF,RAW,12,0.11149,1.208109,0.670645
Fe_num,E3,E3_Min4_Field_Depth_LogSalinity,SVR_RBF,RAW,13,-0.355278,1.397836,0.756001
Fe_num,E3,E3_Min4_Field_Depth_LogSalinity,SVR_RBF,RAW,14,-0.182284,6.954792,2.802091
Fe_num,E3,E3_Min4_Field_Depth_LogSalinity,SVR_RBF,RAW,15,-0.145066,3.065769,1.50533
Fe_num,E3,E3_Min4_Field_Depth_LogSalinity,SVR_RBF,RAW,16,-0.104608,2.082749,1.161146
Fe_num,E3,E3_Min4_Field_Depth_LogSalinity,SVR_RBF,RAW,17,0.383043,0.288847,0.238221
Fe_num,E3,E3_Min4_Field_Depth_LogSalinity,SVR_RBF,RAW,18,-0.344692,3.374251,1.974225
Fe_num,E3,E3_Min4_Field_Depth_LogSalinity,SVR_RBF,RAW,19,-0.212084,6.966296,3.198779
Fe_num,E3,E3_Min4_Field_Depth_LogSalinity,SVR_RBF,RAW,20,-1.758194,0.518051,0.45843
Fe_num,E3,E3_Min4_Field_Depth_LogSalinity,SVR_RBF,RAW,21,-0.5963,3.842864,2.420523
Fe_num,E3,E3_Min4_Field_Depth_LogSalinity,SVR_RBF,RAW,22,-0.564822,0.475303,0.386501
Fe_num,E3,E3_Min4_Field_Depth_LogSalinity,SVR_RBF,RAW,23,-0.148923,6.850073,3.009846
Fe_num,E3,E3_Min4_Field_Depth_LogSalinity,SVR_RBF,RAW,24,0.029233,1.283001,0.763031
Fe_num,E3,E3_Min4_Field_Depth_LogSalinity,SVR_RBF,RAW,25,-0.512213,1.455511,0.864191
Fe_num,E3,E3_Min4_Field_Depth_LogSalinity,SVR_RBF,LOG1P,1,-0.19763,0.740987,0.587095
Fe_num,E3,E3_Min4_Field_Depth_LogSalinity,SVR_RBF,LOG1P,2,-0.182095,6.893881,2.906668
Fe_num,E3,E3_Min4_Field_Depth_LogSalinity,SVR_RBF,LOG1P,3,-0.130765,2.343097,1.423975
Fe_num,E3,E3_Min4_Field_Depth_LogSalinity,SVR_RBF,LOG1P,4,-0.867445,0.590854,0.487639
Fe_num,E3,E3_Min4_Field_Depth_LogSalinity,SVR_RBF,LOG1P,5,-0.331586,3.344278,1.940156
Fe_num,E3,E3_Min4_Field_Depth_LogSalinity,SVR_RBF,LOG1P,6,0.183635,1.164064,0.701931
Fe_num,E3,E3_Min4_Field_Depth_LogSalinity,SVR_RBF,LOG1P,7,-13.955187,0.477065,0.407564
Fe_num,E3,E3_Min4_Field_Depth_LogSalinity,SVR_RBF,LOG1P,8,0.081716,0.64335,0.428337
Fe_num,E3,E3_Min4_Field_Depth_LogSalinity,SVR_RBF,LOG1P,9,-0.383779,3.773388,2.211195
Fe_num,E3,E3_Min4_Field_Depth_LogSalinity,SVR_RBF,LOG1P,10,-0.293571,7.050957,3.420544
Fe_num,E3,E3_Min4_Field_Depth_LogSalinity,SVR_RBF,LOG1P,11,-0.09198,2.069338,1.148387
Fe_num,E3,E3_Min4_Field_Depth_LogSalinity,SVR_RBF,LOG1P,12,0.158905,1.175432,0.713052
Fe_num,E3,E3_Min4_Field_Depth_LogSalinity,SVR_RBF,LOG1P,13,-0.350858,1.395554,0.753977
Fe_num,E3,E3_Min4_Field_Depth_LogSalinity,SVR_RBF,LOG1P,14,-0.181272,6.951816,2.809208
Fe_num,E3,E3_Min4_Field_Depth_LogSalinity,SVR_RBF,LOG1P,15,-0.088329,2.98885,1.48708
Fe_num,E3,E3_Min4_Field_Depth_LogSalinity,SVR_RBF,LOG1P,16,-0.036235,2.01726,1.146394
Fe_num,E3,E3_Min4_Field_Depth_LogSalinity,SVR_RBF,LOG1P,17,0.427931,0.27814,0.232182
Fe_num,E3,E3_Min4_Field_Depth_LogSalinity,SVR_RBF,LOG1P,18,-0.300821,3.318751,1.949847
Fe_num,E3,E3_Min4_Field_Depth_LogSalinity,SVR_RBF,LOG1P,19,-0.20792,6.954319,3.233027
Fe_num,E3,E3_Min4_Field_Depth_LogSalinity,SVR_RBF,LOG1P,20,-2.940897,0.619238,0.544002
Fe_num,E3,E3_Min4_Field_Depth_LogSalinity,SVR_RBF,LOG1P,21,-0.584839,3.829043,2.406936
Fe_num,E3,E3_Min4_Field_Depth_LogSalinity,SVR_RBF,LOG1P,22,-1.051249,0.544186,0.443104
Fe_num,E3,E3_Min4_Field_Depth_LogSalinity,SVR_RBF,LOG1P,23,-0.149046,6.85044,3.147169
Fe_num,E3,E3_Min4_Field_Depth_LogSalinity,SVR_RBF,LOG1P,24,0.088581,1.243164,0.737374
Fe_num,E3,E3_Min4_Field_Depth_LogSalinity,SVR_RBF,LOG1P,25,-0.452554,1.426511,0.843407
Fe_num,E3,E3_Min4_Field_Depth_LogSalinity,PLS,RAW,1,-18.264136,2.971831,2.278432
Fe_num,E3,E3_Min4_Field_Depth_LogSalinity,PLS,RAW,2,-0.203137,6.954967,3.275727
Fe_num,E3,E3_Min4_Field_Depth_LogSalinity,PLS,RAW,3,-0.046523,2.254128,1.612897
Fe_num,E3,E3_Min4_Field_Depth_LogSalinity,PLS,RAW,4,-8.035134,1.299642,1.181012
Fe_num,E3,E3_Min4_Field_Depth_LogSalinity,PLS,RAW,5,-0.299144,3.303288,2.123274
Fe_num,E3,E3_Min4_Field_Depth_LogSalinity,PLS,RAW,6,-3.549682,2.748053,2.161449
Fe_num,E3,E3_Min4_Field_Depth_LogSalinity,PLS,RAW,7,-179.207244,1.656028,1.340786
Fe_num,E3,E3_Min4_Field_Depth_LogSalinity,PLS,RAW,8,-2.341175,1.227181,1.169038
Fe_num,E3,E3_Min4_Field_Depth_LogSalinity,PLS,RAW,9,-0.350058,3.727128,2.552336
Fe_num,E3,E3_Min4_Field_Depth_LogSalinity,PLS,RAW,10,-0.29302,7.049455,3.381219
Fe_num,E3,E3_Min4_Field_Depth_LogSalinity,PLS,RAW,11,-0.021801,2.001738,1.440175
Fe_num,E3,E3_Min4_Field_Depth_LogSalinity,PLS,RAW,12,-0.281639,1.450968,1.3338
Fe_num,E3,E3_Min4_Field_Depth_LogSalinity,PLS,RAW,13,-3.763318,2.620576,1.907773
Fe_num,E3,E3_Min4_Field_Depth_LogSalinity,PLS,RAW,14,-0.176908,6.938962,3.111185
Fe_num,E3,E3_Min4_Field_Depth_LogSalinity,PLS,RAW,15,-0.15927,3.084724,1.91021
Fe_num,E3,E3_Min4_Field_Depth_LogSalinity,PLS,RAW,16,-0.211179,2.180907,1.565601
Fe_num,E3,E3_Min4_Field_Depth_LogSalinity,PLS,RAW,17,-7.086234,1.045713,0.973178
Fe_num,E3,E3_Min4_Field_Depth_LogSalinity,PLS,RAW,18,-0.333383,3.360032,2.408224
Fe_num,E3,E3_Min4_Field_Depth_LogSalinity,PLS,RAW,19,-0.227766,7.011216,3.498389
Fe_num,E3,E3_Min4_Field_Depth_LogSalinity,PLS,RAW,20,-54.755679,2.329188,1.823368
Fe_num,E3,E3_Min4_Field_Depth_LogSalinity,PLS,RAW,21,-0.553223,3.790658,2.331309
Fe_num,E3,E3_Min4_Field_Depth_LogSalinity,PLS,RAW,22,-17.012051,1.612576,1.48662
Fe_num,E3,E3_Min4_Field_Depth_LogSalinity,PLS,RAW,23,-0.181532,6.946601,3.451072
Fe_num,E3,E3_Min4_Field_Depth_LogSalinity,PLS,RAW,24,-4.264447,2.98776,2.479522
Fe_num,E3,E3_Min4_Field_Depth_LogSalinity,PLS,RAW,25,-1.566156,1.896053,1.485834
Fe_num,E3,E3_Min4_Field_Depth_LogSalinity,PLS,LOG1P,1,-1.261873,1.018318,0.912806
Fe_num,E3,E3_Min4_Field_Depth_LogSalinity,PLS,LOG1P,2,-0.174657,6.872158,2.827032
Fe_num,E3,E3_Min4_Field_Depth_LogSalinity,PLS,LOG1P,3,-0.116151,2.327907,1.523676
Fe_num,E3,E3_Min4_Field_Depth_LogSalinity,PLS,LOG1P,4,-0.916686,0.598593,0.549762
Fe_num,E3,E3_Min4_Field_Depth_LogSalinity,PLS,LOG1P,5,-0.285038,3.285305,1.922032
Fe_num,E3,E3_Min4_Field_Depth_LogSalinity,PLS,LOG1P,6,-0.083682,1.341175,0.979533
Fe_num,E3,E3_Min4_Field_Depth_LogSalinity,PLS,LOG1P,7,-39.8781,0.788727,0.629244
Fe_num,E3,E3_Min4_Field_Depth_LogSalinity,PLS,LOG1P,8,0.131392,0.625707,0.548162
Fe_num,E3,E3_Min4_Field_Depth_LogSalinity,PLS,LOG1P,9,-0.320498,3.686099,2.208137
Fe_num,E3,E3_Min4_Field_Depth_LogSalinity,PLS,LOG1P,10,-0.278293,7.009195,3.214084
Fe_num,E3,E3_Min4_Field_Depth_LogSalinity,PLS,LOG1P,11,-0.081944,2.059806,1.213287
Fe_num,E3,E3_Min4_Field_Depth_LogSalinity,PLS,LOG1P,12,0.057498,1.244275,0.841893
Fe_num,E3,E3_Min4_Field_Depth_LogSalinity,PLS,LOG1P,13,-0.292815,1.365243,0.820963
Fe_num,E3,E3_Min4_Field_Depth_LogSalinity,PLS,LOG1P,14,-0.150966,6.862061,2.83759
Fe_num,E3,E3_Min4_Field_Depth_LogSalinity,PLS,LOG1P,15,-0.109072,3.017199,1.570055
Fe_num,E3,E3_Min4_Field_Depth_LogSalinity,PLS,LOG1P,16,-0.02391,2.005227,1.135247
Fe_num,E3,E3_Min4_Field_Depth_LogSalinity,PLS,LOG1P,17,-1.493681,0.580711,0.490138
Fe_num,E3,E3_Min4_Field_Depth_LogSalinity,PLS,LOG1P,18,-0.287163,3.301283,2.026056
Fe_num,E3,E3_Min4_Field_Depth_LogSalinity,PLS,LOG1P,19,-0.215033,6.974765,3.279923
Fe_num,E3,E3_Min4_Field_Depth_LogSalinity,PLS,LOG1P,20,-4.355543,0.721875,0.626094
Fe_num,E3,E3_Min4_Field_Depth_LogSalinity,PLS,LOG1P,21,-0.604558,3.85279,2.430902
Fe_num,E3,E3_Min4_Field_Depth_LogSalinity,PLS,LOG1P,22,-2.115677,0.670679,0.61628
Fe_num,E3,E3_Min4_Field_Depth_LogSalinity,PLS,LOG1P,23,-0.153113,6.862551,3.077941
Fe_num,E3,E3_Min4_Field_Depth_LogSalinity,PLS,LOG1P,24,-0.053243,1.336391,0.959306
Fe_num,E3,E3_Min4_Field_Depth_LogSalinity,PLS,LOG1P,25,-0.306918,1.35311,0.832626
Fe_num,E3,E3_Min4_Field_Depth_LogSalinity,Lasso,RAW,1,-14.634354,2.677252,2.143196
Fe_num,E3,E3_Min4_Field_Depth_LogSalinity,Lasso,RAW,2,-0.173845,6.869783,3.207807
Fe_num,E3,E3_Min4_Field_Depth_LogSalinity,Lasso,RAW,3,-0.010736,2.215252,1.698993
Fe_num,E3,E3_Min4_Field_Depth_LogSalinity,Lasso,RAW,4,-8.683004,1.345431,1.243263
Fe_num,E3,E3_Min4_Field_Depth_LogSalinity,Lasso,RAW,5,-0.257096,3.249391,2.041026
Fe_num,E3,E3_Min4_Field_Depth_LogSalinity,Lasso,RAW,6,-2.712517,2.482383,1.990087
Fe_num,E3,E3_Min4_Field_Depth_LogSalinity,Lasso,RAW,7,-150.588634,1.51885,1.28184
Fe_num,E3,E3_Min4_Field_Depth_LogSalinity,Lasso,RAW,8,-2.629071,1.278959,1.230176
Fe_num,E3,E3_Min4_Field_Depth_LogSalinity,Lasso,RAW,9,-0.449807,3.862365,2.481365
Fe_num,E3,E3_Min4_Field_Depth_LogSalinity,Lasso,RAW,10,-0.267913,6.980679,3.313237
Fe_num,E3,E3_Min4_Field_Depth_LogSalinity,Lasso,RAW,11,0.003579,1.976722,1.455416
Fe_num,E3,E3_Min4_Field_Depth_LogSalinity,Lasso,RAW,12,-0.322104,1.473696,1.391207
Fe_num,E3,E3_Min4_Field_Depth_LogSalinity,Lasso,RAW,13,-2.665676,2.298894,1.670854
Fe_num,E3,E3_Min4_Field_Depth_LogSalinity,Lasso,RAW,14,-0.140324,6.830261,3.091344
Fe_num,E3,E3_Min4_Field_Depth_LogSalinity,Lasso,RAW,15,-0.095354,2.998482,1.840158
Fe_num,E3,E3_Min4_Field_Depth_LogSalinity,Lasso,RAW,16,-0.126182,2.10299,1.55959
Fe_num,E3,E3_Min4_Field_Depth_LogSalinity,Lasso,RAW,17,-9.273001,1.178659,1.134919
Fe_num,E3,E3_Min4_Field_Depth_LogSalinity,Lasso,RAW,18,-0.277472,3.288832,2.363266
Fe_num,E3,E3_Min4_Field_Depth_LogSalinity,Lasso,RAW,19,-0.194525,6.915651,3.464038
Fe_num,E3,E3_Min4_Field_Depth_LogSalinity,Lasso,RAW,20,-44.203182,2.097223,1.666055
Fe_num,E3,E3_Min4_Field_Depth_LogSalinity,Lasso,RAW,21,-0.701665,3.967663,2.515807
Fe_num,E3,E3_Min4_Field_Depth_LogSalinity,Lasso,RAW,22,-15.725652,1.553925,1.460879
Fe_num,E3,E3_Min4_Field_Depth_LogSalinity,Lasso,RAW,23,-0.154017,6.865242,3.418737
Fe_num,E3,E3_Min4_Field_Depth_LogSalinity,Lasso,RAW,24,-3.303731,2.701418,2.27152
Fe_num,E3,E3_Min4_Field_Depth_LogSalinity,Lasso,RAW,25,-1.27929,1.786935,1.499957
Fe_num,E3,E3_Min4_Field_Depth_LogSalinity,Lasso,LOG1P,1,-0.251673,0.757521,0.71317
Fe_num,E3,E3_Min4_Field_Depth_LogSalinity,Lasso,LOG1P,2,-0.151159,6.803075,2.785619
Fe_num,E3,E3_Min4_Field_Depth_LogSalinity,Lasso,LOG1P,3,-0.11923,2.331116,1.435135
Fe_num,E3,E3_Min4_Field_Depth_LogSalinity,Lasso,LOG1P,4,-1.141357,0.632704,0.630372
Fe_num,E3,E3_Min4_Field_Depth_LogSalinity,Lasso,LOG1P,5,-0.264887,3.259445,1.872805
Fe_num,E3,E3_Min4_Field_Depth_LogSalinity,Lasso,LOG1P,6,0.033879,1.26634,0.882526
Fe_num,E3,E3_Min4_Field_Depth_LogSalinity,Lasso,LOG1P,7,-29.164634,0.677533,0.649336
Fe_num,E3,E3_Min4_Field_Depth_LogSalinity,Lasso,LOG1P,8,-0.256305,0.7525,0.691573
Fe_num,E3,E3_Min4_Field_Depth_LogSalinity,Lasso,LOG1P,9,-0.314069,3.677116,2.17725
Fe_num,E3,E3_Min4_Field_Depth_LogSalinity,Lasso,LOG1P,10,-0.256278,6.948576,3.191002
Fe_num,E3,E3_Min4_Field_Depth_LogSalinity,Lasso,LOG1P,11,-0.13713,2.111685,1.259671
Fe_num,E3,E3_Min4_Field_Depth_LogSalinity,Lasso,LOG1P,12,0.033343,1.260118,0.883989
Fe_num,E3,E3_Min4_Field_Depth_LogSalinity,Lasso,LOG1P,13,-0.116729,1.268866,0.786908
Fe_num,E3,E3_Min4_Field_Depth_LogSalinity,Lasso,LOG1P,14,-0.125172,6.784731,2.841973
Fe_num,E3,E3_Min4_Field_Depth_LogSalinity,Lasso,LOG1P,15,-0.121869,3.034555,1.528232
Fe_num,E3,E3_Min4_Field_Depth_LogSalinity,Lasso,LOG1P,16,-0.051119,2.031696,1.133783
Fe_num,E3,E3_Min4_Field_Depth_LogSalinity,Lasso,LOG1P,17,-1.287506,0.556187,0.510937
Fe_num,E3,E3_Min4_Field_Depth_LogSalinity,Lasso,LOG1P,18,-0.279363,3.291265,1.974882
Fe_num,E3,E3_Min4_Field_Depth_LogSalinity,Lasso,LOG1P,19,-0.190052,6.902691,3.221132
Fe_num,E3,E3_Min4_Field_Depth_LogSalinity,Lasso,LOG1P,20,-2.844476,0.611616,0.564496
Fe_num,E3,E3_Min4_Field_Depth_LogSalinity,Lasso,LOG1P,21,-0.521203,3.751382,2.345171
Fe_num,E3,E3_Min4_Field_Depth_LogSalinity,Lasso,LOG1P,22,-1.362595,0.584027,0.572054
Fe_num,E3,E3_Min4_Field_Depth_LogSalinity,Lasso,LOG1P,23,-0.133542,6.804066,3.012331
Fe_num,E3,E3_Min4_Field_Depth_LogSalinity,Lasso,LOG1P,24,-0.018528,1.314183,0.993875
Fe_num,E3,E3_Min4_Field_Depth_LogSalinity,Lasso,LOG1P,25,-0.116967,1.250919,0.797388
Fe_num,E3,E3_Min4_Field_Depth_LogSalinity,Ridge,RAW,1,-16.143975,2.803529,2.223276
Fe_num,E3,E3_Min4_Field_Depth_LogSalinity,Ridge,RAW,2,-0.243814,7.071562,3.393602
Fe_num,E3,E3_Min4_Field_Depth_LogSalinity,Ridge,RAW,3,-0.101916,2.313015,1.774794
Fe_num,E3,E3_Min4_Field_Depth_LogSalinity,Ridge,RAW,4,-6.531003,1.186541,1.063628
Fe_num,E3,E3_Min4_Field_Depth_LogSalinity,Ridge,RAW,5,-0.45344,3.493947,2.173588
Fe_num,E3,E3_Min4_Field_Depth_LogSalinity,Ridge,RAW,6,-3.026935,2.585365,2.08774
Fe_num,E3,E3_Min4_Field_Depth_LogSalinity,Ridge,RAW,7,-160.388868,1.567178,1.338531
Fe_num,E3,E3_Min4_Field_Depth_LogSalinity,Ridge,RAW,8,-2.108108,1.183605,1.120269
Fe_num,E3,E3_Min4_Field_Depth_LogSalinity,Ridge,RAW,9,-0.666494,4.14095,2.690511
Fe_num,E3,E3_Min4_Field_Depth_LogSalinity,Ridge,RAW,10,-0.328387,7.145215,3.408565
Fe_num,E3,E3_Min4_Field_Depth_LogSalinity,Ridge,RAW,11,-0.105139,2.081769,1.458935
Fe_num,E3,E3_Min4_Field_Depth_LogSalinity,Ridge,RAW,12,-0.291523,1.456553,1.317729
Fe_num,E3,E3_Min4_Field_Depth_LogSalinity,Ridge,RAW,13,-3.230938,2.469791,1.855691
Fe_num,E3,E3_Min4_Field_Depth_LogSalinity,Ridge,RAW,14,-0.224845,7.078868,3.197546
Fe_num,E3,E3_Min4_Field_Depth_LogSalinity,Ridge,RAW,15,-0.306706,3.275012,1.972293
Fe_num,E3,E3_Min4_Field_Depth_LogSalinity,Ridge,RAW,16,-0.338041,2.29228,1.62368
Fe_num,E3,E3_Min4_Field_Depth_LogSalinity,Ridge,RAW,17,-9.793381,1.208143,1.102857
Fe_num,E3,E3_Min4_Field_Depth_LogSalinity,Ridge,RAW,18,-0.456193,3.511361,2.294109
Fe_num,E3,E3_Min4_Field_Depth_LogSalinity,Ridge,RAW,19,-0.27057,7.132384,3.570683
Fe_num,E3,E3_Min4_Field_Depth_LogSalinity,Ridge,RAW,20,-48.598286,2.196814,1.74468
Fe_num,E3,E3_Min4_Field_Depth_LogSalinity,Ridge,RAW,21,-0.956052,4.253906,2.809213
Fe_num,E3,E3_Min4_Field_Depth_LogSalinity,Ridge,RAW,22,-16.599888,1.594019,1.504547
Fe_num,E3,E3_Min4_Field_Depth_LogSalinity,Ridge,RAW,23,-0.24062,7.118181,3.684717
Fe_num,E3,E3_Min4_Field_Depth_LogSalinity,Ridge,RAW,24,-3.617992,2.79831,2.3188
Fe_num,E3,E3_Min4_Field_Depth_LogSalinity,Ridge,RAW,25,-1.779084,1.973149,1.643544
Fe_num,E3,E3_Min4_Field_Depth_LogSalinity,Ridge,LOG1P,1,-1.081487,0.976869,0.895515
Fe_num,E3,E3_Min4_Field_Depth_LogSalinity,Ridge,LOG1P,2,-0.185499,6.903801,2.856871
Fe_num,E3,E3_Min4_Field_Depth_LogSalinity,Ridge,LOG1P,3,-0.149899,2.362838,1.594538
Fe_num,E3,E3_Min4_Field_Depth_LogSalinity,Ridge,LOG1P,4,-0.805538,0.580978,0.536239
Fe_num,E3,E3_Min4_Field_Depth_LogSalinity,Ridge,LOG1P,5,-0.325417,3.336522,1.912011
Fe_num,E3,E3_Min4_Field_Depth_LogSalinity,Ridge,LOG1P,6,-0.053905,1.322621,0.971013
Fe_num,E3,E3_Min4_Field_Depth_LogSalinity,Ridge,LOG1P,7,-40.399344,0.79374,0.637145
Fe_num,E3,E3_Min4_Field_Depth_LogSalinity,Ridge,LOG1P,8,0.150821,0.618669,0.543517
Fe_num,E3,E3_Min4_Field_Depth_LogSalinity,Ridge,LOG1P,9,-0.37991,3.768109,2.256109
Fe_num,E3,E3_Min4_Field_Depth_LogSalinity,Ridge,LOG1P,10,-0.283154,7.02251,3.212361
Fe_num,E3,E3_Min4_Field_Depth_LogSalinity,Ridge,LOG1P,11,-0.108688,2.085109,1.230428
Fe_num,E3,E3_Min4_Field_Depth_LogSalinity,Ridge,LOG1P,12,0.071481,1.23501,0.838778
Fe_num,E3,E3_Min4_Field_Depth_LogSalinity,Ridge,LOG1P,13,-0.290884,1.364224,0.823068
Fe_num,E3,E3_Min4_Field_Depth_LogSalinity,Ridge,LOG1P,14,-0.167883,6.912304,2.866564
Fe_num,E3,E3_Min4_Field_Depth_LogSalinity,Ridge,LOG1P,15,-0.146875,3.068189,1.55728
Fe_num,E3,E3_Min4_Field_Depth_LogSalinity,Ridge,LOG1P,16,-0.054089,2.034565,1.141657
Fe_num,E3,E3_Min4_Field_Depth_LogSalinity,Ridge,LOG1P,17,-1.096476,0.532457,0.447851
Fe_num,E3,E3_Min4_Field_Depth_LogSalinity,Ridge,LOG1P,18,-0.335946,3.363259,2.026981
Fe_num,E3,E3_Min4_Field_Depth_LogSalinity,Ridge,LOG1P,19,-0.226487,7.007563,3.296574
Fe_num,E3,E3_Min4_Field_Depth_LogSalinity,Ridge,LOG1P,20,-4.094904,0.70409,0.61567
Fe_num,E3,E3_Min4_Field_Depth_LogSalinity,Ridge,LOG1P,21,-0.65427,3.912018,2.496285
Fe_num,E3,E3_Min4_Field_Depth_LogSalinity,Ridge,LOG1P,22,-1.973266,0.655172,0.608555
Fe_num,E3,E3_Min4_Field_Depth_LogSalinity,Ridge,LOG1P,23,-0.172721,6.920652,3.166002
Fe_num,E3,E3_Min4_Field_Depth_LogSalinity,Ridge,LOG1P,24,-0.029877,1.321484,0.943995
Fe_num,E3,E3_Min4_Field_Depth_LogSalinity,Ridge,LOG1P,25,-0.329868,1.364939,0.868974
Fe_num,E3,E3_Min4_Field_Depth_LogSalinity,ElasticNet,RAW,1,-14.949554,2.704105,2.155616
Fe_num,E3,E3_Min4_Field_Depth_LogSalinity,ElasticNet,RAW,2,-0.180731,6.889904,3.229513
Fe_num,E3,E3_Min4_Field_Depth_LogSalinity,ElasticNet,RAW,3,-0.024388,2.230162,1.695542
Fe_num,E3,E3_Min4_Field_Depth_LogSalinity,ElasticNet,RAW,4,-8.062182,1.301586,1.203827
Fe_num,E3,E3_Min4_Field_Depth_LogSalinity,ElasticNet,RAW,5,-0.309234,3.31609,2.072598
Fe_num,E3,E3_Min4_Field_Depth_LogSalinity,ElasticNet,RAW,6,-2.766913,2.500503,2.007862
Fe_num,E3,E3_Min4_Field_Depth_LogSalinity,ElasticNet,RAW,7,-156.107229,1.546249,1.296967
Fe_num,E3,E3_Min4_Field_Depth_LogSalinity,ElasticNet,RAW,8,-2.36572,1.23168,1.182586
Fe_num,E3,E3_Min4_Field_Depth_LogSalinity,ElasticNet,RAW,9,-0.457077,3.872036,2.490489
Fe_num,E3,E3_Min4_Field_Depth_LogSalinity,ElasticNet,RAW,10,-0.275562,7.001705,3.326677
Fe_num,E3,E3_Min4_Field_Depth_LogSalinity,ElasticNet,RAW,11,-0.015834,1.995884,1.455638
Fe_num,E3,E3_Min4_Field_Depth_LogSalinity,ElasticNet,RAW,12,-0.302877,1.462941,1.365975
Fe_num,E3,E3_Min4_Field_Depth_LogSalinity,ElasticNet,RAW,13,-2.793024,2.338486,1.709399
Fe_num,E3,E3_Min4_Field_Depth_LogSalinity,ElasticNet,RAW,14,-0.148113,6.853549,3.108054
Fe_num,E3,E3_Min4_Field_Depth_LogSalinity,ElasticNet,RAW,15,-0.165243,3.092661,1.870757
Fe_num,E3,E3_Min4_Field_Depth_LogSalinity,ElasticNet,RAW,16,-0.166372,2.140185,1.548528
Fe_num,E3,E3_Min4_Field_Depth_LogSalinity,ElasticNet,RAW,17,-8.453639,1.130678,1.072231
Fe_num,E3,E3_Min4_Field_Depth_LogSalinity,ElasticNet,RAW,18,-0.322674,3.346512,2.318182
Fe_num,E3,E3_Min4_Field_Depth_LogSalinity,ElasticNet,RAW,19,-0.203506,6.941601,3.477037
Fe_num,E3,E3_Min4_Field_Depth_LogSalinity,ElasticNet,RAW,20,-45.260633,2.121611,1.682671
Fe_num,E3,E3_Min4_Field_Depth_LogSalinity,ElasticNet,RAW,21,-0.698061,3.963459,2.514415
Fe_num,E3,E3_Min4_Field_Depth_LogSalinity,ElasticNet,RAW,22,-16.022153,1.567638,1.46605
Fe_num,E3,E3_Min4_Field_Depth_LogSalinity,ElasticNet,RAW,23,-0.164283,6.89571,3.440903
Fe_num,E3,E3_Min4_Field_Depth_LogSalinity,ElasticNet,RAW,24,-3.392895,2.729259,2.294492
Fe_num,E3,E3_Min4_Field_Depth_LogSalinity,ElasticNet,RAW,25,-1.379855,1.825931,1.516672
Fe_num,E3,E3_Min4_Field_Depth_LogSalinity,ElasticNet,LOG1P,1,-0.42308,0.807726,0.761396
Fe_num,E3,E3_Min4_Field_Depth_LogSalinity,ElasticNet,LOG1P,2,-0.163644,6.839868,2.817268
Fe_num,E3,E3_Min4_Field_Depth_LogSalinity,ElasticNet,LOG1P,3,-0.092278,2.302877,1.438088
Fe_num,E3,E3_Min4_Field_Depth_LogSalinity,ElasticNet,LOG1P,4,-0.836463,0.585932,0.574855
Fe_num,E3,E3_Min4_Field_Depth_LogSalinity,ElasticNet,LOG1P,5,-0.268285,3.263819,1.880318
Fe_num,E3,E3_Min4_Field_Depth_LogSalinity,ElasticNet,LOG1P,6,0.017724,1.276884,0.901945
Fe_num,E3,E3_Min4_Field_Depth_LogSalinity,ElasticNet,LOG1P,7,-31.57932,0.704129,0.644366
Fe_num,E3,E3_Min4_Field_Depth_LogSalinity,ElasticNet,LOG1P,8,-0.01858,0.677574,0.614312
Fe_num,E3,E3_Min4_Field_Depth_LogSalinity,ElasticNet,LOG1P,9,-0.297933,3.654469,2.175831
Fe_num,E3,E3_Min4_Field_Depth_LogSalinity,ElasticNet,LOG1P,10,-0.267668,6.980003,3.210371
Fe_num,E3,E3_Min4_Field_Depth_LogSalinity,ElasticNet,LOG1P,11,-0.095354,2.072532,1.22759
Fe_num,E3,E3_Min4_Field_Depth_LogSalinity,ElasticNet,LOG1P,12,0.064161,1.239869,0.863536
Fe_num,E3,E3_Min4_Field_Depth_LogSalinity,ElasticNet,LOG1P,13,-0.177089,1.302707,0.780774
Fe_num,E3,E3_Min4_Field_Depth_LogSalinity,ElasticNet,LOG1P,14,-0.136136,6.817708,2.849736
Fe_num,E3,E3_Min4_Field_Depth_LogSalinity,ElasticNet,LOG1P,15,-0.103977,3.010261,1.538416
Fe_num,E3,E3_Min4_Field_Depth_LogSalinity,ElasticNet,LOG1P,16,-0.022521,2.003867,1.11317
Fe_num,E3,E3_Min4_Field_Depth_LogSalinity,ElasticNet,LOG1P,17,-0.838696,0.498648,0.448526
Fe_num,E3,E3_Min4_Field_Depth_LogSalinity,ElasticNet,LOG1P,18,-0.277713,3.289141,1.985981
Fe_num,E3,E3_Min4_Field_Depth_LogSalinity,ElasticNet,LOG1P,19,-0.199673,6.930539,3.249292
Fe_num,E3,E3_Min4_Field_Depth_LogSalinity,ElasticNet,LOG1P,20,-3.269401,0.64453,0.574428
Fe_num,E3,E3_Min4_Field_Depth_LogSalinity,ElasticNet,LOG1P,21,-0.526661,3.758106,2.35059
Fe_num,E3,E3_Min4_Field_Depth_LogSalinity,ElasticNet,LOG1P,22,-1.550252,0.606778,0.586573
Fe_num,E3,E3_Min4_Field_Depth_LogSalinity,ElasticNet,LOG1P,23,-0.142349,6.830445,3.053945
Fe_num,E3,E3_Min4_Field_Depth_LogSalinity,ElasticNet,LOG1P,24,0.015921,1.291767,0.94152
Fe_num,E3,E3_Min4_Field_Depth_LogSalinity,ElasticNet,LOG1P,25,-0.16374,1.276842,0.8043
Fe_num,E4,E4_Min5_Field_Depth_Interactions,SVR_RBF,RAW,1,-0.189472,0.738459,0.567056
Fe_num,E4,E4_Min5_Field_Depth_Interactions,SVR_RBF,RAW,2,-0.176089,6.876345,2.7779
Fe_num,E4,E4_Min5_Field_Depth_Interactions,SVR_RBF,RAW,3,-0.181083,2.394663,1.485429
Fe_num,E4,E4_Min5_Field_Depth_Interactions,SVR_RBF,RAW,4,-0.66884,0.558552,0.462401
Fe_num,E4,E4_Min5_Field_Depth_Interactions,SVR_RBF,RAW,5,-0.368786,3.390669,1.971971
Fe_num,E4,E4_Min5_Field_Depth_Interactions,SVR_RBF,RAW,6,0.106821,1.217598,0.690998
Fe_num,E4,E4_Min5_Field_Depth_Interactions,SVR_RBF,RAW,7,-4.267025,0.283116,0.229285
Fe_num,E4,E4_Min5_Field_Depth_Interactions,SVR_RBF,RAW,8,0.131514,0.625663,0.368726
Fe_num,E4,E4_Min5_Field_Depth_Interactions,SVR_RBF,RAW,9,-0.364644,3.747208,2.192417
Fe_num,E4,E4_Min5_Field_Depth_Interactions,SVR_RBF,RAW,10,-0.293187,7.049912,3.379186
Fe_num,E4,E4_Min5_Field_Depth_Interactions,SVR_RBF,RAW,11,-0.177473,2.148818,1.162635
Fe_num,E4,E4_Min5_Field_Depth_Interactions,SVR_RBF,RAW,12,0.099719,1.216086,0.642863
Fe_num,E4,E4_Min5_Field_Depth_Interactions,SVR_RBF,RAW,13,-0.3521,1.396196,0.792446
Fe_num,E4,E4_Min5_Field_Depth_Interactions,SVR_RBF,RAW,14,-0.173782,6.929741,2.769993
Fe_num,E4,E4_Min5_Field_Depth_Interactions,SVR_RBF,RAW,15,-0.150126,3.072535,1.48633
Fe_num,E4,E4_Min5_Field_Depth_Interactions,SVR_RBF,RAW,16,-0.113044,2.090687,1.104504
Fe_num,E4,E4_Min5_Field_Depth_Interactions,SVR_RBF,RAW,17,0.28744,0.31042,0.260692
Fe_num,E4,E4_Min5_Field_Depth_Interactions,SVR_RBF,RAW,18,-0.34138,3.370093,2.001297
Fe_num,E4,E4_Min5_Field_Depth_Interactions,SVR_RBF,RAW,19,-0.204754,6.9452,3.166849
Fe_num,E4,E4_Min5_Field_Depth_Interactions,SVR_RBF,RAW,20,-1.90049,0.531246,0.4705
Fe_num,E4,E4_Min5_Field_Depth_Interactions,SVR_RBF,RAW,21,-0.604991,3.85331,2.434285
Fe_num,E4,E4_Min5_Field_Depth_Interactions,SVR_RBF,RAW,22,-0.459116,0.458969,0.365388
Fe_num,E4,E4_Min5_Field_Depth_Interactions,SVR_RBF,RAW,23,-0.132893,6.802118,2.844053
Fe_num,E4,E4_Min5_Field_Depth_Interactions,SVR_RBF,RAW,24,-0.001111,1.302898,0.855385
Fe_num,E4,E4_Min5_Field_Depth_Interactions,SVR_RBF,RAW,25,-0.448825,1.424679,0.782085
Fe_num,E4,E4_Min5_Field_Depth_Interactions,SVR_RBF,LOG1P,1,-0.269173,0.762798,0.594353
Fe_num,E4,E4_Min5_Field_Depth_Interactions,SVR_RBF,LOG1P,2,-0.175295,6.874024,2.820469
Fe_num,E4,E4_Min5_Field_Depth_Interactions,SVR_RBF,LOG1P,3,-0.15413,2.367182,1.441402
Fe_num,E4,E4_Min5_Field_Depth_Interactions,SVR_RBF,LOG1P,4,-0.899534,0.595909,0.502755
Fe_num,E4,E4_Min5_Field_Depth_Interactions,SVR_RBF,LOG1P,5,-0.345581,3.361805,1.959694
Fe_num,E4,E4_Min5_Field_Depth_Interactions,SVR_RBF,LOG1P,6,0.185018,1.163077,0.688193
Fe_num,E4,E4_Min5_Field_Depth_Interactions,SVR_RBF,LOG1P,7,-5.004734,0.302293,0.240138
Fe_num,E4,E4_Min5_Field_Depth_Interactions,SVR_RBF,LOG1P,8,0.09187,0.639783,0.410029
Fe_num,E4,E4_Min5_Field_Depth_Interactions,SVR_RBF,LOG1P,9,-0.361207,3.742486,2.214392
Fe_num,E4,E4_Min5_Field_Depth_Interactions,SVR_RBF,LOG1P,10,-0.292343,7.04761,3.387739
Fe_num,E4,E4_Min5_Field_Depth_Interactions,SVR_RBF,LOG1P,11,-0.120354,2.09605,1.142976
Fe_num,E4,E4_Min5_Field_Depth_Interactions,SVR_RBF,LOG1P,12,0.136066,1.191284,0.652346
Fe_num,E4,E4_Min5_Field_Depth_Interactions,SVR_RBF,LOG1P,13,-0.357543,1.399003,0.794597
Fe_num,E4,E4_Min5_Field_Depth_Interactions,SVR_RBF,LOG1P,14,-0.169475,6.917014,2.757536
Fe_num,E4,E4_Min5_Field_Depth_Interactions,SVR_RBF,LOG1P,15,-0.113461,3.023163,1.469875
Fe_num,E4,E4_Min5_Field_Depth_Interactions,SVR_RBF,LOG1P,16,-0.073531,2.053242,1.128053
Fe_num,E4,E4_Min5_Field_Depth_Interactions,SVR_RBF,LOG1P,17,0.154536,0.338133,0.264759
Fe_num,E4,E4_Min5_Field_Depth_Interactions,SVR_RBF,LOG1P,18,-0.288327,3.302775,1.971948
Fe_num,E4,E4_Min5_Field_Depth_Interactions,SVR_RBF,LOG1P,19,-0.201545,6.935943,3.159105
Fe_num,E4,E4_Min5_Field_Depth_Interactions,SVR_RBF,LOG1P,20,-1.759475,0.518171,0.470376
Fe_num,E4,E4_Min5_Field_Depth_Interactions,SVR_RBF,LOG1P,21,-0.591246,3.836775,2.424517
Fe_num,E4,E4_Min5_Field_Depth_Interactions,SVR_RBF,LOG1P,22,-0.281014,0.430046,0.344935
Fe_num,E4,E4_Min5_Field_Depth_Interactions,SVR_RBF,LOG1P,23,-0.126795,6.783785,2.874833
Fe_num,E4,E4_Min5_Field_Depth_Interactions,SVR_RBF,LOG1P,24,0.041962,1.274561,0.840663
Fe_num,E4,E4_Min5_Field_Depth_Interactions,SVR_RBF,LOG1P,25,-0.471461,1.435765,0.815208
Fe_num,E4,E4_Min5_Field_Depth_Interactions,PLS,RAW,1,-17.530443,2.914689,2.257797
Fe_num,E4,E4_Min5_Field_Depth_Interactions,PLS,RAW,2,-0.148706,6.795822,3.148577
Fe_num,E4,E4_Min5_Field_Depth_Interactions,PLS,RAW,3,-0.047882,2.255591,1.621811
Fe_num,E4,E4_Min5_Field_Depth_Interactions,PLS,RAW,4,-7.324616,1.247494,1.135848
Fe_num,E4,E4_Min5_Field_Depth_Interactions,PLS,RAW,5,-0.249056,3.238982,2.056767
Fe_num,E4,E4_Min5_Field_Depth_Interactions,PLS,RAW,6,-3.275539,2.663974,2.120853
Fe_num,E4,E4_Min5_Field_Depth_Interactions,PLS,RAW,7,-181.16445,1.664996,1.390177
Fe_num,E4,E4_Min5_Field_Depth_Interactions,PLS,RAW,8,-1.893748,1.142061,1.08823
Fe_num,E4,E4_Min5_Field_Depth_Interactions,PLS,RAW,9,-0.285883,3.637465,2.390614
Fe_num,E4,E4_Min5_Field_Depth_Interactions,PLS,RAW,10,-0.235876,6.891924,3.311982
Fe_num,E4,E4_Min5_Field_Depth_Interactions,PLS,RAW,11,0.00551,1.974805,1.458728
Fe_num,E4,E4_Min5_Field_Depth_Interactions,PLS,RAW,12,-0.290262,1.455842,1.308666
Fe_num,E4,E4_Min5_Field_Depth_Interactions,PLS,RAW,13,-3.531221,2.555934,1.897589
Fe_num,E4,E4_Min5_Field_Depth_Interactions,PLS,RAW,14,-0.11879,6.765462,3.045796
Fe_num,E4,E4_Min5_Field_Depth_Interactions,PLS,RAW,15,-0.096299,2.999774,1.832053
Fe_num,E4,E4_Min5_Field_Depth_Interactions,PLS,RAW,16,-0.211366,2.181075,1.539475
Fe_num,E4,E4_Min5_Field_Depth_Interactions,PLS,RAW,17,-5.718936,0.953213,0.881852
Fe_num,E4,E4_Min5_Field_Depth_Interactions,PLS,RAW,18,-0.333749,3.360494,2.465976
Fe_num,E4,E4_Min5_Field_Depth_Interactions,PLS,RAW,19,-0.177956,6.867521,3.418247
Fe_num,E4,E4_Min5_Field_Depth_Interactions,PLS,RAW,20,-53.178394,2.296006,1.806538
Fe_num,E4,E4_Min5_Field_Depth_Interactions,PLS,RAW,21,-0.413532,3.616184,2.133685
Fe_num,E4,E4_Min5_Field_Depth_Interactions,PLS,RAW,22,-16.709053,1.598955,1.477088
Fe_num,E4,E4_Min5_Field_Depth_Interactions,PLS,RAW,23,-0.127764,6.786701,3.275118
Fe_num,E4,E4_Min5_Field_Depth_Interactions,PLS,RAW,24,-4.913336,3.166544,2.525678
Fe_num,E4,E4_Min5_Field_Depth_Interactions,PLS,RAW,25,-1.789154,1.976721,1.545112
Fe_num,E4,E4_Min5_Field_Depth_Interactions,PLS,LOG1P,1,-1.015351,0.961224,0.884828
Fe_num,E4,E4_Min5_Field_Depth_Interactions,PLS,LOG1P,2,-0.158902,6.825916,2.805155
Fe_num,E4,E4_Min5_Field_Depth_Interactions,PLS,LOG1P,3,-0.125788,2.337935,1.52466
Fe_num,E4,E4_Min5_Field_Depth_Interactions,PLS,LOG1P,4,-0.872949,0.591724,0.548053
Fe_num,E4,E4_Min5_Field_Depth_Interactions,PLS,LOG1P,5,-0.293312,3.295865,1.915841
Fe_num,E4,E4_Min5_Field_Depth_Interactions,PLS,LOG1P,6,-0.064462,1.329229,0.964005
Fe_num,E4,E4_Min5_Field_Depth_Interactions,PLS,LOG1P,7,-34.843155,0.738558,0.591497
Fe_num,E4,E4_Min5_Field_Depth_Interactions,PLS,LOG1P,8,0.147172,0.619997,0.545441
Fe_num,E4,E4_Min5_Field_Depth_Interactions,PLS,LOG1P,9,-0.30853,3.669356,2.203166
Fe_num,E4,E4_Min5_Field_Depth_Interactions,PLS,LOG1P,10,-0.259041,6.956213,3.233447
Fe_num,E4,E4_Min5_Field_Depth_Interactions,PLS,LOG1P,11,-0.076538,2.054655,1.210765
Fe_num,E4,E4_Min5_Field_Depth_Interactions,PLS,LOG1P,12,0.059353,1.24305,0.837566
Fe_num,E4,E4_Min5_Field_Depth_Interactions,PLS,LOG1P,13,-0.256728,1.346054,0.792975
Fe_num,E4,E4_Min5_Field_Depth_Interactions,PLS,LOG1P,14,-0.135159,6.814775,2.817271
Fe_num,E4,E4_Min5_Field_Depth_Interactions,PLS,LOG1P,15,-0.1113,3.020228,1.561545
Fe_num,E4,E4_Min5_Field_Depth_Interactions,PLS,LOG1P,16,-0.038639,2.019599,1.14627
Fe_num,E4,E4_Min5_Field_Depth_Interactions,PLS,LOG1P,17,-0.71578,0.481693,0.417834
Fe_num,E4,E4_Min5_Field_Depth_Interactions,PLS,LOG1P,18,-0.301125,3.31914,2.029352
Fe_num,E4,E4_Min5_Field_Depth_Interactions,PLS,LOG1P,19,-0.197881,6.925358,3.248152
Fe_num,E4,E4_Min5_Field_Depth_Interactions,PLS,LOG1P,20,-3.596103,0.668736,0.591599
Fe_num,E4,E4_Min5_Field_Depth_Interactions,PLS,LOG1P,21,-0.518808,3.748428,2.30722
Fe_num,E4,E4_Min5_Field_Depth_Interactions,PLS,LOG1P,22,-1.950474,0.652656,0.600791
Fe_num,E4,E4_Min5_Field_Depth_Interactions,PLS,LOG1P,23,-0.134929,6.808228,3.00094
Fe_num,E4,E4_Min5_Field_Depth_Interactions,PLS,LOG1P,24,-0.015394,1.312159,0.938872
Fe_num,E4,E4_Min5_Field_Depth_Interactions,PLS,LOG1P,25,-0.356625,1.378602,0.879677
Fe_num,E4,E4_Min5_Field_Depth_Interactions,Lasso,RAW,1,-15.204855,2.725661,2.167689
Fe_num,E4,E4_Min5_Field_Depth_Interactions,Lasso,RAW,2,-0.147077,6.791003,3.108466
Fe_num,E4,E4_Min5_Field_Depth_Interactions,Lasso,RAW,3,-0.095043,2.30579,1.722607
Fe_num,E4,E4_Min5_Field_Depth_Interactions,Lasso,RAW,4,-8.589009,1.338885,1.238684
Fe_num,E4,E4_Min5_Field_Depth_Interactions,Lasso,RAW,5,-0.238753,3.225596,2.022582
Fe_num,E4,E4_Min5_Field_Depth_Interactions,Lasso,RAW,6,-2.80831,2.514205,2.007897
Fe_num,E4,E4_Min5_Field_Depth_Interactions,Lasso,RAW,7,-150.634534,1.51908,1.281252
Fe_num,E4,E4_Min5_Field_Depth_Interactions,Lasso,RAW,8,-2.603506,1.274446,1.226019
Fe_num,E4,E4_Min5_Field_Depth_Interactions,Lasso,RAW,9,-0.294952,3.650269,2.34485
Fe_num,E4,E4_Min5_Field_Depth_Interactions,Lasso,RAW,10,-0.237316,6.895937,3.284961
Fe_num,E4,E4_Min5_Field_Depth_Interactions,Lasso,RAW,11,-0.06183,2.040571,1.558055
Fe_num,E4,E4_Min5_Field_Depth_Interactions,Lasso,RAW,12,-0.321789,1.47352,1.387789
Fe_num,E4,E4_Min5_Field_Depth_Interactions,Lasso,RAW,13,-4.86986,2.909081,2.03209
Fe_num,E4,E4_Min5_Field_Depth_Interactions,Lasso,RAW,14,-0.112082,6.745151,3.010512
Fe_num,E4,E4_Min5_Field_Depth_Interactions,Lasso,RAW,15,-0.107228,3.01469,1.828841
Fe_num,E4,E4_Min5_Field_Depth_Interactions,Lasso,RAW,16,-0.239186,2.205977,1.639416
Fe_num,E4,E4_Min5_Field_Depth_Interactions,Lasso,RAW,17,-9.00252,1.163039,1.119168
Fe_num,E4,E4_Min5_Field_Depth_Interactions,Lasso,RAW,18,-0.356728,3.389318,2.493325
Fe_num,E4,E4_Min5_Field_Depth_Interactions,Lasso,RAW,19,-0.167453,6.836836,3.379445
Fe_num,E4,E4_Min5_Field_Depth_Interactions,Lasso,RAW,20,-54.361033,2.32093,1.758171
Fe_num,E4,E4_Min5_Field_Depth_Interactions,Lasso,RAW,21,-0.431348,3.638902,2.181615
Fe_num,E4,E4_Min5_Field_Depth_Interactions,Lasso,RAW,22,-15.711561,1.55327,1.463052
Fe_num,E4,E4_Min5_Field_Depth_Interactions,Lasso,RAW,23,-0.120063,6.76349,3.236151
Fe_num,E4,E4_Min5_Field_Depth_Interactions,Lasso,RAW,24,-5.11585,3.22031,2.55571
Fe_num,E4,E4_Min5_Field_Depth_Interactions,Lasso,RAW,25,-1.321961,1.803585,1.506613
Fe_num,E4,E4_Min5_Field_Depth_Interactions,Lasso,LOG1P,1,-0.251673,0.757521,0.71317
Fe_num,E4,E4_Min5_Field_Depth_Interactions,Lasso,LOG1P,2,-0.141586,6.774731,2.763215
Fe_num,E4,E4_Min5_Field_Depth_Interactions,Lasso,LOG1P,3,-0.11923,2.331116,1.435135
Fe_num,E4,E4_Min5_Field_Depth_Interactions,Lasso,LOG1P,4,-1.141357,0.632704,0.630372
Fe_num,E4,E4_Min5_Field_Depth_Interactions,Lasso,LOG1P,5,-0.264887,3.259445,1.872805
Fe_num,E4,E4_Min5_Field_Depth_Interactions,Lasso,LOG1P,6,0.033879,1.26634,0.882526
Fe_num,E4,E4_Min5_Field_Depth_Interactions,Lasso,LOG1P,7,-25.357813,0.633339,0.613481
Fe_num,E4,E4_Min5_Field_Depth_Interactions,Lasso,LOG1P,8,-0.256305,0.7525,0.691573
Fe_num,E4,E4_Min5_Field_Depth_Interactions,Lasso,LOG1P,9,-0.314069,3.677116,2.17725
Fe_num,E4,E4_Min5_Field_Depth_Interactions,Lasso,LOG1P,10,-0.245738,6.919366,3.198006
Fe_num,E4,E4_Min5_Field_Depth_Interactions,Lasso,LOG1P,11,-0.13713,2.111685,1.259671
Fe_num,E4,E4_Min5_Field_Depth_Interactions,Lasso,LOG1P,12,0.033343,1.260118,0.883989
Fe_num,E4,E4_Min5_Field_Depth_Interactions,Lasso,LOG1P,13,-0.116729,1.268866,0.786908
Fe_num,E4,E4_Min5_Field_Depth_Interactions,Lasso,LOG1P,14,-0.114383,6.752124,2.811088
Fe_num,E4,E4_Min5_Field_Depth_Interactions,Lasso,LOG1P,15,-0.121869,3.034555,1.528232
Fe_num,E4,E4_Min5_Field_Depth_Interactions,Lasso,LOG1P,16,-0.051119,2.031696,1.133783
Fe_num,E4,E4_Min5_Field_Depth_Interactions,Lasso,LOG1P,17,-1.287506,0.556187,0.510937
Fe_num,E4,E4_Min5_Field_Depth_Interactions,Lasso,LOG1P,18,-0.279363,3.291265,1.974882
Fe_num,E4,E4_Min5_Field_Depth_Interactions,Lasso,LOG1P,19,-0.180344,6.874478,3.192036
Fe_num,E4,E4_Min5_Field_Depth_Interactions,Lasso,LOG1P,20,-2.844476,0.611616,0.564496
Fe_num,E4,E4_Min5_Field_Depth_Interactions,Lasso,LOG1P,21,-0.521203,3.751382,2.345171
Fe_num,E4,E4_Min5_Field_Depth_Interactions,Lasso,LOG1P,22,-1.362595,0.584027,0.572054
Fe_num,E4,E4_Min5_Field_Depth_Interactions,Lasso,LOG1P,23,-0.119866,6.762897,2.928603
Fe_num,E4,E4_Min5_Field_Depth_Interactions,Lasso,LOG1P,24,-0.018528,1.314183,0.993875
Fe_num,E4,E4_Min5_Field_Depth_Interactions,Lasso,LOG1P,25,-0.116967,1.250919,0.797388
Fe_num,E4,E4_Min5_Field_Depth_Interactions,Ridge,RAW,1,-22.983235,3.315913,2.383873
Fe_num,E4,E4_Min5_Field_Depth_Interactions,Ridge,RAW,2,-0.199937,6.945713,3.219597
Fe_num,E4,E4_Min5_Field_Depth_Interactions,Ridge,RAW,3,-0.256956,2.470383,1.800435
Fe_num,E4,E4_Min5_Field_Depth_Interactions,Ridge,RAW,4,-7.720257,1.276794,1.212277
Fe_num,E4,E4_Min5_Field_Depth_Interactions,Ridge,RAW,5,-0.296026,3.299321,2.046953
Fe_num,E4,E4_Min5_Field_Depth_Interactions,Ridge,RAW,6,-5.778193,3.35422,2.3819
Fe_num,E4,E4_Min5_Field_Depth_Interactions,Ridge,RAW,7,-181.078286,1.664603,1.370287
Fe_num,E4,E4_Min5_Field_Depth_Interactions,Ridge,RAW,8,-2.105494,1.183108,1.135468
Fe_num,E4,E4_Min5_Field_Depth_Interactions,Ridge,RAW,9,-0.507084,3.93792,2.606747
Fe_num,E4,E4_Min5_Field_Depth_Interactions,Ridge,RAW,10,-0.339536,7.175137,3.524539
Fe_num,E4,E4_Min5_Field_Depth_Interactions,Ridge,RAW,11,-0.262275,2.224852,1.777246
Fe_num,E4,E4_Min5_Field_Depth_Interactions,Ridge,RAW,12,-0.377609,1.504312,1.345646
Fe_num,E4,E4_Min5_Field_Depth_Interactions,Ridge,RAW,13,-9.763277,3.939256,2.624598
Fe_num,E4,E4_Min5_Field_Depth_Interactions,Ridge,RAW,14,-0.17281,6.92687,2.939403
Fe_num,E4,E4_Min5_Field_Depth_Interactions,Ridge,RAW,15,-0.169256,3.097982,1.850296
Fe_num,E4,E4_Min5_Field_Depth_Interactions,Ridge,RAW,16,-0.497173,2.42476,1.748586
Fe_num,E4,E4_Min5_Field_Depth_Interactions,Ridge,RAW,17,-6.049239,0.976361,0.916374
Fe_num,E4,E4_Min5_Field_Depth_Interactions,Ridge,RAW,18,-0.495168,3.558041,2.695329
Fe_num,E4,E4_Min5_Field_Depth_Interactions,Ridge,RAW,19,-0.221782,6.994109,3.421005
Fe_num,E4,E4_Min5_Field_Depth_Interactions,Ridge,RAW,20,-120.160156,3.433523,2.257037
Fe_num,E4,E4_Min5_Field_Depth_Interactions,Ridge,RAW,21,-0.699912,3.965619,2.54797
Fe_num,E4,E4_Min5_Field_Depth_Interactions,Ridge,RAW,22,-16.410788,1.585432,1.467344
Fe_num,E4,E4_Min5_Field_Depth_Interactions,Ridge,RAW,23,-0.167194,6.904323,3.236767
Fe_num,E4,E4_Min5_Field_Depth_Interactions,Ridge,RAW,24,-9.930426,4.305145,3.025409
Fe_num,E4,E4_Min5_Field_Depth_Interactions,Ridge,RAW,25,-1.95668,2.035219,1.624729
Fe_num,E4,E4_Min5_Field_Depth_Interactions,Ridge,LOG1P,1,-1.336825,1.035053,0.931298
Fe_num,E4,E4_Min5_Field_Depth_Interactions,Ridge,LOG1P,2,-0.174737,6.872394,2.808129
Fe_num,E4,E4_Min5_Field_Depth_Interactions,Ridge,LOG1P,3,-0.146682,2.359531,1.551419
Fe_num,E4,E4_Min5_Field_Depth_Interactions,Ridge,LOG1P,4,-0.907041,0.597085,0.54536
Fe_num,E4,E4_Min5_Field_Depth_Interactions,Ridge,LOG1P,5,-0.297361,3.30102,1.914543
Fe_num,E4,E4_Min5_Field_Depth_Interactions,Ridge,LOG1P,6,-0.286847,1.461497,1.102965
Fe_num,E4,E4_Min5_Field_Depth_Interactions,Ridge,LOG1P,7,-34.192715,0.731826,0.598086
Fe_num,E4,E4_Min5_Field_Depth_Interactions,Ridge,LOG1P,8,0.142316,0.62176,0.544787
Fe_num,E4,E4_Min5_Field_Depth_Interactions,Ridge,LOG1P,9,-0.348259,3.724645,2.224693
Fe_num,E4,E4_Min5_Field_Depth_Interactions,Ridge,LOG1P,10,-0.295591,7.056461,3.287785
Fe_num,E4,E4_Min5_Field_Depth_Interactions,Ridge,LOG1P,11,-0.082829,2.060649,1.192436
Fe_num,E4,E4_Min5_Field_Depth_Interactions,Ridge,LOG1P,12,0.04846,1.250226,0.845023
Fe_num,E4,E4_Min5_Field_Depth_Interactions,Ridge,LOG1P,13,-1.193555,1.778346,1.225069
Fe_num,E4,E4_Min5_Field_Depth_Interactions,Ridge,LOG1P,14,-0.151957,6.865013,2.780918
Fe_num,E4,E4_Min5_Field_Depth_Interactions,Ridge,LOG1P,15,-0.124134,3.037617,1.565502
Fe_num,E4,E4_Min5_Field_Depth_Interactions,Ridge,LOG1P,16,-0.068726,2.048641,1.189562
Fe_num,E4,E4_Min5_Field_Depth_Interactions,Ridge,LOG1P,17,-0.731536,0.4839,0.421056
Fe_num,E4,E4_Min5_Field_Depth_Interactions,Ridge,LOG1P,18,-0.309136,3.329342,2.003149
Fe_num,E4,E4_Min5_Field_Depth_Interactions,Ridge,LOG1P,19,-0.211447,6.964463,3.246653
Fe_num,E4,E4_Min5_Field_Depth_Interactions,Ridge,LOG1P,20,-10.043987,1.036628,0.85244
Fe_num,E4,E4_Min5_Field_Depth_Interactions,Ridge,LOG1P,21,-0.572774,3.814441,2.329895
Fe_num,E4,E4_Min5_Field_Depth_Interactions,Ridge,LOG1P,22,-2.077208,0.666526,0.618325
Fe_num,E4,E4_Min5_Field_Depth_Interactions,Ridge,LOG1P,23,-0.146368,6.842452,2.981036
Fe_num,E4,E4_Min5_Field_Depth_Interactions,Ridge,LOG1P,24,-1.25039,1.953431,1.375492
Fe_num,E4,E4_Min5_Field_Depth_Interactions,Ridge,LOG1P,25,-0.336165,1.368167,0.868877
Fe_num,E4,E4_Min5_Field_Depth_Interactions,ElasticNet,RAW,1,-15.734041,2.769808,2.188362
Fe_num,E4,E4_Min5_Field_Depth_Interactions,ElasticNet,RAW,2,-0.155598,6.816179,3.13207
Fe_num,E4,E4_Min5_Field_Depth_Interactions,ElasticNet,RAW,3,-0.108591,2.32001,1.698258
Fe_num,E4,E4_Min5_Field_Depth_Interactions,ElasticNet,RAW,4,-8.006805,1.297603,1.21045
Fe_num,E4,E4_Min5_Field_Depth_Interactions,ElasticNet,RAW,5,-0.253989,3.245372,2.029292
Fe_num,E4,E4_Min5_Field_Depth_Interactions,ElasticNet,RAW,6,-3.47713,2.726054,2.110112
Fe_num,E4,E4_Min5_Field_Depth_Interactions,ElasticNet,RAW,7,-160.482481,1.567632,1.310523
Fe_num,E4,E4_Min5_Field_Depth_Interactions,ElasticNet,RAW,8,-2.348061,1.228445,1.180366
Fe_num,E4,E4_Min5_Field_Depth_Interactions,ElasticNet,RAW,9,-0.327636,3.696048,2.387369
Fe_num,E4,E4_Min5_Field_Depth_Interactions,ElasticNet,RAW,10,-0.256325,6.948705,3.32896
Fe_num,E4,E4_Min5_Field_Depth_Interactions,ElasticNet,RAW,11,-0.094131,2.071375,1.606348
Fe_num,E4,E4_Min5_Field_Depth_Interactions,ElasticNet,RAW,12,-0.334302,1.480479,1.370404
Fe_num,E4,E4_Min5_Field_Depth_Interactions,ElasticNet,RAW,13,-5.291332,3.011711,2.095006
Fe_num,E4,E4_Min5_Field_Depth_Interactions,ElasticNet,RAW,14,-0.119008,6.766123,3.007621
Fe_num,E4,E4_Min5_Field_Depth_Interactions,ElasticNet,RAW,15,-0.110971,3.019781,1.824988
Fe_num,E4,E4_Min5_Field_Depth_Interactions,ElasticNet,RAW,16,-0.270097,2.233321,1.640683
Fe_num,E4,E4_Min5_Field_Depth_Interactions,ElasticNet,RAW,17,-7.538206,1.074541,1.025475
Fe_num,E4,E4_Min5_Field_Depth_Interactions,ElasticNet,RAW,18,-0.377415,3.415061,2.533786
Fe_num,E4,E4_Min5_Field_Depth_Interactions,ElasticNet,RAW,19,-0.173591,6.854787,3.389594
Fe_num,E4,E4_Min5_Field_Depth_Interactions,ElasticNet,RAW,20,-70.509666,2.637803,1.906163
Fe_num,E4,E4_Min5_Field_Depth_Interactions,ElasticNet,RAW,21,-0.487849,3.710028,2.267489
Fe_num,E4,E4_Min5_Field_Depth_Interactions,ElasticNet,RAW,22,-16.014936,1.567305,1.46814
Fe_num,E4,E4_Min5_Field_Depth_Interactions,ElasticNet,RAW,23,-0.126399,6.782593,3.245291
Fe_num,E4,E4_Min5_Field_Depth_Interactions,ElasticNet,RAW,24,-6.284173,3.514466,2.69004
Fe_num,E4,E4_Min5_Field_Depth_Interactions,ElasticNet,RAW,25,-1.539711,1.886259,1.555301
Fe_num,E4,E4_Min5_Field_Depth_Interactions,ElasticNet,LOG1P,1,-0.451906,0.815865,0.769136
Fe_num,E4,E4_Min5_Field_Depth_Interactions,ElasticNet,LOG1P,2,-0.152312,6.806482,2.790157
Fe_num,E4,E4_Min5_Field_Depth_Interactions,ElasticNet,LOG1P,3,-0.092278,2.302877,1.438088
Fe_num,E4,E4_Min5_Field_Depth_Interactions,ElasticNet,LOG1P,4,-0.836463,0.585932,0.574855
Fe_num,E4,E4_Min5_Field_Depth_Interactions,ElasticNet,LOG1P,5,-0.269374,3.26522,1.881575
Fe_num,E4,E4_Min5_Field_Depth_Interactions,ElasticNet,LOG1P,6,0.013556,1.27959,0.905999
Fe_num,E4,E4_Min5_Field_Depth_Interactions,ElasticNet,LOG1P,7,-26.452889,0.646362,0.599612
Fe_num,E4,E4_Min5_Field_Depth_Interactions,ElasticNet,LOG1P,8,-0.01858,0.677574,0.614312
Fe_num,E4,E4_Min5_Field_Depth_Interactions,ElasticNet,LOG1P,9,-0.299314,3.656412,2.177216
Fe_num,E4,E4_Min5_Field_Depth_Interactions,ElasticNet,LOG1P,10,-0.257641,6.952345,3.219454
Fe_num,E4,E4_Min5_Field_Depth_Interactions,ElasticNet,LOG1P,11,-0.095354,2.072532,1.22759
Fe_num,E4,E4_Min5_Field_Depth_Interactions,ElasticNet,LOG1P,12,0.064161,1.239869,0.863536
Fe_num,E4,E4_Min5_Field_Depth_Interactions,ElasticNet,LOG1P,13,-0.177033,1.302675,0.780957
Fe_num,E4,E4_Min5_Field_Depth_Interactions,ElasticNet,LOG1P,14,-0.122518,6.776727,2.811815
Fe_num,E4,E4_Min5_Field_Depth_Interactions,ElasticNet,LOG1P,15,-0.103977,3.010261,1.538416
Fe_num,E4,E4_Min5_Field_Depth_Interactions,ElasticNet,LOG1P,16,-0.023287,2.004617,1.114246
Fe_num,E4,E4_Min5_Field_Depth_Interactions,ElasticNet,LOG1P,17,-0.961975,0.515094,0.462646
Fe_num,E4,E4_Min5_Field_Depth_Interactions,ElasticNet,LOG1P,18,-0.27879,3.290528,1.987085
Fe_num,E4,E4_Min5_Field_Depth_Interactions,ElasticNet,LOG1P,19,-0.186732,6.893056,3.214052
Fe_num,E4,E4_Min5_Field_Depth_Interactions,ElasticNet,LOG1P,20,-3.2694,0.64453,0.574428
Fe_num,E4,E4_Min5_Field_Depth_Interactions,ElasticNet,LOG1P,21,-0.528652,3.760556,2.351718
Fe_num,E4,E4_Min5_Field_Depth_Interactions,ElasticNet,LOG1P,22,-1.550252,0.606778,0.586573
Fe_num,E4,E4_Min5_Field_Depth_Interactions,ElasticNet,LOG1P,23,-0.125754,6.780652,2.954975
Fe_num,E4,E4_Min5_Field_Depth_Interactions,ElasticNet,LOG1P,24,0.010816,1.295113,0.945473
Fe_num,E4,E4_Min5_Field_Depth_Interactions,ElasticNet,LOG1P,25,-0.16374,1.276842,0.8043
Fe_num,E5,E5_Full_Parsimonious_Easy_Panel,SVR_RBF,RAW,1,-0.161853,0.729835,0.560574
Fe_num,E5,E5_Full_Parsimonious_Easy_Panel,SVR_RBF,RAW,2,-0.183185,6.897061,2.849562
Fe_num,E5,E5_Full_Parsimonious_Easy_Panel,SVR_RBF,RAW,3,-0.160818,2.37403,1.458949
Fe_num,E5,E5_Full_Parsimonious_Easy_Panel,SVR_RBF,RAW,4,-1.035445,0.616859,0.502238
Fe_num,E5,E5_Full_Parsimonious_Easy_Panel,SVR_RBF,RAW,5,-0.375715,3.399241,1.96801
Fe_num,E5,E5_Full_Parsimonious_Easy_Panel,SVR_RBF,RAW,6,0.098167,1.223482,0.701564
Fe_num,E5,E5_Full_Parsimonious_Easy_Panel,SVR_RBF,RAW,7,-6.882971,0.346359,0.286938
Fe_num,E5,E5_Full_Parsimonious_Easy_Panel,SVR_RBF,RAW,8,0.103768,0.635579,0.399979
Fe_num,E5,E5_Full_Parsimonious_Easy_Panel,SVR_RBF,RAW,9,-0.378873,3.766694,2.197581
Fe_num,E5,E5_Full_Parsimonious_Easy_Panel,SVR_RBF,RAW,10,-0.3045,7.080681,3.416366
Fe_num,E5,E5_Full_Parsimonious_Easy_Panel,SVR_RBF,RAW,11,-0.164234,2.136703,1.150037
Fe_num,E5,E5_Full_Parsimonious_Easy_Panel,SVR_RBF,RAW,12,0.114454,1.206092,0.660118
Fe_num,E5,E5_Full_Parsimonious_Easy_Panel,SVR_RBF,RAW,13,-0.34448,1.392256,0.751423
Fe_num,E5,E5_Full_Parsimonious_Easy_Panel,SVR_RBF,RAW,14,-0.183424,6.958145,2.794236
Fe_num,E5,E5_Full_Parsimonious_Easy_Panel,SVR_RBF,RAW,15,-0.15586,3.080185,1.486548
Fe_num,E5,E5_Full_Parsimonious_Easy_Panel,SVR_RBF,RAW,16,-0.100391,2.078769,1.131724
Fe_num,E5,E5_Full_Parsimonious_Easy_Panel,SVR_RBF,RAW,17,0.411977,0.281992,0.233349
Fe_num,E5,E5_Full_Parsimonious_Easy_Panel,SVR_RBF,RAW,18,-0.352668,3.384243,1.997589
Fe_num,E5,E5_Full_Parsimonious_Easy_Panel,SVR_RBF,RAW,19,-0.212323,6.966981,3.191815
Fe_num,E5,E5_Full_Parsimonious_Easy_Panel,SVR_RBF,RAW,20,-2.382731,0.573712,0.50655
Fe_num,E5,E5_Full_Parsimonious_Easy_Panel,SVR_RBF,RAW,21,-0.60573,3.854198,2.425638
Fe_num,E5,E5_Full_Parsimonious_Easy_Panel,SVR_RBF,RAW,22,-0.587657,0.478759,0.390438
Fe_num,E5,E5_Full_Parsimonious_Easy_Panel,SVR_RBF,RAW,23,-0.140792,6.825788,2.929835
Fe_num,E5,E5_Full_Parsimonious_Easy_Panel,SVR_RBF,RAW,24,-0.027312,1.319837,0.841993
Fe_num,E5,E5_Full_Parsimonious_Easy_Panel,SVR_RBF,RAW,25,-0.436634,1.418672,0.790192
Fe_num,E5,E5_Full_Parsimonious_Easy_Panel,SVR_RBF,LOG1P,1,-0.217084,0.746981,0.583008
Fe_num,E5,E5_Full_Parsimonious_Easy_Panel,SVR_RBF,LOG1P,2,-0.179391,6.885994,2.823973
Fe_num,E5,E5_Full_Parsimonious_Easy_Panel,SVR_RBF,LOG1P,3,-0.149371,2.362296,1.420011
Fe_num,E5,E5_Full_Parsimonious_Easy_Panel,SVR_RBF,LOG1P,4,-1.436111,0.674846,0.571126
Fe_num,E5,E5_Full_Parsimonious_Easy_Panel,SVR_RBF,LOG1P,5,-0.348789,3.365811,1.953132
Fe_num,E5,E5_Full_Parsimonious_Easy_Panel,SVR_RBF,LOG1P,6,0.179122,1.167277,0.695774
Fe_num,E5,E5_Full_Parsimonious_Easy_Panel,SVR_RBF,LOG1P,7,-8.701876,0.384246,0.314498
Fe_num,E5,E5_Full_Parsimonious_Easy_Panel,SVR_RBF,LOG1P,8,-0.021251,0.678461,0.434579
Fe_num,E5,E5_Full_Parsimonious_Easy_Panel,SVR_RBF,LOG1P,9,-0.376662,3.763672,2.217975
Fe_num,E5,E5_Full_Parsimonious_Easy_Panel,SVR_RBF,LOG1P,10,-0.300457,7.069699,3.401624
Fe_num,E5,E5_Full_Parsimonious_Easy_Panel,SVR_RBF,LOG1P,11,-0.088998,2.066511,1.12638
Fe_num,E5,E5_Full_Parsimonious_Easy_Panel,SVR_RBF,LOG1P,12,0.152779,1.179705,0.6907
Fe_num,E5,E5_Full_Parsimonious_Easy_Panel,SVR_RBF,LOG1P,13,-0.377763,1.409384,0.749614
Fe_num,E5,E5_Full_Parsimonious_Easy_Panel,SVR_RBF,LOG1P,14,-0.178329,6.943149,2.77865
Fe_num,E5,E5_Full_Parsimonious_Easy_Panel,SVR_RBF,LOG1P,15,-0.101932,3.007471,1.460662
Fe_num,E5,E5_Full_Parsimonious_Easy_Panel,SVR_RBF,LOG1P,16,-0.059573,2.03985,1.134264
Fe_num,E5,E5_Full_Parsimonious_Easy_Panel,SVR_RBF,LOG1P,17,0.443527,0.274323,0.228567
Fe_num,E5,E5_Full_Parsimonious_Easy_Panel,SVR_RBF,LOG1P,18,-0.311274,3.332059,1.972697
Fe_num,E5,E5_Full_Parsimonious_Easy_Panel,SVR_RBF,LOG1P,19,-0.210579,6.96197,3.216394
Fe_num,E5,E5_Full_Parsimonious_Easy_Panel,SVR_RBF,LOG1P,20,-3.503017,0.66193,0.571068
Fe_num,E5,E5_Full_Parsimonious_Easy_Panel,SVR_RBF,LOG1P,21,-0.592611,3.838421,2.411894
Fe_num,E5,E5_Full_Parsimonious_Easy_Panel,SVR_RBF,LOG1P,22,-0.378757,0.446151,0.350237
Fe_num,E5,E5_Full_Parsimonious_Easy_Panel,SVR_RBF,LOG1P,23,-0.132115,6.79978,2.987054
Fe_num,E5,E5_Full_Parsimonious_Easy_Panel,SVR_RBF,LOG1P,24,-0.004219,1.304919,0.827439
Fe_num,E5,E5_Full_Parsimonious_Easy_Panel,SVR_RBF,LOG1P,25,-0.439852,1.42026,0.811874
Fe_num,E5,E5_Full_Parsimonious_Easy_Panel,PLS,RAW,1,-17.561362,2.917119,2.23707
Fe_num,E5,E5_Full_Parsimonious_Easy_Panel,PLS,RAW,2,-0.198523,6.941621,3.302253
Fe_num,E5,E5_Full_Parsimonious_Easy_Panel,PLS,RAW,3,-0.024112,2.229861,1.63155
Fe_num,E5,E5_Full_Parsimonious_Easy_Panel,PLS,RAW,4,-7.306054,1.246102,1.135161
Fe_num,E5,E5_Full_Parsimonious_Easy_Panel,PLS,RAW,5,-0.242247,3.230142,2.053077
Fe_num,E5,E5_Full_Parsimonious_Easy_Panel,PLS,RAW,6,-3.510666,2.736245,2.158182
Fe_num,E5,E5_Full_Parsimonious_Easy_Panel,PLS,RAW,7,-185.208902,1.683378,1.365495
Fe_num,E5,E5_Full_Parsimonious_Easy_Panel,PLS,RAW,8,-1.839328,1.131271,1.078239
Fe_num,E5,E5_Full_Parsimonious_Easy_Panel,PLS,RAW,9,-0.329272,3.698325,2.452559
Fe_num,E5,E5_Full_Parsimonious_Easy_Panel,PLS,RAW,10,-0.274255,6.998115,3.432339
Fe_num,E5,E5_Full_Parsimonious_Easy_Panel,PLS,RAW,11,0.017682,1.962683,1.457265
Fe_num,E5,E5_Full_Parsimonious_Easy_Panel,PLS,RAW,12,-0.265785,1.441966,1.303601
Fe_num,E5,E5_Full_Parsimonious_Easy_Panel,PLS,RAW,13,-5.134307,2.973888,2.191293
Fe_num,E5,E5_Full_Parsimonious_Easy_Panel,PLS,RAW,14,-0.143557,6.839938,3.114394
Fe_num,E5,E5_Full_Parsimonious_Easy_Panel,PLS,RAW,15,-0.115062,3.025336,1.895176
Fe_num,E5,E5_Full_Parsimonious_Easy_Panel,PLS,RAW,16,-0.181662,2.154168,1.541081
Fe_num,E5,E5_Full_Parsimonious_Easy_Panel,PLS,RAW,17,-5.649496,0.948274,0.878776
Fe_num,E5,E5_Full_Parsimonious_Easy_Panel,PLS,RAW,18,-0.322411,3.34618,2.477301
Fe_num,E5,E5_Full_Parsimonious_Easy_Panel,PLS,RAW,19,-0.210166,6.96078,3.513478
Fe_num,E5,E5_Full_Parsimonious_Easy_Panel,PLS,RAW,20,-73.865308,2.698984,2.015666
Fe_num,E5,E5_Full_Parsimonious_Easy_Panel,PLS,RAW,21,-0.485235,3.706767,2.188026
Fe_num,E5,E5_Full_Parsimonious_Easy_Panel,PLS,RAW,22,-15.943946,1.564032,1.455272
Fe_num,E5,E5_Full_Parsimonious_Easy_Panel,PLS,RAW,23,-0.156799,6.873511,3.464581
Fe_num,E5,E5_Full_Parsimonious_Easy_Panel,PLS,RAW,24,-4.873236,3.155789,2.495621
Fe_num,E5,E5_Full_Parsimonious_Easy_Panel,PLS,RAW,25,-1.64039,1.923283,1.510386
Fe_num,E5,E5_Full_Parsimonious_Easy_Panel,PLS,LOG1P,1,-1.16481,0.996229,0.899087
Fe_num,E5,E5_Full_Parsimonious_Easy_Panel,PLS,LOG1P,2,-0.167192,6.850288,2.817159
Fe_num,E5,E5_Full_Parsimonious_Easy_Panel,PLS,LOG1P,3,-0.116706,2.328486,1.502349
Fe_num,E5,E5_Full_Parsimonious_Easy_Panel,PLS,LOG1P,4,-0.800302,0.580135,0.534882
Fe_num,E5,E5_Full_Parsimonious_Easy_Panel,PLS,LOG1P,5,-0.28363,3.283505,1.914533
Fe_num,E5,E5_Full_Parsimonious_Easy_Panel,PLS,LOG1P,6,-0.079781,1.338759,0.972465
Fe_num,E5,E5_Full_Parsimonious_Easy_Panel,PLS,LOG1P,7,-39.949676,0.789417,0.631772
Fe_num,E5,E5_Full_Parsimonious_Easy_Panel,PLS,LOG1P,8,0.130124,0.626163,0.55029
Fe_num,E5,E5_Full_Parsimonious_Easy_Panel,PLS,LOG1P,9,-0.324692,3.691948,2.210479
Fe_num,E5,E5_Full_Parsimonious_Easy_Panel,PLS,LOG1P,10,-0.269626,6.985394,3.207331
Fe_num,E5,E5_Full_Parsimonious_Easy_Panel,PLS,LOG1P,11,-0.074132,2.052357,1.204037
Fe_num,E5,E5_Full_Parsimonious_Easy_Panel,PLS,LOG1P,12,0.057192,1.244477,0.840559
Fe_num,E5,E5_Full_Parsimonious_Easy_Panel,PLS,LOG1P,13,-0.272331,1.354385,0.811662
Fe_num,E5,E5_Full_Parsimonious_Easy_Panel,PLS,LOG1P,14,-0.142923,6.83804,2.846854
Fe_num,E5,E5_Full_Parsimonious_Easy_Panel,PLS,LOG1P,15,-0.105552,3.012407,1.55421
Fe_num,E5,E5_Full_Parsimonious_Easy_Panel,PLS,LOG1P,16,-0.02824,2.009463,1.140866
Fe_num,E5,E5_Full_Parsimonious_Easy_Panel,PLS,LOG1P,17,-0.635028,0.470221,0.409259
Fe_num,E5,E5_Full_Parsimonious_Easy_Panel,PLS,LOG1P,18,-0.285944,3.29972,2.017891
Fe_num,E5,E5_Full_Parsimonious_Easy_Panel,PLS,LOG1P,19,-0.206401,6.949943,3.277394
Fe_num,E5,E5_Full_Parsimonious_Easy_Panel,PLS,LOG1P,20,-3.933969,0.69288,0.611242
Fe_num,E5,E5_Full_Parsimonious_Easy_Panel,PLS,LOG1P,21,-0.54086,3.775542,2.344606
Fe_num,E5,E5_Full_Parsimonious_Easy_Panel,PLS,LOG1P,22,-2.009837,0.659189,0.608223
Fe_num,E5,E5_Full_Parsimonious_Easy_Panel,PLS,LOG1P,23,-0.145641,6.840282,3.07478
Fe_num,E5,E5_Full_Parsimonious_Easy_Panel,PLS,LOG1P,24,-0.203111,1.428309,1.052174
Fe_num,E5,E5_Full_Parsimonious_Easy_Panel,PLS,LOG1P,25,-0.314106,1.356826,0.845259
Fe_num,E5,E5_Full_Parsimonious_Easy_Panel,Lasso,RAW,1,-15.204781,2.725655,2.167685
Fe_num,E5,E5_Full_Parsimonious_Easy_Panel,Lasso,RAW,2,-0.174851,6.872725,3.210398
Fe_num,E5,E5_Full_Parsimonious_Easy_Panel,Lasso,RAW,3,-0.095043,2.30579,1.722607
Fe_num,E5,E5_Full_Parsimonious_Easy_Panel,Lasso,RAW,4,-8.589009,1.338885,1.238684
Fe_num,E5,E5_Full_Parsimonious_Easy_Panel,Lasso,RAW,5,-0.284066,3.284062,2.038938
Fe_num,E5,E5_Full_Parsimonious_Easy_Panel,Lasso,RAW,6,-2.80831,2.514205,2.007897
Fe_num,E5,E5_Full_Parsimonious_Easy_Panel,Lasso,RAW,7,-150.634483,1.519079,1.281252
Fe_num,E5,E5_Full_Parsimonious_Easy_Panel,Lasso,RAW,8,-2.603506,1.274446,1.226019
Fe_num,E5,E5_Full_Parsimonious_Easy_Panel,Lasso,RAW,9,-0.680627,4.158473,2.650538
Fe_num,E5,E5_Full_Parsimonious_Easy_Panel,Lasso,RAW,10,-0.268954,6.983543,3.314089
Fe_num,E5,E5_Full_Parsimonious_Easy_Panel,Lasso,RAW,11,-0.06183,2.040571,1.558055
Fe_num,E5,E5_Full_Parsimonious_Easy_Panel,Lasso,RAW,12,-0.321789,1.473521,1.387789
Fe_num,E5,E5_Full_Parsimonious_Easy_Panel,Lasso,RAW,13,-4.86986,2.909081,2.03209
Fe_num,E5,E5_Full_Parsimonious_Easy_Panel,Lasso,RAW,14,-0.141092,6.832562,3.092352
Fe_num,E5,E5_Full_Parsimonious_Easy_Panel,Lasso,RAW,15,-0.133633,3.050424,1.837568
Fe_num,E5,E5_Full_Parsimonious_Easy_Panel,Lasso,RAW,16,-0.239187,2.205978,1.639417
Fe_num,E5,E5_Full_Parsimonious_Easy_Panel,Lasso,RAW,17,-9.00252,1.163039,1.119168
Fe_num,E5,E5_Full_Parsimonious_Easy_Panel,Lasso,RAW,18,-0.359148,3.39234,2.494043
Fe_num,E5,E5_Full_Parsimonious_Easy_Panel,Lasso,RAW,19,-0.196968,6.922721,3.466571
Fe_num,E5,E5_Full_Parsimonious_Easy_Panel,Lasso,RAW,20,-54.361033,2.32093,1.758171
Fe_num,E5,E5_Full_Parsimonious_Easy_Panel,Lasso,RAW,21,-0.912913,4.206737,2.6523
Fe_num,E5,E5_Full_Parsimonious_Easy_Panel,Lasso,RAW,22,-15.711561,1.55327,1.463052
Fe_num,E5,E5_Full_Parsimonious_Easy_Panel,Lasso,RAW,23,-0.154876,6.867796,3.419676
Fe_num,E5,E5_Full_Parsimonious_Easy_Panel,Lasso,RAW,24,-5.11585,3.22031,2.55571
Fe_num,E5,E5_Full_Parsimonious_Easy_Panel,Lasso,RAW,25,-1.321961,1.803585,1.506613
Fe_num,E5,E5_Full_Parsimonious_Easy_Panel,Lasso,LOG1P,1,-0.251673,0.757521,0.71317
Fe_num,E5,E5_Full_Parsimonious_Easy_Panel,Lasso,LOG1P,2,-0.151828,6.805051,2.786298
Fe_num,E5,E5_Full_Parsimonious_Easy_Panel,Lasso,LOG1P,3,-0.11923,2.331116,1.435135
Fe_num,E5,E5_Full_Parsimonious_Easy_Panel,Lasso,LOG1P,4,-1.141357,0.632704,0.630372
Fe_num,E5,E5_Full_Parsimonious_Easy_Panel,Lasso,LOG1P,5,-0.264887,3.259445,1.872805
Fe_num,E5,E5_Full_Parsimonious_Easy_Panel,Lasso,LOG1P,6,0.033879,1.26634,0.882526
Fe_num,E5,E5_Full_Parsimonious_Easy_Panel,Lasso,LOG1P,7,-29.164634,0.677533,0.649336
Fe_num,E5,E5_Full_Parsimonious_Easy_Panel,Lasso,LOG1P,8,-0.256305,0.7525,0.691573
Fe_num,E5,E5_Full_Parsimonious_Easy_Panel,Lasso,LOG1P,9,-0.314069,3.677116,2.17725
Fe_num,E5,E5_Full_Parsimonious_Easy_Panel,Lasso,LOG1P,10,-0.256378,6.948853,3.19119
Fe_num,E5,E5_Full_Parsimonious_Easy_Panel,Lasso,LOG1P,11,-0.13713,2.111685,1.259671
Fe_num,E5,E5_Full_Parsimonious_Easy_Panel,Lasso,LOG1P,12,0.033343,1.260118,0.883989
Fe_num,E5,E5_Full_Parsimonious_Easy_Panel,Lasso,LOG1P,13,-0.116729,1.268866,0.786908
Fe_num,E5,E5_Full_Parsimonious_Easy_Panel,Lasso,LOG1P,14,-0.125172,6.784731,2.841973
Fe_num,E5,E5_Full_Parsimonious_Easy_Panel,Lasso,LOG1P,15,-0.121869,3.034555,1.528232
Fe_num,E5,E5_Full_Parsimonious_Easy_Panel,Lasso,LOG1P,16,-0.051119,2.031696,1.133783
Fe_num,E5,E5_Full_Parsimonious_Easy_Panel,Lasso,LOG1P,17,-1.287506,0.556187,0.510937
Fe_num,E5,E5_Full_Parsimonious_Easy_Panel,Lasso,LOG1P,18,-0.279363,3.291265,1.974882
Fe_num,E5,E5_Full_Parsimonious_Easy_Panel,Lasso,LOG1P,19,-0.190052,6.902691,3.221132
Fe_num,E5,E5_Full_Parsimonious_Easy_Panel,Lasso,LOG1P,20,-2.844476,0.611616,0.564496
Fe_num,E5,E5_Full_Parsimonious_Easy_Panel,Lasso,LOG1P,21,-0.521203,3.751382,2.345171
Fe_num,E5,E5_Full_Parsimonious_Easy_Panel,Lasso,LOG1P,22,-1.362595,0.584027,0.572054
Fe_num,E5,E5_Full_Parsimonious_Easy_Panel,Lasso,LOG1P,23,-0.133542,6.804066,3.012331
Fe_num,E5,E5_Full_Parsimonious_Easy_Panel,Lasso,LOG1P,24,-0.018528,1.314183,0.993875
Fe_num,E5,E5_Full_Parsimonious_Easy_Panel,Lasso,LOG1P,25,-0.116967,1.250919,0.797388
Fe_num,E5,E5_Full_Parsimonious_Easy_Panel,Ridge,RAW,1,-21.645379,3.222101,2.362668
Fe_num,E5,E5_Full_Parsimonious_Easy_Panel,Ridge,RAW,2,-0.307533,7.250434,3.484251
Fe_num,E5,E5_Full_Parsimonious_Easy_Panel,Ridge,RAW,3,-0.36427,2.573678,1.935632
Fe_num,E5,E5_Full_Parsimonious_Easy_Panel,Ridge,RAW,4,-6.727203,1.201898,1.123131
Fe_num,E5,E5_Full_Parsimonious_Easy_Panel,Ridge,RAW,5,-0.555062,3.614029,2.147889
Fe_num,E5,E5_Full_Parsimonious_Easy_Panel,Ridge,RAW,6,-5.385546,3.255619,2.349639
Fe_num,E5,E5_Full_Parsimonious_Easy_Panel,Ridge,RAW,7,-168.98447,1.60837,1.372851
Fe_num,E5,E5_Full_Parsimonious_Easy_Panel,Ridge,RAW,8,-2.164609,1.194315,1.137044
Fe_num,E5,E5_Full_Parsimonious_Easy_Panel,Ridge,RAW,9,-1.063244,4.607585,2.919463
Fe_num,E5,E5_Full_Parsimonious_Easy_Panel,Ridge,RAW,10,-0.434602,7.425379,3.585667
Fe_num,E5,E5_Full_Parsimonious_Easy_Panel,Ridge,RAW,11,-0.360488,2.309784,1.78613
Fe_num,E5,E5_Full_Parsimonious_Easy_Panel,Ridge,RAW,12,-0.391746,1.512012,1.340126
Fe_num,E5,E5_Full_Parsimonious_Easy_Panel,Ridge,RAW,13,-9.365062,3.865698,2.608811
Fe_num,E5,E5_Full_Parsimonious_Easy_Panel,Ridge,RAW,14,-0.298193,7.287742,3.24055
Fe_num,E5,E5_Full_Parsimonious_Easy_Panel,Ridge,RAW,15,-0.474918,3.479429,1.986349
Fe_num,E5,E5_Full_Parsimonious_Easy_Panel,Ridge,RAW,16,-0.770447,2.636782,1.93576
Fe_num,E5,E5_Full_Parsimonious_Easy_Panel,Ridge,RAW,17,-9.878982,1.212924,1.087021
Fe_num,E5,E5_Full_Parsimonious_Easy_Panel,Ridge,RAW,18,-0.595345,3.675304,2.51084
Fe_num,E5,E5_Full_Parsimonious_Easy_Panel,Ridge,RAW,19,-0.330914,7.299792,3.615006
Fe_num,E5,E5_Full_Parsimonious_Easy_Panel,Ridge,RAW,20,-117.994961,3.402705,2.242301
Fe_num,E5,E5_Full_Parsimonious_Easy_Panel,Ridge,RAW,21,-1.301946,4.614719,2.926572
Fe_num,E5,E5_Full_Parsimonious_Easy_Panel,Ridge,RAW,22,-16.286808,1.579777,1.490829
Fe_num,E5,E5_Full_Parsimonious_Easy_Panel,Ridge,RAW,23,-0.278903,7.227172,3.647325
Fe_num,E5,E5_Full_Parsimonious_Easy_Panel,Ridge,RAW,24,-9.778846,4.27519,3.003236
Fe_num,E5,E5_Full_Parsimonious_Easy_Panel,Ridge,RAW,25,-2.250696,2.134014,1.781942
Fe_num,E5,E5_Full_Parsimonious_Easy_Panel,Ridge,LOG1P,1,-1.387476,1.04621,0.93623
Fe_num,E5,E5_Full_Parsimonious_Easy_Panel,Ridge,LOG1P,2,-0.1994,6.944158,2.882049
Fe_num,E5,E5_Full_Parsimonious_Easy_Panel,Ridge,LOG1P,3,-0.184426,2.398049,1.607427
Fe_num,E5,E5_Full_Parsimonious_Easy_Panel,Ridge,LOG1P,4,-0.886972,0.593935,0.543169
Fe_num,E5,E5_Full_Parsimonious_Easy_Panel,Ridge,LOG1P,5,-0.345464,3.361659,1.919732
Fe_num,E5,E5_Full_Parsimonious_Easy_Panel,Ridge,LOG1P,6,-0.263547,1.448206,1.094852
Fe_num,E5,E5_Full_Parsimonious_Easy_Panel,Ridge,LOG1P,7,-41.591303,0.805085,0.65209
Fe_num,E5,E5_Full_Parsimonious_Easy_Panel,Ridge,LOG1P,8,0.147549,0.61986,0.544995
Fe_num,E5,E5_Full_Parsimonious_Easy_Panel,Ridge,LOG1P,9,-0.452729,3.866255,2.303926
Fe_num,E5,E5_Full_Parsimonious_Easy_Panel,Ridge,LOG1P,10,-0.312089,7.101248,3.272513
Fe_num,E5,E5_Full_Parsimonious_Easy_Panel,Ridge,LOG1P,11,-0.126138,2.101455,1.236352
Fe_num,E5,E5_Full_Parsimonious_Easy_Panel,Ridge,LOG1P,12,0.052702,1.247437,0.844971
Fe_num,E5,E5_Full_Parsimonious_Easy_Panel,Ridge,LOG1P,13,-1.190638,1.777163,1.224537
Fe_num,E5,E5_Full_Parsimonious_Easy_Panel,Ridge,LOG1P,14,-0.182319,6.954896,2.846257
Fe_num,E5,E5_Full_Parsimonious_Easy_Panel,Ridge,LOG1P,15,-0.180199,3.112445,1.57148
Fe_num,E5,E5_Full_Parsimonious_Easy_Panel,Ridge,LOG1P,16,-0.10984,2.087676,1.208132
Fe_num,E5,E5_Full_Parsimonious_Easy_Panel,Ridge,LOG1P,17,-1.138423,0.537757,0.455015
Fe_num,E5,E5_Full_Parsimonious_Easy_Panel,Ridge,LOG1P,18,-0.350675,3.38175,2.018268
Fe_num,E5,E5_Full_Parsimonious_Easy_Panel,Ridge,LOG1P,19,-0.237544,7.039077,3.297792
Fe_num,E5,E5_Full_Parsimonious_Easy_Panel,Ridge,LOG1P,20,-11.492333,1.102508,0.887031
Fe_num,E5,E5_Full_Parsimonious_Easy_Panel,Ridge,LOG1P,21,-0.706134,3.972869,2.521735
Fe_num,E5,E5_Full_Parsimonious_Easy_Panel,Ridge,LOG1P,22,-2.058848,0.664534,0.617121
Fe_num,E5,E5_Full_Parsimonious_Easy_Panel,Ridge,LOG1P,23,-0.179436,6.940436,3.149389
Fe_num,E5,E5_Full_Parsimonious_Easy_Panel,Ridge,LOG1P,24,-1.456009,2.040724,1.424695
Fe_num,E5,E5_Full_Parsimonious_Easy_Panel,Ridge,LOG1P,25,-0.356314,1.378444,0.900404
Fe_num,E5,E5_Full_Parsimonious_Easy_Panel,ElasticNet,RAW,1,-15.734055,2.769809,2.188363
Fe_num,E5,E5_Full_Parsimonious_Easy_Panel,ElasticNet,RAW,2,-0.215729,6.991269,3.29292
Fe_num,E5,E5_Full_Parsimonious_Easy_Panel,ElasticNet,RAW,3,-0.152043,2.365039,1.736687
Fe_num,E5,E5_Full_Parsimonious_Easy_Panel,ElasticNet,RAW,4,-8.006841,1.297605,1.210455
Fe_num,E5,E5_Full_Parsimonious_Easy_Panel,ElasticNet,RAW,5,-0.361041,3.381063,2.062622
Fe_num,E5,E5_Full_Parsimonious_Easy_Panel,ElasticNet,RAW,6,-3.477131,2.726054,2.110112
Fe_num,E5,E5_Full_Parsimonious_Easy_Panel,ElasticNet,RAW,7,-160.482119,1.56763,1.310523
Fe_num,E5,E5_Full_Parsimonious_Easy_Panel,ElasticNet,RAW,8,-2.34998,1.228797,1.180628
Fe_num,E5,E5_Full_Parsimonious_Easy_Panel,ElasticNet,RAW,9,-0.68089,4.158797,2.637363
Fe_num,E5,E5_Full_Parsimonious_Easy_Panel,ElasticNet,RAW,10,-0.319187,7.120429,3.391842
Fe_num,E5,E5_Full_Parsimonious_Easy_Panel,ElasticNet,RAW,11,-0.135135,2.109832,1.623303
Fe_num,E5,E5_Full_Parsimonious_Easy_Panel,ElasticNet,RAW,12,-0.334302,1.480479,1.370404
Fe_num,E5,E5_Full_Parsimonious_Easy_Panel,ElasticNet,RAW,13,-5.291333,3.011711,2.095006
Fe_num,E5,E5_Full_Parsimonious_Easy_Panel,ElasticNet,RAW,14,-0.175753,6.935556,3.076283
Fe_num,E5,E5_Full_Parsimonious_Easy_Panel,ElasticNet,RAW,15,-0.236688,3.186062,1.87262
Fe_num,E5,E5_Full_Parsimonious_Easy_Panel,ElasticNet,RAW,16,-0.375354,2.324021,1.676225
Fe_num,E5,E5_Full_Parsimonious_Easy_Panel,ElasticNet,RAW,17,-8.330845,1.123311,1.064743
Fe_num,E5,E5_Full_Parsimonious_Easy_Panel,ElasticNet,RAW,18,-0.418186,3.465234,2.472351
Fe_num,E5,E5_Full_Parsimonious_Easy_Panel,ElasticNet,RAW,19,-0.2313,7.021298,3.496985
Fe_num,E5,E5_Full_Parsimonious_Easy_Panel,ElasticNet,RAW,20,-70.509666,2.637803,1.906163
Fe_num,E5,E5_Full_Parsimonious_Easy_Panel,ElasticNet,RAW,21,-0.910655,4.204253,2.611498
Fe_num,E5,E5_Full_Parsimonious_Easy_Panel,ElasticNet,RAW,22,-16.014936,1.567305,1.46814
Fe_num,E5,E5_Full_Parsimonious_Easy_Panel,ElasticNet,RAW,23,-0.184906,6.956512,3.447856
Fe_num,E5,E5_Full_Parsimonious_Easy_Panel,ElasticNet,RAW,24,-6.284173,3.514466,2.69004
Fe_num,E5,E5_Full_Parsimonious_Easy_Panel,ElasticNet,RAW,25,-1.576008,1.89969,1.578645
Fe_num,E5,E5_Full_Parsimonious_Easy_Panel,ElasticNet,LOG1P,1,-0.451906,0.815865,0.769136
Fe_num,E5,E5_Full_Parsimonious_Easy_Panel,ElasticNet,LOG1P,2,-0.164651,6.842827,2.817885
Fe_num,E5,E5_Full_Parsimonious_Easy_Panel,ElasticNet,LOG1P,3,-0.092278,2.302877,1.438088
Fe_num,E5,E5_Full_Parsimonious_Easy_Panel,ElasticNet,LOG1P,4,-0.836463,0.585932,0.574855
Fe_num,E5,E5_Full_Parsimonious_Easy_Panel,ElasticNet,LOG1P,5,-0.269374,3.26522,1.881575
Fe_num,E5,E5_Full_Parsimonious_Easy_Panel,ElasticNet,LOG1P,6,0.013556,1.27959,0.905999
Fe_num,E5,E5_Full_Parsimonious_Easy_Panel,ElasticNet,LOG1P,7,-31.57932,0.704129,0.644366
Fe_num,E5,E5_Full_Parsimonious_Easy_Panel,ElasticNet,LOG1P,8,-0.01858,0.677574,0.614312
Fe_num,E5,E5_Full_Parsimonious_Easy_Panel,ElasticNet,LOG1P,9,-0.299314,3.656412,2.177216
Fe_num,E5,E5_Full_Parsimonious_Easy_Panel,ElasticNet,LOG1P,10,-0.268469,6.982209,3.210129
Fe_num,E5,E5_Full_Parsimonious_Easy_Panel,ElasticNet,LOG1P,11,-0.095354,2.072532,1.22759
Fe_num,E5,E5_Full_Parsimonious_Easy_Panel,ElasticNet,LOG1P,12,0.064161,1.239869,0.863536
Fe_num,E5,E5_Full_Parsimonious_Easy_Panel,ElasticNet,LOG1P,13,-0.177033,1.302675,0.780957
Fe_num,E5,E5_Full_Parsimonious_Easy_Panel,ElasticNet,LOG1P,14,-0.136951,6.820153,2.848342
Fe_num,E5,E5_Full_Parsimonious_Easy_Panel,ElasticNet,LOG1P,15,-0.103977,3.010261,1.538416
Fe_num,E5,E5_Full_Parsimonious_Easy_Panel,ElasticNet,LOG1P,16,-0.023287,2.004617,1.114246
Fe_num,E5,E5_Full_Parsimonious_Easy_Panel,ElasticNet,LOG1P,17,-0.961975,0.515094,0.462646
Fe_num,E5,E5_Full_Parsimonious_Easy_Panel,ElasticNet,LOG1P,18,-0.27879,3.290528,1.987085
Fe_num,E5,E5_Full_Parsimonious_Easy_Panel,ElasticNet,LOG1P,19,-0.2005,6.932926,3.249682
Fe_num,E5,E5_Full_Parsimonious_Easy_Panel,ElasticNet,LOG1P,20,-3.269401,0.64453,0.574428
Fe_num,E5,E5_Full_Parsimonious_Easy_Panel,ElasticNet,LOG1P,21,-0.528652,3.760556,2.351718
Fe_num,E5,E5_Full_Parsimonious_Easy_Panel,ElasticNet,LOG1P,22,-1.550252,0.606778,0.586573
Fe_num,E5,E5_Full_Parsimonious_Easy_Panel,ElasticNet,LOG1P,23,-0.142875,6.832017,3.053676
Fe_num,E5,E5_Full_Parsimonious_Easy_Panel,ElasticNet,LOG1P,24,0.010816,1.295113,0.945473
Fe_num,E5,E5_Full_Parsimonious_Easy_Panel,ElasticNet,LOG1P,25,-0.16374,1.276842,0.8043
Mn_num,E1,E1_Min2_FieldOnly,SVR_RBF,RAW,1,-0.399517,0.80172,0.638042
Mn_num,E1,E1_Min2_FieldOnly,SVR_RBF,RAW,2,-0.202199,2.152599,1.075302
Mn_num,E1,E1_Min2_FieldOnly,SVR_RBF,RAW,3,0.565114,0.25384,0.198356
Mn_num,E1,E1_Min2_FieldOnly,SVR_RBF,RAW,4,-4.004528,0.557447,0.443498
Mn_num,E1,E1_Min2_FieldOnly,SVR_RBF,RAW,5,-1.019792,1.060482,0.846454
Mn_num,E1,E1_Min2_FieldOnly,SVR_RBF,RAW,6,-0.697314,0.67163,0.45289
Mn_num,E1,E1_Min2_FieldOnly,SVR_RBF,RAW,7,-0.194003,2.109822,1.154105
Mn_num,E1,E1_Min2_FieldOnly,SVR_RBF,RAW,8,-0.076021,0.795785,0.578578
Mn_num,E1,E1_Min2_FieldOnly,SVR_RBF,RAW,9,-0.323164,0.294616,0.23811
Mn_num,E1,E1_Min2_FieldOnly,SVR_RBF,RAW,10,0.121617,0.829104,0.511851
Mn_num,E1,E1_Min2_FieldOnly,SVR_RBF,RAW,11,-0.138784,2.075706,1.026509
Mn_num,E1,E1_Min2_FieldOnly,SVR_RBF,RAW,12,-1.430231,0.415787,0.37673
Mn_num,E1,E1_Min2_FieldOnly,SVR_RBF,RAW,13,0.091527,0.680454,0.427699
Mn_num,E1,E1_Min2_FieldOnly,SVR_RBF,RAW,14,-0.010787,0.936687,0.685972
Mn_num,E1,E1_Min2_FieldOnly,SVR_RBF,RAW,15,-0.400136,0.749188,0.49469
Mn_num,E1,E1_Min2_FieldOnly,SVR_RBF,RAW,16,0.314224,0.207217,0.17441
Mn_num,E1,E1_Min2_FieldOnly,SVR_RBF,RAW,17,-0.900449,0.876657,0.65343
Mn_num,E1,E1_Min2_FieldOnly,SVR_RBF,RAW,18,-0.244718,2.179733,1.22589
Mn_num,E1,E1_Min2_FieldOnly,SVR_RBF,RAW,19,-0.087682,0.730608,0.503383
Mn_num,E1,E1_Min2_FieldOnly,SVR_RBF,RAW,20,-0.535429,0.550713,0.412514
Mn_num,E1,E1_Min2_FieldOnly,SVR_RBF,RAW,21,-0.131512,0.615248,0.329465
Mn_num,E1,E1_Min2_FieldOnly,SVR_RBF,RAW,22,-0.145679,2.123036,1.118537
Mn_num,E1,E1_Min2_FieldOnly,SVR_RBF,RAW,23,-0.498955,0.884823,0.587391
Mn_num,E1,E1_Min2_FieldOnly,SVR_RBF,RAW,24,-1.039173,0.379245,0.333179
Mn_num,E1,E1_Min2_FieldOnly,SVR_RBF,RAW,25,-0.28082,0.886732,0.729238
Mn_num,E1,E1_Min2_FieldOnly,SVR_RBF,LOG1P,1,-0.434189,0.81159,0.648363
Mn_num,E1,E1_Min2_FieldOnly,SVR_RBF,LOG1P,2,-0.217705,2.166437,1.078529
Mn_num,E1,E1_Min2_FieldOnly,SVR_RBF,LOG1P,3,0.656357,0.225645,0.187566
Mn_num,E1,E1_Min2_FieldOnly,SVR_RBF,LOG1P,4,-6.301151,0.673314,0.537464
Mn_num,E1,E1_Min2_FieldOnly,SVR_RBF,LOG1P,5,-0.910328,1.031345,0.839768
Mn_num,E1,E1_Min2_FieldOnly,SVR_RBF,LOG1P,6,-0.758321,0.683593,0.4672
Mn_num,E1,E1_Min2_FieldOnly,SVR_RBF,LOG1P,7,-0.228876,2.140411,1.25237
Mn_num,E1,E1_Min2_FieldOnly,SVR_RBF,LOG1P,8,0.036745,0.752933,0.556576
Mn_num,E1,E1_Min2_FieldOnly,SVR_RBF,LOG1P,9,-0.436734,0.307,0.235865
Mn_num,E1,E1_Min2_FieldOnly,SVR_RBF,LOG1P,10,0.148176,0.816473,0.505163
Mn_num,E1,E1_Min2_FieldOnly,SVR_RBF,LOG1P,11,-0.143663,2.080148,1.012406
Mn_num,E1,E1_Min2_FieldOnly,SVR_RBF,LOG1P,12,-0.81333,0.359158,0.344078
Mn_num,E1,E1_Min2_FieldOnly,SVR_RBF,LOG1P,13,0.17194,0.649641,0.42455
Mn_num,E1,E1_Min2_FieldOnly,SVR_RBF,LOG1P,14,0.001763,0.930854,0.693556
Mn_num,E1,E1_Min2_FieldOnly,SVR_RBF,LOG1P,15,-0.443967,0.760824,0.498749
Mn_num,E1,E1_Min2_FieldOnly,SVR_RBF,LOG1P,16,0.306144,0.208434,0.170997
Mn_num,E1,E1_Min2_FieldOnly,SVR_RBF,LOG1P,17,-0.932342,0.883983,0.651132
Mn_num,E1,E1_Min2_FieldOnly,SVR_RBF,LOG1P,18,-0.239985,2.175585,1.217931
Mn_num,E1,E1_Min2_FieldOnly,SVR_RBF,LOG1P,19,-0.101942,0.735381,0.454553
Mn_num,E1,E1_Min2_FieldOnly,SVR_RBF,LOG1P,20,-1.383416,0.686136,0.522942
Mn_num,E1,E1_Min2_FieldOnly,SVR_RBF,LOG1P,21,-0.144002,0.618634,0.332199
Mn_num,E1,E1_Min2_FieldOnly,SVR_RBF,LOG1P,22,-0.141075,2.118766,1.107396
Mn_num,E1,E1_Min2_FieldOnly,SVR_RBF,LOG1P,23,-0.493372,0.883173,0.593964
Mn_num,E1,E1_Min2_FieldOnly,SVR_RBF,LOG1P,24,-2.934182,0.526769,0.439239
Mn_num,E1,E1_Min2_FieldOnly,SVR_RBF,LOG1P,25,-0.191062,0.855097,0.701042
Mn_num,E1,E1_Min2_FieldOnly,PLS,RAW,1,-0.031546,0.6883,0.653311
Mn_num,E1,E1_Min2_FieldOnly,PLS,RAW,2,-0.181196,2.133713,1.1591
Mn_num,E1,E1_Min2_FieldOnly,PLS,RAW,3,-0.847606,0.523212,0.492244
Mn_num,E1,E1_Min2_FieldOnly,PLS,RAW,4,-6.715728,0.692167,0.666707
Mn_num,E1,E1_Min2_FieldOnly,PLS,RAW,5,-0.582459,0.938677,0.699121
Mn_num,E1,E1_Min2_FieldOnly,PLS,RAW,6,-0.246518,0.57557,0.522755
Mn_num,E1,E1_Min2_FieldOnly,PLS,RAW,7,-0.219602,2.132319,1.201267
Mn_num,E1,E1_Min2_FieldOnly,PLS,RAW,8,0.053089,0.746518,0.608458
Mn_num,E1,E1_Min2_FieldOnly,PLS,RAW,9,-6.414238,0.697402,0.58207
Mn_num,E1,E1_Min2_FieldOnly,PLS,RAW,10,0.145874,0.817575,0.715569
Mn_num,E1,E1_Min2_FieldOnly,PLS,RAW,11,-0.110163,2.049456,0.998049
Mn_num,E1,E1_Min2_FieldOnly,PLS,RAW,12,-3.520458,0.567072,0.522866
Mn_num,E1,E1_Min2_FieldOnly,PLS,RAW,13,-0.019982,0.721006,0.614531
Mn_num,E1,E1_Min2_FieldOnly,PLS,RAW,14,-0.062267,0.960244,0.844027
Mn_num,E1,E1_Min2_FieldOnly,PLS,RAW,15,0.101586,0.600128,0.491961
Mn_num,E1,E1_Min2_FieldOnly,PLS,RAW,16,-3.605801,0.537015,0.493796
Mn_num,E1,E1_Min2_FieldOnly,PLS,RAW,17,-0.128023,0.675399,0.593612
Mn_num,E1,E1_Min2_FieldOnly,PLS,RAW,18,-0.238042,2.17388,1.237813
Mn_num,E1,E1_Min2_FieldOnly,PLS,RAW,19,-0.222394,0.774531,0.691129
Mn_num,E1,E1_Min2_FieldOnly,PLS,RAW,20,-0.702744,0.579942,0.549748
Mn_num,E1,E1_Min2_FieldOnly,PLS,RAW,21,0.025911,0.570847,0.485288
Mn_num,E1,E1_Min2_FieldOnly,PLS,RAW,22,-0.1318,2.110138,1.171035
Mn_num,E1,E1_Min2_FieldOnly,PLS,RAW,23,0.153195,0.665049,0.536684
Mn_num,E1,E1_Min2_FieldOnly,PLS,RAW,24,-7.273329,0.763893,0.713064
Mn_num,E1,E1_Min2_FieldOnly,PLS,RAW,25,0.030635,0.771422,0.701956
Mn_num,E1,E1_Min2_FieldOnly,PLS,LOG1P,1,0.161103,0.620709,0.54268
Mn_num,E1,E1_Min2_FieldOnly,PLS,LOG1P,2,-0.201029,2.151551,1.149778
Mn_num,E1,E1_Min2_FieldOnly,PLS,LOG1P,3,0.091003,0.36699,0.329261
Mn_num,E1,E1_Min2_FieldOnly,PLS,LOG1P,4,-3.841176,0.548274,0.515093
Mn_num,E1,E1_Min2_FieldOnly,PLS,LOG1P,5,-0.84309,1.013033,0.778135
Mn_num,E1,E1_Min2_FieldOnly,PLS,LOG1P,6,-0.395049,0.608897,0.486779
Mn_num,E1,E1_Min2_FieldOnly,PLS,LOG1P,7,-0.2276,2.139299,1.152037
Mn_num,E1,E1_Min2_FieldOnly,PLS,LOG1P,8,0.074481,0.738037,0.549622
Mn_num,E1,E1_Min2_FieldOnly,PLS,LOG1P,9,-2.493786,0.478738,0.361639
Mn_num,E1,E1_Min2_FieldOnly,PLS,LOG1P,10,0.161786,0.809924,0.605683
Mn_num,E1,E1_Min2_FieldOnly,PLS,LOG1P,11,-0.136499,2.073622,0.96355
Mn_num,E1,E1_Min2_FieldOnly,PLS,LOG1P,12,-1.397304,0.412961,0.365537
Mn_num,E1,E1_Min2_FieldOnly,PLS,LOG1P,13,0.006674,0.711523,0.548856
Mn_num,E1,E1_Min2_FieldOnly,PLS,LOG1P,14,-0.003427,0.93327,0.730674
Mn_num,E1,E1_Min2_FieldOnly,PLS,LOG1P,15,-0.05312,0.649747,0.488222
Mn_num,E1,E1_Min2_FieldOnly,PLS,LOG1P,16,-1.380763,0.386093,0.321454
Mn_num,E1,E1_Min2_FieldOnly,PLS,LOG1P,17,-0.319218,0.730399,0.59796
Mn_num,E1,E1_Min2_FieldOnly,PLS,LOG1P,18,-0.284548,2.214334,1.235697
Mn_num,E1,E1_Min2_FieldOnly,PLS,LOG1P,19,0.038293,0.686997,0.527276
Mn_num,E1,E1_Min2_FieldOnly,PLS,LOG1P,20,-0.389927,0.52397,0.457369
Mn_num,E1,E1_Min2_FieldOnly,PLS,LOG1P,21,0.163534,0.528987,0.37316
Mn_num,E1,E1_Min2_FieldOnly,PLS,LOG1P,22,-0.16355,2.139531,1.148615
Mn_num,E1,E1_Min2_FieldOnly,PLS,LOG1P,23,0.020621,0.715216,0.482385
Mn_num,E1,E1_Min2_FieldOnly,PLS,LOG1P,24,-4.700555,0.63409,0.568574
Mn_num,E1,E1_Min2_FieldOnly,PLS,LOG1P,25,0.009706,0.779705,0.66952
Mn_num,E1,E1_Min2_FieldOnly,Lasso,RAW,1,-0.06261,0.698587,0.662626
Mn_num,E1,E1_Min2_FieldOnly,Lasso,RAW,2,-0.161913,2.116224,1.147961
Mn_num,E1,E1_Min2_FieldOnly,Lasso,RAW,3,-1.61,0.621861,0.58658
Mn_num,E1,E1_Min2_FieldOnly,Lasso,RAW,4,-5.253429,0.623134,0.617891
Mn_num,E1,E1_Min2_FieldOnly,Lasso,RAW,5,-0.658573,0.960987,0.68631
Mn_num,E1,E1_Min2_FieldOnly,Lasso,RAW,6,-0.173316,0.558414,0.509819
Mn_num,E1,E1_Min2_FieldOnly,Lasso,RAW,7,-0.177115,2.094849,1.156802
Mn_num,E1,E1_Min2_FieldOnly,Lasso,RAW,8,-0.06327,0.791056,0.615555
Mn_num,E1,E1_Min2_FieldOnly,Lasso,RAW,9,-5.570066,0.6565,0.590696
Mn_num,E1,E1_Min2_FieldOnly,Lasso,RAW,10,-0.009832,0.888979,0.801422
Mn_num,E1,E1_Min2_FieldOnly,Lasso,RAW,11,-0.091394,2.032057,1.040764
Mn_num,E1,E1_Min2_FieldOnly,Lasso,RAW,12,-3.424715,0.561035,0.512257
Mn_num,E1,E1_Min2_FieldOnly,Lasso,RAW,13,0.043021,0.698383,0.598401
Mn_num,E1,E1_Min2_FieldOnly,Lasso,RAW,14,-0.090301,0.972832,0.83734
Mn_num,E1,E1_Min2_FieldOnly,Lasso,RAW,15,0.021694,0.626243,0.517739
Mn_num,E1,E1_Min2_FieldOnly,Lasso,RAW,16,-3.912419,0.554602,0.518589
Mn_num,E1,E1_Min2_FieldOnly,Lasso,RAW,17,-0.090265,0.663999,0.575426
Mn_num,E1,E1_Min2_FieldOnly,Lasso,RAW,18,-0.249068,2.183539,1.296303
Mn_num,E1,E1_Min2_FieldOnly,Lasso,RAW,19,-0.207172,0.769693,0.68784
Mn_num,E1,E1_Min2_FieldOnly,Lasso,RAW,20,-0.702497,0.5799,0.551216
Mn_num,E1,E1_Min2_FieldOnly,Lasso,RAW,21,-0.273748,0.652773,0.590784
Mn_num,E1,E1_Min2_FieldOnly,Lasso,RAW,22,-0.127033,2.105689,1.160837
Mn_num,E1,E1_Min2_FieldOnly,Lasso,RAW,23,0.048058,0.705127,0.571405
Mn_num,E1,E1_Min2_FieldOnly,Lasso,RAW,24,-4.302973,0.611579,0.585205
Mn_num,E1,E1_Min2_FieldOnly,Lasso,RAW,25,-0.018912,0.790891,0.73625
Mn_num,E1,E1_Min2_FieldOnly,Lasso,LOG1P,1,-0.001348,0.678151,0.577534
Mn_num,E1,E1_Min2_FieldOnly,Lasso,LOG1P,2,-0.176407,2.129383,1.119193
Mn_num,E1,E1_Min2_FieldOnly,Lasso,LOG1P,3,-0.583629,0.484395,0.44361
Mn_num,E1,E1_Min2_FieldOnly,Lasso,LOG1P,4,-1.441633,0.38937,0.364225
Mn_num,E1,E1_Min2_FieldOnly,Lasso,LOG1P,5,-1.072674,1.074275,0.77706
Mn_num,E1,E1_Min2_FieldOnly,Lasso,LOG1P,6,-0.120017,0.545583,0.424568
Mn_num,E1,E1_Min2_FieldOnly,Lasso,LOG1P,7,-0.178711,2.096268,1.054051
Mn_num,E1,E1_Min2_FieldOnly,Lasso,LOG1P,8,-0.204312,0.841889,0.580722
Mn_num,E1,E1_Min2_FieldOnly,Lasso,LOG1P,9,-1.807707,0.429166,0.351058
Mn_num,E1,E1_Min2_FieldOnly,Lasso,LOG1P,10,-0.013252,0.890483,0.706644
Mn_num,E1,E1_Min2_FieldOnly,Lasso,LOG1P,11,-0.108251,2.04769,1.010323
Mn_num,E1,E1_Min2_FieldOnly,Lasso,LOG1P,12,-0.928652,0.370403,0.293573
Mn_num,E1,E1_Min2_FieldOnly,Lasso,LOG1P,13,0.011663,0.709733,0.532463
Mn_num,E1,E1_Min2_FieldOnly,Lasso,LOG1P,14,-0.130529,0.990616,0.750505
Mn_num,E1,E1_Min2_FieldOnly,Lasso,LOG1P,15,-0.049683,0.648686,0.481209
Mn_num,E1,E1_Min2_FieldOnly,Lasso,LOG1P,16,-1.103219,0.362891,0.297564
Mn_num,E1,E1_Min2_FieldOnly,Lasso,LOG1P,17,-0.405614,0.753936,0.627812
Mn_num,E1,E1_Min2_FieldOnly,Lasso,LOG1P,18,-0.302172,2.229472,1.32675
Mn_num,E1,E1_Min2_FieldOnly,Lasso,LOG1P,19,-0.015766,0.706041,0.537785
Mn_num,E1,E1_Min2_FieldOnly,Lasso,LOG1P,20,-0.12405,0.471198,0.39314
Mn_num,E1,E1_Min2_FieldOnly,Lasso,LOG1P,21,-0.004591,0.579716,0.451538
Mn_num,E1,E1_Min2_FieldOnly,Lasso,LOG1P,22,-0.1588,2.135159,1.138707
Mn_num,E1,E1_Min2_FieldOnly,Lasso,LOG1P,23,-0.028088,0.732786,0.525191
Mn_num,E1,E1_Min2_FieldOnly,Lasso,LOG1P,24,-0.752433,0.351571,0.312999
Mn_num,E1,E1_Min2_FieldOnly,Lasso,LOG1P,25,-0.146386,0.838907,0.73625
Mn_num,E1,E1_Min2_FieldOnly,Ridge,RAW,1,-0.031703,0.688353,0.654006
Mn_num,E1,E1_Min2_FieldOnly,Ridge,RAW,2,-0.179089,2.131809,1.157996
Mn_num,E1,E1_Min2_FieldOnly,Ridge,RAW,3,-0.887449,0.528823,0.497494
Mn_num,E1,E1_Min2_FieldOnly,Ridge,RAW,4,-6.531782,0.683866,0.661937
Mn_num,E1,E1_Min2_FieldOnly,Ridge,RAW,5,-0.584199,0.939193,0.698317
Mn_num,E1,E1_Min2_FieldOnly,Ridge,RAW,6,-0.234073,0.57269,0.521508
Mn_num,E1,E1_Min2_FieldOnly,Ridge,RAW,7,-0.215347,2.128596,1.197448
Mn_num,E1,E1_Min2_FieldOnly,Ridge,RAW,8,0.049631,0.747879,0.608695
Mn_num,E1,E1_Min2_FieldOnly,Ridge,RAW,9,-6.337897,0.693802,0.582379
Mn_num,E1,E1_Min2_FieldOnly,Ridge,RAW,10,0.140244,0.820265,0.719717
Mn_num,E1,E1_Min2_FieldOnly,Ridge,RAW,11,-0.109037,2.048416,1.004
Mn_num,E1,E1_Min2_FieldOnly,Ridge,RAW,12,-3.498904,0.565718,0.521934
Mn_num,E1,E1_Min2_FieldOnly,Ridge,RAW,13,-0.012491,0.718354,0.613346
Mn_num,E1,E1_Min2_FieldOnly,Ridge,RAW,14,-0.061528,0.95991,0.842841
Mn_num,E1,E1_Min2_FieldOnly,Ridge,RAW,15,0.098505,0.601156,0.493017
Mn_num,E1,E1_Min2_FieldOnly,Ridge,RAW,16,-3.577164,0.535343,0.49527
Mn_num,E1,E1_Min2_FieldOnly,Ridge,RAW,17,-0.124901,0.674464,0.592629
Mn_num,E1,E1_Min2_FieldOnly,Ridge,RAW,18,-0.2384,2.174194,1.241086
Mn_num,E1,E1_Min2_FieldOnly,Ridge,RAW,19,-0.220431,0.773909,0.691237
Mn_num,E1,E1_Min2_FieldOnly,Ridge,RAW,20,-0.694078,0.578465,0.54962
Mn_num,E1,E1_Min2_FieldOnly,Ridge,RAW,21,0.012264,0.574832,0.491361
Mn_num,E1,E1_Min2_FieldOnly,Ridge,RAW,22,-0.130981,2.109374,1.170654
Mn_num,E1,E1_Min2_FieldOnly,Ridge,RAW,23,0.147981,0.667093,0.538707
Mn_num,E1,E1_Min2_FieldOnly,Ridge,RAW,24,-6.972872,0.749894,0.701894
Mn_num,E1,E1_Min2_FieldOnly,Ridge,RAW,25,0.031708,0.770995,0.703666
Mn_num,E1,E1_Min2_FieldOnly,Ridge,LOG1P,1,0.159695,0.62123,0.543251
Mn_num,E1,E1_Min2_FieldOnly,Ridge,LOG1P,2,-0.199512,2.150192,1.146908
Mn_num,E1,E1_Min2_FieldOnly,Ridge,LOG1P,3,0.064912,0.372219,0.334291
Mn_num,E1,E1_Min2_FieldOnly,Ridge,LOG1P,4,-3.597973,0.534325,0.505917
Mn_num,E1,E1_Min2_FieldOnly,Ridge,LOG1P,5,-0.850305,1.015013,0.778296
Mn_num,E1,E1_Min2_FieldOnly,Ridge,LOG1P,6,-0.373344,0.604141,0.483342
Mn_num,E1,E1_Min2_FieldOnly,Ridge,LOG1P,7,-0.224284,2.136409,1.14646
Mn_num,E1,E1_Min2_FieldOnly,Ridge,LOG1P,8,0.066643,0.741156,0.55025
Mn_num,E1,E1_Min2_FieldOnly,Ridge,LOG1P,9,-2.435537,0.474731,0.360479
Mn_num,E1,E1_Min2_FieldOnly,Ridge,LOG1P,10,0.156141,0.812647,0.609838
Mn_num,E1,E1_Min2_FieldOnly,Ridge,LOG1P,11,-0.135559,2.072765,0.967283
Mn_num,E1,E1_Min2_FieldOnly,Ridge,LOG1P,12,-1.348368,0.408724,0.361917
Mn_num,E1,E1_Min2_FieldOnly,Ridge,LOG1P,13,0.013873,0.708939,0.545759
Mn_num,E1,E1_Min2_FieldOnly,Ridge,LOG1P,14,-0.007317,0.935078,0.731061
Mn_num,E1,E1_Min2_FieldOnly,Ridge,LOG1P,15,-0.052917,0.649685,0.488236
Mn_num,E1,E1_Min2_FieldOnly,Ridge,LOG1P,16,-1.300363,0.379517,0.319684
Mn_num,E1,E1_Min2_FieldOnly,Ridge,LOG1P,17,-0.320659,0.730797,0.597356
Mn_num,E1,E1_Min2_FieldOnly,Ridge,LOG1P,18,-0.285069,2.214783,1.238833
Mn_num,E1,E1_Min2_FieldOnly,Ridge,LOG1P,19,0.038672,0.686861,0.527379
Mn_num,E1,E1_Min2_FieldOnly,Ridge,LOG1P,20,-0.36752,0.519729,0.454362
Mn_num,E1,E1_Min2_FieldOnly,Ridge,LOG1P,21,0.158365,0.530619,0.376972
Mn_num,E1,E1_Min2_FieldOnly,Ridge,LOG1P,22,-0.163073,2.139092,1.147856
Mn_num,E1,E1_Min2_FieldOnly,Ridge,LOG1P,23,0.018937,0.715831,0.483123
Mn_num,E1,E1_Min2_FieldOnly,Ridge,LOG1P,24,-4.331471,0.61322,0.552363
Mn_num,E1,E1_Min2_FieldOnly,Ridge,LOG1P,25,0.006808,0.780845,0.671778
Mn_num,E1,E1_Min2_FieldOnly,ElasticNet,RAW,1,-0.039425,0.690924,0.658732
Mn_num,E1,E1_Min2_FieldOnly,ElasticNet,RAW,2,-0.172973,2.126273,1.154807
Mn_num,E1,E1_Min2_FieldOnly,ElasticNet,RAW,3,-1.392563,0.595394,0.556199
Mn_num,E1,E1_Min2_FieldOnly,ElasticNet,RAW,4,-5.644679,0.642331,0.638111
Mn_num,E1,E1_Min2_FieldOnly,ElasticNet,RAW,5,-0.618149,0.949203,0.691857
Mn_num,E1,E1_Min2_FieldOnly,ElasticNet,RAW,6,-0.201356,0.565047,0.516807
Mn_num,E1,E1_Min2_FieldOnly,ElasticNet,RAW,7,-0.192717,2.108686,1.174911
Mn_num,E1,E1_Min2_FieldOnly,ElasticNet,RAW,8,-0.015966,0.773259,0.61497
Mn_num,E1,E1_Min2_FieldOnly,ElasticNet,RAW,9,-5.851864,0.670431,0.586575
Mn_num,E1,E1_Min2_FieldOnly,ElasticNet,RAW,10,0.053284,0.860749,0.771125
Mn_num,E1,E1_Min2_FieldOnly,ElasticNet,RAW,11,-0.100145,2.040187,1.029231
Mn_num,E1,E1_Min2_FieldOnly,ElasticNet,RAW,12,-3.438651,0.561917,0.517034
Mn_num,E1,E1_Min2_FieldOnly,ElasticNet,RAW,13,0.034917,0.701334,0.605132
Mn_num,E1,E1_Min2_FieldOnly,ElasticNet,RAW,14,-0.078182,0.96741,0.841363
Mn_num,E1,E1_Min2_FieldOnly,ElasticNet,RAW,15,0.054981,0.615497,0.503048
Mn_num,E1,E1_Min2_FieldOnly,ElasticNet,RAW,16,-3.658106,0.540055,0.511942
Mn_num,E1,E1_Min2_FieldOnly,ElasticNet,RAW,17,-0.101215,0.667325,0.583563
Mn_num,E1,E1_Min2_FieldOnly,ElasticNet,RAW,18,-0.245049,2.180023,1.271913
Mn_num,E1,E1_Min2_FieldOnly,ElasticNet,RAW,19,-0.205947,0.769303,0.689771
Mn_num,E1,E1_Min2_FieldOnly,ElasticNet,RAW,20,-0.738469,0.585995,0.558032
Mn_num,E1,E1_Min2_FieldOnly,ElasticNet,RAW,21,-0.190508,0.631084,0.560819
Mn_num,E1,E1_Min2_FieldOnly,ElasticNet,RAW,22,-0.128577,2.107131,1.163868
Mn_num,E1,E1_Min2_FieldOnly,ElasticNet,RAW,23,0.073017,0.695821,0.564723
Mn_num,E1,E1_Min2_FieldOnly,ElasticNet,RAW,24,-5.330971,0.668233,0.635781
Mn_num,E1,E1_Min2_FieldOnly,ElasticNet,RAW,25,0.021802,0.774929,0.720778
Mn_num,E1,E1_Min2_FieldOnly,ElasticNet,LOG1P,1,0.114484,0.637723,0.546899
Mn_num,E1,E1_Min2_FieldOnly,ElasticNet,LOG1P,2,-0.193354,2.144666,1.126876
Mn_num,E1,E1_Min2_FieldOnly,ElasticNet,LOG1P,3,-0.238645,0.428397,0.386549
Mn_num,E1,E1_Min2_FieldOnly,ElasticNet,LOG1P,4,-2.036831,0.434243,0.431103
Mn_num,E1,E1_Min2_FieldOnly,ElasticNet,LOG1P,5,-0.92361,1.034924,0.778854
Mn_num,E1,E1_Min2_FieldOnly,ElasticNet,LOG1P,6,-0.234933,0.572889,0.456664
Mn_num,E1,E1_Min2_FieldOnly,ElasticNet,LOG1P,7,-0.198928,2.114169,1.098741
Mn_num,E1,E1_Min2_FieldOnly,ElasticNet,LOG1P,8,-0.080215,0.797334,0.559825
Mn_num,E1,E1_Min2_FieldOnly,ElasticNet,LOG1P,9,-1.731808,0.423326,0.341275
Mn_num,E1,E1_Min2_FieldOnly,ElasticNet,LOG1P,10,0.068289,0.853901,0.664609
Mn_num,E1,E1_Min2_FieldOnly,ElasticNet,LOG1P,11,-0.121391,2.059793,0.992047
Mn_num,E1,E1_Min2_FieldOnly,ElasticNet,LOG1P,12,-1.072173,0.383937,0.336919
Mn_num,E1,E1_Min2_FieldOnly,ElasticNet,LOG1P,13,0.080078,0.684728,0.51917
Mn_num,E1,E1_Min2_FieldOnly,ElasticNet,LOG1P,14,-0.060003,0.95922,0.729201
Mn_num,E1,E1_Min2_FieldOnly,ElasticNet,LOG1P,15,-0.072482,0.655693,0.493018
Mn_num,E1,E1_Min2_FieldOnly,ElasticNet,LOG1P,16,-1.022806,0.355886,0.311279
Mn_num,E1,E1_Min2_FieldOnly,ElasticNet,LOG1P,17,-0.335192,0.734807,0.595559
Mn_num,E1,E1_Min2_FieldOnly,ElasticNet,LOG1P,18,-0.29422,2.222655,1.280971
Mn_num,E1,E1_Min2_FieldOnly,ElasticNet,LOG1P,19,0.03149,0.689422,0.526021
Mn_num,E1,E1_Min2_FieldOnly,ElasticNet,LOG1P,20,-0.231506,0.493206,0.427754
Mn_num,E1,E1_Min2_FieldOnly,ElasticNet,LOG1P,21,0.064623,0.559389,0.423451
Mn_num,E1,E1_Min2_FieldOnly,ElasticNet,LOG1P,22,-0.162919,2.13895,1.133639
Mn_num,E1,E1_Min2_FieldOnly,ElasticNet,LOG1P,23,-0.006303,0.72498,0.490198
Mn_num,E1,E1_Min2_FieldOnly,ElasticNet,LOG1P,24,-1.711924,0.437352,0.414325
Mn_num,E1,E1_Min2_FieldOnly,ElasticNet,LOG1P,25,-0.039575,0.79887,0.697074
Mn_num,E2,E2_Min3_Field_Plus_Depth,SVR_RBF,RAW,1,-0.124015,0.718488,0.574229
Mn_num,E2,E2_Min3_Field_Plus_Depth,SVR_RBF,RAW,2,-0.252214,2.19692,1.083311
Mn_num,E2,E2_Min3_Field_Plus_Depth,SVR_RBF,RAW,3,0.347674,0.310889,0.255905
Mn_num,E2,E2_Min3_Field_Plus_Depth,SVR_RBF,RAW,4,-8.400398,0.764003,0.676495
Mn_num,E2,E2_Min3_Field_Plus_Depth,SVR_RBF,RAW,5,-1.251257,1.119599,0.864439
Mn_num,E2,E2_Min3_Field_Plus_Depth,SVR_RBF,RAW,6,-0.382458,0.606143,0.401063
Mn_num,E2,E2_Min3_Field_Plus_Depth,SVR_RBF,RAW,7,-0.232071,2.143192,1.211255
Mn_num,E2,E2_Min3_Field_Plus_Depth,SVR_RBF,RAW,8,-0.310561,0.878242,0.617229
Mn_num,E2,E2_Min3_Field_Plus_Depth,SVR_RBF,RAW,9,-0.284057,0.29023,0.233618
Mn_num,E2,E2_Min3_Field_Plus_Depth,SVR_RBF,RAW,10,-0.123745,0.937779,0.577752
Mn_num,E2,E2_Min3_Field_Plus_Depth,SVR_RBF,RAW,11,-0.171239,2.105077,1.069188
Mn_num,E2,E2_Min3_Field_Plus_Depth,SVR_RBF,RAW,12,-1.284044,0.403087,0.349089
Mn_num,E2,E2_Min3_Field_Plus_Depth,SVR_RBF,RAW,13,-0.094764,0.74697,0.517087
Mn_num,E2,E2_Min3_Field_Plus_Depth,SVR_RBF,RAW,14,-0.277726,1.053134,0.770058
Mn_num,E2,E2_Min3_Field_Plus_Depth,SVR_RBF,RAW,15,-0.228217,0.701686,0.499279
Mn_num,E2,E2_Min3_Field_Plus_Depth,SVR_RBF,RAW,16,0.318692,0.206541,0.179509
Mn_num,E2,E2_Min3_Field_Plus_Depth,SVR_RBF,RAW,17,-0.802771,0.853831,0.684882
Mn_num,E2,E2_Min3_Field_Plus_Depth,SVR_RBF,RAW,18,-0.299748,2.227397,1.269553
Mn_num,E2,E2_Min3_Field_Plus_Depth,SVR_RBF,RAW,19,-0.364966,0.818454,0.453733
Mn_num,E2,E2_Min3_Field_Plus_Depth,SVR_RBF,RAW,20,-0.402633,0.526359,0.365279
Mn_num,E2,E2_Min3_Field_Plus_Depth,SVR_RBF,RAW,21,0.172698,0.526081,0.349159
Mn_num,E2,E2_Min3_Field_Plus_Depth,SVR_RBF,RAW,22,-0.24036,2.209021,1.182114
Mn_num,E2,E2_Min3_Field_Plus_Depth,SVR_RBF,RAW,23,-0.633874,0.923786,0.617551
Mn_num,E2,E2_Min3_Field_Plus_Depth,SVR_RBF,RAW,24,-2.03876,0.462957,0.411446
Mn_num,E2,E2_Min3_Field_Plus_Depth,SVR_RBF,RAW,25,-0.465396,0.948475,0.782351
Mn_num,E2,E2_Min3_Field_Plus_Depth,SVR_RBF,LOG1P,1,-0.392819,0.799799,0.634837
Mn_num,E2,E2_Min3_Field_Plus_Depth,SVR_RBF,LOG1P,2,-0.240206,2.186361,1.074833
Mn_num,E2,E2_Min3_Field_Plus_Depth,SVR_RBF,LOG1P,3,0.370662,0.305362,0.24449
Mn_num,E2,E2_Min3_Field_Plus_Depth,SVR_RBF,LOG1P,4,-10.861557,0.858209,0.741424
Mn_num,E2,E2_Min3_Field_Plus_Depth,SVR_RBF,LOG1P,5,-1.309427,1.133972,0.891177
Mn_num,E2,E2_Min3_Field_Plus_Depth,SVR_RBF,LOG1P,6,-0.452146,0.621232,0.39436
Mn_num,E2,E2_Min3_Field_Plus_Depth,SVR_RBF,LOG1P,7,-0.303397,2.204355,1.35534
Mn_num,E2,E2_Min3_Field_Plus_Depth,SVR_RBF,LOG1P,8,-0.253657,0.858964,0.610874
Mn_num,E2,E2_Min3_Field_Plus_Depth,SVR_RBF,LOG1P,9,-0.460921,0.309573,0.241949
Mn_num,E2,E2_Min3_Field_Plus_Depth,SVR_RBF,LOG1P,10,-0.088274,0.92286,0.585529
Mn_num,E2,E2_Min3_Field_Plus_Depth,SVR_RBF,LOG1P,11,-0.164925,2.099395,1.063433
Mn_num,E2,E2_Min3_Field_Plus_Depth,SVR_RBF,LOG1P,12,-2.475265,0.497211,0.42242
Mn_num,E2,E2_Min3_Field_Plus_Depth,SVR_RBF,LOG1P,13,-9e-06,0.713912,0.49639
Mn_num,E2,E2_Min3_Field_Plus_Depth,SVR_RBF,LOG1P,14,-0.342931,1.079671,0.846078
Mn_num,E2,E2_Min3_Field_Plus_Depth,SVR_RBF,LOG1P,15,-0.231892,0.702736,0.497668
Mn_num,E2,E2_Min3_Field_Plus_Depth,SVR_RBF,LOG1P,16,-0.642131,0.320655,0.257227
Mn_num,E2,E2_Min3_Field_Plus_Depth,SVR_RBF,LOG1P,17,-0.833784,0.861144,0.681793
Mn_num,E2,E2_Min3_Field_Plus_Depth,SVR_RBF,LOG1P,18,-0.311468,2.237416,1.268476
Mn_num,E2,E2_Min3_Field_Plus_Depth,SVR_RBF,LOG1P,19,-0.334927,0.809397,0.466666
Mn_num,E2,E2_Min3_Field_Plus_Depth,SVR_RBF,LOG1P,20,-0.652972,0.571404,0.411331
Mn_num,E2,E2_Min3_Field_Plus_Depth,SVR_RBF,LOG1P,21,0.10985,0.545698,0.356985
Mn_num,E2,E2_Min3_Field_Plus_Depth,SVR_RBF,LOG1P,22,-0.251729,2.219122,1.184768
Mn_num,E2,E2_Min3_Field_Plus_Depth,SVR_RBF,LOG1P,23,-0.666484,0.932959,0.647316
Mn_num,E2,E2_Min3_Field_Plus_Depth,SVR_RBF,LOG1P,24,-2.665101,0.508435,0.451734
Mn_num,E2,E2_Min3_Field_Plus_Depth,SVR_RBF,LOG1P,25,-0.646813,1.005473,0.843532
Mn_num,E2,E2_Min3_Field_Plus_Depth,PLS,RAW,1,-1.396104,1.049027,0.948054
Mn_num,E2,E2_Min3_Field_Plus_Depth,PLS,RAW,2,-0.207223,2.157092,1.18273
Mn_num,E2,E2_Min3_Field_Plus_Depth,PLS,RAW,3,-0.751968,0.50949,0.481507
Mn_num,E2,E2_Min3_Field_Plus_Depth,PLS,RAW,4,-5.955739,0.657194,0.646084
Mn_num,E2,E2_Min3_Field_Plus_Depth,PLS,RAW,5,-0.583614,0.93902,0.698427
Mn_num,E2,E2_Min3_Field_Plus_Depth,PLS,RAW,6,-1.833752,0.86782,0.674178
Mn_num,E2,E2_Min3_Field_Plus_Depth,PLS,RAW,7,-0.219148,2.131923,1.197788
Mn_num,E2,E2_Min3_Field_Plus_Depth,PLS,RAW,8,0.061165,0.743327,0.608276
Mn_num,E2,E2_Min3_Field_Plus_Depth,PLS,RAW,9,-6.295276,0.691784,0.564733
Mn_num,E2,E2_Min3_Field_Plus_Depth,PLS,RAW,10,0.105344,0.836749,0.756442
Mn_num,E2,E2_Min3_Field_Plus_Depth,PLS,RAW,11,-0.104973,2.044659,1.000792
Mn_num,E2,E2_Min3_Field_Plus_Depth,PLS,RAW,12,-3.229898,0.548545,0.50594
Mn_num,E2,E2_Min3_Field_Plus_Depth,PLS,RAW,13,-0.862417,0.974274,0.773926
Mn_num,E2,E2_Min3_Field_Plus_Depth,PLS,RAW,14,-0.06082,0.95959,0.867872
Mn_num,E2,E2_Min3_Field_Plus_Depth,PLS,RAW,15,0.108253,0.597897,0.482331
Mn_num,E2,E2_Min3_Field_Plus_Depth,PLS,RAW,16,-3.968902,0.557781,0.504853
Mn_num,E2,E2_Min3_Field_Plus_Depth,PLS,RAW,17,-0.184451,0.692086,0.580999
Mn_num,E2,E2_Min3_Field_Plus_Depth,PLS,RAW,18,-0.237746,2.17362,1.239637
Mn_num,E2,E2_Min3_Field_Plus_Depth,PLS,RAW,19,-0.219837,0.77372,0.69534
Mn_num,E2,E2_Min3_Field_Plus_Depth,PLS,RAW,20,-1.540061,0.708325,0.582682
Mn_num,E2,E2_Min3_Field_Plus_Depth,PLS,RAW,21,-0.035283,0.588505,0.497908
Mn_num,E2,E2_Min3_Field_Plus_Depth,PLS,RAW,22,-0.14589,2.123232,1.187679
Mn_num,E2,E2_Min3_Field_Plus_Depth,PLS,RAW,23,0.1849,0.65248,0.53092
Mn_num,E2,E2_Min3_Field_Plus_Depth,PLS,RAW,24,-12.815137,0.987121,0.81483
Mn_num,E2,E2_Min3_Field_Plus_Depth,PLS,RAW,25,-0.269276,0.882727,0.822236
Mn_num,E2,E2_Min3_Field_Plus_Depth,PLS,LOG1P,1,-0.671379,0.876135,0.754692
Mn_num,E2,E2_Min3_Field_Plus_Depth,PLS,LOG1P,2,-0.222362,2.170576,1.174132
Mn_num,E2,E2_Min3_Field_Plus_Depth,PLS,LOG1P,3,0.076377,0.369931,0.330858
Mn_num,E2,E2_Min3_Field_Plus_Depth,PLS,LOG1P,4,-3.791943,0.545479,0.509039
Mn_num,E2,E2_Min3_Field_Plus_Depth,PLS,LOG1P,5,-0.848975,1.014648,0.782306
Mn_num,E2,E2_Min3_Field_Plus_Depth,PLS,LOG1P,6,-1.240186,0.771598,0.602247
Mn_num,E2,E2_Min3_Field_Plus_Depth,PLS,LOG1P,7,-0.229337,2.140812,1.153137
Mn_num,E2,E2_Min3_Field_Plus_Depth,PLS,LOG1P,8,0.06212,0.742949,0.551327
Mn_num,E2,E2_Min3_Field_Plus_Depth,PLS,LOG1P,9,-2.536469,0.481654,0.362233
Mn_num,E2,E2_Min3_Field_Plus_Depth,PLS,LOG1P,10,0.164446,0.808638,0.613037
Mn_num,E2,E2_Min3_Field_Plus_Depth,PLS,LOG1P,11,-0.135197,2.072434,0.961851
Mn_num,E2,E2_Min3_Field_Plus_Depth,PLS,LOG1P,12,-1.417857,0.414727,0.363515
Mn_num,E2,E2_Min3_Field_Plus_Depth,PLS,LOG1P,13,-0.33271,0.824158,0.625418
Mn_num,E2,E2_Min3_Field_Plus_Depth,PLS,LOG1P,14,-0.002281,0.932737,0.734206
Mn_num,E2,E2_Min3_Field_Plus_Depth,PLS,LOG1P,15,-0.061185,0.65223,0.489515
Mn_num,E2,E2_Min3_Field_Plus_Depth,PLS,LOG1P,16,-1.346812,0.38333,0.321254
Mn_num,E2,E2_Min3_Field_Plus_Depth,PLS,LOG1P,17,-0.385671,0.748569,0.598751
Mn_num,E2,E2_Min3_Field_Plus_Depth,PLS,LOG1P,18,-0.287309,2.216712,1.235075
Mn_num,E2,E2_Min3_Field_Plus_Depth,PLS,LOG1P,19,0.038429,0.686948,0.528811
Mn_num,E2,E2_Min3_Field_Plus_Depth,PLS,LOG1P,20,-0.572627,0.557344,0.479058
Mn_num,E2,E2_Min3_Field_Plus_Depth,PLS,LOG1P,21,0.142287,0.535663,0.379665
Mn_num,E2,E2_Min3_Field_Plus_Depth,PLS,LOG1P,22,-0.177649,2.152454,1.165881
Mn_num,E2,E2_Min3_Field_Plus_Depth,PLS,LOG1P,23,-0.003439,0.723948,0.484049
Mn_num,E2,E2_Min3_Field_Plus_Depth,PLS,LOG1P,24,-7.301937,0.765213,0.655701
Mn_num,E2,E2_Min3_Field_Plus_Depth,PLS,LOG1P,25,-0.162986,0.844959,0.742484
Mn_num,E2,E2_Min3_Field_Plus_Depth,Lasso,RAW,1,-0.61902,0.862303,0.833752
Mn_num,E2,E2_Min3_Field_Plus_Depth,Lasso,RAW,2,-0.161913,2.116224,1.147961
Mn_num,E2,E2_Min3_Field_Plus_Depth,Lasso,RAW,3,-1.61,0.621861,0.58658
Mn_num,E2,E2_Min3_Field_Plus_Depth,Lasso,RAW,4,-5.253429,0.623134,0.617891
Mn_num,E2,E2_Min3_Field_Plus_Depth,Lasso,RAW,5,-0.658573,0.960987,0.68631
Mn_num,E2,E2_Min3_Field_Plus_Depth,Lasso,RAW,6,-0.515187,0.634574,0.565094
Mn_num,E2,E2_Min3_Field_Plus_Depth,Lasso,RAW,7,-0.177115,2.094849,1.156802
Mn_num,E2,E2_Min3_Field_Plus_Depth,Lasso,RAW,8,-0.06327,0.791056,0.615555
Mn_num,E2,E2_Min3_Field_Plus_Depth,Lasso,RAW,9,-5.570066,0.6565,0.590696
Mn_num,E2,E2_Min3_Field_Plus_Depth,Lasso,RAW,10,-0.00432,0.886549,0.802527
Mn_num,E2,E2_Min3_Field_Plus_Depth,Lasso,RAW,11,-0.091394,2.032057,1.040764
Mn_num,E2,E2_Min3_Field_Plus_Depth,Lasso,RAW,12,-3.424715,0.561035,0.512257
Mn_num,E2,E2_Min3_Field_Plus_Depth,Lasso,RAW,13,-0.064521,0.73658,0.634487
Mn_num,E2,E2_Min3_Field_Plus_Depth,Lasso,RAW,14,-0.090301,0.972832,0.83734
Mn_num,E2,E2_Min3_Field_Plus_Depth,Lasso,RAW,15,0.021694,0.626243,0.517739
Mn_num,E2,E2_Min3_Field_Plus_Depth,Lasso,RAW,16,-4.00496,0.559801,0.520846
Mn_num,E2,E2_Min3_Field_Plus_Depth,Lasso,RAW,17,-0.091327,0.664323,0.575204
Mn_num,E2,E2_Min3_Field_Plus_Depth,Lasso,RAW,18,-0.249068,2.183539,1.296303
Mn_num,E2,E2_Min3_Field_Plus_Depth,Lasso,RAW,19,-0.207172,0.769693,0.68784
Mn_num,E2,E2_Min3_Field_Plus_Depth,Lasso,RAW,20,-0.736537,0.585669,0.559318
Mn_num,E2,E2_Min3_Field_Plus_Depth,Lasso,RAW,21,-0.279798,0.654322,0.589634
Mn_num,E2,E2_Min3_Field_Plus_Depth,Lasso,RAW,22,-0.127033,2.105689,1.160837
Mn_num,E2,E2_Min3_Field_Plus_Depth,Lasso,RAW,23,0.048058,0.705127,0.571405
Mn_num,E2,E2_Min3_Field_Plus_Depth,Lasso,RAW,24,-5.151447,0.65869,0.617915
Mn_num,E2,E2_Min3_Field_Plus_Depth,Lasso,RAW,25,-0.127337,0.831908,0.782614
Mn_num,E2,E2_Min3_Field_Plus_Depth,Lasso,LOG1P,1,-0.001348,0.678151,0.577534
Mn_num,E2,E2_Min3_Field_Plus_Depth,Lasso,LOG1P,2,-0.176407,2.129383,1.119193
Mn_num,E2,E2_Min3_Field_Plus_Depth,Lasso,LOG1P,3,-0.583629,0.484395,0.44361
Mn_num,E2,E2_Min3_Field_Plus_Depth,Lasso,LOG1P,4,-1.441633,0.38937,0.364225
Mn_num,E2,E2_Min3_Field_Plus_Depth,Lasso,LOG1P,5,-1.072674,1.074275,0.77706
Mn_num,E2,E2_Min3_Field_Plus_Depth,Lasso,LOG1P,6,-0.120017,0.545583,0.424568
Mn_num,E2,E2_Min3_Field_Plus_Depth,Lasso,LOG1P,7,-0.178711,2.096268,1.054051
Mn_num,E2,E2_Min3_Field_Plus_Depth,Lasso,LOG1P,8,-0.204312,0.841889,0.580722
Mn_num,E2,E2_Min3_Field_Plus_Depth,Lasso,LOG1P,9,-1.807707,0.429166,0.351058
Mn_num,E2,E2_Min3_Field_Plus_Depth,Lasso,LOG1P,10,-0.013252,0.890483,0.706644
Mn_num,E2,E2_Min3_Field_Plus_Depth,Lasso,LOG1P,11,-0.108251,2.04769,1.010323
Mn_num,E2,E2_Min3_Field_Plus_Depth,Lasso,LOG1P,12,-0.928652,0.370403,0.293573
Mn_num,E2,E2_Min3_Field_Plus_Depth,Lasso,LOG1P,13,0.011663,0.709733,0.532463
Mn_num,E2,E2_Min3_Field_Plus_Depth,Lasso,LOG1P,14,-0.130529,0.990616,0.750505
Mn_num,E2,E2_Min3_Field_Plus_Depth,Lasso,LOG1P,15,-0.049683,0.648686,0.481209
Mn_num,E2,E2_Min3_Field_Plus_Depth,Lasso,LOG1P,16,-1.103219,0.362891,0.297564
Mn_num,E2,E2_Min3_Field_Plus_Depth,Lasso,LOG1P,17,-0.405614,0.753936,0.627812
Mn_num,E2,E2_Min3_Field_Plus_Depth,Lasso,LOG1P,18,-0.302172,2.229472,1.32675
Mn_num,E2,E2_Min3_Field_Plus_Depth,Lasso,LOG1P,19,-0.015766,0.706041,0.537785
Mn_num,E2,E2_Min3_Field_Plus_Depth,Lasso,LOG1P,20,-0.12405,0.471198,0.39314
Mn_num,E2,E2_Min3_Field_Plus_Depth,Lasso,LOG1P,21,-0.004591,0.579716,0.451538
Mn_num,E2,E2_Min3_Field_Plus_Depth,Lasso,LOG1P,22,-0.1588,2.135159,1.138707
Mn_num,E2,E2_Min3_Field_Plus_Depth,Lasso,LOG1P,23,-0.028088,0.732786,0.525191
Mn_num,E2,E2_Min3_Field_Plus_Depth,Lasso,LOG1P,24,-0.752433,0.351571,0.312999
Mn_num,E2,E2_Min3_Field_Plus_Depth,Lasso,LOG1P,25,-0.146386,0.838907,0.73625
Mn_num,E2,E2_Min3_Field_Plus_Depth,Ridge,RAW,1,-1.275281,1.022236,0.929054
Mn_num,E2,E2_Min3_Field_Plus_Depth,Ridge,RAW,2,-0.207099,2.156982,1.182974
Mn_num,E2,E2_Min3_Field_Plus_Depth,Ridge,RAW,3,-0.786424,0.514476,0.486046
Mn_num,E2,E2_Min3_Field_Plus_Depth,Ridge,RAW,4,-6.238896,0.670438,0.65736
Mn_num,E2,E2_Min3_Field_Plus_Depth,Ridge,RAW,5,-0.573631,0.936055,0.695954
Mn_num,E2,E2_Min3_Field_Plus_Depth,Ridge,RAW,6,-1.678142,0.843657,0.664188
Mn_num,E2,E2_Min3_Field_Plus_Depth,Ridge,RAW,7,-0.221672,2.134128,1.20236
Mn_num,E2,E2_Min3_Field_Plus_Depth,Ridge,RAW,8,0.066674,0.741143,0.606254
Mn_num,E2,E2_Min3_Field_Plus_Depth,Ridge,RAW,9,-6.10864,0.682878,0.56128
Mn_num,E2,E2_Min3_Field_Plus_Depth,Ridge,RAW,10,0.114154,0.832618,0.750698
Mn_num,E2,E2_Min3_Field_Plus_Depth,Ridge,RAW,11,-0.107511,2.047007,1.008506
Mn_num,E2,E2_Min3_Field_Plus_Depth,Ridge,RAW,12,-3.307293,0.55354,0.510306
Mn_num,E2,E2_Min3_Field_Plus_Depth,Ridge,RAW,13,-0.803838,0.95883,0.755713
Mn_num,E2,E2_Min3_Field_Plus_Depth,Ridge,RAW,14,-0.061523,0.959907,0.867652
Mn_num,E2,E2_Min3_Field_Plus_Depth,Ridge,RAW,15,0.104992,0.598989,0.484263
Mn_num,E2,E2_Min3_Field_Plus_Depth,Ridge,RAW,16,-3.887218,0.553177,0.50456
Mn_num,E2,E2_Min3_Field_Plus_Depth,Ridge,RAW,17,-0.169677,0.687756,0.581774
Mn_num,E2,E2_Min3_Field_Plus_Depth,Ridge,RAW,18,-0.240374,2.175926,1.238648
Mn_num,E2,E2_Min3_Field_Plus_Depth,Ridge,RAW,19,-0.211383,0.771035,0.692628
Mn_num,E2,E2_Min3_Field_Plus_Depth,Ridge,RAW,20,-1.475564,0.699274,0.581971
Mn_num,E2,E2_Min3_Field_Plus_Depth,Ridge,RAW,21,-0.018926,0.583838,0.494866
Mn_num,E2,E2_Min3_Field_Plus_Depth,Ridge,RAW,22,-0.144609,2.122045,1.186518
Mn_num,E2,E2_Min3_Field_Plus_Depth,Ridge,RAW,23,0.169282,0.658702,0.535295
Mn_num,E2,E2_Min3_Field_Plus_Depth,Ridge,RAW,24,-12.131066,0.962371,0.799426
Mn_num,E2,E2_Min3_Field_Plus_Depth,Ridge,RAW,25,-0.247698,0.875191,0.8159
Mn_num,E2,E2_Min3_Field_Plus_Depth,Ridge,LOG1P,1,-0.552808,0.844486,0.734494
Mn_num,E2,E2_Min3_Field_Plus_Depth,Ridge,LOG1P,2,-0.2234,2.171497,1.173498
Mn_num,E2,E2_Min3_Field_Plus_Depth,Ridge,LOG1P,3,0.063494,0.372502,0.334328
Mn_num,E2,E2_Min3_Field_Plus_Depth,Ridge,LOG1P,4,-3.779808,0.544788,0.511021
Mn_num,E2,E2_Min3_Field_Plus_Depth,Ridge,LOG1P,5,-0.850203,1.014985,0.781511
Mn_num,E2,E2_Min3_Field_Plus_Depth,Ridge,LOG1P,6,-1.257354,0.774549,0.604581
Mn_num,E2,E2_Min3_Field_Plus_Depth,Ridge,LOG1P,7,-0.232919,2.14393,1.159701
Mn_num,E2,E2_Min3_Field_Plus_Depth,Ridge,LOG1P,8,0.062748,0.7427,0.550424
Mn_num,E2,E2_Min3_Field_Plus_Depth,Ridge,LOG1P,9,-2.427871,0.474201,0.359578
Mn_num,E2,E2_Min3_Field_Plus_Depth,Ridge,LOG1P,10,0.158531,0.811495,0.613782
Mn_num,E2,E2_Min3_Field_Plus_Depth,Ridge,LOG1P,11,-0.135454,2.072669,0.967514
Mn_num,E2,E2_Min3_Field_Plus_Depth,Ridge,LOG1P,12,-1.429368,0.415713,0.364694
Mn_num,E2,E2_Min3_Field_Plus_Depth,Ridge,LOG1P,13,-0.388627,0.84127,0.637368
Mn_num,E2,E2_Min3_Field_Plus_Depth,Ridge,LOG1P,14,-0.005474,0.934222,0.732188
Mn_num,E2,E2_Min3_Field_Plus_Depth,Ridge,LOG1P,15,-0.062101,0.652512,0.490102
Mn_num,E2,E2_Min3_Field_Plus_Depth,Ridge,LOG1P,16,-1.294336,0.37902,0.321175
Mn_num,E2,E2_Min3_Field_Plus_Depth,Ridge,LOG1P,17,-0.3565,0.740647,0.597933
Mn_num,E2,E2_Min3_Field_Plus_Depth,Ridge,LOG1P,18,-0.289191,2.218332,1.235508
Mn_num,E2,E2_Min3_Field_Plus_Depth,Ridge,LOG1P,19,0.038349,0.686976,0.527314
Mn_num,E2,E2_Min3_Field_Plus_Depth,Ridge,LOG1P,20,-0.64262,0.569612,0.48441
Mn_num,E2,E2_Min3_Field_Plus_Depth,Ridge,LOG1P,21,0.141677,0.535854,0.382748
Mn_num,E2,E2_Min3_Field_Plus_Depth,Ridge,LOG1P,22,-0.17668,2.151568,1.164202
Mn_num,E2,E2_Min3_Field_Plus_Depth,Ridge,LOG1P,23,-0.022321,0.730728,0.489535
Mn_num,E2,E2_Min3_Field_Plus_Depth,Ridge,LOG1P,24,-7.148588,0.758113,0.646007
Mn_num,E2,E2_Min3_Field_Plus_Depth,Ridge,LOG1P,25,-0.126662,0.831659,0.728897
Mn_num,E2,E2_Min3_Field_Plus_Depth,ElasticNet,RAW,1,-0.862807,0.924948,0.874224
Mn_num,E2,E2_Min3_Field_Plus_Depth,ElasticNet,RAW,2,-0.175297,2.128378,1.157054
Mn_num,E2,E2_Min3_Field_Plus_Depth,ElasticNet,RAW,3,-1.376804,0.59343,0.554888
Mn_num,E2,E2_Min3_Field_Plus_Depth,ElasticNet,RAW,4,-5.58553,0.639466,0.636444
Mn_num,E2,E2_Min3_Field_Plus_Depth,ElasticNet,RAW,5,-0.614036,0.947996,0.691148
Mn_num,E2,E2_Min3_Field_Plus_Depth,ElasticNet,RAW,6,-0.917134,0.713798,0.609805
Mn_num,E2,E2_Min3_Field_Plus_Depth,ElasticNet,RAW,7,-0.192717,2.108686,1.174911
Mn_num,E2,E2_Min3_Field_Plus_Depth,ElasticNet,RAW,8,-0.015966,0.773259,0.61497
Mn_num,E2,E2_Min3_Field_Plus_Depth,ElasticNet,RAW,9,-5.814851,0.668618,0.58372
Mn_num,E2,E2_Min3_Field_Plus_Depth,ElasticNet,RAW,10,0.038875,0.867275,0.788092
Mn_num,E2,E2_Min3_Field_Plus_Depth,ElasticNet,RAW,11,-0.100145,2.040187,1.029231
Mn_num,E2,E2_Min3_Field_Plus_Depth,ElasticNet,RAW,12,-3.438651,0.561917,0.517034
Mn_num,E2,E2_Min3_Field_Plus_Depth,ElasticNet,RAW,13,-0.308723,0.816708,0.673887
Mn_num,E2,E2_Min3_Field_Plus_Depth,ElasticNet,RAW,14,-0.076507,0.966658,0.844718
Mn_num,E2,E2_Min3_Field_Plus_Depth,ElasticNet,RAW,15,0.058597,0.614318,0.500005
Mn_num,E2,E2_Min3_Field_Plus_Depth,ElasticNet,RAW,16,-3.867209,0.552044,0.517346
Mn_num,E2,E2_Min3_Field_Plus_Depth,ElasticNet,RAW,17,-0.12621,0.674856,0.577981
Mn_num,E2,E2_Min3_Field_Plus_Depth,ElasticNet,RAW,18,-0.245049,2.180023,1.271913
Mn_num,E2,E2_Min3_Field_Plus_Depth,ElasticNet,RAW,19,-0.203409,0.768493,0.689977
Mn_num,E2,E2_Min3_Field_Plus_Depth,ElasticNet,RAW,20,-0.941059,0.619198,0.575631
Mn_num,E2,E2_Min3_Field_Plus_Depth,ElasticNet,RAW,21,-0.215278,0.637615,0.555992
Mn_num,E2,E2_Min3_Field_Plus_Depth,ElasticNet,RAW,22,-0.128577,2.107131,1.163868
Mn_num,E2,E2_Min3_Field_Plus_Depth,ElasticNet,RAW,23,0.073017,0.695821,0.564723
Mn_num,E2,E2_Min3_Field_Plus_Depth,ElasticNet,RAW,24,-7.730566,0.784718,0.698756
Mn_num,E2,E2_Min3_Field_Plus_Depth,ElasticNet,RAW,25,-0.19007,0.854741,0.805111
Mn_num,E2,E2_Min3_Field_Plus_Depth,ElasticNet,LOG1P,1,0.008155,0.674925,0.602986
Mn_num,E2,E2_Min3_Field_Plus_Depth,ElasticNet,LOG1P,2,-0.193354,2.144666,1.126876
Mn_num,E2,E2_Min3_Field_Plus_Depth,ElasticNet,LOG1P,3,-0.238645,0.428397,0.386549
Mn_num,E2,E2_Min3_Field_Plus_Depth,ElasticNet,LOG1P,4,-2.036831,0.434243,0.431103
Mn_num,E2,E2_Min3_Field_Plus_Depth,ElasticNet,LOG1P,5,-0.92361,1.034924,0.778854
Mn_num,E2,E2_Min3_Field_Plus_Depth,ElasticNet,LOG1P,6,-0.263465,0.579469,0.466307
Mn_num,E2,E2_Min3_Field_Plus_Depth,ElasticNet,LOG1P,7,-0.198928,2.114169,1.098741
Mn_num,E2,E2_Min3_Field_Plus_Depth,ElasticNet,LOG1P,8,-0.080215,0.797334,0.559825
Mn_num,E2,E2_Min3_Field_Plus_Depth,ElasticNet,LOG1P,9,-1.731808,0.423326,0.341275
Mn_num,E2,E2_Min3_Field_Plus_Depth,ElasticNet,LOG1P,10,0.068289,0.853901,0.664609
Mn_num,E2,E2_Min3_Field_Plus_Depth,ElasticNet,LOG1P,11,-0.121391,2.059793,0.992047
Mn_num,E2,E2_Min3_Field_Plus_Depth,ElasticNet,LOG1P,12,-1.072173,0.383937,0.336919
Mn_num,E2,E2_Min3_Field_Plus_Depth,ElasticNet,LOG1P,13,0.080078,0.684728,0.51917
Mn_num,E2,E2_Min3_Field_Plus_Depth,ElasticNet,LOG1P,14,-0.060003,0.95922,0.729201
Mn_num,E2,E2_Min3_Field_Plus_Depth,ElasticNet,LOG1P,15,-0.072482,0.655693,0.493018
Mn_num,E2,E2_Min3_Field_Plus_Depth,ElasticNet,LOG1P,16,-1.022806,0.355886,0.311279
Mn_num,E2,E2_Min3_Field_Plus_Depth,ElasticNet,LOG1P,17,-0.335192,0.734807,0.595559
Mn_num,E2,E2_Min3_Field_Plus_Depth,ElasticNet,LOG1P,18,-0.29422,2.222655,1.280971
Mn_num,E2,E2_Min3_Field_Plus_Depth,ElasticNet,LOG1P,19,0.03149,0.689422,0.526021
Mn_num,E2,E2_Min3_Field_Plus_Depth,ElasticNet,LOG1P,20,-0.231506,0.493206,0.427754
Mn_num,E2,E2_Min3_Field_Plus_Depth,ElasticNet,LOG1P,21,0.064623,0.559389,0.423451
Mn_num,E2,E2_Min3_Field_Plus_Depth,ElasticNet,LOG1P,22,-0.162919,2.13895,1.133639
Mn_num,E2,E2_Min3_Field_Plus_Depth,ElasticNet,LOG1P,23,-0.006303,0.72498,0.490198
Mn_num,E2,E2_Min3_Field_Plus_Depth,ElasticNet,LOG1P,24,-1.711924,0.437352,0.414325
Mn_num,E2,E2_Min3_Field_Plus_Depth,ElasticNet,LOG1P,25,-0.075139,0.81242,0.712188
Mn_num,E3,E3_Min4_Field_Depth_LogSalinity,SVR_RBF,RAW,1,-0.195393,0.74095,0.575609
Mn_num,E3,E3_Min4_Field_Depth_LogSalinity,SVR_RBF,RAW,2,-0.252389,2.197074,1.0778
Mn_num,E3,E3_Min4_Field_Depth_LogSalinity,SVR_RBF,RAW,3,0.353577,0.309479,0.262991
Mn_num,E3,E3_Min4_Field_Depth_LogSalinity,SVR_RBF,RAW,4,-8.602983,0.772192,0.671139
Mn_num,E3,E3_Min4_Field_Depth_LogSalinity,SVR_RBF,RAW,5,-1.207063,1.108555,0.879655
Mn_num,E3,E3_Min4_Field_Depth_LogSalinity,SVR_RBF,RAW,6,-0.369198,0.603229,0.402853
Mn_num,E3,E3_Min4_Field_Depth_LogSalinity,SVR_RBF,RAW,7,-0.229551,2.140999,1.20858
Mn_num,E3,E3_Min4_Field_Depth_LogSalinity,SVR_RBF,RAW,8,-0.260093,0.861166,0.606607
Mn_num,E3,E3_Min4_Field_Depth_LogSalinity,SVR_RBF,RAW,9,-0.42638,0.305892,0.244223
Mn_num,E3,E3_Min4_Field_Depth_LogSalinity,SVR_RBF,RAW,10,-0.130117,0.940435,0.556927
Mn_num,E3,E3_Min4_Field_Depth_LogSalinity,SVR_RBF,RAW,11,-0.141949,2.078588,1.034419
Mn_num,E3,E3_Min4_Field_Depth_LogSalinity,SVR_RBF,RAW,12,-1.133945,0.389618,0.353239
Mn_num,E3,E3_Min4_Field_Depth_LogSalinity,SVR_RBF,RAW,13,-0.086707,0.744216,0.514167
Mn_num,E3,E3_Min4_Field_Depth_LogSalinity,SVR_RBF,RAW,14,-0.220644,1.029341,0.729565
Mn_num,E3,E3_Min4_Field_Depth_LogSalinity,SVR_RBF,RAW,15,-0.254429,0.709134,0.495697
Mn_num,E3,E3_Min4_Field_Depth_LogSalinity,SVR_RBF,RAW,16,0.200206,0.223781,0.191939
Mn_num,E3,E3_Min4_Field_Depth_LogSalinity,SVR_RBF,RAW,17,-0.820547,0.85803,0.681196
Mn_num,E3,E3_Min4_Field_Depth_LogSalinity,SVR_RBF,RAW,18,-0.292392,2.221084,1.250639
Mn_num,E3,E3_Min4_Field_Depth_LogSalinity,SVR_RBF,RAW,19,-0.360511,0.817117,0.465496
Mn_num,E3,E3_Min4_Field_Depth_LogSalinity,SVR_RBF,RAW,20,-0.341042,0.514673,0.356125
Mn_num,E3,E3_Min4_Field_Depth_LogSalinity,SVR_RBF,RAW,21,0.103003,0.547793,0.342738
Mn_num,E3,E3_Min4_Field_Depth_LogSalinity,SVR_RBF,RAW,22,-0.244037,2.212293,1.184739
Mn_num,E3,E3_Min4_Field_Depth_LogSalinity,SVR_RBF,RAW,23,-0.628484,0.922261,0.63395
Mn_num,E3,E3_Min4_Field_Depth_LogSalinity,SVR_RBF,RAW,24,-2.349621,0.486061,0.425639
Mn_num,E3,E3_Min4_Field_Depth_LogSalinity,SVR_RBF,RAW,25,-0.441815,0.940812,0.786552
Mn_num,E3,E3_Min4_Field_Depth_LogSalinity,SVR_RBF,LOG1P,1,-0.322383,0.779314,0.603599
Mn_num,E3,E3_Min4_Field_Depth_LogSalinity,SVR_RBF,LOG1P,2,-0.236791,2.183349,1.0702
Mn_num,E3,E3_Min4_Field_Depth_LogSalinity,SVR_RBF,LOG1P,3,0.381837,0.302639,0.252054
Mn_num,E3,E3_Min4_Field_Depth_LogSalinity,SVR_RBF,LOG1P,4,-11.902044,0.895059,0.754615
Mn_num,E3,E3_Min4_Field_Depth_LogSalinity,SVR_RBF,LOG1P,5,-1.229141,1.114086,0.904179
Mn_num,E3,E3_Min4_Field_Depth_LogSalinity,SVR_RBF,LOG1P,6,-0.451401,0.621073,0.398648
Mn_num,E3,E3_Min4_Field_Depth_LogSalinity,SVR_RBF,LOG1P,7,-0.328721,2.225667,1.371524
Mn_num,E3,E3_Min4_Field_Depth_LogSalinity,SVR_RBF,LOG1P,8,-0.188283,0.836268,0.598047
Mn_num,E3,E3_Min4_Field_Depth_LogSalinity,SVR_RBF,LOG1P,9,-0.806533,0.344249,0.271186
Mn_num,E3,E3_Min4_Field_Depth_LogSalinity,SVR_RBF,LOG1P,10,-0.073777,0.916693,0.551631
Mn_num,E3,E3_Min4_Field_Depth_LogSalinity,SVR_RBF,LOG1P,11,-0.143825,2.080295,1.045425
Mn_num,E3,E3_Min4_Field_Depth_LogSalinity,SVR_RBF,LOG1P,12,-1.691833,0.437594,0.391594
Mn_num,E3,E3_Min4_Field_Depth_LogSalinity,SVR_RBF,LOG1P,13,-0.081028,0.742269,0.519103
Mn_num,E3,E3_Min4_Field_Depth_LogSalinity,SVR_RBF,LOG1P,14,-0.235533,1.0356,0.759137
Mn_num,E3,E3_Min4_Field_Depth_LogSalinity,SVR_RBF,LOG1P,15,-0.290019,0.719124,0.501096
Mn_num,E3,E3_Min4_Field_Depth_LogSalinity,SVR_RBF,LOG1P,16,-0.56775,0.313308,0.260509
Mn_num,E3,E3_Min4_Field_Depth_LogSalinity,SVR_RBF,LOG1P,17,-0.819304,0.857737,0.672243
Mn_num,E3,E3_Min4_Field_Depth_LogSalinity,SVR_RBF,LOG1P,18,-0.297408,2.225391,1.254048
Mn_num,E3,E3_Min4_Field_Depth_LogSalinity,SVR_RBF,LOG1P,19,-0.332677,0.808715,0.475433
Mn_num,E3,E3_Min4_Field_Depth_LogSalinity,SVR_RBF,LOG1P,20,-0.433993,0.532211,0.380373
Mn_num,E3,E3_Min4_Field_Depth_LogSalinity,SVR_RBF,LOG1P,21,0.017632,0.573268,0.357501
Mn_num,E3,E3_Min4_Field_Depth_LogSalinity,SVR_RBF,LOG1P,22,-0.240709,2.209331,1.187188
Mn_num,E3,E3_Min4_Field_Depth_LogSalinity,SVR_RBF,LOG1P,23,-0.68883,0.939193,0.679612
Mn_num,E3,E3_Min4_Field_Depth_LogSalinity,SVR_RBF,LOG1P,24,-2.936439,0.52692,0.458628
Mn_num,E3,E3_Min4_Field_Depth_LogSalinity,SVR_RBF,LOG1P,25,-0.619878,0.997216,0.848443
Mn_num,E3,E3_Min4_Field_Depth_LogSalinity,PLS,RAW,1,-1.319179,1.03205,0.933204
Mn_num,E3,E3_Min4_Field_Depth_LogSalinity,PLS,RAW,2,-0.192987,2.144336,1.162787
Mn_num,E3,E3_Min4_Field_Depth_LogSalinity,PLS,RAW,3,-0.71342,0.503854,0.473259
Mn_num,E3,E3_Min4_Field_Depth_LogSalinity,PLS,RAW,4,-5.645282,0.642361,0.629119
Mn_num,E3,E3_Min4_Field_Depth_LogSalinity,PLS,RAW,5,-0.574504,0.936315,0.712883
Mn_num,E3,E3_Min4_Field_Depth_LogSalinity,PLS,RAW,6,-1.793138,0.861579,0.67883
Mn_num,E3,E3_Min4_Field_Depth_LogSalinity,PLS,RAW,7,-0.208873,2.12292,1.157342
Mn_num,E3,E3_Min4_Field_Depth_LogSalinity,PLS,RAW,8,0.076712,0.737147,0.604161
Mn_num,E3,E3_Min4_Field_Depth_LogSalinity,PLS,RAW,9,-6.352819,0.694507,0.566982
Mn_num,E3,E3_Min4_Field_Depth_LogSalinity,PLS,RAW,10,0.130676,0.824817,0.742482
Mn_num,E3,E3_Min4_Field_Depth_LogSalinity,PLS,RAW,11,-0.106371,2.045953,0.990576
Mn_num,E3,E3_Min4_Field_Depth_LogSalinity,PLS,RAW,12,-3.430259,0.561386,0.515729
Mn_num,E3,E3_Min4_Field_Depth_LogSalinity,PLS,RAW,13,-0.793038,0.955955,0.764185
Mn_num,E3,E3_Min4_Field_Depth_LogSalinity,PLS,RAW,14,-0.054818,0.956871,0.85543
Mn_num,E3,E3_Min4_Field_Depth_LogSalinity,PLS,RAW,15,0.12734,0.591464,0.488677
Mn_num,E3,E3_Min4_Field_Depth_LogSalinity,PLS,RAW,16,-3.963806,0.557495,0.502258
Mn_num,E3,E3_Min4_Field_Depth_LogSalinity,PLS,RAW,17,-0.145939,0.680742,0.580625
Mn_num,E3,E3_Min4_Field_Depth_LogSalinity,PLS,RAW,18,-0.247384,2.182067,1.223731
Mn_num,E3,E3_Min4_Field_Depth_LogSalinity,PLS,RAW,19,-0.198895,0.76705,0.692477
Mn_num,E3,E3_Min4_Field_Depth_LogSalinity,PLS,RAW,20,-1.541343,0.708503,0.580583
Mn_num,E3,E3_Min4_Field_Depth_LogSalinity,PLS,RAW,21,0.01688,0.573488,0.490191
Mn_num,E3,E3_Min4_Field_Depth_LogSalinity,PLS,RAW,22,-0.152894,2.12971,1.197547
Mn_num,E3,E3_Min4_Field_Depth_LogSalinity,PLS,RAW,23,0.203427,0.645022,0.522986
Mn_num,E3,E3_Min4_Field_Depth_LogSalinity,PLS,RAW,24,-11.582936,0.942071,0.783913
Mn_num,E3,E3_Min4_Field_Depth_LogSalinity,PLS,RAW,25,-0.23868,0.872023,0.80979
Mn_num,E3,E3_Min4_Field_Depth_LogSalinity,PLS,LOG1P,1,-0.488973,0.826946,0.71871
Mn_num,E3,E3_Min4_Field_Depth_LogSalinity,PLS,LOG1P,2,-0.211274,2.160709,1.146349
Mn_num,E3,E3_Min4_Field_Depth_LogSalinity,PLS,LOG1P,3,0.043034,0.376549,0.329226
Mn_num,E3,E3_Min4_Field_Depth_LogSalinity,PLS,LOG1P,4,-3.179376,0.509422,0.476055
Mn_num,E3,E3_Min4_Field_Depth_LogSalinity,PLS,LOG1P,5,-0.850426,1.015046,0.786349
Mn_num,E3,E3_Min4_Field_Depth_LogSalinity,PLS,LOG1P,6,-1.143586,0.754778,0.599331
Mn_num,E3,E3_Min4_Field_Depth_LogSalinity,PLS,LOG1P,7,-0.21934,2.13209,1.109193
Mn_num,E3,E3_Min4_Field_Depth_LogSalinity,PLS,LOG1P,8,0.072066,0.738999,0.547021
Mn_num,E3,E3_Min4_Field_Depth_LogSalinity,PLS,LOG1P,9,-2.644705,0.488969,0.380599
Mn_num,E3,E3_Min4_Field_Depth_LogSalinity,PLS,LOG1P,10,0.180788,0.800691,0.606674
Mn_num,E3,E3_Min4_Field_Depth_LogSalinity,PLS,LOG1P,11,-0.134875,2.072141,0.955226
Mn_num,E3,E3_Min4_Field_Depth_LogSalinity,PLS,LOG1P,12,-1.504674,0.422107,0.362173
Mn_num,E3,E3_Min4_Field_Depth_LogSalinity,PLS,LOG1P,13,-0.217694,0.787793,0.602922
Mn_num,E3,E3_Min4_Field_Depth_LogSalinity,PLS,LOG1P,14,0.00467,0.929498,0.718172
Mn_num,E3,E3_Min4_Field_Depth_LogSalinity,PLS,LOG1P,15,-0.049321,0.648574,0.484495
Mn_num,E3,E3_Min4_Field_Depth_LogSalinity,PLS,LOG1P,16,-1.293648,0.378963,0.308414
Mn_num,E3,E3_Min4_Field_Depth_LogSalinity,PLS,LOG1P,17,-0.315867,0.72947,0.587262
Mn_num,E3,E3_Min4_Field_Depth_LogSalinity,PLS,LOG1P,18,-0.295734,2.223954,1.227313
Mn_num,E3,E3_Min4_Field_Depth_LogSalinity,PLS,LOG1P,19,0.067102,0.676628,0.524157
Mn_num,E3,E3_Min4_Field_Depth_LogSalinity,PLS,LOG1P,20,-0.582653,0.559118,0.475254
Mn_num,E3,E3_Min4_Field_Depth_LogSalinity,PLS,LOG1P,21,0.170122,0.5269,0.372471
Mn_num,E3,E3_Min4_Field_Depth_LogSalinity,PLS,LOG1P,22,-0.183016,2.157353,1.175265
Mn_num,E3,E3_Min4_Field_Depth_LogSalinity,PLS,LOG1P,23,0.036641,0.709343,0.461898
Mn_num,E3,E3_Min4_Field_Depth_LogSalinity,PLS,LOG1P,24,-5.692218,0.687033,0.595761
Mn_num,E3,E3_Min4_Field_Depth_LogSalinity,PLS,LOG1P,25,-0.110497,0.825671,0.725096
Mn_num,E3,E3_Min4_Field_Depth_LogSalinity,Lasso,RAW,1,-0.594567,0.855766,0.827317
Mn_num,E3,E3_Min4_Field_Depth_LogSalinity,Lasso,RAW,2,-0.161098,2.115483,1.145595
Mn_num,E3,E3_Min4_Field_Depth_LogSalinity,Lasso,RAW,3,-1.514944,0.610431,0.572054
Mn_num,E3,E3_Min4_Field_Depth_LogSalinity,Lasso,RAW,4,-5.253429,0.623134,0.617891
Mn_num,E3,E3_Min4_Field_Depth_LogSalinity,Lasso,RAW,5,-0.617929,0.949139,0.689006
Mn_num,E3,E3_Min4_Field_Depth_LogSalinity,Lasso,RAW,6,-0.52662,0.636963,0.573829
Mn_num,E3,E3_Min4_Field_Depth_LogSalinity,Lasso,RAW,7,-0.177115,2.094849,1.156802
Mn_num,E3,E3_Min4_Field_Depth_LogSalinity,Lasso,RAW,8,-0.043893,0.783815,0.612431
Mn_num,E3,E3_Min4_Field_Depth_LogSalinity,Lasso,RAW,9,-5.478409,0.651905,0.579604
Mn_num,E3,E3_Min4_Field_Depth_LogSalinity,Lasso,RAW,10,0.007846,0.881163,0.796993
Mn_num,E3,E3_Min4_Field_Depth_LogSalinity,Lasso,RAW,11,-0.09075,2.031458,1.026989
Mn_num,E3,E3_Min4_Field_Depth_LogSalinity,Lasso,RAW,12,-3.531228,0.567747,0.518042
Mn_num,E3,E3_Min4_Field_Depth_LogSalinity,Lasso,RAW,13,-0.053088,0.732614,0.636631
Mn_num,E3,E3_Min4_Field_Depth_LogSalinity,Lasso,RAW,14,-0.081658,0.968968,0.833784
Mn_num,E3,E3_Min4_Field_Depth_LogSalinity,Lasso,RAW,15,0.046062,0.618395,0.514146
Mn_num,E3,E3_Min4_Field_Depth_LogSalinity,Lasso,RAW,16,-4.019793,0.56063,0.52002
Mn_num,E3,E3_Min4_Field_Depth_LogSalinity,Lasso,RAW,17,-0.076401,0.659764,0.57224
Mn_num,E3,E3_Min4_Field_Depth_LogSalinity,Lasso,RAW,18,-0.250162,2.184495,1.278748
Mn_num,E3,E3_Min4_Field_Depth_LogSalinity,Lasso,RAW,19,-0.191175,0.764576,0.686966
Mn_num,E3,E3_Min4_Field_Depth_LogSalinity,Lasso,RAW,20,-0.715448,0.582102,0.555692
Mn_num,E3,E3_Min4_Field_Depth_LogSalinity,Lasso,RAW,21,-0.250908,0.646895,0.581281
Mn_num,E3,E3_Min4_Field_Depth_LogSalinity,Lasso,RAW,22,-0.135624,2.1137,1.171505
Mn_num,E3,E3_Min4_Field_Depth_LogSalinity,Lasso,RAW,23,0.048058,0.705127,0.571405
Mn_num,E3,E3_Min4_Field_Depth_LogSalinity,Lasso,RAW,24,-5.124579,0.65725,0.616876
Mn_num,E3,E3_Min4_Field_Depth_LogSalinity,Lasso,RAW,25,-0.110323,0.825606,0.776704
Mn_num,E3,E3_Min4_Field_Depth_LogSalinity,Lasso,LOG1P,1,0.047153,0.661523,0.560312
Mn_num,E3,E3_Min4_Field_Depth_LogSalinity,Lasso,LOG1P,2,-0.176439,2.129412,1.11913
Mn_num,E3,E3_Min4_Field_Depth_LogSalinity,Lasso,LOG1P,3,-0.446277,0.462912,0.41899
Mn_num,E3,E3_Min4_Field_Depth_LogSalinity,Lasso,LOG1P,4,-1.441633,0.38937,0.364225
Mn_num,E3,E3_Min4_Field_Depth_LogSalinity,Lasso,LOG1P,5,-1.013484,1.058825,0.779999
Mn_num,E3,E3_Min4_Field_Depth_LogSalinity,Lasso,LOG1P,6,-0.118656,0.545252,0.424155
Mn_num,E3,E3_Min4_Field_Depth_LogSalinity,Lasso,LOG1P,7,-0.178711,2.096268,1.054051
Mn_num,E3,E3_Min4_Field_Depth_LogSalinity,Lasso,LOG1P,8,-0.204312,0.841889,0.580722
Mn_num,E3,E3_Min4_Field_Depth_LogSalinity,Lasso,LOG1P,9,-1.751371,0.424839,0.352287
Mn_num,E3,E3_Min4_Field_Depth_LogSalinity,Lasso,LOG1P,10,-0.013252,0.890483,0.706644
Mn_num,E3,E3_Min4_Field_Depth_LogSalinity,Lasso,LOG1P,11,-0.107772,2.047248,1.004724
Mn_num,E3,E3_Min4_Field_Depth_LogSalinity,Lasso,LOG1P,12,-0.978518,0.37516,0.294008
Mn_num,E3,E3_Min4_Field_Depth_LogSalinity,Lasso,LOG1P,13,0.013086,0.709222,0.533212
Mn_num,E3,E3_Min4_Field_Depth_LogSalinity,Lasso,LOG1P,14,-0.130529,0.990616,0.750505
Mn_num,E3,E3_Min4_Field_Depth_LogSalinity,Lasso,LOG1P,15,-0.028225,0.642022,0.476109
Mn_num,E3,E3_Min4_Field_Depth_LogSalinity,Lasso,LOG1P,16,-1.122209,0.364525,0.29665
Mn_num,E3,E3_Min4_Field_Depth_LogSalinity,Lasso,LOG1P,17,-0.387016,0.748932,0.627876
Mn_num,E3,E3_Min4_Field_Depth_LogSalinity,Lasso,LOG1P,18,-0.300255,2.22783,1.308638
Mn_num,E3,E3_Min4_Field_Depth_LogSalinity,Lasso,LOG1P,19,-0.004353,0.702063,0.536767
Mn_num,E3,E3_Min4_Field_Depth_LogSalinity,Lasso,LOG1P,20,-0.11154,0.468568,0.386511
Mn_num,E3,E3_Min4_Field_Depth_LogSalinity,Lasso,LOG1P,21,0.019039,0.572858,0.44923
Mn_num,E3,E3_Min4_Field_Depth_LogSalinity,Lasso,LOG1P,22,-0.162734,2.13878,1.144992
Mn_num,E3,E3_Min4_Field_Depth_LogSalinity,Lasso,LOG1P,23,-0.028088,0.732786,0.525191
Mn_num,E3,E3_Min4_Field_Depth_LogSalinity,Lasso,LOG1P,24,-0.752433,0.351571,0.312999
Mn_num,E3,E3_Min4_Field_Depth_LogSalinity,Lasso,LOG1P,25,-0.146386,0.838907,0.73625
Mn_num,E3,E3_Min4_Field_Depth_LogSalinity,Ridge,RAW,1,-1.217574,1.00919,0.91795
Mn_num,E3,E3_Min4_Field_Depth_LogSalinity,Ridge,RAW,2,-0.202388,2.152769,1.175586
Mn_num,E3,E3_Min4_Field_Depth_LogSalinity,Ridge,RAW,3,-0.960855,0.539008,0.500626
Mn_num,E3,E3_Min4_Field_Depth_LogSalinity,Ridge,RAW,4,-6.016133,0.660041,0.64553
Mn_num,E3,E3_Min4_Field_Depth_LogSalinity,Ridge,RAW,5,-0.611501,0.947252,0.74198
Mn_num,E3,E3_Min4_Field_Depth_LogSalinity,Ridge,RAW,6,-1.61627,0.833854,0.66853
Mn_num,E3,E3_Min4_Field_Depth_LogSalinity,Ridge,RAW,7,-0.220942,2.133491,1.198302
Mn_num,E3,E3_Min4_Field_Depth_LogSalinity,Ridge,RAW,8,0.063425,0.742432,0.605049
Mn_num,E3,E3_Min4_Field_Depth_LogSalinity,Ridge,RAW,9,-6.443659,0.698784,0.587427
Mn_num,E3,E3_Min4_Field_Depth_LogSalinity,Ridge,RAW,10,0.1327,0.823857,0.743714
Mn_num,E3,E3_Min4_Field_Depth_LogSalinity,Ridge,RAW,11,-0.108102,2.047552,0.993706
Mn_num,E3,E3_Min4_Field_Depth_LogSalinity,Ridge,RAW,12,-3.445807,0.56237,0.514915
Mn_num,E3,E3_Min4_Field_Depth_LogSalinity,Ridge,RAW,13,-0.763556,0.948063,0.749289
Mn_num,E3,E3_Min4_Field_Depth_LogSalinity,Ridge,RAW,14,-0.050669,0.954987,0.858832
Mn_num,E3,E3_Min4_Field_Depth_LogSalinity,Ridge,RAW,15,0.130433,0.590415,0.491639
Mn_num,E3,E3_Min4_Field_Depth_LogSalinity,Ridge,RAW,16,-4.068797,0.56336,0.50533
Mn_num,E3,E3_Min4_Field_Depth_LogSalinity,Ridge,RAW,17,-0.145072,0.680484,0.584621
Mn_num,E3,E3_Min4_Field_Depth_LogSalinity,Ridge,RAW,18,-0.26176,2.194605,1.263956
Mn_num,E3,E3_Min4_Field_Depth_LogSalinity,Ridge,RAW,19,-0.191134,0.764563,0.692775
Mn_num,E3,E3_Min4_Field_Depth_LogSalinity,Ridge,RAW,20,-1.452817,0.696054,0.578649
Mn_num,E3,E3_Min4_Field_Depth_LogSalinity,Ridge,RAW,21,0.036131,0.567845,0.488766
Mn_num,E3,E3_Min4_Field_Depth_LogSalinity,Ridge,RAW,22,-0.153196,2.129989,1.200671
Mn_num,E3,E3_Min4_Field_Depth_LogSalinity,Ridge,RAW,23,0.17528,0.656319,0.533232
Mn_num,E3,E3_Min4_Field_Depth_LogSalinity,Ridge,RAW,24,-11.82397,0.951051,0.79191
Mn_num,E3,E3_Min4_Field_Depth_LogSalinity,Ridge,RAW,25,-0.26576,0.881503,0.825911
Mn_num,E3,E3_Min4_Field_Depth_LogSalinity,Ridge,LOG1P,1,-0.470933,0.821921,0.716783
Mn_num,E3,E3_Min4_Field_Depth_LogSalinity,Ridge,LOG1P,2,-0.219851,2.168345,1.16508
Mn_num,E3,E3_Min4_Field_Depth_LogSalinity,Ridge,LOG1P,3,-0.056195,0.39559,0.341586
Mn_num,E3,E3_Min4_Field_Depth_LogSalinity,Ridge,LOG1P,4,-3.630441,0.536208,0.501908
Mn_num,E3,E3_Min4_Field_Depth_LogSalinity,Ridge,LOG1P,5,-0.872299,1.021028,0.791573
Mn_num,E3,E3_Min4_Field_Depth_LogSalinity,Ridge,LOG1P,6,-1.171019,0.759592,0.60384
Mn_num,E3,E3_Min4_Field_Depth_LogSalinity,Ridge,LOG1P,7,-0.232954,2.143959,1.159873
Mn_num,E3,E3_Min4_Field_Depth_LogSalinity,Ridge,LOG1P,8,0.064483,0.742012,0.546657
Mn_num,E3,E3_Min4_Field_Depth_LogSalinity,Ridge,LOG1P,9,-2.753256,0.496197,0.393566
Mn_num,E3,E3_Min4_Field_Depth_LogSalinity,Ridge,LOG1P,10,0.180686,0.800741,0.609652
Mn_num,E3,E3_Min4_Field_Depth_LogSalinity,Ridge,LOG1P,11,-0.135536,2.072744,0.957909
Mn_num,E3,E3_Min4_Field_Depth_LogSalinity,Ridge,LOG1P,12,-1.474501,0.419557,0.357832
Mn_num,E3,E3_Min4_Field_Depth_LogSalinity,Ridge,LOG1P,13,-0.357963,0.83193,0.635208
Mn_num,E3,E3_Min4_Field_Depth_LogSalinity,Ridge,LOG1P,14,0.013103,0.925551,0.726592
Mn_num,E3,E3_Min4_Field_Depth_LogSalinity,Ridge,LOG1P,15,-0.049521,0.648636,0.484159
Mn_num,E3,E3_Min4_Field_Depth_LogSalinity,Ridge,LOG1P,16,-1.240971,0.374586,0.306476
Mn_num,E3,E3_Min4_Field_Depth_LogSalinity,Ridge,LOG1P,17,-0.319814,0.730564,0.590337
Mn_num,E3,E3_Min4_Field_Depth_LogSalinity,Ridge,LOG1P,18,-0.304411,2.231389,1.254799
Mn_num,E3,E3_Min4_Field_Depth_LogSalinity,Ridge,LOG1P,19,0.064055,0.677732,0.525678
Mn_num,E3,E3_Min4_Field_Depth_LogSalinity,Ridge,LOG1P,20,-0.65182,0.571204,0.481707
Mn_num,E3,E3_Min4_Field_Depth_LogSalinity,Ridge,LOG1P,21,0.174786,0.525417,0.372767
Mn_num,E3,E3_Min4_Field_Depth_LogSalinity,Ridge,LOG1P,22,-0.182581,2.156957,1.176315
Mn_num,E3,E3_Min4_Field_Depth_LogSalinity,Ridge,LOG1P,23,-0.017909,0.729149,0.487302
Mn_num,E3,E3_Min4_Field_Depth_LogSalinity,Ridge,LOG1P,24,-6.834505,0.743359,0.634939
Mn_num,E3,E3_Min4_Field_Depth_LogSalinity,Ridge,LOG1P,25,-0.127253,0.831877,0.737063
Mn_num,E3,E3_Min4_Field_Depth_LogSalinity,ElasticNet,RAW,1,-0.817511,0.913634,0.864425
Mn_num,E3,E3_Min4_Field_Depth_LogSalinity,ElasticNet,RAW,2,-0.170152,2.123714,1.146861
Mn_num,E3,E3_Min4_Field_Depth_LogSalinity,ElasticNet,RAW,3,-1.325006,0.586928,0.543753
Mn_num,E3,E3_Min4_Field_Depth_LogSalinity,ElasticNet,RAW,4,-5.412194,0.630994,0.627352
Mn_num,E3,E3_Min4_Field_Depth_LogSalinity,ElasticNet,RAW,5,-0.592825,0.941747,0.703516
Mn_num,E3,E3_Min4_Field_Depth_LogSalinity,ElasticNet,RAW,6,-0.900085,0.710617,0.614372
Mn_num,E3,E3_Min4_Field_Depth_LogSalinity,ElasticNet,RAW,7,-0.191439,2.107556,1.165612
Mn_num,E3,E3_Min4_Field_Depth_LogSalinity,ElasticNet,RAW,8,0.013537,0.761949,0.609029
Mn_num,E3,E3_Min4_Field_Depth_LogSalinity,ElasticNet,RAW,9,-5.836965,0.669702,0.576368
Mn_num,E3,E3_Min4_Field_Depth_LogSalinity,ElasticNet,RAW,10,0.059334,0.857995,0.780489
Mn_num,E3,E3_Min4_Field_Depth_LogSalinity,ElasticNet,RAW,11,-0.101152,2.041121,1.015071
Mn_num,E3,E3_Min4_Field_Depth_LogSalinity,ElasticNet,RAW,12,-3.570617,0.570209,0.522505
Mn_num,E3,E3_Min4_Field_Depth_LogSalinity,ElasticNet,RAW,13,-0.285723,0.809499,0.677554
Mn_num,E3,E3_Min4_Field_Depth_LogSalinity,ElasticNet,RAW,14,-0.057099,0.957905,0.835293
Mn_num,E3,E3_Min4_Field_Depth_LogSalinity,ElasticNet,RAW,15,0.082641,0.606423,0.505687
Mn_num,E3,E3_Min4_Field_Depth_LogSalinity,ElasticNet,RAW,16,-3.942727,0.55631,0.516633
Mn_num,E3,E3_Min4_Field_Depth_LogSalinity,ElasticNet,RAW,17,-0.106968,0.669066,0.573657
Mn_num,E3,E3_Min4_Field_Depth_LogSalinity,ElasticNet,RAW,18,-0.249516,2.183931,1.253815
Mn_num,E3,E3_Min4_Field_Depth_LogSalinity,ElasticNet,RAW,19,-0.183654,0.762159,0.689659
Mn_num,E3,E3_Min4_Field_Depth_LogSalinity,ElasticNet,RAW,20,-0.939526,0.618953,0.573009
Mn_num,E3,E3_Min4_Field_Depth_LogSalinity,ElasticNet,RAW,21,-0.168717,0.625281,0.541549
Mn_num,E3,E3_Min4_Field_Depth_LogSalinity,ElasticNet,RAW,22,-0.139019,2.116856,1.177061
Mn_num,E3,E3_Min4_Field_Depth_LogSalinity,ElasticNet,RAW,23,0.073017,0.695821,0.564723
Mn_num,E3,E3_Min4_Field_Depth_LogSalinity,ElasticNet,RAW,24,-7.499309,0.774256,0.691481
Mn_num,E3,E3_Min4_Field_Depth_LogSalinity,ElasticNet,RAW,25,-0.143231,0.837752,0.788379
Mn_num,E3,E3_Min4_Field_Depth_LogSalinity,ElasticNet,LOG1P,1,0.046061,0.661902,0.590054
Mn_num,E3,E3_Min4_Field_Depth_LogSalinity,ElasticNet,LOG1P,2,-0.191276,2.142797,1.118082
Mn_num,E3,E3_Min4_Field_Depth_LogSalinity,ElasticNet,LOG1P,3,-0.23414,0.427617,0.380216
Mn_num,E3,E3_Min4_Field_Depth_LogSalinity,ElasticNet,LOG1P,4,-1.954353,0.428305,0.424831
Mn_num,E3,E3_Min4_Field_Depth_LogSalinity,ElasticNet,LOG1P,5,-0.91945,1.033805,0.783044
Mn_num,E3,E3_Min4_Field_Depth_LogSalinity,ElasticNet,LOG1P,6,-0.264134,0.579623,0.468995
Mn_num,E3,E3_Min4_Field_Depth_LogSalinity,ElasticNet,LOG1P,7,-0.198589,2.113871,1.095704
Mn_num,E3,E3_Min4_Field_Depth_LogSalinity,ElasticNet,LOG1P,8,-0.05576,0.788257,0.555927
Mn_num,E3,E3_Min4_Field_Depth_LogSalinity,ElasticNet,LOG1P,9,-1.870679,0.433952,0.359347
Mn_num,E3,E3_Min4_Field_Depth_LogSalinity,ElasticNet,LOG1P,10,0.086123,0.845689,0.660267
Mn_num,E3,E3_Min4_Field_Depth_LogSalinity,ElasticNet,LOG1P,11,-0.121702,2.06008,0.98411
Mn_num,E3,E3_Min4_Field_Depth_LogSalinity,ElasticNet,LOG1P,12,-1.135328,0.389744,0.332779
Mn_num,E3,E3_Min4_Field_Depth_LogSalinity,ElasticNet,LOG1P,13,0.088786,0.68148,0.518722
Mn_num,E3,E3_Min4_Field_Depth_LogSalinity,ElasticNet,LOG1P,14,-0.040668,0.950431,0.72018
Mn_num,E3,E3_Min4_Field_Depth_LogSalinity,ElasticNet,LOG1P,15,-0.050786,0.649027,0.486522
Mn_num,E3,E3_Min4_Field_Depth_LogSalinity,ElasticNet,LOG1P,16,-1.045769,0.3579,0.303372
Mn_num,E3,E3_Min4_Field_Depth_LogSalinity,ElasticNet,LOG1P,17,-0.303068,0.725914,0.595595
Mn_num,E3,E3_Min4_Field_Depth_LogSalinity,ElasticNet,LOG1P,18,-0.297758,2.225691,1.270031
Mn_num,E3,E3_Min4_Field_Depth_LogSalinity,ElasticNet,LOG1P,19,0.051088,0.682411,0.523961
Mn_num,E3,E3_Min4_Field_Depth_LogSalinity,ElasticNet,LOG1P,20,-0.223879,0.491677,0.421794
Mn_num,E3,E3_Min4_Field_Depth_LogSalinity,ElasticNet,LOG1P,21,0.099374,0.5489,0.419456
Mn_num,E3,E3_Min4_Field_Depth_LogSalinity,ElasticNet,LOG1P,22,-0.169468,2.144965,1.146429
Mn_num,E3,E3_Min4_Field_Depth_LogSalinity,ElasticNet,LOG1P,23,-0.004196,0.724221,0.488966
Mn_num,E3,E3_Min4_Field_Depth_LogSalinity,ElasticNet,LOG1P,24,-1.583232,0.426849,0.404139
Mn_num,E3,E3_Min4_Field_Depth_LogSalinity,ElasticNet,LOG1P,25,-0.045996,0.801334,0.704223
Mn_num,E4,E4_Min5_Field_Depth_Interactions,SVR_RBF,RAW,1,0.001945,0.677035,0.525445
Mn_num,E4,E4_Min5_Field_Depth_Interactions,SVR_RBF,RAW,2,-0.235227,2.181968,1.096508
Mn_num,E4,E4_Min5_Field_Depth_Interactions,SVR_RBF,RAW,3,0.35857,0.308281,0.251798
Mn_num,E4,E4_Min5_Field_Depth_Interactions,SVR_RBF,RAW,4,-4.960332,0.608355,0.555833
Mn_num,E4,E4_Min5_Field_Depth_Interactions,SVR_RBF,RAW,5,-1.240527,1.116928,0.880763
Mn_num,E4,E4_Min5_Field_Depth_Interactions,SVR_RBF,RAW,6,-0.326679,0.593789,0.391094
Mn_num,E4,E4_Min5_Field_Depth_Interactions,SVR_RBF,RAW,7,-0.212267,2.125897,1.168844
Mn_num,E4,E4_Min5_Field_Depth_Interactions,SVR_RBF,RAW,8,-0.344899,0.889673,0.622463
Mn_num,E4,E4_Min5_Field_Depth_Interactions,SVR_RBF,RAW,9,-0.349494,0.297533,0.24093
Mn_num,E4,E4_Min5_Field_Depth_Interactions,SVR_RBF,RAW,10,-0.064837,0.912869,0.590446
Mn_num,E4,E4_Min5_Field_Depth_Interactions,SVR_RBF,RAW,11,-0.15803,2.093173,1.026175
Mn_num,E4,E4_Min5_Field_Depth_Interactions,SVR_RBF,RAW,12,-0.821723,0.359988,0.292911
Mn_num,E4,E4_Min5_Field_Depth_Interactions,SVR_RBF,RAW,13,0.031088,0.702724,0.48001
Mn_num,E4,E4_Min5_Field_Depth_Interactions,SVR_RBF,RAW,14,-0.328354,1.073796,0.726199
Mn_num,E4,E4_Min5_Field_Depth_Interactions,SVR_RBF,RAW,15,-0.210759,0.696682,0.510381
Mn_num,E4,E4_Min5_Field_Depth_Interactions,SVR_RBF,RAW,16,0.544214,0.168933,0.151357
Mn_num,E4,E4_Min5_Field_Depth_Interactions,SVR_RBF,RAW,17,-0.690022,0.8267,0.683492
Mn_num,E4,E4_Min5_Field_Depth_Interactions,SVR_RBF,RAW,18,-0.297782,2.225711,1.276468
Mn_num,E4,E4_Min5_Field_Depth_Interactions,SVR_RBF,RAW,19,-0.280299,0.792663,0.446444
Mn_num,E4,E4_Min5_Field_Depth_Interactions,SVR_RBF,RAW,20,-0.385456,0.523126,0.36031
Mn_num,E4,E4_Min5_Field_Depth_Interactions,SVR_RBF,RAW,21,0.20512,0.51567,0.36042
Mn_num,E4,E4_Min5_Field_Depth_Interactions,SVR_RBF,RAW,22,-0.242934,2.211312,1.169257
Mn_num,E4,E4_Min5_Field_Depth_Interactions,SVR_RBF,RAW,23,-0.571863,0.906086,0.593944
Mn_num,E4,E4_Min5_Field_Depth_Interactions,SVR_RBF,RAW,24,-1.139451,0.388458,0.352713
Mn_num,E4,E4_Min5_Field_Depth_Interactions,SVR_RBF,RAW,25,-0.29157,0.890445,0.712373
Mn_num,E4,E4_Min5_Field_Depth_Interactions,SVR_RBF,LOG1P,1,-0.147775,0.726042,0.570716
Mn_num,E4,E4_Min5_Field_Depth_Interactions,SVR_RBF,LOG1P,2,-0.230811,2.178064,1.105721
Mn_num,E4,E4_Min5_Field_Depth_Interactions,SVR_RBF,LOG1P,3,0.3047,0.320966,0.247066
Mn_num,E4,E4_Min5_Field_Depth_Interactions,SVR_RBF,LOG1P,4,-7.103795,0.70936,0.630192
Mn_num,E4,E4_Min5_Field_Depth_Interactions,SVR_RBF,LOG1P,5,-1.351111,1.14416,0.914472
Mn_num,E4,E4_Min5_Field_Depth_Interactions,SVR_RBF,LOG1P,6,-0.364602,0.602215,0.391224
Mn_num,E4,E4_Min5_Field_Depth_Interactions,SVR_RBF,LOG1P,7,-0.267111,2.173454,1.274942
Mn_num,E4,E4_Min5_Field_Depth_Interactions,SVR_RBF,LOG1P,8,-0.352402,0.892151,0.612081
Mn_num,E4,E4_Min5_Field_Depth_Interactions,SVR_RBF,LOG1P,9,-0.370954,0.299889,0.242048
Mn_num,E4,E4_Min5_Field_Depth_Interactions,SVR_RBF,LOG1P,10,-0.029649,0.897659,0.599875
Mn_num,E4,E4_Min5_Field_Depth_Interactions,SVR_RBF,LOG1P,11,-0.166387,2.100712,1.043169
Mn_num,E4,E4_Min5_Field_Depth_Interactions,SVR_RBF,LOG1P,12,-1.540301,0.425099,0.344879
Mn_num,E4,E4_Min5_Field_Depth_Interactions,SVR_RBF,LOG1P,13,-0.020141,0.721063,0.487402
Mn_num,E4,E4_Min5_Field_Depth_Interactions,SVR_RBF,LOG1P,14,-0.400646,1.102628,0.791115
Mn_num,E4,E4_Min5_Field_Depth_Interactions,SVR_RBF,LOG1P,15,-0.152013,0.67957,0.495323
Mn_num,E4,E4_Min5_Field_Depth_Interactions,SVR_RBF,LOG1P,16,-0.051624,0.256604,0.208919
Mn_num,E4,E4_Min5_Field_Depth_Interactions,SVR_RBF,LOG1P,17,-0.665014,0.82056,0.672194
Mn_num,E4,E4_Min5_Field_Depth_Interactions,SVR_RBF,LOG1P,18,-0.310527,2.236613,1.272728
Mn_num,E4,E4_Min5_Field_Depth_Interactions,SVR_RBF,LOG1P,19,-0.278083,0.791977,0.466763
Mn_num,E4,E4_Min5_Field_Depth_Interactions,SVR_RBF,LOG1P,20,-0.565929,0.556156,0.38973
Mn_num,E4,E4_Min5_Field_Depth_Interactions,SVR_RBF,LOG1P,21,0.195686,0.518721,0.371522
Mn_num,E4,E4_Min5_Field_Depth_Interactions,SVR_RBF,LOG1P,22,-0.258556,2.225165,1.175546
Mn_num,E4,E4_Min5_Field_Depth_Interactions,SVR_RBF,LOG1P,23,-0.621408,0.920255,0.646208
Mn_num,E4,E4_Min5_Field_Depth_Interactions,SVR_RBF,LOG1P,24,-1.546477,0.423802,0.376109
Mn_num,E4,E4_Min5_Field_Depth_Interactions,SVR_RBF,LOG1P,25,-0.492695,0.957269,0.771265
Mn_num,E4,E4_Min5_Field_Depth_Interactions,PLS,RAW,1,-1.780999,1.130145,0.993493
Mn_num,E4,E4_Min5_Field_Depth_Interactions,PLS,RAW,2,-0.225583,2.173433,1.190539
Mn_num,E4,E4_Min5_Field_Depth_Interactions,PLS,RAW,3,-0.80215,0.516735,0.490175
Mn_num,E4,E4_Min5_Field_Depth_Interactions,PLS,RAW,4,-6.198251,0.668553,0.648189
Mn_num,E4,E4_Min5_Field_Depth_Interactions,PLS,RAW,5,-0.621819,0.950279,0.703224
Mn_num,E4,E4_Min5_Field_Depth_Interactions,PLS,RAW,6,-2.585777,0.976204,0.724928
Mn_num,E4,E4_Min5_Field_Depth_Interactions,PLS,RAW,7,-0.232267,2.143363,1.200497
Mn_num,E4,E4_Min5_Field_Depth_Interactions,PLS,RAW,8,0.014922,0.761414,0.618924
Mn_num,E4,E4_Min5_Field_Depth_Interactions,PLS,RAW,9,-6.500939,0.701468,0.584285
Mn_num,E4,E4_Min5_Field_Depth_Interactions,PLS,RAW,10,0.090108,0.843843,0.762867
Mn_num,E4,E4_Min5_Field_Depth_Interactions,PLS,RAW,11,-0.122827,2.061112,1.040883
Mn_num,E4,E4_Min5_Field_Depth_Interactions,PLS,RAW,12,-3.298876,0.552999,0.511557
Mn_num,E4,E4_Min5_Field_Depth_Interactions,PLS,RAW,13,-1.37202,1.099517,0.842973
Mn_num,E4,E4_Min5_Field_Depth_Interactions,PLS,RAW,14,-0.107278,0.980377,0.888283
Mn_num,E4,E4_Min5_Field_Depth_Interactions,PLS,RAW,15,0.099781,0.600731,0.486799
Mn_num,E4,E4_Min5_Field_Depth_Interactions,PLS,RAW,16,-3.851939,0.551177,0.49713
Mn_num,E4,E4_Min5_Field_Depth_Interactions,PLS,RAW,17,-0.20212,0.697229,0.595382
Mn_num,E4,E4_Min5_Field_Depth_Interactions,PLS,RAW,18,-0.244774,2.179783,1.226498
Mn_num,E4,E4_Min5_Field_Depth_Interactions,PLS,RAW,19,-0.231001,0.777253,0.698463
Mn_num,E4,E4_Min5_Field_Depth_Interactions,PLS,RAW,20,-2.551198,0.837525,0.659388
Mn_num,E4,E4_Min5_Field_Depth_Interactions,PLS,RAW,21,-0.01496,0.5827,0.493415
Mn_num,E4,E4_Min5_Field_Depth_Interactions,PLS,RAW,22,-0.152106,2.128983,1.187657
Mn_num,E4,E4_Min5_Field_Depth_Interactions,PLS,RAW,23,0.168528,0.659001,0.530951
Mn_num,E4,E4_Min5_Field_Depth_Interactions,PLS,RAW,24,-19.393451,1.199328,0.954538
Mn_num,E4,E4_Min5_Field_Depth_Interactions,PLS,RAW,25,-0.326991,0.902573,0.843066
Mn_num,E4,E4_Min5_Field_Depth_Interactions,PLS,LOG1P,1,-1.42008,1.054262,0.831678
Mn_num,E4,E4_Min5_Field_Depth_Interactions,PLS,LOG1P,2,-0.238768,2.185094,1.180783
Mn_num,E4,E4_Min5_Field_Depth_Interactions,PLS,LOG1P,3,-0.06163,0.396606,0.349525
Mn_num,E4,E4_Min5_Field_Depth_Interactions,PLS,LOG1P,4,-3.913682,0.552364,0.515691
Mn_num,E4,E4_Min5_Field_Depth_Interactions,PLS,LOG1P,5,-0.829478,1.009285,0.773034
Mn_num,E4,E4_Min5_Field_Depth_Interactions,PLS,LOG1P,6,-2.500545,0.964532,0.700455
Mn_num,E4,E4_Min5_Field_Depth_Interactions,PLS,LOG1P,7,-0.240538,2.150544,1.157813
Mn_num,E4,E4_Min5_Field_Depth_Interactions,PLS,LOG1P,8,0.063534,0.742389,0.549638
Mn_num,E4,E4_Min5_Field_Depth_Interactions,PLS,LOG1P,9,-2.440719,0.475088,0.365529
Mn_num,E4,E4_Min5_Field_Depth_Interactions,PLS,LOG1P,10,0.14778,0.816662,0.602636
Mn_num,E4,E4_Min5_Field_Depth_Interactions,PLS,LOG1P,11,-0.147884,2.083983,0.990789
Mn_num,E4,E4_Min5_Field_Depth_Interactions,PLS,LOG1P,12,-1.522723,0.423625,0.366867
Mn_num,E4,E4_Min5_Field_Depth_Interactions,PLS,LOG1P,13,-0.939908,0.994336,0.735484
Mn_num,E4,E4_Min5_Field_Depth_Interactions,PLS,LOG1P,14,-0.010549,0.936577,0.722882
Mn_num,E4,E4_Min5_Field_Depth_Interactions,PLS,LOG1P,15,-0.065542,0.653568,0.491571
Mn_num,E4,E4_Min5_Field_Depth_Interactions,PLS,LOG1P,16,-1.154344,0.367275,0.314901
Mn_num,E4,E4_Min5_Field_Depth_Interactions,PLS,LOG1P,17,-0.382973,0.74784,0.600993
Mn_num,E4,E4_Min5_Field_Depth_Interactions,PLS,LOG1P,18,-0.293742,2.222244,1.222264
Mn_num,E4,E4_Min5_Field_Depth_Interactions,PLS,LOG1P,19,0.020272,0.693403,0.520397
Mn_num,E4,E4_Min5_Field_Depth_Interactions,PLS,LOG1P,20,-1.689293,0.728835,0.586486
Mn_num,E4,E4_Min5_Field_Depth_Interactions,PLS,LOG1P,21,0.143436,0.535304,0.385428
Mn_num,E4,E4_Min5_Field_Depth_Interactions,PLS,LOG1P,22,-0.182205,2.156614,1.162097
Mn_num,E4,E4_Min5_Field_Depth_Interactions,PLS,LOG1P,23,-0.056111,0.742706,0.489501
Mn_num,E4,E4_Min5_Field_Depth_Interactions,PLS,LOG1P,24,-17.708441,1.148713,0.863166
Mn_num,E4,E4_Min5_Field_Depth_Interactions,PLS,LOG1P,25,-0.182156,0.851894,0.745692
Mn_num,E4,E4_Min5_Field_Depth_Interactions,Lasso,RAW,1,-0.737381,0.893267,0.847073
Mn_num,E4,E4_Min5_Field_Depth_Interactions,Lasso,RAW,2,-0.161913,2.116224,1.147961
Mn_num,E4,E4_Min5_Field_Depth_Interactions,Lasso,RAW,3,-1.61,0.621861,0.58658
Mn_num,E4,E4_Min5_Field_Depth_Interactions,Lasso,RAW,4,-5.253429,0.623134,0.617891
Mn_num,E4,E4_Min5_Field_Depth_Interactions,Lasso,RAW,5,-0.658573,0.960987,0.68631
Mn_num,E4,E4_Min5_Field_Depth_Interactions,Lasso,RAW,6,-1.176189,0.760496,0.640511
Mn_num,E4,E4_Min5_Field_Depth_Interactions,Lasso,RAW,7,-0.177115,2.094849,1.156802
Mn_num,E4,E4_Min5_Field_Depth_Interactions,Lasso,RAW,8,-0.06327,0.791056,0.615555
Mn_num,E4,E4_Min5_Field_Depth_Interactions,Lasso,RAW,9,-5.570066,0.6565,0.590696
Mn_num,E4,E4_Min5_Field_Depth_Interactions,Lasso,RAW,10,-0.004328,0.886553,0.802985
Mn_num,E4,E4_Min5_Field_Depth_Interactions,Lasso,RAW,11,-0.091394,2.032057,1.040764
Mn_num,E4,E4_Min5_Field_Depth_Interactions,Lasso,RAW,12,-3.424715,0.561035,0.512257
Mn_num,E4,E4_Min5_Field_Depth_Interactions,Lasso,RAW,13,-0.352201,0.830163,0.714126
Mn_num,E4,E4_Min5_Field_Depth_Interactions,Lasso,RAW,14,-0.090301,0.972832,0.83734
Mn_num,E4,E4_Min5_Field_Depth_Interactions,Lasso,RAW,15,0.021694,0.626243,0.517739
Mn_num,E4,E4_Min5_Field_Depth_Interactions,Lasso,RAW,16,-4.029296,0.561161,0.521488
Mn_num,E4,E4_Min5_Field_Depth_Interactions,Lasso,RAW,17,-0.094645,0.665332,0.574498
Mn_num,E4,E4_Min5_Field_Depth_Interactions,Lasso,RAW,18,-0.249068,2.183539,1.296303
Mn_num,E4,E4_Min5_Field_Depth_Interactions,Lasso,RAW,19,-0.207172,0.769693,0.68784
Mn_num,E4,E4_Min5_Field_Depth_Interactions,Lasso,RAW,20,-1.668107,0.725959,0.653335
Mn_num,E4,E4_Min5_Field_Depth_Interactions,Lasso,RAW,21,-0.27921,0.654172,0.589145
Mn_num,E4,E4_Min5_Field_Depth_Interactions,Lasso,RAW,22,-0.127033,2.105689,1.160837
Mn_num,E4,E4_Min5_Field_Depth_Interactions,Lasso,RAW,23,0.048058,0.705127,0.571405
Mn_num,E4,E4_Min5_Field_Depth_Interactions,Lasso,RAW,24,-13.162018,0.999437,0.832033
Mn_num,E4,E4_Min5_Field_Depth_Interactions,Lasso,RAW,25,-0.133185,0.834063,0.784951
Mn_num,E4,E4_Min5_Field_Depth_Interactions,Lasso,LOG1P,1,-0.006947,0.680044,0.606568
Mn_num,E4,E4_Min5_Field_Depth_Interactions,Lasso,LOG1P,2,-0.176407,2.129383,1.119193
Mn_num,E4,E4_Min5_Field_Depth_Interactions,Lasso,LOG1P,3,-0.583629,0.484395,0.44361
Mn_num,E4,E4_Min5_Field_Depth_Interactions,Lasso,LOG1P,4,-1.441633,0.38937,0.364225
Mn_num,E4,E4_Min5_Field_Depth_Interactions,Lasso,LOG1P,5,-1.072674,1.074275,0.77706
Mn_num,E4,E4_Min5_Field_Depth_Interactions,Lasso,LOG1P,6,-0.582057,0.648425,0.533873
Mn_num,E4,E4_Min5_Field_Depth_Interactions,Lasso,LOG1P,7,-0.178711,2.096268,1.054051
Mn_num,E4,E4_Min5_Field_Depth_Interactions,Lasso,LOG1P,8,-0.204312,0.841889,0.580722
Mn_num,E4,E4_Min5_Field_Depth_Interactions,Lasso,LOG1P,9,-1.807707,0.429166,0.351058
Mn_num,E4,E4_Min5_Field_Depth_Interactions,Lasso,LOG1P,10,-0.013252,0.890483,0.706644
Mn_num,E4,E4_Min5_Field_Depth_Interactions,Lasso,LOG1P,11,-0.108251,2.04769,1.010323
Mn_num,E4,E4_Min5_Field_Depth_Interactions,Lasso,LOG1P,12,-0.928652,0.370403,0.293573
Mn_num,E4,E4_Min5_Field_Depth_Interactions,Lasso,LOG1P,13,-0.021151,0.721419,0.58401
Mn_num,E4,E4_Min5_Field_Depth_Interactions,Lasso,LOG1P,14,-0.130529,0.990616,0.750505
Mn_num,E4,E4_Min5_Field_Depth_Interactions,Lasso,LOG1P,15,-0.049683,0.648686,0.481209
Mn_num,E4,E4_Min5_Field_Depth_Interactions,Lasso,LOG1P,16,-1.103219,0.362891,0.297564
Mn_num,E4,E4_Min5_Field_Depth_Interactions,Lasso,LOG1P,17,-0.405614,0.753936,0.627812
Mn_num,E4,E4_Min5_Field_Depth_Interactions,Lasso,LOG1P,18,-0.302172,2.229472,1.32675
Mn_num,E4,E4_Min5_Field_Depth_Interactions,Lasso,LOG1P,19,-0.015766,0.706041,0.537785
Mn_num,E4,E4_Min5_Field_Depth_Interactions,Lasso,LOG1P,20,-0.502089,0.544701,0.470808
Mn_num,E4,E4_Min5_Field_Depth_Interactions,Lasso,LOG1P,21,-0.004591,0.579716,0.451538
Mn_num,E4,E4_Min5_Field_Depth_Interactions,Lasso,LOG1P,22,-0.1588,2.135159,1.138707
Mn_num,E4,E4_Min5_Field_Depth_Interactions,Lasso,LOG1P,23,-0.028088,0.732786,0.525191
Mn_num,E4,E4_Min5_Field_Depth_Interactions,Lasso,LOG1P,24,-4.256181,0.608875,0.485098
Mn_num,E4,E4_Min5_Field_Depth_Interactions,Lasso,LOG1P,25,-0.146386,0.838907,0.73625
Mn_num,E4,E4_Min5_Field_Depth_Interactions,Ridge,RAW,1,-2.008458,1.175454,1.002741
Mn_num,E4,E4_Min5_Field_Depth_Interactions,Ridge,RAW,2,-0.215191,2.1642,1.184844
Mn_num,E4,E4_Min5_Field_Depth_Interactions,Ridge,RAW,3,-0.729398,0.506198,0.470176
Mn_num,E4,E4_Min5_Field_Depth_Interactions,Ridge,RAW,4,-6.99146,0.704426,0.694869
Mn_num,E4,E4_Min5_Field_Depth_Interactions,Ridge,RAW,5,-0.650823,0.958739,0.714529
Mn_num,E4,E4_Min5_Field_Depth_Interactions,Ridge,RAW,6,-2.927861,1.021708,0.745075
Mn_num,E4,E4_Min5_Field_Depth_Interactions,Ridge,RAW,7,-0.220853,2.133413,1.206864
Mn_num,E4,E4_Min5_Field_Depth_Interactions,Ridge,RAW,8,0.037545,0.75262,0.605785
Mn_num,E4,E4_Min5_Field_Depth_Interactions,Ridge,RAW,9,-5.934502,0.674462,0.539899
Mn_num,E4,E4_Min5_Field_Depth_Interactions,Ridge,RAW,10,0.06792,0.85407,0.787518
Mn_num,E4,E4_Min5_Field_Depth_Interactions,Ridge,RAW,11,-0.105772,2.045398,1.01592
Mn_num,E4,E4_Min5_Field_Depth_Interactions,Ridge,RAW,12,-3.349708,0.556259,0.50817
Mn_num,E4,E4_Min5_Field_Depth_Interactions,Ridge,RAW,13,-2.180619,1.273206,0.939119
Mn_num,E4,E4_Min5_Field_Depth_Interactions,Ridge,RAW,14,-0.232126,1.034171,0.952056
Mn_num,E4,E4_Min5_Field_Depth_Interactions,Ridge,RAW,15,0.112479,0.596479,0.480539
Mn_num,E4,E4_Min5_Field_Depth_Interactions,Ridge,RAW,16,-5.075661,0.61678,0.540031
Mn_num,E4,E4_Min5_Field_Depth_Interactions,Ridge,RAW,17,-0.158861,0.684569,0.579106
Mn_num,E4,E4_Min5_Field_Depth_Interactions,Ridge,RAW,18,-0.236779,2.172771,1.257281
Mn_num,E4,E4_Min5_Field_Depth_Interactions,Ridge,RAW,19,-0.210737,0.770829,0.693883
Mn_num,E4,E4_Min5_Field_Depth_Interactions,Ridge,RAW,20,-3.863286,0.980111,0.726551
Mn_num,E4,E4_Min5_Field_Depth_Interactions,Ridge,RAW,21,-0.079615,0.600973,0.506426
Mn_num,E4,E4_Min5_Field_Depth_Interactions,Ridge,RAW,22,-0.143371,2.120896,1.187501
Mn_num,E4,E4_Min5_Field_Depth_Interactions,Ridge,RAW,23,0.174403,0.656668,0.547903
Mn_num,E4,E4_Min5_Field_Depth_Interactions,Ridge,RAW,24,-25.379,1.364023,1.028457
Mn_num,E4,E4_Min5_Field_Depth_Interactions,Ridge,RAW,25,-0.307748,0.896005,0.839021
Mn_num,E4,E4_Min5_Field_Depth_Interactions,Ridge,LOG1P,1,-2.278086,1.226998,0.906607
Mn_num,E4,E4_Min5_Field_Depth_Interactions,Ridge,LOG1P,2,-0.23074,2.178002,1.173674
Mn_num,E4,E4_Min5_Field_Depth_Interactions,Ridge,LOG1P,3,0.059316,0.373332,0.334962
Mn_num,E4,E4_Min5_Field_Depth_Interactions,Ridge,LOG1P,4,-4.036675,0.559235,0.526883
Mn_num,E4,E4_Min5_Field_Depth_Interactions,Ridge,LOG1P,5,-0.90309,1.02939,0.798093
Mn_num,E4,E4_Min5_Field_Depth_Interactions,Ridge,LOG1P,6,-3.802405,1.129739,0.768409
Mn_num,E4,E4_Min5_Field_Depth_Interactions,Ridge,LOG1P,7,-0.233292,2.144254,1.160007
Mn_num,E4,E4_Min5_Field_Depth_Interactions,Ridge,LOG1P,8,0.05096,0.747356,0.55265
Mn_num,E4,E4_Min5_Field_Depth_Interactions,Ridge,LOG1P,9,-2.416816,0.473435,0.357723
Mn_num,E4,E4_Min5_Field_Depth_Interactions,Ridge,LOG1P,10,0.163221,0.80923,0.618895
Mn_num,E4,E4_Min5_Field_Depth_Interactions,Ridge,LOG1P,11,-0.134642,2.071927,0.97017
Mn_num,E4,E4_Min5_Field_Depth_Interactions,Ridge,LOG1P,12,-1.442821,0.416862,0.36779
Mn_num,E4,E4_Min5_Field_Depth_Interactions,Ridge,LOG1P,13,-3.083038,1.442562,0.974477
Mn_num,E4,E4_Min5_Field_Depth_Interactions,Ridge,LOG1P,14,-0.031223,0.946109,0.766841
Mn_num,E4,E4_Min5_Field_Depth_Interactions,Ridge,LOG1P,15,-0.067367,0.654128,0.49175
Mn_num,E4,E4_Min5_Field_Depth_Interactions,Ridge,LOG1P,16,-1.677718,0.409464,0.339241
Mn_num,E4,E4_Min5_Field_Depth_Interactions,Ridge,LOG1P,17,-0.355458,0.740363,0.598331
Mn_num,E4,E4_Min5_Field_Depth_Interactions,Ridge,LOG1P,18,-0.287604,2.216966,1.242499
Mn_num,E4,E4_Min5_Field_Depth_Interactions,Ridge,LOG1P,19,0.040646,0.686156,0.528082
Mn_num,E4,E4_Min5_Field_Depth_Interactions,Ridge,LOG1P,20,-4.159616,1.009529,0.700779
Mn_num,E4,E4_Min5_Field_Depth_Interactions,Ridge,LOG1P,21,0.121935,0.541981,0.392247
Mn_num,E4,E4_Min5_Field_Depth_Interactions,Ridge,LOG1P,22,-0.176771,2.151652,1.165294
Mn_num,E4,E4_Min5_Field_Depth_Interactions,Ridge,LOG1P,23,-0.022465,0.730779,0.490128
Mn_num,E4,E4_Min5_Field_Depth_Interactions,Ridge,LOG1P,24,-38.970925,1.679054,1.066011
Mn_num,E4,E4_Min5_Field_Depth_Interactions,Ridge,LOG1P,25,-0.134683,0.834614,0.736929
Mn_num,E4,E4_Min5_Field_Depth_Interactions,ElasticNet,RAW,1,-1.176817,0.999873,0.910653
Mn_num,E4,E4_Min5_Field_Depth_Interactions,ElasticNet,RAW,2,-0.175653,2.128701,1.157348
Mn_num,E4,E4_Min5_Field_Depth_Interactions,ElasticNet,RAW,3,-1.372311,0.592869,0.554595
Mn_num,E4,E4_Min5_Field_Depth_Interactions,ElasticNet,RAW,4,-5.578188,0.63911,0.636139
Mn_num,E4,E4_Min5_Field_Depth_Interactions,ElasticNet,RAW,5,-0.613654,0.947884,0.691055
Mn_num,E4,E4_Min5_Field_Depth_Interactions,ElasticNet,RAW,6,-1.935233,0.883223,0.694003
Mn_num,E4,E4_Min5_Field_Depth_Interactions,ElasticNet,RAW,7,-0.192717,2.108686,1.174911
Mn_num,E4,E4_Min5_Field_Depth_Interactions,ElasticNet,RAW,8,-0.015966,0.773259,0.61497
Mn_num,E4,E4_Min5_Field_Depth_Interactions,ElasticNet,RAW,9,-5.799132,0.667846,0.582511
Mn_num,E4,E4_Min5_Field_Depth_Interactions,ElasticNet,RAW,10,0.03866,0.867372,0.788759
Mn_num,E4,E4_Min5_Field_Depth_Interactions,ElasticNet,RAW,11,-0.100145,2.040187,1.029231
Mn_num,E4,E4_Min5_Field_Depth_Interactions,ElasticNet,RAW,12,-3.438651,0.561917,0.517034
Mn_num,E4,E4_Min5_Field_Depth_Interactions,ElasticNet,RAW,13,-0.824136,0.964209,0.775693
Mn_num,E4,E4_Min5_Field_Depth_Interactions,ElasticNet,RAW,14,-0.075863,0.966369,0.846869
Mn_num,E4,E4_Min5_Field_Depth_Interactions,ElasticNet,RAW,15,0.059014,0.614182,0.499579
Mn_num,E4,E4_Min5_Field_Depth_Interactions,ElasticNet,RAW,16,-3.894063,0.553565,0.518286
Mn_num,E4,E4_Min5_Field_Depth_Interactions,ElasticNet,RAW,17,-0.128137,0.675434,0.577504
Mn_num,E4,E4_Min5_Field_Depth_Interactions,ElasticNet,RAW,18,-0.245049,2.180023,1.271913
Mn_num,E4,E4_Min5_Field_Depth_Interactions,ElasticNet,RAW,19,-0.202682,0.76826,0.690001
Mn_num,E4,E4_Min5_Field_Depth_Interactions,ElasticNet,RAW,20,-2.218434,0.79732,0.679133
Mn_num,E4,E4_Min5_Field_Depth_Interactions,ElasticNet,RAW,21,-0.212433,0.636868,0.554708
Mn_num,E4,E4_Min5_Field_Depth_Interactions,ElasticNet,RAW,22,-0.128577,2.107131,1.163868
Mn_num,E4,E4_Min5_Field_Depth_Interactions,ElasticNet,RAW,23,0.073017,0.695821,0.564723
Mn_num,E4,E4_Min5_Field_Depth_Interactions,ElasticNet,RAW,24,-17.078735,1.129215,0.909196
Mn_num,E4,E4_Min5_Field_Depth_Interactions,ElasticNet,RAW,25,-0.20118,0.858721,0.808975
Mn_num,E4,E4_Min5_Field_Depth_Interactions,ElasticNet,LOG1P,1,-0.276896,0.765793,0.673445
Mn_num,E4,E4_Min5_Field_Depth_Interactions,ElasticNet,LOG1P,2,-0.193354,2.144666,1.126876
Mn_num,E4,E4_Min5_Field_Depth_Interactions,ElasticNet,LOG1P,3,-0.238645,0.428397,0.386549
Mn_num,E4,E4_Min5_Field_Depth_Interactions,ElasticNet,LOG1P,4,-2.036831,0.434243,0.431103
Mn_num,E4,E4_Min5_Field_Depth_Interactions,ElasticNet,LOG1P,5,-0.92361,1.034924,0.778854
Mn_num,E4,E4_Min5_Field_Depth_Interactions,ElasticNet,LOG1P,6,-1.415972,0.801299,0.624665
Mn_num,E4,E4_Min5_Field_Depth_Interactions,ElasticNet,LOG1P,7,-0.198928,2.114169,1.098741
Mn_num,E4,E4_Min5_Field_Depth_Interactions,ElasticNet,LOG1P,8,-0.080215,0.797334,0.559825
Mn_num,E4,E4_Min5_Field_Depth_Interactions,ElasticNet,LOG1P,9,-1.731808,0.423326,0.341275
Mn_num,E4,E4_Min5_Field_Depth_Interactions,ElasticNet,LOG1P,10,0.068289,0.853901,0.664609
Mn_num,E4,E4_Min5_Field_Depth_Interactions,ElasticNet,LOG1P,11,-0.121391,2.059793,0.992047
Mn_num,E4,E4_Min5_Field_Depth_Interactions,ElasticNet,LOG1P,12,-1.072173,0.383937,0.336919
Mn_num,E4,E4_Min5_Field_Depth_Interactions,ElasticNet,LOG1P,13,-0.396225,0.843569,0.684716
Mn_num,E4,E4_Min5_Field_Depth_Interactions,ElasticNet,LOG1P,14,-0.060003,0.95922,0.729201
Mn_num,E4,E4_Min5_Field_Depth_Interactions,ElasticNet,LOG1P,15,-0.072482,0.655693,0.493018
Mn_num,E4,E4_Min5_Field_Depth_Interactions,ElasticNet,LOG1P,16,-1.022806,0.355886,0.311279
Mn_num,E4,E4_Min5_Field_Depth_Interactions,ElasticNet,LOG1P,17,-0.335192,0.734807,0.595559
Mn_num,E4,E4_Min5_Field_Depth_Interactions,ElasticNet,LOG1P,18,-0.29422,2.222655,1.280971
Mn_num,E4,E4_Min5_Field_Depth_Interactions,ElasticNet,LOG1P,19,0.03149,0.689422,0.526021
Mn_num,E4,E4_Min5_Field_Depth_Interactions,ElasticNet,LOG1P,20,-1.274558,0.670284,0.549759
Mn_num,E4,E4_Min5_Field_Depth_Interactions,ElasticNet,LOG1P,21,0.064623,0.559389,0.423451
Mn_num,E4,E4_Min5_Field_Depth_Interactions,ElasticNet,LOG1P,22,-0.162919,2.13895,1.133639
Mn_num,E4,E4_Min5_Field_Depth_Interactions,ElasticNet,LOG1P,23,-0.006303,0.72498,0.490198
Mn_num,E4,E4_Min5_Field_Depth_Interactions,ElasticNet,LOG1P,24,-12.126917,0.962219,0.695488
Mn_num,E4,E4_Min5_Field_Depth_Interactions,ElasticNet,LOG1P,25,-0.080616,0.814487,0.71263
Mn_num,E5,E5_Full_Parsimonious_Easy_Panel,SVR_RBF,RAW,1,-0.032132,0.688496,0.531213
Mn_num,E5,E5_Full_Parsimonious_Easy_Panel,SVR_RBF,RAW,2,-0.241518,2.187518,1.09591
Mn_num,E5,E5_Full_Parsimonious_Easy_Panel,SVR_RBF,RAW,3,0.383936,0.302124,0.250442
Mn_num,E5,E5_Full_Parsimonious_Easy_Panel,SVR_RBF,RAW,4,-5.491865,0.634902,0.577822
Mn_num,E5,E5_Full_Parsimonious_Easy_Panel,SVR_RBF,RAW,5,-1.247796,1.118738,0.890818
Mn_num,E5,E5_Full_Parsimonious_Easy_Panel,SVR_RBF,RAW,6,-0.364249,0.602137,0.402571
Mn_num,E5,E5_Full_Parsimonious_Easy_Panel,SVR_RBF,RAW,7,-0.21192,2.125593,1.177596
Mn_num,E5,E5_Full_Parsimonious_Easy_Panel,SVR_RBF,RAW,8,-0.343016,0.88905,0.615279
Mn_num,E5,E5_Full_Parsimonious_Easy_Panel,SVR_RBF,RAW,9,-0.49136,0.312782,0.235814
Mn_num,E5,E5_Full_Parsimonious_Easy_Panel,SVR_RBF,RAW,10,-0.091421,0.924194,0.582489
Mn_num,E5,E5_Full_Parsimonious_Easy_Panel,SVR_RBF,RAW,11,-0.13918,2.076067,1.005358
Mn_num,E5,E5_Full_Parsimonious_Easy_Panel,SVR_RBF,RAW,12,-0.75374,0.353207,0.296528
Mn_num,E5,E5_Full_Parsimonious_Easy_Panel,SVR_RBF,RAW,13,0.03972,0.699587,0.474994
Mn_num,E5,E5_Full_Parsimonious_Easy_Panel,SVR_RBF,RAW,14,-0.299289,1.061983,0.712517
Mn_num,E5,E5_Full_Parsimonious_Easy_Panel,SVR_RBF,RAW,15,-0.248797,0.707541,0.515933
Mn_num,E5,E5_Full_Parsimonious_Easy_Panel,SVR_RBF,RAW,16,0.492162,0.178318,0.153434
Mn_num,E5,E5_Full_Parsimonious_Easy_Panel,SVR_RBF,RAW,17,-0.689261,0.826514,0.679078
Mn_num,E5,E5_Full_Parsimonious_Easy_Panel,SVR_RBF,RAW,18,-0.309127,2.235419,1.268234
Mn_num,E5,E5_Full_Parsimonious_Easy_Panel,SVR_RBF,RAW,19,-0.3142,0.803089,0.452666
Mn_num,E5,E5_Full_Parsimonious_Easy_Panel,SVR_RBF,RAW,20,-0.38093,0.522271,0.363522
Mn_num,E5,E5_Full_Parsimonious_Easy_Panel,SVR_RBF,RAW,21,0.178261,0.524309,0.351988
Mn_num,E5,E5_Full_Parsimonious_Easy_Panel,SVR_RBF,RAW,22,-0.240556,2.209195,1.17899
Mn_num,E5,E5_Full_Parsimonious_Easy_Panel,SVR_RBF,RAW,23,-0.576529,0.90743,0.596504
Mn_num,E5,E5_Full_Parsimonious_Easy_Panel,SVR_RBF,RAW,24,-1.217794,0.395506,0.355983
Mn_num,E5,E5_Full_Parsimonious_Easy_Panel,SVR_RBF,RAW,25,-0.330424,0.90374,0.73424
Mn_num,E5,E5_Full_Parsimonious_Easy_Panel,SVR_RBF,LOG1P,1,-0.163769,0.731084,0.565692
Mn_num,E5,E5_Full_Parsimonious_Easy_Panel,SVR_RBF,LOG1P,2,-0.235351,2.182077,1.107492
Mn_num,E5,E5_Full_Parsimonious_Easy_Panel,SVR_RBF,LOG1P,3,0.353857,0.309412,0.247261
Mn_num,E5,E5_Full_Parsimonious_Easy_Panel,SVR_RBF,LOG1P,4,-8.295005,0.759709,0.667595
Mn_num,E5,E5_Full_Parsimonious_Easy_Panel,SVR_RBF,LOG1P,5,-1.332038,1.139509,0.912111
Mn_num,E5,E5_Full_Parsimonious_Easy_Panel,SVR_RBF,LOG1P,6,-0.365457,0.602404,0.39526
Mn_num,E5,E5_Full_Parsimonious_Easy_Panel,SVR_RBF,LOG1P,7,-0.28322,2.187226,1.316744
Mn_num,E5,E5_Full_Parsimonious_Easy_Panel,SVR_RBF,LOG1P,8,-0.359462,0.894476,0.605682
Mn_num,E5,E5_Full_Parsimonious_Easy_Panel,SVR_RBF,LOG1P,9,-0.638612,0.32786,0.248135
Mn_num,E5,E5_Full_Parsimonious_Easy_Panel,SVR_RBF,LOG1P,10,-0.06791,0.914185,0.597724
Mn_num,E5,E5_Full_Parsimonious_Easy_Panel,SVR_RBF,LOG1P,11,-0.152812,2.088452,1.024371
Mn_num,E5,E5_Full_Parsimonious_Easy_Panel,SVR_RBF,LOG1P,12,-1.297267,0.404253,0.346898
Mn_num,E5,E5_Full_Parsimonious_Easy_Panel,SVR_RBF,LOG1P,13,-0.028384,0.72397,0.491196
Mn_num,E5,E5_Full_Parsimonious_Easy_Panel,SVR_RBF,LOG1P,14,-0.354083,1.084145,0.757696
Mn_num,E5,E5_Full_Parsimonious_Easy_Panel,SVR_RBF,LOG1P,15,-0.180823,0.688015,0.496493
Mn_num,E5,E5_Full_Parsimonious_Easy_Panel,SVR_RBF,LOG1P,16,-0.057004,0.25726,0.219606
Mn_num,E5,E5_Full_Parsimonious_Easy_Panel,SVR_RBF,LOG1P,17,-0.67692,0.823489,0.667295
Mn_num,E5,E5_Full_Parsimonious_Easy_Panel,SVR_RBF,LOG1P,18,-0.316845,2.241998,1.261583
Mn_num,E5,E5_Full_Parsimonious_Easy_Panel,SVR_RBF,LOG1P,19,-0.293891,0.79686,0.469487
Mn_num,E5,E5_Full_Parsimonious_Easy_Panel,SVR_RBF,LOG1P,20,-0.532519,0.550191,0.393345
Mn_num,E5,E5_Full_Parsimonious_Easy_Panel,SVR_RBF,LOG1P,21,0.146106,0.534469,0.365005
Mn_num,E5,E5_Full_Parsimonious_Easy_Panel,SVR_RBF,LOG1P,22,-0.251002,2.218477,1.175133
Mn_num,E5,E5_Full_Parsimonious_Easy_Panel,SVR_RBF,LOG1P,23,-0.627622,0.922017,0.647392
Mn_num,E5,E5_Full_Parsimonious_Easy_Panel,SVR_RBF,LOG1P,24,-1.547814,0.423913,0.376582
Mn_num,E5,E5_Full_Parsimonious_Easy_Panel,SVR_RBF,LOG1P,25,-0.507514,0.962009,0.792051
Mn_num,E5,E5_Full_Parsimonious_Easy_Panel,PLS,RAW,1,-1.755467,1.124945,0.991635
Mn_num,E5,E5_Full_Parsimonious_Easy_Panel,PLS,RAW,2,-0.207408,2.157257,1.171601
Mn_num,E5,E5_Full_Parsimonious_Easy_Panel,PLS,RAW,3,-0.747239,0.508802,0.477303
Mn_num,E5,E5_Full_Parsimonious_Easy_Panel,PLS,RAW,4,-5.895459,0.65434,0.632257
Mn_num,E5,E5_Full_Parsimonious_Easy_Panel,PLS,RAW,5,-0.605098,0.945368,0.719145
Mn_num,E5,E5_Full_Parsimonious_Easy_Panel,PLS,RAW,6,-2.487356,0.962713,0.724103
Mn_num,E5,E5_Full_Parsimonious_Easy_Panel,PLS,RAW,7,-0.216297,2.129428,1.16526
Mn_num,E5,E5_Full_Parsimonious_Easy_Panel,PLS,RAW,8,0.051278,0.747231,0.610074
Mn_num,E5,E5_Full_Parsimonious_Easy_Panel,PLS,RAW,9,-6.38027,0.695802,0.570601
Mn_num,E5,E5_Full_Parsimonious_Easy_Panel,PLS,RAW,10,0.11541,0.832028,0.750171
Mn_num,E5,E5_Full_Parsimonious_Easy_Panel,PLS,RAW,11,-0.120172,2.058674,1.014474
Mn_num,E5,E5_Full_Parsimonious_Easy_Panel,PLS,RAW,12,-3.585671,0.571148,0.524634
Mn_num,E5,E5_Full_Parsimonious_Easy_Panel,PLS,RAW,13,-1.306737,1.084281,0.844758
Mn_num,E5,E5_Full_Parsimonious_Easy_Panel,PLS,RAW,14,-0.074142,0.965596,0.865009
Mn_num,E5,E5_Full_Parsimonious_Easy_Panel,PLS,RAW,15,0.121759,0.593352,0.491525
Mn_num,E5,E5_Full_Parsimonious_Easy_Panel,PLS,RAW,16,-3.947843,0.556598,0.497356
Mn_num,E5,E5_Full_Parsimonious_Easy_Panel,PLS,RAW,17,-0.154518,0.683285,0.581193
Mn_num,E5,E5_Full_Parsimonious_Easy_Panel,PLS,RAW,18,-0.255612,2.189251,1.21677
Mn_num,E5,E5_Full_Parsimonious_Easy_Panel,PLS,RAW,19,-0.19689,0.766409,0.690814
Mn_num,E5,E5_Full_Parsimonious_Easy_Panel,PLS,RAW,20,-2.373027,0.816244,0.636196
Mn_num,E5,E5_Full_Parsimonious_Easy_Panel,PLS,RAW,21,0.027766,0.570304,0.48729
Mn_num,E5,E5_Full_Parsimonious_Easy_Panel,PLS,RAW,22,-0.160276,2.136518,1.197756
Mn_num,E5,E5_Full_Parsimonious_Easy_Panel,PLS,RAW,23,0.186772,0.651731,0.52543
Mn_num,E5,E5_Full_Parsimonious_Easy_Panel,PLS,RAW,24,-17.537089,1.14344,0.904865
Mn_num,E5,E5_Full_Parsimonious_Easy_Panel,PLS,RAW,25,-0.312074,0.897485,0.83769
Mn_num,E5,E5_Full_Parsimonious_Easy_Panel,PLS,LOG1P,1,-1.141507,0.99173,0.804165
Mn_num,E5,E5_Full_Parsimonious_Easy_Panel,PLS,LOG1P,2,-0.225766,2.173595,1.157806
Mn_num,E5,E5_Full_Parsimonious_Easy_Panel,PLS,LOG1P,3,-0.037255,0.392027,0.340495
Mn_num,E5,E5_Full_Parsimonious_Easy_Panel,PLS,LOG1P,4,-3.424473,0.524147,0.489291
Mn_num,E5,E5_Full_Parsimonious_Easy_Panel,PLS,LOG1P,5,-0.830784,1.009645,0.779625
Mn_num,E5,E5_Full_Parsimonious_Easy_Panel,PLS,LOG1P,6,-1.832573,0.86764,0.658261
Mn_num,E5,E5_Full_Parsimonious_Easy_Panel,PLS,LOG1P,7,-0.227339,2.139073,1.121149
Mn_num,E5,E5_Full_Parsimonious_Easy_Panel,PLS,LOG1P,8,0.079673,0.735964,0.544483
Mn_num,E5,E5_Full_Parsimonious_Easy_Panel,PLS,LOG1P,9,-2.374633,0.470504,0.373098
Mn_num,E5,E5_Full_Parsimonious_Easy_Panel,PLS,LOG1P,10,0.168124,0.806856,0.601665
Mn_num,E5,E5_Full_Parsimonious_Easy_Panel,PLS,LOG1P,11,-0.144804,2.081185,0.972561
Mn_num,E5,E5_Full_Parsimonious_Easy_Panel,PLS,LOG1P,12,-1.648743,0.434077,0.372151
Mn_num,E5,E5_Full_Parsimonious_Easy_Panel,PLS,LOG1P,13,-0.574261,0.895738,0.682702
Mn_num,E5,E5_Full_Parsimonious_Easy_Panel,PLS,LOG1P,14,0.004907,0.929387,0.700508
Mn_num,E5,E5_Full_Parsimonious_Easy_Panel,PLS,LOG1P,15,-0.058354,0.65136,0.488551
Mn_num,E5,E5_Full_Parsimonious_Easy_Panel,PLS,LOG1P,16,-1.198854,0.371049,0.308181
Mn_num,E5,E5_Full_Parsimonious_Easy_Panel,PLS,LOG1P,17,-0.307471,0.727139,0.587774
Mn_num,E5,E5_Full_Parsimonious_Easy_Panel,PLS,LOG1P,18,-0.301394,2.228807,1.223265
Mn_num,E5,E5_Full_Parsimonious_Easy_Panel,PLS,LOG1P,19,0.057139,0.680232,0.516205
Mn_num,E5,E5_Full_Parsimonious_Easy_Panel,PLS,LOG1P,20,-1.197348,0.658809,0.545356
Mn_num,E5,E5_Full_Parsimonious_Easy_Panel,PLS,LOG1P,21,0.172974,0.525993,0.376709
Mn_num,E5,E5_Full_Parsimonious_Easy_Panel,PLS,LOG1P,22,-0.188451,2.162303,1.172138
Mn_num,E5,E5_Full_Parsimonious_Easy_Panel,PLS,LOG1P,23,-0.001392,0.723209,0.468288
Mn_num,E5,E5_Full_Parsimonious_Easy_Panel,PLS,LOG1P,24,-11.882926,0.953235,0.753075
Mn_num,E5,E5_Full_Parsimonious_Easy_Panel,PLS,LOG1P,25,-0.122418,0.830091,0.727082
Mn_num,E5,E5_Full_Parsimonious_Easy_Panel,Lasso,RAW,1,-0.737436,0.893281,0.847079
Mn_num,E5,E5_Full_Parsimonious_Easy_Panel,Lasso,RAW,2,-0.161098,2.115483,1.145595
Mn_num,E5,E5_Full_Parsimonious_Easy_Panel,Lasso,RAW,3,-1.514944,0.610431,0.572054
Mn_num,E5,E5_Full_Parsimonious_Easy_Panel,Lasso,RAW,4,-5.253429,0.623134,0.617891
Mn_num,E5,E5_Full_Parsimonious_Easy_Panel,Lasso,RAW,5,-0.617929,0.949139,0.689006
Mn_num,E5,E5_Full_Parsimonious_Easy_Panel,Lasso,RAW,6,-1.176094,0.76048,0.640503
Mn_num,E5,E5_Full_Parsimonious_Easy_Panel,Lasso,RAW,7,-0.177115,2.094849,1.156802
Mn_num,E5,E5_Full_Parsimonious_Easy_Panel,Lasso,RAW,8,-0.043893,0.783815,0.612431
Mn_num,E5,E5_Full_Parsimonious_Easy_Panel,Lasso,RAW,9,-5.478409,0.651905,0.579604
Mn_num,E5,E5_Full_Parsimonious_Easy_Panel,Lasso,RAW,10,0.007788,0.881189,0.797448
Mn_num,E5,E5_Full_Parsimonious_Easy_Panel,Lasso,RAW,11,-0.09075,2.031458,1.026989
Mn_num,E5,E5_Full_Parsimonious_Easy_Panel,Lasso,RAW,12,-3.531228,0.567747,0.518042
Mn_num,E5,E5_Full_Parsimonious_Easy_Panel,Lasso,RAW,13,-0.352331,0.830203,0.714142
Mn_num,E5,E5_Full_Parsimonious_Easy_Panel,Lasso,RAW,14,-0.081658,0.968968,0.833784
Mn_num,E5,E5_Full_Parsimonious_Easy_Panel,Lasso,RAW,15,0.046062,0.618395,0.514146
Mn_num,E5,E5_Full_Parsimonious_Easy_Panel,Lasso,RAW,16,-4.040382,0.561779,0.520658
Mn_num,E5,E5_Full_Parsimonious_Easy_Panel,Lasso,RAW,17,-0.079105,0.660592,0.571673
Mn_num,E5,E5_Full_Parsimonious_Easy_Panel,Lasso,RAW,18,-0.250162,2.184495,1.278748
Mn_num,E5,E5_Full_Parsimonious_Easy_Panel,Lasso,RAW,19,-0.191175,0.764576,0.686966
Mn_num,E5,E5_Full_Parsimonious_Easy_Panel,Lasso,RAW,20,-1.668107,0.725959,0.653335
Mn_num,E5,E5_Full_Parsimonious_Easy_Panel,Lasso,RAW,21,-0.250282,0.646733,0.580778
Mn_num,E5,E5_Full_Parsimonious_Easy_Panel,Lasso,RAW,22,-0.135624,2.1137,1.171505
Mn_num,E5,E5_Full_Parsimonious_Easy_Panel,Lasso,RAW,23,0.048058,0.705127,0.571405
Mn_num,E5,E5_Full_Parsimonious_Easy_Panel,Lasso,RAW,24,-13.161766,0.999428,0.832027
Mn_num,E5,E5_Full_Parsimonious_Easy_Panel,Lasso,RAW,25,-0.11865,0.828696,0.779925
Mn_num,E5,E5_Full_Parsimonious_Easy_Panel,Lasso,LOG1P,1,-0.006947,0.680044,0.606568
Mn_num,E5,E5_Full_Parsimonious_Easy_Panel,Lasso,LOG1P,2,-0.176439,2.129412,1.11913
Mn_num,E5,E5_Full_Parsimonious_Easy_Panel,Lasso,LOG1P,3,-0.446277,0.462912,0.41899
Mn_num,E5,E5_Full_Parsimonious_Easy_Panel,Lasso,LOG1P,4,-1.441633,0.38937,0.364225
Mn_num,E5,E5_Full_Parsimonious_Easy_Panel,Lasso,LOG1P,5,-1.013484,1.058825,0.779999
Mn_num,E5,E5_Full_Parsimonious_Easy_Panel,Lasso,LOG1P,6,-0.507711,0.633006,0.52355
Mn_num,E5,E5_Full_Parsimonious_Easy_Panel,Lasso,LOG1P,7,-0.178711,2.096268,1.054051
Mn_num,E5,E5_Full_Parsimonious_Easy_Panel,Lasso,LOG1P,8,-0.204312,0.841889,0.580722
Mn_num,E5,E5_Full_Parsimonious_Easy_Panel,Lasso,LOG1P,9,-1.751371,0.424839,0.352287
Mn_num,E5,E5_Full_Parsimonious_Easy_Panel,Lasso,LOG1P,10,-0.013252,0.890483,0.706644
Mn_num,E5,E5_Full_Parsimonious_Easy_Panel,Lasso,LOG1P,11,-0.107772,2.047248,1.004724
Mn_num,E5,E5_Full_Parsimonious_Easy_Panel,Lasso,LOG1P,12,-0.978518,0.37516,0.294008
Mn_num,E5,E5_Full_Parsimonious_Easy_Panel,Lasso,LOG1P,13,-0.021151,0.721419,0.58401
Mn_num,E5,E5_Full_Parsimonious_Easy_Panel,Lasso,LOG1P,14,-0.130529,0.990616,0.750505
Mn_num,E5,E5_Full_Parsimonious_Easy_Panel,Lasso,LOG1P,15,-0.028225,0.642022,0.476109
Mn_num,E5,E5_Full_Parsimonious_Easy_Panel,Lasso,LOG1P,16,-1.122209,0.364525,0.29665
Mn_num,E5,E5_Full_Parsimonious_Easy_Panel,Lasso,LOG1P,17,-0.387016,0.748932,0.627876
Mn_num,E5,E5_Full_Parsimonious_Easy_Panel,Lasso,LOG1P,18,-0.300255,2.22783,1.308638
Mn_num,E5,E5_Full_Parsimonious_Easy_Panel,Lasso,LOG1P,19,-0.004353,0.702063,0.536767
Mn_num,E5,E5_Full_Parsimonious_Easy_Panel,Lasso,LOG1P,20,-0.373351,0.520836,0.453673
Mn_num,E5,E5_Full_Parsimonious_Easy_Panel,Lasso,LOG1P,21,0.019039,0.572858,0.44923
Mn_num,E5,E5_Full_Parsimonious_Easy_Panel,Lasso,LOG1P,22,-0.162734,2.13878,1.144992
Mn_num,E5,E5_Full_Parsimonious_Easy_Panel,Lasso,LOG1P,23,-0.028088,0.732786,0.525191
Mn_num,E5,E5_Full_Parsimonious_Easy_Panel,Lasso,LOG1P,24,-4.256181,0.608875,0.485098
Mn_num,E5,E5_Full_Parsimonious_Easy_Panel,Lasso,LOG1P,25,-0.146386,0.838907,0.73625
Mn_num,E5,E5_Full_Parsimonious_Easy_Panel,Ridge,RAW,1,-1.943202,1.162636,0.994692
Mn_num,E5,E5_Full_Parsimonious_Easy_Panel,Ridge,RAW,2,-0.210676,2.160175,1.178726
Mn_num,E5,E5_Full_Parsimonious_Easy_Panel,Ridge,RAW,3,-0.893178,0.529625,0.482398
Mn_num,E5,E5_Full_Parsimonious_Easy_Panel,Ridge,RAW,4,-6.713349,0.69206,0.680818
Mn_num,E5,E5_Full_Parsimonious_Easy_Panel,Ridge,RAW,5,-0.718937,0.978318,0.771568
Mn_num,E5,E5_Full_Parsimonious_Easy_Panel,Ridge,RAW,6,-2.641492,0.983759,0.736431
Mn_num,E5,E5_Full_Parsimonious_Easy_Panel,Ridge,RAW,7,-0.219965,2.132636,1.202155
Mn_num,E5,E5_Full_Parsimonious_Easy_Panel,Ridge,RAW,8,0.031086,0.755141,0.604417
Mn_num,E5,E5_Full_Parsimonious_Easy_Panel,Ridge,RAW,9,-6.321816,0.693041,0.578129
Mn_num,E5,E5_Full_Parsimonious_Easy_Panel,Ridge,RAW,10,0.084804,0.846299,0.782492
Mn_num,E5,E5_Full_Parsimonious_Easy_Panel,Ridge,RAW,11,-0.105646,2.045282,1.002381
Mn_num,E5,E5_Full_Parsimonious_Easy_Panel,Ridge,RAW,12,-3.497241,0.565614,0.512915
Mn_num,E5,E5_Full_Parsimonious_Easy_Panel,Ridge,RAW,13,-2.119284,1.26087,0.936959
Mn_num,E5,E5_Full_Parsimonious_Easy_Panel,Ridge,RAW,14,-0.250245,1.041747,0.948533
Mn_num,E5,E5_Full_Parsimonious_Easy_Panel,Ridge,RAW,15,0.135267,0.588771,0.488602
Mn_num,E5,E5_Full_Parsimonious_Easy_Panel,Ridge,RAW,16,-5.522232,0.639045,0.544981
Mn_num,E5,E5_Full_Parsimonious_Easy_Panel,Ridge,RAW,17,-0.129882,0.675956,0.572659
Mn_num,E5,E5_Full_Parsimonious_Easy_Panel,Ridge,RAW,18,-0.256477,2.190005,1.253265
Mn_num,E5,E5_Full_Parsimonious_Easy_Panel,Ridge,RAW,19,-0.191101,0.764553,0.694311
Mn_num,E5,E5_Full_Parsimonious_Easy_Panel,Ridge,RAW,20,-3.579486,0.951083,0.712015
Mn_num,E5,E5_Full_Parsimonious_Easy_Panel,Ridge,RAW,21,-0.01572,0.582918,0.49994
Mn_num,E5,E5_Full_Parsimonious_Easy_Panel,Ridge,RAW,22,-0.152408,2.129262,1.203072
Mn_num,E5,E5_Full_Parsimonious_Easy_Panel,Ridge,RAW,23,0.185643,0.652183,0.544264
Mn_num,E5,E5_Full_Parsimonious_Easy_Panel,Ridge,RAW,24,-25.628657,1.370463,1.03238
Mn_num,E5,E5_Full_Parsimonious_Easy_Panel,Ridge,RAW,25,-0.342771,0.907924,0.853762
Mn_num,E5,E5_Full_Parsimonious_Easy_Panel,Ridge,LOG1P,1,-1.97342,1.168589,0.878464
Mn_num,E5,E5_Full_Parsimonious_Easy_Panel,Ridge,LOG1P,2,-0.227835,2.17543,1.167632
Mn_num,E5,E5_Full_Parsimonious_Easy_Panel,Ridge,LOG1P,3,-0.048471,0.39414,0.340942
Mn_num,E5,E5_Full_Parsimonious_Easy_Panel,Ridge,LOG1P,4,-3.872282,0.550033,0.516989
Mn_num,E5,E5_Full_Parsimonious_Easy_Panel,Ridge,LOG1P,5,-0.941676,1.039773,0.812604
Mn_num,E5,E5_Full_Parsimonious_Easy_Panel,Ridge,LOG1P,6,-3.123667,1.046865,0.740032
Mn_num,E5,E5_Full_Parsimonious_Easy_Panel,Ridge,LOG1P,7,-0.233346,2.144301,1.160271
Mn_num,E5,E5_Full_Parsimonious_Easy_Panel,Ridge,LOG1P,8,0.05112,0.747293,0.548943
Mn_num,E5,E5_Full_Parsimonious_Easy_Panel,Ridge,LOG1P,9,-2.783636,0.498201,0.389803
Mn_num,E5,E5_Full_Parsimonious_Easy_Panel,Ridge,LOG1P,10,0.188381,0.796972,0.616609
Mn_num,E5,E5_Full_Parsimonious_Easy_Panel,Ridge,LOG1P,11,-0.134323,2.071637,0.961233
Mn_num,E5,E5_Full_Parsimonious_Easy_Panel,Ridge,LOG1P,12,-1.492897,0.421113,0.361763
Mn_num,E5,E5_Full_Parsimonious_Easy_Panel,Ridge,LOG1P,13,-2.949568,1.418788,0.966341
Mn_num,E5,E5_Full_Parsimonious_Easy_Panel,Ridge,LOG1P,14,-0.020377,0.94112,0.766734
Mn_num,E5,E5_Full_Parsimonious_Easy_Panel,Ridge,LOG1P,15,-0.059916,0.65184,0.486317
Mn_num,E5,E5_Full_Parsimonious_Easy_Panel,Ridge,LOG1P,16,-1.727952,0.413287,0.329147
Mn_num,E5,E5_Full_Parsimonious_Easy_Panel,Ridge,LOG1P,17,-0.316914,0.729761,0.588702
Mn_num,E5,E5_Full_Parsimonious_Easy_Panel,Ridge,LOG1P,18,-0.302484,2.22974,1.250832
Mn_num,E5,E5_Full_Parsimonious_Easy_Panel,Ridge,LOG1P,19,0.069984,0.675582,0.527164
Mn_num,E5,E5_Full_Parsimonious_Easy_Panel,Ridge,LOG1P,20,-3.551209,0.948143,0.674046
Mn_num,E5,E5_Full_Parsimonious_Easy_Panel,Ridge,LOG1P,21,0.156235,0.53129,0.382574
Mn_num,E5,E5_Full_Parsimonious_Easy_Panel,Ridge,LOG1P,22,-0.183147,2.157473,1.179142
Mn_num,E5,E5_Full_Parsimonious_Easy_Panel,Ridge,LOG1P,23,-0.017759,0.729095,0.487857
Mn_num,E5,E5_Full_Parsimonious_Easy_Panel,Ridge,LOG1P,24,-40.001487,1.700562,1.076578
Mn_num,E5,E5_Full_Parsimonious_Easy_Panel,Ridge,LOG1P,25,-0.139468,0.836372,0.748369
Mn_num,E5,E5_Full_Parsimonious_Easy_Panel,ElasticNet,RAW,1,-1.176818,0.999873,0.910653
Mn_num,E5,E5_Full_Parsimonious_Easy_Panel,ElasticNet,RAW,2,-0.170152,2.123715,1.146862
Mn_num,E5,E5_Full_Parsimonious_Easy_Panel,ElasticNet,RAW,3,-1.319511,0.586234,0.543354
Mn_num,E5,E5_Full_Parsimonious_Easy_Panel,ElasticNet,RAW,4,-5.40325,0.630554,0.626955
Mn_num,E5,E5_Full_Parsimonious_Easy_Panel,ElasticNet,RAW,5,-0.592145,0.941546,0.703309
Mn_num,E5,E5_Full_Parsimonious_Easy_Panel,ElasticNet,RAW,6,-1.686393,0.844955,0.679049
Mn_num,E5,E5_Full_Parsimonious_Easy_Panel,ElasticNet,RAW,7,-0.191439,2.107556,1.165612
Mn_num,E5,E5_Full_Parsimonious_Easy_Panel,ElasticNet,RAW,8,0.013537,0.761949,0.609029
Mn_num,E5,E5_Full_Parsimonious_Easy_Panel,ElasticNet,RAW,9,-5.82171,0.668954,0.575143
Mn_num,E5,E5_Full_Parsimonious_Easy_Panel,ElasticNet,RAW,10,0.059234,0.85804,0.781051
Mn_num,E5,E5_Full_Parsimonious_Easy_Panel,ElasticNet,RAW,11,-0.101152,2.041121,1.015071
Mn_num,E5,E5_Full_Parsimonious_Easy_Panel,ElasticNet,RAW,12,-3.561477,0.569639,0.521958
Mn_num,E5,E5_Full_Parsimonious_Easy_Panel,ElasticNet,RAW,13,-0.824134,0.964209,0.775693
Mn_num,E5,E5_Full_Parsimonious_Easy_Panel,ElasticNet,RAW,14,-0.056189,0.957493,0.837225
Mn_num,E5,E5_Full_Parsimonious_Easy_Panel,ElasticNet,RAW,15,0.083052,0.606287,0.505302
Mn_num,E5,E5_Full_Parsimonious_Easy_Panel,ElasticNet,RAW,16,-3.968763,0.557773,0.517575
Mn_num,E5,E5_Full_Parsimonious_Easy_Panel,ElasticNet,RAW,17,-0.108531,0.669539,0.574207
Mn_num,E5,E5_Full_Parsimonious_Easy_Panel,ElasticNet,RAW,18,-0.249516,2.183931,1.253815
Mn_num,E5,E5_Full_Parsimonious_Easy_Panel,ElasticNet,RAW,19,-0.18284,0.761897,0.689664
Mn_num,E5,E5_Full_Parsimonious_Easy_Panel,ElasticNet,RAW,20,-2.218434,0.79732,0.679134
Mn_num,E5,E5_Full_Parsimonious_Easy_Panel,ElasticNet,RAW,21,-0.165877,0.624521,0.540225
Mn_num,E5,E5_Full_Parsimonious_Easy_Panel,ElasticNet,RAW,22,-0.139019,2.116856,1.177061
Mn_num,E5,E5_Full_Parsimonious_Easy_Panel,ElasticNet,RAW,23,0.073017,0.695821,0.564723
Mn_num,E5,E5_Full_Parsimonious_Easy_Panel,ElasticNet,RAW,24,-17.078779,1.129217,0.909197
Mn_num,E5,E5_Full_Parsimonious_Easy_Panel,ElasticNet,RAW,25,-0.152655,0.841197,0.791765
Mn_num,E5,E5_Full_Parsimonious_Easy_Panel,ElasticNet,LOG1P,1,-0.276886,0.76579,0.673443
Mn_num,E5,E5_Full_Parsimonious_Easy_Panel,ElasticNet,LOG1P,2,-0.191276,2.142797,1.118082
Mn_num,E5,E5_Full_Parsimonious_Easy_Panel,ElasticNet,LOG1P,3,-0.23414,0.427617,0.380216
Mn_num,E5,E5_Full_Parsimonious_Easy_Panel,ElasticNet,LOG1P,4,-1.954353,0.428305,0.424831
Mn_num,E5,E5_Full_Parsimonious_Easy_Panel,ElasticNet,LOG1P,5,-0.91945,1.033805,0.783044
Mn_num,E5,E5_Full_Parsimonious_Easy_Panel,ElasticNet,LOG1P,6,-1.075941,0.742773,0.59591
Mn_num,E5,E5_Full_Parsimonious_Easy_Panel,ElasticNet,LOG1P,7,-0.198589,2.113871,1.095704
Mn_num,E5,E5_Full_Parsimonious_Easy_Panel,ElasticNet,LOG1P,8,-0.05576,0.788257,0.555927
Mn_num,E5,E5_Full_Parsimonious_Easy_Panel,ElasticNet,LOG1P,9,-1.870679,0.433952,0.359347
Mn_num,E5,E5_Full_Parsimonious_Easy_Panel,ElasticNet,LOG1P,10,0.086123,0.845689,0.660267
Mn_num,E5,E5_Full_Parsimonious_Easy_Panel,ElasticNet,LOG1P,11,-0.121702,2.06008,0.98411
Mn_num,E5,E5_Full_Parsimonious_Easy_Panel,ElasticNet,LOG1P,12,-1.135328,0.389744,0.332779
Mn_num,E5,E5_Full_Parsimonious_Easy_Panel,ElasticNet,LOG1P,13,-0.396226,0.843569,0.684716
Mn_num,E5,E5_Full_Parsimonious_Easy_Panel,ElasticNet,LOG1P,14,-0.040668,0.950431,0.72018
Mn_num,E5,E5_Full_Parsimonious_Easy_Panel,ElasticNet,LOG1P,15,-0.050786,0.649027,0.486522
Mn_num,E5,E5_Full_Parsimonious_Easy_Panel,ElasticNet,LOG1P,16,-1.045769,0.3579,0.303372
Mn_num,E5,E5_Full_Parsimonious_Easy_Panel,ElasticNet,LOG1P,17,-0.303068,0.725914,0.595595
Mn_num,E5,E5_Full_Parsimonious_Easy_Panel,ElasticNet,LOG1P,18,-0.297758,2.225691,1.270031
Mn_num,E5,E5_Full_Parsimonious_Easy_Panel,ElasticNet,LOG1P,19,0.051088,0.682411,0.523961
Mn_num,E5,E5_Full_Parsimonious_Easy_Panel,ElasticNet,LOG1P,20,-0.984872,0.626147,0.525775
Mn_num,E5,E5_Full_Parsimonious_Easy_Panel,ElasticNet,LOG1P,21,0.099374,0.5489,0.419456
Mn_num,E5,E5_Full_Parsimonious_Easy_Panel,ElasticNet,LOG1P,22,-0.169468,2.144965,1.146429
Mn_num,E5,E5_Full_Parsimonious_Easy_Panel,ElasticNet,LOG1P,23,-0.004196,0.724221,0.488966
Mn_num,E5,E5_Full_Parsimonious_Easy_Panel,ElasticNet,LOG1P,24,-11.644105,0.944358,0.686051
Mn_num,E5,E5_Full_Parsimonious_Easy_Panel,ElasticNet,LOG1P,25,-0.050432,0.803031,0.706153
Pb_num,E1,E1_Min2_FieldOnly,SVR_RBF,RAW,1,0.109222,0.260466,0.204795
Pb_num,E1,E1_Min2_FieldOnly,SVR_RBF,RAW,2,-0.394345,0.818051,0.548702
Pb_num,E1,E1_Min2_FieldOnly,SVR_RBF,RAW,3,-0.18722,2.532731,1.274355
Pb_num,E1,E1_Min2_FieldOnly,SVR_RBF,RAW,4,0.139915,0.785058,0.450991
Pb_num,E1,E1_Min2_FieldOnly,SVR_RBF,RAW,5,-0.675717,0.468056,0.363633
Pb_num,E1,E1_Min2_FieldOnly,SVR_RBF,RAW,6,0.232884,0.629239,0.425552
Pb_num,E1,E1_Min2_FieldOnly,SVR_RBF,RAW,7,0.473987,0.25549,0.222057
Pb_num,E1,E1_Min2_FieldOnly,SVR_RBF,RAW,8,-0.03666,0.877668,0.639758
Pb_num,E1,E1_Min2_FieldOnly,SVR_RBF,RAW,9,-0.167119,2.506907,1.317313
Pb_num,E1,E1_Min2_FieldOnly,SVR_RBF,RAW,10,-2.686334,0.544726,0.441022
Pb_num,E1,E1_Min2_FieldOnly,SVR_RBF,RAW,11,0.415145,0.283591,0.215912
Pb_num,E1,E1_Min2_FieldOnly,SVR_RBF,RAW,12,0.058358,0.76565,0.39144
Pb_num,E1,E1_Min2_FieldOnly,SVR_RBF,RAW,13,-0.164826,2.573699,1.492408
Pb_num,E1,E1_Min2_FieldOnly,SVR_RBF,RAW,14,-10.155232,0.321226,0.25139
Pb_num,E1,E1_Min2_FieldOnly,SVR_RBF,RAW,15,-0.974833,0.511906,0.444546
Pb_num,E1,E1_Min2_FieldOnly,SVR_RBF,RAW,16,-0.037684,2.408801,1.019158
Pb_num,E1,E1_Min2_FieldOnly,SVR_RBF,RAW,17,-0.743473,0.409562,0.292688
Pb_num,E1,E1_Min2_FieldOnly,SVR_RBF,RAW,18,-0.337154,0.419066,0.328697
Pb_num,E1,E1_Min2_FieldOnly,SVR_RBF,RAW,19,-0.19224,1.046798,0.642661
Pb_num,E1,E1_Min2_FieldOnly,SVR_RBF,RAW,20,0.313344,0.616406,0.473223
Pb_num,E1,E1_Min2_FieldOnly,SVR_RBF,RAW,21,-2.408483,0.575142,0.498242
Pb_num,E1,E1_Min2_FieldOnly,SVR_RBF,RAW,22,0.017602,2.37241,0.997677
Pb_num,E1,E1_Min2_FieldOnly,SVR_RBF,RAW,23,0.159964,0.75203,0.474694
Pb_num,E1,E1_Min2_FieldOnly,SVR_RBF,RAW,24,-0.016394,0.959769,0.567352
Pb_num,E1,E1_Min2_FieldOnly,SVR_RBF,RAW,25,-0.822479,0.452924,0.347756
Pb_num,E1,E1_Min2_FieldOnly,SVR_RBF,LOG1P,1,-0.310034,0.315869,0.262574
Pb_num,E1,E1_Min2_FieldOnly,SVR_RBF,LOG1P,2,-0.663355,0.893486,0.615314
Pb_num,E1,E1_Min2_FieldOnly,SVR_RBF,LOG1P,3,-0.233563,2.581691,1.322356
Pb_num,E1,E1_Min2_FieldOnly,SVR_RBF,LOG1P,4,0.132631,0.788375,0.495458
Pb_num,E1,E1_Min2_FieldOnly,SVR_RBF,LOG1P,5,-1.060845,0.519063,0.385962
Pb_num,E1,E1_Min2_FieldOnly,SVR_RBF,LOG1P,6,0.134476,0.668382,0.480362
Pb_num,E1,E1_Min2_FieldOnly,SVR_RBF,LOG1P,7,0.354283,0.283071,0.246131
Pb_num,E1,E1_Min2_FieldOnly,SVR_RBF,LOG1P,8,0.044796,0.842481,0.619681
Pb_num,E1,E1_Min2_FieldOnly,SVR_RBF,LOG1P,9,-0.150831,2.489353,1.319385
Pb_num,E1,E1_Min2_FieldOnly,SVR_RBF,LOG1P,10,-5.371396,0.716141,0.534319
Pb_num,E1,E1_Min2_FieldOnly,SVR_RBF,LOG1P,11,-0.731832,0.488002,0.379512
Pb_num,E1,E1_Min2_FieldOnly,SVR_RBF,LOG1P,12,0.089889,0.752722,0.386279
Pb_num,E1,E1_Min2_FieldOnly,SVR_RBF,LOG1P,13,-0.143854,2.550424,1.479683
Pb_num,E1,E1_Min2_FieldOnly,SVR_RBF,LOG1P,14,-11.471359,0.339647,0.25608
Pb_num,E1,E1_Min2_FieldOnly,SVR_RBF,LOG1P,15,-2.193523,0.650969,0.552594
Pb_num,E1,E1_Min2_FieldOnly,SVR_RBF,LOG1P,16,-0.014299,2.381505,0.998697
Pb_num,E1,E1_Min2_FieldOnly,SVR_RBF,LOG1P,17,-2.404188,0.572294,0.351351
Pb_num,E1,E1_Min2_FieldOnly,SVR_RBF,LOG1P,18,-0.568388,0.453857,0.369301
Pb_num,E1,E1_Min2_FieldOnly,SVR_RBF,LOG1P,19,-0.137782,1.022611,0.667411
Pb_num,E1,E1_Min2_FieldOnly,SVR_RBF,LOG1P,20,0.353354,0.598179,0.467951
Pb_num,E1,E1_Min2_FieldOnly,SVR_RBF,LOG1P,21,-5.32935,0.783743,0.624698
Pb_num,E1,E1_Min2_FieldOnly,SVR_RBF,LOG1P,22,0.024265,2.364351,0.992728
Pb_num,E1,E1_Min2_FieldOnly,SVR_RBF,LOG1P,23,0.243309,0.713749,0.4776
Pb_num,E1,E1_Min2_FieldOnly,SVR_RBF,LOG1P,24,0.02804,0.938556,0.569214
Pb_num,E1,E1_Min2_FieldOnly,SVR_RBF,LOG1P,25,-2.453032,0.623439,0.407471
Pb_num,E1,E1_Min2_FieldOnly,PLS,RAW,1,-1.945496,0.473637,0.350966
Pb_num,E1,E1_Min2_FieldOnly,PLS,RAW,2,-1.709461,1.140346,0.805643
Pb_num,E1,E1_Min2_FieldOnly,PLS,RAW,3,-0.153668,2.496686,1.353405
Pb_num,E1,E1_Min2_FieldOnly,PLS,RAW,4,0.121841,0.793263,0.592688
Pb_num,E1,E1_Min2_FieldOnly,PLS,RAW,5,-0.861444,0.493313,0.318649
Pb_num,E1,E1_Min2_FieldOnly,PLS,RAW,6,0.236189,0.627882,0.519393
Pb_num,E1,E1_Min2_FieldOnly,PLS,RAW,7,-2.221443,0.632267,0.484219
Pb_num,E1,E1_Min2_FieldOnly,PLS,RAW,8,0.507324,0.605052,0.42704
Pb_num,E1,E1_Min2_FieldOnly,PLS,RAW,9,-0.066304,2.39619,1.277184
Pb_num,E1,E1_Min2_FieldOnly,PLS,RAW,10,-11.905109,1.019206,0.699217
Pb_num,E1,E1_Min2_FieldOnly,PLS,RAW,11,-8.823212,1.162239,0.906711
Pb_num,E1,E1_Min2_FieldOnly,PLS,RAW,12,0.432957,0.594148,0.40921
Pb_num,E1,E1_Min2_FieldOnly,PLS,RAW,13,-0.087867,2.487226,1.440255
Pb_num,E1,E1_Min2_FieldOnly,PLS,RAW,14,-33.985898,0.568876,0.471589
Pb_num,E1,E1_Min2_FieldOnly,PLS,RAW,15,-1.105733,0.5286,0.331689
Pb_num,E1,E1_Min2_FieldOnly,PLS,RAW,16,0.038837,2.318286,1.01442
Pb_num,E1,E1_Min2_FieldOnly,PLS,RAW,17,-2.161184,0.551489,0.414993
Pb_num,E1,E1_Min2_FieldOnly,PLS,RAW,18,-3.809335,0.794757,0.55526
Pb_num,E1,E1_Min2_FieldOnly,PLS,RAW,19,-0.272797,1.081585,0.757633
Pb_num,E1,E1_Min2_FieldOnly,PLS,RAW,20,0.430233,0.561495,0.391487
Pb_num,E1,E1_Min2_FieldOnly,PLS,RAW,21,-9.577912,1.013198,0.70273
Pb_num,E1,E1_Min2_FieldOnly,PLS,RAW,22,0.051836,2.330707,1.062273
Pb_num,E1,E1_Min2_FieldOnly,PLS,RAW,23,0.248372,0.711357,0.527042
Pb_num,E1,E1_Min2_FieldOnly,PLS,RAW,24,-0.085145,0.991699,0.670993
Pb_num,E1,E1_Min2_FieldOnly,PLS,RAW,25,-3.619137,0.721065,0.544662
Pb_num,E1,E1_Min2_FieldOnly,PLS,LOG1P,1,-0.296875,0.314279,0.260254
Pb_num,E1,E1_Min2_FieldOnly,PLS,LOG1P,2,-0.725865,0.91012,0.614665
Pb_num,E1,E1_Min2_FieldOnly,PLS,LOG1P,3,-0.176336,2.521095,1.338508
Pb_num,E1,E1_Min2_FieldOnly,PLS,LOG1P,4,0.251528,0.73235,0.492584
Pb_num,E1,E1_Min2_FieldOnly,PLS,LOG1P,5,-0.063487,0.372875,0.302226
Pb_num,E1,E1_Min2_FieldOnly,PLS,LOG1P,6,0.33155,0.587381,0.430712
Pb_num,E1,E1_Min2_FieldOnly,PLS,LOG1P,7,-0.285696,0.399433,0.329291
Pb_num,E1,E1_Min2_FieldOnly,PLS,LOG1P,8,0.345805,0.697214,0.430268
Pb_num,E1,E1_Min2_FieldOnly,PLS,LOG1P,9,-0.104663,2.438909,1.282162
Pb_num,E1,E1_Min2_FieldOnly,PLS,LOG1P,10,-5.396918,0.717574,0.547218
Pb_num,E1,E1_Min2_FieldOnly,PLS,LOG1P,11,-2.599374,0.703529,0.526172
Pb_num,E1,E1_Min2_FieldOnly,PLS,LOG1P,12,0.26455,0.676649,0.397343
Pb_num,E1,E1_Min2_FieldOnly,PLS,LOG1P,13,-0.111884,2.514531,1.440636
Pb_num,E1,E1_Min2_FieldOnly,PLS,LOG1P,14,-17.961312,0.418798,0.34821
Pb_num,E1,E1_Min2_FieldOnly,PLS,LOG1P,15,-0.26632,0.409918,0.360694
Pb_num,E1,E1_Min2_FieldOnly,PLS,LOG1P,16,0.001479,2.36291,1.020844
Pb_num,E1,E1_Min2_FieldOnly,PLS,LOG1P,17,-0.682315,0.402315,0.334524
Pb_num,E1,E1_Min2_FieldOnly,PLS,LOG1P,18,-1.332933,0.553532,0.44107
Pb_num,E1,E1_Min2_FieldOnly,PLS,LOG1P,19,-0.153629,1.029708,0.677814
Pb_num,E1,E1_Min2_FieldOnly,PLS,LOG1P,20,0.428174,0.562509,0.372594
Pb_num,E1,E1_Min2_FieldOnly,PLS,LOG1P,21,-3.787327,0.681618,0.559688
Pb_num,E1,E1_Min2_FieldOnly,PLS,LOG1P,22,0.027673,2.360219,1.042585
Pb_num,E1,E1_Min2_FieldOnly,PLS,LOG1P,23,0.240485,0.71508,0.474928
Pb_num,E1,E1_Min2_FieldOnly,PLS,LOG1P,24,0.071927,0.917122,0.578967
Pb_num,E1,E1_Min2_FieldOnly,PLS,LOG1P,25,-0.682994,0.435246,0.363277
Pb_num,E1,E1_Min2_FieldOnly,Lasso,RAW,1,-1.476587,0.434303,0.315245
Pb_num,E1,E1_Min2_FieldOnly,Lasso,RAW,2,-1.205143,1.028759,0.718207
Pb_num,E1,E1_Min2_FieldOnly,Lasso,RAW,3,-0.195914,2.541988,1.373384
Pb_num,E1,E1_Min2_FieldOnly,Lasso,RAW,4,0.265294,0.725584,0.536874
Pb_num,E1,E1_Min2_FieldOnly,Lasso,RAW,5,-0.636134,0.462495,0.336652
Pb_num,E1,E1_Min2_FieldOnly,Lasso,RAW,6,0.267635,0.614822,0.491931
Pb_num,E1,E1_Min2_FieldOnly,Lasso,RAW,7,-1.505356,0.557583,0.474783
Pb_num,E1,E1_Min2_FieldOnly,Lasso,RAW,8,0.39326,0.67145,0.460125
Pb_num,E1,E1_Min2_FieldOnly,Lasso,RAW,9,-0.142557,2.480388,1.317012
Pb_num,E1,E1_Min2_FieldOnly,Lasso,RAW,10,-7.055681,0.805253,0.586476
Pb_num,E1,E1_Min2_FieldOnly,Lasso,RAW,11,-4.117116,0.838844,0.652443
Pb_num,E1,E1_Min2_FieldOnly,Lasso,RAW,12,0.350804,0.635733,0.426915
Pb_num,E1,E1_Min2_FieldOnly,Lasso,RAW,13,-0.182282,2.592912,1.496744
Pb_num,E1,E1_Min2_FieldOnly,Lasso,RAW,14,-36.378878,0.588009,0.533915
Pb_num,E1,E1_Min2_FieldOnly,Lasso,RAW,15,-0.585126,0.458624,0.332893
Pb_num,E1,E1_Min2_FieldOnly,Lasso,RAW,16,-0.051441,2.424717,1.14554
Pb_num,E1,E1_Min2_FieldOnly,Lasso,RAW,17,-1.951771,0.53291,0.441642
Pb_num,E1,E1_Min2_FieldOnly,Lasso,RAW,18,-2.325618,0.660888,0.483502
Pb_num,E1,E1_Min2_FieldOnly,Lasso,RAW,19,-0.165416,1.034955,0.700122
Pb_num,E1,E1_Min2_FieldOnly,Lasso,RAW,20,0.437931,0.557689,0.395254
Pb_num,E1,E1_Min2_FieldOnly,Lasso,RAW,21,-5.390543,0.787523,0.558348
Pb_num,E1,E1_Min2_FieldOnly,Lasso,RAW,22,-0.01828,2.415348,1.145212
Pb_num,E1,E1_Min2_FieldOnly,Lasso,RAW,23,0.22089,0.724245,0.549615
Pb_num,E1,E1_Min2_FieldOnly,Lasso,RAW,24,0.013981,0.945319,0.629726
Pb_num,E1,E1_Min2_FieldOnly,Lasso,RAW,25,-2.192749,0.599482,0.495528
Pb_num,E1,E1_Min2_FieldOnly,Lasso,LOG1P,1,-0.25686,0.309392,0.281831
Pb_num,E1,E1_Min2_FieldOnly,Lasso,LOG1P,2,-0.191688,0.756269,0.517233
Pb_num,E1,E1_Min2_FieldOnly,Lasso,LOG1P,3,-0.255827,2.604884,1.376255
Pb_num,E1,E1_Min2_FieldOnly,Lasso,LOG1P,4,0.087975,0.808415,0.509088
Pb_num,E1,E1_Min2_FieldOnly,Lasso,LOG1P,5,0.063305,0.349943,0.323142
Pb_num,E1,E1_Min2_FieldOnly,Lasso,LOG1P,6,0.046402,0.701565,0.444384
Pb_num,E1,E1_Min2_FieldOnly,Lasso,LOG1P,7,-0.205715,0.38681,0.346402
Pb_num,E1,E1_Min2_FieldOnly,Lasso,LOG1P,8,-0.003741,0.863621,0.625257
Pb_num,E1,E1_Min2_FieldOnly,Lasso,LOG1P,9,-0.243707,2.587853,1.349246
Pb_num,E1,E1_Min2_FieldOnly,Lasso,LOG1P,10,-0.474057,0.34446,0.305159
Pb_num,E1,E1_Min2_FieldOnly,Lasso,LOG1P,11,0.095025,0.352766,0.319464
Pb_num,E1,E1_Min2_FieldOnly,Lasso,LOG1P,12,0.032854,0.775949,0.42136
Pb_num,E1,E1_Min2_FieldOnly,Lasso,LOG1P,13,-0.266466,2.683639,1.54375
Pb_num,E1,E1_Min2_FieldOnly,Lasso,LOG1P,14,-22.225331,0.463502,0.443255
Pb_num,E1,E1_Min2_FieldOnly,Lasso,LOG1P,15,-0.139211,0.388801,0.344949
Pb_num,E1,E1_Min2_FieldOnly,Lasso,LOG1P,16,-0.104671,2.485336,1.173499
Pb_num,E1,E1_Min2_FieldOnly,Lasso,LOG1P,17,-0.460999,0.374919,0.356235
Pb_num,E1,E1_Min2_FieldOnly,Lasso,LOG1P,18,0.059972,0.351368,0.322382
Pb_num,E1,E1_Min2_FieldOnly,Lasso,LOG1P,19,-0.139531,1.023397,0.650284
Pb_num,E1,E1_Min2_FieldOnly,Lasso,LOG1P,20,0.078458,0.714093,0.439454
Pb_num,E1,E1_Min2_FieldOnly,Lasso,LOG1P,21,-0.197847,0.340953,0.300584
Pb_num,E1,E1_Min2_FieldOnly,Lasso,LOG1P,22,-0.057047,2.460896,1.128974
Pb_num,E1,E1_Min2_FieldOnly,Lasso,LOG1P,23,0.059724,0.795635,0.496088
Pb_num,E1,E1_Min2_FieldOnly,Lasso,LOG1P,24,-0.03645,0.969193,0.6924
Pb_num,E1,E1_Min2_FieldOnly,Lasso,LOG1P,25,-0.332327,0.387257,0.37119
Pb_num,E1,E1_Min2_FieldOnly,Ridge,RAW,1,-1.830969,0.464337,0.338712
Pb_num,E1,E1_Min2_FieldOnly,Ridge,RAW,2,-1.606923,1.11856,0.787343
Pb_num,E1,E1_Min2_FieldOnly,Ridge,RAW,3,-0.159239,2.502707,1.357652
Pb_num,E1,E1_Min2_FieldOnly,Ridge,RAW,4,0.154793,0.778238,0.58134
Pb_num,E1,E1_Min2_FieldOnly,Ridge,RAW,5,-0.81748,0.487452,0.321176
Pb_num,E1,E1_Min2_FieldOnly,Ridge,RAW,6,0.249397,0.62243,0.513918
Pb_num,E1,E1_Min2_FieldOnly,Ridge,RAW,7,-2.091264,0.61936,0.47895
Pb_num,E1,E1_Min2_FieldOnly,Ridge,RAW,8,0.497313,0.611169,0.42823
Pb_num,E1,E1_Min2_FieldOnly,Ridge,RAW,9,-0.072353,2.402977,1.280457
Pb_num,E1,E1_Min2_FieldOnly,Ridge,RAW,10,-10.821547,0.97548,0.667029
Pb_num,E1,E1_Min2_FieldOnly,Ridge,RAW,11,-7.653898,1.090874,0.852211
Pb_num,E1,E1_Min2_FieldOnly,Ridge,RAW,12,0.423721,0.598968,0.408334
Pb_num,E1,E1_Min2_FieldOnly,Ridge,RAW,13,-0.093472,2.493625,1.440695
Pb_num,E1,E1_Min2_FieldOnly,Ridge,RAW,14,-34.158983,0.570281,0.480441
Pb_num,E1,E1_Min2_FieldOnly,Ridge,RAW,15,-1.001463,0.515346,0.331083
Pb_num,E1,E1_Min2_FieldOnly,Ridge,RAW,16,0.032684,2.325695,1.019221
Pb_num,E1,E1_Min2_FieldOnly,Ridge,RAW,17,-2.114535,0.547405,0.41658
Pb_num,E1,E1_Min2_FieldOnly,Ridge,RAW,18,-3.519008,0.770395,0.541629
Pb_num,E1,E1_Min2_FieldOnly,Ridge,RAW,19,-0.251346,1.072432,0.745891
Pb_num,E1,E1_Min2_FieldOnly,Ridge,RAW,20,0.440102,0.556611,0.386252
Pb_num,E1,E1_Min2_FieldOnly,Ridge,RAW,21,-8.637896,0.967131,0.673493
Pb_num,E1,E1_Min2_FieldOnly,Ridge,RAW,22,0.047287,2.336292,1.065613
Pb_num,E1,E1_Min2_FieldOnly,Ridge,RAW,23,0.246809,0.712096,0.530145
Pb_num,E1,E1_Min2_FieldOnly,Ridge,RAW,24,-0.0605,0.980373,0.66232
Pb_num,E1,E1_Min2_FieldOnly,Ridge,RAW,25,-3.327924,0.697965,0.529961
Pb_num,E1,E1_Min2_FieldOnly,Ridge,LOG1P,1,-0.25631,0.309325,0.257345
Pb_num,E1,E1_Min2_FieldOnly,Ridge,LOG1P,2,-0.677751,0.897344,0.606319
Pb_num,E1,E1_Min2_FieldOnly,Ridge,LOG1P,3,-0.182585,2.527782,1.343375
Pb_num,E1,E1_Min2_FieldOnly,Ridge,LOG1P,4,0.258875,0.728746,0.485209
Pb_num,E1,E1_Min2_FieldOnly,Ridge,LOG1P,5,-0.042529,0.369183,0.301761
Pb_num,E1,E1_Min2_FieldOnly,Ridge,LOG1P,6,0.323301,0.590994,0.42763
Pb_num,E1,E1_Min2_FieldOnly,Ridge,LOG1P,7,-0.225491,0.389969,0.322761
Pb_num,E1,E1_Min2_FieldOnly,Ridge,LOG1P,8,0.334111,0.703417,0.433745
Pb_num,E1,E1_Min2_FieldOnly,Ridge,LOG1P,9,-0.111746,2.446716,1.285737
Pb_num,E1,E1_Min2_FieldOnly,Ridge,LOG1P,10,-4.656936,0.674795,0.522713
Pb_num,E1,E1_Min2_FieldOnly,Ridge,LOG1P,11,-1.994253,0.641672,0.488334
Pb_num,E1,E1_Min2_FieldOnly,Ridge,LOG1P,12,0.254128,0.681427,0.397086
Pb_num,E1,E1_Min2_FieldOnly,Ridge,LOG1P,13,-0.118657,2.522178,1.443941
Pb_num,E1,E1_Min2_FieldOnly,Ridge,LOG1P,14,-17.94293,0.418595,0.352424
Pb_num,E1,E1_Min2_FieldOnly,Ridge,LOG1P,15,-0.222371,0.402742,0.357016
Pb_num,E1,E1_Min2_FieldOnly,Ridge,LOG1P,16,-0.004921,2.37047,1.030029
Pb_num,E1,E1_Min2_FieldOnly,Ridge,LOG1P,17,-0.650727,0.39852,0.335595
Pb_num,E1,E1_Min2_FieldOnly,Ridge,LOG1P,18,-1.148286,0.531175,0.432061
Pb_num,E1,E1_Min2_FieldOnly,Ridge,LOG1P,19,-0.152143,1.029045,0.675517
Pb_num,E1,E1_Min2_FieldOnly,Ridge,LOG1P,20,0.41885,0.567076,0.369152
Pb_num,E1,E1_Min2_FieldOnly,Ridge,LOG1P,21,-3.223338,0.64021,0.53756
Pb_num,E1,E1_Min2_FieldOnly,Ridge,LOG1P,22,0.022819,2.366102,1.045734
Pb_num,E1,E1_Min2_FieldOnly,Ridge,LOG1P,23,0.233045,0.718573,0.473166
Pb_num,E1,E1_Min2_FieldOnly,Ridge,LOG1P,24,0.070033,0.918057,0.577774
Pb_num,E1,E1_Min2_FieldOnly,Ridge,LOG1P,25,-0.555151,0.418389,0.354962
Pb_num,E1,E1_Min2_FieldOnly,ElasticNet,RAW,1,-1.55051,0.440737,0.319797
Pb_num,E1,E1_Min2_FieldOnly,ElasticNet,RAW,2,-1.315512,1.05419,0.731506
Pb_num,E1,E1_Min2_FieldOnly,ElasticNet,RAW,3,-0.184764,2.53011,1.372182
Pb_num,E1,E1_Min2_FieldOnly,ElasticNet,RAW,4,0.240389,0.737779,0.545717
Pb_num,E1,E1_Min2_FieldOnly,ElasticNet,RAW,5,-0.68695,0.469622,0.331032
Pb_num,E1,E1_Min2_FieldOnly,ElasticNet,RAW,6,0.271922,0.61302,0.498044
Pb_num,E1,E1_Min2_FieldOnly,ElasticNet,RAW,7,-1.678139,0.57649,0.476308
Pb_num,E1,E1_Min2_FieldOnly,ElasticNet,RAW,8,0.440358,0.644863,0.447307
Pb_num,E1,E1_Min2_FieldOnly,ElasticNet,RAW,9,-0.110818,2.445694,1.300873
Pb_num,E1,E1_Min2_FieldOnly,ElasticNet,RAW,10,-8.045824,0.853307,0.604645
Pb_num,E1,E1_Min2_FieldOnly,ElasticNet,RAW,11,-4.982471,0.907003,0.707917
Pb_num,E1,E1_Min2_FieldOnly,ElasticNet,RAW,12,0.380526,0.62101,0.418091
Pb_num,E1,E1_Min2_FieldOnly,ElasticNet,RAW,13,-0.139628,2.54571,1.469286
Pb_num,E1,E1_Min2_FieldOnly,ElasticNet,RAW,14,-35.358425,0.579927,0.514607
Pb_num,E1,E1_Min2_FieldOnly,ElasticNet,RAW,15,-0.699191,0.474839,0.331284
Pb_num,E1,E1_Min2_FieldOnly,ElasticNet,RAW,16,-0.026506,2.395793,1.104737
Pb_num,E1,E1_Min2_FieldOnly,ElasticNet,RAW,17,-1.989499,0.536304,0.432076
Pb_num,E1,E1_Min2_FieldOnly,ElasticNet,RAW,18,-2.67263,0.694513,0.497873
Pb_num,E1,E1_Min2_FieldOnly,ElasticNet,RAW,19,-0.189619,1.045647,0.708832
Pb_num,E1,E1_Min2_FieldOnly,ElasticNet,RAW,20,0.450756,0.55129,0.38504
Pb_num,E1,E1_Min2_FieldOnly,ElasticNet,RAW,21,-6.238631,0.838151,0.590987
Pb_num,E1,E1_Min2_FieldOnly,ElasticNet,RAW,22,0.002967,2.390016,1.117656
Pb_num,E1,E1_Min2_FieldOnly,ElasticNet,RAW,23,0.233345,0.718433,0.542461
Pb_num,E1,E1_Min2_FieldOnly,ElasticNet,RAW,24,0.000982,0.95153,0.630773
Pb_num,E1,E1_Min2_FieldOnly,ElasticNet,RAW,25,-2.513087,0.628837,0.503796
Pb_num,E1,E1_Min2_FieldOnly,ElasticNet,LOG1P,1,-0.113536,0.291218,0.259449
Pb_num,E1,E1_Min2_FieldOnly,ElasticNet,LOG1P,2,-0.375197,0.812414,0.546559
Pb_num,E1,E1_Min2_FieldOnly,ElasticNet,LOG1P,3,-0.233734,2.58187,1.374707
Pb_num,E1,E1_Min2_FieldOnly,ElasticNet,LOG1P,4,0.233531,0.741102,0.46221
Pb_num,E1,E1_Min2_FieldOnly,ElasticNet,LOG1P,5,0.064883,0.349647,0.310425
Pb_num,E1,E1_Min2_FieldOnly,ElasticNet,LOG1P,6,0.195122,0.644541,0.427841
Pb_num,E1,E1_Min2_FieldOnly,ElasticNet,LOG1P,7,-0.006754,0.353457,0.280373
Pb_num,E1,E1_Min2_FieldOnly,ElasticNet,LOG1P,8,0.195181,0.773324,0.517813
Pb_num,E1,E1_Min2_FieldOnly,ElasticNet,LOG1P,9,-0.188422,2.529682,1.323767
Pb_num,E1,E1_Min2_FieldOnly,ElasticNet,LOG1P,10,-1.347801,0.434722,0.385589
Pb_num,E1,E1_Min2_FieldOnly,ElasticNet,LOG1P,11,0.177202,0.336368,0.28545
Pb_num,E1,E1_Min2_FieldOnly,ElasticNet,LOG1P,12,0.144328,0.729862,0.402493
Pb_num,E1,E1_Min2_FieldOnly,ElasticNet,LOG1P,13,-0.208334,2.621324,1.498378
Pb_num,E1,E1_Min2_FieldOnly,ElasticNet,LOG1P,14,-19.356322,0.433931,0.397972
Pb_num,E1,E1_Min2_FieldOnly,ElasticNet,LOG1P,15,-0.047163,0.372763,0.344955
Pb_num,E1,E1_Min2_FieldOnly,ElasticNet,LOG1P,16,-0.085382,2.463541,1.141279
Pb_num,E1,E1_Min2_FieldOnly,ElasticNet,LOG1P,17,-0.469098,0.375956,0.345046
Pb_num,E1,E1_Min2_FieldOnly,ElasticNet,LOG1P,18,-0.200751,0.397117,0.367538
Pb_num,E1,E1_Min2_FieldOnly,ElasticNet,LOG1P,19,-0.142039,1.024522,0.655698
Pb_num,E1,E1_Min2_FieldOnly,ElasticNet,LOG1P,20,0.260663,0.639615,0.393465
Pb_num,E1,E1_Min2_FieldOnly,ElasticNet,LOG1P,21,-0.762254,0.41355,0.39767
Pb_num,E1,E1_Min2_FieldOnly,ElasticNet,LOG1P,22,-0.043233,2.444762,1.108027
Pb_num,E1,E1_Min2_FieldOnly,ElasticNet,LOG1P,23,0.149998,0.756478,0.481189
Pb_num,E1,E1_Min2_FieldOnly,ElasticNet,LOG1P,24,0.031202,0.937028,0.617032
Pb_num,E1,E1_Min2_FieldOnly,ElasticNet,LOG1P,25,-0.071775,0.347333,0.303884
Pb_num,E2,E2_Min3_Field_Plus_Depth,SVR_RBF,RAW,1,-0.023293,0.279168,0.227514
Pb_num,E2,E2_Min3_Field_Plus_Depth,SVR_RBF,RAW,2,-0.834229,0.938257,0.666015
Pb_num,E2,E2_Min3_Field_Plus_Depth,SVR_RBF,RAW,3,-0.157619,2.500958,1.31306
Pb_num,E2,E2_Min3_Field_Plus_Depth,SVR_RBF,RAW,4,0.180556,0.766285,0.471582
Pb_num,E2,E2_Min3_Field_Plus_Depth,SVR_RBF,RAW,5,-0.680672,0.468748,0.357535
Pb_num,E2,E2_Min3_Field_Plus_Depth,SVR_RBF,RAW,6,0.01199,0.714111,0.51346
Pb_num,E2,E2_Min3_Field_Plus_Depth,SVR_RBF,RAW,7,0.003835,0.351593,0.304149
Pb_num,E2,E2_Min3_Field_Plus_Depth,SVR_RBF,RAW,8,0.122404,0.807532,0.605866
Pb_num,E2,E2_Min3_Field_Plus_Depth,SVR_RBF,RAW,9,-0.170656,2.510703,1.310187
Pb_num,E2,E2_Min3_Field_Plus_Depth,SVR_RBF,RAW,10,-3.208263,0.582013,0.402706
Pb_num,E2,E2_Min3_Field_Plus_Depth,SVR_RBF,RAW,11,0.350702,0.298807,0.263162
Pb_num,E2,E2_Min3_Field_Plus_Depth,SVR_RBF,RAW,12,0.10905,0.744756,0.440232
Pb_num,E2,E2_Min3_Field_Plus_Depth,SVR_RBF,RAW,13,-0.20743,2.620343,1.568093
Pb_num,E2,E2_Min3_Field_Plus_Depth,SVR_RBF,RAW,14,-16.257708,0.399542,0.324241
Pb_num,E2,E2_Min3_Field_Plus_Depth,SVR_RBF,RAW,15,-1.903811,0.62074,0.5653
Pb_num,E2,E2_Min3_Field_Plus_Depth,SVR_RBF,RAW,16,-0.04428,2.416446,1.058599
Pb_num,E2,E2_Min3_Field_Plus_Depth,SVR_RBF,RAW,17,-2.466006,0.577467,0.423692
Pb_num,E2,E2_Min3_Field_Plus_Depth,SVR_RBF,RAW,18,0.103223,0.34319,0.285985
Pb_num,E2,E2_Min3_Field_Plus_Depth,SVR_RBF,RAW,19,-0.116828,1.013151,0.675175
Pb_num,E2,E2_Min3_Field_Plus_Depth,SVR_RBF,RAW,20,0.155894,0.683433,0.561804
Pb_num,E2,E2_Min3_Field_Plus_Depth,SVR_RBF,RAW,21,-1.790971,0.520442,0.409465
Pb_num,E2,E2_Min3_Field_Plus_Depth,SVR_RBF,RAW,22,0.012483,2.378583,1.04192
Pb_num,E2,E2_Min3_Field_Plus_Depth,SVR_RBF,RAW,23,0.209102,0.729703,0.450371
Pb_num,E2,E2_Min3_Field_Plus_Depth,SVR_RBF,RAW,24,-0.132549,1.013128,0.631902
Pb_num,E2,E2_Min3_Field_Plus_Depth,SVR_RBF,RAW,25,-1.941417,0.575403,0.401489
Pb_num,E2,E2_Min3_Field_Plus_Depth,SVR_RBF,LOG1P,1,-0.098587,0.289257,0.241661
Pb_num,E2,E2_Min3_Field_Plus_Depth,SVR_RBF,LOG1P,2,-1.429032,1.079722,0.73864
Pb_num,E2,E2_Min3_Field_Plus_Depth,SVR_RBF,LOG1P,3,-0.196648,2.542768,1.363118
Pb_num,E2,E2_Min3_Field_Plus_Depth,SVR_RBF,LOG1P,4,0.181606,0.765794,0.46148
Pb_num,E2,E2_Min3_Field_Plus_Depth,SVR_RBF,LOG1P,5,-1.271627,0.544962,0.390118
Pb_num,E2,E2_Min3_Field_Plus_Depth,SVR_RBF,LOG1P,6,-0.054424,0.737722,0.536448
Pb_num,E2,E2_Min3_Field_Plus_Depth,SVR_RBF,LOG1P,7,-0.181977,0.382983,0.316301
Pb_num,E2,E2_Min3_Field_Plus_Depth,SVR_RBF,LOG1P,8,0.129837,0.804104,0.603278
Pb_num,E2,E2_Min3_Field_Plus_Depth,SVR_RBF,LOG1P,9,-0.146096,2.484227,1.313043
Pb_num,E2,E2_Min3_Field_Plus_Depth,SVR_RBF,LOG1P,10,-7.969115,0.849681,0.530484
Pb_num,E2,E2_Min3_Field_Plus_Depth,SVR_RBF,LOG1P,11,0.136942,0.344499,0.317788
Pb_num,E2,E2_Min3_Field_Plus_Depth,SVR_RBF,LOG1P,12,0.1264,0.737468,0.454159
Pb_num,E2,E2_Min3_Field_Plus_Depth,SVR_RBF,LOG1P,13,-0.186896,2.597966,1.569961
Pb_num,E2,E2_Min3_Field_Plus_Depth,SVR_RBF,LOG1P,14,-11.338772,0.337837,0.246798
Pb_num,E2,E2_Min3_Field_Plus_Depth,SVR_RBF,LOG1P,15,-5.626919,0.937737,0.791897
Pb_num,E2,E2_Min3_Field_Plus_Depth,SVR_RBF,LOG1P,16,-0.034683,2.405316,1.084792
Pb_num,E2,E2_Min3_Field_Plus_Depth,SVR_RBF,LOG1P,17,-3.867958,0.684362,0.4593
Pb_num,E2,E2_Min3_Field_Plus_Depth,SVR_RBF,LOG1P,18,0.173621,0.329444,0.259511
Pb_num,E2,E2_Min3_Field_Plus_Depth,SVR_RBF,LOG1P,19,-0.081095,0.996811,0.671748
Pb_num,E2,E2_Min3_Field_Plus_Depth,SVR_RBF,LOG1P,20,-0.875459,1.018712,0.732967
Pb_num,E2,E2_Min3_Field_Plus_Depth,SVR_RBF,LOG1P,21,-5.540944,0.796736,0.521491
Pb_num,E2,E2_Min3_Field_Plus_Depth,SVR_RBF,LOG1P,22,0.011312,2.379994,1.05766
Pb_num,E2,E2_Min3_Field_Plus_Depth,SVR_RBF,LOG1P,23,0.20612,0.731078,0.451578
Pb_num,E2,E2_Min3_Field_Plus_Depth,SVR_RBF,LOG1P,24,-0.077086,0.98801,0.623173
Pb_num,E2,E2_Min3_Field_Plus_Depth,SVR_RBF,LOG1P,25,-2.937107,0.665706,0.442922
Pb_num,E2,E2_Min3_Field_Plus_Depth,PLS,RAW,1,-6.241621,0.74265,0.47862
Pb_num,E2,E2_Min3_Field_Plus_Depth,PLS,RAW,2,-2.167162,1.232907,0.945459
Pb_num,E2,E2_Min3_Field_Plus_Depth,PLS,RAW,3,-0.129596,2.470501,1.338562
Pb_num,E2,E2_Min3_Field_Plus_Depth,PLS,RAW,4,0.348858,0.683076,0.5284
Pb_num,E2,E2_Min3_Field_Plus_Depth,PLS,RAW,5,-1.325025,0.55133,0.343083
Pb_num,E2,E2_Min3_Field_Plus_Depth,PLS,RAW,6,-0.710887,0.939715,0.71167
Pb_num,E2,E2_Min3_Field_Plus_Depth,PLS,RAW,7,-1.86087,0.595832,0.54258
Pb_num,E2,E2_Min3_Field_Plus_Depth,PLS,RAW,8,0.503474,0.607412,0.40455
Pb_num,E2,E2_Min3_Field_Plus_Depth,PLS,RAW,9,-0.043015,2.369878,1.277353
Pb_num,E2,E2_Min3_Field_Plus_Depth,PLS,RAW,10,-9.273803,0.909383,0.657644
Pb_num,E2,E2_Min3_Field_Plus_Depth,PLS,RAW,11,-3.806828,0.813014,0.633652
Pb_num,E2,E2_Min3_Field_Plus_Depth,PLS,RAW,12,0.428348,0.596559,0.454437
Pb_num,E2,E2_Min3_Field_Plus_Depth,PLS,RAW,13,-0.048995,2.442384,1.474378
Pb_num,E2,E2_Min3_Field_Plus_Depth,PLS,RAW,14,-27.141868,0.510208,0.375821
Pb_num,E2,E2_Min3_Field_Plus_Depth,PLS,RAW,15,-1.571459,0.584137,0.383934
Pb_num,E2,E2_Min3_Field_Plus_Depth,PLS,RAW,16,0.052821,2.30136,1.010136
Pb_num,E2,E2_Min3_Field_Plus_Depth,PLS,RAW,17,-5.098351,0.765982,0.64782
Pb_num,E2,E2_Min3_Field_Plus_Depth,PLS,RAW,18,-2.157752,0.643992,0.446419
Pb_num,E2,E2_Min3_Field_Plus_Depth,PLS,RAW,19,-0.310747,1.097591,0.8098
Pb_num,E2,E2_Min3_Field_Plus_Depth,PLS,RAW,20,-0.485547,0.906652,0.576772
Pb_num,E2,E2_Min3_Field_Plus_Depth,PLS,RAW,21,-7.853457,0.926938,0.671596
Pb_num,E2,E2_Min3_Field_Plus_Depth,PLS,RAW,22,0.069875,2.30843,1.057592
Pb_num,E2,E2_Min3_Field_Plus_Depth,PLS,RAW,23,0.329341,0.67195,0.529654
Pb_num,E2,E2_Min3_Field_Plus_Depth,PLS,RAW,24,-0.41301,1.131641,0.775405
Pb_num,E2,E2_Min3_Field_Plus_Depth,PLS,RAW,25,-3.903567,0.742933,0.577545
Pb_num,E2,E2_Min3_Field_Plus_Depth,PLS,LOG1P,1,-0.17734,0.299445,0.255721
Pb_num,E2,E2_Min3_Field_Plus_Depth,PLS,LOG1P,2,-0.897519,0.954307,0.687799
Pb_num,E2,E2_Min3_Field_Plus_Depth,PLS,LOG1P,3,-0.154048,2.497098,1.324637
Pb_num,E2,E2_Min3_Field_Plus_Depth,PLS,LOG1P,4,0.359877,0.677271,0.43588
Pb_num,E2,E2_Min3_Field_Plus_Depth,PLS,LOG1P,5,-0.158897,0.389242,0.289948
Pb_num,E2,E2_Min3_Field_Plus_Depth,PLS,LOG1P,6,0.447889,0.533825,0.456128
Pb_num,E2,E2_Min3_Field_Plus_Depth,PLS,LOG1P,7,0.059982,0.341541,0.306471
Pb_num,E2,E2_Min3_Field_Plus_Depth,PLS,LOG1P,8,0.349952,0.695,0.445574
Pb_num,E2,E2_Min3_Field_Plus_Depth,PLS,LOG1P,9,-0.081513,2.413218,1.280567
Pb_num,E2,E2_Min3_Field_Plus_Depth,PLS,LOG1P,10,-3.462963,0.599367,0.460654
Pb_num,E2,E2_Min3_Field_Plus_Depth,PLS,LOG1P,11,0.054346,0.360608,0.321387
Pb_num,E2,E2_Min3_Field_Plus_Depth,PLS,LOG1P,12,0.289106,0.665257,0.402802
Pb_num,E2,E2_Min3_Field_Plus_Depth,PLS,LOG1P,13,-0.06471,2.460611,1.440183
Pb_num,E2,E2_Min3_Field_Plus_Depth,PLS,LOG1P,14,-13.713061,0.368912,0.288946
Pb_num,E2,E2_Min3_Field_Plus_Depth,PLS,LOG1P,15,-0.325039,0.419314,0.347609
Pb_num,E2,E2_Min3_Field_Plus_Depth,PLS,LOG1P,16,0.012598,2.349716,1.026258
Pb_num,E2,E2_Min3_Field_Plus_Depth,PLS,LOG1P,17,-1.707581,0.510391,0.44765
Pb_num,E2,E2_Min3_Field_Plus_Depth,PLS,LOG1P,18,-0.370324,0.424232,0.353531
Pb_num,E2,E2_Min3_Field_Plus_Depth,PLS,LOG1P,19,-0.155515,1.030549,0.693398
Pb_num,E2,E2_Min3_Field_Plus_Depth,PLS,LOG1P,20,0.545406,0.501544,0.377136
Pb_num,E2,E2_Min3_Field_Plus_Depth,PLS,LOG1P,21,-2.413677,0.57558,0.485705
Pb_num,E2,E2_Min3_Field_Plus_Depth,PLS,LOG1P,22,0.044658,2.339513,1.023897
Pb_num,E2,E2_Min3_Field_Plus_Depth,PLS,LOG1P,23,0.285545,0.693543,0.471431
Pb_num,E2,E2_Min3_Field_Plus_Depth,PLS,LOG1P,24,0.176406,0.863958,0.57342
Pb_num,E2,E2_Min3_Field_Plus_Depth,PLS,LOG1P,25,-0.648606,0.430777,0.340035
Pb_num,E2,E2_Min3_Field_Plus_Depth,Lasso,RAW,1,-2.299522,0.501293,0.402092
Pb_num,E2,E2_Min3_Field_Plus_Depth,Lasso,RAW,2,-1.430005,1.079938,0.79745
Pb_num,E2,E2_Min3_Field_Plus_Depth,Lasso,RAW,3,-0.195914,2.541988,1.373384
Pb_num,E2,E2_Min3_Field_Plus_Depth,Lasso,RAW,4,0.322647,0.696688,0.519796
Pb_num,E2,E2_Min3_Field_Plus_Depth,Lasso,RAW,5,-0.86921,0.494341,0.320526
Pb_num,E2,E2_Min3_Field_Plus_Depth,Lasso,RAW,6,0.085538,0.687018,0.606502
Pb_num,E2,E2_Min3_Field_Plus_Depth,Lasso,RAW,7,-1.413648,0.547283,0.505289
Pb_num,E2,E2_Min3_Field_Plus_Depth,Lasso,RAW,8,0.396796,0.669491,0.472111
Pb_num,E2,E2_Min3_Field_Plus_Depth,Lasso,RAW,9,-0.133434,2.470465,1.31664
Pb_num,E2,E2_Min3_Field_Plus_Depth,Lasso,RAW,10,-6.38195,0.770844,0.53866
Pb_num,E2,E2_Min3_Field_Plus_Depth,Lasso,RAW,11,-3.846001,0.81632,0.633604
Pb_num,E2,E2_Min3_Field_Plus_Depth,Lasso,RAW,12,0.34765,0.637276,0.453364
Pb_num,E2,E2_Min3_Field_Plus_Depth,Lasso,RAW,13,-0.182282,2.592912,1.496744
Pb_num,E2,E2_Min3_Field_Plus_Depth,Lasso,RAW,14,-29.829258,0.534014,0.447497
Pb_num,E2,E2_Min3_Field_Plus_Depth,Lasso,RAW,15,-0.817961,0.491154,0.341326
Pb_num,E2,E2_Min3_Field_Plus_Depth,Lasso,RAW,16,-0.049153,2.422077,1.150214
Pb_num,E2,E2_Min3_Field_Plus_Depth,Lasso,RAW,17,-3.867482,0.684328,0.595309
Pb_num,E2,E2_Min3_Field_Plus_Depth,Lasso,RAW,18,-2.046999,0.632598,0.459371
Pb_num,E2,E2_Min3_Field_Plus_Depth,Lasso,RAW,19,-0.159968,1.032533,0.714651
Pb_num,E2,E2_Min3_Field_Plus_Depth,Lasso,RAW,20,0.287256,0.628007,0.513751
Pb_num,E2,E2_Min3_Field_Plus_Depth,Lasso,RAW,21,-5.094709,0.769079,0.556464
Pb_num,E2,E2_Min3_Field_Plus_Depth,Lasso,RAW,22,-0.014114,2.410402,1.139546
Pb_num,E2,E2_Min3_Field_Plus_Depth,Lasso,RAW,23,0.267565,0.702216,0.521456
Pb_num,E2,E2_Min3_Field_Plus_Depth,Lasso,RAW,24,0.027413,0.938859,0.67174
Pb_num,E2,E2_Min3_Field_Plus_Depth,Lasso,RAW,25,-2.350444,0.614108,0.505328
Pb_num,E2,E2_Min3_Field_Plus_Depth,Lasso,LOG1P,1,-0.25686,0.309392,0.281831
Pb_num,E2,E2_Min3_Field_Plus_Depth,Lasso,LOG1P,2,-0.191688,0.756269,0.517233
Pb_num,E2,E2_Min3_Field_Plus_Depth,Lasso,LOG1P,3,-0.255827,2.604884,1.376255
Pb_num,E2,E2_Min3_Field_Plus_Depth,Lasso,LOG1P,4,0.08678,0.808944,0.511717
Pb_num,E2,E2_Min3_Field_Plus_Depth,Lasso,LOG1P,5,0.063305,0.349943,0.323142
Pb_num,E2,E2_Min3_Field_Plus_Depth,Lasso,LOG1P,6,0.046402,0.701565,0.444384
Pb_num,E2,E2_Min3_Field_Plus_Depth,Lasso,LOG1P,7,-0.205715,0.38681,0.346402
Pb_num,E2,E2_Min3_Field_Plus_Depth,Lasso,LOG1P,8,-0.003741,0.863621,0.625257
Pb_num,E2,E2_Min3_Field_Plus_Depth,Lasso,LOG1P,9,-0.243707,2.587853,1.349246
Pb_num,E2,E2_Min3_Field_Plus_Depth,Lasso,LOG1P,10,-0.474057,0.34446,0.305159
Pb_num,E2,E2_Min3_Field_Plus_Depth,Lasso,LOG1P,11,0.01132,0.36872,0.341162
Pb_num,E2,E2_Min3_Field_Plus_Depth,Lasso,LOG1P,12,0.032854,0.775949,0.42136
Pb_num,E2,E2_Min3_Field_Plus_Depth,Lasso,LOG1P,13,-0.266466,2.683639,1.54375
Pb_num,E2,E2_Min3_Field_Plus_Depth,Lasso,LOG1P,14,-22.225331,0.463502,0.443255
Pb_num,E2,E2_Min3_Field_Plus_Depth,Lasso,LOG1P,15,-0.139211,0.388801,0.344949
Pb_num,E2,E2_Min3_Field_Plus_Depth,Lasso,LOG1P,16,-0.104671,2.485336,1.173499
Pb_num,E2,E2_Min3_Field_Plus_Depth,Lasso,LOG1P,17,-0.641208,0.397369,0.376736
Pb_num,E2,E2_Min3_Field_Plus_Depth,Lasso,LOG1P,18,0.059972,0.351368,0.322382
Pb_num,E2,E2_Min3_Field_Plus_Depth,Lasso,LOG1P,19,-0.139531,1.023397,0.650284
Pb_num,E2,E2_Min3_Field_Plus_Depth,Lasso,LOG1P,20,0.078458,0.714093,0.439454
Pb_num,E2,E2_Min3_Field_Plus_Depth,Lasso,LOG1P,21,-0.197847,0.340953,0.300584
Pb_num,E2,E2_Min3_Field_Plus_Depth,Lasso,LOG1P,22,-0.057047,2.460896,1.128974
Pb_num,E2,E2_Min3_Field_Plus_Depth,Lasso,LOG1P,23,0.059724,0.795635,0.496088
Pb_num,E2,E2_Min3_Field_Plus_Depth,Lasso,LOG1P,24,-0.03645,0.969193,0.6924
Pb_num,E2,E2_Min3_Field_Plus_Depth,Lasso,LOG1P,25,-0.334147,0.387521,0.371626
Pb_num,E2,E2_Min3_Field_Plus_Depth,Ridge,RAW,1,-5.331387,0.694409,0.455723
Pb_num,E2,E2_Min3_Field_Plus_Depth,Ridge,RAW,2,-2.017696,1.203463,0.919615
Pb_num,E2,E2_Min3_Field_Plus_Depth,Ridge,RAW,3,-0.136277,2.477796,1.344003
Pb_num,E2,E2_Min3_Field_Plus_Depth,Ridge,RAW,4,0.317638,0.699259,0.530806
Pb_num,E2,E2_Min3_Field_Plus_Depth,Ridge,RAW,5,-1.268398,0.544574,0.340864
Pb_num,E2,E2_Min3_Field_Plus_Depth,Ridge,RAW,6,-0.577645,0.902381,0.698861
Pb_num,E2,E2_Min3_Field_Plus_Depth,Ridge,RAW,7,-1.745572,0.583702,0.525759
Pb_num,E2,E2_Min3_Field_Plus_Depth,Ridge,RAW,8,0.521192,0.596476,0.39201
Pb_num,E2,E2_Min3_Field_Plus_Depth,Ridge,RAW,9,-0.048448,2.376042,1.279337
Pb_num,E2,E2_Min3_Field_Plus_Depth,Ridge,RAW,10,-9.258488,0.908705,0.626756
Pb_num,E2,E2_Min3_Field_Plus_Depth,Ridge,RAW,11,-6.604674,1.022607,0.799849
Pb_num,E2,E2_Min3_Field_Plus_Depth,Ridge,RAW,12,0.429399,0.59601,0.44803
Pb_num,E2,E2_Min3_Field_Plus_Depth,Ridge,RAW,13,-0.054368,2.448631,1.4779
Pb_num,E2,E2_Min3_Field_Plus_Depth,Ridge,RAW,14,-26.822886,0.507308,0.375362
Pb_num,E2,E2_Min3_Field_Plus_Depth,Ridge,RAW,15,-1.466535,0.572096,0.383498
Pb_num,E2,E2_Min3_Field_Plus_Depth,Ridge,RAW,16,0.047404,2.307931,1.013501
Pb_num,E2,E2_Min3_Field_Plus_Depth,Ridge,RAW,17,-4.739837,0.743125,0.629716
Pb_num,E2,E2_Min3_Field_Plus_Depth,Ridge,RAW,18,-2.582594,0.685947,0.481937
Pb_num,E2,E2_Min3_Field_Plus_Depth,Ridge,RAW,19,-0.264161,1.077909,0.795124
Pb_num,E2,E2_Min3_Field_Plus_Depth,Ridge,RAW,20,-0.361169,0.867868,0.572159
Pb_num,E2,E2_Min3_Field_Plus_Depth,Ridge,RAW,21,-7.903324,0.929545,0.676078
Pb_num,E2,E2_Min3_Field_Plus_Depth,Ridge,RAW,22,0.064035,2.315666,1.061331
Pb_num,E2,E2_Min3_Field_Plus_Depth,Ridge,RAW,23,0.324757,0.674243,0.527495
Pb_num,E2,E2_Min3_Field_Plus_Depth,Ridge,RAW,24,-0.330263,1.098006,0.761279
Pb_num,E2,E2_Min3_Field_Plus_Depth,Ridge,RAW,25,-3.54047,0.714898,0.537129
Pb_num,E2,E2_Min3_Field_Plus_Depth,Ridge,LOG1P,1,-0.131529,0.293561,0.25668
Pb_num,E2,E2_Min3_Field_Plus_Depth,Ridge,LOG1P,2,-0.830869,0.937397,0.671877
Pb_num,E2,E2_Min3_Field_Plus_Depth,Ridge,LOG1P,3,-0.161749,2.505415,1.330938
Pb_num,E2,E2_Min3_Field_Plus_Depth,Ridge,LOG1P,4,0.344061,0.685587,0.433521
Pb_num,E2,E2_Min3_Field_Plus_Depth,Ridge,LOG1P,5,-0.135065,0.385219,0.291948
Pb_num,E2,E2_Min3_Field_Plus_Depth,Ridge,LOG1P,6,0.447467,0.534028,0.454642
Pb_num,E2,E2_Min3_Field_Plus_Depth,Ridge,LOG1P,7,0.047232,0.34385,0.301593
Pb_num,E2,E2_Min3_Field_Plus_Depth,Ridge,LOG1P,8,0.355009,0.692292,0.434321
Pb_num,E2,E2_Min3_Field_Plus_Depth,Ridge,LOG1P,9,-0.089389,2.42199,1.283587
Pb_num,E2,E2_Min3_Field_Plus_Depth,Ridge,LOG1P,10,-3.523722,0.603433,0.469721
Pb_num,E2,E2_Min3_Field_Plus_Depth,Ridge,LOG1P,11,-0.833368,0.502104,0.409774
Pb_num,E2,E2_Min3_Field_Plus_Depth,Ridge,LOG1P,12,0.282277,0.668445,0.399178
Pb_num,E2,E2_Min3_Field_Plus_Depth,Ridge,LOG1P,13,-0.070585,2.467391,1.442941
Pb_num,E2,E2_Min3_Field_Plus_Depth,Ridge,LOG1P,14,-13.723242,0.369039,0.292474
Pb_num,E2,E2_Min3_Field_Plus_Depth,Ridge,LOG1P,15,-0.281871,0.412427,0.349921
Pb_num,E2,E2_Min3_Field_Plus_Depth,Ridge,LOG1P,16,0.006397,2.357083,1.030887
Pb_num,E2,E2_Min3_Field_Plus_Depth,Ridge,LOG1P,17,-1.555755,0.495875,0.437024
Pb_num,E2,E2_Min3_Field_Plus_Depth,Ridge,LOG1P,18,-0.579724,0.455494,0.377734
Pb_num,E2,E2_Min3_Field_Plus_Depth,Ridge,LOG1P,19,-0.144941,1.025823,0.688302
Pb_num,E2,E2_Min3_Field_Plus_Depth,Ridge,LOG1P,20,0.547729,0.500261,0.379706
Pb_num,E2,E2_Min3_Field_Plus_Depth,Ridge,LOG1P,21,-2.47513,0.580737,0.495553
Pb_num,E2,E2_Min3_Field_Plus_Depth,Ridge,LOG1P,22,0.037831,2.347858,1.028507
Pb_num,E2,E2_Min3_Field_Plus_Depth,Ridge,LOG1P,23,0.277432,0.69747,0.468853
Pb_num,E2,E2_Min3_Field_Plus_Depth,Ridge,LOG1P,24,0.175311,0.864532,0.574663
Pb_num,E2,E2_Min3_Field_Plus_Depth,Ridge,LOG1P,25,-0.545458,0.417083,0.339782
Pb_num,E2,E2_Min3_Field_Plus_Depth,ElasticNet,RAW,1,-3.289271,0.571555,0.424613
Pb_num,E2,E2_Min3_Field_Plus_Depth,ElasticNet,RAW,2,-1.596456,1.116312,0.837055
Pb_num,E2,E2_Min3_Field_Plus_Depth,ElasticNet,RAW,3,-0.17968,2.524676,1.371407
Pb_num,E2,E2_Min3_Field_Plus_Depth,ElasticNet,RAW,4,0.339137,0.688155,0.52072
Pb_num,E2,E2_Min3_Field_Plus_Depth,ElasticNet,RAW,5,-1.009102,0.512505,0.327333
Pb_num,E2,E2_Min3_Field_Plus_Depth,ElasticNet,RAW,6,-0.116137,0.759004,0.642363
Pb_num,E2,E2_Min3_Field_Plus_Depth,ElasticNet,RAW,7,-1.512997,0.558433,0.514423
Pb_num,E2,E2_Min3_Field_Plus_Depth,ElasticNet,RAW,8,0.452026,0.638105,0.430773
Pb_num,E2,E2_Min3_Field_Plus_Depth,ElasticNet,RAW,9,-0.093981,2.427089,1.300092
Pb_num,E2,E2_Min3_Field_Plus_Depth,ElasticNet,RAW,10,-6.935745,0.799236,0.546792
Pb_num,E2,E2_Min3_Field_Plus_Depth,ElasticNet,RAW,11,-4.233062,0.848294,0.660085
Pb_num,E2,E2_Min3_Field_Plus_Depth,ElasticNet,RAW,12,0.379901,0.621323,0.452545
Pb_num,E2,E2_Min3_Field_Plus_Depth,ElasticNet,RAW,13,-0.120852,2.524651,1.457182
Pb_num,E2,E2_Min3_Field_Plus_Depth,ElasticNet,RAW,14,-27.438719,0.512892,0.406687
Pb_num,E2,E2_Min3_Field_Plus_Depth,ElasticNet,RAW,15,-1.035211,0.519673,0.355639
Pb_num,E2,E2_Min3_Field_Plus_Depth,ElasticNet,RAW,16,-0.016974,2.384643,1.106071
Pb_num,E2,E2_Min3_Field_Plus_Depth,ElasticNet,RAW,17,-4.211064,0.708069,0.610698
Pb_num,E2,E2_Min3_Field_Plus_Depth,ElasticNet,RAW,18,-2.070215,0.635004,0.455516
Pb_num,E2,E2_Min3_Field_Plus_Depth,ElasticNet,RAW,19,-0.187226,1.044594,0.743983
Pb_num,E2,E2_Min3_Field_Plus_Depth,ElasticNet,RAW,20,0.096126,0.707215,0.538513
Pb_num,E2,E2_Min3_Field_Plus_Depth,ElasticNet,RAW,21,-5.780126,0.811172,0.589855
Pb_num,E2,E2_Min3_Field_Plus_Depth,ElasticNet,RAW,22,0.014677,2.375939,1.102697
Pb_num,E2,E2_Min3_Field_Plus_Depth,ElasticNet,RAW,23,0.294359,0.689252,0.524069
Pb_num,E2,E2_Min3_Field_Plus_Depth,ElasticNet,RAW,24,-0.067347,0.983533,0.705272
Pb_num,E2,E2_Min3_Field_Plus_Depth,ElasticNet,RAW,25,-2.718361,0.646948,0.513291
Pb_num,E2,E2_Min3_Field_Plus_Depth,ElasticNet,LOG1P,1,0.093938,0.262691,0.244623
Pb_num,E2,E2_Min3_Field_Plus_Depth,ElasticNet,LOG1P,2,-0.424521,0.826856,0.56763
Pb_num,E2,E2_Min3_Field_Plus_Depth,ElasticNet,LOG1P,3,-0.233734,2.58187,1.374707
Pb_num,E2,E2_Min3_Field_Plus_Depth,ElasticNet,LOG1P,4,0.242934,0.736543,0.460678
Pb_num,E2,E2_Min3_Field_Plus_Depth,ElasticNet,LOG1P,5,0.050375,0.352349,0.305173
Pb_num,E2,E2_Min3_Field_Plus_Depth,ElasticNet,LOG1P,6,0.29194,0.604534,0.43542
Pb_num,E2,E2_Min3_Field_Plus_Depth,ElasticNet,LOG1P,7,0.025503,0.347748,0.297102
Pb_num,E2,E2_Min3_Field_Plus_Depth,ElasticNet,LOG1P,8,0.202204,0.769942,0.521365
Pb_num,E2,E2_Min3_Field_Plus_Depth,ElasticNet,LOG1P,9,-0.183708,2.524661,1.32345
Pb_num,E2,E2_Min3_Field_Plus_Depth,ElasticNet,LOG1P,10,-1.201284,0.420939,0.369158
Pb_num,E2,E2_Min3_Field_Plus_Depth,ElasticNet,LOG1P,11,0.304883,0.30917,0.281503
Pb_num,E2,E2_Min3_Field_Plus_Depth,ElasticNet,LOG1P,12,0.154128,0.72567,0.411833
Pb_num,E2,E2_Min3_Field_Plus_Depth,ElasticNet,LOG1P,13,-0.208334,2.621324,1.498378
Pb_num,E2,E2_Min3_Field_Plus_Depth,ElasticNet,LOG1P,14,-18.211466,0.421552,0.382464
Pb_num,E2,E2_Min3_Field_Plus_Depth,ElasticNet,LOG1P,15,-0.041036,0.371671,0.343364
Pb_num,E2,E2_Min3_Field_Plus_Depth,ElasticNet,LOG1P,16,-0.084039,2.462016,1.143217
Pb_num,E2,E2_Min3_Field_Plus_Depth,ElasticNet,LOG1P,17,-0.998832,0.438531,0.405204
Pb_num,E2,E2_Min3_Field_Plus_Depth,ElasticNet,LOG1P,18,-0.148194,0.388329,0.359815
Pb_num,E2,E2_Min3_Field_Plus_Depth,ElasticNet,LOG1P,19,-0.136713,1.022131,0.654726
Pb_num,E2,E2_Min3_Field_Plus_Depth,ElasticNet,LOG1P,20,0.345931,0.601602,0.384964
Pb_num,E2,E2_Min3_Field_Plus_Depth,ElasticNet,LOG1P,21,-0.643547,0.399379,0.385605
Pb_num,E2,E2_Min3_Field_Plus_Depth,ElasticNet,LOG1P,22,-0.040778,2.441884,1.105358
Pb_num,E2,E2_Min3_Field_Plus_Depth,ElasticNet,LOG1P,23,0.165946,0.749348,0.464046
Pb_num,E2,E2_Min3_Field_Plus_Depth,ElasticNet,LOG1P,24,0.082736,0.911765,0.592899
Pb_num,E2,E2_Min3_Field_Plus_Depth,ElasticNet,LOG1P,25,-0.121544,0.355306,0.31668
Pb_num,E3,E3_Min4_Field_Depth_LogSalinity,SVR_RBF,RAW,1,-0.043303,0.281885,0.23605
Pb_num,E3,E3_Min4_Field_Depth_LogSalinity,SVR_RBF,RAW,2,-0.807141,0.931303,0.661075
Pb_num,E3,E3_Min4_Field_Depth_LogSalinity,SVR_RBF,RAW,3,-0.163031,2.506797,1.338359
Pb_num,E3,E3_Min4_Field_Depth_LogSalinity,SVR_RBF,RAW,4,0.089871,0.807574,0.471978
Pb_num,E3,E3_Min4_Field_Depth_LogSalinity,SVR_RBF,RAW,5,-0.821017,0.487927,0.382775
Pb_num,E3,E3_Min4_Field_Depth_LogSalinity,SVR_RBF,RAW,6,0.064441,0.694898,0.500093
Pb_num,E3,E3_Min4_Field_Depth_LogSalinity,SVR_RBF,RAW,7,-0.194839,0.385061,0.331792
Pb_num,E3,E3_Min4_Field_Depth_LogSalinity,SVR_RBF,RAW,8,0.029298,0.849288,0.628765
Pb_num,E3,E3_Min4_Field_Depth_LogSalinity,SVR_RBF,RAW,9,-0.152106,2.490731,1.314085
Pb_num,E3,E3_Min4_Field_Depth_LogSalinity,SVR_RBF,RAW,10,-3.654842,0.612116,0.424393
Pb_num,E3,E3_Min4_Field_Depth_LogSalinity,SVR_RBF,RAW,11,0.383151,0.291245,0.262136
Pb_num,E3,E3_Min4_Field_Depth_LogSalinity,SVR_RBF,RAW,12,0.056952,0.766221,0.439906
Pb_num,E3,E3_Min4_Field_Depth_LogSalinity,SVR_RBF,RAW,13,-0.194003,2.605733,1.555079
Pb_num,E3,E3_Min4_Field_Depth_LogSalinity,SVR_RBF,RAW,14,-14.359373,0.376927,0.309289
Pb_num,E3,E3_Min4_Field_Depth_LogSalinity,SVR_RBF,RAW,15,-1.501968,0.57619,0.525482
Pb_num,E3,E3_Min4_Field_Depth_LogSalinity,SVR_RBF,RAW,16,-0.037723,2.408847,1.05444
Pb_num,E3,E3_Min4_Field_Depth_LogSalinity,SVR_RBF,RAW,17,-1.976047,0.535097,0.411206
Pb_num,E3,E3_Min4_Field_Depth_LogSalinity,SVR_RBF,RAW,18,0.06682,0.350086,0.273643
Pb_num,E3,E3_Min4_Field_Depth_LogSalinity,SVR_RBF,RAW,19,-0.173096,1.03836,0.687195
Pb_num,E3,E3_Min4_Field_Depth_LogSalinity,SVR_RBF,RAW,20,0.17701,0.674831,0.544823
Pb_num,E3,E3_Min4_Field_Depth_LogSalinity,SVR_RBF,RAW,21,-1.851412,0.526047,0.436857
Pb_num,E3,E3_Min4_Field_Depth_LogSalinity,SVR_RBF,RAW,22,0.046119,2.337723,1.031908
Pb_num,E3,E3_Min4_Field_Depth_LogSalinity,SVR_RBF,RAW,23,0.159045,0.752441,0.449334
Pb_num,E3,E3_Min4_Field_Depth_LogSalinity,SVR_RBF,RAW,24,-0.127795,1.011,0.623972
Pb_num,E3,E3_Min4_Field_Depth_LogSalinity,SVR_RBF,RAW,25,-1.349716,0.514282,0.357415
Pb_num,E3,E3_Min4_Field_Depth_LogSalinity,SVR_RBF,LOG1P,1,-0.117234,0.291701,0.248637
Pb_num,E3,E3_Min4_Field_Depth_LogSalinity,SVR_RBF,LOG1P,2,-1.319956,1.055201,0.734951
Pb_num,E3,E3_Min4_Field_Depth_LogSalinity,SVR_RBF,LOG1P,3,-0.165853,2.509837,1.348611
Pb_num,E3,E3_Min4_Field_Depth_LogSalinity,SVR_RBF,LOG1P,4,0.050242,0.824968,0.477581
Pb_num,E3,E3_Min4_Field_Depth_LogSalinity,SVR_RBF,LOG1P,5,-1.284791,0.546539,0.407973
Pb_num,E3,E3_Min4_Field_Depth_LogSalinity,SVR_RBF,LOG1P,6,0.155632,0.660163,0.50415
Pb_num,E3,E3_Min4_Field_Depth_LogSalinity,SVR_RBF,LOG1P,7,-0.554028,0.439141,0.342
Pb_num,E3,E3_Min4_Field_Depth_LogSalinity,SVR_RBF,LOG1P,8,0.077185,0.828075,0.611318
Pb_num,E3,E3_Min4_Field_Depth_LogSalinity,SVR_RBF,LOG1P,9,-0.127752,2.464266,1.310509
Pb_num,E3,E3_Min4_Field_Depth_LogSalinity,SVR_RBF,LOG1P,10,-8.186683,0.859925,0.53862
Pb_num,E3,E3_Min4_Field_Depth_LogSalinity,SVR_RBF,LOG1P,11,0.175939,0.336627,0.315482
Pb_num,E3,E3_Min4_Field_Depth_LogSalinity,SVR_RBF,LOG1P,12,0.084247,0.755051,0.461505
Pb_num,E3,E3_Min4_Field_Depth_LogSalinity,SVR_RBF,LOG1P,13,-0.179604,2.589974,1.55778
Pb_num,E3,E3_Min4_Field_Depth_LogSalinity,SVR_RBF,LOG1P,14,-10.950518,0.332479,0.242719
Pb_num,E3,E3_Min4_Field_Depth_LogSalinity,SVR_RBF,LOG1P,15,-4.420569,0.848101,0.737823
Pb_num,E3,E3_Min4_Field_Depth_LogSalinity,SVR_RBF,LOG1P,16,-0.033092,2.403466,1.084708
Pb_num,E3,E3_Min4_Field_Depth_LogSalinity,SVR_RBF,LOG1P,17,-2.89897,0.612473,0.422714
Pb_num,E3,E3_Min4_Field_Depth_LogSalinity,SVR_RBF,LOG1P,18,0.001974,0.362045,0.278898
Pb_num,E3,E3_Min4_Field_Depth_LogSalinity,SVR_RBF,LOG1P,19,-0.144271,1.025523,0.691004
Pb_num,E3,E3_Min4_Field_Depth_LogSalinity,SVR_RBF,LOG1P,20,-0.569951,0.932053,0.715746
Pb_num,E3,E3_Min4_Field_Depth_LogSalinity,SVR_RBF,LOG1P,21,-4.512038,0.731392,0.521368
Pb_num,E3,E3_Min4_Field_Depth_LogSalinity,SVR_RBF,LOG1P,22,0.031841,2.355155,1.061148
Pb_num,E3,E3_Min4_Field_Depth_LogSalinity,SVR_RBF,LOG1P,23,0.169059,0.747948,0.446662
Pb_num,E3,E3_Min4_Field_Depth_LogSalinity,SVR_RBF,LOG1P,24,-0.077509,0.988204,0.617294
Pb_num,E3,E3_Min4_Field_Depth_LogSalinity,SVR_RBF,LOG1P,25,-2.181753,0.598449,0.384269
Pb_num,E3,E3_Min4_Field_Depth_LogSalinity,PLS,RAW,1,-4.954729,0.673437,0.447363
Pb_num,E3,E3_Min4_Field_Depth_LogSalinity,PLS,RAW,2,-2.167449,1.232963,0.955934
Pb_num,E3,E3_Min4_Field_Depth_LogSalinity,PLS,RAW,3,-0.144742,2.487009,1.357479
Pb_num,E3,E3_Min4_Field_Depth_LogSalinity,PLS,RAW,4,0.327833,0.694016,0.542206
Pb_num,E3,E3_Min4_Field_Depth_LogSalinity,PLS,RAW,5,-1.165992,0.53214,0.337826
Pb_num,E3,E3_Min4_Field_Depth_LogSalinity,PLS,RAW,6,-0.41496,0.854589,0.666046
Pb_num,E3,E3_Min4_Field_Depth_LogSalinity,PLS,RAW,7,-2.436155,0.652997,0.579532
Pb_num,E3,E3_Min4_Field_Depth_LogSalinity,PLS,RAW,8,0.513458,0.601274,0.398625
Pb_num,E3,E3_Min4_Field_Depth_LogSalinity,PLS,RAW,9,-0.048177,2.375735,1.267298
Pb_num,E3,E3_Min4_Field_Depth_LogSalinity,PLS,RAW,10,-10.708267,0.970795,0.703107
Pb_num,E3,E3_Min4_Field_Depth_LogSalinity,PLS,RAW,11,-3.913592,0.821993,0.633069
Pb_num,E3,E3_Min4_Field_Depth_LogSalinity,PLS,RAW,12,0.433394,0.59392,0.452731
Pb_num,E3,E3_Min4_Field_Depth_LogSalinity,PLS,RAW,13,-0.061258,2.456619,1.469846
Pb_num,E3,E3_Min4_Field_Depth_LogSalinity,PLS,RAW,14,-29.468267,0.530878,0.408286
Pb_num,E3,E3_Min4_Field_Depth_LogSalinity,PLS,RAW,15,-1.710969,0.599774,0.41547
Pb_num,E3,E3_Min4_Field_Depth_LogSalinity,PLS,RAW,16,0.043884,2.312192,1.028697
Pb_num,E3,E3_Min4_Field_Depth_LogSalinity,PLS,RAW,17,-4.522831,0.728942,0.60988
Pb_num,E3,E3_Min4_Field_Depth_LogSalinity,PLS,RAW,18,-3.232167,0.745544,0.528848
Pb_num,E3,E3_Min4_Field_Depth_LogSalinity,PLS,RAW,19,-0.28225,1.085594,0.808375
Pb_num,E3,E3_Min4_Field_Depth_LogSalinity,PLS,RAW,20,-0.31683,0.853616,0.565615
Pb_num,E3,E3_Min4_Field_Depth_LogSalinity,PLS,RAW,21,-9.133461,0.991684,0.729958
Pb_num,E3,E3_Min4_Field_Depth_LogSalinity,PLS,RAW,22,0.060052,2.320587,1.058492
Pb_num,E3,E3_Min4_Field_Depth_LogSalinity,PLS,RAW,23,0.27296,0.699625,0.570969
Pb_num,E3,E3_Min4_Field_Depth_LogSalinity,PLS,RAW,24,-0.274788,1.074867,0.751028
Pb_num,E3,E3_Min4_Field_Depth_LogSalinity,PLS,RAW,25,-3.407153,0.704325,0.522381
Pb_num,E3,E3_Min4_Field_Depth_LogSalinity,PLS,LOG1P,1,-0.262292,0.31006,0.267751
Pb_num,E3,E3_Min4_Field_Depth_LogSalinity,PLS,LOG1P,2,-0.893419,0.953276,0.694325
Pb_num,E3,E3_Min4_Field_Depth_LogSalinity,PLS,LOG1P,3,-0.172453,2.516931,1.345532
Pb_num,E3,E3_Min4_Field_Depth_LogSalinity,PLS,LOG1P,4,0.343025,0.686128,0.453024
Pb_num,E3,E3_Min4_Field_Depth_LogSalinity,PLS,LOG1P,5,-0.060696,0.372386,0.274499
Pb_num,E3,E3_Min4_Field_Depth_LogSalinity,PLS,LOG1P,6,0.4608,0.527546,0.443506
Pb_num,E3,E3_Min4_Field_Depth_LogSalinity,PLS,LOG1P,7,-0.329744,0.406218,0.355106
Pb_num,E3,E3_Min4_Field_Depth_LogSalinity,PLS,LOG1P,8,0.352889,0.693429,0.445677
Pb_num,E3,E3_Min4_Field_Depth_LogSalinity,PLS,LOG1P,9,-0.09038,2.423091,1.274522
Pb_num,E3,E3_Min4_Field_Depth_LogSalinity,PLS,LOG1P,10,-4.466445,0.663336,0.520155
Pb_num,E3,E3_Min4_Field_Depth_LogSalinity,PLS,LOG1P,11,-0.120349,0.392505,0.335627
Pb_num,E3,E3_Min4_Field_Depth_LogSalinity,PLS,LOG1P,12,0.290368,0.664667,0.402374
Pb_num,E3,E3_Min4_Field_Depth_LogSalinity,PLS,LOG1P,13,-0.084768,2.48368,1.446833
Pb_num,E3,E3_Min4_Field_Depth_LogSalinity,PLS,LOG1P,14,-15.371137,0.389144,0.306489
Pb_num,E3,E3_Min4_Field_Depth_LogSalinity,PLS,LOG1P,15,-0.447198,0.438217,0.368961
Pb_num,E3,E3_Min4_Field_Depth_LogSalinity,PLS,LOG1P,16,0.001993,2.362301,1.044533
Pb_num,E3,E3_Min4_Field_Depth_LogSalinity,PLS,LOG1P,17,-1.479219,0.488393,0.434138
Pb_num,E3,E3_Min4_Field_Depth_LogSalinity,PLS,LOG1P,18,-0.912907,0.501232,0.387606
Pb_num,E3,E3_Min4_Field_Depth_LogSalinity,PLS,LOG1P,19,-0.142341,1.024658,0.69268
Pb_num,E3,E3_Min4_Field_Depth_LogSalinity,PLS,LOG1P,20,0.514775,0.518166,0.391016
Pb_num,E3,E3_Min4_Field_Depth_LogSalinity,PLS,LOG1P,21,-3.091324,0.630124,0.519844
Pb_num,E3,E3_Min4_Field_Depth_LogSalinity,PLS,LOG1P,22,0.032939,2.353818,1.028247
Pb_num,E3,E3_Min4_Field_Depth_LogSalinity,PLS,LOG1P,23,0.264088,0.703881,0.49766
Pb_num,E3,E3_Min4_Field_Depth_LogSalinity,PLS,LOG1P,24,0.161368,0.87181,0.577758
Pb_num,E3,E3_Min4_Field_Depth_LogSalinity,PLS,LOG1P,25,-0.447661,0.403671,0.320638
Pb_num,E3,E3_Min4_Field_Depth_LogSalinity,Lasso,RAW,1,-2.299522,0.501293,0.402092
Pb_num,E3,E3_Min4_Field_Depth_LogSalinity,Lasso,RAW,2,-1.430005,1.079938,0.79745
Pb_num,E3,E3_Min4_Field_Depth_LogSalinity,Lasso,RAW,3,-0.203522,2.550061,1.383431
Pb_num,E3,E3_Min4_Field_Depth_LogSalinity,Lasso,RAW,4,0.322647,0.696688,0.519796
Pb_num,E3,E3_Min4_Field_Depth_LogSalinity,Lasso,RAW,5,-0.86921,0.494341,0.320526
Pb_num,E3,E3_Min4_Field_Depth_LogSalinity,Lasso,RAW,6,0.085538,0.687018,0.606502
Pb_num,E3,E3_Min4_Field_Depth_LogSalinity,Lasso,RAW,7,-1.413648,0.547283,0.505289
Pb_num,E3,E3_Min4_Field_Depth_LogSalinity,Lasso,RAW,8,0.396796,0.669491,0.472111
Pb_num,E3,E3_Min4_Field_Depth_LogSalinity,Lasso,RAW,9,-0.133434,2.470465,1.31664
Pb_num,E3,E3_Min4_Field_Depth_LogSalinity,Lasso,RAW,10,-6.38195,0.770844,0.53866
Pb_num,E3,E3_Min4_Field_Depth_LogSalinity,Lasso,RAW,11,-3.846001,0.81632,0.633604
Pb_num,E3,E3_Min4_Field_Depth_LogSalinity,Lasso,RAW,12,0.34765,0.637276,0.453364
Pb_num,E3,E3_Min4_Field_Depth_LogSalinity,Lasso,RAW,13,-0.182282,2.592912,1.496744
Pb_num,E3,E3_Min4_Field_Depth_LogSalinity,Lasso,RAW,14,-29.829258,0.534014,0.447497
Pb_num,E3,E3_Min4_Field_Depth_LogSalinity,Lasso,RAW,15,-0.817961,0.491154,0.341326
Pb_num,E3,E3_Min4_Field_Depth_LogSalinity,Lasso,RAW,16,-0.050961,2.424163,1.156501
Pb_num,E3,E3_Min4_Field_Depth_LogSalinity,Lasso,RAW,17,-3.867482,0.684328,0.595309
Pb_num,E3,E3_Min4_Field_Depth_LogSalinity,Lasso,RAW,18,-2.046999,0.632598,0.459371
Pb_num,E3,E3_Min4_Field_Depth_LogSalinity,Lasso,RAW,19,-0.159968,1.032533,0.714651
Pb_num,E3,E3_Min4_Field_Depth_LogSalinity,Lasso,RAW,20,0.287256,0.628007,0.513751
Pb_num,E3,E3_Min4_Field_Depth_LogSalinity,Lasso,RAW,21,-5.094709,0.769079,0.556464
Pb_num,E3,E3_Min4_Field_Depth_LogSalinity,Lasso,RAW,22,-0.01488,2.411312,1.139017
Pb_num,E3,E3_Min4_Field_Depth_LogSalinity,Lasso,RAW,23,0.267565,0.702216,0.521456
Pb_num,E3,E3_Min4_Field_Depth_LogSalinity,Lasso,RAW,24,0.027413,0.938859,0.67174
Pb_num,E3,E3_Min4_Field_Depth_LogSalinity,Lasso,RAW,25,-2.350444,0.614108,0.505328
Pb_num,E3,E3_Min4_Field_Depth_LogSalinity,Lasso,LOG1P,1,-0.25686,0.309392,0.281831
Pb_num,E3,E3_Min4_Field_Depth_LogSalinity,Lasso,LOG1P,2,-0.191688,0.756269,0.517233
Pb_num,E3,E3_Min4_Field_Depth_LogSalinity,Lasso,LOG1P,3,-0.257579,2.606701,1.378562
Pb_num,E3,E3_Min4_Field_Depth_LogSalinity,Lasso,LOG1P,4,0.08678,0.808944,0.511717
Pb_num,E3,E3_Min4_Field_Depth_LogSalinity,Lasso,LOG1P,5,0.063305,0.349943,0.323142
Pb_num,E3,E3_Min4_Field_Depth_LogSalinity,Lasso,LOG1P,6,0.046402,0.701565,0.444384
Pb_num,E3,E3_Min4_Field_Depth_LogSalinity,Lasso,LOG1P,7,-0.565823,0.440805,0.398747
Pb_num,E3,E3_Min4_Field_Depth_LogSalinity,Lasso,LOG1P,8,-0.003741,0.863621,0.625257
Pb_num,E3,E3_Min4_Field_Depth_LogSalinity,Lasso,LOG1P,9,-0.243707,2.587853,1.349246
Pb_num,E3,E3_Min4_Field_Depth_LogSalinity,Lasso,LOG1P,10,-0.474057,0.34446,0.305159
Pb_num,E3,E3_Min4_Field_Depth_LogSalinity,Lasso,LOG1P,11,0.01132,0.36872,0.341162
Pb_num,E3,E3_Min4_Field_Depth_LogSalinity,Lasso,LOG1P,12,0.032854,0.775949,0.42136
Pb_num,E3,E3_Min4_Field_Depth_LogSalinity,Lasso,LOG1P,13,-0.266466,2.683639,1.54375
Pb_num,E3,E3_Min4_Field_Depth_LogSalinity,Lasso,LOG1P,14,-22.225331,0.463502,0.443255
Pb_num,E3,E3_Min4_Field_Depth_LogSalinity,Lasso,LOG1P,15,-0.139211,0.388801,0.344949
Pb_num,E3,E3_Min4_Field_Depth_LogSalinity,Lasso,LOG1P,16,-0.104671,2.485336,1.173499
Pb_num,E3,E3_Min4_Field_Depth_LogSalinity,Lasso,LOG1P,17,-0.641208,0.397369,0.376736
Pb_num,E3,E3_Min4_Field_Depth_LogSalinity,Lasso,LOG1P,18,0.059972,0.351368,0.322382
Pb_num,E3,E3_Min4_Field_Depth_LogSalinity,Lasso,LOG1P,19,-0.139531,1.023397,0.650284
Pb_num,E3,E3_Min4_Field_Depth_LogSalinity,Lasso,LOG1P,20,0.078458,0.714093,0.439454
Pb_num,E3,E3_Min4_Field_Depth_LogSalinity,Lasso,LOG1P,21,-0.197847,0.340953,0.300584
Pb_num,E3,E3_Min4_Field_Depth_LogSalinity,Lasso,LOG1P,22,-0.057047,2.460896,1.128974
Pb_num,E3,E3_Min4_Field_Depth_LogSalinity,Lasso,LOG1P,23,0.059724,0.795635,0.496088
Pb_num,E3,E3_Min4_Field_Depth_LogSalinity,Lasso,LOG1P,24,-0.03645,0.969193,0.6924
Pb_num,E3,E3_Min4_Field_Depth_LogSalinity,Lasso,LOG1P,25,-0.334147,0.387521,0.371626
Pb_num,E3,E3_Min4_Field_Depth_LogSalinity,Ridge,RAW,1,-5.514804,0.704396,0.468934
Pb_num,E3,E3_Min4_Field_Depth_LogSalinity,Ridge,RAW,2,-1.997927,1.199515,0.894866
Pb_num,E3,E3_Min4_Field_Depth_LogSalinity,Ridge,RAW,3,-0.154754,2.497861,1.36858
Pb_num,E3,E3_Min4_Field_Depth_LogSalinity,Ridge,RAW,4,0.327835,0.694015,0.524182
Pb_num,E3,E3_Min4_Field_Depth_LogSalinity,Ridge,RAW,5,-1.379208,0.557717,0.345779
Pb_num,E3,E3_Min4_Field_Depth_LogSalinity,Ridge,RAW,6,-0.653055,0.923696,0.705591
Pb_num,E3,E3_Min4_Field_Depth_LogSalinity,Ridge,RAW,7,-1.960116,0.606079,0.546299
Pb_num,E3,E3_Min4_Field_Depth_LogSalinity,Ridge,RAW,8,0.496259,0.611809,0.405935
Pb_num,E3,E3_Min4_Field_Depth_LogSalinity,Ridge,RAW,9,-0.048544,2.376151,1.292647
Pb_num,E3,E3_Min4_Field_Depth_LogSalinity,Ridge,RAW,10,-9.477598,0.918358,0.639806
Pb_num,E3,E3_Min4_Field_Depth_LogSalinity,Ridge,RAW,11,-6.568703,1.020186,0.798591
Pb_num,E3,E3_Min4_Field_Depth_LogSalinity,Ridge,RAW,12,0.417833,0.60202,0.4475
Pb_num,E3,E3_Min4_Field_Depth_LogSalinity,Ridge,RAW,13,-0.052305,2.446234,1.478063
Pb_num,E3,E3_Min4_Field_Depth_LogSalinity,Ridge,RAW,14,-26.34539,0.502936,0.365881
Pb_num,E3,E3_Min4_Field_Depth_LogSalinity,Ridge,RAW,15,-1.410698,0.565583,0.37519
Pb_num,E3,E3_Min4_Field_Depth_LogSalinity,Ridge,RAW,16,0.039938,2.316957,1.033865
Pb_num,E3,E3_Min4_Field_Depth_LogSalinity,Ridge,RAW,17,-5.026427,0.761451,0.651824
Pb_num,E3,E3_Min4_Field_Depth_LogSalinity,Ridge,RAW,18,-3.116919,0.735323,0.52125
Pb_num,E3,E3_Min4_Field_Depth_LogSalinity,Ridge,RAW,19,-0.315764,1.099689,0.777036
Pb_num,E3,E3_Min4_Field_Depth_LogSalinity,Ridge,RAW,20,-0.353076,0.865284,0.565479
Pb_num,E3,E3_Min4_Field_Depth_LogSalinity,Ridge,RAW,21,-8.42141,0.956208,0.696525
Pb_num,E3,E3_Min4_Field_Depth_LogSalinity,Ridge,RAW,22,0.057874,2.323274,1.061676
Pb_num,E3,E3_Min4_Field_Depth_LogSalinity,Ridge,RAW,23,0.329164,0.672039,0.522676
Pb_num,E3,E3_Min4_Field_Depth_LogSalinity,Ridge,RAW,24,-0.492544,1.163053,0.786007
Pb_num,E3,E3_Min4_Field_Depth_LogSalinity,Ridge,RAW,25,-4.022953,0.751923,0.586876
Pb_num,E3,E3_Min4_Field_Depth_LogSalinity,Ridge,LOG1P,1,-0.114546,0.29135,0.254395
Pb_num,E3,E3_Min4_Field_Depth_LogSalinity,Ridge,LOG1P,2,-0.824677,0.935811,0.660262
Pb_num,E3,E3_Min4_Field_Depth_LogSalinity,Ridge,LOG1P,3,-0.174382,2.519,1.347382
Pb_num,E3,E3_Min4_Field_Depth_LogSalinity,Ridge,LOG1P,4,0.342564,0.686369,0.435411
Pb_num,E3,E3_Min4_Field_Depth_LogSalinity,Ridge,LOG1P,5,-0.203648,0.396686,0.302291
Pb_num,E3,E3_Min4_Field_Depth_LogSalinity,Ridge,LOG1P,6,0.445791,0.534838,0.455309
Pb_num,E3,E3_Min4_Field_Depth_LogSalinity,Ridge,LOG1P,7,-0.354751,0.41002,0.358733
Pb_num,E3,E3_Min4_Field_Depth_LogSalinity,Ridge,LOG1P,8,0.346064,0.697075,0.435361
Pb_num,E3,E3_Min4_Field_Depth_LogSalinity,Ridge,LOG1P,9,-0.087265,2.419627,1.29588
Pb_num,E3,E3_Min4_Field_Depth_LogSalinity,Ridge,LOG1P,10,-3.743121,0.617893,0.482413
Pb_num,E3,E3_Min4_Field_Depth_LogSalinity,Ridge,LOG1P,11,-0.841666,0.503239,0.410255
Pb_num,E3,E3_Min4_Field_Depth_LogSalinity,Ridge,LOG1P,12,0.277255,0.670779,0.398629
Pb_num,E3,E3_Min4_Field_Depth_LogSalinity,Ridge,LOG1P,13,-0.065403,2.461412,1.440763
Pb_num,E3,E3_Min4_Field_Depth_LogSalinity,Ridge,LOG1P,14,-13.623371,0.367786,0.291816
Pb_num,E3,E3_Min4_Field_Depth_LogSalinity,Ridge,LOG1P,15,-0.31176,0.417208,0.354541
Pb_num,E3,E3_Min4_Field_Depth_LogSalinity,Ridge,LOG1P,16,0.001071,2.363392,1.042805
Pb_num,E3,E3_Min4_Field_Depth_LogSalinity,Ridge,LOG1P,17,-1.593969,0.499568,0.435872
Pb_num,E3,E3_Min4_Field_Depth_LogSalinity,Ridge,LOG1P,18,-0.815199,0.488263,0.391966
Pb_num,E3,E3_Min4_Field_Depth_LogSalinity,Ridge,LOG1P,19,-0.171,1.037432,0.682381
Pb_num,E3,E3_Min4_Field_Depth_LogSalinity,Ridge,LOG1P,20,0.548073,0.500071,0.379551
Pb_num,E3,E3_Min4_Field_Depth_LogSalinity,Ridge,LOG1P,21,-2.766051,0.604557,0.50985
Pb_num,E3,E3_Min4_Field_Depth_LogSalinity,Ridge,LOG1P,22,0.033424,2.353229,1.029976
Pb_num,E3,E3_Min4_Field_Depth_LogSalinity,Ridge,LOG1P,23,0.273131,0.699543,0.477479
Pb_num,E3,E3_Min4_Field_Depth_LogSalinity,Ridge,LOG1P,24,0.156288,0.874446,0.576511
Pb_num,E3,E3_Min4_Field_Depth_LogSalinity,Ridge,LOG1P,25,-0.699549,0.437382,0.360008
Pb_num,E3,E3_Min4_Field_Depth_LogSalinity,ElasticNet,RAW,1,-3.289271,0.571555,0.424613
Pb_num,E3,E3_Min4_Field_Depth_LogSalinity,ElasticNet,RAW,2,-1.596456,1.116312,0.837055
Pb_num,E3,E3_Min4_Field_Depth_LogSalinity,ElasticNet,RAW,3,-0.185039,2.530404,1.381204
Pb_num,E3,E3_Min4_Field_Depth_LogSalinity,ElasticNet,RAW,4,0.339137,0.688155,0.52072
Pb_num,E3,E3_Min4_Field_Depth_LogSalinity,ElasticNet,RAW,5,-1.009102,0.512505,0.327333
Pb_num,E3,E3_Min4_Field_Depth_LogSalinity,ElasticNet,RAW,6,-0.116137,0.759004,0.642363
Pb_num,E3,E3_Min4_Field_Depth_LogSalinity,ElasticNet,RAW,7,-1.762827,0.585534,0.536643
Pb_num,E3,E3_Min4_Field_Depth_LogSalinity,ElasticNet,RAW,8,0.452026,0.638105,0.430773
Pb_num,E3,E3_Min4_Field_Depth_LogSalinity,ElasticNet,RAW,9,-0.093981,2.427089,1.300092
Pb_num,E3,E3_Min4_Field_Depth_LogSalinity,ElasticNet,RAW,10,-7.163684,0.810633,0.562987
Pb_num,E3,E3_Min4_Field_Depth_LogSalinity,ElasticNet,RAW,11,-4.277345,0.851876,0.662243
Pb_num,E3,E3_Min4_Field_Depth_LogSalinity,ElasticNet,RAW,12,0.379901,0.621323,0.452545
Pb_num,E3,E3_Min4_Field_Depth_LogSalinity,ElasticNet,RAW,13,-0.120852,2.524651,1.457182
Pb_num,E3,E3_Min4_Field_Depth_LogSalinity,ElasticNet,RAW,14,-27.438719,0.512892,0.406687
Pb_num,E3,E3_Min4_Field_Depth_LogSalinity,ElasticNet,RAW,15,-1.035211,0.519673,0.355639
Pb_num,E3,E3_Min4_Field_Depth_LogSalinity,ElasticNet,RAW,16,-0.022572,2.391197,1.120949
Pb_num,E3,E3_Min4_Field_Depth_LogSalinity,ElasticNet,RAW,17,-4.211064,0.708069,0.610698
Pb_num,E3,E3_Min4_Field_Depth_LogSalinity,ElasticNet,RAW,18,-2.582673,0.685955,0.49723
Pb_num,E3,E3_Min4_Field_Depth_LogSalinity,ElasticNet,RAW,19,-0.187226,1.044594,0.743983
Pb_num,E3,E3_Min4_Field_Depth_LogSalinity,ElasticNet,RAW,20,0.096126,0.707215,0.538513
Pb_num,E3,E3_Min4_Field_Depth_LogSalinity,ElasticNet,RAW,21,-6.276783,0.840357,0.61486
Pb_num,E3,E3_Min4_Field_Depth_LogSalinity,ElasticNet,RAW,22,0.00992,2.381668,1.103154
Pb_num,E3,E3_Min4_Field_Depth_LogSalinity,ElasticNet,RAW,23,0.294359,0.689252,0.524069
Pb_num,E3,E3_Min4_Field_Depth_LogSalinity,ElasticNet,RAW,24,-0.067347,0.983533,0.705272
Pb_num,E3,E3_Min4_Field_Depth_LogSalinity,ElasticNet,RAW,25,-2.718361,0.646948,0.513291
Pb_num,E3,E3_Min4_Field_Depth_LogSalinity,ElasticNet,LOG1P,1,0.093938,0.262691,0.244623
Pb_num,E3,E3_Min4_Field_Depth_LogSalinity,ElasticNet,LOG1P,2,-0.424521,0.826856,0.56763
Pb_num,E3,E3_Min4_Field_Depth_LogSalinity,ElasticNet,LOG1P,3,-0.236904,2.585185,1.379753
Pb_num,E3,E3_Min4_Field_Depth_LogSalinity,ElasticNet,LOG1P,4,0.242934,0.736543,0.460678
Pb_num,E3,E3_Min4_Field_Depth_LogSalinity,ElasticNet,LOG1P,5,0.050375,0.352349,0.305173
Pb_num,E3,E3_Min4_Field_Depth_LogSalinity,ElasticNet,LOG1P,6,0.29194,0.604534,0.43542
Pb_num,E3,E3_Min4_Field_Depth_LogSalinity,ElasticNet,LOG1P,7,-0.305747,0.402536,0.347138
Pb_num,E3,E3_Min4_Field_Depth_LogSalinity,ElasticNet,LOG1P,8,0.202204,0.769942,0.521365
Pb_num,E3,E3_Min4_Field_Depth_LogSalinity,ElasticNet,LOG1P,9,-0.183708,2.524661,1.32345
Pb_num,E3,E3_Min4_Field_Depth_LogSalinity,ElasticNet,LOG1P,10,-1.229352,0.423614,0.370275
Pb_num,E3,E3_Min4_Field_Depth_LogSalinity,ElasticNet,LOG1P,11,0.304883,0.30917,0.281503
Pb_num,E3,E3_Min4_Field_Depth_LogSalinity,ElasticNet,LOG1P,12,0.154128,0.72567,0.411833
Pb_num,E3,E3_Min4_Field_Depth_LogSalinity,ElasticNet,LOG1P,13,-0.208334,2.621324,1.498378
Pb_num,E3,E3_Min4_Field_Depth_LogSalinity,ElasticNet,LOG1P,14,-18.211466,0.421552,0.382464
Pb_num,E3,E3_Min4_Field_Depth_LogSalinity,ElasticNet,LOG1P,15,-0.065585,0.376027,0.348447
Pb_num,E3,E3_Min4_Field_Depth_LogSalinity,ElasticNet,LOG1P,16,-0.085105,2.463227,1.146674
Pb_num,E3,E3_Min4_Field_Depth_LogSalinity,ElasticNet,LOG1P,17,-0.998832,0.438531,0.405204
Pb_num,E3,E3_Min4_Field_Depth_LogSalinity,ElasticNet,LOG1P,18,-0.245965,0.404524,0.369627
Pb_num,E3,E3_Min4_Field_Depth_LogSalinity,ElasticNet,LOG1P,19,-0.136713,1.022131,0.654726
Pb_num,E3,E3_Min4_Field_Depth_LogSalinity,ElasticNet,LOG1P,20,0.343191,0.602861,0.386066
Pb_num,E3,E3_Min4_Field_Depth_LogSalinity,ElasticNet,LOG1P,21,-0.700754,0.40627,0.392051
Pb_num,E3,E3_Min4_Field_Depth_LogSalinity,ElasticNet,LOG1P,22,-0.041909,2.44321,1.105031
Pb_num,E3,E3_Min4_Field_Depth_LogSalinity,ElasticNet,LOG1P,23,0.165069,0.749741,0.467311
Pb_num,E3,E3_Min4_Field_Depth_LogSalinity,ElasticNet,LOG1P,24,0.082736,0.911765,0.592899
Pb_num,E3,E3_Min4_Field_Depth_LogSalinity,ElasticNet,LOG1P,25,-0.121544,0.355306,0.31668
Pb_num,E4,E4_Min5_Field_Depth_Interactions,SVR_RBF,RAW,1,0.024601,0.272557,0.228403
Pb_num,E4,E4_Min5_Field_Depth_Interactions,SVR_RBF,RAW,2,-0.657433,0.891894,0.633312
Pb_num,E4,E4_Min5_Field_Depth_Interactions,SVR_RBF,RAW,3,-0.159795,2.503307,1.323727
Pb_num,E4,E4_Min5_Field_Depth_Interactions,SVR_RBF,RAW,4,0.156085,0.777643,0.465832
Pb_num,E4,E4_Min5_Field_Depth_Interactions,SVR_RBF,RAW,5,-0.400081,0.427833,0.353586
Pb_num,E4,E4_Min5_Field_Depth_Interactions,SVR_RBF,RAW,6,-0.080979,0.746954,0.526309
Pb_num,E4,E4_Min5_Field_Depth_Interactions,SVR_RBF,RAW,7,-0.037923,0.358887,0.323111
Pb_num,E4,E4_Min5_Field_Depth_Interactions,SVR_RBF,RAW,8,0.070599,0.831024,0.612178
Pb_num,E4,E4_Min5_Field_Depth_Interactions,SVR_RBF,RAW,9,-0.176306,2.516755,1.322886
Pb_num,E4,E4_Min5_Field_Depth_Interactions,SVR_RBF,RAW,10,-2.305552,0.515826,0.347063
Pb_num,E4,E4_Min5_Field_Depth_Interactions,SVR_RBF,RAW,11,0.441694,0.27708,0.254273
Pb_num,E4,E4_Min5_Field_Depth_Interactions,SVR_RBF,RAW,12,0.041439,0.772497,0.446669
Pb_num,E4,E4_Min5_Field_Depth_Interactions,SVR_RBF,RAW,13,-0.201978,2.614421,1.565477
Pb_num,E4,E4_Min5_Field_Depth_Interactions,SVR_RBF,RAW,14,-16.101958,0.397735,0.328803
Pb_num,E4,E4_Min5_Field_Depth_Interactions,SVR_RBF,RAW,15,-1.111263,0.529293,0.493583
Pb_num,E4,E4_Min5_Field_Depth_Interactions,SVR_RBF,RAW,16,-0.045321,2.417649,1.067883
Pb_num,E4,E4_Min5_Field_Depth_Interactions,SVR_RBF,RAW,17,-2.055777,0.542217,0.435928
Pb_num,E4,E4_Min5_Field_Depth_Interactions,SVR_RBF,RAW,18,0.065918,0.350255,0.309726
Pb_num,E4,E4_Min5_Field_Depth_Interactions,SVR_RBF,RAW,19,-0.143534,1.025193,0.678501
Pb_num,E4,E4_Min5_Field_Depth_Interactions,SVR_RBF,RAW,20,0.135497,0.691641,0.51581
Pb_num,E4,E4_Min5_Field_Depth_Interactions,SVR_RBF,RAW,21,-1.176616,0.459605,0.388659
Pb_num,E4,E4_Min5_Field_Depth_Interactions,SVR_RBF,RAW,22,0.010258,2.381261,1.040825
Pb_num,E4,E4_Min5_Field_Depth_Interactions,SVR_RBF,RAW,23,0.187235,0.739722,0.451379
Pb_num,E4,E4_Min5_Field_Depth_Interactions,SVR_RBF,RAW,24,-0.172596,1.030885,0.644754
Pb_num,E4,E4_Min5_Field_Depth_Interactions,SVR_RBF,RAW,25,-1.353019,0.514644,0.386067
Pb_num,E4,E4_Min5_Field_Depth_Interactions,SVR_RBF,LOG1P,1,-0.047869,0.282501,0.241721
Pb_num,E4,E4_Min5_Field_Depth_Interactions,SVR_RBF,LOG1P,2,-1.438041,1.081722,0.739907
Pb_num,E4,E4_Min5_Field_Depth_Interactions,SVR_RBF,LOG1P,3,-0.139091,2.480863,1.327722
Pb_num,E4,E4_Min5_Field_Depth_Interactions,SVR_RBF,LOG1P,4,0.143257,0.783531,0.46946
Pb_num,E4,E4_Min5_Field_Depth_Interactions,SVR_RBF,LOG1P,5,-0.761713,0.479916,0.37403
Pb_num,E4,E4_Min5_Field_Depth_Interactions,SVR_RBF,LOG1P,6,-0.034422,0.730692,0.540494
Pb_num,E4,E4_Min5_Field_Depth_Interactions,SVR_RBF,LOG1P,7,-0.038849,0.359047,0.309603
Pb_num,E4,E4_Min5_Field_Depth_Interactions,SVR_RBF,LOG1P,8,0.053623,0.83858,0.614096
Pb_num,E4,E4_Min5_Field_Depth_Interactions,SVR_RBF,LOG1P,9,-0.154601,2.493427,1.325109
Pb_num,E4,E4_Min5_Field_Depth_Interactions,SVR_RBF,LOG1P,10,-7.592186,0.831635,0.518264
Pb_num,E4,E4_Min5_Field_Depth_Interactions,SVR_RBF,LOG1P,11,0.272689,0.316249,0.299462
Pb_num,E4,E4_Min5_Field_Depth_Interactions,SVR_RBF,LOG1P,12,0.073125,0.759622,0.462285
Pb_num,E4,E4_Min5_Field_Depth_Interactions,SVR_RBF,LOG1P,13,-0.187097,2.598187,1.560776
Pb_num,E4,E4_Min5_Field_Depth_Interactions,SVR_RBF,LOG1P,14,-12.530035,0.353769,0.254452
Pb_num,E4,E4_Min5_Field_Depth_Interactions,SVR_RBF,LOG1P,15,-3.602031,0.781448,0.683172
Pb_num,E4,E4_Min5_Field_Depth_Interactions,SVR_RBF,LOG1P,16,-0.038244,2.409452,1.099317
Pb_num,E4,E4_Min5_Field_Depth_Interactions,SVR_RBF,LOG1P,17,-2.915412,0.613763,0.444488
Pb_num,E4,E4_Min5_Field_Depth_Interactions,SVR_RBF,LOG1P,18,0.20696,0.32273,0.273974
Pb_num,E4,E4_Min5_Field_Depth_Interactions,SVR_RBF,LOG1P,19,-0.107207,1.008778,0.6701
Pb_num,E4,E4_Min5_Field_Depth_Interactions,SVR_RBF,LOG1P,20,-0.222246,0.822388,0.624933
Pb_num,E4,E4_Min5_Field_Depth_Interactions,SVR_RBF,LOG1P,21,-4.294767,0.716833,0.473717
Pb_num,E4,E4_Min5_Field_Depth_Interactions,SVR_RBF,LOG1P,22,0.013907,2.376867,1.043465
Pb_num,E4,E4_Min5_Field_Depth_Interactions,SVR_RBF,LOG1P,23,0.16716,0.748802,0.458612
Pb_num,E4,E4_Min5_Field_Depth_Interactions,SVR_RBF,LOG1P,24,-0.144189,1.018321,0.639449
Pb_num,E4,E4_Min5_Field_Depth_Interactions,SVR_RBF,LOG1P,25,-2.035519,0.584535,0.395893
Pb_num,E4,E4_Min5_Field_Depth_Interactions,PLS,RAW,1,-8.694796,0.859282,0.53374
Pb_num,E4,E4_Min5_Field_Depth_Interactions,PLS,RAW,2,-2.258352,1.25053,0.953406
Pb_num,E4,E4_Min5_Field_Depth_Interactions,PLS,RAW,3,-0.17136,2.515757,1.373375
Pb_num,E4,E4_Min5_Field_Depth_Interactions,PLS,RAW,4,0.302432,0.707008,0.535779
Pb_num,E4,E4_Min5_Field_Depth_Interactions,PLS,RAW,5,-1.047545,0.517385,0.313801
Pb_num,E4,E4_Min5_Field_Depth_Interactions,PLS,RAW,6,-0.961792,1.006264,0.748822
Pb_num,E4,E4_Min5_Field_Depth_Interactions,PLS,RAW,7,-2.271466,0.637157,0.578949
Pb_num,E4,E4_Min5_Field_Depth_Interactions,PLS,RAW,8,0.421372,0.65571,0.472382
Pb_num,E4,E4_Min5_Field_Depth_Interactions,PLS,RAW,9,-0.061787,2.39111,1.284681
Pb_num,E4,E4_Min5_Field_Depth_Interactions,PLS,RAW,10,-9.345823,0.912565,0.641548
Pb_num,E4,E4_Min5_Field_Depth_Interactions,PLS,RAW,11,-3.415428,0.779211,0.606576
Pb_num,E4,E4_Min5_Field_Depth_Interactions,PLS,RAW,12,0.394595,0.613918,0.469386
Pb_num,E4,E4_Min5_Field_Depth_Interactions,PLS,RAW,13,-0.077618,2.475481,1.514271
Pb_num,E4,E4_Min5_Field_Depth_Interactions,PLS,RAW,14,-28.574095,0.52303,0.390167
Pb_num,E4,E4_Min5_Field_Depth_Interactions,PLS,RAW,15,-1.188738,0.538917,0.330417
Pb_num,E4,E4_Min5_Field_Depth_Interactions,PLS,RAW,16,0.054419,2.299418,1.003731
Pb_num,E4,E4_Min5_Field_Depth_Interactions,PLS,RAW,17,-5.73114,0.804742,0.689709
Pb_num,E4,E4_Min5_Field_Depth_Interactions,PLS,RAW,18,-2.444168,0.672565,0.46254
Pb_num,E4,E4_Min5_Field_Depth_Interactions,PLS,RAW,19,-0.355998,1.116376,0.794091
Pb_num,E4,E4_Min5_Field_Depth_Interactions,PLS,RAW,20,-0.623047,0.947683,0.599855
Pb_num,E4,E4_Min5_Field_Depth_Interactions,PLS,RAW,21,-7.508748,0.908714,0.641999
Pb_num,E4,E4_Min5_Field_Depth_Interactions,PLS,RAW,22,0.060442,2.320107,1.061144
Pb_num,E4,E4_Min5_Field_Depth_Interactions,PLS,RAW,23,0.289853,0.691449,0.550939
Pb_num,E4,E4_Min5_Field_Depth_Interactions,PLS,RAW,24,-0.568773,1.192384,0.810332
Pb_num,E4,E4_Min5_Field_Depth_Interactions,PLS,RAW,25,-4.002064,0.750358,0.605651
Pb_num,E4,E4_Min5_Field_Depth_Interactions,PLS,LOG1P,1,-0.485282,0.336334,0.287377
Pb_num,E4,E4_Min5_Field_Depth_Interactions,PLS,LOG1P,2,-0.900553,0.95507,0.68685
Pb_num,E4,E4_Min5_Field_Depth_Interactions,PLS,LOG1P,3,-0.195206,2.541235,1.358152
Pb_num,E4,E4_Min5_Field_Depth_Interactions,PLS,LOG1P,4,0.330595,0.692588,0.459629
Pb_num,E4,E4_Min5_Field_Depth_Interactions,PLS,LOG1P,5,-0.071056,0.3742,0.286994
Pb_num,E4,E4_Min5_Field_Depth_Interactions,PLS,LOG1P,6,0.366245,0.571934,0.485808
Pb_num,E4,E4_Min5_Field_Depth_Interactions,PLS,LOG1P,7,-0.016669,0.355193,0.326785
Pb_num,E4,E4_Min5_Field_Depth_Interactions,PLS,LOG1P,8,0.302309,0.720019,0.484107
Pb_num,E4,E4_Min5_Field_Depth_Interactions,PLS,LOG1P,9,-0.102953,2.437021,1.288123
Pb_num,E4,E4_Min5_Field_Depth_Interactions,PLS,LOG1P,10,-4.048843,0.637495,0.477009
Pb_num,E4,E4_Min5_Field_Depth_Interactions,PLS,LOG1P,11,-0.090527,0.387246,0.344919
Pb_num,E4,E4_Min5_Field_Depth_Interactions,PLS,LOG1P,12,0.268083,0.675022,0.410674
Pb_num,E4,E4_Min5_Field_Depth_Interactions,PLS,LOG1P,13,-0.095481,2.495914,1.470404
Pb_num,E4,E4_Min5_Field_Depth_Interactions,PLS,LOG1P,14,-15.530295,0.391031,0.313706
Pb_num,E4,E4_Min5_Field_Depth_Interactions,PLS,LOG1P,15,-0.202848,0.399513,0.345465
Pb_num,E4,E4_Min5_Field_Depth_Interactions,PLS,LOG1P,16,0.008004,2.355176,1.026507
Pb_num,E4,E4_Min5_Field_Depth_Interactions,PLS,LOG1P,17,-1.883741,0.526733,0.462506
Pb_num,E4,E4_Min5_Field_Depth_Interactions,PLS,LOG1P,18,-0.841011,0.491722,0.39798
Pb_num,E4,E4_Min5_Field_Depth_Interactions,PLS,LOG1P,19,-0.183624,1.043009,0.687221
Pb_num,E4,E4_Min5_Field_Depth_Interactions,PLS,LOG1P,20,0.487916,0.532314,0.397662
Pb_num,E4,E4_Min5_Field_Depth_Interactions,PLS,LOG1P,21,-2.731181,0.601752,0.506518
Pb_num,E4,E4_Min5_Field_Depth_Interactions,PLS,LOG1P,22,0.027885,2.359961,1.03552
Pb_num,E4,E4_Min5_Field_Depth_Interactions,PLS,LOG1P,23,0.255404,0.708022,0.486118
Pb_num,E4,E4_Min5_Field_Depth_Interactions,PLS,LOG1P,24,0.123989,0.891027,0.593356
Pb_num,E4,E4_Min5_Field_Depth_Interactions,PLS,LOG1P,25,-0.665243,0.432945,0.345978
Pb_num,E4,E4_Min5_Field_Depth_Interactions,Lasso,RAW,1,-2.299522,0.501293,0.402092
Pb_num,E4,E4_Min5_Field_Depth_Interactions,Lasso,RAW,2,-1.430005,1.079938,0.79745
Pb_num,E4,E4_Min5_Field_Depth_Interactions,Lasso,RAW,3,-0.195914,2.541988,1.373384
Pb_num,E4,E4_Min5_Field_Depth_Interactions,Lasso,RAW,4,0.322647,0.696688,0.519796
Pb_num,E4,E4_Min5_Field_Depth_Interactions,Lasso,RAW,5,-0.86921,0.494341,0.320526
Pb_num,E4,E4_Min5_Field_Depth_Interactions,Lasso,RAW,6,0.085538,0.687018,0.606502
Pb_num,E4,E4_Min5_Field_Depth_Interactions,Lasso,RAW,7,-1.413648,0.547283,0.505289
Pb_num,E4,E4_Min5_Field_Depth_Interactions,Lasso,RAW,8,0.396796,0.669491,0.472111
Pb_num,E4,E4_Min5_Field_Depth_Interactions,Lasso,RAW,9,-0.134109,2.471201,1.317101
Pb_num,E4,E4_Min5_Field_Depth_Interactions,Lasso,RAW,10,-6.38195,0.770844,0.53866
Pb_num,E4,E4_Min5_Field_Depth_Interactions,Lasso,RAW,11,-3.846001,0.81632,0.633604
Pb_num,E4,E4_Min5_Field_Depth_Interactions,Lasso,RAW,12,0.34765,0.637276,0.453364
Pb_num,E4,E4_Min5_Field_Depth_Interactions,Lasso,RAW,13,-0.181565,2.592126,1.493377
Pb_num,E4,E4_Min5_Field_Depth_Interactions,Lasso,RAW,14,-29.829258,0.534014,0.447497
Pb_num,E4,E4_Min5_Field_Depth_Interactions,Lasso,RAW,15,-0.81879,0.491266,0.3414
Pb_num,E4,E4_Min5_Field_Depth_Interactions,Lasso,RAW,16,-0.04905,2.421958,1.149326
Pb_num,E4,E4_Min5_Field_Depth_Interactions,Lasso,RAW,17,-3.867482,0.684328,0.595309
Pb_num,E4,E4_Min5_Field_Depth_Interactions,Lasso,RAW,18,-2.046999,0.632598,0.459371
Pb_num,E4,E4_Min5_Field_Depth_Interactions,Lasso,RAW,19,-0.159968,1.032533,0.714651
Pb_num,E4,E4_Min5_Field_Depth_Interactions,Lasso,RAW,20,0.287256,0.628007,0.513751
Pb_num,E4,E4_Min5_Field_Depth_Interactions,Lasso,RAW,21,-5.095058,0.769101,0.556309
Pb_num,E4,E4_Min5_Field_Depth_Interactions,Lasso,RAW,22,-0.014148,2.410442,1.138906
Pb_num,E4,E4_Min5_Field_Depth_Interactions,Lasso,RAW,23,0.267565,0.702216,0.521456
Pb_num,E4,E4_Min5_Field_Depth_Interactions,Lasso,RAW,24,0.027413,0.938859,0.67174
Pb_num,E4,E4_Min5_Field_Depth_Interactions,Lasso,RAW,25,-2.350444,0.614108,0.505328
Pb_num,E4,E4_Min5_Field_Depth_Interactions,Lasso,LOG1P,1,-0.25686,0.309392,0.281831
Pb_num,E4,E4_Min5_Field_Depth_Interactions,Lasso,LOG1P,2,-0.191688,0.756269,0.517233
Pb_num,E4,E4_Min5_Field_Depth_Interactions,Lasso,LOG1P,3,-0.255827,2.604884,1.376255
Pb_num,E4,E4_Min5_Field_Depth_Interactions,Lasso,LOG1P,4,0.086589,0.809029,0.512121
Pb_num,E4,E4_Min5_Field_Depth_Interactions,Lasso,LOG1P,5,0.063305,0.349943,0.323142
Pb_num,E4,E4_Min5_Field_Depth_Interactions,Lasso,LOG1P,6,0.046402,0.701565,0.444384
Pb_num,E4,E4_Min5_Field_Depth_Interactions,Lasso,LOG1P,7,-0.205715,0.38681,0.346402
Pb_num,E4,E4_Min5_Field_Depth_Interactions,Lasso,LOG1P,8,-0.003741,0.863621,0.625257
Pb_num,E4,E4_Min5_Field_Depth_Interactions,Lasso,LOG1P,9,-0.243707,2.587853,1.349246
Pb_num,E4,E4_Min5_Field_Depth_Interactions,Lasso,LOG1P,10,-0.474057,0.34446,0.305159
Pb_num,E4,E4_Min5_Field_Depth_Interactions,Lasso,LOG1P,11,0.01132,0.36872,0.341162
Pb_num,E4,E4_Min5_Field_Depth_Interactions,Lasso,LOG1P,12,0.032854,0.775949,0.42136
Pb_num,E4,E4_Min5_Field_Depth_Interactions,Lasso,LOG1P,13,-0.266466,2.683639,1.54375
Pb_num,E4,E4_Min5_Field_Depth_Interactions,Lasso,LOG1P,14,-22.225331,0.463502,0.443255
Pb_num,E4,E4_Min5_Field_Depth_Interactions,Lasso,LOG1P,15,-0.139211,0.388801,0.344949
Pb_num,E4,E4_Min5_Field_Depth_Interactions,Lasso,LOG1P,16,-0.104671,2.485336,1.173499
Pb_num,E4,E4_Min5_Field_Depth_Interactions,Lasso,LOG1P,17,-0.660982,0.399756,0.378823
Pb_num,E4,E4_Min5_Field_Depth_Interactions,Lasso,LOG1P,18,0.059972,0.351368,0.322382
Pb_num,E4,E4_Min5_Field_Depth_Interactions,Lasso,LOG1P,19,-0.139531,1.023397,0.650284
Pb_num,E4,E4_Min5_Field_Depth_Interactions,Lasso,LOG1P,20,0.078458,0.714093,0.439454
Pb_num,E4,E4_Min5_Field_Depth_Interactions,Lasso,LOG1P,21,-0.197847,0.340953,0.300584
Pb_num,E4,E4_Min5_Field_Depth_Interactions,Lasso,LOG1P,22,-0.057047,2.460896,1.128974
Pb_num,E4,E4_Min5_Field_Depth_Interactions,Lasso,LOG1P,23,0.059724,0.795635,0.496088
Pb_num,E4,E4_Min5_Field_Depth_Interactions,Lasso,LOG1P,24,-0.03645,0.969193,0.6924
Pb_num,E4,E4_Min5_Field_Depth_Interactions,Lasso,LOG1P,25,-0.334337,0.387549,0.37168
Pb_num,E4,E4_Min5_Field_Depth_Interactions,Ridge,RAW,1,-0.804103,0.370678,0.272896
Pb_num,E4,E4_Min5_Field_Depth_Interactions,Ridge,RAW,2,-2.11849,1.223397,0.93655
Pb_num,E4,E4_Min5_Field_Depth_Interactions,Ridge,RAW,3,-0.106753,2.445394,1.324326
Pb_num,E4,E4_Min5_Field_Depth_Interactions,Ridge,RAW,4,0.467702,0.617601,0.500817
Pb_num,E4,E4_Min5_Field_Depth_Interactions,Ridge,RAW,5,-2.058617,0.632354,0.460212
Pb_num,E4,E4_Min5_Field_Depth_Interactions,Ridge,RAW,6,0.233518,0.628979,0.48097
Pb_num,E4,E4_Min5_Field_Depth_Interactions,Ridge,RAW,7,-0.983113,0.496077,0.444334
Pb_num,E4,E4_Min5_Field_Depth_Interactions,Ridge,RAW,8,0.575148,0.561864,0.384424
Pb_num,E4,E4_Min5_Field_Depth_Interactions,Ridge,RAW,9,-0.011764,2.334105,1.262924
Pb_num,E4,E4_Min5_Field_Depth_Interactions,Ridge,RAW,10,-7.873974,0.845162,0.668854
Pb_num,E4,E4_Min5_Field_Depth_Interactions,Ridge,RAW,11,-4.693135,0.884799,0.728274
Pb_num,E4,E4_Min5_Field_Depth_Interactions,Ridge,RAW,12,0.449529,0.585402,0.440561
Pb_num,E4,E4_Min5_Field_Depth_Interactions,Ridge,RAW,13,-0.045562,2.438384,1.45199
Pb_num,E4,E4_Min5_Field_Depth_Interactions,Ridge,RAW,14,-26.281363,0.502347,0.433116
Pb_num,E4,E4_Min5_Field_Depth_Interactions,Ridge,RAW,15,-2.598892,0.69105,0.508266
Pb_num,E4,E4_Min5_Field_Depth_Interactions,Ridge,RAW,16,0.071489,2.278569,0.97942
Pb_num,E4,E4_Min5_Field_Depth_Interactions,Ridge,RAW,17,-4.633294,0.736196,0.611038
Pb_num,E4,E4_Min5_Field_Depth_Interactions,Ridge,RAW,18,-1.123931,0.528156,0.432619
Pb_num,E4,E4_Min5_Field_Depth_Interactions,Ridge,RAW,19,-0.267221,1.079213,0.816955
Pb_num,E4,E4_Min5_Field_Depth_Interactions,Ridge,RAW,20,0.337156,0.605624,0.367037
Pb_num,E4,E4_Min5_Field_Depth_Interactions,Ridge,RAW,21,-7.309407,0.898006,0.70725
Pb_num,E4,E4_Min5_Field_Depth_Interactions,Ridge,RAW,22,0.086837,2.287285,1.035575
Pb_num,E4,E4_Min5_Field_Depth_Interactions,Ridge,RAW,23,0.442257,0.612778,0.470771
Pb_num,E4,E4_Min5_Field_Depth_Interactions,Ridge,RAW,24,0.012939,0.945819,0.602863
Pb_num,E4,E4_Min5_Field_Depth_Interactions,Ridge,RAW,25,-3.450564,0.707785,0.527169
Pb_num,E4,E4_Min5_Field_Depth_Interactions,Ridge,LOG1P,1,0.259893,0.237418,0.213118
Pb_num,E4,E4_Min5_Field_Depth_Interactions,Ridge,LOG1P,2,-0.874896,0.948601,0.680421
Pb_num,E4,E4_Min5_Field_Depth_Interactions,Ridge,LOG1P,3,-0.138283,2.479982,1.316243
Pb_num,E4,E4_Min5_Field_Depth_Interactions,Ridge,LOG1P,4,0.403209,0.653946,0.404195
Pb_num,E4,E4_Min5_Field_Depth_Interactions,Ridge,LOG1P,5,-0.355068,0.420899,0.308208
Pb_num,E4,E4_Min5_Field_Depth_Interactions,Ridge,LOG1P,6,0.537184,0.488753,0.403535
Pb_num,E4,E4_Min5_Field_Depth_Interactions,Ridge,LOG1P,7,0.21012,0.31308,0.256569
Pb_num,E4,E4_Min5_Field_Depth_Interactions,Ridge,LOG1P,8,0.401719,0.666753,0.407139
Pb_num,E4,E4_Min5_Field_Depth_Interactions,Ridge,LOG1P,9,-0.058218,2.387087,1.271692
Pb_num,E4,E4_Min5_Field_Depth_Interactions,Ridge,LOG1P,10,-2.659538,0.542743,0.434782
Pb_num,E4,E4_Min5_Field_Depth_Interactions,Ridge,LOG1P,11,-0.033918,0.377061,0.326312
Pb_num,E4,E4_Min5_Field_Depth_Interactions,Ridge,LOG1P,12,0.313271,0.653853,0.38812
Pb_num,E4,E4_Min5_Field_Depth_Interactions,Ridge,LOG1P,13,-0.066921,2.463165,1.433395
Pb_num,E4,E4_Min5_Field_Depth_Interactions,Ridge,LOG1P,14,-10.93412,0.332251,0.249761
Pb_num,E4,E4_Min5_Field_Depth_Interactions,Ridge,LOG1P,15,-0.659931,0.469321,0.373782
Pb_num,E4,E4_Min5_Field_Depth_Interactions,Ridge,LOG1P,16,0.024969,2.33495,1.012463
Pb_num,E4,E4_Min5_Field_Depth_Interactions,Ridge,LOG1P,17,-1.631898,0.503207,0.436017
Pb_num,E4,E4_Min5_Field_Depth_Interactions,Ridge,LOG1P,18,0.075899,0.348379,0.309513
Pb_num,E4,E4_Min5_Field_Depth_Interactions,Ridge,LOG1P,19,-0.124713,1.016721,0.696704
Pb_num,E4,E4_Min5_Field_Depth_Interactions,Ridge,LOG1P,20,0.618036,0.459736,0.330742
Pb_num,E4,E4_Min5_Field_Depth_Interactions,Ridge,LOG1P,21,-2.038162,0.543,0.449701
Pb_num,E4,E4_Min5_Field_Depth_Interactions,Ridge,LOG1P,22,0.057182,2.324128,1.012475
Pb_num,E4,E4_Min5_Field_Depth_Interactions,Ridge,LOG1P,23,0.328812,0.672215,0.433667
Pb_num,E4,E4_Min5_Field_Depth_Interactions,Ridge,LOG1P,24,0.226052,0.837513,0.536682
Pb_num,E4,E4_Min5_Field_Depth_Interactions,Ridge,LOG1P,25,-0.522746,0.414007,0.311005
Pb_num,E4,E4_Min5_Field_Depth_Interactions,ElasticNet,RAW,1,-3.289272,0.571555,0.424613
Pb_num,E4,E4_Min5_Field_Depth_Interactions,ElasticNet,RAW,2,-1.596934,1.116415,0.837219
Pb_num,E4,E4_Min5_Field_Depth_Interactions,ElasticNet,RAW,3,-0.179596,2.524586,1.370989
Pb_num,E4,E4_Min5_Field_Depth_Interactions,ElasticNet,RAW,4,0.339137,0.688155,0.52072
Pb_num,E4,E4_Min5_Field_Depth_Interactions,ElasticNet,RAW,5,-1.009102,0.512505,0.327333
Pb_num,E4,E4_Min5_Field_Depth_Interactions,ElasticNet,RAW,6,-0.116141,0.759005,0.642363
Pb_num,E4,E4_Min5_Field_Depth_Interactions,ElasticNet,RAW,7,-1.512997,0.558433,0.514423
Pb_num,E4,E4_Min5_Field_Depth_Interactions,ElasticNet,RAW,8,0.452026,0.638105,0.430773
Pb_num,E4,E4_Min5_Field_Depth_Interactions,ElasticNet,RAW,9,-0.094781,2.427976,1.300585
Pb_num,E4,E4_Min5_Field_Depth_Interactions,ElasticNet,RAW,10,-6.935746,0.799236,0.546792
Pb_num,E4,E4_Min5_Field_Depth_Interactions,ElasticNet,RAW,11,-4.233062,0.848294,0.660085
Pb_num,E4,E4_Min5_Field_Depth_Interactions,ElasticNet,RAW,12,0.379896,0.621326,0.452547
Pb_num,E4,E4_Min5_Field_Depth_Interactions,ElasticNet,RAW,13,-0.123677,2.527831,1.469983
Pb_num,E4,E4_Min5_Field_Depth_Interactions,ElasticNet,RAW,14,-27.438719,0.512892,0.406687
Pb_num,E4,E4_Min5_Field_Depth_Interactions,ElasticNet,RAW,15,-1.042984,0.520664,0.356899
Pb_num,E4,E4_Min5_Field_Depth_Interactions,ElasticNet,RAW,16,-0.017625,2.385407,1.106183
Pb_num,E4,E4_Min5_Field_Depth_Interactions,ElasticNet,RAW,17,-4.238119,0.709904,0.612415
Pb_num,E4,E4_Min5_Field_Depth_Interactions,ElasticNet,RAW,18,-2.070215,0.635004,0.455516
Pb_num,E4,E4_Min5_Field_Depth_Interactions,ElasticNet,RAW,19,-0.187226,1.044595,0.743983
Pb_num,E4,E4_Min5_Field_Depth_Interactions,ElasticNet,RAW,20,0.096126,0.707215,0.538513
Pb_num,E4,E4_Min5_Field_Depth_Interactions,ElasticNet,RAW,21,-5.780616,0.811202,0.590159
Pb_num,E4,E4_Min5_Field_Depth_Interactions,ElasticNet,RAW,22,0.013575,2.377268,1.102916
Pb_num,E4,E4_Min5_Field_Depth_Interactions,ElasticNet,RAW,23,0.294359,0.689252,0.524069
Pb_num,E4,E4_Min5_Field_Depth_Interactions,ElasticNet,RAW,24,-0.067347,0.983533,0.705272
Pb_num,E4,E4_Min5_Field_Depth_Interactions,ElasticNet,RAW,25,-2.718502,0.646961,0.513293
Pb_num,E4,E4_Min5_Field_Depth_Interactions,ElasticNet,LOG1P,1,0.094994,0.262538,0.244626
Pb_num,E4,E4_Min5_Field_Depth_Interactions,ElasticNet,LOG1P,2,-0.425224,0.827059,0.567914
Pb_num,E4,E4_Min5_Field_Depth_Interactions,ElasticNet,LOG1P,3,-0.233734,2.58187,1.374707
Pb_num,E4,E4_Min5_Field_Depth_Interactions,ElasticNet,LOG1P,4,0.242939,0.73654,0.460782
Pb_num,E4,E4_Min5_Field_Depth_Interactions,ElasticNet,LOG1P,5,0.049753,0.352465,0.305167
Pb_num,E4,E4_Min5_Field_Depth_Interactions,ElasticNet,LOG1P,6,0.292777,0.604176,0.435918
Pb_num,E4,E4_Min5_Field_Depth_Interactions,ElasticNet,LOG1P,7,0.025533,0.347743,0.297278
Pb_num,E4,E4_Min5_Field_Depth_Interactions,ElasticNet,LOG1P,8,0.202204,0.769942,0.521365
Pb_num,E4,E4_Min5_Field_Depth_Interactions,ElasticNet,LOG1P,9,-0.183715,2.524668,1.323652
Pb_num,E4,E4_Min5_Field_Depth_Interactions,ElasticNet,LOG1P,10,-1.201252,0.420936,0.369157
Pb_num,E4,E4_Min5_Field_Depth_Interactions,ElasticNet,LOG1P,11,0.304867,0.309174,0.281497
Pb_num,E4,E4_Min5_Field_Depth_Interactions,ElasticNet,LOG1P,12,0.15415,0.725661,0.411873
Pb_num,E4,E4_Min5_Field_Depth_Interactions,ElasticNet,LOG1P,13,-0.206348,2.619169,1.486962
Pb_num,E4,E4_Min5_Field_Depth_Interactions,ElasticNet,LOG1P,14,-18.211466,0.421552,0.382464
Pb_num,E4,E4_Min5_Field_Depth_Interactions,ElasticNet,LOG1P,15,-0.041925,0.371829,0.34343
Pb_num,E4,E4_Min5_Field_Depth_Interactions,ElasticNet,LOG1P,16,-0.083955,2.461921,1.142661
Pb_num,E4,E4_Min5_Field_Depth_Interactions,ElasticNet,LOG1P,17,-1.019079,0.440746,0.407083
Pb_num,E4,E4_Min5_Field_Depth_Interactions,ElasticNet,LOG1P,18,-0.148226,0.388334,0.359819
Pb_num,E4,E4_Min5_Field_Depth_Interactions,ElasticNet,LOG1P,19,-0.136628,1.022092,0.654723
Pb_num,E4,E4_Min5_Field_Depth_Interactions,ElasticNet,LOG1P,20,0.345931,0.601602,0.384964
Pb_num,E4,E4_Min5_Field_Depth_Interactions,ElasticNet,LOG1P,21,-0.640478,0.399006,0.385222
Pb_num,E4,E4_Min5_Field_Depth_Interactions,ElasticNet,LOG1P,22,-0.040693,2.441785,1.104885
Pb_num,E4,E4_Min5_Field_Depth_Interactions,ElasticNet,LOG1P,23,0.166151,0.749255,0.463856
Pb_num,E4,E4_Min5_Field_Depth_Interactions,ElasticNet,LOG1P,24,0.082736,0.911765,0.592899
Pb_num,E4,E4_Min5_Field_Depth_Interactions,ElasticNet,LOG1P,25,-0.122373,0.355437,0.316685
Pb_num,E5,E5_Full_Parsimonious_Easy_Panel,SVR_RBF,RAW,1,0.000395,0.275918,0.232759
Pb_num,E5,E5_Full_Parsimonious_Easy_Panel,SVR_RBF,RAW,2,-0.80241,0.930084,0.66091
Pb_num,E5,E5_Full_Parsimonious_Easy_Panel,SVR_RBF,RAW,3,-0.158888,2.502328,1.33309
Pb_num,E5,E5_Full_Parsimonious_Easy_Panel,SVR_RBF,RAW,4,0.0701,0.816298,0.488166
Pb_num,E5,E5_Full_Parsimonious_Easy_Panel,SVR_RBF,RAW,5,-0.513324,0.444799,0.371446
Pb_num,E5,E5_Full_Parsimonious_Easy_Panel,SVR_RBF,RAW,6,-0.059092,0.739354,0.522647
Pb_num,E5,E5_Full_Parsimonious_Easy_Panel,SVR_RBF,RAW,7,-0.158486,0.379158,0.342137
Pb_num,E5,E5_Full_Parsimonious_Easy_Panel,SVR_RBF,RAW,8,-7e-05,0.86204,0.627814
Pb_num,E5,E5_Full_Parsimonious_Easy_Panel,SVR_RBF,RAW,9,-0.162617,2.502067,1.323758
Pb_num,E5,E5_Full_Parsimonious_Easy_Panel,SVR_RBF,RAW,10,-2.716552,0.546954,0.391373
Pb_num,E5,E5_Full_Parsimonious_Easy_Panel,SVR_RBF,RAW,11,0.389769,0.289678,0.275436
Pb_num,E5,E5_Full_Parsimonious_Easy_Panel,SVR_RBF,RAW,12,0.012855,0.783931,0.453895
Pb_num,E5,E5_Full_Parsimonious_Easy_Panel,SVR_RBF,RAW,13,-0.193546,2.605235,1.562032
Pb_num,E5,E5_Full_Parsimonious_Easy_Panel,SVR_RBF,RAW,14,-15.555546,0.39133,0.327171
Pb_num,E5,E5_Full_Parsimonious_Easy_Panel,SVR_RBF,RAW,15,-0.963291,0.510408,0.471822
Pb_num,E5,E5_Full_Parsimonious_Easy_Panel,SVR_RBF,RAW,16,-0.042489,2.414372,1.069917
Pb_num,E5,E5_Full_Parsimonious_Easy_Panel,SVR_RBF,RAW,17,-1.909033,0.529038,0.430229
Pb_num,E5,E5_Full_Parsimonious_Easy_Panel,SVR_RBF,RAW,18,-0.066103,0.374189,0.311825
Pb_num,E5,E5_Full_Parsimonious_Easy_Panel,SVR_RBF,RAW,19,-0.187698,1.044802,0.694721
Pb_num,E5,E5_Full_Parsimonious_Easy_Panel,SVR_RBF,RAW,20,0.130223,0.693748,0.516346
Pb_num,E5,E5_Full_Parsimonious_Easy_Panel,SVR_RBF,RAW,21,-1.177641,0.459714,0.397364
Pb_num,E5,E5_Full_Parsimonious_Easy_Panel,SVR_RBF,RAW,22,0.01741,2.372643,1.045698
Pb_num,E5,E5_Full_Parsimonious_Easy_Panel,SVR_RBF,RAW,23,0.146683,0.757952,0.45652
Pb_num,E5,E5_Full_Parsimonious_Easy_Panel,SVR_RBF,RAW,24,-0.166971,1.02841,0.646275
Pb_num,E5,E5_Full_Parsimonious_Easy_Panel,SVR_RBF,RAW,25,-1.06377,0.481975,0.366229
Pb_num,E5,E5_Full_Parsimonious_Easy_Panel,SVR_RBF,LOG1P,1,-0.126104,0.292857,0.248856
Pb_num,E5,E5_Full_Parsimonious_Easy_Panel,SVR_RBF,LOG1P,2,-1.552319,1.106784,0.768749
Pb_num,E5,E5_Full_Parsimonious_Easy_Panel,SVR_RBF,LOG1P,3,-0.137728,2.479378,1.338445
Pb_num,E5,E5_Full_Parsimonious_Easy_Panel,SVR_RBF,LOG1P,4,-0.026223,0.857535,0.503165
Pb_num,E5,E5_Full_Parsimonious_Easy_Panel,SVR_RBF,LOG1P,5,-0.952808,0.505274,0.397748
Pb_num,E5,E5_Full_Parsimonious_Easy_Panel,SVR_RBF,LOG1P,6,0.031524,0.707017,0.530357
Pb_num,E5,E5_Full_Parsimonious_Easy_Panel,SVR_RBF,LOG1P,7,-0.26192,0.395723,0.32904
Pb_num,E5,E5_Full_Parsimonious_Easy_Panel,SVR_RBF,LOG1P,8,-0.011144,0.8668,0.627661
Pb_num,E5,E5_Full_Parsimonious_Easy_Panel,SVR_RBF,LOG1P,9,-0.138001,2.475438,1.321009
Pb_num,E5,E5_Full_Parsimonious_Easy_Panel,SVR_RBF,LOG1P,10,-8.77641,0.887096,0.548091
Pb_num,E5,E5_Full_Parsimonious_Easy_Panel,SVR_RBF,LOG1P,11,0.272625,0.316263,0.29915
Pb_num,E5,E5_Full_Parsimonious_Easy_Panel,SVR_RBF,LOG1P,12,0.044489,0.771267,0.465692
Pb_num,E5,E5_Full_Parsimonious_Easy_Panel,SVR_RBF,LOG1P,13,-0.187669,2.598812,1.555906
Pb_num,E5,E5_Full_Parsimonious_Easy_Panel,SVR_RBF,LOG1P,14,-11.876654,0.345122,0.253592
Pb_num,E5,E5_Full_Parsimonious_Easy_Panel,SVR_RBF,LOG1P,15,-2.92016,0.721236,0.631191
Pb_num,E5,E5_Full_Parsimonious_Easy_Panel,SVR_RBF,LOG1P,16,-0.036638,2.407587,1.105264
Pb_num,E5,E5_Full_Parsimonious_Easy_Panel,SVR_RBF,LOG1P,17,-2.707207,0.597222,0.439583
Pb_num,E5,E5_Full_Parsimonious_Easy_Panel,SVR_RBF,LOG1P,18,0.087954,0.346099,0.285825
Pb_num,E5,E5_Full_Parsimonious_Easy_Panel,SVR_RBF,LOG1P,19,-0.153274,1.02955,0.686264
Pb_num,E5,E5_Full_Parsimonious_Easy_Panel,SVR_RBF,LOG1P,20,-0.142387,0.795068,0.621058
Pb_num,E5,E5_Full_Parsimonious_Easy_Panel,SVR_RBF,LOG1P,21,-3.835187,0.685016,0.48948
Pb_num,E5,E5_Full_Parsimonious_Easy_Panel,SVR_RBF,LOG1P,22,0.023986,2.364689,1.052732
Pb_num,E5,E5_Full_Parsimonious_Easy_Panel,SVR_RBF,LOG1P,23,0.14726,0.757695,0.458568
Pb_num,E5,E5_Full_Parsimonious_Easy_Panel,SVR_RBF,LOG1P,24,-0.154518,1.022907,0.639998
Pb_num,E5,E5_Full_Parsimonious_Easy_Panel,SVR_RBF,LOG1P,25,-1.682112,0.549455,0.369675
Pb_num,E5,E5_Full_Parsimonious_Easy_Panel,PLS,RAW,1,-7.117963,0.786303,0.505722
Pb_num,E5,E5_Full_Parsimonious_Easy_Panel,PLS,RAW,2,-2.157173,1.230961,0.952995
Pb_num,E5,E5_Full_Parsimonious_Easy_Panel,PLS,RAW,3,-0.168773,2.512978,1.37681
Pb_num,E5,E5_Full_Parsimonious_Easy_Panel,PLS,RAW,4,0.296978,0.709766,0.550223
Pb_num,E5,E5_Full_Parsimonious_Easy_Panel,PLS,RAW,5,-1.020222,0.513922,0.325678
Pb_num,E5,E5_Full_Parsimonious_Easy_Panel,PLS,RAW,6,-0.695901,0.93559,0.707178
Pb_num,E5,E5_Full_Parsimonious_Easy_Panel,PLS,RAW,7,-2.541425,0.662924,0.591192
Pb_num,E5,E5_Full_Parsimonious_Easy_Panel,PLS,RAW,8,0.453669,0.637148,0.451694
Pb_num,E5,E5_Full_Parsimonious_Easy_Panel,PLS,RAW,9,-0.059058,2.388034,1.273564
Pb_num,E5,E5_Full_Parsimonious_Easy_Panel,PLS,RAW,10,-10.922431,0.979633,0.68607
Pb_num,E5,E5_Full_Parsimonious_Easy_Panel,PLS,RAW,11,-3.899485,0.820812,0.628563
Pb_num,E5,E5_Full_Parsimonious_Easy_Panel,PLS,RAW,12,0.414109,0.603943,0.462827
Pb_num,E5,E5_Full_Parsimonious_Easy_Panel,PLS,RAW,13,-0.075687,2.473263,1.495898
Pb_num,E5,E5_Full_Parsimonious_Easy_Panel,PLS,RAW,14,-30.910361,0.543296,0.41637
Pb_num,E5,E5_Full_Parsimonious_Easy_Panel,PLS,RAW,15,-1.488154,0.574598,0.386745
Pb_num,E5,E5_Full_Parsimonious_Easy_Panel,PLS,RAW,16,0.048628,2.306448,1.018767
Pb_num,E5,E5_Full_Parsimonious_Easy_Panel,PLS,RAW,17,-5.176463,0.770872,0.651573
Pb_num,E5,E5_Full_Parsimonious_Easy_Panel,PLS,RAW,18,-3.734391,0.78854,0.552954
Pb_num,E5,E5_Full_Parsimonious_Easy_Panel,PLS,RAW,19,-0.30039,1.093246,0.800668
Pb_num,E5,E5_Full_Parsimonious_Easy_Panel,PLS,RAW,20,-0.463742,0.899973,0.589798
Pb_num,E5,E5_Full_Parsimonious_Easy_Panel,PLS,RAW,21,-9.234252,0.996603,0.720013
Pb_num,E5,E5_Full_Parsimonious_Easy_Panel,PLS,RAW,22,0.059363,2.321438,1.051701
Pb_num,E5,E5_Full_Parsimonious_Easy_Panel,PLS,RAW,23,0.260216,0.70573,0.571869
Pb_num,E5,E5_Full_Parsimonious_Easy_Panel,PLS,RAW,24,-0.442412,1.143354,0.785942
Pb_num,E5,E5_Full_Parsimonious_Easy_Panel,PLS,RAW,25,-3.527068,0.713842,0.551318
Pb_num,E5,E5_Full_Parsimonious_Easy_Panel,PLS,LOG1P,1,-0.44034,0.331206,0.284934
Pb_num,E5,E5_Full_Parsimonious_Easy_Panel,PLS,LOG1P,2,-0.862293,0.945408,0.686867
Pb_num,E5,E5_Full_Parsimonious_Easy_Panel,PLS,LOG1P,3,-0.197494,2.543667,1.365926
Pb_num,E5,E5_Full_Parsimonious_Easy_Panel,PLS,LOG1P,4,0.328667,0.693585,0.466826
Pb_num,E5,E5_Full_Parsimonious_Easy_Panel,PLS,LOG1P,5,-0.016159,0.364484,0.274907
Pb_num,E5,E5_Full_Parsimonious_Easy_Panel,PLS,LOG1P,6,0.409873,0.551897,0.464086
Pb_num,E5,E5_Full_Parsimonious_Easy_Panel,PLS,LOG1P,7,-0.345224,0.408575,0.361705
Pb_num,E5,E5_Full_Parsimonious_Easy_Panel,PLS,LOG1P,8,0.318693,0.711514,0.473347
Pb_num,E5,E5_Full_Parsimonious_Easy_Panel,PLS,LOG1P,9,-0.103317,2.437423,1.280562
Pb_num,E5,E5_Full_Parsimonious_Easy_Panel,PLS,LOG1P,10,-5.049247,0.697801,0.536701
Pb_num,E5,E5_Full_Parsimonious_Easy_Panel,PLS,LOG1P,11,-0.149979,0.397662,0.346675
Pb_num,E5,E5_Full_Parsimonious_Easy_Panel,PLS,LOG1P,12,0.279571,0.669704,0.405927
Pb_num,E5,E5_Full_Parsimonious_Easy_Panel,PLS,LOG1P,13,-0.100352,2.501457,1.465021
Pb_num,E5,E5_Full_Parsimonious_Easy_Panel,PLS,LOG1P,14,-17.416322,0.412736,0.328146
Pb_num,E5,E5_Full_Parsimonious_Easy_Panel,PLS,LOG1P,15,-0.371556,0.426611,0.365551
Pb_num,E5,E5_Full_Parsimonious_Easy_Panel,PLS,LOG1P,16,0.00029,2.364316,1.042511
Pb_num,E5,E5_Full_Parsimonious_Easy_Panel,PLS,LOG1P,17,-1.653788,0.505295,0.449606
Pb_num,E5,E5_Full_Parsimonious_Easy_Panel,PLS,LOG1P,18,-1.48275,0.571029,0.433715
Pb_num,E5,E5_Full_Parsimonious_Easy_Panel,PLS,LOG1P,19,-0.153314,1.029568,0.689687
Pb_num,E5,E5_Full_Parsimonious_Easy_Panel,PLS,LOG1P,20,0.493743,0.529277,0.399544
Pb_num,E5,E5_Full_Parsimonious_Easy_Panel,PLS,LOG1P,21,-3.540293,0.663798,0.543645
Pb_num,E5,E5_Full_Parsimonious_Easy_Panel,PLS,LOG1P,22,0.023251,2.36558,1.033829
Pb_num,E5,E5_Full_Parsimonious_Easy_Panel,PLS,LOG1P,23,0.250459,0.710369,0.501548
Pb_num,E5,E5_Full_Parsimonious_Easy_Panel,PLS,LOG1P,24,0.140308,0.882689,0.588261
Pb_num,E5,E5_Full_Parsimonious_Easy_Panel,PLS,LOG1P,25,-0.470094,0.406786,0.326672
Pb_num,E5,E5_Full_Parsimonious_Easy_Panel,Lasso,RAW,1,-2.299522,0.501293,0.402092
Pb_num,E5,E5_Full_Parsimonious_Easy_Panel,Lasso,RAW,2,-1.430005,1.079938,0.79745
Pb_num,E5,E5_Full_Parsimonious_Easy_Panel,Lasso,RAW,3,-0.203522,2.550061,1.383431
Pb_num,E5,E5_Full_Parsimonious_Easy_Panel,Lasso,RAW,4,0.322647,0.696688,0.519796
Pb_num,E5,E5_Full_Parsimonious_Easy_Panel,Lasso,RAW,5,-0.86921,0.494341,0.320526
Pb_num,E5,E5_Full_Parsimonious_Easy_Panel,Lasso,RAW,6,0.085538,0.687018,0.606502
Pb_num,E5,E5_Full_Parsimonious_Easy_Panel,Lasso,RAW,7,-1.413648,0.547283,0.505289
Pb_num,E5,E5_Full_Parsimonious_Easy_Panel,Lasso,RAW,8,0.396796,0.669491,0.472111
Pb_num,E5,E5_Full_Parsimonious_Easy_Panel,Lasso,RAW,9,-0.134109,2.471201,1.317101
Pb_num,E5,E5_Full_Parsimonious_Easy_Panel,Lasso,RAW,10,-6.38195,0.770844,0.53866
Pb_num,E5,E5_Full_Parsimonious_Easy_Panel,Lasso,RAW,11,-3.846001,0.81632,0.633604
Pb_num,E5,E5_Full_Parsimonious_Easy_Panel,Lasso,RAW,12,0.34765,0.637276,0.453364
Pb_num,E5,E5_Full_Parsimonious_Easy_Panel,Lasso,RAW,13,-0.181565,2.592126,1.493377
Pb_num,E5,E5_Full_Parsimonious_Easy_Panel,Lasso,RAW,14,-29.829258,0.534014,0.447497
Pb_num,E5,E5_Full_Parsimonious_Easy_Panel,Lasso,RAW,15,-0.81879,0.491266,0.3414
Pb_num,E5,E5_Full_Parsimonious_Easy_Panel,Lasso,RAW,16,-0.051755,2.425078,1.15815
Pb_num,E5,E5_Full_Parsimonious_Easy_Panel,Lasso,RAW,17,-3.867482,0.684328,0.595309
Pb_num,E5,E5_Full_Parsimonious_Easy_Panel,Lasso,RAW,18,-2.046999,0.632598,0.459371
Pb_num,E5,E5_Full_Parsimonious_Easy_Panel,Lasso,RAW,19,-0.159968,1.032533,0.714651
Pb_num,E5,E5_Full_Parsimonious_Easy_Panel,Lasso,RAW,20,0.287256,0.628007,0.513751
Pb_num,E5,E5_Full_Parsimonious_Easy_Panel,Lasso,RAW,21,-5.095058,0.769101,0.556309
Pb_num,E5,E5_Full_Parsimonious_Easy_Panel,Lasso,RAW,22,-0.015524,2.412077,1.138612
Pb_num,E5,E5_Full_Parsimonious_Easy_Panel,Lasso,RAW,23,0.267565,0.702216,0.521456
Pb_num,E5,E5_Full_Parsimonious_Easy_Panel,Lasso,RAW,24,0.027413,0.938859,0.67174
Pb_num,E5,E5_Full_Parsimonious_Easy_Panel,Lasso,RAW,25,-2.350444,0.614108,0.505328
Pb_num,E5,E5_Full_Parsimonious_Easy_Panel,Lasso,LOG1P,1,-0.25686,0.309392,0.281831
Pb_num,E5,E5_Full_Parsimonious_Easy_Panel,Lasso,LOG1P,2,-0.191688,0.756269,0.517233
Pb_num,E5,E5_Full_Parsimonious_Easy_Panel,Lasso,LOG1P,3,-0.257579,2.606701,1.378562
Pb_num,E5,E5_Full_Parsimonious_Easy_Panel,Lasso,LOG1P,4,0.086589,0.809029,0.512121
Pb_num,E5,E5_Full_Parsimonious_Easy_Panel,Lasso,LOG1P,5,0.063305,0.349943,0.323142
Pb_num,E5,E5_Full_Parsimonious_Easy_Panel,Lasso,LOG1P,6,0.046402,0.701565,0.444384
Pb_num,E5,E5_Full_Parsimonious_Easy_Panel,Lasso,LOG1P,7,-0.565823,0.440805,0.398747
Pb_num,E5,E5_Full_Parsimonious_Easy_Panel,Lasso,LOG1P,8,-0.003741,0.863621,0.625257
Pb_num,E5,E5_Full_Parsimonious_Easy_Panel,Lasso,LOG1P,9,-0.243707,2.587853,1.349246
Pb_num,E5,E5_Full_Parsimonious_Easy_Panel,Lasso,LOG1P,10,-0.474057,0.34446,0.305159
Pb_num,E5,E5_Full_Parsimonious_Easy_Panel,Lasso,LOG1P,11,0.01132,0.36872,0.341162
Pb_num,E5,E5_Full_Parsimonious_Easy_Panel,Lasso,LOG1P,12,0.032854,0.775949,0.42136
Pb_num,E5,E5_Full_Parsimonious_Easy_Panel,Lasso,LOG1P,13,-0.266466,2.683639,1.54375
Pb_num,E5,E5_Full_Parsimonious_Easy_Panel,Lasso,LOG1P,14,-22.225331,0.463502,0.443255
Pb_num,E5,E5_Full_Parsimonious_Easy_Panel,Lasso,LOG1P,15,-0.139211,0.388801,0.344949
Pb_num,E5,E5_Full_Parsimonious_Easy_Panel,Lasso,LOG1P,16,-0.104671,2.485336,1.173499
Pb_num,E5,E5_Full_Parsimonious_Easy_Panel,Lasso,LOG1P,17,-0.660982,0.399756,0.378823
Pb_num,E5,E5_Full_Parsimonious_Easy_Panel,Lasso,LOG1P,18,0.059972,0.351368,0.322382
Pb_num,E5,E5_Full_Parsimonious_Easy_Panel,Lasso,LOG1P,19,-0.139531,1.023397,0.650284
Pb_num,E5,E5_Full_Parsimonious_Easy_Panel,Lasso,LOG1P,20,0.078458,0.714093,0.439454
Pb_num,E5,E5_Full_Parsimonious_Easy_Panel,Lasso,LOG1P,21,-0.197847,0.340953,0.300584
Pb_num,E5,E5_Full_Parsimonious_Easy_Panel,Lasso,LOG1P,22,-0.057047,2.460896,1.128974
Pb_num,E5,E5_Full_Parsimonious_Easy_Panel,Lasso,LOG1P,23,0.059724,0.795635,0.496088
Pb_num,E5,E5_Full_Parsimonious_Easy_Panel,Lasso,LOG1P,24,-0.03645,0.969193,0.6924
Pb_num,E5,E5_Full_Parsimonious_Easy_Panel,Lasso,LOG1P,25,-0.334337,0.387549,0.37168
Pb_num,E5,E5_Full_Parsimonious_Easy_Panel,Ridge,RAW,1,-0.901146,0.380517,0.279357
Pb_num,E5,E5_Full_Parsimonious_Easy_Panel,Ridge,RAW,2,-2.103769,1.220506,0.926555
Pb_num,E5,E5_Full_Parsimonious_Easy_Panel,Ridge,RAW,3,-0.123537,2.463866,1.349379
Pb_num,E5,E5_Full_Parsimonious_Easy_Panel,Ridge,RAW,4,0.471583,0.615346,0.497476
Pb_num,E5,E5_Full_Parsimonious_Easy_Panel,Ridge,RAW,5,-2.065905,0.633107,0.458862
Pb_num,E5,E5_Full_Parsimonious_Easy_Panel,Ridge,RAW,6,0.197039,0.643773,0.49469
Pb_num,E5,E5_Full_Parsimonious_Easy_Panel,Ridge,RAW,7,-1.2497,0.528369,0.471801
Pb_num,E5,E5_Full_Parsimonious_Easy_Panel,Ridge,RAW,8,0.554658,0.575253,0.397812
Pb_num,E5,E5_Full_Parsimonious_Easy_Panel,Ridge,RAW,9,-0.012625,2.335098,1.26976
Pb_num,E5,E5_Full_Parsimonious_Easy_Panel,Ridge,RAW,10,-8.312379,0.865788,0.695933
Pb_num,E5,E5_Full_Parsimonious_Easy_Panel,Ridge,RAW,11,-4.693021,0.88479,0.728271
Pb_num,E5,E5_Full_Parsimonious_Easy_Panel,Ridge,RAW,12,0.440489,0.59019,0.440299
Pb_num,E5,E5_Full_Parsimonious_Easy_Panel,Ridge,RAW,13,-0.044773,2.437464,1.455242
Pb_num,E5,E5_Full_Parsimonious_Easy_Panel,Ridge,RAW,14,-26.489722,0.504262,0.436994
Pb_num,E5,E5_Full_Parsimonious_Easy_Panel,Ridge,RAW,15,-2.786444,0.708828,0.52388
Pb_num,E5,E5_Full_Parsimonious_Easy_Panel,Ridge,RAW,16,0.061707,2.29054,1.004448
Pb_num,E5,E5_Full_Parsimonious_Easy_Panel,Ridge,RAW,17,-4.907099,0.753875,0.624809
Pb_num,E5,E5_Full_Parsimonious_Easy_Panel,Ridge,RAW,18,-1.560149,0.579862,0.471186
Pb_num,E5,E5_Full_Parsimonious_Easy_Panel,Ridge,RAW,19,-0.287177,1.087678,0.80489
Pb_num,E5,E5_Full_Parsimonious_Easy_Panel,Ridge,RAW,20,0.328166,0.609717,0.366342
Pb_num,E5,E5_Full_Parsimonious_Easy_Panel,Ridge,RAW,21,-8.139043,0.94177,0.742663
Pb_num,E5,E5_Full_Parsimonious_Easy_Panel,Ridge,RAW,22,0.07881,2.297316,1.035382
Pb_num,E5,E5_Full_Parsimonious_Easy_Panel,Ridge,RAW,23,0.438895,0.614622,0.475406
Pb_num,E5,E5_Full_Parsimonious_Easy_Panel,Ridge,RAW,24,-0.076619,0.987795,0.642956
Pb_num,E5,E5_Full_Parsimonious_Easy_Panel,Ridge,RAW,25,-3.752725,0.731417,0.550248
Pb_num,E5,E5_Full_Parsimonious_Easy_Panel,Ridge,LOG1P,1,0.259498,0.237481,0.21313
Pb_num,E5,E5_Full_Parsimonious_Easy_Panel,Ridge,LOG1P,2,-0.870956,0.947604,0.675599
Pb_num,E5,E5_Full_Parsimonious_Easy_Panel,Ridge,LOG1P,3,-0.150162,2.492889,1.33338
Pb_num,E5,E5_Full_Parsimonious_Easy_Panel,Ridge,LOG1P,4,0.401814,0.65471,0.408054
Pb_num,E5,E5_Full_Parsimonious_Easy_Panel,Ridge,LOG1P,5,-0.371341,0.423419,0.312528
Pb_num,E5,E5_Full_Parsimonious_Easy_Panel,Ridge,LOG1P,6,0.531755,0.491611,0.407101
Pb_num,E5,E5_Full_Parsimonious_Easy_Panel,Ridge,LOG1P,7,-0.210478,0.387573,0.317285
Pb_num,E5,E5_Full_Parsimonious_Easy_Panel,Ridge,LOG1P,8,0.393791,0.671156,0.410344
Pb_num,E5,E5_Full_Parsimonious_Easy_Panel,Ridge,LOG1P,9,-0.059037,2.38801,1.281803
Pb_num,E5,E5_Full_Parsimonious_Easy_Panel,Ridge,LOG1P,10,-2.908564,0.560905,0.454932
Pb_num,E5,E5_Full_Parsimonious_Easy_Panel,Ridge,LOG1P,11,-0.049548,0.3799,0.327518
Pb_num,E5,E5_Full_Parsimonious_Easy_Panel,Ridge,LOG1P,12,0.309816,0.655495,0.387663
Pb_num,E5,E5_Full_Parsimonious_Easy_Panel,Ridge,LOG1P,13,-0.063355,2.459045,1.434539
Pb_num,E5,E5_Full_Parsimonious_Easy_Panel,Ridge,LOG1P,14,-10.958172,0.332585,0.249671
Pb_num,E5,E5_Full_Parsimonious_Easy_Panel,Ridge,LOG1P,15,-0.875096,0.498812,0.409588
Pb_num,E5,E5_Full_Parsimonious_Easy_Panel,Ridge,LOG1P,16,0.017776,2.343547,1.029098
Pb_num,E5,E5_Full_Parsimonious_Easy_Panel,Ridge,LOG1P,17,-1.666221,0.506478,0.435494
Pb_num,E5,E5_Full_Parsimonious_Easy_Panel,Ridge,LOG1P,18,-0.079178,0.376477,0.321511
Pb_num,E5,E5_Full_Parsimonious_Easy_Panel,Ridge,LOG1P,19,-0.141166,1.024131,0.693217
Pb_num,E5,E5_Full_Parsimonious_Easy_Panel,Ridge,LOG1P,20,0.603818,0.468215,0.334456
Pb_num,E5,E5_Full_Parsimonious_Easy_Panel,Ridge,LOG1P,21,-2.416173,0.57579,0.481651
Pb_num,E5,E5_Full_Parsimonious_Easy_Panel,Ridge,LOG1P,22,0.051223,2.331461,1.017041
Pb_num,E5,E5_Full_Parsimonious_Easy_Panel,Ridge,LOG1P,23,0.325729,0.673757,0.44489
Pb_num,E5,E5_Full_Parsimonious_Easy_Panel,Ridge,LOG1P,24,0.205099,0.848775,0.54646
Pb_num,E5,E5_Full_Parsimonious_Easy_Panel,Ridge,LOG1P,25,-0.617116,0.426643,0.326797
Pb_num,E5,E5_Full_Parsimonious_Easy_Panel,ElasticNet,RAW,1,-3.289272,0.571555,0.424613
Pb_num,E5,E5_Full_Parsimonious_Easy_Panel,ElasticNet,RAW,2,-1.596934,1.116415,0.837219
Pb_num,E5,E5_Full_Parsimonious_Easy_Panel,ElasticNet,RAW,3,-0.18496,2.530319,1.380815
Pb_num,E5,E5_Full_Parsimonious_Easy_Panel,ElasticNet,RAW,4,0.339137,0.688155,0.52072
Pb_num,E5,E5_Full_Parsimonious_Easy_Panel,ElasticNet,RAW,5,-1.009102,0.512505,0.327333
Pb_num,E5,E5_Full_Parsimonious_Easy_Panel,ElasticNet,RAW,6,-0.116141,0.759005,0.642363
Pb_num,E5,E5_Full_Parsimonious_Easy_Panel,ElasticNet,RAW,7,-1.762827,0.585534,0.536643
Pb_num,E5,E5_Full_Parsimonious_Easy_Panel,ElasticNet,RAW,8,0.452026,0.638105,0.430773
Pb_num,E5,E5_Full_Parsimonious_Easy_Panel,ElasticNet,RAW,9,-0.094781,2.427976,1.300585
Pb_num,E5,E5_Full_Parsimonious_Easy_Panel,ElasticNet,RAW,10,-7.163684,0.810633,0.562987
Pb_num,E5,E5_Full_Parsimonious_Easy_Panel,ElasticNet,RAW,11,-4.277345,0.851876,0.662243
Pb_num,E5,E5_Full_Parsimonious_Easy_Panel,ElasticNet,RAW,12,0.379896,0.621326,0.452547
Pb_num,E5,E5_Full_Parsimonious_Easy_Panel,ElasticNet,RAW,13,-0.123677,2.527831,1.469983
Pb_num,E5,E5_Full_Parsimonious_Easy_Panel,ElasticNet,RAW,14,-27.438719,0.512892,0.406687
Pb_num,E5,E5_Full_Parsimonious_Easy_Panel,ElasticNet,RAW,15,-1.042984,0.520664,0.356899
Pb_num,E5,E5_Full_Parsimonious_Easy_Panel,ElasticNet,RAW,16,-0.02334,2.392095,1.12124
Pb_num,E5,E5_Full_Parsimonious_Easy_Panel,ElasticNet,RAW,17,-4.238119,0.709904,0.612415
Pb_num,E5,E5_Full_Parsimonious_Easy_Panel,ElasticNet,RAW,18,-2.582673,0.685955,0.49723
Pb_num,E5,E5_Full_Parsimonious_Easy_Panel,ElasticNet,RAW,19,-0.187226,1.044595,0.743983
Pb_num,E5,E5_Full_Parsimonious_Easy_Panel,ElasticNet,RAW,20,0.096126,0.707215,0.538513
Pb_num,E5,E5_Full_Parsimonious_Easy_Panel,ElasticNet,RAW,21,-6.277997,0.840427,0.615173
Pb_num,E5,E5_Full_Parsimonious_Easy_Panel,ElasticNet,RAW,22,0.008732,2.383096,1.103391
Pb_num,E5,E5_Full_Parsimonious_Easy_Panel,ElasticNet,RAW,23,0.294359,0.689252,0.524069
Pb_num,E5,E5_Full_Parsimonious_Easy_Panel,ElasticNet,RAW,24,-0.067347,0.983533,0.705272
Pb_num,E5,E5_Full_Parsimonious_Easy_Panel,ElasticNet,RAW,25,-2.718502,0.646961,0.513293
Pb_num,E5,E5_Full_Parsimonious_Easy_Panel,ElasticNet,LOG1P,1,0.094994,0.262538,0.244626
Pb_num,E5,E5_Full_Parsimonious_Easy_Panel,ElasticNet,LOG1P,2,-0.425224,0.827059,0.567914
Pb_num,E5,E5_Full_Parsimonious_Easy_Panel,ElasticNet,LOG1P,3,-0.236904,2.585185,1.379753
Pb_num,E5,E5_Full_Parsimonious_Easy_Panel,ElasticNet,LOG1P,4,0.242939,0.73654,0.460782
Pb_num,E5,E5_Full_Parsimonious_Easy_Panel,ElasticNet,LOG1P,5,0.049753,0.352465,0.305167
Pb_num,E5,E5_Full_Parsimonious_Easy_Panel,ElasticNet,LOG1P,6,0.292777,0.604176,0.435918
Pb_num,E5,E5_Full_Parsimonious_Easy_Panel,ElasticNet,LOG1P,7,-0.306545,0.402659,0.347468
Pb_num,E5,E5_Full_Parsimonious_Easy_Panel,ElasticNet,LOG1P,8,0.202204,0.769942,0.521365
Pb_num,E5,E5_Full_Parsimonious_Easy_Panel,ElasticNet,LOG1P,9,-0.183715,2.524668,1.323652
Pb_num,E5,E5_Full_Parsimonious_Easy_Panel,ElasticNet,LOG1P,10,-1.229353,0.423614,0.370275
Pb_num,E5,E5_Full_Parsimonious_Easy_Panel,ElasticNet,LOG1P,11,0.304867,0.309174,0.281497
Pb_num,E5,E5_Full_Parsimonious_Easy_Panel,ElasticNet,LOG1P,12,0.15415,0.725661,0.411873
Pb_num,E5,E5_Full_Parsimonious_Easy_Panel,ElasticNet,LOG1P,13,-0.206348,2.619169,1.486962
Pb_num,E5,E5_Full_Parsimonious_Easy_Panel,ElasticNet,LOG1P,14,-18.211466,0.421552,0.382464
Pb_num,E5,E5_Full_Parsimonious_Easy_Panel,ElasticNet,LOG1P,15,-0.066987,0.376275,0.348587
Pb_num,E5,E5_Full_Parsimonious_Easy_Panel,ElasticNet,LOG1P,16,-0.085041,2.463154,1.146167
Pb_num,E5,E5_Full_Parsimonious_Easy_Panel,ElasticNet,LOG1P,17,-1.019079,0.440746,0.407083
Pb_num,E5,E5_Full_Parsimonious_Easy_Panel,ElasticNet,LOG1P,18,-0.245965,0.404524,0.369627
Pb_num,E5,E5_Full_Parsimonious_Easy_Panel,ElasticNet,LOG1P,19,-0.136628,1.022092,0.654723
Pb_num,E5,E5_Full_Parsimonious_Easy_Panel,ElasticNet,LOG1P,20,0.343191,0.602861,0.386066
Pb_num,E5,E5_Full_Parsimonious_Easy_Panel,ElasticNet,LOG1P,21,-0.697794,0.405917,0.391693
Pb_num,E5,E5_Full_Parsimonious_Easy_Panel,ElasticNet,LOG1P,22,-0.041861,2.443154,1.104552
Pb_num,E5,E5_Full_Parsimonious_Easy_Panel,ElasticNet,LOG1P,23,0.165249,0.749661,0.467367
Pb_num,E5,E5_Full_Parsimonious_Easy_Panel,ElasticNet,LOG1P,24,0.082736,0.911765,0.592899
Pb_num,E5,E5_Full_Parsimonious_Easy_Panel,ElasticNet,LOG1P,25,-0.122373,0.355437,0.316685
Ni_num,E1,E1_Min2_FieldOnly,SVR_RBF,RAW,1,0.655756,0.575944,0.455883
Ni_num,E1,E1_Min2_FieldOnly,SVR_RBF,RAW,2,0.306537,1.056583,0.834227
Ni_num,E1,E1_Min2_FieldOnly,SVR_RBF,RAW,3,-0.212893,2.490621,1.3672
Ni_num,E1,E1_Min2_FieldOnly,SVR_RBF,RAW,4,0.076659,2.626282,1.810814
Ni_num,E1,E1_Min2_FieldOnly,SVR_RBF,RAW,5,0.897126,0.402844,0.379133
Ni_num,E1,E1_Min2_FieldOnly,SVR_RBF,RAW,6,0.776158,0.544473,0.524374
Ni_num,E1,E1_Min2_FieldOnly,SVR_RBF,RAW,7,0.339515,1.885678,1.484049
Ni_num,E1,E1_Min2_FieldOnly,SVR_RBF,RAW,8,0.243376,2.026818,0.979787
Ni_num,E1,E1_Min2_FieldOnly,SVR_RBF,RAW,9,-5.665415,0.597683,0.365744
Ni_num,E1,E1_Min2_FieldOnly,SVR_RBF,RAW,10,-0.615174,2.629056,1.655228
Ni_num,E1,E1_Min2_FieldOnly,SVR_RBF,RAW,11,0.730833,0.463859,0.360331
Ni_num,E1,E1_Min2_FieldOnly,SVR_RBF,RAW,12,0.52014,1.623462,0.980739
Ni_num,E1,E1_Min2_FieldOnly,SVR_RBF,RAW,13,0.377432,2.05335,1.341546
Ni_num,E1,E1_Min2_FieldOnly,SVR_RBF,RAW,14,-0.381502,2.535239,1.310174
Ni_num,E1,E1_Min2_FieldOnly,SVR_RBF,RAW,15,-0.58615,0.772361,0.637187
Ni_num,E1,E1_Min2_FieldOnly,SVR_RBF,RAW,16,-0.102961,2.498241,1.230014
Ni_num,E1,E1_Min2_FieldOnly,SVR_RBF,RAW,17,0.633617,0.741951,0.60491
Ni_num,E1,E1_Min2_FieldOnly,SVR_RBF,RAW,18,0.849644,0.528475,0.486861
Ni_num,E1,E1_Min2_FieldOnly,SVR_RBF,RAW,19,0.155328,0.970196,0.657262
Ni_num,E1,E1_Min2_FieldOnly,SVR_RBF,RAW,20,0.202973,2.565799,1.60906
Ni_num,E1,E1_Min2_FieldOnly,SVR_RBF,RAW,21,-0.392023,0.811006,0.704536
Ni_num,E1,E1_Min2_FieldOnly,SVR_RBF,RAW,22,0.519003,1.520556,0.869963
Ni_num,E1,E1_Min2_FieldOnly,SVR_RBF,RAW,23,0.481181,0.949403,0.685118
Ni_num,E1,E1_Min2_FieldOnly,SVR_RBF,RAW,24,0.288824,2.155299,1.273468
Ni_num,E1,E1_Min2_FieldOnly,SVR_RBF,RAW,25,-0.301035,2.436343,1.16651
Ni_num,E1,E1_Min2_FieldOnly,SVR_RBF,LOG1P,1,0.464342,0.718441,0.579104
Ni_num,E1,E1_Min2_FieldOnly,SVR_RBF,LOG1P,2,0.404569,0.979056,0.723443
Ni_num,E1,E1_Min2_FieldOnly,SVR_RBF,LOG1P,3,-0.220073,2.497981,1.364469
Ni_num,E1,E1_Min2_FieldOnly,SVR_RBF,LOG1P,4,-0.055162,2.807501,1.970803
Ni_num,E1,E1_Min2_FieldOnly,SVR_RBF,LOG1P,5,0.839739,0.502804,0.453123
Ni_num,E1,E1_Min2_FieldOnly,SVR_RBF,LOG1P,6,0.76765,0.554724,0.489673
Ni_num,E1,E1_Min2_FieldOnly,SVR_RBF,LOG1P,7,0.40946,1.78304,1.440471
Ni_num,E1,E1_Min2_FieldOnly,SVR_RBF,LOG1P,8,0.291039,1.961941,0.906634
Ni_num,E1,E1_Min2_FieldOnly,SVR_RBF,LOG1P,9,-6.030328,0.613825,0.391394
Ni_num,E1,E1_Min2_FieldOnly,SVR_RBF,LOG1P,10,-0.617951,2.631315,1.7217
Ni_num,E1,E1_Min2_FieldOnly,SVR_RBF,LOG1P,11,0.583877,0.576748,0.472298
Ni_num,E1,E1_Min2_FieldOnly,SVR_RBF,LOG1P,12,0.601824,1.478844,0.850205
Ni_num,E1,E1_Min2_FieldOnly,SVR_RBF,LOG1P,13,0.403093,2.010587,1.484815
Ni_num,E1,E1_Min2_FieldOnly,SVR_RBF,LOG1P,14,-0.333621,2.490918,1.305916
Ni_num,E1,E1_Min2_FieldOnly,SVR_RBF,LOG1P,15,-1.250878,0.920077,0.694905
Ni_num,E1,E1_Min2_FieldOnly,SVR_RBF,LOG1P,16,-0.037648,2.423145,1.177883
Ni_num,E1,E1_Min2_FieldOnly,SVR_RBF,LOG1P,17,0.501098,0.865795,0.647961
Ni_num,E1,E1_Min2_FieldOnly,SVR_RBF,LOG1P,18,0.745153,0.688025,0.618933
Ni_num,E1,E1_Min2_FieldOnly,SVR_RBF,LOG1P,19,0.291321,0.88867,0.542227
Ni_num,E1,E1_Min2_FieldOnly,SVR_RBF,LOG1P,20,0.270593,2.454544,1.579243
Ni_num,E1,E1_Min2_FieldOnly,SVR_RBF,LOG1P,21,-0.872161,0.94053,0.793707
Ni_num,E1,E1_Min2_FieldOnly,SVR_RBF,LOG1P,22,0.550446,1.470018,0.834157
Ni_num,E1,E1_Min2_FieldOnly,SVR_RBF,LOG1P,23,0.528121,0.905437,0.603552
Ni_num,E1,E1_Min2_FieldOnly,SVR_RBF,LOG1P,24,0.334162,2.085466,1.286231
Ni_num,E1,E1_Min2_FieldOnly,SVR_RBF,LOG1P,25,-0.33373,2.466766,1.380243
Ni_num,E1,E1_Min2_FieldOnly,PLS,RAW,1,-0.033499,0.997934,0.82763
Ni_num,E1,E1_Min2_FieldOnly,PLS,RAW,2,0.299766,1.061729,1.013006
Ni_num,E1,E1_Min2_FieldOnly,PLS,RAW,3,-0.306126,2.584573,1.488895
Ni_num,E1,E1_Min2_FieldOnly,PLS,RAW,4,0.055425,2.656309,1.758925
Ni_num,E1,E1_Min2_FieldOnly,PLS,RAW,5,0.620163,0.774075,0.66494
Ni_num,E1,E1_Min2_FieldOnly,PLS,RAW,6,0.257519,0.991627,0.88034
Ni_num,E1,E1_Min2_FieldOnly,PLS,RAW,7,0.569339,1.522664,1.025004
Ni_num,E1,E1_Min2_FieldOnly,PLS,RAW,8,0.242166,2.028439,1.1112
Ni_num,E1,E1_Min2_FieldOnly,PLS,RAW,9,-12.75241,0.858512,0.789875
Ni_num,E1,E1_Min2_FieldOnly,PLS,RAW,10,-0.659652,2.665009,1.701672
Ni_num,E1,E1_Min2_FieldOnly,PLS,RAW,11,-0.414366,1.063301,0.849548
Ni_num,E1,E1_Min2_FieldOnly,PLS,RAW,12,0.569896,1.536992,1.10087
Ni_num,E1,E1_Min2_FieldOnly,PLS,RAW,13,0.397432,2.020099,1.204525
Ni_num,E1,E1_Min2_FieldOnly,PLS,RAW,14,-0.42175,2.571904,1.440953
Ni_num,E1,E1_Min2_FieldOnly,PLS,RAW,15,-0.852037,0.834589,0.672101
Ni_num,E1,E1_Min2_FieldOnly,PLS,RAW,16,-0.122153,2.519882,1.31228
Ni_num,E1,E1_Min2_FieldOnly,PLS,RAW,17,0.413446,0.938774,0.797325
Ni_num,E1,E1_Min2_FieldOnly,PLS,RAW,18,0.715141,0.72741,0.575733
Ni_num,E1,E1_Min2_FieldOnly,PLS,RAW,19,0.330851,0.86353,0.746577
Ni_num,E1,E1_Min2_FieldOnly,PLS,RAW,20,0.215351,2.545796,1.739628
Ni_num,E1,E1_Min2_FieldOnly,PLS,RAW,21,-0.135829,0.732584,0.519183
Ni_num,E1,E1_Min2_FieldOnly,PLS,RAW,22,0.520871,1.517601,1.117881
Ni_num,E1,E1_Min2_FieldOnly,PLS,RAW,23,0.657268,0.77165,0.68625
Ni_num,E1,E1_Min2_FieldOnly,PLS,RAW,24,0.299494,2.13907,1.472208
Ni_num,E1,E1_Min2_FieldOnly,PLS,RAW,25,-0.39112,2.519279,1.408056
Ni_num,E1,E1_Min2_FieldOnly,PLS,LOG1P,1,0.255012,0.847269,0.72585
Ni_num,E1,E1_Min2_FieldOnly,PLS,LOG1P,2,0.452709,0.938644,0.831185
Ni_num,E1,E1_Min2_FieldOnly,PLS,LOG1P,3,-0.195573,2.472773,1.204122
Ni_num,E1,E1_Min2_FieldOnly,PLS,LOG1P,4,0.003634,2.72816,1.821641
Ni_num,E1,E1_Min2_FieldOnly,PLS,LOG1P,5,0.851795,0.483522,0.375081
Ni_num,E1,E1_Min2_FieldOnly,PLS,LOG1P,6,0.474085,0.834571,0.731577
Ni_num,E1,E1_Min2_FieldOnly,PLS,LOG1P,7,0.532185,1.586987,1.040578
Ni_num,E1,E1_Min2_FieldOnly,PLS,LOG1P,8,0.160692,2.134694,1.168374
Ni_num,E1,E1_Min2_FieldOnly,PLS,LOG1P,9,-3.606692,0.49688,0.430206
Ni_num,E1,E1_Min2_FieldOnly,PLS,LOG1P,10,-0.590572,2.608957,1.514708
Ni_num,E1,E1_Min2_FieldOnly,PLS,LOG1P,11,0.006362,0.891229,0.735312
Ni_num,E1,E1_Min2_FieldOnly,PLS,LOG1P,12,0.558057,1.558003,0.979466
Ni_num,E1,E1_Min2_FieldOnly,PLS,LOG1P,13,0.340199,2.113859,1.1877
Ni_num,E1,E1_Min2_FieldOnly,PLS,LOG1P,14,-0.380531,2.534348,1.273414
Ni_num,E1,E1_Min2_FieldOnly,PLS,LOG1P,15,-0.427681,0.732763,0.601618
Ni_num,E1,E1_Min2_FieldOnly,PLS,LOG1P,16,-0.096163,2.49053,1.282105
Ni_num,E1,E1_Min2_FieldOnly,PLS,LOG1P,17,0.669137,0.705068,0.585285
Ni_num,E1,E1_Min2_FieldOnly,PLS,LOG1P,18,0.828546,0.564336,0.465727
Ni_num,E1,E1_Min2_FieldOnly,PLS,LOG1P,19,0.485351,0.757306,0.598007
Ni_num,E1,E1_Min2_FieldOnly,PLS,LOG1P,20,0.145858,2.65614,1.775468
Ni_num,E1,E1_Min2_FieldOnly,PLS,LOG1P,21,0.046759,0.671123,0.523211
Ni_num,E1,E1_Min2_FieldOnly,PLS,LOG1P,22,0.51992,1.519106,0.991728
Ni_num,E1,E1_Min2_FieldOnly,PLS,LOG1P,23,0.691246,0.732401,0.559611
Ni_num,E1,E1_Min2_FieldOnly,PLS,LOG1P,24,0.246685,2.218234,1.44817
Ni_num,E1,E1_Min2_FieldOnly,PLS,LOG1P,25,-0.308573,2.443391,1.147122
Ni_num,E1,E1_Min2_FieldOnly,Lasso,RAW,1,0.13527,0.912824,0.786034
Ni_num,E1,E1_Min2_FieldOnly,Lasso,RAW,2,0.447095,0.943446,0.891908
Ni_num,E1,E1_Min2_FieldOnly,Lasso,RAW,3,-0.2406,2.518907,1.43994
Ni_num,E1,E1_Min2_FieldOnly,Lasso,RAW,4,-0.00191,2.735739,1.855884
Ni_num,E1,E1_Min2_FieldOnly,Lasso,RAW,5,0.619126,0.775131,0.661337
Ni_num,E1,E1_Min2_FieldOnly,Lasso,RAW,6,0.253309,0.994434,0.919156
Ni_num,E1,E1_Min2_FieldOnly,Lasso,RAW,7,0.529137,1.592147,1.075457
Ni_num,E1,E1_Min2_FieldOnly,Lasso,RAW,8,0.24576,2.023624,1.085491
Ni_num,E1,E1_Min2_FieldOnly,Lasso,RAW,9,-12.066944,0.836843,0.798058
Ni_num,E1,E1_Min2_FieldOnly,Lasso,RAW,10,-0.582502,2.60233,1.655121
Ni_num,E1,E1_Min2_FieldOnly,Lasso,RAW,11,-0.085209,0.931391,0.784719
Ni_num,E1,E1_Min2_FieldOnly,Lasso,RAW,12,0.531573,1.604006,1.178944
Ni_num,E1,E1_Min2_FieldOnly,Lasso,RAW,13,0.381093,2.047304,1.229082
Ni_num,E1,E1_Min2_FieldOnly,Lasso,RAW,14,-0.350315,2.50646,1.396257
Ni_num,E1,E1_Min2_FieldOnly,Lasso,RAW,15,-0.637406,0.784741,0.644349
Ni_num,E1,E1_Min2_FieldOnly,Lasso,RAW,16,-0.070105,2.46075,1.343846
Ni_num,E1,E1_Min2_FieldOnly,Lasso,RAW,17,0.462038,0.899048,0.75658
Ni_num,E1,E1_Min2_FieldOnly,Lasso,RAW,18,0.675444,0.776443,0.629007
Ni_num,E1,E1_Min2_FieldOnly,Lasso,RAW,19,0.424283,0.800977,0.723692
Ni_num,E1,E1_Min2_FieldOnly,Lasso,RAW,20,0.196747,2.575799,1.730939
Ni_num,E1,E1_Min2_FieldOnly,Lasso,RAW,21,-0.096509,0.719792,0.554268
Ni_num,E1,E1_Min2_FieldOnly,Lasso,RAW,22,0.491578,1.563304,1.16547
Ni_num,E1,E1_Min2_FieldOnly,Lasso,RAW,23,0.655411,0.773738,0.698138
Ni_num,E1,E1_Min2_FieldOnly,Lasso,RAW,24,0.307069,2.127472,1.438202
Ni_num,E1,E1_Min2_FieldOnly,Lasso,RAW,25,-0.322009,2.455903,1.343103
Ni_num,E1,E1_Min2_FieldOnly,Lasso,LOG1P,1,0.616757,0.607692,0.560657
Ni_num,E1,E1_Min2_FieldOnly,Lasso,LOG1P,2,0.601151,0.801302,0.679647
Ni_num,E1,E1_Min2_FieldOnly,Lasso,LOG1P,3,-0.097554,2.369241,1.25619
Ni_num,E1,E1_Min2_FieldOnly,Lasso,LOG1P,4,-0.251215,3.057217,2.098838
Ni_num,E1,E1_Min2_FieldOnly,Lasso,LOG1P,5,0.738503,0.642271,0.576638
Ni_num,E1,E1_Min2_FieldOnly,Lasso,LOG1P,6,0.523658,0.794264,0.782198
Ni_num,E1,E1_Min2_FieldOnly,Lasso,LOG1P,7,0.299744,1.941622,1.402355
Ni_num,E1,E1_Min2_FieldOnly,Lasso,LOG1P,8,0.05381,2.266544,1.200416
Ni_num,E1,E1_Min2_FieldOnly,Lasso,LOG1P,9,-5.541244,0.592089,0.565195
Ni_num,E1,E1_Min2_FieldOnly,Lasso,LOG1P,10,-0.463365,2.502456,1.424148
Ni_num,E1,E1_Min2_FieldOnly,Lasso,LOG1P,11,0.484921,0.641671,0.543707
Ni_num,E1,E1_Min2_FieldOnly,Lasso,LOG1P,12,0.355784,1.881052,1.313711
Ni_num,E1,E1_Min2_FieldOnly,Lasso,LOG1P,13,0.250719,2.25264,1.292765
Ni_num,E1,E1_Min2_FieldOnly,Lasso,LOG1P,14,-0.303814,2.462924,1.397122
Ni_num,E1,E1_Min2_FieldOnly,Lasso,LOG1P,15,-0.121767,0.64953,0.561083
Ni_num,E1,E1_Min2_FieldOnly,Lasso,LOG1P,16,-0.009434,2.389974,1.276966
Ni_num,E1,E1_Min2_FieldOnly,Lasso,LOG1P,17,0.754541,0.607291,0.524491
Ni_num,E1,E1_Min2_FieldOnly,Lasso,LOG1P,18,0.672311,0.780181,0.699768
Ni_num,E1,E1_Min2_FieldOnly,Lasso,LOG1P,19,0.46541,0.771838,0.630026
Ni_num,E1,E1_Min2_FieldOnly,Lasso,LOG1P,20,0.038727,2.817795,1.762351
Ni_num,E1,E1_Min2_FieldOnly,Lasso,LOG1P,21,0.177134,0.623542,0.540969
Ni_num,E1,E1_Min2_FieldOnly,Lasso,LOG1P,22,0.370806,1.739096,1.180267
Ni_num,E1,E1_Min2_FieldOnly,Lasso,LOG1P,23,0.666554,0.761125,0.637882
Ni_num,E1,E1_Min2_FieldOnly,Lasso,LOG1P,24,0.152549,2.352752,1.422064
Ni_num,E1,E1_Min2_FieldOnly,Lasso,LOG1P,25,-0.220924,2.360143,1.148739
Ni_num,E1,E1_Min2_FieldOnly,Ridge,RAW,1,0.012597,0.975426,0.817587
Ni_num,E1,E1_Min2_FieldOnly,Ridge,RAW,2,0.324544,1.042775,0.990622
Ni_num,E1,E1_Min2_FieldOnly,Ridge,RAW,3,-0.303073,2.58155,1.508003
Ni_num,E1,E1_Min2_FieldOnly,Ridge,RAW,4,0.042061,2.675034,1.779079
Ni_num,E1,E1_Min2_FieldOnly,Ridge,RAW,5,0.613606,0.780729,0.666559
Ni_num,E1,E1_Min2_FieldOnly,Ridge,RAW,6,0.256911,0.992033,0.894784
Ni_num,E1,E1_Min2_FieldOnly,Ridge,RAW,7,0.557285,1.543825,1.044448
Ni_num,E1,E1_Min2_FieldOnly,Ridge,RAW,8,0.239886,2.031488,1.105793
Ni_num,E1,E1_Min2_FieldOnly,Ridge,RAW,9,-13.08036,0.868688,0.80817
Ni_num,E1,E1_Min2_FieldOnly,Ridge,RAW,10,-0.643177,2.651749,1.68394
Ni_num,E1,E1_Min2_FieldOnly,Ridge,RAW,11,-0.312226,1.024188,0.831735
Ni_num,E1,E1_Min2_FieldOnly,Ridge,RAW,12,0.557522,1.558945,1.127159
Ni_num,E1,E1_Min2_FieldOnly,Ridge,RAW,13,0.392605,2.028173,1.200361
Ni_num,E1,E1_Min2_FieldOnly,Ridge,RAW,14,-0.408482,2.559876,1.421857
Ni_num,E1,E1_Min2_FieldOnly,Ridge,RAW,15,-0.803874,0.823666,0.671258
Ni_num,E1,E1_Min2_FieldOnly,Ridge,RAW,16,-0.113235,2.509849,1.321271
Ni_num,E1,E1_Min2_FieldOnly,Ridge,RAW,17,0.435023,0.921345,0.77999
Ni_num,E1,E1_Min2_FieldOnly,Ridge,RAW,18,0.703691,0.741885,0.584197
Ni_num,E1,E1_Min2_FieldOnly,Ridge,RAW,19,0.33963,0.857846,0.753617
Ni_num,E1,E1_Min2_FieldOnly,Ridge,RAW,20,0.208673,2.556607,1.739928
Ni_num,E1,E1_Min2_FieldOnly,Ridge,RAW,21,-0.111786,0.724789,0.530978
Ni_num,E1,E1_Min2_FieldOnly,Ridge,RAW,22,0.51108,1.533029,1.133659
Ni_num,E1,E1_Min2_FieldOnly,Ridge,RAW,23,0.654537,0.774718,0.691825
Ni_num,E1,E1_Min2_FieldOnly,Ridge,RAW,24,0.297205,2.142562,1.474232
Ni_num,E1,E1_Min2_FieldOnly,Ridge,RAW,25,-0.380949,2.510053,1.399814
Ni_num,E1,E1_Min2_FieldOnly,Ridge,LOG1P,1,0.324948,0.806521,0.704534
Ni_num,E1,E1_Min2_FieldOnly,Ridge,LOG1P,2,0.474394,0.919861,0.805872
Ni_num,E1,E1_Min2_FieldOnly,Ridge,LOG1P,3,-0.193212,2.470331,1.205411
Ni_num,E1,E1_Min2_FieldOnly,Ridge,LOG1P,4,-0.01349,2.751503,1.83739
Ni_num,E1,E1_Min2_FieldOnly,Ridge,LOG1P,5,0.848198,0.489354,0.387869
Ni_num,E1,E1_Min2_FieldOnly,Ridge,LOG1P,6,0.496852,0.816307,0.734767
Ni_num,E1,E1_Min2_FieldOnly,Ridge,LOG1P,7,0.517671,1.611416,1.069753
Ni_num,E1,E1_Min2_FieldOnly,Ridge,LOG1P,8,0.156725,2.139733,1.162054
Ni_num,E1,E1_Min2_FieldOnly,Ridge,LOG1P,9,-3.724389,0.503188,0.443061
Ni_num,E1,E1_Min2_FieldOnly,Ridge,LOG1P,10,-0.580716,2.600861,1.501043
Ni_num,E1,E1_Min2_FieldOnly,Ridge,LOG1P,11,0.130881,0.833518,0.704359
Ni_num,E1,E1_Min2_FieldOnly,Ridge,LOG1P,12,0.542462,1.585253,1.007361
Ni_num,E1,E1_Min2_FieldOnly,Ridge,LOG1P,13,0.338448,2.116661,1.166448
Ni_num,E1,E1_Min2_FieldOnly,Ridge,LOG1P,14,-0.374297,2.528619,1.264489
Ni_num,E1,E1_Min2_FieldOnly,Ridge,LOG1P,15,-0.384599,0.721622,0.59224
Ni_num,E1,E1_Min2_FieldOnly,Ridge,LOG1P,16,-0.082687,2.475174,1.248148
Ni_num,E1,E1_Min2_FieldOnly,Ridge,LOG1P,17,0.697241,0.674459,0.56575
Ni_num,E1,E1_Min2_FieldOnly,Ridge,LOG1P,18,0.821287,0.576159,0.480786
Ni_num,E1,E1_Min2_FieldOnly,Ridge,LOG1P,19,0.487877,0.755445,0.595893
Ni_num,E1,E1_Min2_FieldOnly,Ridge,LOG1P,20,0.137607,2.668938,1.773108
Ni_num,E1,E1_Min2_FieldOnly,Ridge,LOG1P,21,0.076118,0.660707,0.519555
Ni_num,E1,E1_Min2_FieldOnly,Ridge,LOG1P,22,0.507293,1.538954,1.009916
Ni_num,E1,E1_Min2_FieldOnly,Ridge,LOG1P,23,0.699069,0.723063,0.547174
Ni_num,E1,E1_Min2_FieldOnly,Ridge,LOG1P,24,0.247239,2.217418,1.444593
Ni_num,E1,E1_Min2_FieldOnly,Ridge,LOG1P,25,-0.302948,2.438134,1.132733
Ni_num,E1,E1_Min2_FieldOnly,ElasticNet,RAW,1,0.111637,0.925214,0.792639
Ni_num,E1,E1_Min2_FieldOnly,ElasticNet,RAW,2,0.405824,0.978024,0.921649
Ni_num,E1,E1_Min2_FieldOnly,ElasticNet,RAW,3,-0.268938,2.547513,1.494303
Ni_num,E1,E1_Min2_FieldOnly,ElasticNet,RAW,4,0.007187,2.72329,1.84354
Ni_num,E1,E1_Min2_FieldOnly,ElasticNet,RAW,5,0.609976,0.784387,0.674116
Ni_num,E1,E1_Min2_FieldOnly,ElasticNet,RAW,6,0.252089,0.995246,0.921143
Ni_num,E1,E1_Min2_FieldOnly,ElasticNet,RAW,7,0.532466,1.586509,1.066586
Ni_num,E1,E1_Min2_FieldOnly,ElasticNet,RAW,8,0.239105,2.032531,1.099496
Ni_num,E1,E1_Min2_FieldOnly,ElasticNet,RAW,9,-12.957529,0.864891,0.822735
Ni_num,E1,E1_Min2_FieldOnly,ElasticNet,RAW,10,-0.596274,2.613629,1.651336
Ni_num,E1,E1_Min2_FieldOnly,ElasticNet,RAW,11,-0.127147,0.949217,0.784328
Ni_num,E1,E1_Min2_FieldOnly,ElasticNet,RAW,12,0.532746,1.601997,1.177142
Ni_num,E1,E1_Min2_FieldOnly,ElasticNet,RAW,13,0.38187,2.046018,1.226536
Ni_num,E1,E1_Min2_FieldOnly,ElasticNet,RAW,14,-0.366989,2.521887,1.389475
Ni_num,E1,E1_Min2_FieldOnly,ElasticNet,RAW,15,-0.673949,0.793449,0.656742
Ni_num,E1,E1_Min2_FieldOnly,ElasticNet,RAW,16,-0.083089,2.475634,1.332812
Ni_num,E1,E1_Min2_FieldOnly,ElasticNet,RAW,17,0.465863,0.895846,0.752697
Ni_num,E1,E1_Min2_FieldOnly,ElasticNet,RAW,18,0.674649,0.777393,0.629987
Ni_num,E1,E1_Min2_FieldOnly,ElasticNet,RAW,19,0.387086,0.826448,0.747139
Ni_num,E1,E1_Min2_FieldOnly,ElasticNet,RAW,20,0.196168,2.576727,1.735686
Ni_num,E1,E1_Min2_FieldOnly,ElasticNet,RAW,21,-0.097764,0.720204,0.55616
Ni_num,E1,E1_Min2_FieldOnly,ElasticNet,RAW,22,0.491911,1.562792,1.164898
Ni_num,E1,E1_Min2_FieldOnly,ElasticNet,RAW,23,0.651918,0.777649,0.699909
Ni_num,E1,E1_Min2_FieldOnly,ElasticNet,RAW,24,0.298353,2.140811,1.459714
Ni_num,E1,E1_Min2_FieldOnly,ElasticNet,RAW,25,-0.341483,2.473925,1.363289
Ni_num,E1,E1_Min2_FieldOnly,ElasticNet,LOG1P,1,0.559295,0.65166,0.607657
Ni_num,E1,E1_Min2_FieldOnly,ElasticNet,LOG1P,2,0.608416,0.793971,0.627253
Ni_num,E1,E1_Min2_FieldOnly,ElasticNet,LOG1P,3,-0.130406,2.404438,1.235076
Ni_num,E1,E1_Min2_FieldOnly,ElasticNet,LOG1P,4,-0.14214,2.920922,1.951878
Ni_num,E1,E1_Min2_FieldOnly,ElasticNet,LOG1P,5,0.803941,0.556132,0.469552
Ni_num,E1,E1_Min2_FieldOnly,ElasticNet,LOG1P,6,0.546222,0.775224,0.759025
Ni_num,E1,E1_Min2_FieldOnly,ElasticNet,LOG1P,7,0.408286,1.78481,1.254326
Ni_num,E1,E1_Min2_FieldOnly,ElasticNet,LOG1P,8,0.114151,2.193081,1.12627
Ni_num,E1,E1_Min2_FieldOnly,ElasticNet,LOG1P,9,-4.283085,0.532109,0.498397
Ni_num,E1,E1_Min2_FieldOnly,ElasticNet,LOG1P,10,-0.497266,2.531277,1.424703
Ni_num,E1,E1_Min2_FieldOnly,ElasticNet,LOG1P,11,0.455508,0.659737,0.58148
Ni_num,E1,E1_Min2_FieldOnly,ElasticNet,LOG1P,12,0.44241,1.750018,1.180699
Ni_num,E1,E1_Min2_FieldOnly,ElasticNet,LOG1P,13,0.302214,2.173855,1.199134
Ni_num,E1,E1_Min2_FieldOnly,ElasticNet,LOG1P,14,-0.314815,2.473292,1.350822
Ni_num,E1,E1_Min2_FieldOnly,ElasticNet,LOG1P,15,-0.199827,0.67175,0.552936
Ni_num,E1,E1_Min2_FieldOnly,ElasticNet,LOG1P,16,-0.024319,2.407531,1.25538
Ni_num,E1,E1_Min2_FieldOnly,ElasticNet,LOG1P,17,0.769428,0.588587,0.480733
Ni_num,E1,E1_Min2_FieldOnly,ElasticNet,LOG1P,18,0.751428,0.679502,0.592163
Ni_num,E1,E1_Min2_FieldOnly,ElasticNet,LOG1P,19,0.497317,0.74845,0.592077
Ni_num,E1,E1_Min2_FieldOnly,ElasticNet,LOG1P,20,0.084817,2.749412,1.761803
Ni_num,E1,E1_Min2_FieldOnly,ElasticNet,LOG1P,21,0.159743,0.630096,0.522687
Ni_num,E1,E1_Min2_FieldOnly,ElasticNet,LOG1P,22,0.430956,1.653881,1.110288
Ni_num,E1,E1_Min2_FieldOnly,ElasticNet,LOG1P,23,0.702826,0.718535,0.546357
Ni_num,E1,E1_Min2_FieldOnly,ElasticNet,LOG1P,24,0.225885,2.248648,1.389411
Ni_num,E1,E1_Min2_FieldOnly,ElasticNet,LOG1P,25,-0.238443,2.377015,1.13314
Ni_num,E2,E2_Min3_Field_Plus_Depth,SVR_RBF,RAW,1,0.258888,0.845063,0.748528
Ni_num,E2,E2_Min3_Field_Plus_Depth,SVR_RBF,RAW,2,0.270761,1.083495,0.810097
Ni_num,E2,E2_Min3_Field_Plus_Depth,SVR_RBF,RAW,3,-0.292728,2.571283,1.547127
Ni_num,E2,E2_Min3_Field_Plus_Depth,SVR_RBF,RAW,4,0.077266,2.625419,1.813373
Ni_num,E2,E2_Min3_Field_Plus_Depth,SVR_RBF,RAW,5,0.906957,0.383113,0.340897
Ni_num,E2,E2_Min3_Field_Plus_Depth,SVR_RBF,RAW,6,0.709338,0.62044,0.562025
Ni_num,E2,E2_Min3_Field_Plus_Depth,SVR_RBF,RAW,7,0.364029,1.850354,1.43445
Ni_num,E2,E2_Min3_Field_Plus_Depth,SVR_RBF,RAW,8,0.228057,2.047234,1.038655
Ni_num,E2,E2_Min3_Field_Plus_Depth,SVR_RBF,RAW,9,-6.009614,0.61292,0.384751
Ni_num,E2,E2_Min3_Field_Plus_Depth,SVR_RBF,RAW,10,-0.649862,2.657137,1.672529
Ni_num,E2,E2_Min3_Field_Plus_Depth,SVR_RBF,RAW,11,0.350335,0.720643,0.52121
Ni_num,E2,E2_Min3_Field_Plus_Depth,SVR_RBF,RAW,12,0.529073,1.60828,0.931819
Ni_num,E2,E2_Min3_Field_Plus_Depth,SVR_RBF,RAW,13,0.375131,2.057141,1.525906
Ni_num,E2,E2_Min3_Field_Plus_Depth,SVR_RBF,RAW,14,-0.381414,2.535158,1.329567
Ni_num,E2,E2_Min3_Field_Plus_Depth,SVR_RBF,RAW,15,-0.634379,0.784015,0.639103
Ni_num,E2,E2_Min3_Field_Plus_Depth,SVR_RBF,RAW,16,-0.12864,2.527155,1.18171
Ni_num,E2,E2_Min3_Field_Plus_Depth,SVR_RBF,RAW,17,0.670958,0.703125,0.574938
Ni_num,E2,E2_Min3_Field_Plus_Depth,SVR_RBF,RAW,18,0.762399,0.664336,0.589144
Ni_num,E2,E2_Min3_Field_Plus_Depth,SVR_RBF,RAW,19,0.068859,1.018646,0.636169
Ni_num,E2,E2_Min3_Field_Plus_Depth,SVR_RBF,RAW,20,0.256165,2.478701,1.684446
Ni_num,E2,E2_Min3_Field_Plus_Depth,SVR_RBF,RAW,21,-0.683674,0.891928,0.778168
Ni_num,E2,E2_Min3_Field_Plus_Depth,SVR_RBF,RAW,22,0.491656,1.563185,0.918455
Ni_num,E2,E2_Min3_Field_Plus_Depth,SVR_RBF,RAW,23,0.464534,0.964515,0.6831
Ni_num,E2,E2_Min3_Field_Plus_Depth,SVR_RBF,RAW,24,0.16759,2.331781,1.540609
Ni_num,E2,E2_Min3_Field_Plus_Depth,SVR_RBF,RAW,25,-0.353245,2.484747,1.157453
Ni_num,E2,E2_Min3_Field_Plus_Depth,SVR_RBF,LOG1P,1,-0.005636,0.984391,0.871986
Ni_num,E2,E2_Min3_Field_Plus_Depth,SVR_RBF,LOG1P,2,0.27863,1.077633,0.829076
Ni_num,E2,E2_Min3_Field_Plus_Depth,SVR_RBF,LOG1P,3,-0.404695,2.680324,1.556392
Ni_num,E2,E2_Min3_Field_Plus_Depth,SVR_RBF,LOG1P,4,0.007279,2.723164,1.923251
Ni_num,E2,E2_Min3_Field_Plus_Depth,SVR_RBF,LOG1P,5,0.835365,0.509619,0.380495
Ni_num,E2,E2_Min3_Field_Plus_Depth,SVR_RBF,LOG1P,6,0.679811,0.651192,0.550104
Ni_num,E2,E2_Min3_Field_Plus_Depth,SVR_RBF,LOG1P,7,0.283987,1.963344,1.597714
Ni_num,E2,E2_Min3_Field_Plus_Depth,SVR_RBF,LOG1P,8,0.20984,2.071249,1.158947
Ni_num,E2,E2_Min3_Field_Plus_Depth,SVR_RBF,LOG1P,9,-5.001827,0.567151,0.373965
Ni_num,E2,E2_Min3_Field_Plus_Depth,SVR_RBF,LOG1P,10,-0.845955,2.810611,1.860581
Ni_num,E2,E2_Min3_Field_Plus_Depth,SVR_RBF,LOG1P,11,0.336362,0.728351,0.626291
Ni_num,E2,E2_Min3_Field_Plus_Depth,SVR_RBF,LOG1P,12,0.542699,1.584843,0.866906
Ni_num,E2,E2_Min3_Field_Plus_Depth,SVR_RBF,LOG1P,13,0.303838,2.171325,1.59609
Ni_num,E2,E2_Min3_Field_Plus_Depth,SVR_RBF,LOG1P,14,-0.506001,2.647012,1.300809
Ni_num,E2,E2_Min3_Field_Plus_Depth,SVR_RBF,LOG1P,15,-0.568427,0.768034,0.603581
Ni_num,E2,E2_Min3_Field_Plus_Depth,SVR_RBF,LOG1P,16,-0.194915,2.600296,1.228492
Ni_num,E2,E2_Min3_Field_Plus_Depth,SVR_RBF,LOG1P,17,0.692232,0.680015,0.548861
Ni_num,E2,E2_Min3_Field_Plus_Depth,SVR_RBF,LOG1P,18,0.680639,0.770203,0.64672
Ni_num,E2,E2_Min3_Field_Plus_Depth,SVR_RBF,LOG1P,19,0.072595,1.016601,0.735865
Ni_num,E2,E2_Min3_Field_Plus_Depth,SVR_RBF,LOG1P,20,0.187874,2.589987,1.741305
Ni_num,E2,E2_Min3_Field_Plus_Depth,SVR_RBF,LOG1P,21,-0.622024,0.875446,0.754457
Ni_num,E2,E2_Min3_Field_Plus_Depth,SVR_RBF,LOG1P,22,0.449228,1.627112,0.969563
Ni_num,E2,E2_Min3_Field_Plus_Depth,SVR_RBF,LOG1P,23,0.47121,0.958483,0.669539
Ni_num,E2,E2_Min3_Field_Plus_Depth,SVR_RBF,LOG1P,24,0.210545,2.270819,1.501776
Ni_num,E2,E2_Min3_Field_Plus_Depth,SVR_RBF,LOG1P,25,-0.520255,2.633615,1.414379
Ni_num,E2,E2_Min3_Field_Plus_Depth,PLS,RAW,1,-2.63285,1.870987,1.337178
Ni_num,E2,E2_Min3_Field_Plus_Depth,PLS,RAW,2,0.110305,1.196775,1.120231
Ni_num,E2,E2_Min3_Field_Plus_Depth,PLS,RAW,3,-0.526701,2.794302,1.756303
Ni_num,E2,E2_Min3_Field_Plus_Depth,PLS,RAW,4,0.008273,2.721801,1.841855
Ni_num,E2,E2_Min3_Field_Plus_Depth,PLS,RAW,5,0.648462,0.744682,0.638078
Ni_num,E2,E2_Min3_Field_Plus_Depth,PLS,RAW,6,-0.516928,1.417385,1.00178
Ni_num,E2,E2_Min3_Field_Plus_Depth,PLS,RAW,7,0.396638,1.802292,1.321059
Ni_num,E2,E2_Min3_Field_Plus_Depth,PLS,RAW,8,0.240213,2.031052,1.11383
Ni_num,E2,E2_Min3_Field_Plus_Depth,PLS,RAW,9,-12.044932,0.836138,0.746451
Ni_num,E2,E2_Min3_Field_Plus_Depth,PLS,RAW,10,-0.755109,2.740578,1.67221
Ni_num,E2,E2_Min3_Field_Plus_Depth,PLS,RAW,11,-0.25651,1.002209,0.828575
Ni_num,E2,E2_Min3_Field_Plus_Depth,PLS,RAW,12,0.52205,1.620229,1.118226
Ni_num,E2,E2_Min3_Field_Plus_Depth,PLS,RAW,13,0.384796,2.04117,1.201922
Ni_num,E2,E2_Min3_Field_Plus_Depth,PLS,RAW,14,-0.430761,2.580042,1.42383
Ni_num,E2,E2_Min3_Field_Plus_Depth,PLS,RAW,15,-0.798844,0.822517,0.675709
Ni_num,E2,E2_Min3_Field_Plus_Depth,PLS,RAW,16,-0.218595,2.625935,1.387221
Ni_num,E2,E2_Min3_Field_Plus_Depth,PLS,RAW,17,0.468299,0.893801,0.750347
Ni_num,E2,E2_Min3_Field_Plus_Depth,PLS,RAW,18,0.636517,0.821687,0.66632
Ni_num,E2,E2_Min3_Field_Plus_Depth,PLS,RAW,19,0.173043,0.959969,0.830325
Ni_num,E2,E2_Min3_Field_Plus_Depth,PLS,RAW,20,0.139274,2.666357,1.985681
Ni_num,E2,E2_Min3_Field_Plus_Depth,PLS,RAW,21,-0.116625,0.726364,0.54743
Ni_num,E2,E2_Min3_Field_Plus_Depth,PLS,RAW,22,0.468861,1.597848,1.137324
Ni_num,E2,E2_Min3_Field_Plus_Depth,PLS,RAW,23,0.541124,0.892875,0.778786
Ni_num,E2,E2_Min3_Field_Plus_Depth,PLS,RAW,24,0.295828,2.144659,1.466379
Ni_num,E2,E2_Min3_Field_Plus_Depth,PLS,RAW,25,-0.532035,2.643799,1.517683
Ni_num,E2,E2_Min3_Field_Plus_Depth,PLS,LOG1P,1,-4.448791,2.29138,1.35269
Ni_num,E2,E2_Min3_Field_Plus_Depth,PLS,LOG1P,2,0.402665,0.980621,0.855938
Ni_num,E2,E2_Min3_Field_Plus_Depth,PLS,LOG1P,3,-0.3183,2.59659,1.424744
Ni_num,E2,E2_Min3_Field_Plus_Depth,PLS,LOG1P,4,-0.020466,2.760957,1.855078
Ni_num,E2,E2_Min3_Field_Plus_Depth,PLS,LOG1P,5,0.854979,0.4783,0.364147
Ni_num,E2,E2_Min3_Field_Plus_Depth,PLS,LOG1P,6,-0.060104,1.184895,0.843972
Ni_num,E2,E2_Min3_Field_Plus_Depth,PLS,LOG1P,7,0.400366,1.796716,1.28781
Ni_num,E2,E2_Min3_Field_Plus_Depth,PLS,LOG1P,8,0.154441,2.142628,1.180463
Ni_num,E2,E2_Min3_Field_Plus_Depth,PLS,LOG1P,9,-3.526738,0.492549,0.419872
Ni_num,E2,E2_Min3_Field_Plus_Depth,PLS,LOG1P,10,-0.657003,2.662881,1.55442
Ni_num,E2,E2_Min3_Field_Plus_Depth,PLS,LOG1P,11,0.084076,0.855667,0.718043
Ni_num,E2,E2_Min3_Field_Plus_Depth,PLS,LOG1P,12,0.523795,1.617268,1.009709
Ni_num,E2,E2_Min3_Field_Plus_Depth,PLS,LOG1P,13,0.330604,2.129174,1.211197
Ni_num,E2,E2_Min3_Field_Plus_Depth,PLS,LOG1P,14,-0.396939,2.549365,1.249503
Ni_num,E2,E2_Min3_Field_Plus_Depth,PLS,LOG1P,15,-0.439765,0.735858,0.611735
Ni_num,E2,E2_Min3_Field_Plus_Depth,PLS,LOG1P,16,-0.176089,2.579731,1.373013
Ni_num,E2,E2_Min3_Field_Plus_Depth,PLS,LOG1P,17,0.692326,0.679912,0.574695
Ni_num,E2,E2_Min3_Field_Plus_Depth,PLS,LOG1P,18,0.791079,0.622954,0.498599
Ni_num,E2,E2_Min3_Field_Plus_Depth,PLS,LOG1P,19,0.460444,0.775415,0.637217
Ni_num,E2,E2_Min3_Field_Plus_Depth,PLS,LOG1P,20,0.060847,2.785185,1.966724
Ni_num,E2,E2_Min3_Field_Plus_Depth,PLS,LOG1P,21,0.031077,0.676621,0.545974
Ni_num,E2,E2_Min3_Field_Plus_Depth,PLS,LOG1P,22,0.489158,1.567021,0.993422
Ni_num,E2,E2_Min3_Field_Plus_Depth,PLS,LOG1P,23,0.681674,0.743667,0.569077
Ni_num,E2,E2_Min3_Field_Plus_Depth,PLS,LOG1P,24,0.243243,2.223295,1.456291
Ni_num,E2,E2_Min3_Field_Plus_Depth,PLS,LOG1P,25,-0.384324,2.513118,1.273114
Ni_num,E2,E2_Min3_Field_Plus_Depth,Lasso,RAW,1,-1.570448,1.573807,1.179547
Ni_num,E2,E2_Min3_Field_Plus_Depth,Lasso,RAW,2,0.380374,0.99875,0.929524
Ni_num,E2,E2_Min3_Field_Plus_Depth,Lasso,RAW,3,-0.287087,2.565667,1.496329
Ni_num,E2,E2_Min3_Field_Plus_Depth,Lasso,RAW,4,-0.024237,2.766053,1.892928
Ni_num,E2,E2_Min3_Field_Plus_Depth,Lasso,RAW,5,0.619183,0.775073,0.66125
Ni_num,E2,E2_Min3_Field_Plus_Depth,Lasso,RAW,6,-0.178795,1.249466,0.981209
Ni_num,E2,E2_Min3_Field_Plus_Depth,Lasso,RAW,7,0.416991,1.771632,1.311522
Ni_num,E2,E2_Min3_Field_Plus_Depth,Lasso,RAW,8,0.24576,2.023624,1.085491
Ni_num,E2,E2_Min3_Field_Plus_Depth,Lasso,RAW,9,-11.944552,0.832915,0.792498
Ni_num,E2,E2_Min3_Field_Plus_Depth,Lasso,RAW,10,-0.582502,2.60233,1.655121
Ni_num,E2,E2_Min3_Field_Plus_Depth,Lasso,RAW,11,-0.069018,0.924417,0.790961
Ni_num,E2,E2_Min3_Field_Plus_Depth,Lasso,RAW,12,0.508989,1.642217,1.178931
Ni_num,E2,E2_Min3_Field_Plus_Depth,Lasso,RAW,13,0.384122,2.042288,1.244237
Ni_num,E2,E2_Min3_Field_Plus_Depth,Lasso,RAW,14,-0.350315,2.50646,1.396257
Ni_num,E2,E2_Min3_Field_Plus_Depth,Lasso,RAW,15,-0.619337,0.780399,0.640345
Ni_num,E2,E2_Min3_Field_Plus_Depth,Lasso,RAW,16,-0.070359,2.461042,1.344497
Ni_num,E2,E2_Min3_Field_Plus_Depth,Lasso,RAW,17,0.462038,0.899048,0.75658
Ni_num,E2,E2_Min3_Field_Plus_Depth,Lasso,RAW,18,0.630694,0.828243,0.662934
Ni_num,E2,E2_Min3_Field_Plus_Depth,Lasso,RAW,19,0.366839,0.839987,0.761314
Ni_num,E2,E2_Min3_Field_Plus_Depth,Lasso,RAW,20,0.166525,2.623808,1.840397
Ni_num,E2,E2_Min3_Field_Plus_Depth,Lasso,RAW,21,-0.094228,0.719043,0.557587
Ni_num,E2,E2_Min3_Field_Plus_Depth,Lasso,RAW,22,0.46388,1.605323,1.17135
Ni_num,E2,E2_Min3_Field_Plus_Depth,Lasso,RAW,23,0.615124,0.817717,0.72694
Ni_num,E2,E2_Min3_Field_Plus_Depth,Lasso,RAW,24,0.312733,2.11876,1.438193
Ni_num,E2,E2_Min3_Field_Plus_Depth,Lasso,RAW,25,-0.33333,2.466396,1.357457
Ni_num,E2,E2_Min3_Field_Plus_Depth,Lasso,LOG1P,1,0.496211,0.696741,0.623085
Ni_num,E2,E2_Min3_Field_Plus_Depth,Lasso,LOG1P,2,0.601151,0.801302,0.679647
Ni_num,E2,E2_Min3_Field_Plus_Depth,Lasso,LOG1P,3,-0.097554,2.369241,1.25619
Ni_num,E2,E2_Min3_Field_Plus_Depth,Lasso,LOG1P,4,-0.251215,3.057217,2.098838
Ni_num,E2,E2_Min3_Field_Plus_Depth,Lasso,LOG1P,5,0.738503,0.642271,0.576638
Ni_num,E2,E2_Min3_Field_Plus_Depth,Lasso,LOG1P,6,0.523658,0.794264,0.782198
Ni_num,E2,E2_Min3_Field_Plus_Depth,Lasso,LOG1P,7,0.299744,1.941622,1.402355
Ni_num,E2,E2_Min3_Field_Plus_Depth,Lasso,LOG1P,8,0.05381,2.266544,1.200416
Ni_num,E2,E2_Min3_Field_Plus_Depth,Lasso,LOG1P,9,-5.541244,0.592089,0.565195
Ni_num,E2,E2_Min3_Field_Plus_Depth,Lasso,LOG1P,10,-0.463365,2.502456,1.424148
Ni_num,E2,E2_Min3_Field_Plus_Depth,Lasso,LOG1P,11,0.484921,0.641671,0.543707
Ni_num,E2,E2_Min3_Field_Plus_Depth,Lasso,LOG1P,12,0.355784,1.881052,1.313711
Ni_num,E2,E2_Min3_Field_Plus_Depth,Lasso,LOG1P,13,0.250719,2.25264,1.292765
Ni_num,E2,E2_Min3_Field_Plus_Depth,Lasso,LOG1P,14,-0.303814,2.462924,1.397122
Ni_num,E2,E2_Min3_Field_Plus_Depth,Lasso,LOG1P,15,-0.121767,0.64953,0.561083
Ni_num,E2,E2_Min3_Field_Plus_Depth,Lasso,LOG1P,16,-0.009434,2.389974,1.276966
Ni_num,E2,E2_Min3_Field_Plus_Depth,Lasso,LOG1P,17,0.754541,0.607291,0.524491
Ni_num,E2,E2_Min3_Field_Plus_Depth,Lasso,LOG1P,18,0.672311,0.780181,0.699768
Ni_num,E2,E2_Min3_Field_Plus_Depth,Lasso,LOG1P,19,0.46541,0.771838,0.630026
Ni_num,E2,E2_Min3_Field_Plus_Depth,Lasso,LOG1P,20,0.038727,2.817795,1.762351
Ni_num,E2,E2_Min3_Field_Plus_Depth,Lasso,LOG1P,21,0.177134,0.623542,0.540969
Ni_num,E2,E2_Min3_Field_Plus_Depth,Lasso,LOG1P,22,0.370806,1.739096,1.180267
Ni_num,E2,E2_Min3_Field_Plus_Depth,Lasso,LOG1P,23,0.666554,0.761125,0.637882
Ni_num,E2,E2_Min3_Field_Plus_Depth,Lasso,LOG1P,24,0.152549,2.352752,1.422064
Ni_num,E2,E2_Min3_Field_Plus_Depth,Lasso,LOG1P,25,-0.220924,2.360143,1.148739
Ni_num,E2,E2_Min3_Field_Plus_Depth,Ridge,RAW,1,-2.387865,1.8068,1.304753
Ni_num,E2,E2_Min3_Field_Plus_Depth,Ridge,RAW,2,0.181904,1.147609,1.073306
Ni_num,E2,E2_Min3_Field_Plus_Depth,Ridge,RAW,3,-0.449755,2.722975,1.675785
Ni_num,E2,E2_Min3_Field_Plus_Depth,Ridge,RAW,4,0.014736,2.712918,1.838919
Ni_num,E2,E2_Min3_Field_Plus_Depth,Ridge,RAW,5,0.643982,0.749412,0.639531
Ni_num,E2,E2_Min3_Field_Plus_Depth,Ridge,RAW,6,-0.609342,1.459922,1.031517
Ni_num,E2,E2_Min3_Field_Plus_Depth,Ridge,RAW,7,0.420413,1.766427,1.285475
Ni_num,E2,E2_Min3_Field_Plus_Depth,Ridge,RAW,8,0.239067,2.032583,1.107004
Ni_num,E2,E2_Min3_Field_Plus_Depth,Ridge,RAW,9,-12.207588,0.841335,0.762396
Ni_num,E2,E2_Min3_Field_Plus_Depth,Ridge,RAW,10,-0.696841,2.694702,1.664152
Ni_num,E2,E2_Min3_Field_Plus_Depth,Ridge,RAW,11,-0.215216,0.985603,0.813995
Ni_num,E2,E2_Min3_Field_Plus_Depth,Ridge,RAW,12,0.522294,1.619814,1.128427
Ni_num,E2,E2_Min3_Field_Plus_Depth,Ridge,RAW,13,0.367213,2.070134,1.220806
Ni_num,E2,E2_Min3_Field_Plus_Depth,Ridge,RAW,14,-0.434581,2.583484,1.398019
Ni_num,E2,E2_Min3_Field_Plus_Depth,Ridge,RAW,15,-0.738865,0.808688,0.662531
Ni_num,E2,E2_Min3_Field_Plus_Depth,Ridge,RAW,16,-0.176769,2.580477,1.359977
Ni_num,E2,E2_Min3_Field_Plus_Depth,Ridge,RAW,17,0.439306,0.917846,0.776538
Ni_num,E2,E2_Min3_Field_Plus_Depth,Ridge,RAW,18,0.636526,0.821677,0.667825
Ni_num,E2,E2_Min3_Field_Plus_Depth,Ridge,RAW,19,0.213229,0.936354,0.822076
Ni_num,E2,E2_Min3_Field_Plus_Depth,Ridge,RAW,20,0.12202,2.69295,2.007695
Ni_num,E2,E2_Min3_Field_Plus_Depth,Ridge,RAW,21,-0.096608,0.719824,0.544599
Ni_num,E2,E2_Min3_Field_Plus_Depth,Ridge,RAW,22,0.466042,1.602083,1.141963
Ni_num,E2,E2_Min3_Field_Plus_Depth,Ridge,RAW,23,0.571658,0.862658,0.748987
Ni_num,E2,E2_Min3_Field_Plus_Depth,Ridge,RAW,24,0.289429,2.154382,1.479125
Ni_num,E2,E2_Min3_Field_Plus_Depth,Ridge,RAW,25,-0.484587,2.602536,1.476831
Ni_num,E2,E2_Min3_Field_Plus_Depth,Ridge,LOG1P,1,-3.910936,2.17535,1.30454
Ni_num,E2,E2_Min3_Field_Plus_Depth,Ridge,LOG1P,2,0.444032,0.946056,0.820607
Ni_num,E2,E2_Min3_Field_Plus_Depth,Ridge,LOG1P,3,-0.277709,2.556303,1.368252
Ni_num,E2,E2_Min3_Field_Plus_Depth,Ridge,LOG1P,4,-0.031411,2.775724,1.861914
Ni_num,E2,E2_Min3_Field_Plus_Depth,Ridge,LOG1P,5,0.852714,0.482021,0.3737
Ni_num,E2,E2_Min3_Field_Plus_Depth,Ridge,LOG1P,6,-0.355233,1.339715,0.905248
Ni_num,E2,E2_Min3_Field_Plus_Depth,Ridge,LOG1P,7,0.424859,1.759638,1.236697
Ni_num,E2,E2_Min3_Field_Plus_Depth,Ridge,LOG1P,8,0.152952,2.144514,1.168201
Ni_num,E2,E2_Min3_Field_Plus_Depth,Ridge,LOG1P,9,-3.610339,0.497077,0.430351
Ni_num,E2,E2_Min3_Field_Plus_Depth,Ridge,LOG1P,10,-0.622486,2.635,1.526495
Ni_num,E2,E2_Min3_Field_Plus_Depth,Ridge,LOG1P,11,0.194022,0.80267,0.686605
Ni_num,E2,E2_Min3_Field_Plus_Depth,Ridge,LOG1P,12,0.517481,1.627955,1.018905
Ni_num,E2,E2_Min3_Field_Plus_Depth,Ridge,LOG1P,13,0.309636,2.162263,1.192824
Ni_num,E2,E2_Min3_Field_Plus_Depth,Ridge,LOG1P,14,-0.40154,2.553559,1.25672
Ni_num,E2,E2_Min3_Field_Plus_Depth,Ridge,LOG1P,15,-0.396268,0.724657,0.60289
Ni_num,E2,E2_Min3_Field_Plus_Depth,Ridge,LOG1P,16,-0.140648,2.540564,1.322772
Ni_num,E2,E2_Min3_Field_Plus_Depth,Ridge,LOG1P,17,0.679927,0.693477,0.579077
Ni_num,E2,E2_Min3_Field_Plus_Depth,Ridge,LOG1P,18,0.789147,0.625827,0.494081
Ni_num,E2,E2_Min3_Field_Plus_Depth,Ridge,LOG1P,19,0.470859,0.767895,0.627304
Ni_num,E2,E2_Min3_Field_Plus_Depth,Ridge,LOG1P,20,0.008062,2.862386,2.042549
Ni_num,E2,E2_Min3_Field_Plus_Depth,Ridge,LOG1P,21,0.058504,0.666976,0.543978
Ni_num,E2,E2_Min3_Field_Plus_Depth,Ridge,LOG1P,22,0.479214,1.582199,1.009726
Ni_num,E2,E2_Min3_Field_Plus_Depth,Ridge,LOG1P,23,0.692612,0.73078,0.554926
Ni_num,E2,E2_Min3_Field_Plus_Depth,Ridge,LOG1P,24,0.22881,2.244396,1.483539
Ni_num,E2,E2_Min3_Field_Plus_Depth,Ridge,LOG1P,25,-0.360411,2.491317,1.225686
Ni_num,E2,E2_Min3_Field_Plus_Depth,ElasticNet,RAW,1,-1.842808,1.655087,1.225218
Ni_num,E2,E2_Min3_Field_Plus_Depth,ElasticNet,RAW,2,0.301712,1.060252,0.994464
Ni_num,E2,E2_Min3_Field_Plus_Depth,ElasticNet,RAW,3,-0.351843,2.629416,1.592838
Ni_num,E2,E2_Min3_Field_Plus_Depth,ElasticNet,RAW,4,-0.020475,2.760968,1.892569
Ni_num,E2,E2_Min3_Field_Plus_Depth,ElasticNet,RAW,5,0.628754,0.765271,0.646455
Ni_num,E2,E2_Min3_Field_Plus_Depth,ElasticNet,RAW,6,-0.322391,1.323383,0.999839
Ni_num,E2,E2_Min3_Field_Plus_Depth,ElasticNet,RAW,7,0.406161,1.788013,1.323101
Ni_num,E2,E2_Min3_Field_Plus_Depth,ElasticNet,RAW,8,0.239105,2.032531,1.099496
Ni_num,E2,E2_Min3_Field_Plus_Depth,ElasticNet,RAW,9,-12.315595,0.844768,0.793723
Ni_num,E2,E2_Min3_Field_Plus_Depth,ElasticNet,RAW,10,-0.59628,2.613633,1.651324
Ni_num,E2,E2_Min3_Field_Plus_Depth,ElasticNet,RAW,11,-0.078572,0.928538,0.78121
Ni_num,E2,E2_Min3_Field_Plus_Depth,ElasticNet,RAW,12,0.503167,1.651925,1.177164
Ni_num,E2,E2_Min3_Field_Plus_Depth,ElasticNet,RAW,13,0.37922,2.050398,1.244759
Ni_num,E2,E2_Min3_Field_Plus_Depth,ElasticNet,RAW,14,-0.366986,2.521884,1.389475
Ni_num,E2,E2_Min3_Field_Plus_Depth,ElasticNet,RAW,15,-0.62363,0.781433,0.646063
Ni_num,E2,E2_Min3_Field_Plus_Depth,ElasticNet,RAW,16,-0.105915,2.501584,1.346241
Ni_num,E2,E2_Min3_Field_Plus_Depth,ElasticNet,RAW,17,0.465863,0.895846,0.752697
Ni_num,E2,E2_Min3_Field_Plus_Depth,ElasticNet,RAW,18,0.610939,0.850106,0.681358
Ni_num,E2,E2_Min3_Field_Plus_Depth,ElasticNet,RAW,19,0.296164,0.885628,0.801167
Ni_num,E2,E2_Min3_Field_Plus_Depth,ElasticNet,RAW,20,0.148638,2.651813,1.892433
Ni_num,E2,E2_Min3_Field_Plus_Depth,ElasticNet,RAW,21,-0.101603,0.721462,0.561976
Ni_num,E2,E2_Min3_Field_Plus_Depth,ElasticNet,RAW,22,0.456781,1.615917,1.171335
Ni_num,E2,E2_Min3_Field_Plus_Depth,ElasticNet,RAW,23,0.583388,0.850763,0.753038
Ni_num,E2,E2_Min3_Field_Plus_Depth,ElasticNet,RAW,24,0.304382,2.131593,1.458713
Ni_num,E2,E2_Min3_Field_Plus_Depth,ElasticNet,RAW,25,-0.383065,2.511975,1.396082
Ni_num,E2,E2_Min3_Field_Plus_Depth,ElasticNet,LOG1P,1,-0.455851,1.184419,0.874522
Ni_num,E2,E2_Min3_Field_Plus_Depth,ElasticNet,LOG1P,2,0.608416,0.793971,0.627253
Ni_num,E2,E2_Min3_Field_Plus_Depth,ElasticNet,LOG1P,3,-0.130406,2.404438,1.235076
Ni_num,E2,E2_Min3_Field_Plus_Depth,ElasticNet,LOG1P,4,-0.145188,2.924816,1.955045
Ni_num,E2,E2_Min3_Field_Plus_Depth,ElasticNet,LOG1P,5,0.803941,0.556132,0.469552
Ni_num,E2,E2_Min3_Field_Plus_Depth,ElasticNet,LOG1P,6,0.536486,0.783496,0.764507
Ni_num,E2,E2_Min3_Field_Plus_Depth,ElasticNet,LOG1P,7,0.359203,1.857362,1.322965
Ni_num,E2,E2_Min3_Field_Plus_Depth,ElasticNet,LOG1P,8,0.114151,2.193081,1.12627
Ni_num,E2,E2_Min3_Field_Plus_Depth,ElasticNet,LOG1P,9,-4.283085,0.532109,0.498397
Ni_num,E2,E2_Min3_Field_Plus_Depth,ElasticNet,LOG1P,10,-0.497266,2.531277,1.424703
Ni_num,E2,E2_Min3_Field_Plus_Depth,ElasticNet,LOG1P,11,0.455508,0.659737,0.58148
Ni_num,E2,E2_Min3_Field_Plus_Depth,ElasticNet,LOG1P,12,0.44241,1.750018,1.180699
Ni_num,E2,E2_Min3_Field_Plus_Depth,ElasticNet,LOG1P,13,0.302214,2.173855,1.199134
Ni_num,E2,E2_Min3_Field_Plus_Depth,ElasticNet,LOG1P,14,-0.314815,2.473292,1.350822
Ni_num,E2,E2_Min3_Field_Plus_Depth,ElasticNet,LOG1P,15,-0.199827,0.67175,0.552936
Ni_num,E2,E2_Min3_Field_Plus_Depth,ElasticNet,LOG1P,16,-0.024319,2.407531,1.25538
Ni_num,E2,E2_Min3_Field_Plus_Depth,ElasticNet,LOG1P,17,0.769428,0.588587,0.480733
Ni_num,E2,E2_Min3_Field_Plus_Depth,ElasticNet,LOG1P,18,0.744527,0.688869,0.600306
Ni_num,E2,E2_Min3_Field_Plus_Depth,ElasticNet,LOG1P,19,0.497317,0.74845,0.592077
Ni_num,E2,E2_Min3_Field_Plus_Depth,ElasticNet,LOG1P,20,0.083535,2.751338,1.791549
Ni_num,E2,E2_Min3_Field_Plus_Depth,ElasticNet,LOG1P,21,0.159743,0.630096,0.522687
Ni_num,E2,E2_Min3_Field_Plus_Depth,ElasticNet,LOG1P,22,0.430663,1.654307,1.110279
Ni_num,E2,E2_Min3_Field_Plus_Depth,ElasticNet,LOG1P,23,0.702299,0.719172,0.548132
Ni_num,E2,E2_Min3_Field_Plus_Depth,ElasticNet,LOG1P,24,0.225885,2.248648,1.389411
Ni_num,E2,E2_Min3_Field_Plus_Depth,ElasticNet,LOG1P,25,-0.238443,2.377015,1.13314
Ni_num,E3,E3_Min4_Field_Depth_LogSalinity,SVR_RBF,RAW,1,0.235157,0.858486,0.734712
Ni_num,E3,E3_Min4_Field_Depth_LogSalinity,SVR_RBF,RAW,2,0.251384,1.097795,0.89418
Ni_num,E3,E3_Min4_Field_Depth_LogSalinity,SVR_RBF,RAW,3,-0.333132,2.611156,1.561146
Ni_num,E3,E3_Min4_Field_Depth_LogSalinity,SVR_RBF,RAW,4,0.095639,2.599149,1.792987
Ni_num,E3,E3_Min4_Field_Depth_LogSalinity,SVR_RBF,RAW,5,0.924422,0.345289,0.30652
Ni_num,E3,E3_Min4_Field_Depth_LogSalinity,SVR_RBF,RAW,6,0.766854,0.555673,0.486273
Ni_num,E3,E3_Min4_Field_Depth_LogSalinity,SVR_RBF,RAW,7,0.372753,1.837619,1.42541
Ni_num,E3,E3_Min4_Field_Depth_LogSalinity,SVR_RBF,RAW,8,0.270127,1.990667,0.996132
Ni_num,E3,E3_Min4_Field_Depth_LogSalinity,SVR_RBF,RAW,9,-4.746394,0.554951,0.378905
Ni_num,E3,E3_Min4_Field_Depth_LogSalinity,SVR_RBF,RAW,10,-0.713946,2.70825,1.716355
Ni_num,E3,E3_Min4_Field_Depth_LogSalinity,SVR_RBF,RAW,11,0.560125,0.59298,0.449503
Ni_num,E3,E3_Min4_Field_Depth_LogSalinity,SVR_RBF,RAW,12,0.539276,1.590762,0.919426
Ni_num,E3,E3_Min4_Field_Depth_LogSalinity,SVR_RBF,RAW,13,0.389014,2.034161,1.503207
Ni_num,E3,E3_Min4_Field_Depth_LogSalinity,SVR_RBF,RAW,14,-0.387363,2.540611,1.451519
Ni_num,E3,E3_Min4_Field_Depth_LogSalinity,SVR_RBF,RAW,15,-0.59284,0.773988,0.615509
Ni_num,E3,E3_Min4_Field_Depth_LogSalinity,SVR_RBF,RAW,16,-0.131846,2.530742,1.171907
Ni_num,E3,E3_Min4_Field_Depth_LogSalinity,SVR_RBF,RAW,17,0.698201,0.673389,0.518204
Ni_num,E3,E3_Min4_Field_Depth_LogSalinity,SVR_RBF,RAW,18,0.709233,0.734915,0.607451
Ni_num,E3,E3_Min4_Field_Depth_LogSalinity,SVR_RBF,RAW,19,0.113672,0.993832,0.651522
Ni_num,E3,E3_Min4_Field_Depth_LogSalinity,SVR_RBF,RAW,20,0.269624,2.456174,1.669745
Ni_num,E3,E3_Min4_Field_Depth_LogSalinity,SVR_RBF,RAW,21,-0.627868,0.877022,0.757506
Ni_num,E3,E3_Min4_Field_Depth_LogSalinity,SVR_RBF,RAW,22,0.488606,1.567866,0.943404
Ni_num,E3,E3_Min4_Field_Depth_LogSalinity,SVR_RBF,RAW,23,0.397416,1.023179,0.738282
Ni_num,E3,E3_Min4_Field_Depth_LogSalinity,SVR_RBF,RAW,24,0.21913,2.258439,1.46075
Ni_num,E3,E3_Min4_Field_Depth_LogSalinity,SVR_RBF,RAW,25,-0.385934,2.514579,1.156706
Ni_num,E3,E3_Min4_Field_Depth_LogSalinity,SVR_RBF,LOG1P,1,0.123944,0.918783,0.778715
Ni_num,E3,E3_Min4_Field_Depth_LogSalinity,SVR_RBF,LOG1P,2,0.326263,1.041446,0.816079
Ni_num,E3,E3_Min4_Field_Depth_LogSalinity,SVR_RBF,LOG1P,3,-0.423223,2.697943,1.57967
Ni_num,E3,E3_Min4_Field_Depth_LogSalinity,SVR_RBF,LOG1P,4,0.014365,2.713428,1.888046
Ni_num,E3,E3_Min4_Field_Depth_LogSalinity,SVR_RBF,LOG1P,5,0.844486,0.495301,0.394099
Ni_num,E3,E3_Min4_Field_Depth_LogSalinity,SVR_RBF,LOG1P,6,0.700744,0.629545,0.521126
Ni_num,E3,E3_Min4_Field_Depth_LogSalinity,SVR_RBF,LOG1P,7,0.287544,1.958461,1.578423
Ni_num,E3,E3_Min4_Field_Depth_LogSalinity,SVR_RBF,LOG1P,8,0.244941,2.024722,1.067908
Ni_num,E3,E3_Min4_Field_Depth_LogSalinity,SVR_RBF,LOG1P,9,-3.910512,0.513004,0.370659
Ni_num,E3,E3_Min4_Field_Depth_LogSalinity,SVR_RBF,LOG1P,10,-0.815074,2.787003,1.803188
Ni_num,E3,E3_Min4_Field_Depth_LogSalinity,SVR_RBF,LOG1P,11,0.396692,0.694456,0.61381
Ni_num,E3,E3_Min4_Field_Depth_LogSalinity,SVR_RBF,LOG1P,12,0.555862,1.561867,0.839654
Ni_num,E3,E3_Min4_Field_Depth_LogSalinity,SVR_RBF,LOG1P,13,0.346593,2.103591,1.552443
Ni_num,E3,E3_Min4_Field_Depth_LogSalinity,SVR_RBF,LOG1P,14,-0.523996,2.662779,1.468245
Ni_num,E3,E3_Min4_Field_Depth_LogSalinity,SVR_RBF,LOG1P,15,-0.647952,0.787264,0.644302
Ni_num,E3,E3_Min4_Field_Depth_LogSalinity,SVR_RBF,LOG1P,16,-0.211784,2.618586,1.223693
Ni_num,E3,E3_Min4_Field_Depth_LogSalinity,SVR_RBF,LOG1P,17,0.731749,0.634859,0.507654
Ni_num,E3,E3_Min4_Field_Depth_LogSalinity,SVR_RBF,LOG1P,18,0.665527,0.788215,0.692763
Ni_num,E3,E3_Min4_Field_Depth_LogSalinity,SVR_RBF,LOG1P,19,0.10776,0.997141,0.74184
Ni_num,E3,E3_Min4_Field_Depth_LogSalinity,SVR_RBF,LOG1P,20,0.186275,2.592535,1.768152
Ni_num,E3,E3_Min4_Field_Depth_LogSalinity,SVR_RBF,LOG1P,21,-0.459365,0.830391,0.715562
Ni_num,E3,E3_Min4_Field_Depth_LogSalinity,SVR_RBF,LOG1P,22,0.461817,1.608409,0.961701
Ni_num,E3,E3_Min4_Field_Depth_LogSalinity,SVR_RBF,LOG1P,23,0.448968,0.978433,0.693106
Ni_num,E3,E3_Min4_Field_Depth_LogSalinity,SVR_RBF,LOG1P,24,0.268316,2.186153,1.437017
Ni_num,E3,E3_Min4_Field_Depth_LogSalinity,SVR_RBF,LOG1P,25,-0.526412,2.638943,1.363903
Ni_num,E3,E3_Min4_Field_Depth_LogSalinity,PLS,RAW,1,-2.246633,1.768738,1.255527
Ni_num,E3,E3_Min4_Field_Depth_LogSalinity,PLS,RAW,2,0.101986,1.202357,1.143906
Ni_num,E3,E3_Min4_Field_Depth_LogSalinity,PLS,RAW,3,-0.520341,2.788476,1.744248
Ni_num,E3,E3_Min4_Field_Depth_LogSalinity,PLS,RAW,4,0.000427,2.732547,1.854501
Ni_num,E3,E3_Min4_Field_Depth_LogSalinity,PLS,RAW,5,0.571787,0.821892,0.687844
Ni_num,E3,E3_Min4_Field_Depth_LogSalinity,PLS,RAW,6,-0.563774,1.439105,1.045042
Ni_num,E3,E3_Min4_Field_Depth_LogSalinity,PLS,RAW,7,0.407959,1.785303,1.310649
Ni_num,E3,E3_Min4_Field_Depth_LogSalinity,PLS,RAW,8,0.26597,1.996327,1.084403
Ni_num,E3,E3_Min4_Field_Depth_LogSalinity,PLS,RAW,9,-14.146273,0.900969,0.791932
Ni_num,E3,E3_Min4_Field_Depth_LogSalinity,PLS,RAW,10,-0.768292,2.750852,1.766135
Ni_num,E3,E3_Min4_Field_Depth_LogSalinity,PLS,RAW,11,-0.106663,0.940552,0.74618
Ni_num,E3,E3_Min4_Field_Depth_LogSalinity,PLS,RAW,12,0.51079,1.639202,1.156116
Ni_num,E3,E3_Min4_Field_Depth_LogSalinity,PLS,RAW,13,0.394922,2.024302,1.227573
Ni_num,E3,E3_Min4_Field_Depth_LogSalinity,PLS,RAW,14,-0.455475,2.602229,1.494635
Ni_num,E3,E3_Min4_Field_Depth_LogSalinity,PLS,RAW,15,-1.307057,0.931488,0.774788
Ni_num,E3,E3_Min4_Field_Depth_LogSalinity,PLS,RAW,16,-0.199214,2.604969,1.421696
Ni_num,E3,E3_Min4_Field_Depth_LogSalinity,PLS,RAW,17,0.342277,0.994097,0.823152
Ni_num,E3,E3_Min4_Field_Depth_LogSalinity,PLS,RAW,18,0.691209,0.75735,0.600961
Ni_num,E3,E3_Min4_Field_Depth_LogSalinity,PLS,RAW,19,0.135773,0.981363,0.82766
Ni_num,E3,E3_Min4_Field_Depth_LogSalinity,PLS,RAW,20,0.125417,2.687735,2.030449
Ni_num,E3,E3_Min4_Field_Depth_LogSalinity,PLS,RAW,21,-0.238341,0.764929,0.541903
Ni_num,E3,E3_Min4_Field_Depth_LogSalinity,PLS,RAW,22,0.443272,1.635885,1.219696
Ni_num,E3,E3_Min4_Field_Depth_LogSalinity,PLS,RAW,23,0.581988,0.852192,0.754001
Ni_num,E3,E3_Min4_Field_Depth_LogSalinity,PLS,RAW,24,0.307666,2.126556,1.468877
Ni_num,E3,E3_Min4_Field_Depth_LogSalinity,PLS,RAW,25,-0.554872,2.66343,1.609762
Ni_num,E3,E3_Min4_Field_Depth_LogSalinity,PLS,LOG1P,1,-3.147178,1.999048,1.224565
Ni_num,E3,E3_Min4_Field_Depth_LogSalinity,PLS,LOG1P,2,0.396759,0.985456,0.903949
Ni_num,E3,E3_Min4_Field_Depth_LogSalinity,PLS,LOG1P,3,-0.323228,2.601439,1.432003
Ni_num,E3,E3_Min4_Field_Depth_LogSalinity,PLS,LOG1P,4,-0.028423,2.7717,1.867581
Ni_num,E3,E3_Min4_Field_Depth_LogSalinity,PLS,LOG1P,5,0.809469,0.548235,0.446421
Ni_num,E3,E3_Min4_Field_Depth_LogSalinity,PLS,LOG1P,6,0.007875,1.146275,0.842101
Ni_num,E3,E3_Min4_Field_Depth_LogSalinity,PLS,LOG1P,7,0.394338,1.805724,1.291319
Ni_num,E3,E3_Min4_Field_Depth_LogSalinity,PLS,LOG1P,8,0.197577,2.08726,1.132119
Ni_num,E3,E3_Min4_Field_Depth_LogSalinity,PLS,LOG1P,9,-4.814522,0.558231,0.488443
Ni_num,E3,E3_Min4_Field_Depth_LogSalinity,PLS,LOG1P,10,-0.659893,2.665202,1.56868
Ni_num,E3,E3_Min4_Field_Depth_LogSalinity,PLS,LOG1P,11,0.299125,0.748506,0.635308
Ni_num,E3,E3_Min4_Field_Depth_LogSalinity,PLS,LOG1P,12,0.50889,1.642383,1.060041
Ni_num,E3,E3_Min4_Field_Depth_LogSalinity,PLS,LOG1P,13,0.360429,2.0812,1.151965
Ni_num,E3,E3_Min4_Field_Depth_LogSalinity,PLS,LOG1P,14,-0.39493,2.547531,1.281233
Ni_num,E3,E3_Min4_Field_Depth_LogSalinity,PLS,LOG1P,15,-0.751762,0.811681,0.669905
Ni_num,E3,E3_Min4_Field_Depth_LogSalinity,PLS,LOG1P,16,-0.132796,2.531804,1.279476
Ni_num,E3,E3_Min4_Field_Depth_LogSalinity,PLS,LOG1P,17,0.670558,0.703553,0.570105
Ni_num,E3,E3_Min4_Field_Depth_LogSalinity,PLS,LOG1P,18,0.820587,0.577287,0.457138
Ni_num,E3,E3_Min4_Field_Depth_LogSalinity,PLS,LOG1P,19,0.46125,0.774835,0.651425
Ni_num,E3,E3_Min4_Field_Depth_LogSalinity,PLS,LOG1P,20,0.062448,2.78281,1.992807
Ni_num,E3,E3_Min4_Field_Depth_LogSalinity,PLS,LOG1P,21,-0.022912,0.695217,0.527156
Ni_num,E3,E3_Min4_Field_Depth_LogSalinity,PLS,LOG1P,22,0.474488,1.589362,1.071215
Ni_num,E3,E3_Min4_Field_Depth_LogSalinity,PLS,LOG1P,23,0.701588,0.72003,0.580839
Ni_num,E3,E3_Min4_Field_Depth_LogSalinity,PLS,LOG1P,24,0.273897,2.1778,1.432951
Ni_num,E3,E3_Min4_Field_Depth_LogSalinity,PLS,LOG1P,25,-0.398045,2.525542,1.338504
Ni_num,E3,E3_Min4_Field_Depth_LogSalinity,Lasso,RAW,1,-1.570448,1.573807,1.179547
Ni_num,E3,E3_Min4_Field_Depth_LogSalinity,Lasso,RAW,2,0.380374,0.99875,0.929524
Ni_num,E3,E3_Min4_Field_Depth_LogSalinity,Lasso,RAW,3,-0.318544,2.59683,1.541062
Ni_num,E3,E3_Min4_Field_Depth_LogSalinity,Lasso,RAW,4,-0.024237,2.766053,1.892928
Ni_num,E3,E3_Min4_Field_Depth_LogSalinity,Lasso,RAW,5,0.618579,0.775688,0.660706
Ni_num,E3,E3_Min4_Field_Depth_LogSalinity,Lasso,RAW,6,-0.178795,1.249466,0.981209
Ni_num,E3,E3_Min4_Field_Depth_LogSalinity,Lasso,RAW,7,0.416991,1.771632,1.311522
Ni_num,E3,E3_Min4_Field_Depth_LogSalinity,Lasso,RAW,8,0.24576,2.023624,1.085491
Ni_num,E3,E3_Min4_Field_Depth_LogSalinity,Lasso,RAW,9,-11.920699,0.832147,0.790358
Ni_num,E3,E3_Min4_Field_Depth_LogSalinity,Lasso,RAW,10,-0.601239,2.61769,1.674479
Ni_num,E3,E3_Min4_Field_Depth_LogSalinity,Lasso,RAW,11,-0.069018,0.924417,0.790961
Ni_num,E3,E3_Min4_Field_Depth_LogSalinity,Lasso,RAW,12,0.509464,1.641424,1.178045
Ni_num,E3,E3_Min4_Field_Depth_LogSalinity,Lasso,RAW,13,0.384122,2.042288,1.244237
Ni_num,E3,E3_Min4_Field_Depth_LogSalinity,Lasso,RAW,14,-0.353288,2.509217,1.39979
Ni_num,E3,E3_Min4_Field_Depth_LogSalinity,Lasso,RAW,15,-0.700194,0.799645,0.644615
Ni_num,E3,E3_Min4_Field_Depth_LogSalinity,Lasso,RAW,16,-0.073873,2.465078,1.349739
Ni_num,E3,E3_Min4_Field_Depth_LogSalinity,Lasso,RAW,17,0.454944,0.904956,0.760774
Ni_num,E3,E3_Min4_Field_Depth_LogSalinity,Lasso,RAW,18,0.630694,0.828243,0.662934
Ni_num,E3,E3_Min4_Field_Depth_LogSalinity,Lasso,RAW,19,0.366839,0.839987,0.761314
Ni_num,E3,E3_Min4_Field_Depth_LogSalinity,Lasso,RAW,20,0.166525,2.623808,1.840397
Ni_num,E3,E3_Min4_Field_Depth_LogSalinity,Lasso,RAW,21,-0.094228,0.719043,0.557587
Ni_num,E3,E3_Min4_Field_Depth_LogSalinity,Lasso,RAW,22,0.457617,1.614673,1.193932
Ni_num,E3,E3_Min4_Field_Depth_LogSalinity,Lasso,RAW,23,0.615124,0.817717,0.72694
Ni_num,E3,E3_Min4_Field_Depth_LogSalinity,Lasso,RAW,24,0.312733,2.11876,1.438193
Ni_num,E3,E3_Min4_Field_Depth_LogSalinity,Lasso,RAW,25,-0.350838,2.482537,1.393676
Ni_num,E3,E3_Min4_Field_Depth_LogSalinity,Lasso,LOG1P,1,0.496211,0.696741,0.623085
Ni_num,E3,E3_Min4_Field_Depth_LogSalinity,Lasso,LOG1P,2,0.601151,0.801302,0.679647
Ni_num,E3,E3_Min4_Field_Depth_LogSalinity,Lasso,LOG1P,3,-0.108563,2.381094,1.266436
Ni_num,E3,E3_Min4_Field_Depth_LogSalinity,Lasso,LOG1P,4,-0.251215,3.057217,2.098838
Ni_num,E3,E3_Min4_Field_Depth_LogSalinity,Lasso,LOG1P,5,0.716107,0.669209,0.592015
Ni_num,E3,E3_Min4_Field_Depth_LogSalinity,Lasso,LOG1P,6,0.525334,0.792866,0.780913
Ni_num,E3,E3_Min4_Field_Depth_LogSalinity,Lasso,LOG1P,7,0.299744,1.941622,1.402355
Ni_num,E3,E3_Min4_Field_Depth_LogSalinity,Lasso,LOG1P,8,0.05381,2.266544,1.200416
Ni_num,E3,E3_Min4_Field_Depth_LogSalinity,Lasso,LOG1P,9,-5.854679,0.606109,0.574505
Ni_num,E3,E3_Min4_Field_Depth_LogSalinity,Lasso,LOG1P,10,-0.472047,2.509868,1.427034
Ni_num,E3,E3_Min4_Field_Depth_LogSalinity,Lasso,LOG1P,11,0.484921,0.641671,0.543707
Ni_num,E3,E3_Min4_Field_Depth_LogSalinity,Lasso,LOG1P,12,0.357282,1.878864,1.312982
Ni_num,E3,E3_Min4_Field_Depth_LogSalinity,Lasso,LOG1P,13,0.250719,2.25264,1.292765
Ni_num,E3,E3_Min4_Field_Depth_LogSalinity,Lasso,LOG1P,14,-0.303814,2.462924,1.397122
Ni_num,E3,E3_Min4_Field_Depth_LogSalinity,Lasso,LOG1P,15,-0.296375,0.698254,0.596513
Ni_num,E3,E3_Min4_Field_Depth_LogSalinity,Lasso,LOG1P,16,-0.016604,2.398448,1.291784
Ni_num,E3,E3_Min4_Field_Depth_LogSalinity,Lasso,LOG1P,17,0.748871,0.614264,0.533117
Ni_num,E3,E3_Min4_Field_Depth_LogSalinity,Lasso,LOG1P,18,0.672311,0.780181,0.699768
Ni_num,E3,E3_Min4_Field_Depth_LogSalinity,Lasso,LOG1P,19,0.46541,0.771838,0.630026
Ni_num,E3,E3_Min4_Field_Depth_LogSalinity,Lasso,LOG1P,20,0.038727,2.817795,1.762351
Ni_num,E3,E3_Min4_Field_Depth_LogSalinity,Lasso,LOG1P,21,0.177134,0.623542,0.540969
Ni_num,E3,E3_Min4_Field_Depth_LogSalinity,Lasso,LOG1P,22,0.363299,1.74944,1.229384
Ni_num,E3,E3_Min4_Field_Depth_LogSalinity,Lasso,LOG1P,23,0.666554,0.761125,0.637882
Ni_num,E3,E3_Min4_Field_Depth_LogSalinity,Lasso,LOG1P,24,0.152549,2.352752,1.422064
Ni_num,E3,E3_Min4_Field_Depth_LogSalinity,Lasso,LOG1P,25,-0.230636,2.369511,1.16985
Ni_num,E3,E3_Min4_Field_Depth_LogSalinity,Ridge,RAW,1,-2.389347,1.807195,1.3051
Ni_num,E3,E3_Min4_Field_Depth_LogSalinity,Ridge,RAW,2,0.134792,1.180191,1.119314
Ni_num,E3,E3_Min4_Field_Depth_LogSalinity,Ridge,RAW,3,-0.519966,2.788131,1.75953
Ni_num,E3,E3_Min4_Field_Depth_LogSalinity,Ridge,RAW,4,0.011421,2.717478,1.842758
Ni_num,E3,E3_Min4_Field_Depth_LogSalinity,Ridge,RAW,5,0.606678,0.787696,0.649907
Ni_num,E3,E3_Min4_Field_Depth_LogSalinity,Ridge,RAW,6,-0.594374,1.453117,1.033315
Ni_num,E3,E3_Min4_Field_Depth_LogSalinity,Ridge,RAW,7,0.416203,1.772829,1.297693
Ni_num,E3,E3_Min4_Field_Depth_LogSalinity,Ridge,RAW,8,0.226327,2.049527,1.120602
Ni_num,E3,E3_Min4_Field_Depth_LogSalinity,Ridge,RAW,9,-13.211417,0.872722,0.762627
Ni_num,E3,E3_Min4_Field_Depth_LogSalinity,Ridge,RAW,10,-0.734245,2.72424,1.717461
Ni_num,E3,E3_Min4_Field_Depth_LogSalinity,Ridge,RAW,11,-0.210746,0.983789,0.804517
Ni_num,E3,E3_Min4_Field_Depth_LogSalinity,Ridge,RAW,12,0.516399,1.629778,1.144355
Ni_num,E3,E3_Min4_Field_Depth_LogSalinity,Ridge,RAW,13,0.353682,2.09215,1.21465
Ni_num,E3,E3_Min4_Field_Depth_LogSalinity,Ridge,RAW,14,-0.453818,2.600747,1.433047
Ni_num,E3,E3_Min4_Field_Depth_LogSalinity,Ridge,RAW,15,-1.108268,0.890453,0.741683
Ni_num,E3,E3_Min4_Field_Depth_LogSalinity,Ridge,RAW,16,-0.185334,2.58985,1.385111
Ni_num,E3,E3_Min4_Field_Depth_LogSalinity,Ridge,RAW,17,0.373868,0.96993,0.808641
Ni_num,E3,E3_Min4_Field_Depth_LogSalinity,Ridge,RAW,18,0.626018,0.83347,0.68103
Ni_num,E3,E3_Min4_Field_Depth_LogSalinity,Ridge,RAW,19,0.18128,0.955176,0.825644
Ni_num,E3,E3_Min4_Field_Depth_LogSalinity,Ridge,RAW,20,0.117129,2.70044,2.008486
Ni_num,E3,E3_Min4_Field_Depth_LogSalinity,Ridge,RAW,21,-0.130378,0.730824,0.541681
Ni_num,E3,E3_Min4_Field_Depth_LogSalinity,Ridge,RAW,22,0.447154,1.630173,1.205159
Ni_num,E3,E3_Min4_Field_Depth_LogSalinity,Ridge,RAW,23,0.575462,0.858818,0.748828
Ni_num,E3,E3_Min4_Field_Depth_LogSalinity,Ridge,RAW,24,0.266008,2.189599,1.513559
Ni_num,E3,E3_Min4_Field_Depth_LogSalinity,Ridge,RAW,25,-0.532064,2.643824,1.571881
Ni_num,E3,E3_Min4_Field_Depth_LogSalinity,Ridge,LOG1P,1,-3.814063,2.153788,1.294559
Ni_num,E3,E3_Min4_Field_Depth_LogSalinity,Ridge,LOG1P,2,0.410869,0.973863,0.883393
Ni_num,E3,E3_Min4_Field_Depth_LogSalinity,Ridge,LOG1P,3,-0.326094,2.604255,1.434693
Ni_num,E3,E3_Min4_Field_Depth_LogSalinity,Ridge,LOG1P,4,-0.026852,2.769582,1.862104
Ni_num,E3,E3_Min4_Field_Depth_LogSalinity,Ridge,LOG1P,5,0.814504,0.540943,0.438562
Ni_num,E3,E3_Min4_Field_Depth_LogSalinity,Ridge,LOG1P,6,-0.233943,1.27836,0.886621
Ni_num,E3,E3_Min4_Field_Depth_LogSalinity,Ridge,LOG1P,7,0.410975,1.78075,1.264263
Ni_num,E3,E3_Min4_Field_Depth_LogSalinity,Ridge,LOG1P,8,0.164594,2.129726,1.15889
Ni_num,E3,E3_Min4_Field_Depth_LogSalinity,Ridge,LOG1P,9,-4.598915,0.547784,0.478874
Ni_num,E3,E3_Min4_Field_Depth_LogSalinity,Ridge,LOG1P,10,-0.642163,2.650931,1.542368
Ni_num,E3,E3_Min4_Field_Depth_LogSalinity,Ridge,LOG1P,11,0.220725,0.789261,0.669886
Ni_num,E3,E3_Min4_Field_Depth_LogSalinity,Ridge,LOG1P,12,0.507963,1.643933,1.056602
Ni_num,E3,E3_Min4_Field_Depth_LogSalinity,Ridge,LOG1P,13,0.319197,2.147238,1.174044
Ni_num,E3,E3_Min4_Field_Depth_LogSalinity,Ridge,LOG1P,14,-0.401918,2.553904,1.248205
Ni_num,E3,E3_Min4_Field_Depth_LogSalinity,Ridge,LOG1P,15,-0.739298,0.808789,0.668529
Ni_num,E3,E3_Min4_Field_Depth_LogSalinity,Ridge,LOG1P,16,-0.1293,2.527895,1.266475
Ni_num,E3,E3_Min4_Field_Depth_LogSalinity,Ridge,LOG1P,17,0.669631,0.704542,0.584529
Ni_num,E3,E3_Min4_Field_Depth_LogSalinity,Ridge,LOG1P,18,0.794634,0.617631,0.485066
Ni_num,E3,E3_Min4_Field_Depth_LogSalinity,Ridge,LOG1P,19,0.468914,0.769304,0.642918
Ni_num,E3,E3_Min4_Field_Depth_LogSalinity,Ridge,LOG1P,20,0.02892,2.832131,2.028089
Ni_num,E3,E3_Min4_Field_Depth_LogSalinity,Ridge,LOG1P,21,0.023339,0.679318,0.531647
Ni_num,E3,E3_Min4_Field_Depth_LogSalinity,Ridge,LOG1P,22,0.463389,1.606058,1.090546
Ni_num,E3,E3_Min4_Field_Depth_LogSalinity,Ridge,LOG1P,23,0.698996,0.723151,0.544883
Ni_num,E3,E3_Min4_Field_Depth_LogSalinity,Ridge,LOG1P,24,0.231629,2.240291,1.480969
Ni_num,E3,E3_Min4_Field_Depth_LogSalinity,Ridge,LOG1P,25,-0.389592,2.517895,1.309186
Ni_num,E3,E3_Min4_Field_Depth_LogSalinity,ElasticNet,RAW,1,-1.791455,1.64007,1.211803
Ni_num,E3,E3_Min4_Field_Depth_LogSalinity,ElasticNet,RAW,2,0.257499,1.093302,1.041191
Ni_num,E3,E3_Min4_Field_Depth_LogSalinity,ElasticNet,RAW,3,-0.417097,2.69213,1.669549
Ni_num,E3,E3_Min4_Field_Depth_LogSalinity,ElasticNet,RAW,4,-0.020475,2.760968,1.892569
Ni_num,E3,E3_Min4_Field_Depth_LogSalinity,ElasticNet,RAW,5,0.590486,0.803747,0.656309
Ni_num,E3,E3_Min4_Field_Depth_LogSalinity,ElasticNet,RAW,6,-0.310704,1.317522,1.011892
Ni_num,E3,E3_Min4_Field_Depth_LogSalinity,ElasticNet,RAW,7,0.402877,1.79295,1.333702
Ni_num,E3,E3_Min4_Field_Depth_LogSalinity,ElasticNet,RAW,8,0.239105,2.032531,1.099496
Ni_num,E3,E3_Min4_Field_Depth_LogSalinity,ElasticNet,RAW,9,-13.29984,0.875433,0.791259
Ni_num,E3,E3_Min4_Field_Depth_LogSalinity,ElasticNet,RAW,10,-0.651594,2.658532,1.70702
Ni_num,E3,E3_Min4_Field_Depth_LogSalinity,ElasticNet,RAW,11,-0.065978,0.923101,0.765566
Ni_num,E3,E3_Min4_Field_Depth_LogSalinity,ElasticNet,RAW,12,0.499064,1.658732,1.190127
Ni_num,E3,E3_Min4_Field_Depth_LogSalinity,ElasticNet,RAW,13,0.37922,2.050398,1.244759
Ni_num,E3,E3_Min4_Field_Depth_LogSalinity,ElasticNet,RAW,14,-0.402828,2.554732,1.417751
Ni_num,E3,E3_Min4_Field_Depth_LogSalinity,ElasticNet,RAW,15,-1.007674,0.86895,0.712538
Ni_num,E3,E3_Min4_Field_Depth_LogSalinity,ElasticNet,RAW,16,-0.12209,2.519812,1.389769
Ni_num,E3,E3_Min4_Field_Depth_LogSalinity,ElasticNet,RAW,17,0.378549,0.966297,0.799061
Ni_num,E3,E3_Min4_Field_Depth_LogSalinity,ElasticNet,RAW,18,0.622449,0.837437,0.668151
Ni_num,E3,E3_Min4_Field_Depth_LogSalinity,ElasticNet,RAW,19,0.26728,0.903618,0.803366
Ni_num,E3,E3_Min4_Field_Depth_LogSalinity,ElasticNet,RAW,20,0.148638,2.651813,1.892433
Ni_num,E3,E3_Min4_Field_Depth_LogSalinity,ElasticNet,RAW,21,-0.105995,0.722899,0.535781
Ni_num,E3,E3_Min4_Field_Depth_LogSalinity,ElasticNet,RAW,22,0.440255,1.640312,1.231437
Ni_num,E3,E3_Min4_Field_Depth_LogSalinity,ElasticNet,RAW,23,0.593705,0.840163,0.750417
Ni_num,E3,E3_Min4_Field_Depth_LogSalinity,ElasticNet,RAW,24,0.304382,2.131593,1.458713
Ni_num,E3,E3_Min4_Field_Depth_LogSalinity,ElasticNet,RAW,25,-0.43457,2.55832,1.497365
Ni_num,E3,E3_Min4_Field_Depth_LogSalinity,ElasticNet,LOG1P,1,-0.394377,1.159143,0.862384
Ni_num,E3,E3_Min4_Field_Depth_LogSalinity,ElasticNet,LOG1P,2,0.605221,0.797203,0.666112
Ni_num,E3,E3_Min4_Field_Depth_LogSalinity,ElasticNet,LOG1P,3,-0.166502,2.442525,1.255082
Ni_num,E3,E3_Min4_Field_Depth_LogSalinity,ElasticNet,LOG1P,4,-0.141829,2.920524,1.950278
Ni_num,E3,E3_Min4_Field_Depth_LogSalinity,ElasticNet,LOG1P,5,0.766302,0.607172,0.491115
Ni_num,E3,E3_Min4_Field_Depth_LogSalinity,ElasticNet,LOG1P,6,0.539708,0.780768,0.758925
Ni_num,E3,E3_Min4_Field_Depth_LogSalinity,ElasticNet,LOG1P,7,0.348903,1.872229,1.34056
Ni_num,E3,E3_Min4_Field_Depth_LogSalinity,ElasticNet,LOG1P,8,0.123935,2.180937,1.120053
Ni_num,E3,E3_Min4_Field_Depth_LogSalinity,ElasticNet,LOG1P,9,-5.189292,0.57594,0.520157
Ni_num,E3,E3_Min4_Field_Depth_LogSalinity,ElasticNet,LOG1P,10,-0.527329,2.556563,1.471787
Ni_num,E3,E3_Min4_Field_Depth_LogSalinity,ElasticNet,LOG1P,11,0.470459,0.650617,0.570256
Ni_num,E3,E3_Min4_Field_Depth_LogSalinity,ElasticNet,LOG1P,12,0.437927,1.757039,1.200257
Ni_num,E3,E3_Min4_Field_Depth_LogSalinity,ElasticNet,LOG1P,13,0.305888,2.168124,1.200191
Ni_num,E3,E3_Min4_Field_Depth_LogSalinity,ElasticNet,LOG1P,14,-0.32095,2.479057,1.361179
Ni_num,E3,E3_Min4_Field_Depth_LogSalinity,ElasticNet,LOG1P,15,-0.472453,0.744164,0.625761
Ni_num,E3,E3_Min4_Field_Depth_LogSalinity,ElasticNet,LOG1P,16,-0.043891,2.430423,1.308574
Ni_num,E3,E3_Min4_Field_Depth_LogSalinity,ElasticNet,LOG1P,17,0.734248,0.631896,0.514866
Ni_num,E3,E3_Min4_Field_Depth_LogSalinity,ElasticNet,LOG1P,18,0.752231,0.678404,0.588769
Ni_num,E3,E3_Min4_Field_Depth_LogSalinity,ElasticNet,LOG1P,19,0.514829,0.735297,0.595156
Ni_num,E3,E3_Min4_Field_Depth_LogSalinity,ElasticNet,LOG1P,20,0.095788,2.732882,1.793059
Ni_num,E3,E3_Min4_Field_Depth_LogSalinity,ElasticNet,LOG1P,21,0.154596,0.632023,0.508395
Ni_num,E3,E3_Min4_Field_Depth_LogSalinity,ElasticNet,LOG1P,22,0.423618,1.664511,1.1696
Ni_num,E3,E3_Min4_Field_Depth_LogSalinity,ElasticNet,LOG1P,23,0.706943,0.713541,0.55272
Ni_num,E3,E3_Min4_Field_Depth_LogSalinity,ElasticNet,LOG1P,24,0.227656,2.246075,1.386011
Ni_num,E3,E3_Min4_Field_Depth_LogSalinity,ElasticNet,LOG1P,25,-0.265054,2.402418,1.169626
Ni_num,E4,E4_Min5_Field_Depth_Interactions,SVR_RBF,RAW,1,0.237331,0.857265,0.760351
Ni_num,E4,E4_Min5_Field_Depth_Interactions,SVR_RBF,RAW,2,0.26866,1.085054,0.895344
Ni_num,E4,E4_Min5_Field_Depth_Interactions,SVR_RBF,RAW,3,-0.272822,2.551409,1.468857
Ni_num,E4,E4_Min5_Field_Depth_Interactions,SVR_RBF,RAW,4,0.061716,2.647448,1.841884
Ni_num,E4,E4_Min5_Field_Depth_Interactions,SVR_RBF,RAW,5,0.873664,0.446426,0.367817
Ni_num,E4,E4_Min5_Field_Depth_Interactions,SVR_RBF,RAW,6,0.755414,0.569143,0.511611
Ni_num,E4,E4_Min5_Field_Depth_Interactions,SVR_RBF,RAW,7,0.413175,1.777421,1.340865
Ni_num,E4,E4_Min5_Field_Depth_Interactions,SVR_RBF,RAW,8,0.234982,2.03803,1.089305
Ni_num,E4,E4_Min5_Field_Depth_Interactions,SVR_RBF,RAW,9,-3.602487,0.496653,0.33766
Ni_num,E4,E4_Min5_Field_Depth_Interactions,SVR_RBF,RAW,10,-0.687514,2.687286,1.71509
Ni_num,E4,E4_Min5_Field_Depth_Interactions,SVR_RBF,RAW,11,0.394494,0.69572,0.514176
Ni_num,E4,E4_Min5_Field_Depth_Interactions,SVR_RBF,RAW,12,0.535991,1.596424,0.902426
Ni_num,E4,E4_Min5_Field_Depth_Interactions,SVR_RBF,RAW,13,0.377797,2.052748,1.461398
Ni_num,E4,E4_Min5_Field_Depth_Interactions,SVR_RBF,RAW,14,-0.38657,2.539885,1.472454
Ni_num,E4,E4_Min5_Field_Depth_Interactions,SVR_RBF,RAW,15,-0.683981,0.795823,0.658559
Ni_num,E4,E4_Min5_Field_Depth_Interactions,SVR_RBF,RAW,16,-0.143882,2.544163,1.201007
Ni_num,E4,E4_Min5_Field_Depth_Interactions,SVR_RBF,RAW,17,0.694854,0.677113,0.58443
Ni_num,E4,E4_Min5_Field_Depth_Interactions,SVR_RBF,RAW,18,0.755777,0.673532,0.60889
Ni_num,E4,E4_Min5_Field_Depth_Interactions,SVR_RBF,RAW,19,0.097239,1.003003,0.673859
Ni_num,E4,E4_Min5_Field_Depth_Interactions,SVR_RBF,RAW,20,0.231797,2.518976,1.707949
Ni_num,E4,E4_Min5_Field_Depth_Interactions,SVR_RBF,RAW,21,-0.659583,0.885524,0.763504
Ni_num,E4,E4_Min5_Field_Depth_Interactions,SVR_RBF,RAW,22,0.487325,1.569829,0.957865
Ni_num,E4,E4_Min5_Field_Depth_Interactions,SVR_RBF,RAW,23,0.533023,0.900722,0.582158
Ni_num,E4,E4_Min5_Field_Depth_Interactions,SVR_RBF,RAW,24,0.085528,2.444017,1.610994
Ni_num,E4,E4_Min5_Field_Depth_Interactions,SVR_RBF,RAW,25,-0.358289,2.489374,1.091511
Ni_num,E4,E4_Min5_Field_Depth_Interactions,SVR_RBF,LOG1P,1,0.114656,0.923641,0.801345
Ni_num,E4,E4_Min5_Field_Depth_Interactions,SVR_RBF,LOG1P,2,0.286601,1.071663,0.828879
Ni_num,E4,E4_Min5_Field_Depth_Interactions,SVR_RBF,LOG1P,3,-0.402442,2.678174,1.532213
Ni_num,E4,E4_Min5_Field_Depth_Interactions,SVR_RBF,LOG1P,4,0.020592,2.704843,1.894857
Ni_num,E4,E4_Min5_Field_Depth_Interactions,SVR_RBF,LOG1P,5,0.810187,0.547202,0.43377
Ni_num,E4,E4_Min5_Field_Depth_Interactions,SVR_RBF,LOG1P,6,0.720709,0.608183,0.50362
Ni_num,E4,E4_Min5_Field_Depth_Interactions,SVR_RBF,LOG1P,7,0.384128,1.82088,1.390451
Ni_num,E4,E4_Min5_Field_Depth_Interactions,SVR_RBF,LOG1P,8,0.205767,2.076581,1.182864
Ni_num,E4,E4_Min5_Field_Depth_Interactions,SVR_RBF,LOG1P,9,-3.988767,0.517075,0.36582
Ni_num,E4,E4_Min5_Field_Depth_Interactions,SVR_RBF,LOG1P,10,-0.837373,2.80407,1.786671
Ni_num,E4,E4_Min5_Field_Depth_Interactions,SVR_RBF,LOG1P,11,0.496933,0.634145,0.534923
Ni_num,E4,E4_Min5_Field_Depth_Interactions,SVR_RBF,LOG1P,12,0.526637,1.612435,0.824584
Ni_num,E4,E4_Min5_Field_Depth_Interactions,SVR_RBF,LOG1P,13,0.306714,2.166834,1.496143
Ni_num,E4,E4_Min5_Field_Depth_Interactions,SVR_RBF,LOG1P,14,-0.49801,2.639979,1.414648
Ni_num,E4,E4_Min5_Field_Depth_Interactions,SVR_RBF,LOG1P,15,-0.47657,0.745204,0.587983
Ni_num,E4,E4_Min5_Field_Depth_Interactions,SVR_RBF,LOG1P,16,-0.20212,2.608123,1.216226
Ni_num,E4,E4_Min5_Field_Depth_Interactions,SVR_RBF,LOG1P,17,0.697246,0.674453,0.538387
Ni_num,E4,E4_Min5_Field_Depth_Interactions,SVR_RBF,LOG1P,18,0.759341,0.668598,0.606933
Ni_num,E4,E4_Min5_Field_Depth_Interactions,SVR_RBF,LOG1P,19,0.093267,1.005207,0.742366
Ni_num,E4,E4_Min5_Field_Depth_Interactions,SVR_RBF,LOG1P,20,0.190943,2.585088,1.730964
Ni_num,E4,E4_Min5_Field_Depth_Interactions,SVR_RBF,LOG1P,21,-0.588207,0.866272,0.747371
Ni_num,E4,E4_Min5_Field_Depth_Interactions,SVR_RBF,LOG1P,22,0.441241,1.638868,1.027543
Ni_num,E4,E4_Min5_Field_Depth_Interactions,SVR_RBF,LOG1P,23,0.534924,0.898886,0.598232
Ni_num,E4,E4_Min5_Field_Depth_Interactions,SVR_RBF,LOG1P,24,0.097468,2.428009,1.64297
Ni_num,E4,E4_Min5_Field_Depth_Interactions,SVR_RBF,LOG1P,25,-0.496344,2.612822,1.261114
Ni_num,E4,E4_Min5_Field_Depth_Interactions,PLS,RAW,1,-3.913807,2.175986,1.390326
Ni_num,E4,E4_Min5_Field_Depth_Interactions,PLS,RAW,2,0.276137,1.079494,1.017233
Ni_num,E4,E4_Min5_Field_Depth_Interactions,PLS,RAW,3,-0.681839,2.932841,1.922486
Ni_num,E4,E4_Min5_Field_Depth_Interactions,PLS,RAW,4,0.01679,2.710089,1.840766
Ni_num,E4,E4_Min5_Field_Depth_Interactions,PLS,RAW,5,0.614255,0.780072,0.691604
Ni_num,E4,E4_Min5_Field_Depth_Interactions,PLS,RAW,6,-1.590362,1.852191,1.218097
Ni_num,E4,E4_Min5_Field_Depth_Interactions,PLS,RAW,7,0.421142,1.765314,1.268927
Ni_num,E4,E4_Min5_Field_Depth_Interactions,PLS,RAW,8,0.242673,2.027761,1.091088
Ni_num,E4,E4_Min5_Field_Depth_Interactions,PLS,RAW,9,-12.492928,0.850374,0.819941
Ni_num,E4,E4_Min5_Field_Depth_Interactions,PLS,RAW,10,-0.897939,2.849911,1.639238
Ni_num,E4,E4_Min5_Field_Depth_Interactions,PLS,RAW,11,0.044826,0.873809,0.80564
Ni_num,E4,E4_Min5_Field_Depth_Interactions,PLS,RAW,12,0.522408,1.619622,1.137422
Ni_num,E4,E4_Min5_Field_Depth_Interactions,PLS,RAW,13,0.264904,2.231216,1.437825
Ni_num,E4,E4_Min5_Field_Depth_Interactions,PLS,RAW,14,-0.574514,2.706552,1.350424
Ni_num,E4,E4_Min5_Field_Depth_Interactions,PLS,RAW,15,-0.571099,0.768688,0.643048
Ni_num,E4,E4_Min5_Field_Depth_Interactions,PLS,RAW,16,-0.312472,2.725206,1.436542
Ni_num,E4,E4_Min5_Field_Depth_Interactions,PLS,RAW,17,0.410443,0.941174,0.798823
Ni_num,E4,E4_Min5_Field_Depth_Interactions,PLS,RAW,18,0.67703,0.774543,0.660085
Ni_num,E4,E4_Min5_Field_Depth_Interactions,PLS,RAW,19,0.372644,0.836128,0.744119
Ni_num,E4,E4_Min5_Field_Depth_Interactions,PLS,RAW,20,0.041095,2.814321,2.045281
Ni_num,E4,E4_Min5_Field_Depth_Interactions,PLS,RAW,21,-0.062042,0.708389,0.556502
Ni_num,E4,E4_Min5_Field_Depth_Interactions,PLS,RAW,22,0.46655,1.60132,1.146302
Ni_num,E4,E4_Min5_Field_Depth_Interactions,PLS,RAW,23,0.630345,0.801385,0.696303
Ni_num,E4,E4_Min5_Field_Depth_Interactions,PLS,RAW,24,0.220559,2.256371,1.567701
Ni_num,E4,E4_Min5_Field_Depth_Interactions,PLS,RAW,25,-0.666697,2.757543,1.544879
Ni_num,E4,E4_Min5_Field_Depth_Interactions,PLS,LOG1P,1,-13.265029,3.707518,1.795392
Ni_num,E4,E4_Min5_Field_Depth_Interactions,PLS,LOG1P,2,0.499103,0.897979,0.752361
Ni_num,E4,E4_Min5_Field_Depth_Interactions,PLS,LOG1P,3,-0.405642,2.681228,1.541566
Ni_num,E4,E4_Min5_Field_Depth_Interactions,PLS,LOG1P,4,-0.05605,2.808681,1.856372
Ni_num,E4,E4_Min5_Field_Depth_Interactions,PLS,LOG1P,5,0.842075,0.499125,0.40094
Ni_num,E4,E4_Min5_Field_Depth_Interactions,PLS,LOG1P,6,-3.410249,2.416779,1.319326
Ni_num,E4,E4_Min5_Field_Depth_Interactions,PLS,LOG1P,7,0.421565,1.76467,1.239683
Ni_num,E4,E4_Min5_Field_Depth_Interactions,PLS,LOG1P,8,0.163475,2.131151,1.078883
Ni_num,E4,E4_Min5_Field_Depth_Interactions,PLS,LOG1P,9,-3.597312,0.496374,0.465395
Ni_num,E4,E4_Min5_Field_Depth_Interactions,PLS,LOG1P,10,-0.731333,2.721952,1.56146
Ni_num,E4,E4_Min5_Field_Depth_Interactions,PLS,LOG1P,11,0.5567,0.595284,0.543249
Ni_num,E4,E4_Min5_Field_Depth_Interactions,PLS,LOG1P,12,0.515792,1.6308,1.017586
Ni_num,E4,E4_Min5_Field_Depth_Interactions,PLS,LOG1P,13,-0.004665,2.608435,1.566232
Ni_num,E4,E4_Min5_Field_Depth_Interactions,PLS,LOG1P,14,-0.482413,2.6262,1.255295
Ni_num,E4,E4_Min5_Field_Depth_Interactions,PLS,LOG1P,15,-0.236735,0.682003,0.550647
Ni_num,E4,E4_Min5_Field_Depth_Interactions,PLS,LOG1P,16,-0.200013,2.605836,1.322697
Ni_num,E4,E4_Min5_Field_Depth_Interactions,PLS,LOG1P,17,0.687141,0.685617,0.578044
Ni_num,E4,E4_Min5_Field_Depth_Interactions,PLS,LOG1P,18,0.808034,0.597141,0.500546
Ni_num,E4,E4_Min5_Field_Depth_Interactions,PLS,LOG1P,19,0.516727,0.733858,0.536131
Ni_num,E4,E4_Min5_Field_Depth_Interactions,PLS,LOG1P,20,-0.390327,3.388788,2.389796
Ni_num,E4,E4_Min5_Field_Depth_Interactions,PLS,LOG1P,21,0.174677,0.624472,0.518535
Ni_num,E4,E4_Min5_Field_Depth_Interactions,PLS,LOG1P,22,0.468613,1.598221,0.990153
Ni_num,E4,E4_Min5_Field_Depth_Interactions,PLS,LOG1P,23,0.716446,0.701877,0.497171
Ni_num,E4,E4_Min5_Field_Depth_Interactions,PLS,LOG1P,24,-0.057656,2.628398,1.706758
Ni_num,E4,E4_Min5_Field_Depth_Interactions,PLS,LOG1P,25,-0.45457,2.576091,1.223991
Ni_num,E4,E4_Min5_Field_Depth_Interactions,Lasso,RAW,1,-1.663371,1.602001,1.195115
Ni_num,E4,E4_Min5_Field_Depth_Interactions,Lasso,RAW,2,0.374661,1.003344,0.93237
Ni_num,E4,E4_Min5_Field_Depth_Interactions,Lasso,RAW,3,-0.290498,2.569064,1.500302
Ni_num,E4,E4_Min5_Field_Depth_Interactions,Lasso,RAW,4,-0.025377,2.767593,1.894402
Ni_num,E4,E4_Min5_Field_Depth_Interactions,Lasso,RAW,5,0.621458,0.772755,0.657768
Ni_num,E4,E4_Min5_Field_Depth_Interactions,Lasso,RAW,6,-0.661355,1.483327,1.094408
Ni_num,E4,E4_Min5_Field_Depth_Interactions,Lasso,RAW,7,0.411311,1.780242,1.320002
Ni_num,E4,E4_Min5_Field_Depth_Interactions,Lasso,RAW,8,0.24576,2.023624,1.085491
Ni_num,E4,E4_Min5_Field_Depth_Interactions,Lasso,RAW,9,-11.870902,0.830542,0.789191
Ni_num,E4,E4_Min5_Field_Depth_Interactions,Lasso,RAW,10,-0.582502,2.60233,1.655121
Ni_num,E4,E4_Min5_Field_Depth_Interactions,Lasso,RAW,11,-0.066077,0.923144,0.791663
Ni_num,E4,E4_Min5_Field_Depth_Interactions,Lasso,RAW,12,0.507724,1.644332,1.179101
Ni_num,E4,E4_Min5_Field_Depth_Interactions,Lasso,RAW,13,0.383511,2.0433,1.24713
Ni_num,E4,E4_Min5_Field_Depth_Interactions,Lasso,RAW,14,-0.350315,2.50646,1.396257
Ni_num,E4,E4_Min5_Field_Depth_Interactions,Lasso,RAW,15,-0.614679,0.779276,0.639342
Ni_num,E4,E4_Min5_Field_Depth_Interactions,Lasso,RAW,16,-0.072422,2.463412,1.345947
Ni_num,E4,E4_Min5_Field_Depth_Interactions,Lasso,RAW,17,0.462038,0.899048,0.75658
Ni_num,E4,E4_Min5_Field_Depth_Interactions,Lasso,RAW,18,0.629003,0.830136,0.664353
Ni_num,E4,E4_Min5_Field_Depth_Interactions,Lasso,RAW,19,0.361493,0.843526,0.764435
Ni_num,E4,E4_Min5_Field_Depth_Interactions,Lasso,RAW,20,0.141596,2.662759,1.893416
Ni_num,E4,E4_Min5_Field_Depth_Interactions,Lasso,RAW,21,-0.093882,0.718929,0.557707
Ni_num,E4,E4_Min5_Field_Depth_Interactions,Lasso,RAW,22,0.462191,1.60785,1.172162
Ni_num,E4,E4_Min5_Field_Depth_Interactions,Lasso,RAW,23,0.611133,0.821946,0.729393
Ni_num,E4,E4_Min5_Field_Depth_Interactions,Lasso,RAW,24,0.313161,2.1181,1.438269
Ni_num,E4,E4_Min5_Field_Depth_Interactions,Lasso,RAW,25,-0.337533,2.470281,1.361762
Ni_num,E4,E4_Min5_Field_Depth_Interactions,Lasso,LOG1P,1,-0.939863,1.367201,0.919474
Ni_num,E4,E4_Min5_Field_Depth_Interactions,Lasso,LOG1P,2,0.601151,0.801302,0.679647
Ni_num,E4,E4_Min5_Field_Depth_Interactions,Lasso,LOG1P,3,-0.097554,2.369241,1.25619
Ni_num,E4,E4_Min5_Field_Depth_Interactions,Lasso,LOG1P,4,-0.251215,3.057217,2.098838
Ni_num,E4,E4_Min5_Field_Depth_Interactions,Lasso,LOG1P,5,0.738503,0.642271,0.576638
Ni_num,E4,E4_Min5_Field_Depth_Interactions,Lasso,LOG1P,6,0.321903,0.947657,0.893433
Ni_num,E4,E4_Min5_Field_Depth_Interactions,Lasso,LOG1P,7,0.299744,1.941622,1.402355
Ni_num,E4,E4_Min5_Field_Depth_Interactions,Lasso,LOG1P,8,0.05381,2.266544,1.200416
Ni_num,E4,E4_Min5_Field_Depth_Interactions,Lasso,LOG1P,9,-5.541244,0.592089,0.565195
Ni_num,E4,E4_Min5_Field_Depth_Interactions,Lasso,LOG1P,10,-0.463365,2.502456,1.424148
Ni_num,E4,E4_Min5_Field_Depth_Interactions,Lasso,LOG1P,11,0.484921,0.641671,0.543707
Ni_num,E4,E4_Min5_Field_Depth_Interactions,Lasso,LOG1P,12,0.355784,1.881052,1.313711
Ni_num,E4,E4_Min5_Field_Depth_Interactions,Lasso,LOG1P,13,0.250719,2.25264,1.292765
Ni_num,E4,E4_Min5_Field_Depth_Interactions,Lasso,LOG1P,14,-0.303814,2.462924,1.397122
Ni_num,E4,E4_Min5_Field_Depth_Interactions,Lasso,LOG1P,15,-0.121767,0.64953,0.561083
Ni_num,E4,E4_Min5_Field_Depth_Interactions,Lasso,LOG1P,16,-0.009434,2.389974,1.276966
Ni_num,E4,E4_Min5_Field_Depth_Interactions,Lasso,LOG1P,17,0.754541,0.607291,0.524491
Ni_num,E4,E4_Min5_Field_Depth_Interactions,Lasso,LOG1P,18,0.672311,0.780181,0.699768
Ni_num,E4,E4_Min5_Field_Depth_Interactions,Lasso,LOG1P,19,0.46541,0.771838,0.630026
Ni_num,E4,E4_Min5_Field_Depth_Interactions,Lasso,LOG1P,20,0.028646,2.83253,1.881681
Ni_num,E4,E4_Min5_Field_Depth_Interactions,Lasso,LOG1P,21,0.177134,0.623542,0.540969
Ni_num,E4,E4_Min5_Field_Depth_Interactions,Lasso,LOG1P,22,0.370806,1.739096,1.180267
Ni_num,E4,E4_Min5_Field_Depth_Interactions,Lasso,LOG1P,23,0.666554,0.761125,0.637882
Ni_num,E4,E4_Min5_Field_Depth_Interactions,Lasso,LOG1P,24,0.152549,2.352752,1.422064
Ni_num,E4,E4_Min5_Field_Depth_Interactions,Lasso,LOG1P,25,-0.220924,2.360143,1.148739
Ni_num,E4,E4_Min5_Field_Depth_Interactions,Ridge,RAW,1,-2.664201,1.879043,1.333707
Ni_num,E4,E4_Min5_Field_Depth_Interactions,Ridge,RAW,2,0.020003,1.256042,1.17672
Ni_num,E4,E4_Min5_Field_Depth_Interactions,Ridge,RAW,3,-0.513097,2.781824,1.732214
Ni_num,E4,E4_Min5_Field_Depth_Interactions,Ridge,RAW,4,0.021688,2.70333,1.922349
Ni_num,E4,E4_Min5_Field_Depth_Interactions,Ridge,RAW,5,0.677413,0.713359,0.589386
Ni_num,E4,E4_Min5_Field_Depth_Interactions,Ridge,RAW,6,-1.128272,1.678878,1.114304
Ni_num,E4,E4_Min5_Field_Depth_Interactions,Ridge,RAW,7,0.429616,1.752346,1.326749
Ni_num,E4,E4_Min5_Field_Depth_Interactions,Ridge,RAW,8,0.224685,2.051701,1.198518
Ni_num,E4,E4_Min5_Field_Depth_Interactions,Ridge,RAW,9,-11.09142,0.805,0.665333
Ni_num,E4,E4_Min5_Field_Depth_Interactions,Ridge,RAW,10,-0.669566,2.672957,1.687042
Ni_num,E4,E4_Min5_Field_Depth_Interactions,Ridge,RAW,11,-0.574132,1.121749,0.954724
Ni_num,E4,E4_Min5_Field_Depth_Interactions,Ridge,RAW,12,0.53446,1.599055,1.101268
Ni_num,E4,E4_Min5_Field_Depth_Interactions,Ridge,RAW,13,0.37437,2.058393,1.205279
Ni_num,E4,E4_Min5_Field_Depth_Interactions,Ridge,RAW,14,-0.41668,2.567314,1.405253
Ni_num,E4,E4_Min5_Field_Depth_Interactions,Ridge,RAW,15,-0.951628,0.856735,0.714223
Ni_num,E4,E4_Min5_Field_Depth_Interactions,Ridge,RAW,16,-0.164624,2.567125,1.353762
Ni_num,E4,E4_Min5_Field_Depth_Interactions,Ridge,RAW,17,0.391281,0.956347,0.806001
Ni_num,E4,E4_Min5_Field_Depth_Interactions,Ridge,RAW,18,0.341687,1.10581,0.868838
Ni_num,E4,E4_Min5_Field_Depth_Interactions,Ridge,RAW,19,0.040339,1.034128,0.88606
Ni_num,E4,E4_Min5_Field_Depth_Interactions,Ridge,RAW,20,0.093222,2.736758,2.048243
Ni_num,E4,E4_Min5_Field_Depth_Interactions,Ridge,RAW,21,-0.538,0.85247,0.647265
Ni_num,E4,E4_Min5_Field_Depth_Interactions,Ridge,RAW,22,0.471587,1.593742,1.168337
Ni_num,E4,E4_Min5_Field_Depth_Interactions,Ridge,RAW,23,0.412132,1.010608,0.881627
Ni_num,E4,E4_Min5_Field_Depth_Interactions,Ridge,RAW,24,0.321077,2.105858,1.417988
Ni_num,E4,E4_Min5_Field_Depth_Interactions,Ridge,RAW,25,-0.483831,2.601873,1.48106
Ni_num,E4,E4_Min5_Field_Depth_Interactions,Ridge,LOG1P,1,-6.295708,2.651433,1.470198
Ni_num,E4,E4_Min5_Field_Depth_Interactions,Ridge,LOG1P,2,0.389247,0.991573,0.898444
Ni_num,E4,E4_Min5_Field_Depth_Interactions,Ridge,LOG1P,3,-0.34055,2.618411,1.457149
Ni_num,E4,E4_Min5_Field_Depth_Interactions,Ridge,LOG1P,4,-0.014298,2.7526,1.904025
Ni_num,E4,E4_Min5_Field_Depth_Interactions,Ridge,LOG1P,5,0.856314,0.476093,0.38328
Ni_num,E4,E4_Min5_Field_Depth_Interactions,Ridge,LOG1P,6,-2.420997,2.12854,1.196986
Ni_num,E4,E4_Min5_Field_Depth_Interactions,Ridge,LOG1P,7,0.443871,1.73031,1.20651
Ni_num,E4,E4_Min5_Field_Depth_Interactions,Ridge,LOG1P,8,0.142696,2.157458,1.22016
Ni_num,E4,E4_Min5_Field_Depth_Interactions,Ridge,LOG1P,9,-3.436251,0.487602,0.406886
Ni_num,E4,E4_Min5_Field_Depth_Interactions,Ridge,LOG1P,10,-0.634449,2.644696,1.525689
Ni_num,E4,E4_Min5_Field_Depth_Interactions,Ridge,LOG1P,11,0.076561,0.85917,0.722908
Ni_num,E4,E4_Min5_Field_Depth_Interactions,Ridge,LOG1P,12,0.525203,1.614876,1.014617
Ni_num,E4,E4_Min5_Field_Depth_Interactions,Ridge,LOG1P,13,0.206035,2.318837,1.342691
Ni_num,E4,E4_Min5_Field_Depth_Interactions,Ridge,LOG1P,14,-0.4193,2.569687,1.25188
Ni_num,E4,E4_Min5_Field_Depth_Interactions,Ridge,LOG1P,15,-0.523882,0.757048,0.640507
Ni_num,E4,E4_Min5_Field_Depth_Interactions,Ridge,LOG1P,16,-0.151256,2.55235,1.326886
Ni_num,E4,E4_Min5_Field_Depth_Interactions,Ridge,LOG1P,17,0.634715,0.740838,0.613828
Ni_num,E4,E4_Min5_Field_Depth_Interactions,Ridge,LOG1P,18,0.661834,0.792554,0.645282
Ni_num,E4,E4_Min5_Field_Depth_Interactions,Ridge,LOG1P,19,0.446589,0.785307,0.661889
Ni_num,E4,E4_Min5_Field_Depth_Interactions,Ridge,LOG1P,20,-0.169266,3.107725,2.223063
Ni_num,E4,E4_Min5_Field_Depth_Interactions,Ridge,LOG1P,21,-0.10029,0.721032,0.612349
Ni_num,E4,E4_Min5_Field_Depth_Interactions,Ridge,LOG1P,22,0.486464,1.571147,1.028608
Ni_num,E4,E4_Min5_Field_Depth_Interactions,Ridge,LOG1P,23,0.644529,0.785859,0.64886
Ni_num,E4,E4_Min5_Field_Depth_Interactions,Ridge,LOG1P,24,0.222372,2.253746,1.493169
Ni_num,E4,E4_Min5_Field_Depth_Interactions,Ridge,LOG1P,25,-0.384252,2.513052,1.225144
Ni_num,E4,E4_Min5_Field_Depth_Interactions,ElasticNet,RAW,1,-2.562514,1.852786,1.296109
Ni_num,E4,E4_Min5_Field_Depth_Interactions,ElasticNet,RAW,2,0.294695,1.065566,1.000873
Ni_num,E4,E4_Min5_Field_Depth_Interactions,ElasticNet,RAW,3,-0.355775,2.633237,1.596041
Ni_num,E4,E4_Min5_Field_Depth_Interactions,ElasticNet,RAW,4,-0.021637,2.76254,1.892943
Ni_num,E4,E4_Min5_Field_Depth_Interactions,ElasticNet,RAW,5,0.630563,0.763404,0.644679
Ni_num,E4,E4_Min5_Field_Depth_Interactions,ElasticNet,RAW,6,-1.059641,1.651586,1.148613
Ni_num,E4,E4_Min5_Field_Depth_Interactions,ElasticNet,RAW,7,0.399855,1.797481,1.334172
Ni_num,E4,E4_Min5_Field_Depth_Interactions,ElasticNet,RAW,8,0.239105,2.032531,1.099496
Ni_num,E4,E4_Min5_Field_Depth_Interactions,ElasticNet,RAW,9,-12.274931,0.843477,0.791618
Ni_num,E4,E4_Min5_Field_Depth_Interactions,ElasticNet,RAW,10,-0.598983,2.615845,1.650281
Ni_num,E4,E4_Min5_Field_Depth_Interactions,ElasticNet,RAW,11,-0.076444,0.927622,0.781587
Ni_num,E4,E4_Min5_Field_Depth_Interactions,ElasticNet,RAW,12,0.501745,1.654287,1.176931
Ni_num,E4,E4_Min5_Field_Depth_Interactions,ElasticNet,RAW,13,0.355395,2.089375,1.30255
Ni_num,E4,E4_Min5_Field_Depth_Interactions,ElasticNet,RAW,14,-0.366986,2.521884,1.389475
Ni_num,E4,E4_Min5_Field_Depth_Interactions,ElasticNet,RAW,15,-0.620185,0.780603,0.645125
Ni_num,E4,E4_Min5_Field_Depth_Interactions,ElasticNet,RAW,16,-0.107656,2.503553,1.346701
Ni_num,E4,E4_Min5_Field_Depth_Interactions,ElasticNet,RAW,17,0.465863,0.895846,0.752697
Ni_num,E4,E4_Min5_Field_Depth_Interactions,ElasticNet,RAW,18,0.589206,0.873527,0.693275
Ni_num,E4,E4_Min5_Field_Depth_Interactions,ElasticNet,RAW,19,0.289869,0.88958,0.804326
Ni_num,E4,E4_Min5_Field_Depth_Interactions,ElasticNet,RAW,20,0.09388,2.735766,1.978382
Ni_num,E4,E4_Min5_Field_Depth_Interactions,ElasticNet,RAW,21,-0.099159,0.720661,0.561127
Ni_num,E4,E4_Min5_Field_Depth_Interactions,ElasticNet,RAW,22,0.454377,1.619488,1.174498
Ni_num,E4,E4_Min5_Field_Depth_Interactions,ElasticNet,RAW,23,0.57833,0.855912,0.759076
Ni_num,E4,E4_Min5_Field_Depth_Interactions,ElasticNet,RAW,24,0.304095,2.132033,1.458718
Ni_num,E4,E4_Min5_Field_Depth_Interactions,ElasticNet,RAW,25,-0.386935,2.515487,1.398889
Ni_num,E4,E4_Min5_Field_Depth_Interactions,ElasticNet,LOG1P,1,-3.340146,2.045027,1.179403
Ni_num,E4,E4_Min5_Field_Depth_Interactions,ElasticNet,LOG1P,2,0.608416,0.793971,0.627253
Ni_num,E4,E4_Min5_Field_Depth_Interactions,ElasticNet,LOG1P,3,-0.130406,2.404438,1.235076
Ni_num,E4,E4_Min5_Field_Depth_Interactions,ElasticNet,LOG1P,4,-0.145323,2.924989,1.955128
Ni_num,E4,E4_Min5_Field_Depth_Interactions,ElasticNet,LOG1P,5,0.803941,0.556132,0.469552
Ni_num,E4,E4_Min5_Field_Depth_Interactions,ElasticNet,LOG1P,6,-0.763736,1.528348,1.079852
Ni_num,E4,E4_Min5_Field_Depth_Interactions,ElasticNet,LOG1P,7,0.355328,1.862969,1.329433
Ni_num,E4,E4_Min5_Field_Depth_Interactions,ElasticNet,LOG1P,8,0.114151,2.193081,1.12627
Ni_num,E4,E4_Min5_Field_Depth_Interactions,ElasticNet,LOG1P,9,-4.283085,0.532109,0.498397
Ni_num,E4,E4_Min5_Field_Depth_Interactions,ElasticNet,LOG1P,10,-0.497266,2.531277,1.424703
Ni_num,E4,E4_Min5_Field_Depth_Interactions,ElasticNet,LOG1P,11,0.455508,0.659737,0.58148
Ni_num,E4,E4_Min5_Field_Depth_Interactions,ElasticNet,LOG1P,12,0.44241,1.750018,1.180699
Ni_num,E4,E4_Min5_Field_Depth_Interactions,ElasticNet,LOG1P,13,0.268879,2.225175,1.35589
Ni_num,E4,E4_Min5_Field_Depth_Interactions,ElasticNet,LOG1P,14,-0.314815,2.473292,1.350822
Ni_num,E4,E4_Min5_Field_Depth_Interactions,ElasticNet,LOG1P,15,-0.199827,0.67175,0.552936
Ni_num,E4,E4_Min5_Field_Depth_Interactions,ElasticNet,LOG1P,16,-0.024319,2.407531,1.25538
Ni_num,E4,E4_Min5_Field_Depth_Interactions,ElasticNet,LOG1P,17,0.769428,0.588587,0.480733
Ni_num,E4,E4_Min5_Field_Depth_Interactions,ElasticNet,LOG1P,18,0.744297,0.689179,0.600578
Ni_num,E4,E4_Min5_Field_Depth_Interactions,ElasticNet,LOG1P,19,0.497317,0.74845,0.592077
Ni_num,E4,E4_Min5_Field_Depth_Interactions,ElasticNet,LOG1P,20,-0.035125,2.924033,2.073084
Ni_num,E4,E4_Min5_Field_Depth_Interactions,ElasticNet,LOG1P,21,0.159743,0.630096,0.522687
Ni_num,E4,E4_Min5_Field_Depth_Interactions,ElasticNet,LOG1P,22,0.429891,1.655428,1.110364
Ni_num,E4,E4_Min5_Field_Depth_Interactions,ElasticNet,LOG1P,23,0.701365,0.720299,0.551201
Ni_num,E4,E4_Min5_Field_Depth_Interactions,ElasticNet,LOG1P,24,0.228557,2.244765,1.412961
Ni_num,E4,E4_Min5_Field_Depth_Interactions,ElasticNet,LOG1P,25,-0.238443,2.377015,1.13314
Ni_num,E5,E5_Full_Parsimonious_Easy_Panel,SVR_RBF,RAW,1,0.221064,0.866359,0.750124
Ni_num,E5,E5_Full_Parsimonious_Easy_Panel,SVR_RBF,RAW,2,0.267176,1.086155,0.907182
Ni_num,E5,E5_Full_Parsimonious_Easy_Panel,SVR_RBF,RAW,3,-0.288047,2.566624,1.46005
Ni_num,E5,E5_Full_Parsimonious_Easy_Panel,SVR_RBF,RAW,4,0.07412,2.629891,1.82229
Ni_num,E5,E5_Full_Parsimonious_Easy_Panel,SVR_RBF,RAW,5,0.891318,0.41406,0.348262
Ni_num,E5,E5_Full_Parsimonious_Easy_Panel,SVR_RBF,RAW,6,0.775476,0.545302,0.470163
Ni_num,E5,E5_Full_Parsimonious_Easy_Panel,SVR_RBF,RAW,7,0.411786,1.779525,1.356926
Ni_num,E5,E5_Full_Parsimonious_Easy_Panel,SVR_RBF,RAW,8,0.236333,2.036231,1.067406
Ni_num,E5,E5_Full_Parsimonious_Easy_Panel,SVR_RBF,RAW,9,-3.257099,0.477655,0.34169
Ni_num,E5,E5_Full_Parsimonious_Easy_Panel,SVR_RBF,RAW,10,-0.703473,2.699963,1.722112
Ni_num,E5,E5_Full_Parsimonious_Easy_Panel,SVR_RBF,RAW,11,0.553726,0.597278,0.462127
Ni_num,E5,E5_Full_Parsimonious_Easy_Panel,SVR_RBF,RAW,12,0.537498,1.59383,0.902165
Ni_num,E5,E5_Full_Parsimonious_Easy_Panel,SVR_RBF,RAW,13,0.390941,2.030949,1.429536
Ni_num,E5,E5_Full_Parsimonious_Easy_Panel,SVR_RBF,RAW,14,-0.388966,2.542079,1.555014
Ni_num,E5,E5_Full_Parsimonious_Easy_Panel,SVR_RBF,RAW,15,-0.57966,0.770779,0.622556
Ni_num,E5,E5_Full_Parsimonious_Easy_Panel,SVR_RBF,RAW,16,-0.152161,2.553353,1.189583
Ni_num,E5,E5_Full_Parsimonious_Easy_Panel,SVR_RBF,RAW,17,0.704524,0.666298,0.568068
Ni_num,E5,E5_Full_Parsimonious_Easy_Panel,SVR_RBF,RAW,18,0.705996,0.738994,0.646802
Ni_num,E5,E5_Full_Parsimonious_Easy_Panel,SVR_RBF,RAW,19,0.099826,1.001565,0.700521
Ni_num,E5,E5_Full_Parsimonious_Easy_Panel,SVR_RBF,RAW,20,0.236637,2.511027,1.698703
Ni_num,E5,E5_Full_Parsimonious_Easy_Panel,SVR_RBF,RAW,21,-0.665271,0.88704,0.763783
Ni_num,E5,E5_Full_Parsimonious_Easy_Panel,SVR_RBF,RAW,22,0.480008,1.580992,0.993824
Ni_num,E5,E5_Full_Parsimonious_Easy_Panel,SVR_RBF,RAW,23,0.461001,0.967691,0.661938
Ni_num,E5,E5_Full_Parsimonious_Easy_Panel,SVR_RBF,RAW,24,0.127005,2.387947,1.554515
Ni_num,E5,E5_Full_Parsimonious_Easy_Panel,SVR_RBF,RAW,25,-0.40625,2.532942,1.098655
Ni_num,E5,E5_Full_Parsimonious_Easy_Panel,SVR_RBF,LOG1P,1,0.123983,0.918762,0.784266
Ni_num,E5,E5_Full_Parsimonious_Easy_Panel,SVR_RBF,LOG1P,2,0.314886,1.050203,0.818567
Ni_num,E5,E5_Full_Parsimonious_Easy_Panel,SVR_RBF,LOG1P,3,-0.40491,2.680529,1.534531
Ni_num,E5,E5_Full_Parsimonious_Easy_Panel,SVR_RBF,LOG1P,4,0.030687,2.690867,1.856754
Ni_num,E5,E5_Full_Parsimonious_Easy_Panel,SVR_RBF,LOG1P,5,0.838675,0.50447,0.409535
Ni_num,E5,E5_Full_Parsimonious_Easy_Panel,SVR_RBF,LOG1P,6,0.724086,0.604494,0.490246
Ni_num,E5,E5_Full_Parsimonious_Easy_Panel,SVR_RBF,LOG1P,7,0.37403,1.835747,1.405049
Ni_num,E5,E5_Full_Parsimonious_Easy_Panel,SVR_RBF,LOG1P,8,0.239935,2.031423,1.118168
Ni_num,E5,E5_Full_Parsimonious_Easy_Panel,SVR_RBF,LOG1P,9,-3.044002,0.465546,0.331421
Ni_num,E5,E5_Full_Parsimonious_Easy_Panel,SVR_RBF,LOG1P,10,-0.810884,2.783784,1.816277
Ni_num,E5,E5_Full_Parsimonious_Easy_Panel,SVR_RBF,LOG1P,11,0.530937,0.612338,0.539442
Ni_num,E5,E5_Full_Parsimonious_Easy_Panel,SVR_RBF,LOG1P,12,0.535878,1.596617,0.809132
Ni_num,E5,E5_Full_Parsimonious_Easy_Panel,SVR_RBF,LOG1P,13,0.318352,2.14857,1.511227
Ni_num,E5,E5_Full_Parsimonious_Easy_Panel,SVR_RBF,LOG1P,14,-0.509336,2.649941,1.472489
Ni_num,E5,E5_Full_Parsimonious_Easy_Panel,SVR_RBF,LOG1P,15,-0.511296,0.753916,0.611108
Ni_num,E5,E5_Full_Parsimonious_Easy_Panel,SVR_RBF,LOG1P,16,-0.225114,2.632949,1.217668
Ni_num,E5,E5_Full_Parsimonious_Easy_Panel,SVR_RBF,LOG1P,17,0.731022,0.63572,0.502203
Ni_num,E5,E5_Full_Parsimonious_Easy_Panel,SVR_RBF,LOG1P,18,0.724402,0.715489,0.625228
Ni_num,E5,E5_Full_Parsimonious_Easy_Panel,SVR_RBF,LOG1P,19,0.139639,0.979165,0.7287
Ni_num,E5,E5_Full_Parsimonious_Easy_Panel,SVR_RBF,LOG1P,20,0.186715,2.591835,1.754775
Ni_num,E5,E5_Full_Parsimonious_Easy_Panel,SVR_RBF,LOG1P,21,-0.413271,0.817172,0.70357
Ni_num,E5,E5_Full_Parsimonious_Easy_Panel,SVR_RBF,LOG1P,22,0.424768,1.66285,0.994487
Ni_num,E5,E5_Full_Parsimonious_Easy_Panel,SVR_RBF,LOG1P,23,0.492051,0.939405,0.656023
Ni_num,E5,E5_Full_Parsimonious_Easy_Panel,SVR_RBF,LOG1P,24,0.150436,2.355683,1.588119
Ni_num,E5,E5_Full_Parsimonious_Easy_Panel,SVR_RBF,LOG1P,25,-0.493754,2.610559,1.275483
Ni_num,E5,E5_Full_Parsimonious_Easy_Panel,PLS,RAW,1,-3.087423,1.984594,1.307567
Ni_num,E5,E5_Full_Parsimonious_Easy_Panel,PLS,RAW,2,0.259778,1.091624,1.038116
Ni_num,E5,E5_Full_Parsimonious_Easy_Panel,PLS,RAW,3,-0.584277,2.846504,1.799239
Ni_num,E5,E5_Full_Parsimonious_Easy_Panel,PLS,RAW,4,0.017382,2.709272,1.833483
Ni_num,E5,E5_Full_Parsimonious_Easy_Panel,PLS,RAW,5,0.565652,0.827758,0.683608
Ni_num,E5,E5_Full_Parsimonious_Easy_Panel,PLS,RAW,6,-1.119987,1.675607,1.170067
Ni_num,E5,E5_Full_Parsimonious_Easy_Panel,PLS,RAW,7,0.423445,1.7618,1.267044
Ni_num,E5,E5_Full_Parsimonious_Easy_Panel,PLS,RAW,8,0.266755,1.99526,1.079284
Ni_num,E5,E5_Full_Parsimonious_Easy_Panel,PLS,RAW,9,-13.596975,0.884481,0.799385
Ni_num,E5,E5_Full_Parsimonious_Easy_Panel,PLS,RAW,10,-0.842984,2.808349,1.70635
Ni_num,E5,E5_Full_Parsimonious_Easy_Panel,PLS,RAW,11,0.0454,0.873546,0.747525
Ni_num,E5,E5_Full_Parsimonious_Easy_Panel,PLS,RAW,12,0.516164,1.630174,1.159211
Ni_num,E5,E5_Full_Parsimonious_Easy_Panel,PLS,RAW,13,0.327017,2.134871,1.383199
Ni_num,E5,E5_Full_Parsimonious_Easy_Panel,PLS,RAW,14,-0.513151,2.653287,1.467042
Ni_num,E5,E5_Full_Parsimonious_Easy_Panel,PLS,RAW,15,-1.083432,0.885193,0.716884
Ni_num,E5,E5_Full_Parsimonious_Easy_Panel,PLS,RAW,16,-0.248762,2.65824,1.436606
Ni_num,E5,E5_Full_Parsimonious_Easy_Panel,PLS,RAW,17,0.295865,1.028573,0.866808
Ni_num,E5,E5_Full_Parsimonious_Easy_Panel,PLS,RAW,18,0.728431,0.710239,0.556418
Ni_num,E5,E5_Full_Parsimonious_Easy_Panel,PLS,RAW,19,0.302926,0.881364,0.762403
Ni_num,E5,E5_Full_Parsimonious_Easy_Panel,PLS,RAW,20,0.079701,2.757086,2.042668
Ni_num,E5,E5_Full_Parsimonious_Easy_Panel,PLS,RAW,21,-0.110324,0.724312,0.508943
Ni_num,E5,E5_Full_Parsimonious_Easy_Panel,PLS,RAW,22,0.452134,1.622814,1.207644
Ni_num,E5,E5_Full_Parsimonious_Easy_Panel,PLS,RAW,23,0.633351,0.79812,0.705958
Ni_num,E5,E5_Full_Parsimonious_Easy_Panel,PLS,RAW,24,0.279899,2.16878,1.522152
Ni_num,E5,E5_Full_Parsimonious_Easy_Panel,PLS,RAW,25,-0.619977,2.718619,1.611628
Ni_num,E5,E5_Full_Parsimonious_Easy_Panel,PLS,LOG1P,1,-7.655327,2.887944,1.507256
Ni_num,E5,E5_Full_Parsimonious_Easy_Panel,PLS,LOG1P,2,0.487731,0.908115,0.809754
Ni_num,E5,E5_Full_Parsimonious_Easy_Panel,PLS,LOG1P,3,-0.364956,2.642139,1.489503
Ni_num,E5,E5_Full_Parsimonious_Easy_Panel,PLS,LOG1P,4,-0.035569,2.781313,1.850776
Ni_num,E5,E5_Full_Parsimonious_Easy_Panel,PLS,LOG1P,5,0.811914,0.544706,0.425723
Ni_num,E5,E5_Full_Parsimonious_Easy_Panel,PLS,LOG1P,6,-1.664946,1.878667,1.126218
Ni_num,E5,E5_Full_Parsimonious_Easy_Panel,PLS,LOG1P,7,0.39987,1.797459,1.278695
Ni_num,E5,E5_Full_Parsimonious_Easy_Panel,PLS,LOG1P,8,0.197291,2.087633,1.077251
Ni_num,E5,E5_Full_Parsimonious_Easy_Panel,PLS,LOG1P,9,-4.340877,0.535012,0.477588
Ni_num,E5,E5_Full_Parsimonious_Easy_Panel,PLS,LOG1P,10,-0.701949,2.698755,1.55087
Ni_num,E5,E5_Full_Parsimonious_Easy_Panel,PLS,LOG1P,11,0.530661,0.612517,0.534411
Ni_num,E5,E5_Full_Parsimonious_Easy_Panel,PLS,LOG1P,12,0.511212,1.638495,1.04797
Ni_num,E5,E5_Full_Parsimonious_Easy_Panel,PLS,LOG1P,13,0.190098,2.341994,1.426949
Ni_num,E5,E5_Full_Parsimonious_Easy_Panel,PLS,LOG1P,14,-0.431905,2.581073,1.23716
Ni_num,E5,E5_Full_Parsimonious_Easy_Panel,PLS,LOG1P,15,-0.584565,0.771975,0.629024
Ni_num,E5,E5_Full_Parsimonious_Easy_Panel,PLS,LOG1P,16,-0.156229,2.557856,1.261343
Ni_num,E5,E5_Full_Parsimonious_Easy_Panel,PLS,LOG1P,17,0.657184,0.717691,0.59344
Ni_num,E5,E5_Full_Parsimonious_Easy_Panel,PLS,LOG1P,18,0.837567,0.54929,0.438686
Ni_num,E5,E5_Full_Parsimonious_Easy_Panel,PLS,LOG1P,19,0.524783,0.727716,0.5797
Ni_num,E5,E5_Full_Parsimonious_Easy_Panel,PLS,LOG1P,20,-0.142308,3.071691,2.212731
Ni_num,E5,E5_Full_Parsimonious_Easy_Panel,PLS,LOG1P,21,0.100853,0.651803,0.508362
Ni_num,E5,E5_Full_Parsimonious_Easy_Panel,PLS,LOG1P,22,0.471733,1.593522,1.053656
Ni_num,E5,E5_Full_Parsimonious_Easy_Panel,PLS,LOG1P,23,0.724887,0.691351,0.530046
Ni_num,E5,E5_Full_Parsimonious_Easy_Panel,PLS,LOG1P,24,0.168032,2.331161,1.559756
Ni_num,E5,E5_Full_Parsimonious_Easy_Panel,PLS,LOG1P,25,-0.434995,2.558699,1.321709
Ni_num,E5,E5_Full_Parsimonious_Easy_Panel,Lasso,RAW,1,-1.663371,1.602001,1.195115
Ni_num,E5,E5_Full_Parsimonious_Easy_Panel,Lasso,RAW,2,0.374661,1.003344,0.93237
Ni_num,E5,E5_Full_Parsimonious_Easy_Panel,Lasso,RAW,3,-0.323941,2.60214,1.546198
Ni_num,E5,E5_Full_Parsimonious_Easy_Panel,Lasso,RAW,4,-0.025377,2.767593,1.894402
Ni_num,E5,E5_Full_Parsimonious_Easy_Panel,Lasso,RAW,5,0.620676,0.773553,0.657417
Ni_num,E5,E5_Full_Parsimonious_Easy_Panel,Lasso,RAW,6,-0.661355,1.483327,1.094408
Ni_num,E5,E5_Full_Parsimonious_Easy_Panel,Lasso,RAW,7,0.411311,1.780242,1.320002
Ni_num,E5,E5_Full_Parsimonious_Easy_Panel,Lasso,RAW,8,0.24576,2.023624,1.085491
Ni_num,E5,E5_Full_Parsimonious_Easy_Panel,Lasso,RAW,9,-11.857945,0.830124,0.787045
Ni_num,E5,E5_Full_Parsimonious_Easy_Panel,Lasso,RAW,10,-0.601239,2.61769,1.674479
Ni_num,E5,E5_Full_Parsimonious_Easy_Panel,Lasso,RAW,11,-0.065859,0.92305,0.791785
Ni_num,E5,E5_Full_Parsimonious_Easy_Panel,Lasso,RAW,12,0.509108,1.642018,1.176804
Ni_num,E5,E5_Full_Parsimonious_Easy_Panel,Lasso,RAW,13,0.383511,2.0433,1.24713
Ni_num,E5,E5_Full_Parsimonious_Easy_Panel,Lasso,RAW,14,-0.353288,2.509217,1.39979
Ni_num,E5,E5_Full_Parsimonious_Easy_Panel,Lasso,RAW,15,-0.709116,0.801741,0.644881
Ni_num,E5,E5_Full_Parsimonious_Easy_Panel,Lasso,RAW,16,-0.075052,2.466432,1.350573
Ni_num,E5,E5_Full_Parsimonious_Easy_Panel,Lasso,RAW,17,0.454944,0.904956,0.760774
Ni_num,E5,E5_Full_Parsimonious_Easy_Panel,Lasso,RAW,18,0.629003,0.830136,0.664353
Ni_num,E5,E5_Full_Parsimonious_Easy_Panel,Lasso,RAW,19,0.361493,0.843526,0.764435
Ni_num,E5,E5_Full_Parsimonious_Easy_Panel,Lasso,RAW,20,0.141596,2.662759,1.893416
Ni_num,E5,E5_Full_Parsimonious_Easy_Panel,Lasso,RAW,21,-0.093882,0.718929,0.557707
Ni_num,E5,E5_Full_Parsimonious_Easy_Panel,Lasso,RAW,22,0.454861,1.618769,1.198922
Ni_num,E5,E5_Full_Parsimonious_Easy_Panel,Lasso,RAW,23,0.611133,0.821946,0.729393
Ni_num,E5,E5_Full_Parsimonious_Easy_Panel,Lasso,RAW,24,0.313161,2.1181,1.438269
Ni_num,E5,E5_Full_Parsimonious_Easy_Panel,Lasso,RAW,25,-0.357426,2.488582,1.39822
Ni_num,E5,E5_Full_Parsimonious_Easy_Panel,Lasso,LOG1P,1,-0.939863,1.367201,0.919474
Ni_num,E5,E5_Full_Parsimonious_Easy_Panel,Lasso,LOG1P,2,0.601151,0.801302,0.679647
Ni_num,E5,E5_Full_Parsimonious_Easy_Panel,Lasso,LOG1P,3,-0.108563,2.381094,1.266436
Ni_num,E5,E5_Full_Parsimonious_Easy_Panel,Lasso,LOG1P,4,-0.251215,3.057217,2.098838
Ni_num,E5,E5_Full_Parsimonious_Easy_Panel,Lasso,LOG1P,5,0.716107,0.669209,0.592015
Ni_num,E5,E5_Full_Parsimonious_Easy_Panel,Lasso,LOG1P,6,0.32928,0.942489,0.891514
Ni_num,E5,E5_Full_Parsimonious_Easy_Panel,Lasso,LOG1P,7,0.299744,1.941622,1.402355
Ni_num,E5,E5_Full_Parsimonious_Easy_Panel,Lasso,LOG1P,8,0.05381,2.266544,1.200416
Ni_num,E5,E5_Full_Parsimonious_Easy_Panel,Lasso,LOG1P,9,-5.854679,0.606109,0.574505
Ni_num,E5,E5_Full_Parsimonious_Easy_Panel,Lasso,LOG1P,10,-0.472047,2.509868,1.427034
Ni_num,E5,E5_Full_Parsimonious_Easy_Panel,Lasso,LOG1P,11,0.484921,0.641671,0.543707
Ni_num,E5,E5_Full_Parsimonious_Easy_Panel,Lasso,LOG1P,12,0.357282,1.878864,1.312982
Ni_num,E5,E5_Full_Parsimonious_Easy_Panel,Lasso,LOG1P,13,0.250719,2.25264,1.292765
Ni_num,E5,E5_Full_Parsimonious_Easy_Panel,Lasso,LOG1P,14,-0.303814,2.462924,1.397122
Ni_num,E5,E5_Full_Parsimonious_Easy_Panel,Lasso,LOG1P,15,-0.296375,0.698254,0.596513
Ni_num,E5,E5_Full_Parsimonious_Easy_Panel,Lasso,LOG1P,16,-0.016604,2.398448,1.291784
Ni_num,E5,E5_Full_Parsimonious_Easy_Panel,Lasso,LOG1P,17,0.748871,0.614264,0.533117
Ni_num,E5,E5_Full_Parsimonious_Easy_Panel,Lasso,LOG1P,18,0.672311,0.780181,0.699768
Ni_num,E5,E5_Full_Parsimonious_Easy_Panel,Lasso,LOG1P,19,0.46541,0.771838,0.630026
Ni_num,E5,E5_Full_Parsimonious_Easy_Panel,Lasso,LOG1P,20,0.028646,2.83253,1.881681
Ni_num,E5,E5_Full_Parsimonious_Easy_Panel,Lasso,LOG1P,21,0.177134,0.623542,0.540969
Ni_num,E5,E5_Full_Parsimonious_Easy_Panel,Lasso,LOG1P,22,0.363299,1.74944,1.229384
Ni_num,E5,E5_Full_Parsimonious_Easy_Panel,Lasso,LOG1P,23,0.666554,0.761125,0.637882
Ni_num,E5,E5_Full_Parsimonious_Easy_Panel,Lasso,LOG1P,24,0.152549,2.352752,1.422064
Ni_num,E5,E5_Full_Parsimonious_Easy_Panel,Lasso,LOG1P,25,-0.230636,2.369511,1.16985
Ni_num,E5,E5_Full_Parsimonious_Easy_Panel,Ridge,RAW,1,-2.693587,1.886562,1.337917
Ni_num,E5,E5_Full_Parsimonious_Easy_Panel,Ridge,RAW,2,-0.074145,1.314993,1.202803
Ni_num,E5,E5_Full_Parsimonious_Easy_Panel,Ridge,RAW,3,-0.566804,2.830764,1.799807
Ni_num,E5,E5_Full_Parsimonious_Easy_Panel,Ridge,RAW,4,0.018972,2.70708,1.921226
Ni_num,E5,E5_Full_Parsimonious_Easy_Panel,Ridge,RAW,5,0.621691,0.772517,0.660873
Ni_num,E5,E5_Full_Parsimonious_Easy_Panel,Ridge,RAW,6,-1.061437,1.652306,1.10834
Ni_num,E5,E5_Full_Parsimonious_Easy_Panel,Ridge,RAW,7,0.42517,1.759162,1.342983
Ni_num,E5,E5_Full_Parsimonious_Easy_Panel,Ridge,RAW,8,0.216659,2.062293,1.199366
Ni_num,E5,E5_Full_Parsimonious_Easy_Panel,Ridge,RAW,9,-13.04292,0.867533,0.723681
Ni_num,E5,E5_Full_Parsimonious_Easy_Panel,Ridge,RAW,10,-0.695822,2.693893,1.752556
Ni_num,E5,E5_Full_Parsimonious_Easy_Panel,Ridge,RAW,11,-0.552507,1.114018,0.944406
Ni_num,E5,E5_Full_Parsimonious_Easy_Panel,Ridge,RAW,12,0.528293,1.609612,1.119211
Ni_num,E5,E5_Full_Parsimonious_Easy_Panel,Ridge,RAW,13,0.354022,2.091598,1.214244
Ni_num,E5,E5_Full_Parsimonious_Easy_Panel,Ridge,RAW,14,-0.423248,2.573259,1.449235
Ni_num,E5,E5_Full_Parsimonious_Easy_Panel,Ridge,RAW,15,-1.7097,1.009505,0.834072
Ni_num,E5,E5_Full_Parsimonious_Easy_Panel,Ridge,RAW,16,-0.16709,2.569842,1.38484
Ni_num,E5,E5_Full_Parsimonious_Easy_Panel,Ridge,RAW,17,0.320477,1.010437,0.854652
Ni_num,E5,E5_Full_Parsimonious_Easy_Panel,Ridge,RAW,18,0.327278,1.117847,0.872337
Ni_num,E5,E5_Full_Parsimonious_Easy_Panel,Ridge,RAW,19,-0.056001,1.084796,0.918713
Ni_num,E5,E5_Full_Parsimonious_Easy_Panel,Ridge,RAW,20,0.07702,2.761099,2.060622
Ni_num,E5,E5_Full_Parsimonious_Easy_Panel,Ridge,RAW,21,-0.59434,0.867943,0.647617
Ni_num,E5,E5_Full_Parsimonious_Easy_Panel,Ridge,RAW,22,0.445135,1.633146,1.250399
Ni_num,E5,E5_Full_Parsimonious_Easy_Panel,Ridge,RAW,23,0.420798,1.003132,0.867819
Ni_num,E5,E5_Full_Parsimonious_Easy_Panel,Ridge,RAW,24,0.301128,2.136572,1.457995
Ni_num,E5,E5_Full_Parsimonious_Easy_Panel,Ridge,RAW,25,-0.520712,2.63401,1.581184
Ni_num,E5,E5_Full_Parsimonious_Easy_Panel,Ridge,LOG1P,1,-6.120616,2.619424,1.458109
Ni_num,E5,E5_Full_Parsimonious_Easy_Panel,Ridge,LOG1P,2,0.335614,1.034194,0.926206
Ni_num,E5,E5_Full_Parsimonious_Easy_Panel,Ridge,LOG1P,3,-0.377377,2.654133,1.507415
Ni_num,E5,E5_Full_Parsimonious_Easy_Panel,Ridge,LOG1P,4,-0.007553,2.743433,1.903261
Ni_num,E5,E5_Full_Parsimonious_Easy_Panel,Ridge,LOG1P,5,0.810699,0.546463,0.463595
Ni_num,E5,E5_Full_Parsimonious_Easy_Panel,Ridge,LOG1P,6,-1.610066,1.859222,1.103905
Ni_num,E5,E5_Full_Parsimonious_Easy_Panel,Ridge,LOG1P,7,0.430766,1.750578,1.236306
Ni_num,E5,E5_Full_Parsimonious_Easy_Panel,Ridge,LOG1P,8,0.15765,2.138559,1.209715
Ni_num,E5,E5_Full_Parsimonious_Easy_Panel,Ridge,LOG1P,9,-4.766975,0.555944,0.466135
Ni_num,E5,E5_Full_Parsimonious_Easy_Panel,Ridge,LOG1P,10,-0.645306,2.653466,1.540826
Ni_num,E5,E5_Full_Parsimonious_Easy_Panel,Ridge,LOG1P,11,0.1167,0.84029,0.703639
Ni_num,E5,E5_Full_Parsimonious_Easy_Panel,Ridge,LOG1P,12,0.516338,1.629881,1.053193
Ni_num,E5,E5_Full_Parsimonious_Easy_Panel,Ridge,LOG1P,13,0.225077,2.290861,1.331283
Ni_num,E5,E5_Full_Parsimonious_Easy_Panel,Ridge,LOG1P,14,-0.411697,2.562796,1.244995
Ni_num,E5,E5_Full_Parsimonious_Easy_Panel,Ridge,LOG1P,15,-1.027833,0.873301,0.727195
Ni_num,E5,E5_Full_Parsimonious_Easy_Panel,Ridge,LOG1P,16,-0.135965,2.535343,1.270409
Ni_num,E5,E5_Full_Parsimonious_Easy_Panel,Ridge,LOG1P,17,0.631193,0.744401,0.623933
Ni_num,E5,E5_Full_Parsimonious_Easy_Panel,Ridge,LOG1P,18,0.67126,0.781432,0.642168
Ni_num,E5,E5_Full_Parsimonious_Easy_Panel,Ridge,LOG1P,19,0.420199,0.803813,0.689382
Ni_num,E5,E5_Full_Parsimonious_Easy_Panel,Ridge,LOG1P,20,-0.081814,2.989249,2.150331
Ni_num,E5,E5_Full_Parsimonious_Easy_Panel,Ridge,LOG1P,21,-0.139811,0.733867,0.600816
Ni_num,E5,E5_Full_Parsimonious_Easy_Panel,Ridge,LOG1P,22,0.46896,1.5977,1.122076
Ni_num,E5,E5_Full_Parsimonious_Easy_Panel,Ridge,LOG1P,23,0.654995,0.774204,0.636251
Ni_num,E5,E5_Full_Parsimonious_Easy_Panel,Ridge,LOG1P,24,0.226908,2.247162,1.487959
Ni_num,E5,E5_Full_Parsimonious_Easy_Panel,Ridge,LOG1P,25,-0.403796,2.530731,1.307137
Ni_num,E5,E5_Full_Parsimonious_Easy_Panel,ElasticNet,RAW,1,-2.481795,1.831676,1.284954
Ni_num,E5,E5_Full_Parsimonious_Easy_Panel,ElasticNet,RAW,2,0.245877,1.101826,1.049944
Ni_num,E5,E5_Full_Parsimonious_Easy_Panel,ElasticNet,RAW,3,-0.421138,2.695966,1.672788
Ni_num,E5,E5_Full_Parsimonious_Easy_Panel,ElasticNet,RAW,4,-0.021637,2.76254,1.892943
Ni_num,E5,E5_Full_Parsimonious_Easy_Panel,ElasticNet,RAW,5,0.592007,0.802252,0.653921
Ni_num,E5,E5_Full_Parsimonious_Easy_Panel,ElasticNet,RAW,6,-0.958806,1.61065,1.140655
Ni_num,E5,E5_Full_Parsimonious_Easy_Panel,ElasticNet,RAW,7,0.396323,1.802762,1.345165
Ni_num,E5,E5_Full_Parsimonious_Easy_Panel,ElasticNet,RAW,8,0.239105,2.032531,1.099496
Ni_num,E5,E5_Full_Parsimonious_Easy_Panel,ElasticNet,RAW,9,-13.281791,0.87488,0.789452
Ni_num,E5,E5_Full_Parsimonious_Easy_Panel,ElasticNet,RAW,10,-0.651594,2.658532,1.70702
Ni_num,E5,E5_Full_Parsimonious_Easy_Panel,ElasticNet,RAW,11,-0.068482,0.924185,0.76991
Ni_num,E5,E5_Full_Parsimonious_Easy_Panel,ElasticNet,RAW,12,0.497637,1.661093,1.189984
Ni_num,E5,E5_Full_Parsimonious_Easy_Panel,ElasticNet,RAW,13,0.355395,2.089375,1.30255
Ni_num,E5,E5_Full_Parsimonious_Easy_Panel,ElasticNet,RAW,14,-0.402828,2.554732,1.417751
Ni_num,E5,E5_Full_Parsimonious_Easy_Panel,ElasticNet,RAW,15,-1.006774,0.868755,0.71308
Ni_num,E5,E5_Full_Parsimonious_Easy_Panel,ElasticNet,RAW,16,-0.123615,2.521523,1.389863
Ni_num,E5,E5_Full_Parsimonious_Easy_Panel,ElasticNet,RAW,17,0.378548,0.966298,0.799061
Ni_num,E5,E5_Full_Parsimonious_Easy_Panel,ElasticNet,RAW,18,0.601871,0.859956,0.678841
Ni_num,E5,E5_Full_Parsimonious_Easy_Panel,ElasticNet,RAW,19,0.259448,0.908434,0.806741
Ni_num,E5,E5_Full_Parsimonious_Easy_Panel,ElasticNet,RAW,20,0.09388,2.735766,1.978382
Ni_num,E5,E5_Full_Parsimonious_Easy_Panel,ElasticNet,RAW,21,-0.104239,0.722325,0.536152
Ni_num,E5,E5_Full_Parsimonious_Easy_Panel,ElasticNet,RAW,22,0.437502,1.644341,1.235112
Ni_num,E5,E5_Full_Parsimonious_Easy_Panel,ElasticNet,RAW,23,0.588615,0.845409,0.756575
Ni_num,E5,E5_Full_Parsimonious_Easy_Panel,ElasticNet,RAW,24,0.304095,2.132033,1.458718
Ni_num,E5,E5_Full_Parsimonious_Easy_Panel,ElasticNet,RAW,25,-0.438808,2.562097,1.50038
Ni_num,E5,E5_Full_Parsimonious_Easy_Panel,ElasticNet,LOG1P,1,-3.257093,2.025366,1.172074
Ni_num,E5,E5_Full_Parsimonious_Easy_Panel,ElasticNet,LOG1P,2,0.605221,0.797203,0.666112
Ni_num,E5,E5_Full_Parsimonious_Easy_Panel,ElasticNet,LOG1P,3,-0.166502,2.442525,1.255082
Ni_num,E5,E5_Full_Parsimonious_Easy_Panel,ElasticNet,LOG1P,4,-0.142018,2.920766,1.950393
Ni_num,E5,E5_Full_Parsimonious_Easy_Panel,ElasticNet,LOG1P,5,0.766302,0.607172,0.491115
Ni_num,E5,E5_Full_Parsimonious_Easy_Panel,ElasticNet,LOG1P,6,-0.407164,1.365142,1.022568
Ni_num,E5,E5_Full_Parsimonious_Easy_Panel,ElasticNet,LOG1P,7,0.344783,1.878144,1.347186
Ni_num,E5,E5_Full_Parsimonious_Easy_Panel,ElasticNet,LOG1P,8,0.123935,2.180937,1.120053
Ni_num,E5,E5_Full_Parsimonious_Easy_Panel,ElasticNet,LOG1P,9,-5.189292,0.57594,0.520157
Ni_num,E5,E5_Full_Parsimonious_Easy_Panel,ElasticNet,LOG1P,10,-0.527329,2.556563,1.471787
Ni_num,E5,E5_Full_Parsimonious_Easy_Panel,ElasticNet,LOG1P,11,0.470459,0.650617,0.570256
Ni_num,E5,E5_Full_Parsimonious_Easy_Panel,ElasticNet,LOG1P,12,0.437927,1.757039,1.200257
Ni_num,E5,E5_Full_Parsimonious_Easy_Panel,ElasticNet,LOG1P,13,0.276266,2.213906,1.349334
Ni_num,E5,E5_Full_Parsimonious_Easy_Panel,ElasticNet,LOG1P,14,-0.32095,2.479057,1.361179
Ni_num,E5,E5_Full_Parsimonious_Easy_Panel,ElasticNet,LOG1P,15,-0.472453,0.744164,0.625761
Ni_num,E5,E5_Full_Parsimonious_Easy_Panel,ElasticNet,LOG1P,16,-0.043891,2.430423,1.308574
Ni_num,E5,E5_Full_Parsimonious_Easy_Panel,ElasticNet,LOG1P,17,0.734248,0.631896,0.514866
Ni_num,E5,E5_Full_Parsimonious_Easy_Panel,ElasticNet,LOG1P,18,0.752037,0.678669,0.589004
Ni_num,E5,E5_Full_Parsimonious_Easy_Panel,ElasticNet,LOG1P,19,0.514829,0.735297,0.595156
Ni_num,E5,E5_Full_Parsimonious_Easy_Panel,ElasticNet,LOG1P,20,-0.001469,2.876105,2.039065
Ni_num,E5,E5_Full_Parsimonious_Easy_Panel,ElasticNet,LOG1P,21,0.154596,0.632023,0.508395
Ni_num,E5,E5_Full_Parsimonious_Easy_Panel,ElasticNet,LOG1P,22,0.422878,1.665578,1.170196
Ni_num,E5,E5_Full_Parsimonious_Easy_Panel,ElasticNet,LOG1P,23,0.706016,0.714669,0.555849
Ni_num,E5,E5_Full_Parsimonious_Easy_Panel,ElasticNet,LOG1P,24,0.23065,2.241718,1.405298
Ni_num,E5,E5_Full_Parsimonious_Easy_Panel,ElasticNet,LOG1P,25,-0.265054,2.402418,1.169626
Zn_num,E1,E1_Min2_FieldOnly,SVR_RBF,RAW,1,-0.297234,12.130266,8.931697
Zn_num,E1,E1_Min2_FieldOnly,SVR_RBF,RAW,2,-0.063154,31.065091,17.169457
Zn_num,E1,E1_Min2_FieldOnly,SVR_RBF,RAW,3,-0.101952,16.752926,10.632712
Zn_num,E1,E1_Min2_FieldOnly,SVR_RBF,RAW,4,-0.444046,39.912267,28.456828
Zn_num,E1,E1_Min2_FieldOnly,SVR_RBF,RAW,5,-0.55101,5.948811,5.402381
Zn_num,E1,E1_Min2_FieldOnly,SVR_RBF,RAW,6,-3.808638,9.481144,8.406728
Zn_num,E1,E1_Min2_FieldOnly,SVR_RBF,RAW,7,-0.560491,44.632706,30.247252
Zn_num,E1,E1_Min2_FieldOnly,SVR_RBF,RAW,8,-0.192439,24.339745,12.793579
Zn_num,E1,E1_Min2_FieldOnly,SVR_RBF,RAW,9,-0.410238,13.055163,10.918187
Zn_num,E1,E1_Min2_FieldOnly,SVR_RBF,RAW,10,-0.117516,16.577625,9.733743
Zn_num,E1,E1_Min2_FieldOnly,SVR_RBF,RAW,11,-0.22165,17.133153,10.056844
Zn_num,E1,E1_Min2_FieldOnly,SVR_RBF,RAW,12,-0.065702,23.854591,13.762791
Zn_num,E1,E1_Min2_FieldOnly,SVR_RBF,RAW,13,-0.50484,43.036262,27.920485
Zn_num,E1,E1_Min2_FieldOnly,SVR_RBF,RAW,14,-0.414752,14.824893,9.976804
Zn_num,E1,E1_Min2_FieldOnly,SVR_RBF,RAW,15,-0.261264,9.679562,8.573923
Zn_num,E1,E1_Min2_FieldOnly,SVR_RBF,RAW,16,-0.2912,32.287753,16.693315
Zn_num,E1,E1_Min2_FieldOnly,SVR_RBF,RAW,17,-3.882164,11.061329,10.482636
Zn_num,E1,E1_Min2_FieldOnly,SVR_RBF,RAW,18,-0.695111,38.665477,24.651397
Zn_num,E1,E1_Min2_FieldOnly,SVR_RBF,RAW,19,-0.295746,21.377595,15.016841
Zn_num,E1,E1_Min2_FieldOnly,SVR_RBF,RAW,20,-0.092,4.924109,4.493384
Zn_num,E1,E1_Min2_FieldOnly,SVR_RBF,RAW,21,-0.142474,19.540198,14.320087
Zn_num,E1,E1_Min2_FieldOnly,SVR_RBF,RAW,22,-0.06501,23.992233,13.535219
Zn_num,E1,E1_Min2_FieldOnly,SVR_RBF,RAW,23,-0.105183,29.262063,15.83769
Zn_num,E1,E1_Min2_FieldOnly,SVR_RBF,RAW,24,-0.587477,5.204258,4.41069
Zn_num,E1,E1_Min2_FieldOnly,SVR_RBF,RAW,25,-0.415795,34.648755,20.859909
Zn_num,E1,E1_Min2_FieldOnly,SVR_RBF,LOG1P,1,-0.282633,12.061809,9.248162
Zn_num,E1,E1_Min2_FieldOnly,SVR_RBF,LOG1P,2,-0.11555,31.821385,17.588216
Zn_num,E1,E1_Min2_FieldOnly,SVR_RBF,LOG1P,3,-0.168144,17.248746,10.237159
Zn_num,E1,E1_Min2_FieldOnly,SVR_RBF,LOG1P,4,-0.540989,41.230217,28.576581
Zn_num,E1,E1_Min2_FieldOnly,SVR_RBF,LOG1P,5,-1.081623,6.891661,5.725236
Zn_num,E1,E1_Min2_FieldOnly,SVR_RBF,LOG1P,6,-4.753164,10.37058,8.272741
Zn_num,E1,E1_Min2_FieldOnly,SVR_RBF,LOG1P,7,-0.652667,45.931983,30.507762
Zn_num,E1,E1_Min2_FieldOnly,SVR_RBF,LOG1P,8,-0.378333,26.168274,15.251579
Zn_num,E1,E1_Min2_FieldOnly,SVR_RBF,LOG1P,9,-0.224893,12.167047,10.504821
Zn_num,E1,E1_Min2_FieldOnly,SVR_RBF,LOG1P,10,-0.215197,17.286965,9.835187
Zn_num,E1,E1_Min2_FieldOnly,SVR_RBF,LOG1P,11,-0.37265,18.161171,9.879469
Zn_num,E1,E1_Min2_FieldOnly,SVR_RBF,LOG1P,12,-0.096662,24.198614,13.535589
Zn_num,E1,E1_Min2_FieldOnly,SVR_RBF,LOG1P,13,-0.635706,44.868555,28.704588
Zn_num,E1,E1_Min2_FieldOnly,SVR_RBF,LOG1P,14,-0.849235,16.94913,12.563354
Zn_num,E1,E1_Min2_FieldOnly,SVR_RBF,LOG1P,15,-0.574325,10.814335,9.324418
Zn_num,E1,E1_Min2_FieldOnly,SVR_RBF,LOG1P,16,-0.395178,33.562626,17.675786
Zn_num,E1,E1_Min2_FieldOnly,SVR_RBF,LOG1P,17,-5.206115,12.471281,11.72886
Zn_num,E1,E1_Min2_FieldOnly,SVR_RBF,LOG1P,18,-0.83847,40.2673,26.741428
Zn_num,E1,E1_Min2_FieldOnly,SVR_RBF,LOG1P,19,-0.358002,21.885131,15.601882
Zn_num,E1,E1_Min2_FieldOnly,SVR_RBF,LOG1P,20,-0.676483,6.10121,4.910343
Zn_num,E1,E1_Min2_FieldOnly,SVR_RBF,LOG1P,21,-0.188131,19.926821,14.511811
Zn_num,E1,E1_Min2_FieldOnly,SVR_RBF,LOG1P,22,-0.041016,23.720422,14.196806
Zn_num,E1,E1_Min2_FieldOnly,SVR_RBF,LOG1P,23,-0.214247,30.671955,16.396749
Zn_num,E1,E1_Min2_FieldOnly,SVR_RBF,LOG1P,24,-1.3309,6.306188,5.475173
Zn_num,E1,E1_Min2_FieldOnly,SVR_RBF,LOG1P,25,-0.471937,35.329064,21.294533
Zn_num,E1,E1_Min2_FieldOnly,PLS,RAW,1,-0.448176,12.816571,11.137835
Zn_num,E1,E1_Min2_FieldOnly,PLS,RAW,2,-0.103622,31.6508,21.184142
Zn_num,E1,E1_Min2_FieldOnly,PLS,RAW,3,-0.104728,16.774011,13.577483
Zn_num,E1,E1_Min2_FieldOnly,PLS,RAW,4,-0.770365,44.192366,37.914544
Zn_num,E1,E1_Min2_FieldOnly,PLS,RAW,5,-2.769412,9.273841,7.779867
Zn_num,E1,E1_Min2_FieldOnly,PLS,RAW,6,-18.485561,19.085615,18.348352
Zn_num,E1,E1_Min2_FieldOnly,PLS,RAW,7,-0.436492,42.822711,30.431974
Zn_num,E1,E1_Min2_FieldOnly,PLS,RAW,8,-0.141942,23.818806,15.433156
Zn_num,E1,E1_Min2_FieldOnly,PLS,RAW,9,-0.053727,11.284965,9.402643
Zn_num,E1,E1_Min2_FieldOnly,PLS,RAW,10,-0.024209,15.870473,13.053862
Zn_num,E1,E1_Min2_FieldOnly,PLS,RAW,11,-0.076031,16.079641,13.057552
Zn_num,E1,E1_Min2_FieldOnly,PLS,RAW,12,-0.188119,25.187439,18.356334
Zn_num,E1,E1_Min2_FieldOnly,PLS,RAW,13,-0.428902,41.936356,29.214594
Zn_num,E1,E1_Min2_FieldOnly,PLS,RAW,14,-0.246856,13.917445,10.742021
Zn_num,E1,E1_Min2_FieldOnly,PLS,RAW,15,-3.930262,19.137608,17.938551
Zn_num,E1,E1_Min2_FieldOnly,PLS,RAW,16,-0.564543,35.541429,23.642628
Zn_num,E1,E1_Min2_FieldOnly,PLS,RAW,17,-15.963264,20.618442,20.111235
Zn_num,E1,E1_Min2_FieldOnly,PLS,RAW,18,-0.520694,36.622258,22.575814
Zn_num,E1,E1_Min2_FieldOnly,PLS,RAW,19,-0.053391,19.274972,16.323831
Zn_num,E1,E1_Min2_FieldOnly,PLS,RAW,20,-4.034982,10.573417,9.082155
Zn_num,E1,E1_Min2_FieldOnly,PLS,RAW,21,-0.0949,19.129038,17.63678
Zn_num,E1,E1_Min2_FieldOnly,PLS,RAW,22,-0.051014,23.834062,17.389006
Zn_num,E1,E1_Min2_FieldOnly,PLS,RAW,23,-0.04085,28.397624,19.020273
Zn_num,E1,E1_Min2_FieldOnly,PLS,RAW,24,-3.946973,9.187025,7.424412
Zn_num,E1,E1_Min2_FieldOnly,PLS,RAW,25,-0.279873,32.94359,20.057409
Zn_num,E1,E1_Min2_FieldOnly,PLS,LOG1P,1,-0.316932,12.222019,9.387331
Zn_num,E1,E1_Min2_FieldOnly,PLS,LOG1P,2,-0.076232,31.255584,17.53527
Zn_num,E1,E1_Min2_FieldOnly,PLS,LOG1P,3,-0.120457,16.893002,11.210624
Zn_num,E1,E1_Min2_FieldOnly,PLS,LOG1P,4,-0.535096,41.151308,31.5053
Zn_num,E1,E1_Min2_FieldOnly,PLS,LOG1P,5,-0.129034,5.075472,3.570647
Zn_num,E1,E1_Min2_FieldOnly,PLS,LOG1P,6,-5.608029,11.114391,10.164706
Zn_num,E1,E1_Min2_FieldOnly,PLS,LOG1P,7,-0.550105,44.483927,29.863368
Zn_num,E1,E1_Min2_FieldOnly,PLS,LOG1P,8,-0.137117,23.768429,12.50448
Zn_num,E1,E1_Min2_FieldOnly,PLS,LOG1P,9,-0.173111,11.907093,9.776518
Zn_num,E1,E1_Min2_FieldOnly,PLS,LOG1P,10,-0.12124,16.605228,9.521307
Zn_num,E1,E1_Min2_FieldOnly,PLS,LOG1P,11,-0.147932,16.608184,10.087981
Zn_num,E1,E1_Min2_FieldOnly,PLS,LOG1P,12,-0.076386,23.973867,14.221156
Zn_num,E1,E1_Min2_FieldOnly,PLS,LOG1P,13,-0.542804,43.57575,28.330213
Zn_num,E1,E1_Min2_FieldOnly,PLS,LOG1P,14,-0.2963,14.190709,8.592952
Zn_num,E1,E1_Min2_FieldOnly,PLS,LOG1P,15,-0.937051,11.995634,11.028419
Zn_num,E1,E1_Min2_FieldOnly,PLS,LOG1P,16,-0.448115,34.19342,19.395571
Zn_num,E1,E1_Min2_FieldOnly,PLS,LOG1P,17,-7.381601,14.493211,13.653028
Zn_num,E1,E1_Min2_FieldOnly,PLS,LOG1P,18,-0.647835,38.122472,24.519827
Zn_num,E1,E1_Min2_FieldOnly,PLS,LOG1P,19,-0.297239,21.389909,15.715578
Zn_num,E1,E1_Min2_FieldOnly,PLS,LOG1P,20,-0.029872,4.781983,4.420866
Zn_num,E1,E1_Min2_FieldOnly,PLS,LOG1P,21,-0.11444,19.29897,14.706074
Zn_num,E1,E1_Min2_FieldOnly,PLS,LOG1P,22,-0.020977,23.491016,13.842577
Zn_num,E1,E1_Min2_FieldOnly,PLS,LOG1P,23,-0.060071,28.658624,16.289842
Zn_num,E1,E1_Min2_FieldOnly,PLS,LOG1P,24,-0.06439,4.261431,3.745517
Zn_num,E1,E1_Min2_FieldOnly,PLS,LOG1P,25,-0.428754,34.806971,21.49357
Zn_num,E1,E1_Min2_FieldOnly,Lasso,RAW,1,-0.424659,12.712084,11.032308
Zn_num,E1,E1_Min2_FieldOnly,Lasso,RAW,2,-0.095074,31.527998,21.237928
Zn_num,E1,E1_Min2_FieldOnly,Lasso,RAW,3,-0.100153,16.739239,13.541168
Zn_num,E1,E1_Min2_FieldOnly,Lasso,RAW,4,-0.755266,44.003509,37.701226
Zn_num,E1,E1_Min2_FieldOnly,Lasso,RAW,5,-2.744654,9.243336,7.77925
Zn_num,E1,E1_Min2_FieldOnly,Lasso,RAW,6,-18.269198,18.979358,18.262017
Zn_num,E1,E1_Min2_FieldOnly,Lasso,RAW,7,-0.431016,42.741016,30.383134
Zn_num,E1,E1_Min2_FieldOnly,Lasso,RAW,8,-0.13562,23.752775,15.398275
Zn_num,E1,E1_Min2_FieldOnly,Lasso,RAW,9,-0.047199,11.249954,9.346007
Zn_num,E1,E1_Min2_FieldOnly,Lasso,RAW,10,-0.027268,15.894148,13.037333
Zn_num,E1,E1_Min2_FieldOnly,Lasso,RAW,11,-0.07098,16.041859,12.992941
Zn_num,E1,E1_Min2_FieldOnly,Lasso,RAW,12,-0.180044,25.101698,18.31767
Zn_num,E1,E1_Min2_FieldOnly,Lasso,RAW,13,-0.422689,41.845083,29.128959
Zn_num,E1,E1_Min2_FieldOnly,Lasso,RAW,14,-0.24916,13.930299,10.792433
Zn_num,E1,E1_Min2_FieldOnly,Lasso,RAW,15,-3.850875,18.982906,17.800202
Zn_num,E1,E1_Min2_FieldOnly,Lasso,RAW,16,-0.53547,35.209652,23.210599
Zn_num,E1,E1_Min2_FieldOnly,Lasso,RAW,17,-15.961051,20.617097,20.109891
Zn_num,E1,E1_Min2_FieldOnly,Lasso,RAW,18,-0.515109,36.554943,22.508168
Zn_num,E1,E1_Min2_FieldOnly,Lasso,RAW,19,-0.05677,19.305864,16.337782
Zn_num,E1,E1_Min2_FieldOnly,Lasso,RAW,20,-3.977961,10.513375,9.000722
Zn_num,E1,E1_Min2_FieldOnly,Lasso,RAW,21,-0.091632,19.100466,17.590333
Zn_num,E1,E1_Min2_FieldOnly,Lasso,RAW,22,-0.048981,23.810995,17.456783
Zn_num,E1,E1_Min2_FieldOnly,Lasso,RAW,23,-0.038125,28.36043,19.010101
Zn_num,E1,E1_Min2_FieldOnly,Lasso,RAW,24,-3.890105,9.134067,7.39148
Zn_num,E1,E1_Min2_FieldOnly,Lasso,RAW,25,-0.267273,32.781032,19.941509
Zn_num,E1,E1_Min2_FieldOnly,Lasso,LOG1P,1,-0.122727,11.284914,8.533007
Zn_num,E1,E1_Min2_FieldOnly,Lasso,LOG1P,2,-0.020216,30.431313,17.797322
Zn_num,E1,E1_Min2_FieldOnly,Lasso,LOG1P,3,-0.048001,16.337667,10.806623
Zn_num,E1,E1_Min2_FieldOnly,Lasso,LOG1P,4,-0.432394,39.750912,28.98132
Zn_num,E1,E1_Min2_FieldOnly,Lasso,LOG1P,5,-0.006249,4.791545,3.456261
Zn_num,E1,E1_Min2_FieldOnly,Lasso,LOG1P,6,-4.701767,10.324153,9.375194
Zn_num,E1,E1_Min2_FieldOnly,Lasso,LOG1P,7,-0.497156,43.717581,29.884624
Zn_num,E1,E1_Min2_FieldOnly,Lasso,LOG1P,8,-0.103848,23.418151,12.035101
Zn_num,E1,E1_Min2_FieldOnly,Lasso,LOG1P,9,-0.190799,11.996522,9.772295
Zn_num,E1,E1_Min2_FieldOnly,Lasso,LOG1P,10,-0.056806,16.121043,9.792588
Zn_num,E1,E1_Min2_FieldOnly,Lasso,LOG1P,11,-0.09,16.18368,9.907092
Zn_num,E1,E1_Min2_FieldOnly,Lasso,LOG1P,12,-0.041653,23.583895,13.93803
Zn_num,E1,E1_Min2_FieldOnly,Lasso,LOG1P,13,-0.492658,42.861719,27.476927
Zn_num,E1,E1_Min2_FieldOnly,Lasso,LOG1P,14,-0.127955,13.237235,7.747483
Zn_num,E1,E1_Min2_FieldOnly,Lasso,LOG1P,15,-0.63788,11.030463,9.807302
Zn_num,E1,E1_Min2_FieldOnly,Lasso,LOG1P,16,-0.267816,31.994045,16.752154
Zn_num,E1,E1_Min2_FieldOnly,Lasso,LOG1P,17,-7.164768,14.304513,13.399921
Zn_num,E1,E1_Min2_FieldOnly,Lasso,LOG1P,18,-0.603341,37.604272,23.456572
Zn_num,E1,E1_Min2_FieldOnly,Lasso,LOG1P,19,-0.185267,20.44594,14.437054
Zn_num,E1,E1_Min2_FieldOnly,Lasso,LOG1P,20,-0.011064,4.738117,4.397338
Zn_num,E1,E1_Min2_FieldOnly,Lasso,LOG1P,21,-0.07566,18.960218,14.383684
Zn_num,E1,E1_Min2_FieldOnly,Lasso,LOG1P,22,-0.033822,23.638324,13.715734
Zn_num,E1,E1_Min2_FieldOnly,Lasso,LOG1P,23,-0.049393,28.51393,16.014221
Zn_num,E1,E1_Min2_FieldOnly,Lasso,LOG1P,24,-0.000424,4.131398,3.661324
Zn_num,E1,E1_Min2_FieldOnly,Lasso,LOG1P,25,-0.308828,33.314154,20.230155
Zn_num,E1,E1_Min2_FieldOnly,Ridge,RAW,1,-0.431199,12.741225,11.06828
Zn_num,E1,E1_Min2_FieldOnly,Ridge,RAW,2,-0.097483,31.562656,21.217318
Zn_num,E1,E1_Min2_FieldOnly,Ridge,RAW,3,-0.102818,16.759506,13.562454
Zn_num,E1,E1_Min2_FieldOnly,Ridge,RAW,4,-0.732069,43.71178,37.373767
Zn_num,E1,E1_Min2_FieldOnly,Ridge,RAW,5,-2.774592,9.280211,7.795376
Zn_num,E1,E1_Min2_FieldOnly,Ridge,RAW,6,-18.245158,18.967515,18.249791
Zn_num,E1,E1_Min2_FieldOnly,Ridge,RAW,7,-0.432466,42.762655,30.392112
Zn_num,E1,E1_Min2_FieldOnly,Ridge,RAW,8,-0.134574,23.74184,15.371756
Zn_num,E1,E1_Min2_FieldOnly,Ridge,RAW,9,-0.049618,11.26294,9.367154
Zn_num,E1,E1_Min2_FieldOnly,Ridge,RAW,10,-0.025051,15.876996,13.045442
Zn_num,E1,E1_Min2_FieldOnly,Ridge,RAW,11,-0.075063,16.072404,13.010785
Zn_num,E1,E1_Min2_FieldOnly,Ridge,RAW,12,-0.177842,25.078265,18.298287
Zn_num,E1,E1_Min2_FieldOnly,Ridge,RAW,13,-0.423678,41.859629,29.144491
Zn_num,E1,E1_Min2_FieldOnly,Ridge,RAW,14,-0.240376,13.881235,10.726134
Zn_num,E1,E1_Min2_FieldOnly,Ridge,RAW,15,-3.829674,18.941377,17.754755
Zn_num,E1,E1_Min2_FieldOnly,Ridge,RAW,16,-0.524723,35.086214,23.032369
Zn_num,E1,E1_Min2_FieldOnly,Ridge,RAW,17,-15.941268,20.60507,20.096138
Zn_num,E1,E1_Min2_FieldOnly,Ridge,RAW,18,-0.514044,36.542105,22.502021
Zn_num,E1,E1_Min2_FieldOnly,Ridge,RAW,19,-0.052565,19.26741,16.313289
Zn_num,E1,E1_Min2_FieldOnly,Ridge,RAW,20,-3.98466,10.520447,9.014782
Zn_num,E1,E1_Min2_FieldOnly,Ridge,RAW,21,-0.092061,19.104219,17.590089
Zn_num,E1,E1_Min2_FieldOnly,Ridge,RAW,22,-0.04886,23.809626,17.409517
Zn_num,E1,E1_Min2_FieldOnly,Ridge,RAW,23,-0.038712,28.368443,19.009048
Zn_num,E1,E1_Min2_FieldOnly,Ridge,RAW,24,-3.911185,9.153733,7.404081
Zn_num,E1,E1_Min2_FieldOnly,Ridge,RAW,25,-0.269401,32.808545,19.962126
Zn_num,E1,E1_Min2_FieldOnly,Ridge,LOG1P,1,-0.3109,12.193996,9.363682
Zn_num,E1,E1_Min2_FieldOnly,Ridge,LOG1P,2,-0.0731,31.210063,17.552251
Zn_num,E1,E1_Min2_FieldOnly,Ridge,LOG1P,3,-0.116584,16.863782,11.192853
Zn_num,E1,E1_Min2_FieldOnly,Ridge,LOG1P,4,-0.526767,41.039523,31.296225
Zn_num,E1,E1_Min2_FieldOnly,Ridge,LOG1P,5,-0.123097,5.062109,3.560971
Zn_num,E1,E1_Min2_FieldOnly,Ridge,LOG1P,6,-5.556911,11.071318,10.124848
Zn_num,E1,E1_Min2_FieldOnly,Ridge,LOG1P,7,-0.547856,44.45165,29.858767
Zn_num,E1,E1_Min2_FieldOnly,Ridge,LOG1P,8,-0.135595,23.752513,12.487536
Zn_num,E1,E1_Min2_FieldOnly,Ridge,LOG1P,9,-0.173964,11.91142,9.776448
Zn_num,E1,E1_Min2_FieldOnly,Ridge,LOG1P,10,-0.117164,16.575018,9.53448
Zn_num,E1,E1_Min2_FieldOnly,Ridge,LOG1P,11,-0.144304,16.581912,10.074912
Zn_num,E1,E1_Min2_FieldOnly,Ridge,LOG1P,12,-0.074558,23.953493,14.20823
Zn_num,E1,E1_Min2_FieldOnly,Ridge,LOG1P,13,-0.540301,43.540384,28.279591
Zn_num,E1,E1_Min2_FieldOnly,Ridge,LOG1P,14,-0.290043,14.156422,8.524677
Zn_num,E1,E1_Min2_FieldOnly,Ridge,LOG1P,15,-0.919054,11.939776,10.961014
Zn_num,E1,E1_Min2_FieldOnly,Ridge,LOG1P,16,-0.433576,34.021345,19.074264
Zn_num,E1,E1_Min2_FieldOnly,Ridge,LOG1P,17,-7.375022,14.487522,13.646419
Zn_num,E1,E1_Min2_FieldOnly,Ridge,LOG1P,18,-0.645967,38.100859,24.482996
Zn_num,E1,E1_Min2_FieldOnly,Ridge,LOG1P,19,-0.293066,21.355479,15.673312
Zn_num,E1,E1_Min2_FieldOnly,Ridge,LOG1P,20,-0.029442,4.780985,4.420592
Zn_num,E1,E1_Min2_FieldOnly,Ridge,LOG1P,21,-0.113139,19.287704,14.699073
Zn_num,E1,E1_Min2_FieldOnly,Ridge,LOG1P,22,-0.021584,23.497989,13.834942
Zn_num,E1,E1_Min2_FieldOnly,Ridge,LOG1P,23,-0.059497,28.650867,16.279713
Zn_num,E1,E1_Min2_FieldOnly,Ridge,LOG1P,24,-0.060818,4.254274,3.741087
Zn_num,E1,E1_Min2_FieldOnly,Ridge,LOG1P,25,-0.421689,34.720805,21.392229
Zn_num,E1,E1_Min2_FieldOnly,ElasticNet,RAW,1,-0.413804,12.663562,10.990881
Zn_num,E1,E1_Min2_FieldOnly,ElasticNet,RAW,2,-0.091428,31.475461,21.253786
Zn_num,E1,E1_Min2_FieldOnly,ElasticNet,RAW,3,-0.099887,16.737218,13.539044
Zn_num,E1,E1_Min2_FieldOnly,ElasticNet,RAW,4,-0.711937,43.457001,37.081914
Zn_num,E1,E1_Min2_FieldOnly,ElasticNet,RAW,5,-2.764728,9.268077,7.800856
Zn_num,E1,E1_Min2_FieldOnly,ElasticNet,RAW,6,-18.059951,18.876027,18.173727
Zn_num,E1,E1_Min2_FieldOnly,ElasticNet,RAW,7,-0.42845,42.702682,30.354444
Zn_num,E1,E1_Min2_FieldOnly,ElasticNet,RAW,8,-0.128938,23.682799,15.332239
Zn_num,E1,E1_Min2_FieldOnly,ElasticNet,RAW,9,-0.045371,11.24013,9.327725
Zn_num,E1,E1_Min2_FieldOnly,ElasticNet,RAW,10,-0.026787,15.890428,13.034705
Zn_num,E1,E1_Min2_FieldOnly,ElasticNet,RAW,11,-0.072229,16.051209,12.961848
Zn_num,E1,E1_Min2_FieldOnly,ElasticNet,RAW,12,-0.170399,24.998903,18.258697
Zn_num,E1,E1_Min2_FieldOnly,ElasticNet,RAW,13,-0.41893,41.789769,29.079181
Zn_num,E1,E1_Min2_FieldOnly,ElasticNet,RAW,14,-0.238981,13.873424,10.743746
Zn_num,E1,E1_Min2_FieldOnly,ElasticNet,RAW,15,-3.758842,18.801967,17.624882
Zn_num,E1,E1_Min2_FieldOnly,ElasticNet,RAW,16,-0.498793,34.786597,22.627966
Zn_num,E1,E1_Min2_FieldOnly,ElasticNet,RAW,17,-15.931938,20.599395,20.089639
Zn_num,E1,E1_Min2_FieldOnly,ElasticNet,RAW,18,-0.508948,36.480544,22.442281
Zn_num,E1,E1_Min2_FieldOnly,ElasticNet,RAW,19,-0.053808,19.278787,16.315634
Zn_num,E1,E1_Min2_FieldOnly,ElasticNet,RAW,20,-3.940129,10.473348,8.951925
Zn_num,E1,E1_Min2_FieldOnly,ElasticNet,RAW,21,-0.088825,19.075892,17.548754
Zn_num,E1,E1_Min2_FieldOnly,ElasticNet,RAW,22,-0.04714,23.790098,17.448182
Zn_num,E1,E1_Min2_FieldOnly,ElasticNet,RAW,23,-0.036652,28.340306,19.000026
Zn_num,E1,E1_Min2_FieldOnly,ElasticNet,RAW,24,-3.87322,9.118283,7.381512
Zn_num,E1,E1_Min2_FieldOnly,ElasticNet,RAW,25,-0.260037,32.6873,19.949487
Zn_num,E1,E1_Min2_FieldOnly,ElasticNet,LOG1P,1,-0.144534,11.393984,8.661744
Zn_num,E1,E1_Min2_FieldOnly,ElasticNet,LOG1P,2,-0.028008,30.547306,17.768896
Zn_num,E1,E1_Min2_FieldOnly,ElasticNet,LOG1P,3,-0.056307,16.402288,10.885726
Zn_num,E1,E1_Min2_FieldOnly,ElasticNet,LOG1P,4,-0.4693,40.25976,29.810839
Zn_num,E1,E1_Min2_FieldOnly,ElasticNet,LOG1P,5,-0.006249,4.791545,3.456261
Zn_num,E1,E1_Min2_FieldOnly,ElasticNet,LOG1P,6,-4.818151,10.428988,9.488693
Zn_num,E1,E1_Min2_FieldOnly,ElasticNet,LOG1P,7,-0.515664,43.986964,29.715892
Zn_num,E1,E1_Min2_FieldOnly,ElasticNet,LOG1P,8,-0.108962,23.472338,12.110054
Zn_num,E1,E1_Min2_FieldOnly,ElasticNet,LOG1P,9,-0.190799,11.996522,9.772295
Zn_num,E1,E1_Min2_FieldOnly,ElasticNet,LOG1P,10,-0.056806,16.121043,9.792588
Zn_num,E1,E1_Min2_FieldOnly,ElasticNet,LOG1P,11,-0.093327,16.208354,9.927292
Zn_num,E1,E1_Min2_FieldOnly,ElasticNet,LOG1P,12,-0.042848,23.597421,13.950758
Zn_num,E1,E1_Min2_FieldOnly,ElasticNet,LOG1P,13,-0.505735,43.049065,27.619899
Zn_num,E1,E1_Min2_FieldOnly,ElasticNet,LOG1P,14,-0.142704,13.323496,7.697693
Zn_num,E1,E1_Min2_FieldOnly,ElasticNet,LOG1P,15,-0.711085,11.274269,10.102455
Zn_num,E1,E1_Min2_FieldOnly,ElasticNet,LOG1P,16,-0.313944,32.570881,16.912618
Zn_num,E1,E1_Min2_FieldOnly,ElasticNet,LOG1P,17,-7.164768,14.304513,13.399921
Zn_num,E1,E1_Min2_FieldOnly,ElasticNet,LOG1P,18,-0.609104,37.671794,23.770993
Zn_num,E1,E1_Min2_FieldOnly,ElasticNet,LOG1P,19,-0.231326,20.839413,14.981655
Zn_num,E1,E1_Min2_FieldOnly,ElasticNet,LOG1P,20,-0.011064,4.738117,4.397338
Zn_num,E1,E1_Min2_FieldOnly,ElasticNet,LOG1P,21,-0.0854,19.045869,14.447535
Zn_num,E1,E1_Min2_FieldOnly,ElasticNet,LOG1P,22,-0.033822,23.638324,13.715734
Zn_num,E1,E1_Min2_FieldOnly,ElasticNet,LOG1P,23,-0.049393,28.51393,16.014221
Zn_num,E1,E1_Min2_FieldOnly,ElasticNet,LOG1P,24,-0.000424,4.131398,3.661324
Zn_num,E1,E1_Min2_FieldOnly,ElasticNet,LOG1P,25,-0.337311,33.674702,20.503556
Zn_num,E2,E2_Min3_Field_Plus_Depth,SVR_RBF,RAW,1,-0.292161,12.106529,8.931865
Zn_num,E2,E2_Min3_Field_Plus_Depth,SVR_RBF,RAW,2,-0.053255,30.920138,17.172766
Zn_num,E2,E2_Min3_Field_Plus_Depth,SVR_RBF,RAW,3,-0.099243,16.732319,10.595345
Zn_num,E2,E2_Min3_Field_Plus_Depth,SVR_RBF,RAW,4,-0.426519,39.669312,28.541196
Zn_num,E2,E2_Min3_Field_Plus_Depth,SVR_RBF,RAW,5,-0.623445,6.086137,5.456118
Zn_num,E2,E2_Min3_Field_Plus_Depth,SVR_RBF,RAW,6,-3.980389,9.648978,8.419385
Zn_num,E2,E2_Min3_Field_Plus_Depth,SVR_RBF,RAW,7,-0.556541,44.576182,30.244323
Zn_num,E2,E2_Min3_Field_Plus_Depth,SVR_RBF,RAW,8,-0.201248,24.429483,12.884618
Zn_num,E2,E2_Min3_Field_Plus_Depth,SVR_RBF,RAW,9,-0.462964,13.29698,11.147026
Zn_num,E2,E2_Min3_Field_Plus_Depth,SVR_RBF,RAW,10,-0.126551,16.644509,9.954555
Zn_num,E2,E2_Min3_Field_Plus_Depth,SVR_RBF,RAW,11,-0.214499,17.082939,10.053591
Zn_num,E2,E2_Min3_Field_Plus_Depth,SVR_RBF,RAW,12,-0.082705,24.04413,13.865874
Zn_num,E2,E2_Min3_Field_Plus_Depth,SVR_RBF,RAW,13,-0.50422,43.027404,27.661504
Zn_num,E2,E2_Min3_Field_Plus_Depth,SVR_RBF,RAW,14,-0.442173,14.967869,10.197022
Zn_num,E2,E2_Min3_Field_Plus_Depth,SVR_RBF,RAW,15,-0.249135,9.632905,8.564959
Zn_num,E2,E2_Min3_Field_Plus_Depth,SVR_RBF,RAW,16,-0.278591,32.129714,16.673335
Zn_num,E2,E2_Min3_Field_Plus_Depth,SVR_RBF,RAW,17,-4.420341,11.655059,10.882416
Zn_num,E2,E2_Min3_Field_Plus_Depth,SVR_RBF,RAW,18,-0.686776,38.570297,24.513315
Zn_num,E2,E2_Min3_Field_Plus_Depth,SVR_RBF,RAW,19,-0.262045,21.097758,14.65285
Zn_num,E2,E2_Min3_Field_Plus_Depth,SVR_RBF,RAW,20,-0.182928,5.125021,4.578489
Zn_num,E2,E2_Min3_Field_Plus_Depth,SVR_RBF,RAW,21,-0.122394,19.367725,14.325902
Zn_num,E2,E2_Min3_Field_Plus_Depth,SVR_RBF,RAW,22,-0.065764,24.00072,13.449691
Zn_num,E2,E2_Min3_Field_Plus_Depth,SVR_RBF,RAW,23,-0.09524,29.130144,15.934297
Zn_num,E2,E2_Min3_Field_Plus_Depth,SVR_RBF,RAW,24,-0.670221,5.338166,4.536469
Zn_num,E2,E2_Min3_Field_Plus_Depth,SVR_RBF,RAW,25,-0.396101,34.406922,20.933066
Zn_num,E2,E2_Min3_Field_Plus_Depth,SVR_RBF,LOG1P,1,-0.398882,12.596555,9.760074
Zn_num,E2,E2_Min3_Field_Plus_Depth,SVR_RBF,LOG1P,2,-0.115657,31.822918,17.766601
Zn_num,E2,E2_Min3_Field_Plus_Depth,SVR_RBF,LOG1P,3,-0.155335,17.153912,10.613228
Zn_num,E2,E2_Min3_Field_Plus_Depth,SVR_RBF,LOG1P,4,-0.574695,41.678694,31.440166
Zn_num,E2,E2_Min3_Field_Plus_Depth,SVR_RBF,LOG1P,5,-4.095136,10.782035,9.654314
Zn_num,E2,E2_Min3_Field_Plus_Depth,SVR_RBF,LOG1P,6,-6.911466,12.161249,9.58299
Zn_num,E2,E2_Min3_Field_Plus_Depth,SVR_RBF,LOG1P,7,-0.629898,45.614481,31.778338
Zn_num,E2,E2_Min3_Field_Plus_Depth,SVR_RBF,LOG1P,8,-0.383415,26.216464,15.004954
Zn_num,E2,E2_Min3_Field_Plus_Depth,SVR_RBF,LOG1P,9,-0.455973,13.26517,11.421714
Zn_num,E2,E2_Min3_Field_Plus_Depth,SVR_RBF,LOG1P,10,-0.192289,17.123251,10.676289
Zn_num,E2,E2_Min3_Field_Plus_Depth,SVR_RBF,LOG1P,11,-0.271295,17.477818,10.26533
Zn_num,E2,E2_Min3_Field_Plus_Depth,SVR_RBF,LOG1P,12,-0.133235,24.598806,13.736447
Zn_num,E2,E2_Min3_Field_Plus_Depth,SVR_RBF,LOG1P,13,-0.557412,43.781553,28.705608
Zn_num,E2,E2_Min3_Field_Plus_Depth,SVR_RBF,LOG1P,14,-1.048118,17.837289,12.344923
Zn_num,E2,E2_Min3_Field_Plus_Depth,SVR_RBF,LOG1P,15,-0.615484,10.954788,9.372938
Zn_num,E2,E2_Min3_Field_Plus_Depth,SVR_RBF,LOG1P,16,-0.334036,32.818959,17.054581
Zn_num,E2,E2_Min3_Field_Plus_Depth,SVR_RBF,LOG1P,17,-6.212019,13.444033,12.330946
Zn_num,E2,E2_Min3_Field_Plus_Depth,SVR_RBF,LOG1P,18,-0.792466,39.760307,25.98174
Zn_num,E2,E2_Min3_Field_Plus_Depth,SVR_RBF,LOG1P,19,-0.372347,22.000422,15.09702
Zn_num,E2,E2_Min3_Field_Plus_Depth,SVR_RBF,LOG1P,20,-0.369375,5.514138,4.643294
Zn_num,E2,E2_Min3_Field_Plus_Depth,SVR_RBF,LOG1P,21,-0.153712,19.636071,14.586641
Zn_num,E2,E2_Min3_Field_Plus_Depth,SVR_RBF,LOG1P,22,-0.029155,23.584901,13.791143
Zn_num,E2,E2_Min3_Field_Plus_Depth,SVR_RBF,LOG1P,23,-0.24484,31.055936,17.907164
Zn_num,E2,E2_Min3_Field_Plus_Depth,SVR_RBF,LOG1P,24,-1.154429,6.062771,5.242166
Zn_num,E2,E2_Min3_Field_Plus_Depth,SVR_RBF,LOG1P,25,-0.481645,35.445375,21.705085
Zn_num,E2,E2_Min3_Field_Plus_Depth,PLS,RAW,1,-0.474855,12.934088,11.081838
Zn_num,E2,E2_Min3_Field_Plus_Depth,PLS,RAW,2,-0.105334,31.675341,21.449585
Zn_num,E2,E2_Min3_Field_Plus_Depth,PLS,RAW,3,-0.156521,17.16272,14.516187
Zn_num,E2,E2_Min3_Field_Plus_Depth,PLS,RAW,4,-0.699229,43.295406,36.685917
Zn_num,E2,E2_Min3_Field_Plus_Depth,PLS,RAW,5,-2.604948,9.069271,7.831493
Zn_num,E2,E2_Min3_Field_Plus_Depth,PLS,RAW,6,-19.497601,19.574975,18.822736
Zn_num,E2,E2_Min3_Field_Plus_Depth,PLS,RAW,7,-0.433496,42.778032,30.581158
Zn_num,E2,E2_Min3_Field_Plus_Depth,PLS,RAW,8,-0.179028,24.202483,15.300098
Zn_num,E2,E2_Min3_Field_Plus_Depth,PLS,RAW,9,-0.16026,11.841694,9.878299
Zn_num,E2,E2_Min3_Field_Plus_Depth,PLS,RAW,10,-0.024305,15.871215,12.997504
Zn_num,E2,E2_Min3_Field_Plus_Depth,PLS,RAW,11,-0.07344,16.060273,12.977471
Zn_num,E2,E2_Min3_Field_Plus_Depth,PLS,RAW,12,-0.317548,26.523897,19.929844
Zn_num,E2,E2_Min3_Field_Plus_Depth,PLS,RAW,13,-0.675722,45.414065,34.56461
Zn_num,E2,E2_Min3_Field_Plus_Depth,PLS,RAW,14,-0.522767,15.380415,11.852267
Zn_num,E2,E2_Min3_Field_Plus_Depth,PLS,RAW,15,-3.64999,18.58569,17.412269
Zn_num,E2,E2_Min3_Field_Plus_Depth,PLS,RAW,16,-0.488572,34.667773,22.422218
Zn_num,E2,E2_Min3_Field_Plus_Depth,PLS,RAW,17,-16.948789,21.208928,20.711021
Zn_num,E2,E2_Min3_Field_Plus_Depth,PLS,RAW,18,-0.511854,36.515666,22.424044
Zn_num,E2,E2_Min3_Field_Plus_Depth,PLS,RAW,19,-0.154206,20.176259,16.464044
Zn_num,E2,E2_Min3_Field_Plus_Depth,PLS,RAW,20,-3.688528,10.203159,8.679606
Zn_num,E2,E2_Min3_Field_Plus_Depth,PLS,RAW,21,-0.093471,19.116546,17.693785
Zn_num,E2,E2_Min3_Field_Plus_Depth,PLS,RAW,22,-0.225944,25.741216,19.431545
Zn_num,E2,E2_Min3_Field_Plus_Depth,PLS,RAW,23,-0.038227,28.361815,19.025656
Zn_num,E2,E2_Min3_Field_Plus_Depth,PLS,RAW,24,-4.383491,9.583786,7.642469
Zn_num,E2,E2_Min3_Field_Plus_Depth,PLS,RAW,25,-0.355642,33.9047,21.653164
Zn_num,E2,E2_Min3_Field_Plus_Depth,PLS,LOG1P,1,-0.319353,12.233248,9.454577
Zn_num,E2,E2_Min3_Field_Plus_Depth,PLS,LOG1P,2,-0.070239,31.168439,18.082928
Zn_num,E2,E2_Min3_Field_Plus_Depth,PLS,LOG1P,3,-0.128728,16.955238,11.220854
Zn_num,E2,E2_Min3_Field_Plus_Depth,PLS,LOG1P,4,-0.518112,40.923031,30.64802
Zn_num,E2,E2_Min3_Field_Plus_Depth,PLS,LOG1P,5,-0.125159,5.066753,3.568626
Zn_num,E2,E2_Min3_Field_Plus_Depth,PLS,LOG1P,6,-6.31054,11.690267,10.622004
Zn_num,E2,E2_Min3_Field_Plus_Depth,PLS,LOG1P,7,-0.547729,44.449825,29.835138
Zn_num,E2,E2_Min3_Field_Plus_Depth,PLS,LOG1P,8,-0.168066,24.089713,12.717048
Zn_num,E2,E2_Min3_Field_Plus_Depth,PLS,LOG1P,9,-0.62656,14.020747,12.172154
Zn_num,E2,E2_Min3_Field_Plus_Depth,PLS,LOG1P,10,-0.155181,16.85468,10.03693
Zn_num,E2,E2_Min3_Field_Plus_Depth,PLS,LOG1P,11,-0.146791,16.599927,10.101564
Zn_num,E2,E2_Min3_Field_Plus_Depth,PLS,LOG1P,12,-0.129787,24.561359,14.982962
Zn_num,E2,E2_Min3_Field_Plus_Depth,PLS,LOG1P,13,-0.70272,45.778443,32.814892
Zn_num,E2,E2_Min3_Field_Plus_Depth,PLS,LOG1P,14,-0.424347,14.87508,9.293415
Zn_num,E2,E2_Min3_Field_Plus_Depth,PLS,LOG1P,15,-0.884603,11.832119,10.724319
Zn_num,E2,E2_Min3_Field_Plus_Depth,PLS,LOG1P,16,-0.431187,33.992977,19.014051
Zn_num,E2,E2_Min3_Field_Plus_Depth,PLS,LOG1P,17,-7.872639,14.911713,14.150543
Zn_num,E2,E2_Min3_Field_Plus_Depth,PLS,LOG1P,18,-0.642181,38.057019,24.35327
Zn_num,E2,E2_Min3_Field_Plus_Depth,PLS,LOG1P,19,-0.291902,21.345868,15.416433
Zn_num,E2,E2_Min3_Field_Plus_Depth,PLS,LOG1P,20,0.028793,4.643788,4.264031
Zn_num,E2,E2_Min3_Field_Plus_Depth,PLS,LOG1P,21,-0.102209,19.192779,14.739362
Zn_num,E2,E2_Min3_Field_Plus_Depth,PLS,LOG1P,22,-0.03859,23.692768,13.458639
Zn_num,E2,E2_Min3_Field_Plus_Depth,PLS,LOG1P,23,-0.057479,28.623568,16.156866
Zn_num,E2,E2_Min3_Field_Plus_Depth,PLS,LOG1P,24,-0.113257,4.358156,3.800089
Zn_num,E2,E2_Min3_Field_Plus_Depth,PLS,LOG1P,25,-0.483134,35.463179,22.763417
Zn_num,E2,E2_Min3_Field_Plus_Depth,Lasso,RAW,1,-0.438439,12.773415,10.994936
Zn_num,E2,E2_Min3_Field_Plus_Depth,Lasso,RAW,2,-0.094754,31.523385,21.510122
Zn_num,E2,E2_Min3_Field_Plus_Depth,Lasso,RAW,3,-0.155992,17.158794,14.484891
Zn_num,E2,E2_Min3_Field_Plus_Depth,Lasso,RAW,4,-0.747244,43.90285,37.551485
Zn_num,E2,E2_Min3_Field_Plus_Depth,Lasso,RAW,5,-2.597775,9.060243,7.821305
Zn_num,E2,E2_Min3_Field_Plus_Depth,Lasso,RAW,6,-19.348482,19.503642,18.766642
Zn_num,E2,E2_Min3_Field_Plus_Depth,Lasso,RAW,7,-0.427621,42.690282,30.572414
Zn_num,E2,E2_Min3_Field_Plus_Depth,Lasso,RAW,8,-0.172306,24.133398,15.362314
Zn_num,E2,E2_Min3_Field_Plus_Depth,Lasso,RAW,9,-0.12388,11.654568,9.696018
Zn_num,E2,E2_Min3_Field_Plus_Depth,Lasso,RAW,10,-0.02575,15.882407,12.984597
Zn_num,E2,E2_Min3_Field_Plus_Depth,Lasso,RAW,11,-0.068002,16.01954,12.915813
Zn_num,E2,E2_Min3_Field_Plus_Depth,Lasso,RAW,12,-0.305978,26.407172,19.823682
Zn_num,E2,E2_Min3_Field_Plus_Depth,Lasso,RAW,13,-0.662368,45.232746,34.324527
Zn_num,E2,E2_Min3_Field_Plus_Depth,Lasso,RAW,14,-0.475556,15.140116,11.692276
Zn_num,E2,E2_Min3_Field_Plus_Depth,Lasso,RAW,15,-3.75265,18.789731,17.650331
Zn_num,E2,E2_Min3_Field_Plus_Depth,Lasso,RAW,16,-0.543365,35.300054,23.352826
Zn_num,E2,E2_Min3_Field_Plus_Depth,Lasso,RAW,17,-16.898699,21.179313,20.68464
Zn_num,E2,E2_Min3_Field_Plus_Depth,Lasso,RAW,18,-0.50937,36.485652,22.486861
Zn_num,E2,E2_Min3_Field_Plus_Depth,Lasso,RAW,19,-0.137995,20.034064,16.205526
Zn_num,E2,E2_Min3_Field_Plus_Depth,Lasso,RAW,20,-3.813318,10.338051,8.815364
Zn_num,E2,E2_Min3_Field_Plus_Depth,Lasso,RAW,21,-0.093038,19.112763,17.670556
Zn_num,E2,E2_Min3_Field_Plus_Depth,Lasso,RAW,22,-0.208559,25.558047,19.202502
Zn_num,E2,E2_Min3_Field_Plus_Depth,Lasso,RAW,23,-0.038125,28.36043,19.010101
Zn_num,E2,E2_Min3_Field_Plus_Depth,Lasso,RAW,24,-4.271174,9.483284,7.597479
Zn_num,E2,E2_Min3_Field_Plus_Depth,Lasso,RAW,25,-0.329464,33.575754,21.412922
Zn_num,E2,E2_Min3_Field_Plus_Depth,Lasso,LOG1P,1,-0.122727,11.284914,8.533007
Zn_num,E2,E2_Min3_Field_Plus_Depth,Lasso,LOG1P,2,-0.020216,30.431313,17.797322
Zn_num,E2,E2_Min3_Field_Plus_Depth,Lasso,LOG1P,3,-0.048001,16.337667,10.806623
Zn_num,E2,E2_Min3_Field_Plus_Depth,Lasso,LOG1P,4,-0.432394,39.750912,28.98132
Zn_num,E2,E2_Min3_Field_Plus_Depth,Lasso,LOG1P,5,-0.006249,4.791545,3.456261
Zn_num,E2,E2_Min3_Field_Plus_Depth,Lasso,LOG1P,6,-4.701767,10.324153,9.375194
Zn_num,E2,E2_Min3_Field_Plus_Depth,Lasso,LOG1P,7,-0.497156,43.717581,29.884624
Zn_num,E2,E2_Min3_Field_Plus_Depth,Lasso,LOG1P,8,-0.103848,23.418151,12.035101
Zn_num,E2,E2_Min3_Field_Plus_Depth,Lasso,LOG1P,9,-0.190799,11.996522,9.772295
Zn_num,E2,E2_Min3_Field_Plus_Depth,Lasso,LOG1P,10,-0.056806,16.121043,9.792588
Zn_num,E2,E2_Min3_Field_Plus_Depth,Lasso,LOG1P,11,-0.09,16.18368,9.907092
Zn_num,E2,E2_Min3_Field_Plus_Depth,Lasso,LOG1P,12,-0.041653,23.583895,13.93803
Zn_num,E2,E2_Min3_Field_Plus_Depth,Lasso,LOG1P,13,-0.513857,43.165007,28.194567
Zn_num,E2,E2_Min3_Field_Plus_Depth,Lasso,LOG1P,14,-0.127955,13.237235,7.747483
Zn_num,E2,E2_Min3_Field_Plus_Depth,Lasso,LOG1P,15,-0.63788,11.030463,9.807302
Zn_num,E2,E2_Min3_Field_Plus_Depth,Lasso,LOG1P,16,-0.267816,31.994045,16.752154
Zn_num,E2,E2_Min3_Field_Plus_Depth,Lasso,LOG1P,17,-7.164768,14.304513,13.399921
Zn_num,E2,E2_Min3_Field_Plus_Depth,Lasso,LOG1P,18,-0.603341,37.604272,23.456572
Zn_num,E2,E2_Min3_Field_Plus_Depth,Lasso,LOG1P,19,-0.185267,20.44594,14.437054
Zn_num,E2,E2_Min3_Field_Plus_Depth,Lasso,LOG1P,20,-0.011064,4.738117,4.397338
Zn_num,E2,E2_Min3_Field_Plus_Depth,Lasso,LOG1P,21,-0.07566,18.960218,14.383684
Zn_num,E2,E2_Min3_Field_Plus_Depth,Lasso,LOG1P,22,-0.033822,23.638324,13.715734
Zn_num,E2,E2_Min3_Field_Plus_Depth,Lasso,LOG1P,23,-0.049393,28.51393,16.014221
Zn_num,E2,E2_Min3_Field_Plus_Depth,Lasso,LOG1P,24,-0.000424,4.131398,3.661324
Zn_num,E2,E2_Min3_Field_Plus_Depth,Lasso,LOG1P,25,-0.308828,33.314154,20.230155
Zn_num,E2,E2_Min3_Field_Plus_Depth,Ridge,RAW,1,-0.449871,12.824073,11.02496
Zn_num,E2,E2_Min3_Field_Plus_Depth,Ridge,RAW,2,-0.096844,31.553463,21.506745
Zn_num,E2,E2_Min3_Field_Plus_Depth,Ridge,RAW,3,-0.156847,17.165132,14.491764
Zn_num,E2,E2_Min3_Field_Plus_Depth,Ridge,RAW,4,-0.723477,43.60323,37.197
Zn_num,E2,E2_Min3_Field_Plus_Depth,Ridge,RAW,5,-2.615784,9.082891,7.836048
Zn_num,E2,E2_Min3_Field_Plus_Depth,Ridge,RAW,6,-19.372471,19.515135,18.775343
Zn_num,E2,E2_Min3_Field_Plus_Depth,Ridge,RAW,7,-0.428141,42.698056,30.608782
Zn_num,E2,E2_Min3_Field_Plus_Depth,Ridge,RAW,8,-0.172665,24.137089,15.348808
Zn_num,E2,E2_Min3_Field_Plus_Depth,Ridge,RAW,9,-0.140759,11.741755,9.778255
Zn_num,E2,E2_Min3_Field_Plus_Depth,Ridge,RAW,10,-0.025156,15.877804,12.99285
Zn_num,E2,E2_Min3_Field_Plus_Depth,Ridge,RAW,11,-0.072329,16.051957,12.955843
Zn_num,E2,E2_Min3_Field_Plus_Depth,Ridge,RAW,12,-0.304356,26.390769,19.806897
Zn_num,E2,E2_Min3_Field_Plus_Depth,Ridge,RAW,13,-0.659537,45.194219,34.26995
Zn_num,E2,E2_Min3_Field_Plus_Depth,Ridge,RAW,14,-0.493703,15.232932,11.780142
Zn_num,E2,E2_Min3_Field_Plus_Depth,Ridge,RAW,15,-3.73134,18.747559,17.60628
Zn_num,E2,E2_Min3_Field_Plus_Depth,Ridge,RAW,16,-0.534381,35.19717,23.210051
Zn_num,E2,E2_Min3_Field_Plus_Depth,Ridge,RAW,17,-16.888996,21.173572,20.676749
Zn_num,E2,E2_Min3_Field_Plus_Depth,Ridge,RAW,18,-0.508278,36.472447,22.494175
Zn_num,E2,E2_Min3_Field_Plus_Depth,Ridge,RAW,19,-0.143034,20.078374,16.224225
Zn_num,E2,E2_Min3_Field_Plus_Depth,Ridge,RAW,20,-3.791815,10.314933,8.796559
Zn_num,E2,E2_Min3_Field_Plus_Depth,Ridge,RAW,21,-0.093115,19.113441,17.678688
Zn_num,E2,E2_Min3_Field_Plus_Depth,Ridge,RAW,22,-0.208573,25.558192,19.166081
Zn_num,E2,E2_Min3_Field_Plus_Depth,Ridge,RAW,23,-0.037436,28.351017,19.026033
Zn_num,E2,E2_Min3_Field_Plus_Depth,Ridge,RAW,24,-4.292178,9.502159,7.572651
Zn_num,E2,E2_Min3_Field_Plus_Depth,Ridge,RAW,25,-0.328074,33.5582,21.394224
Zn_num,E2,E2_Min3_Field_Plus_Depth,Ridge,LOG1P,1,-0.313535,12.206243,9.429227
Zn_num,E2,E2_Min3_Field_Plus_Depth,Ridge,LOG1P,2,-0.071124,31.181324,18.006438
Zn_num,E2,E2_Min3_Field_Plus_Depth,Ridge,LOG1P,3,-0.119229,16.883742,11.170952
Zn_num,E2,E2_Min3_Field_Plus_Depth,Ridge,LOG1P,4,-0.521608,40.970125,30.896063
Zn_num,E2,E2_Min3_Field_Plus_Depth,Ridge,LOG1P,5,-0.10315,5.016955,3.512205
Zn_num,E2,E2_Min3_Field_Plus_Depth,Ridge,LOG1P,6,-6.240305,11.633975,10.570387
Zn_num,E2,E2_Min3_Field_Plus_Depth,Ridge,LOG1P,7,-0.545156,44.412853,29.821065
Zn_num,E2,E2_Min3_Field_Plus_Depth,Ridge,LOG1P,8,-0.165793,24.066263,12.68918
Zn_num,E2,E2_Min3_Field_Plus_Depth,Ridge,LOG1P,9,-0.602456,13.916474,12.077828
Zn_num,E2,E2_Min3_Field_Plus_Depth,Ridge,LOG1P,10,-0.143758,16.771139,9.929423
Zn_num,E2,E2_Min3_Field_Plus_Depth,Ridge,LOG1P,11,-0.139202,16.544909,10.071319
Zn_num,E2,E2_Min3_Field_Plus_Depth,Ridge,LOG1P,12,-0.124718,24.50619,14.945069
Zn_num,E2,E2_Min3_Field_Plus_Depth,Ridge,LOG1P,13,-0.684272,45.529784,32.407227
Zn_num,E2,E2_Min3_Field_Plus_Depth,Ridge,LOG1P,14,-0.405188,14.774696,9.189999
Zn_num,E2,E2_Min3_Field_Plus_Depth,Ridge,LOG1P,15,-0.892368,11.856472,10.778987
Zn_num,E2,E2_Min3_Field_Plus_Depth,Ridge,LOG1P,16,-0.436325,34.053949,19.149218
Zn_num,E2,E2_Min3_Field_Plus_Depth,Ridge,LOG1P,17,-7.84987,14.892568,14.128098
Zn_num,E2,E2_Min3_Field_Plus_Depth,Ridge,LOG1P,18,-0.641661,38.050993,24.392748
Zn_num,E2,E2_Min3_Field_Plus_Depth,Ridge,LOG1P,19,-0.288564,21.318274,15.405541
Zn_num,E2,E2_Min3_Field_Plus_Depth,Ridge,LOG1P,20,0.025639,4.651323,4.273463
Zn_num,E2,E2_Min3_Field_Plus_Depth,Ridge,LOG1P,21,-0.099779,19.171611,14.731039
Zn_num,E2,E2_Min3_Field_Plus_Depth,Ridge,LOG1P,22,-0.036924,23.673753,13.487284
Zn_num,E2,E2_Min3_Field_Plus_Depth,Ridge,LOG1P,23,-0.057334,28.621605,16.229159
Zn_num,E2,E2_Min3_Field_Plus_Depth,Ridge,LOG1P,24,-0.088844,4.310106,3.771959
Zn_num,E2,E2_Min3_Field_Plus_Depth,Ridge,LOG1P,25,-0.467275,35.273062,22.588865
Zn_num,E2,E2_Min3_Field_Plus_Depth,ElasticNet,RAW,1,-0.425942,12.717805,10.951413
Zn_num,E2,E2_Min3_Field_Plus_Depth,ElasticNet,RAW,2,-0.090729,31.465381,21.527071
Zn_num,E2,E2_Min3_Field_Plus_Depth,ElasticNet,RAW,3,-0.151621,17.126322,14.435989
Zn_num,E2,E2_Min3_Field_Plus_Depth,ElasticNet,RAW,4,-0.703658,43.3518,36.903191
Zn_num,E2,E2_Min3_Field_Plus_Depth,ElasticNet,RAW,5,-2.614347,9.081086,7.838382
Zn_num,E2,E2_Min3_Field_Plus_Depth,ElasticNet,RAW,6,-19.182018,19.423702,18.695084
Zn_num,E2,E2_Min3_Field_Plus_Depth,ElasticNet,RAW,7,-0.424744,42.647249,30.536429
Zn_num,E2,E2_Min3_Field_Plus_Depth,ElasticNet,RAW,8,-0.165952,24.0679,15.314678
Zn_num,E2,E2_Min3_Field_Plus_Depth,ElasticNet,RAW,9,-0.126055,11.665839,9.689949
Zn_num,E2,E2_Min3_Field_Plus_Depth,ElasticNet,RAW,10,-0.025641,15.881562,12.986395
Zn_num,E2,E2_Min3_Field_Plus_Depth,ElasticNet,RAW,11,-0.069528,16.030981,12.920105
Zn_num,E2,E2_Min3_Field_Plus_Depth,ElasticNet,RAW,12,-0.294191,26.287742,19.739696
Zn_num,E2,E2_Min3_Field_Plus_Depth,ElasticNet,RAW,13,-0.645929,45.00855,34.072062
Zn_num,E2,E2_Min3_Field_Plus_Depth,ElasticNet,RAW,14,-0.461376,15.067191,11.651
Zn_num,E2,E2_Min3_Field_Plus_Depth,ElasticNet,RAW,15,-3.666891,18.619434,17.481962
Zn_num,E2,E2_Min3_Field_Plus_Depth,ElasticNet,RAW,16,-0.504374,34.851305,22.740641
Zn_num,E2,E2_Min3_Field_Plus_Depth,ElasticNet,RAW,17,-16.852234,21.151805,20.656597
Zn_num,E2,E2_Min3_Field_Plus_Depth,ElasticNet,RAW,18,-0.503535,36.415053,22.440296
Zn_num,E2,E2_Min3_Field_Plus_Depth,ElasticNet,RAW,19,-0.131293,19.974989,16.17446
Zn_num,E2,E2_Min3_Field_Plus_Depth,ElasticNet,RAW,20,-3.75805,10.278527,8.742958
Zn_num,E2,E2_Min3_Field_Plus_Depth,ElasticNet,RAW,21,-0.090792,19.093121,17.639776
Zn_num,E2,E2_Min3_Field_Plus_Depth,ElasticNet,RAW,22,-0.198153,25.447776,19.038132
Zn_num,E2,E2_Min3_Field_Plus_Depth,ElasticNet,RAW,23,-0.035662,28.326763,19.013399
Zn_num,E2,E2_Min3_Field_Plus_Depth,ElasticNet,RAW,24,-4.235177,9.450849,7.584555
Zn_num,E2,E2_Min3_Field_Plus_Depth,ElasticNet,RAW,25,-0.310127,33.330681,21.060797
Zn_num,E2,E2_Min3_Field_Plus_Depth,ElasticNet,LOG1P,1,-0.144534,11.393984,8.661744
Zn_num,E2,E2_Min3_Field_Plus_Depth,ElasticNet,LOG1P,2,-0.022265,30.461861,17.890806
Zn_num,E2,E2_Min3_Field_Plus_Depth,ElasticNet,LOG1P,3,-0.056307,16.402288,10.885726
Zn_num,E2,E2_Min3_Field_Plus_Depth,ElasticNet,LOG1P,4,-0.469688,40.265073,29.806358
Zn_num,E2,E2_Min3_Field_Plus_Depth,ElasticNet,LOG1P,5,-0.006249,4.791545,3.456261
Zn_num,E2,E2_Min3_Field_Plus_Depth,ElasticNet,LOG1P,6,-5.311201,10.861897,9.844874
Zn_num,E2,E2_Min3_Field_Plus_Depth,ElasticNet,LOG1P,7,-0.515664,43.986964,29.715892
Zn_num,E2,E2_Min3_Field_Plus_Depth,ElasticNet,LOG1P,8,-0.123366,23.624279,12.129255
Zn_num,E2,E2_Min3_Field_Plus_Depth,ElasticNet,LOG1P,9,-0.319293,12.62719,10.710761
Zn_num,E2,E2_Min3_Field_Plus_Depth,ElasticNet,LOG1P,10,-0.056806,16.121043,9.792588
Zn_num,E2,E2_Min3_Field_Plus_Depth,ElasticNet,LOG1P,11,-0.093327,16.208354,9.927292
Zn_num,E2,E2_Min3_Field_Plus_Depth,ElasticNet,LOG1P,12,-0.076704,23.977403,14.439991
Zn_num,E2,E2_Min3_Field_Plus_Depth,ElasticNet,LOG1P,13,-0.566653,43.911255,29.741409
Zn_num,E2,E2_Min3_Field_Plus_Depth,ElasticNet,LOG1P,14,-0.142704,13.323496,7.697693
Zn_num,E2,E2_Min3_Field_Plus_Depth,ElasticNet,LOG1P,15,-0.709636,11.269494,10.067688
Zn_num,E2,E2_Min3_Field_Plus_Depth,ElasticNet,LOG1P,16,-0.313944,32.570881,16.912618
Zn_num,E2,E2_Min3_Field_Plus_Depth,ElasticNet,LOG1P,17,-7.350795,14.466553,13.623123
Zn_num,E2,E2_Min3_Field_Plus_Depth,ElasticNet,LOG1P,18,-0.609104,37.671794,23.770993
Zn_num,E2,E2_Min3_Field_Plus_Depth,ElasticNet,LOG1P,19,-0.231326,20.839413,14.981655
Zn_num,E2,E2_Min3_Field_Plus_Depth,ElasticNet,LOG1P,20,-0.011064,4.738117,4.397338
Zn_num,E2,E2_Min3_Field_Plus_Depth,ElasticNet,LOG1P,21,-0.0854,19.045869,14.447535
Zn_num,E2,E2_Min3_Field_Plus_Depth,ElasticNet,LOG1P,22,-0.033822,23.638324,13.715734
Zn_num,E2,E2_Min3_Field_Plus_Depth,ElasticNet,LOG1P,23,-0.049393,28.51393,16.014221
Zn_num,E2,E2_Min3_Field_Plus_Depth,ElasticNet,LOG1P,24,-0.000424,4.131398,3.661324
Zn_num,E2,E2_Min3_Field_Plus_Depth,ElasticNet,LOG1P,25,-0.337311,33.674702,20.503556
Zn_num,E3,E3_Min4_Field_Depth_LogSalinity,SVR_RBF,RAW,1,-0.298464,12.136017,8.950336
Zn_num,E3,E3_Min4_Field_Depth_LogSalinity,SVR_RBF,RAW,2,-0.04786,30.840835,17.086669
Zn_num,E3,E3_Min4_Field_Depth_LogSalinity,SVR_RBF,RAW,3,-0.108928,16.805869,10.721923
Zn_num,E3,E3_Min4_Field_Depth_LogSalinity,SVR_RBF,RAW,4,-0.415431,39.514843,28.524214
Zn_num,E3,E3_Min4_Field_Depth_LogSalinity,SVR_RBF,RAW,5,-0.74436,6.308715,5.682998
Zn_num,E3,E3_Min4_Field_Depth_LogSalinity,SVR_RBF,RAW,6,-3.895642,9.566532,8.371569
Zn_num,E3,E3_Min4_Field_Depth_LogSalinity,SVR_RBF,RAW,7,-0.560103,44.627157,30.239305
Zn_num,E3,E3_Min4_Field_Depth_LogSalinity,SVR_RBF,RAW,8,-0.224122,24.660981,13.240539
Zn_num,E3,E3_Min4_Field_Depth_LogSalinity,SVR_RBF,RAW,9,-0.445006,13.215114,11.069995
Zn_num,E3,E3_Min4_Field_Depth_LogSalinity,SVR_RBF,RAW,10,-0.129769,16.668264,10.027045
Zn_num,E3,E3_Min4_Field_Depth_LogSalinity,SVR_RBF,RAW,11,-0.228711,17.182598,10.125385
Zn_num,E3,E3_Min4_Field_Depth_LogSalinity,SVR_RBF,RAW,12,-0.08405,24.059058,14.204299
Zn_num,E3,E3_Min4_Field_Depth_LogSalinity,SVR_RBF,RAW,13,-0.506963,43.066614,27.711541
Zn_num,E3,E3_Min4_Field_Depth_LogSalinity,SVR_RBF,RAW,14,-0.45344,15.026223,10.340477
Zn_num,E3,E3_Min4_Field_Depth_LogSalinity,SVR_RBF,RAW,15,-0.266103,9.698111,8.665301
Zn_num,E3,E3_Min4_Field_Depth_LogSalinity,SVR_RBF,RAW,16,-0.271988,32.046642,16.659608
Zn_num,E3,E3_Min4_Field_Depth_LogSalinity,SVR_RBF,RAW,17,-4.417434,11.651932,10.97374
Zn_num,E3,E3_Min4_Field_Depth_LogSalinity,SVR_RBF,RAW,18,-0.704396,38.771221,24.794769
Zn_num,E3,E3_Min4_Field_Depth_LogSalinity,SVR_RBF,RAW,19,-0.274333,21.200225,14.719085
Zn_num,E3,E3_Min4_Field_Depth_LogSalinity,SVR_RBF,RAW,20,-0.287688,5.347143,4.763142
Zn_num,E3,E3_Min4_Field_Depth_LogSalinity,SVR_RBF,RAW,21,-0.109022,19.252,14.321543
Zn_num,E3,E3_Min4_Field_Depth_LogSalinity,SVR_RBF,RAW,22,-0.062165,23.960162,13.468214
Zn_num,E3,E3_Min4_Field_Depth_LogSalinity,SVR_RBF,RAW,23,-0.088537,29.04087,15.882602
Zn_num,E3,E3_Min4_Field_Depth_LogSalinity,SVR_RBF,RAW,24,-0.771535,5.497686,4.671792
Zn_num,E3,E3_Min4_Field_Depth_LogSalinity,SVR_RBF,RAW,25,-0.40622,34.531392,21.067024
Zn_num,E3,E3_Min4_Field_Depth_LogSalinity,SVR_RBF,LOG1P,1,-0.341471,12.335363,9.391265
Zn_num,E3,E3_Min4_Field_Depth_LogSalinity,SVR_RBF,LOG1P,2,-0.106742,31.695507,17.822567
Zn_num,E3,E3_Min4_Field_Depth_LogSalinity,SVR_RBF,LOG1P,3,-0.201283,17.491696,11.028667
Zn_num,E3,E3_Min4_Field_Depth_LogSalinity,SVR_RBF,LOG1P,4,-0.558356,41.461896,31.044321
Zn_num,E3,E3_Min4_Field_Depth_LogSalinity,SVR_RBF,LOG1P,5,-3.398754,10.018154,9.166107
Zn_num,E3,E3_Min4_Field_Depth_LogSalinity,SVR_RBF,LOG1P,6,-5.818224,11.289776,8.974497
Zn_num,E3,E3_Min4_Field_Depth_LogSalinity,SVR_RBF,LOG1P,7,-0.647345,45.85797,31.435306
Zn_num,E3,E3_Min4_Field_Depth_LogSalinity,SVR_RBF,LOG1P,8,-0.494832,27.251729,17.000175
Zn_num,E3,E3_Min4_Field_Depth_LogSalinity,SVR_RBF,LOG1P,9,-0.398449,13.000481,11.053419
Zn_num,E3,E3_Min4_Field_Depth_LogSalinity,SVR_RBF,LOG1P,10,-0.19532,17.145001,10.621065
Zn_num,E3,E3_Min4_Field_Depth_LogSalinity,SVR_RBF,LOG1P,11,-0.239056,17.25478,9.814
Zn_num,E3,E3_Min4_Field_Depth_LogSalinity,SVR_RBF,LOG1P,12,-0.113843,24.387425,14.611533
Zn_num,E3,E3_Min4_Field_Depth_LogSalinity,SVR_RBF,LOG1P,13,-0.598269,44.352119,29.261104
Zn_num,E3,E3_Min4_Field_Depth_LogSalinity,SVR_RBF,LOG1P,14,-1.102538,18.072709,12.950346
Zn_num,E3,E3_Min4_Field_Depth_LogSalinity,SVR_RBF,LOG1P,15,-0.61655,10.958403,9.507332
Zn_num,E3,E3_Min4_Field_Depth_LogSalinity,SVR_RBF,LOG1P,16,-0.319543,32.640202,16.963933
Zn_num,E3,E3_Min4_Field_Depth_LogSalinity,SVR_RBF,LOG1P,17,-6.162588,13.397882,12.446784
Zn_num,E3,E3_Min4_Field_Depth_LogSalinity,SVR_RBF,LOG1P,18,-0.824677,40.115968,26.478955
Zn_num,E3,E3_Min4_Field_Depth_LogSalinity,SVR_RBF,LOG1P,19,-0.353585,21.84951,14.655908
Zn_num,E3,E3_Min4_Field_Depth_LogSalinity,SVR_RBF,LOG1P,20,-2.52319,8.844728,7.043775
Zn_num,E3,E3_Min4_Field_Depth_LogSalinity,SVR_RBF,LOG1P,21,-0.128226,19.417976,14.453899
Zn_num,E3,E3_Min4_Field_Depth_LogSalinity,SVR_RBF,LOG1P,22,-0.010571,23.370996,13.285592
Zn_num,E3,E3_Min4_Field_Depth_LogSalinity,SVR_RBF,LOG1P,23,-0.258919,31.231071,17.313967
Zn_num,E3,E3_Min4_Field_Depth_LogSalinity,SVR_RBF,LOG1P,24,-1.749197,6.848698,5.712704
Zn_num,E3,E3_Min4_Field_Depth_LogSalinity,SVR_RBF,LOG1P,25,-0.45094,35.076169,21.690012
Zn_num,E3,E3_Min4_Field_Depth_LogSalinity,PLS,RAW,1,-0.479391,12.953964,11.171515
Zn_num,E3,E3_Min4_Field_Depth_LogSalinity,PLS,RAW,2,-0.124801,31.953058,21.581164
Zn_num,E3,E3_Min4_Field_Depth_LogSalinity,PLS,RAW,3,-0.167223,17.241941,14.570078
Zn_num,E3,E3_Min4_Field_Depth_LogSalinity,PLS,RAW,4,-0.795433,44.504148,37.959396
Zn_num,E3,E3_Min4_Field_Depth_LogSalinity,PLS,RAW,5,-2.908452,9.443332,8.347436
Zn_num,E3,E3_Min4_Field_Depth_LogSalinity,PLS,RAW,6,-19.221724,19.442799,18.703541
Zn_num,E3,E3_Min4_Field_Depth_LogSalinity,PLS,RAW,7,-0.431015,42.740992,30.565151
Zn_num,E3,E3_Min4_Field_Depth_LogSalinity,PLS,RAW,8,-0.211042,24.528872,15.366749
Zn_num,E3,E3_Min4_Field_Depth_LogSalinity,PLS,RAW,9,-0.165847,11.870168,9.895737
Zn_num,E3,E3_Min4_Field_Depth_LogSalinity,PLS,RAW,10,-0.029292,15.909799,12.956819
Zn_num,E3,E3_Min4_Field_Depth_LogSalinity,PLS,RAW,11,-0.070572,16.0388,12.951899
Zn_num,E3,E3_Min4_Field_Depth_LogSalinity,PLS,RAW,12,-0.349412,26.842704,20.131631
Zn_num,E3,E3_Min4_Field_Depth_LogSalinity,PLS,RAW,13,-0.679464,45.464751,34.666685
Zn_num,E3,E3_Min4_Field_Depth_LogSalinity,PLS,RAW,14,-0.587174,15.702311,12.166812
Zn_num,E3,E3_Min4_Field_Depth_LogSalinity,PLS,RAW,15,-3.544175,18.373004,17.248495
Zn_num,E3,E3_Min4_Field_Depth_LogSalinity,PLS,RAW,16,-0.545013,35.318901,23.304893
Zn_num,E3,E3_Min4_Field_Depth_LogSalinity,PLS,RAW,17,-17.371831,21.457413,20.904114
Zn_num,E3,E3_Min4_Field_Depth_LogSalinity,PLS,RAW,18,-0.543824,36.899721,22.755903
Zn_num,E3,E3_Min4_Field_Depth_LogSalinity,PLS,RAW,19,-0.178237,20.385219,16.713282
Zn_num,E3,E3_Min4_Field_Depth_LogSalinity,PLS,RAW,20,-3.838764,10.365342,8.73004
Zn_num,E3,E3_Min4_Field_Depth_LogSalinity,PLS,RAW,21,-0.08758,19.064985,17.597456
Zn_num,E3,E3_Min4_Field_Depth_LogSalinity,PLS,RAW,22,-0.243887,25.928909,19.646241
Zn_num,E3,E3_Min4_Field_Depth_LogSalinity,PLS,RAW,23,-0.05083,28.533444,19.474385
Zn_num,E3,E3_Min4_Field_Depth_LogSalinity,PLS,RAW,24,-4.784341,9.93418,8.086395
Zn_num,E3,E3_Min4_Field_Depth_LogSalinity,PLS,RAW,25,-0.397819,34.428092,22.441743
Zn_num,E3,E3_Min4_Field_Depth_LogSalinity,PLS,LOG1P,1,-0.345123,12.352142,9.569344
Zn_num,E3,E3_Min4_Field_Depth_LogSalinity,PLS,LOG1P,2,-0.074083,31.22436,18.128943
Zn_num,E3,E3_Min4_Field_Depth_LogSalinity,PLS,LOG1P,3,-0.122568,16.908908,11.190508
Zn_num,E3,E3_Min4_Field_Depth_LogSalinity,PLS,LOG1P,4,-0.533685,41.132389,31.073344
Zn_num,E3,E3_Min4_Field_Depth_LogSalinity,PLS,LOG1P,5,-0.12245,5.060651,3.566268
Zn_num,E3,E3_Min4_Field_Depth_LogSalinity,PLS,LOG1P,6,-6.264476,11.653378,10.590692
Zn_num,E3,E3_Min4_Field_Depth_LogSalinity,PLS,LOG1P,7,-0.542835,44.379496,29.912956
Zn_num,E3,E3_Min4_Field_Depth_LogSalinity,PLS,LOG1P,8,-0.208326,24.501348,13.129202
Zn_num,E3,E3_Min4_Field_Depth_LogSalinity,PLS,LOG1P,9,-0.629701,14.034279,12.159532
Zn_num,E3,E3_Min4_Field_Depth_LogSalinity,PLS,LOG1P,10,-0.149631,16.814144,9.980342
Zn_num,E3,E3_Min4_Field_Depth_LogSalinity,PLS,LOG1P,11,-0.141243,16.559723,10.10338
Zn_num,E3,E3_Min4_Field_Depth_LogSalinity,PLS,LOG1P,12,-0.156608,24.851187,15.300027
Zn_num,E3,E3_Min4_Field_Depth_LogSalinity,PLS,LOG1P,13,-0.701641,45.763933,32.833474
Zn_num,E3,E3_Min4_Field_Depth_LogSalinity,PLS,LOG1P,14,-0.401033,14.752838,9.136961
Zn_num,E3,E3_Min4_Field_Depth_LogSalinity,PLS,LOG1P,15,-0.872406,11.793769,10.724069
Zn_num,E3,E3_Min4_Field_Depth_LogSalinity,PLS,LOG1P,16,-0.429054,33.967642,18.983117
Zn_num,E3,E3_Min4_Field_Depth_LogSalinity,PLS,LOG1P,17,-8.287286,15.256171,14.371177
Zn_num,E3,E3_Min4_Field_Depth_LogSalinity,PLS,LOG1P,18,-0.677125,38.459799,24.672276
Zn_num,E3,E3_Min4_Field_Depth_LogSalinity,PLS,LOG1P,19,-0.289305,21.324401,15.380248
Zn_num,E3,E3_Min4_Field_Depth_LogSalinity,PLS,LOG1P,20,-0.559071,5.883685,5.077538
Zn_num,E3,E3_Min4_Field_Depth_LogSalinity,PLS,LOG1P,21,-0.100969,19.181977,14.74102
Zn_num,E3,E3_Min4_Field_Depth_LogSalinity,PLS,LOG1P,22,-0.041705,23.72827,13.442859
Zn_num,E3,E3_Min4_Field_Depth_LogSalinity,PLS,LOG1P,23,-0.069364,28.783972,16.355005
Zn_num,E3,E3_Min4_Field_Depth_LogSalinity,PLS,LOG1P,24,-0.130512,4.391801,3.801168
Zn_num,E3,E3_Min4_Field_Depth_LogSalinity,PLS,LOG1P,25,-0.479443,35.419022,22.718873
Zn_num,E3,E3_Min4_Field_Depth_LogSalinity,Lasso,RAW,1,-0.437926,12.771134,10.992809
Zn_num,E3,E3_Min4_Field_Depth_LogSalinity,Lasso,RAW,2,-0.122254,31.916854,22.133258
Zn_num,E3,E3_Min4_Field_Depth_LogSalinity,Lasso,RAW,3,-0.152528,17.133065,14.437479
Zn_num,E3,E3_Min4_Field_Depth_LogSalinity,Lasso,RAW,4,-0.791782,44.458879,37.795013
Zn_num,E3,E3_Min4_Field_Depth_LogSalinity,Lasso,RAW,5,-6.815905,13.354034,11.992731
Zn_num,E3,E3_Min4_Field_Depth_LogSalinity,Lasso,RAW,6,-21.306727,20.420559,19.324442
Zn_num,E3,E3_Min4_Field_Depth_LogSalinity,Lasso,RAW,7,-0.42602,42.666345,30.374015
Zn_num,E3,E3_Min4_Field_Depth_LogSalinity,Lasso,RAW,8,-0.225273,24.67257,15.281363
Zn_num,E3,E3_Min4_Field_Depth_LogSalinity,Lasso,RAW,9,-0.117047,11.619082,9.424217
Zn_num,E3,E3_Min4_Field_Depth_LogSalinity,Lasso,RAW,10,-0.057744,16.128197,13.151447
Zn_num,E3,E3_Min4_Field_Depth_LogSalinity,Lasso,RAW,11,-0.063389,15.984906,12.721311
Zn_num,E3,E3_Min4_Field_Depth_LogSalinity,Lasso,RAW,12,-0.359111,26.939004,20.244678
Zn_num,E3,E3_Min4_Field_Depth_LogSalinity,Lasso,RAW,13,-0.661967,45.227298,34.403723
Zn_num,E3,E3_Min4_Field_Depth_LogSalinity,Lasso,RAW,14,-0.467598,15.099232,11.536684
Zn_num,E3,E3_Min4_Field_Depth_LogSalinity,Lasso,RAW,15,-3.970863,19.216246,17.590251
Zn_num,E3,E3_Min4_Field_Depth_LogSalinity,Lasso,RAW,16,-0.566891,35.568083,23.69476
Zn_num,E3,E3_Min4_Field_Depth_LogSalinity,Lasso,RAW,17,-22.804629,24.424847,23.070771
Zn_num,E3,E3_Min4_Field_Depth_LogSalinity,Lasso,RAW,18,-0.591544,37.465675,23.64808
Zn_num,E3,E3_Min4_Field_Depth_LogSalinity,Lasso,RAW,19,-0.190566,20.491589,16.678507
Zn_num,E3,E3_Min4_Field_Depth_LogSalinity,Lasso,RAW,20,-3.804663,10.328752,8.821122
Zn_num,E3,E3_Min4_Field_Depth_LogSalinity,Lasso,RAW,21,-0.202979,20.050947,18.849747
Zn_num,E3,E3_Min4_Field_Depth_LogSalinity,Lasso,RAW,22,-0.244647,25.936823,19.571551
Zn_num,E3,E3_Min4_Field_Depth_LogSalinity,Lasso,RAW,23,-0.057081,28.618185,19.74307
Zn_num,E3,E3_Min4_Field_Depth_LogSalinity,Lasso,RAW,24,-6.341082,11.191418,9.214228
Zn_num,E3,E3_Min4_Field_Depth_LogSalinity,Lasso,RAW,25,-0.376843,34.168802,22.258666
Zn_num,E3,E3_Min4_Field_Depth_LogSalinity,Lasso,LOG1P,1,-0.122727,11.284914,8.533007
Zn_num,E3,E3_Min4_Field_Depth_LogSalinity,Lasso,LOG1P,2,-0.020216,30.431313,17.797322
Zn_num,E3,E3_Min4_Field_Depth_LogSalinity,Lasso,LOG1P,3,-0.048001,16.337667,10.806623
Zn_num,E3,E3_Min4_Field_Depth_LogSalinity,Lasso,LOG1P,4,-0.432394,39.750912,28.98132
Zn_num,E3,E3_Min4_Field_Depth_LogSalinity,Lasso,LOG1P,5,-0.006249,4.791545,3.456261
Zn_num,E3,E3_Min4_Field_Depth_LogSalinity,Lasso,LOG1P,6,-4.701767,10.324153,9.375194
Zn_num,E3,E3_Min4_Field_Depth_LogSalinity,Lasso,LOG1P,7,-0.497156,43.717581,29.884624
Zn_num,E3,E3_Min4_Field_Depth_LogSalinity,Lasso,LOG1P,8,-0.103848,23.418151,12.035101
Zn_num,E3,E3_Min4_Field_Depth_LogSalinity,Lasso,LOG1P,9,-0.190799,11.996522,9.772295
Zn_num,E3,E3_Min4_Field_Depth_LogSalinity,Lasso,LOG1P,10,-0.056806,16.121043,9.792588
Zn_num,E3,E3_Min4_Field_Depth_LogSalinity,Lasso,LOG1P,11,-0.09,16.18368,9.907092
Zn_num,E3,E3_Min4_Field_Depth_LogSalinity,Lasso,LOG1P,12,-0.041653,23.583895,13.93803
Zn_num,E3,E3_Min4_Field_Depth_LogSalinity,Lasso,LOG1P,13,-0.513857,43.165007,28.194567
Zn_num,E3,E3_Min4_Field_Depth_LogSalinity,Lasso,LOG1P,14,-0.127955,13.237235,7.747483
Zn_num,E3,E3_Min4_Field_Depth_LogSalinity,Lasso,LOG1P,15,-0.63788,11.030463,9.807302
Zn_num,E3,E3_Min4_Field_Depth_LogSalinity,Lasso,LOG1P,16,-0.267816,31.994045,16.752154
Zn_num,E3,E3_Min4_Field_Depth_LogSalinity,Lasso,LOG1P,17,-7.164768,14.304513,13.399921
Zn_num,E3,E3_Min4_Field_Depth_LogSalinity,Lasso,LOG1P,18,-0.603341,37.604272,23.456572
Zn_num,E3,E3_Min4_Field_Depth_LogSalinity,Lasso,LOG1P,19,-0.185267,20.44594,14.437054
Zn_num,E3,E3_Min4_Field_Depth_LogSalinity,Lasso,LOG1P,20,-0.011064,4.738117,4.397338
Zn_num,E3,E3_Min4_Field_Depth_LogSalinity,Lasso,LOG1P,21,-0.07566,18.960218,14.383684
Zn_num,E3,E3_Min4_Field_Depth_LogSalinity,Lasso,LOG1P,22,-0.033822,23.638324,13.715734
Zn_num,E3,E3_Min4_Field_Depth_LogSalinity,Lasso,LOG1P,23,-0.049393,28.51393,16.014221
Zn_num,E3,E3_Min4_Field_Depth_LogSalinity,Lasso,LOG1P,24,-0.000424,4.131398,3.661324
Zn_num,E3,E3_Min4_Field_Depth_LogSalinity,Lasso,LOG1P,25,-0.308828,33.314154,20.230155
Zn_num,E3,E3_Min4_Field_Depth_LogSalinity,Ridge,RAW,1,-0.432786,12.74829,10.922652
Zn_num,E3,E3_Min4_Field_Depth_LogSalinity,Ridge,RAW,2,-0.118611,31.865013,21.972008
Zn_num,E3,E3_Min4_Field_Depth_LogSalinity,Ridge,RAW,3,-0.146019,17.084613,14.301549
Zn_num,E3,E3_Min4_Field_Depth_LogSalinity,Ridge,RAW,4,-0.766042,44.13838,37.469992
Zn_num,E3,E3_Min4_Field_Depth_LogSalinity,Ridge,RAW,5,-4.287348,10.983527,9.235946
Zn_num,E3,E3_Min4_Field_Depth_LogSalinity,Ridge,RAW,6,-20.264884,19.937982,19.022766
Zn_num,E3,E3_Min4_Field_Depth_LogSalinity,Ridge,RAW,7,-0.426417,42.672282,30.424397
Zn_num,E3,E3_Min4_Field_Depth_LogSalinity,Ridge,RAW,8,-0.223534,24.655056,15.27941
Zn_num,E3,E3_Min4_Field_Depth_LogSalinity,Ridge,RAW,9,-0.130126,11.686906,9.476445
Zn_num,E3,E3_Min4_Field_Depth_LogSalinity,Ridge,RAW,10,-0.051161,16.077932,13.106964
Zn_num,E3,E3_Min4_Field_Depth_LogSalinity,Ridge,RAW,11,-0.067656,16.016944,12.786323
Zn_num,E3,E3_Min4_Field_Depth_LogSalinity,Ridge,RAW,12,-0.365017,26.997469,20.288221
Zn_num,E3,E3_Min4_Field_Depth_LogSalinity,Ridge,RAW,13,-0.657168,45.161957,34.339332
Zn_num,E3,E3_Min4_Field_Depth_LogSalinity,Ridge,RAW,14,-0.471009,15.116773,11.555297
Zn_num,E3,E3_Min4_Field_Depth_LogSalinity,Ridge,RAW,15,-3.770019,18.824035,17.434708
Zn_num,E3,E3_Min4_Field_Depth_LogSalinity,Ridge,RAW,16,-0.541667,35.280629,23.32422
Zn_num,E3,E3_Min4_Field_Depth_LogSalinity,Ridge,RAW,17,-19.779853,22.820354,21.930799
Zn_num,E3,E3_Min4_Field_Depth_LogSalinity,Ridge,RAW,18,-0.573792,37.256145,23.402923
Zn_num,E3,E3_Min4_Field_Depth_LogSalinity,Ridge,RAW,19,-0.18427,20.437336,16.611179
Zn_num,E3,E3_Min4_Field_Depth_LogSalinity,Ridge,RAW,20,-3.698798,10.214328,8.765076
Zn_num,E3,E3_Min4_Field_Depth_LogSalinity,Ridge,RAW,21,-0.153443,19.633785,18.324245
Zn_num,E3,E3_Min4_Field_Depth_LogSalinity,Ridge,RAW,22,-0.239914,25.88747,19.487267
Zn_num,E3,E3_Min4_Field_Depth_LogSalinity,Ridge,RAW,23,-0.055245,28.593327,19.70431
Zn_num,E3,E3_Min4_Field_Depth_LogSalinity,Ridge,RAW,24,-5.608113,10.618027,8.748768
Zn_num,E3,E3_Min4_Field_Depth_LogSalinity,Ridge,RAW,25,-0.369346,34.07564,22.145221
Zn_num,E3,E3_Min4_Field_Depth_LogSalinity,Ridge,LOG1P,1,-0.337807,12.318505,9.479086
Zn_num,E3,E3_Min4_Field_Depth_LogSalinity,Ridge,LOG1P,2,-0.073332,31.213443,18.078131
Zn_num,E3,E3_Min4_Field_Depth_LogSalinity,Ridge,LOG1P,3,-0.116893,16.866113,11.29233
Zn_num,E3,E3_Min4_Field_Depth_LogSalinity,Ridge,LOG1P,4,-0.55111,41.365393,31.182019
Zn_num,E3,E3_Min4_Field_Depth_LogSalinity,Ridge,LOG1P,5,-0.070361,4.941831,3.414447
Zn_num,E3,E3_Min4_Field_Depth_LogSalinity,Ridge,LOG1P,6,-6.285801,11.67047,10.590722
Zn_num,E3,E3_Min4_Field_Depth_LogSalinity,Ridge,LOG1P,7,-0.545875,44.423185,29.915706
Zn_num,E3,E3_Min4_Field_Depth_LogSalinity,Ridge,LOG1P,8,-0.259286,25.012674,14.112808
Zn_num,E3,E3_Min4_Field_Depth_LogSalinity,Ridge,LOG1P,9,-0.59548,13.886151,11.96602
Zn_num,E3,E3_Min4_Field_Depth_LogSalinity,Ridge,LOG1P,10,-0.138535,16.7328,9.877762
Zn_num,E3,E3_Min4_Field_Depth_LogSalinity,Ridge,LOG1P,11,-0.136714,16.526827,10.034205
Zn_num,E3,E3_Min4_Field_Depth_LogSalinity,Ridge,LOG1P,12,-0.200931,25.322883,16.175931
Zn_num,E3,E3_Min4_Field_Depth_LogSalinity,Ridge,LOG1P,13,-0.692882,45.646002,32.330934
Zn_num,E3,E3_Min4_Field_Depth_LogSalinity,Ridge,LOG1P,14,-0.419682,14.8507,9.369751
Zn_num,E3,E3_Min4_Field_Depth_LogSalinity,Ridge,LOG1P,15,-0.924501,11.95671,10.724611
Zn_num,E3,E3_Min4_Field_Depth_LogSalinity,Ridge,LOG1P,16,-0.436264,34.053226,19.163937
Zn_num,E3,E3_Min4_Field_Depth_LogSalinity,Ridge,LOG1P,17,-9.525738,16.241548,15.044356
Zn_num,E3,E3_Min4_Field_Depth_LogSalinity,Ridge,LOG1P,18,-0.693462,38.646662,24.686092
Zn_num,E3,E3_Min4_Field_Depth_LogSalinity,Ridge,LOG1P,19,-0.284653,21.285891,15.374957
Zn_num,E3,E3_Min4_Field_Depth_LogSalinity,Ridge,LOG1P,20,-0.418356,5.611888,5.020659
Zn_num,E3,E3_Min4_Field_Depth_LogSalinity,Ridge,LOG1P,21,-0.099914,19.172786,14.732421
Zn_num,E3,E3_Min4_Field_Depth_LogSalinity,Ridge,LOG1P,22,-0.059824,23.933748,13.484119
Zn_num,E3,E3_Min4_Field_Depth_LogSalinity,Ridge,LOG1P,23,-0.076069,28.874074,16.537579
Zn_num,E3,E3_Min4_Field_Depth_LogSalinity,Ridge,LOG1P,24,-0.069292,4.271232,3.631245
Zn_num,E3,E3_Min4_Field_Depth_LogSalinity,Ridge,LOG1P,25,-0.467849,35.279968,22.598833
Zn_num,E3,E3_Min4_Field_Depth_LogSalinity,ElasticNet,RAW,1,-0.425942,12.717805,10.951413
Zn_num,E3,E3_Min4_Field_Depth_LogSalinity,ElasticNet,RAW,2,-0.112384,31.776205,21.854102
Zn_num,E3,E3_Min4_Field_Depth_LogSalinity,ElasticNet,RAW,3,-0.147269,17.093931,14.359593
Zn_num,E3,E3_Min4_Field_Depth_LogSalinity,ElasticNet,RAW,4,-0.745096,43.875854,37.198183
Zn_num,E3,E3_Min4_Field_Depth_LogSalinity,ElasticNet,RAW,5,-3.698804,10.354199,8.705192
Zn_num,E3,E3_Min4_Field_Depth_LogSalinity,ElasticNet,RAW,6,-19.702016,19.67234,18.838872
Zn_num,E3,E3_Min4_Field_Depth_LogSalinity,ElasticNet,RAW,7,-0.424158,42.638478,30.385452
Zn_num,E3,E3_Min4_Field_Depth_LogSalinity,ElasticNet,RAW,8,-0.212671,24.545363,15.271362
Zn_num,E3,E3_Min4_Field_Depth_LogSalinity,ElasticNet,RAW,9,-0.118722,11.62779,9.517874
Zn_num,E3,E3_Min4_Field_Depth_LogSalinity,ElasticNet,RAW,10,-0.043246,16.017286,13.058292
Zn_num,E3,E3_Min4_Field_Depth_LogSalinity,ElasticNet,RAW,11,-0.066571,16.008805,12.815305
Zn_num,E3,E3_Min4_Field_Depth_LogSalinity,ElasticNet,RAW,12,-0.345107,26.799851,20.140242
Zn_num,E3,E3_Min4_Field_Depth_LogSalinity,ElasticNet,RAW,13,-0.644979,44.995559,34.139984
Zn_num,E3,E3_Min4_Field_Depth_LogSalinity,ElasticNet,RAW,14,-0.469394,15.10847,11.62896
Zn_num,E3,E3_Min4_Field_Depth_LogSalinity,ElasticNet,RAW,15,-3.673156,18.631929,17.343152
Zn_num,E3,E3_Min4_Field_Depth_LogSalinity,ElasticNet,RAW,16,-0.524076,35.078774,23.036554
Zn_num,E3,E3_Min4_Field_Depth_LogSalinity,ElasticNet,RAW,17,-18.947895,22.358861,21.58306
Zn_num,E3,E3_Min4_Field_Depth_LogSalinity,ElasticNet,RAW,18,-0.555877,37.043489,23.12307
Zn_num,E3,E3_Min4_Field_Depth_LogSalinity,ElasticNet,RAW,19,-0.164137,20.262871,16.31511
Zn_num,E3,E3_Min4_Field_Depth_LogSalinity,ElasticNet,RAW,20,-3.758032,10.278508,8.74293
Zn_num,E3,E3_Min4_Field_Depth_LogSalinity,ElasticNet,RAW,21,-0.131986,19.450308,18.074226
Zn_num,E3,E3_Min4_Field_Depth_LogSalinity,ElasticNet,RAW,22,-0.227119,25.753551,19.340207
Zn_num,E3,E3_Min4_Field_Depth_LogSalinity,ElasticNet,RAW,23,-0.052269,28.55297,19.633425
Zn_num,E3,E3_Min4_Field_Depth_LogSalinity,ElasticNet,RAW,24,-5.167022,10.257531,8.46583
Zn_num,E3,E3_Min4_Field_Depth_LogSalinity,ElasticNet,RAW,25,-0.355995,33.90912,21.911988
Zn_num,E3,E3_Min4_Field_Depth_LogSalinity,ElasticNet,LOG1P,1,-0.17906,11.564561,8.757776
Zn_num,E3,E3_Min4_Field_Depth_LogSalinity,ElasticNet,LOG1P,2,-0.022265,30.461861,17.890806
Zn_num,E3,E3_Min4_Field_Depth_LogSalinity,ElasticNet,LOG1P,3,-0.056307,16.402288,10.885726
Zn_num,E3,E3_Min4_Field_Depth_LogSalinity,ElasticNet,LOG1P,4,-0.469688,40.265073,29.806358
Zn_num,E3,E3_Min4_Field_Depth_LogSalinity,ElasticNet,LOG1P,5,-0.006249,4.791545,3.456261
Zn_num,E3,E3_Min4_Field_Depth_LogSalinity,ElasticNet,LOG1P,6,-5.311201,10.861897,9.844874
Zn_num,E3,E3_Min4_Field_Depth_LogSalinity,ElasticNet,LOG1P,7,-0.515664,43.986964,29.715892
Zn_num,E3,E3_Min4_Field_Depth_LogSalinity,ElasticNet,LOG1P,8,-0.145349,23.854313,12.387441
Zn_num,E3,E3_Min4_Field_Depth_LogSalinity,ElasticNet,LOG1P,9,-0.319293,12.62719,10.710761
Zn_num,E3,E3_Min4_Field_Depth_LogSalinity,ElasticNet,LOG1P,10,-0.056806,16.121043,9.792588
Zn_num,E3,E3_Min4_Field_Depth_LogSalinity,ElasticNet,LOG1P,11,-0.093327,16.208354,9.927292
Zn_num,E3,E3_Min4_Field_Depth_LogSalinity,ElasticNet,LOG1P,12,-0.084318,24.06204,14.527006
Zn_num,E3,E3_Min4_Field_Depth_LogSalinity,ElasticNet,LOG1P,13,-0.566653,43.911255,29.741409
Zn_num,E3,E3_Min4_Field_Depth_LogSalinity,ElasticNet,LOG1P,14,-0.142704,13.323496,7.697693
Zn_num,E3,E3_Min4_Field_Depth_LogSalinity,ElasticNet,LOG1P,15,-0.709636,11.269494,10.067688
Zn_num,E3,E3_Min4_Field_Depth_LogSalinity,ElasticNet,LOG1P,16,-0.313944,32.570881,16.912618
Zn_num,E3,E3_Min4_Field_Depth_LogSalinity,ElasticNet,LOG1P,17,-7.350795,14.466553,13.623123
Zn_num,E3,E3_Min4_Field_Depth_LogSalinity,ElasticNet,LOG1P,18,-0.631485,37.932872,24.457668
Zn_num,E3,E3_Min4_Field_Depth_LogSalinity,ElasticNet,LOG1P,19,-0.231326,20.839413,14.981655
Zn_num,E3,E3_Min4_Field_Depth_LogSalinity,ElasticNet,LOG1P,20,-0.011064,4.738117,4.397338
Zn_num,E3,E3_Min4_Field_Depth_LogSalinity,ElasticNet,LOG1P,21,-0.0854,19.045869,14.447535
Zn_num,E3,E3_Min4_Field_Depth_LogSalinity,ElasticNet,LOG1P,22,-0.033822,23.638324,13.715734
Zn_num,E3,E3_Min4_Field_Depth_LogSalinity,ElasticNet,LOG1P,23,-0.049745,28.51871,16.211004
Zn_num,E3,E3_Min4_Field_Depth_LogSalinity,ElasticNet,LOG1P,24,-0.000424,4.131398,3.661324
Zn_num,E3,E3_Min4_Field_Depth_LogSalinity,ElasticNet,LOG1P,25,-0.337311,33.674702,20.503556
Zn_num,E4,E4_Min5_Field_Depth_Interactions,SVR_RBF,RAW,1,-0.30173,12.15127,8.945755
Zn_num,E4,E4_Min5_Field_Depth_Interactions,SVR_RBF,RAW,2,-0.044829,30.796203,17.220823
Zn_num,E4,E4_Min5_Field_Depth_Interactions,SVR_RBF,RAW,3,-0.095925,16.707047,10.621309
Zn_num,E4,E4_Min5_Field_Depth_Interactions,SVR_RBF,RAW,4,-0.417621,39.545398,28.485272
Zn_num,E4,E4_Min5_Field_Depth_Interactions,SVR_RBF,RAW,5,-0.628974,6.096492,5.414435
Zn_num,E4,E4_Min5_Field_Depth_Interactions,SVR_RBF,RAW,6,-4.07384,9.739083,8.469587
Zn_num,E4,E4_Min5_Field_Depth_Interactions,SVR_RBF,RAW,7,-0.55347,44.532191,30.195211
Zn_num,E4,E4_Min5_Field_Depth_Interactions,SVR_RBF,RAW,8,-0.205491,24.472593,12.926911
Zn_num,E4,E4_Min5_Field_Depth_Interactions,SVR_RBF,RAW,9,-0.464575,13.3043,11.173841
Zn_num,E4,E4_Min5_Field_Depth_Interactions,SVR_RBF,RAW,10,-0.121655,16.608301,9.948251
Zn_num,E4,E4_Min5_Field_Depth_Interactions,SVR_RBF,RAW,11,-0.216972,17.10032,10.100139
Zn_num,E4,E4_Min5_Field_Depth_Interactions,SVR_RBF,RAW,12,-0.081582,24.031661,13.926427
Zn_num,E4,E4_Min5_Field_Depth_Interactions,SVR_RBF,RAW,13,-0.502027,42.996022,27.664111
Zn_num,E4,E4_Min5_Field_Depth_Interactions,SVR_RBF,RAW,14,-0.432995,14.920166,10.202635
Zn_num,E4,E4_Min5_Field_Depth_Interactions,SVR_RBF,RAW,15,-0.235421,9.579883,8.545731
Zn_num,E4,E4_Min5_Field_Depth_Interactions,SVR_RBF,RAW,16,-0.269486,32.015113,16.676252
Zn_num,E4,E4_Min5_Field_Depth_Interactions,SVR_RBF,RAW,17,-4.358258,11.588119,10.825163
Zn_num,E4,E4_Min5_Field_Depth_Interactions,SVR_RBF,RAW,18,-0.676034,38.447284,24.384795
Zn_num,E4,E4_Min5_Field_Depth_Interactions,SVR_RBF,RAW,19,-0.259396,21.075609,14.721154
Zn_num,E4,E4_Min5_Field_Depth_Interactions,SVR_RBF,RAW,20,-0.230677,5.227433,4.617802
Zn_num,E4,E4_Min5_Field_Depth_Interactions,SVR_RBF,RAW,21,-0.113957,19.294794,14.294583
Zn_num,E4,E4_Min5_Field_Depth_Interactions,SVR_RBF,RAW,22,-0.063931,23.980066,13.505926
Zn_num,E4,E4_Min5_Field_Depth_Interactions,SVR_RBF,RAW,23,-0.087192,29.022918,15.976776
Zn_num,E4,E4_Min5_Field_Depth_Interactions,SVR_RBF,RAW,24,-0.656705,5.316523,4.510179
Zn_num,E4,E4_Min5_Field_Depth_Interactions,SVR_RBF,RAW,25,-0.391084,34.345048,20.942323
Zn_num,E4,E4_Min5_Field_Depth_Interactions,SVR_RBF,LOG1P,1,-0.374426,12.485959,9.531325
Zn_num,E4,E4_Min5_Field_Depth_Interactions,SVR_RBF,LOG1P,2,-0.118209,31.859282,17.844168
Zn_num,E4,E4_Min5_Field_Depth_Interactions,SVR_RBF,LOG1P,3,-0.183781,17.363806,10.278249
Zn_num,E4,E4_Min5_Field_Depth_Interactions,SVR_RBF,LOG1P,4,-0.520959,40.961381,31.394867
Zn_num,E4,E4_Min5_Field_Depth_Interactions,SVR_RBF,LOG1P,5,-5.691763,12.356433,10.55166
Zn_num,E4,E4_Min5_Field_Depth_Interactions,SVR_RBF,LOG1P,6,-5.741306,11.225914,9.464814
Zn_num,E4,E4_Min5_Field_Depth_Interactions,SVR_RBF,LOG1P,7,-0.586529,45.003533,31.290138
Zn_num,E4,E4_Min5_Field_Depth_Interactions,SVR_RBF,LOG1P,8,-0.355901,25.954458,14.766426
Zn_num,E4,E4_Min5_Field_Depth_Interactions,SVR_RBF,LOG1P,9,-0.471065,13.333743,11.520398
Zn_num,E4,E4_Min5_Field_Depth_Interactions,SVR_RBF,LOG1P,10,-0.185425,17.073889,10.399672
Zn_num,E4,E4_Min5_Field_Depth_Interactions,SVR_RBF,LOG1P,11,-0.254052,17.358883,10.454429
Zn_num,E4,E4_Min5_Field_Depth_Interactions,SVR_RBF,LOG1P,12,-0.131445,24.579365,13.858125
Zn_num,E4,E4_Min5_Field_Depth_Interactions,SVR_RBF,LOG1P,13,-0.525629,43.33251,28.543394
Zn_num,E4,E4_Min5_Field_Depth_Interactions,SVR_RBF,LOG1P,14,-1.072711,17.944059,12.123067
Zn_num,E4,E4_Min5_Field_Depth_Interactions,SVR_RBF,LOG1P,15,-0.654424,11.086031,9.34494
Zn_num,E4,E4_Min5_Field_Depth_Interactions,SVR_RBF,LOG1P,16,-0.306064,32.473063,17.03687
Zn_num,E4,E4_Min5_Field_Depth_Interactions,SVR_RBF,LOG1P,17,-6.31818,13.54262,12.365717
Zn_num,E4,E4_Min5_Field_Depth_Interactions,SVR_RBF,LOG1P,18,-0.720258,38.951214,25.504624
Zn_num,E4,E4_Min5_Field_Depth_Interactions,SVR_RBF,LOG1P,19,-0.388725,22.131305,15.288966
Zn_num,E4,E4_Min5_Field_Depth_Interactions,SVR_RBF,LOG1P,20,-0.550461,5.867416,5.089045
Zn_num,E4,E4_Min5_Field_Depth_Interactions,SVR_RBF,LOG1P,21,-0.133766,19.465591,14.610806
Zn_num,E4,E4_Min5_Field_Depth_Interactions,SVR_RBF,LOG1P,22,-0.012024,23.387791,13.935681
Zn_num,E4,E4_Min5_Field_Depth_Interactions,SVR_RBF,LOG1P,23,-0.170772,30.117861,17.527159
Zn_num,E4,E4_Min5_Field_Depth_Interactions,SVR_RBF,LOG1P,24,-1.291327,6.252427,5.502245
Zn_num,E4,E4_Min5_Field_Depth_Interactions,SVR_RBF,LOG1P,25,-0.470553,35.312447,22.071171
Zn_num,E4,E4_Min5_Field_Depth_Interactions,PLS,RAW,1,-0.408284,12.638817,10.734365
Zn_num,E4,E4_Min5_Field_Depth_Interactions,PLS,RAW,2,-0.099689,31.594364,21.494137
Zn_num,E4,E4_Min5_Field_Depth_Interactions,PLS,RAW,3,-0.167989,17.247596,14.565372
Zn_num,E4,E4_Min5_Field_Depth_Interactions,PLS,RAW,4,-0.684015,43.101153,36.256941
Zn_num,E4,E4_Min5_Field_Depth_Interactions,PLS,RAW,5,-2.806451,9.319293,7.961127
Zn_num,E4,E4_Min5_Field_Depth_Interactions,PLS,RAW,6,-19.196577,19.430706,18.711726
Zn_num,E4,E4_Min5_Field_Depth_Interactions,PLS,RAW,7,-0.427161,42.683408,30.653295
Zn_num,E4,E4_Min5_Field_Depth_Interactions,PLS,RAW,8,-0.167457,24.083427,15.387885
Zn_num,E4,E4_Min5_Field_Depth_Interactions,PLS,RAW,9,-0.266287,12.370926,10.142863
Zn_num,E4,E4_Min5_Field_Depth_Interactions,PLS,RAW,10,-0.073635,16.248892,13.610725
Zn_num,E4,E4_Min5_Field_Depth_Interactions,PLS,RAW,11,-0.078632,16.099062,12.999018
Zn_num,E4,E4_Min5_Field_Depth_Interactions,PLS,RAW,12,-0.294185,26.287682,19.746239
Zn_num,E4,E4_Min5_Field_Depth_Interactions,PLS,RAW,13,-0.690254,45.610561,34.932065
Zn_num,E4,E4_Min5_Field_Depth_Interactions,PLS,RAW,14,-0.521257,15.372787,11.866618
Zn_num,E4,E4_Min5_Field_Depth_Interactions,PLS,RAW,15,-3.967127,19.209023,17.956199
Zn_num,E4,E4_Min5_Field_Depth_Interactions,PLS,RAW,16,-0.40674,33.701406,21.354076
Zn_num,E4,E4_Min5_Field_Depth_Interactions,PLS,RAW,17,-16.814777,21.129603,20.621671
Zn_num,E4,E4_Min5_Field_Depth_Interactions,PLS,RAW,18,-0.509692,36.489538,22.455123
Zn_num,E4,E4_Min5_Field_Depth_Interactions,PLS,RAW,19,-0.179882,20.399441,16.747814
Zn_num,E4,E4_Min5_Field_Depth_Interactions,PLS,RAW,20,-4.326073,10.874767,9.297816
Zn_num,E4,E4_Min5_Field_Depth_Interactions,PLS,RAW,21,-0.089971,19.085934,17.614522
Zn_num,E4,E4_Min5_Field_Depth_Interactions,PLS,RAW,22,-0.239712,25.885354,19.672877
Zn_num,E4,E4_Min5_Field_Depth_Interactions,PLS,RAW,23,-0.049294,28.512587,19.056795
Zn_num,E4,E4_Min5_Field_Depth_Interactions,PLS,RAW,24,-4.427374,9.622767,7.770757
Zn_num,E4,E4_Min5_Field_Depth_Interactions,PLS,RAW,25,-0.350238,33.83706,21.638125
Zn_num,E4,E4_Min5_Field_Depth_Interactions,PLS,LOG1P,1,-0.315704,12.216318,9.32727
Zn_num,E4,E4_Min5_Field_Depth_Interactions,PLS,LOG1P,2,-0.071852,31.191915,18.086203
Zn_num,E4,E4_Min5_Field_Depth_Interactions,PLS,LOG1P,3,-0.134071,16.99532,11.300272
Zn_num,E4,E4_Min5_Field_Depth_Interactions,PLS,LOG1P,4,-0.52619,41.031765,30.996726
Zn_num,E4,E4_Min5_Field_Depth_Interactions,PLS,LOG1P,5,-0.24428,5.328217,3.863345
Zn_num,E4,E4_Min5_Field_Depth_Interactions,PLS,LOG1P,6,-6.214046,11.612859,10.571431
Zn_num,E4,E4_Min5_Field_Depth_Interactions,PLS,LOG1P,7,-0.543417,44.387863,29.864927
Zn_num,E4,E4_Min5_Field_Depth_Interactions,PLS,LOG1P,8,-0.169496,24.10445,12.75273
Zn_num,E4,E4_Min5_Field_Depth_Interactions,PLS,LOG1P,9,-0.75012,14.543539,12.56917
Zn_num,E4,E4_Min5_Field_Depth_Interactions,PLS,LOG1P,10,-0.159069,16.88302,10.07744
Zn_num,E4,E4_Min5_Field_Depth_Interactions,PLS,LOG1P,11,-0.151744,16.63573,10.138692
Zn_num,E4,E4_Min5_Field_Depth_Interactions,PLS,LOG1P,12,-0.122517,24.482207,14.927851
Zn_num,E4,E4_Min5_Field_Depth_Interactions,PLS,LOG1P,13,-0.735414,46.21585,33.502117
Zn_num,E4,E4_Min5_Field_Depth_Interactions,PLS,LOG1P,14,-0.4303,14.906131,9.298332
Zn_num,E4,E4_Min5_Field_Depth_Interactions,PLS,LOG1P,15,-1.041218,12.313949,11.353929
Zn_num,E4,E4_Min5_Field_Depth_Interactions,PLS,LOG1P,16,-0.40785,33.714698,18.522808
Zn_num,E4,E4_Min5_Field_Depth_Interactions,PLS,LOG1P,17,-7.880559,14.918367,14.139585
Zn_num,E4,E4_Min5_Field_Depth_Interactions,PLS,LOG1P,18,-0.64753,38.118943,24.366114
Zn_num,E4,E4_Min5_Field_Depth_Interactions,PLS,LOG1P,19,-0.311614,21.508095,15.806042
Zn_num,E4,E4_Min5_Field_Depth_Interactions,PLS,LOG1P,20,-0.187373,5.13464,4.735668
Zn_num,E4,E4_Min5_Field_Depth_Interactions,PLS,LOG1P,21,-0.104645,19.213975,14.760776
Zn_num,E4,E4_Min5_Field_Depth_Interactions,PLS,LOG1P,22,-0.04054,23.714998,13.411185
Zn_num,E4,E4_Min5_Field_Depth_Interactions,PLS,LOG1P,23,-0.071372,28.810978,16.294447
Zn_num,E4,E4_Min5_Field_Depth_Interactions,PLS,LOG1P,24,-0.174292,4.476032,3.89194
Zn_num,E4,E4_Min5_Field_Depth_Interactions,PLS,LOG1P,25,-0.478364,35.406103,22.944843
Zn_num,E4,E4_Min5_Field_Depth_Interactions,Lasso,RAW,1,-3.072435,21.492568,18.163968
Zn_num,E4,E4_Min5_Field_Depth_Interactions,Lasso,RAW,2,-0.115491,31.820542,21.58389
Zn_num,E4,E4_Min5_Field_Depth_Interactions,Lasso,RAW,3,-0.159017,17.181225,14.4734
Zn_num,E4,E4_Min5_Field_Depth_Interactions,Lasso,RAW,4,-0.749051,43.925539,37.584459
Zn_num,E4,E4_Min5_Field_Depth_Interactions,Lasso,RAW,5,-2.916806,9.453419,8.21028
Zn_num,E4,E4_Min5_Field_Depth_Interactions,Lasso,RAW,6,-19.344016,19.501501,18.764814
Zn_num,E4,E4_Min5_Field_Depth_Interactions,Lasso,RAW,7,-0.470601,43.328134,30.662791
Zn_num,E4,E4_Min5_Field_Depth_Interactions,Lasso,RAW,8,-0.172709,24.137544,15.362213
Zn_num,E4,E4_Min5_Field_Depth_Interactions,Lasso,RAW,9,-1.62407,17.808359,14.387466
Zn_num,E4,E4_Min5_Field_Depth_Interactions,Lasso,RAW,10,-0.078137,16.282926,13.583445
Zn_num,E4,E4_Min5_Field_Depth_Interactions,Lasso,RAW,11,-0.069482,16.030633,12.901175
Zn_num,E4,E4_Min5_Field_Depth_Interactions,Lasso,RAW,12,-0.370505,27.051683,20.234383
Zn_num,E4,E4_Min5_Field_Depth_Interactions,Lasso,RAW,13,-0.67199,45.363476,34.491191
Zn_num,E4,E4_Min5_Field_Depth_Interactions,Lasso,RAW,14,-0.481018,15.168113,11.694376
Zn_num,E4,E4_Min5_Field_Depth_Interactions,Lasso,RAW,15,-3.90212,19.08291,17.807379
Zn_num,E4,E4_Min5_Field_Depth_Interactions,Lasso,RAW,16,-0.535753,35.212896,23.034946
Zn_num,E4,E4_Min5_Field_Depth_Interactions,Lasso,RAW,17,-16.910034,21.186019,20.691078
Zn_num,E4,E4_Min5_Field_Depth_Interactions,Lasso,RAW,18,-0.508967,36.480777,22.422538
Zn_num,E4,E4_Min5_Field_Depth_Interactions,Lasso,RAW,19,-0.344964,21.779821,19.290447
Zn_num,E4,E4_Min5_Field_Depth_Interactions,Lasso,RAW,20,-4.661668,11.212142,9.557142
Zn_num,E4,E4_Min5_Field_Depth_Interactions,Lasso,RAW,21,-0.093035,19.11274,17.67049
Zn_num,E4,E4_Min5_Field_Depth_Interactions,Lasso,RAW,22,-0.210845,25.582207,19.163246
Zn_num,E4,E4_Min5_Field_Depth_Interactions,Lasso,RAW,23,-0.05561,28.598264,19.104672
Zn_num,E4,E4_Min5_Field_Depth_Interactions,Lasso,RAW,24,-4.287415,9.497883,7.688856
Zn_num,E4,E4_Min5_Field_Depth_Interactions,Lasso,RAW,25,-0.317459,33.423821,20.944463
Zn_num,E4,E4_Min5_Field_Depth_Interactions,Lasso,LOG1P,1,-0.122727,11.284914,8.533007
Zn_num,E4,E4_Min5_Field_Depth_Interactions,Lasso,LOG1P,2,-0.020216,30.431313,17.797322
Zn_num,E4,E4_Min5_Field_Depth_Interactions,Lasso,LOG1P,3,-0.048001,16.337667,10.806623
Zn_num,E4,E4_Min5_Field_Depth_Interactions,Lasso,LOG1P,4,-0.432394,39.750912,28.98132
Zn_num,E4,E4_Min5_Field_Depth_Interactions,Lasso,LOG1P,5,-0.006249,4.791545,3.456261
Zn_num,E4,E4_Min5_Field_Depth_Interactions,Lasso,LOG1P,6,-4.701767,10.324153,9.375194
Zn_num,E4,E4_Min5_Field_Depth_Interactions,Lasso,LOG1P,7,-0.497156,43.717581,29.884624
Zn_num,E4,E4_Min5_Field_Depth_Interactions,Lasso,LOG1P,8,-0.103848,23.418151,12.035101
Zn_num,E4,E4_Min5_Field_Depth_Interactions,Lasso,LOG1P,9,-0.190799,11.996522,9.772295
Zn_num,E4,E4_Min5_Field_Depth_Interactions,Lasso,LOG1P,10,-0.056806,16.121043,9.792588
Zn_num,E4,E4_Min5_Field_Depth_Interactions,Lasso,LOG1P,11,-0.09,16.18368,9.907092
Zn_num,E4,E4_Min5_Field_Depth_Interactions,Lasso,LOG1P,12,-0.041653,23.583895,13.93803
Zn_num,E4,E4_Min5_Field_Depth_Interactions,Lasso,LOG1P,13,-0.518346,43.228957,28.345988
Zn_num,E4,E4_Min5_Field_Depth_Interactions,Lasso,LOG1P,14,-0.127955,13.237235,7.747483
Zn_num,E4,E4_Min5_Field_Depth_Interactions,Lasso,LOG1P,15,-0.63788,11.030463,9.807302
Zn_num,E4,E4_Min5_Field_Depth_Interactions,Lasso,LOG1P,16,-0.267816,31.994045,16.752154
Zn_num,E4,E4_Min5_Field_Depth_Interactions,Lasso,LOG1P,17,-7.164768,14.304513,13.399921
Zn_num,E4,E4_Min5_Field_Depth_Interactions,Lasso,LOG1P,18,-0.603341,37.604272,23.456572
Zn_num,E4,E4_Min5_Field_Depth_Interactions,Lasso,LOG1P,19,-0.185267,20.44594,14.437054
Zn_num,E4,E4_Min5_Field_Depth_Interactions,Lasso,LOG1P,20,-0.011064,4.738117,4.397338
Zn_num,E4,E4_Min5_Field_Depth_Interactions,Lasso,LOG1P,21,-0.07566,18.960218,14.383684
Zn_num,E4,E4_Min5_Field_Depth_Interactions,Lasso,LOG1P,22,-0.033822,23.638324,13.715734
Zn_num,E4,E4_Min5_Field_Depth_Interactions,Lasso,LOG1P,23,-0.049393,28.51393,16.014221
Zn_num,E4,E4_Min5_Field_Depth_Interactions,Lasso,LOG1P,24,-0.000424,4.131398,3.661324
Zn_num,E4,E4_Min5_Field_Depth_Interactions,Lasso,LOG1P,25,-0.308828,33.314154,20.230155
Zn_num,E4,E4_Min5_Field_Depth_Interactions,Ridge,RAW,1,-1.402255,16.507101,14.756761
Zn_num,E4,E4_Min5_Field_Depth_Interactions,Ridge,RAW,2,-0.114588,31.807659,21.570266
Zn_num,E4,E4_Min5_Field_Depth_Interactions,Ridge,RAW,3,-0.170674,17.267413,14.575102
Zn_num,E4,E4_Min5_Field_Depth_Interactions,Ridge,RAW,4,-0.726373,43.63985,37.273873
Zn_num,E4,E4_Min5_Field_Depth_Interactions,Ridge,RAW,5,-3.079095,9.647277,8.38186
Zn_num,E4,E4_Min5_Field_Depth_Interactions,Ridge,RAW,6,-19.378787,19.518159,18.777468
Zn_num,E4,E4_Min5_Field_Depth_Interactions,Ridge,RAW,7,-0.457484,43.134473,30.579577
Zn_num,E4,E4_Min5_Field_Depth_Interactions,Ridge,RAW,8,-0.175172,24.162879,15.320738
Zn_num,E4,E4_Min5_Field_Depth_Interactions,Ridge,RAW,9,-1.099619,15.929657,13.100873
Zn_num,E4,E4_Min5_Field_Depth_Interactions,Ridge,RAW,10,-0.085141,16.33573,13.640043
Zn_num,E4,E4_Min5_Field_Depth_Interactions,Ridge,RAW,11,-0.07344,16.060271,12.949992
Zn_num,E4,E4_Min5_Field_Depth_Interactions,Ridge,RAW,12,-0.355958,26.907735,20.145455
Zn_num,E4,E4_Min5_Field_Depth_Interactions,Ridge,RAW,13,-0.673129,45.378918,34.504566
Zn_num,E4,E4_Min5_Field_Depth_Interactions,Ridge,RAW,14,-0.516375,15.348102,11.841263
Zn_num,E4,E4_Min5_Field_Depth_Interactions,Ridge,RAW,15,-3.932343,19.141646,17.85417
Zn_num,E4,E4_Min5_Field_Depth_Interactions,Ridge,RAW,16,-0.514307,34.966166,22.639667
Zn_num,E4,E4_Min5_Field_Depth_Interactions,Ridge,RAW,17,-16.921823,21.19299,20.695259
Zn_num,E4,E4_Min5_Field_Depth_Interactions,Ridge,RAW,18,-0.507663,36.465008,22.395631
Zn_num,E4,E4_Min5_Field_Depth_Interactions,Ridge,RAW,19,-0.291635,21.343658,18.731219
Zn_num,E4,E4_Min5_Field_Depth_Interactions,Ridge,RAW,20,-4.661152,11.211631,9.534957
Zn_num,E4,E4_Min5_Field_Depth_Interactions,Ridge,RAW,21,-0.094656,19.126909,17.697415
Zn_num,E4,E4_Min5_Field_Depth_Interactions,Ridge,RAW,22,-0.203285,25.502221,18.869723
Zn_num,E4,E4_Min5_Field_Depth_Interactions,Ridge,RAW,23,-0.055618,28.598378,19.092119
Zn_num,E4,E4_Min5_Field_Depth_Interactions,Ridge,RAW,24,-4.314924,9.522558,7.649927
Zn_num,E4,E4_Min5_Field_Depth_Interactions,Ridge,RAW,25,-0.315076,33.393575,20.916142
Zn_num,E4,E4_Min5_Field_Depth_Interactions,Ridge,LOG1P,1,-0.308447,12.182583,9.142173
Zn_num,E4,E4_Min5_Field_Depth_Interactions,Ridge,LOG1P,2,-0.082616,31.348147,17.88017
Zn_num,E4,E4_Min5_Field_Depth_Interactions,Ridge,LOG1P,3,-0.145128,17.077973,11.335714
Zn_num,E4,E4_Min5_Field_Depth_Interactions,Ridge,LOG1P,4,-0.52196,40.974864,31.113979
Zn_num,E4,E4_Min5_Field_Depth_Interactions,Ridge,LOG1P,5,-0.357165,5.564666,3.802187
Zn_num,E4,E4_Min5_Field_Depth_Interactions,Ridge,LOG1P,6,-6.098667,11.519619,10.520128
Zn_num,E4,E4_Min5_Field_Depth_Interactions,Ridge,LOG1P,7,-0.560135,44.627616,29.867187
Zn_num,E4,E4_Min5_Field_Depth_Interactions,Ridge,LOG1P,8,-0.15283,23.932082,12.676708
Zn_num,E4,E4_Min5_Field_Depth_Interactions,Ridge,LOG1P,9,-1.299262,16.6698,13.882152
Zn_num,E4,E4_Min5_Field_Depth_Interactions,Ridge,LOG1P,10,-0.140496,16.747208,9.919418
Zn_num,E4,E4_Min5_Field_Depth_Interactions,Ridge,LOG1P,11,-0.156849,16.672564,9.867536
Zn_num,E4,E4_Min5_Field_Depth_Interactions,Ridge,LOG1P,12,-0.119821,24.452789,14.90094
Zn_num,E4,E4_Min5_Field_Depth_Interactions,Ridge,LOG1P,13,-0.668637,45.317964,32.034833
Zn_num,E4,E4_Min5_Field_Depth_Interactions,Ridge,LOG1P,14,-0.38507,14.668552,9.352401
Zn_num,E4,E4_Min5_Field_Depth_Interactions,Ridge,LOG1P,15,-0.985767,12.145539,11.108465
Zn_num,E4,E4_Min5_Field_Depth_Interactions,Ridge,LOG1P,16,-0.424403,33.912326,18.76108
Zn_num,E4,E4_Min5_Field_Depth_Interactions,Ridge,LOG1P,17,-7.718849,14.781915,13.92756
Zn_num,E4,E4_Min5_Field_Depth_Interactions,Ridge,LOG1P,18,-0.640471,38.037194,24.142773
Zn_num,E4,E4_Min5_Field_Depth_Interactions,Ridge,LOG1P,19,-0.321939,21.592585,16.009301
Zn_num,E4,E4_Min5_Field_Depth_Interactions,Ridge,LOG1P,20,-0.150362,5.053982,4.72247
Zn_num,E4,E4_Min5_Field_Depth_Interactions,Ridge,LOG1P,21,-0.098141,19.157329,14.59303
Zn_num,E4,E4_Min5_Field_Depth_Interactions,Ridge,LOG1P,22,-0.037212,23.677047,13.119063
Zn_num,E4,E4_Min5_Field_Depth_Interactions,Ridge,LOG1P,23,-0.077637,28.895103,16.197586
Zn_num,E4,E4_Min5_Field_Depth_Interactions,Ridge,LOG1P,24,-0.071665,4.275969,3.898175
Zn_num,E4,E4_Min5_Field_Depth_Interactions,Ridge,LOG1P,25,-0.458532,35.167827,22.385156
Zn_num,E4,E4_Min5_Field_Depth_Interactions,ElasticNet,RAW,1,-0.838175,14.439584,12.961211
Zn_num,E4,E4_Min5_Field_Depth_Interactions,ElasticNet,RAW,2,-0.102429,31.633688,21.591071
Zn_num,E4,E4_Min5_Field_Depth_Interactions,ElasticNet,RAW,3,-0.157618,17.170856,14.46597
Zn_num,E4,E4_Min5_Field_Depth_Interactions,ElasticNet,RAW,4,-0.70628,43.385142,36.978596
Zn_num,E4,E4_Min5_Field_Depth_Interactions,ElasticNet,RAW,5,-2.898216,9.430958,8.183994
Zn_num,E4,E4_Min5_Field_Depth_Interactions,ElasticNet,RAW,6,-19.170567,19.41819,18.695078
Zn_num,E4,E4_Min5_Field_Depth_Interactions,ElasticNet,RAW,7,-0.442089,42.906063,30.548429
Zn_num,E4,E4_Min5_Field_Depth_Interactions,ElasticNet,RAW,8,-0.167491,24.083779,15.31821
Zn_num,E4,E4_Min5_Field_Depth_Interactions,ElasticNet,RAW,9,-0.752934,14.555227,12.065415
Zn_num,E4,E4_Min5_Field_Depth_Interactions,ElasticNet,RAW,10,-0.065285,16.185588,13.464722
Zn_num,E4,E4_Min5_Field_Depth_Interactions,ElasticNet,RAW,11,-0.070404,16.037541,12.91875
Zn_num,E4,E4_Min5_Field_Depth_Interactions,ElasticNet,RAW,12,-0.32611,26.609932,19.962205
Zn_num,E4,E4_Min5_Field_Depth_Interactions,ElasticNet,RAW,13,-0.665612,45.276868,34.419462
Zn_num,E4,E4_Min5_Field_Depth_Interactions,ElasticNet,RAW,14,-0.479301,15.159318,11.710307
Zn_num,E4,E4_Min5_Field_Depth_Interactions,ElasticNet,RAW,15,-3.812903,18.908462,17.678073
Zn_num,E4,E4_Min5_Field_Depth_Interactions,ElasticNet,RAW,16,-0.493232,34.722005,22.412096
Zn_num,E4,E4_Min5_Field_Depth_Interactions,ElasticNet,RAW,17,-16.872109,21.163576,20.665806
Zn_num,E4,E4_Min5_Field_Depth_Interactions,ElasticNet,RAW,18,-0.503043,36.409099,22.360952
Zn_num,E4,E4_Min5_Field_Depth_Interactions,ElasticNet,RAW,19,-0.227938,20.810723,17.98005
Zn_num,E4,E4_Min5_Field_Depth_Interactions,ElasticNet,RAW,20,-4.438172,10.988613,9.368657
Zn_num,E4,E4_Min5_Field_Depth_Interactions,ElasticNet,RAW,21,-0.09061,19.091529,17.641375
Zn_num,E4,E4_Min5_Field_Depth_Interactions,ElasticNet,RAW,22,-0.206485,25.536109,19.144893
Zn_num,E4,E4_Min5_Field_Depth_Interactions,ElasticNet,RAW,23,-0.049191,28.511179,19.09432
Zn_num,E4,E4_Min5_Field_Depth_Interactions,ElasticNet,RAW,24,-4.255991,9.469617,7.65135
Zn_num,E4,E4_Min5_Field_Depth_Interactions,ElasticNet,RAW,25,-0.302893,33.238538,20.786459
Zn_num,E4,E4_Min5_Field_Depth_Interactions,ElasticNet,LOG1P,1,-0.144534,11.393984,8.661744
Zn_num,E4,E4_Min5_Field_Depth_Interactions,ElasticNet,LOG1P,2,-0.022265,30.461861,17.890806
Zn_num,E4,E4_Min5_Field_Depth_Interactions,ElasticNet,LOG1P,3,-0.056307,16.402288,10.885726
Zn_num,E4,E4_Min5_Field_Depth_Interactions,ElasticNet,LOG1P,4,-0.469933,40.268426,29.80441
Zn_num,E4,E4_Min5_Field_Depth_Interactions,ElasticNet,LOG1P,5,-0.006249,4.791545,3.456261
Zn_num,E4,E4_Min5_Field_Depth_Interactions,ElasticNet,LOG1P,6,-5.37036,10.912687,9.933807
Zn_num,E4,E4_Min5_Field_Depth_Interactions,ElasticNet,LOG1P,7,-0.515664,43.986964,29.715892
Zn_num,E4,E4_Min5_Field_Depth_Interactions,ElasticNet,LOG1P,8,-0.129845,23.692307,12.387931
Zn_num,E4,E4_Min5_Field_Depth_Interactions,ElasticNet,LOG1P,9,-0.325576,12.657224,10.74763
Zn_num,E4,E4_Min5_Field_Depth_Interactions,ElasticNet,LOG1P,10,-0.056806,16.121043,9.792588
Zn_num,E4,E4_Min5_Field_Depth_Interactions,ElasticNet,LOG1P,11,-0.093327,16.208354,9.927292
Zn_num,E4,E4_Min5_Field_Depth_Interactions,ElasticNet,LOG1P,12,-0.078635,23.998897,14.459044
Zn_num,E4,E4_Min5_Field_Depth_Interactions,ElasticNet,LOG1P,13,-0.577079,44.057123,30.094682
Zn_num,E4,E4_Min5_Field_Depth_Interactions,ElasticNet,LOG1P,14,-0.142704,13.323496,7.697693
Zn_num,E4,E4_Min5_Field_Depth_Interactions,ElasticNet,LOG1P,15,-0.781421,11.503657,10.363271
Zn_num,E4,E4_Min5_Field_Depth_Interactions,ElasticNet,LOG1P,16,-0.313944,32.570881,16.912618
Zn_num,E4,E4_Min5_Field_Depth_Interactions,ElasticNet,LOG1P,17,-7.355291,14.470447,13.628634
Zn_num,E4,E4_Min5_Field_Depth_Interactions,ElasticNet,LOG1P,18,-0.610632,37.689679,23.865276
Zn_num,E4,E4_Min5_Field_Depth_Interactions,ElasticNet,LOG1P,19,-0.231326,20.839413,14.981655
Zn_num,E4,E4_Min5_Field_Depth_Interactions,ElasticNet,LOG1P,20,-0.011064,4.738117,4.397338
Zn_num,E4,E4_Min5_Field_Depth_Interactions,ElasticNet,LOG1P,21,-0.083518,19.02935,14.471832
Zn_num,E4,E4_Min5_Field_Depth_Interactions,ElasticNet,LOG1P,22,-0.033822,23.638324,13.715734
Zn_num,E4,E4_Min5_Field_Depth_Interactions,ElasticNet,LOG1P,23,-0.046929,28.480429,16.09141
Zn_num,E4,E4_Min5_Field_Depth_Interactions,ElasticNet,LOG1P,24,-0.00553,4.141928,3.674409
Zn_num,E4,E4_Min5_Field_Depth_Interactions,ElasticNet,LOG1P,25,-0.337311,33.674702,20.503556
Zn_num,E5,E5_Full_Parsimonious_Easy_Panel,SVR_RBF,RAW,1,-0.302839,12.156444,8.94021
Zn_num,E5,E5_Full_Parsimonious_Easy_Panel,SVR_RBF,RAW,2,-0.043701,30.779579,17.074517
Zn_num,E5,E5_Full_Parsimonious_Easy_Panel,SVR_RBF,RAW,3,-0.105734,16.78165,10.698773
Zn_num,E5,E5_Full_Parsimonious_Easy_Panel,SVR_RBF,RAW,4,-0.410017,39.439192,28.475197
Zn_num,E5,E5_Full_Parsimonious_Easy_Panel,SVR_RBF,RAW,5,-0.715958,6.257145,5.577876
Zn_num,E5,E5_Full_Parsimonious_Easy_Panel,SVR_RBF,RAW,6,-3.997613,9.665648,8.422771
Zn_num,E5,E5_Full_Parsimonious_Easy_Panel,SVR_RBF,RAW,7,-0.558738,44.60763,30.217767
Zn_num,E5,E5_Full_Parsimonious_Easy_Panel,SVR_RBF,RAW,8,-0.217073,24.589874,13.118245
Zn_num,E5,E5_Full_Parsimonious_Easy_Panel,SVR_RBF,RAW,9,-0.45311,13.252122,11.111245
Zn_num,E5,E5_Full_Parsimonious_Easy_Panel,SVR_RBF,RAW,10,-0.133426,16.695218,10.008846
Zn_num,E5,E5_Full_Parsimonious_Easy_Panel,SVR_RBF,RAW,11,-0.225608,17.160887,10.130484
Zn_num,E5,E5_Full_Parsimonious_Easy_Panel,SVR_RBF,RAW,12,-0.085155,24.07132,14.099997
Zn_num,E5,E5_Full_Parsimonious_Easy_Panel,SVR_RBF,RAW,13,-0.508138,43.083404,27.699762
Zn_num,E5,E5_Full_Parsimonious_Easy_Panel,SVR_RBF,RAW,14,-0.44075,14.960487,10.2812
Zn_num,E5,E5_Full_Parsimonious_Easy_Panel,SVR_RBF,RAW,15,-0.250017,9.636308,8.610386
Zn_num,E5,E5_Full_Parsimonious_Easy_Panel,SVR_RBF,RAW,16,-0.268508,32.002774,16.682048
Zn_num,E5,E5_Full_Parsimonious_Easy_Panel,SVR_RBF,RAW,17,-4.427627,11.662889,10.95401
Zn_num,E5,E5_Full_Parsimonious_Easy_Panel,SVR_RBF,RAW,18,-0.69289,38.640135,24.632425
Zn_num,E5,E5_Full_Parsimonious_Easy_Panel,SVR_RBF,RAW,19,-0.270305,21.166692,14.753705
Zn_num,E5,E5_Full_Parsimonious_Easy_Panel,SVR_RBF,RAW,20,-0.319047,5.41186,4.739183
Zn_num,E5,E5_Full_Parsimonious_Easy_Panel,SVR_RBF,RAW,21,-0.107589,19.239566,14.300276
Zn_num,E5,E5_Full_Parsimonious_Easy_Panel,SVR_RBF,RAW,22,-0.062415,23.962976,13.507221
Zn_num,E5,E5_Full_Parsimonious_Easy_Panel,SVR_RBF,RAW,23,-0.081909,28.952322,15.94147
Zn_num,E5,E5_Full_Parsimonious_Easy_Panel,SVR_RBF,RAW,24,-0.719816,5.416841,4.586142
Zn_num,E5,E5_Full_Parsimonious_Easy_Panel,SVR_RBF,RAW,25,-0.402945,34.491154,21.060506
Zn_num,E5,E5_Full_Parsimonious_Easy_Panel,SVR_RBF,LOG1P,1,-0.337923,12.319039,9.37258
Zn_num,E5,E5_Full_Parsimonious_Easy_Panel,SVR_RBF,LOG1P,2,-0.111117,31.7581,17.820129
Zn_num,E5,E5_Full_Parsimonious_Easy_Panel,SVR_RBF,LOG1P,3,-0.192835,17.430083,10.333325
Zn_num,E5,E5_Full_Parsimonious_Easy_Panel,SVR_RBF,LOG1P,4,-0.531141,41.09827,30.839339
Zn_num,E5,E5_Full_Parsimonious_Easy_Panel,SVR_RBF,LOG1P,5,-5.261223,11.952326,10.35455
Zn_num,E5,E5_Full_Parsimonious_Easy_Panel,SVR_RBF,LOG1P,6,-5.505997,11.028251,9.046033
Zn_num,E5,E5_Full_Parsimonious_Easy_Panel,SVR_RBF,LOG1P,7,-0.621695,45.49956,31.328817
Zn_num,E5,E5_Full_Parsimonious_Easy_Panel,SVR_RBF,LOG1P,8,-0.475666,27.076468,16.585171
Zn_num,E5,E5_Full_Parsimonious_Easy_Panel,SVR_RBF,LOG1P,9,-0.425516,13.125692,11.153171
Zn_num,E5,E5_Full_Parsimonious_Easy_Panel,SVR_RBF,LOG1P,10,-0.174669,16.996255,10.330183
Zn_num,E5,E5_Full_Parsimonious_Easy_Panel,SVR_RBF,LOG1P,11,-0.210601,17.055498,10.093229
Zn_num,E5,E5_Full_Parsimonious_Easy_Panel,SVR_RBF,LOG1P,12,-0.129798,24.561476,14.438398
Zn_num,E5,E5_Full_Parsimonious_Easy_Panel,SVR_RBF,LOG1P,13,-0.581482,44.11858,29.205536
Zn_num,E5,E5_Full_Parsimonious_Easy_Panel,SVR_RBF,LOG1P,14,-1.054645,17.865689,12.639182
Zn_num,E5,E5_Full_Parsimonious_Easy_Panel,SVR_RBF,LOG1P,15,-0.659227,11.10211,9.431626
Zn_num,E5,E5_Full_Parsimonious_Easy_Panel,SVR_RBF,LOG1P,16,-0.290235,32.275689,17.105918
Zn_num,E5,E5_Full_Parsimonious_Easy_Panel,SVR_RBF,LOG1P,17,-6.777085,13.960776,12.800586
Zn_num,E5,E5_Full_Parsimonious_Easy_Panel,SVR_RBF,LOG1P,18,-0.825954,40.130005,26.46912
Zn_num,E5,E5_Full_Parsimonious_Easy_Panel,SVR_RBF,LOG1P,19,-0.364988,21.941351,14.887276
Zn_num,E5,E5_Full_Parsimonious_Easy_Panel,SVR_RBF,LOG1P,20,-2.137713,8.346858,7.018972
Zn_num,E5,E5_Full_Parsimonious_Easy_Panel,SVR_RBF,LOG1P,21,-0.123131,19.374082,14.416906
Zn_num,E5,E5_Full_Parsimonious_Easy_Panel,SVR_RBF,LOG1P,22,0.001416,23.231966,13.540673
Zn_num,E5,E5_Full_Parsimonious_Easy_Panel,SVR_RBF,LOG1P,23,-0.214654,30.677095,17.505443
Zn_num,E5,E5_Full_Parsimonious_Easy_Panel,SVR_RBF,LOG1P,24,-1.707326,6.796344,5.64684
Zn_num,E5,E5_Full_Parsimonious_Easy_Panel,SVR_RBF,LOG1P,25,-0.440201,34.946122,21.867208
Zn_num,E5,E5_Full_Parsimonious_Easy_Panel,PLS,RAW,1,-1.195182,15.77962,14.099203
Zn_num,E5,E5_Full_Parsimonious_Easy_Panel,PLS,RAW,2,-0.126684,31.97979,21.68402
Zn_num,E5,E5_Full_Parsimonious_Easy_Panel,PLS,RAW,3,-0.166704,17.238105,14.574881
Zn_num,E5,E5_Full_Parsimonious_Easy_Panel,PLS,RAW,4,-0.720583,43.566607,36.753087
Zn_num,E5,E5_Full_Parsimonious_Easy_Panel,PLS,RAW,5,-3.966403,10.644955,9.496448
Zn_num,E5,E5_Full_Parsimonious_Easy_Panel,PLS,RAW,6,-18.952505,19.312941,18.600546
Zn_num,E5,E5_Full_Parsimonious_Easy_Panel,PLS,RAW,7,-0.426003,42.666087,30.702918
Zn_num,E5,E5_Full_Parsimonious_Easy_Panel,PLS,RAW,8,-0.19896,24.406206,15.40946
Zn_num,E5,E5_Full_Parsimonious_Easy_Panel,PLS,RAW,9,-0.281942,12.447164,10.259613
Zn_num,E5,E5_Full_Parsimonious_Easy_Panel,PLS,RAW,10,-0.057492,16.126277,13.184264
Zn_num,E5,E5_Full_Parsimonious_Easy_Panel,PLS,RAW,11,-0.100394,16.260656,13.032702
Zn_num,E5,E5_Full_Parsimonious_Easy_Panel,PLS,RAW,12,-0.329214,26.641056,20.020129
Zn_num,E5,E5_Full_Parsimonious_Easy_Panel,PLS,RAW,13,-0.689784,45.604224,34.982377
Zn_num,E5,E5_Full_Parsimonious_Easy_Panel,PLS,RAW,14,-0.562077,15.577671,12.129221
Zn_num,E5,E5_Full_Parsimonious_Easy_Panel,PLS,RAW,15,-3.776564,18.836944,17.604803
Zn_num,E5,E5_Full_Parsimonious_Easy_Panel,PLS,RAW,16,-0.457138,34.299787,21.815067
Zn_num,E5,E5_Full_Parsimonious_Easy_Panel,PLS,RAW,17,-17.257431,21.390502,20.813316
Zn_num,E5,E5_Full_Parsimonious_Easy_Panel,PLS,RAW,18,-0.541095,36.867093,22.712551
Zn_num,E5,E5_Full_Parsimonious_Easy_Panel,PLS,RAW,19,-0.193056,20.51301,16.806994
Zn_num,E5,E5_Full_Parsimonious_Easy_Panel,PLS,RAW,20,-4.298652,10.846737,9.195424
Zn_num,E5,E5_Full_Parsimonious_Easy_Panel,PLS,RAW,21,-0.168596,19.762326,18.608766
Zn_num,E5,E5_Full_Parsimonious_Easy_Panel,PLS,RAW,22,-0.252746,26.021072,19.949865
Zn_num,E5,E5_Full_Parsimonious_Easy_Panel,PLS,RAW,23,-0.057743,28.627138,19.45446
Zn_num,E5,E5_Full_Parsimonious_Easy_Panel,PLS,RAW,24,-4.805215,9.952089,8.231714
Zn_num,E5,E5_Full_Parsimonious_Easy_Panel,PLS,RAW,25,-0.385132,34.271492,22.328559
Zn_num,E5,E5_Full_Parsimonious_Easy_Panel,PLS,LOG1P,1,-0.338901,12.323539,9.503776
Zn_num,E5,E5_Full_Parsimonious_Easy_Panel,PLS,LOG1P,2,-0.065456,31.098706,18.219866
Zn_num,E5,E5_Full_Parsimonious_Easy_Panel,PLS,LOG1P,3,-0.124072,16.920234,11.176313
Zn_num,E5,E5_Full_Parsimonious_Easy_Panel,PLS,LOG1P,4,-0.529275,41.073206,31.051909
Zn_num,E5,E5_Full_Parsimonious_Easy_Panel,PLS,LOG1P,5,-0.23347,5.305022,3.813807
Zn_num,E5,E5_Full_Parsimonious_Easy_Panel,PLS,LOG1P,6,-6.181217,11.586405,10.541592
Zn_num,E5,E5_Full_Parsimonious_Easy_Panel,PLS,LOG1P,7,-0.539935,44.337755,29.814077
Zn_num,E5,E5_Full_Parsimonious_Easy_Panel,PLS,LOG1P,8,-0.219313,24.612494,13.181132
Zn_num,E5,E5_Full_Parsimonious_Easy_Panel,PLS,LOG1P,9,-0.77636,14.652162,12.626606
Zn_num,E5,E5_Full_Parsimonious_Easy_Panel,PLS,LOG1P,10,-0.147679,16.799861,10.040449
Zn_num,E5,E5_Full_Parsimonious_Easy_Panel,PLS,LOG1P,11,-0.147161,16.602604,10.097911
Zn_num,E5,E5_Full_Parsimonious_Easy_Panel,PLS,LOG1P,12,-0.142952,24.704044,15.159009
Zn_num,E5,E5_Full_Parsimonious_Easy_Panel,PLS,LOG1P,13,-0.738967,46.263133,33.599246
Zn_num,E5,E5_Full_Parsimonious_Easy_Panel,PLS,LOG1P,14,-0.387249,14.680084,9.113482
Zn_num,E5,E5_Full_Parsimonious_Easy_Panel,PLS,LOG1P,15,-0.903437,11.891098,10.781014
Zn_num,E5,E5_Full_Parsimonious_Easy_Panel,PLS,LOG1P,16,-0.412444,33.769664,18.613135
Zn_num,E5,E5_Full_Parsimonious_Easy_Panel,PLS,LOG1P,17,-8.252613,15.227666,14.315007
Zn_num,E5,E5_Full_Parsimonious_Easy_Panel,PLS,LOG1P,18,-0.674833,38.433508,24.897427
Zn_num,E5,E5_Full_Parsimonious_Easy_Panel,PLS,LOG1P,19,-0.302346,21.431973,15.638232
Zn_num,E5,E5_Full_Parsimonious_Easy_Panel,PLS,LOG1P,20,-1.008891,6.678741,5.891598
Zn_num,E5,E5_Full_Parsimonious_Easy_Panel,PLS,LOG1P,21,-0.101827,19.189456,14.732532
Zn_num,E5,E5_Full_Parsimonious_Easy_Panel,PLS,LOG1P,22,-0.043642,23.750324,13.364879
Zn_num,E5,E5_Full_Parsimonious_Easy_Panel,PLS,LOG1P,23,-0.075504,28.866482,16.54315
Zn_num,E5,E5_Full_Parsimonious_Easy_Panel,PLS,LOG1P,24,-0.146446,4.422644,3.86504
Zn_num,E5,E5_Full_Parsimonious_Easy_Panel,PLS,LOG1P,25,-0.463346,35.225813,22.76643
Zn_num,E5,E5_Full_Parsimonious_Easy_Panel,Lasso,RAW,1,-3.999439,23.813424,19.741074
Zn_num,E5,E5_Full_Parsimonious_Easy_Panel,Lasso,RAW,2,-0.146086,32.253968,22.15165
Zn_num,E5,E5_Full_Parsimonious_Easy_Panel,Lasso,RAW,3,-0.152742,17.134652,14.317074
Zn_num,E5,E5_Full_Parsimonious_Easy_Panel,Lasso,RAW,4,-0.795992,44.511076,37.840486
Zn_num,E5,E5_Full_Parsimonious_Easy_Panel,Lasso,RAW,5,-7.278909,13.743882,12.093193
Zn_num,E5,E5_Full_Parsimonious_Easy_Panel,Lasso,RAW,6,-21.4375,20.480329,19.362351
Zn_num,E5,E5_Full_Parsimonious_Easy_Panel,Lasso,RAW,7,-0.463991,43.230652,30.454569
Zn_num,E5,E5_Full_Parsimonious_Easy_Panel,Lasso,RAW,8,-0.225495,24.674798,15.282005
Zn_num,E5,E5_Full_Parsimonious_Easy_Panel,Lasso,RAW,9,-1.514862,17.433847,14.003825
Zn_num,E5,E5_Full_Parsimonious_Easy_Panel,Lasso,RAW,10,-0.114576,16.555807,13.857065
Zn_num,E5,E5_Full_Parsimonious_Easy_Panel,Lasso,RAW,11,-0.064564,15.993731,12.725973
Zn_num,E5,E5_Full_Parsimonious_Easy_Panel,Lasso,RAW,12,-0.458266,27.904385,20.923228
Zn_num,E5,E5_Full_Parsimonious_Easy_Panel,Lasso,RAW,13,-0.671182,45.352505,34.561681
Zn_num,E5,E5_Full_Parsimonious_Easy_Panel,Lasso,RAW,14,-0.47701,15.147572,11.583483
Zn_num,E5,E5_Full_Parsimonious_Easy_Panel,Lasso,RAW,15,-4.085492,19.436549,17.732324
Zn_num,E5,E5_Full_Parsimonious_Easy_Panel,Lasso,RAW,16,-0.539307,35.253618,23.031288
Zn_num,E5,E5_Full_Parsimonious_Easy_Panel,Lasso,RAW,17,-22.822248,24.433884,23.085242
Zn_num,E5,E5_Full_Parsimonious_Easy_Panel,Lasso,RAW,18,-0.592983,37.482611,23.681183
Zn_num,E5,E5_Full_Parsimonious_Easy_Panel,Lasso,RAW,19,-0.347782,21.802627,18.960314
Zn_num,E5,E5_Full_Parsimonious_Easy_Panel,Lasso,RAW,20,-4.661044,11.211525,9.569016
Zn_num,E5,E5_Full_Parsimonious_Easy_Panel,Lasso,RAW,21,-0.203158,20.052436,18.852478
Zn_num,E5,E5_Full_Parsimonious_Easy_Panel,Lasso,RAW,22,-0.248338,25.975258,19.195734
Zn_num,E5,E5_Full_Parsimonious_Easy_Panel,Lasso,RAW,23,-0.06537,28.730164,19.508912
Zn_num,E5,E5_Full_Parsimonious_Easy_Panel,Lasso,RAW,24,-6.409066,11.24312,9.330775
Zn_num,E5,E5_Full_Parsimonious_Easy_Panel,Lasso,RAW,25,-0.349804,33.831619,21.374942
Zn_num,E5,E5_Full_Parsimonious_Easy_Panel,Lasso,LOG1P,1,-0.122727,11.284914,8.533007
Zn_num,E5,E5_Full_Parsimonious_Easy_Panel,Lasso,LOG1P,2,-0.020216,30.431313,17.797322
Zn_num,E5,E5_Full_Parsimonious_Easy_Panel,Lasso,LOG1P,3,-0.048001,16.337667,10.806623
Zn_num,E5,E5_Full_Parsimonious_Easy_Panel,Lasso,LOG1P,4,-0.432394,39.750912,28.98132
Zn_num,E5,E5_Full_Parsimonious_Easy_Panel,Lasso,LOG1P,5,-0.006249,4.791545,3.456261
Zn_num,E5,E5_Full_Parsimonious_Easy_Panel,Lasso,LOG1P,6,-4.701767,10.324153,9.375194
Zn_num,E5,E5_Full_Parsimonious_Easy_Panel,Lasso,LOG1P,7,-0.497156,43.717581,29.884624
Zn_num,E5,E5_Full_Parsimonious_Easy_Panel,Lasso,LOG1P,8,-0.103848,23.418151,12.035101
Zn_num,E5,E5_Full_Parsimonious_Easy_Panel,Lasso,LOG1P,9,-0.190799,11.996522,9.772295
Zn_num,E5,E5_Full_Parsimonious_Easy_Panel,Lasso,LOG1P,10,-0.056806,16.121043,9.792588
Zn_num,E5,E5_Full_Parsimonious_Easy_Panel,Lasso,LOG1P,11,-0.09,16.18368,9.907092
Zn_num,E5,E5_Full_Parsimonious_Easy_Panel,Lasso,LOG1P,12,-0.041653,23.583895,13.93803
Zn_num,E5,E5_Full_Parsimonious_Easy_Panel,Lasso,LOG1P,13,-0.518346,43.228957,28.345988
Zn_num,E5,E5_Full_Parsimonious_Easy_Panel,Lasso,LOG1P,14,-0.127955,13.237235,7.747483
Zn_num,E5,E5_Full_Parsimonious_Easy_Panel,Lasso,LOG1P,15,-0.63788,11.030463,9.807302
Zn_num,E5,E5_Full_Parsimonious_Easy_Panel,Lasso,LOG1P,16,-0.267816,31.994045,16.752154
Zn_num,E5,E5_Full_Parsimonious_Easy_Panel,Lasso,LOG1P,17,-7.164768,14.304513,13.399921
Zn_num,E5,E5_Full_Parsimonious_Easy_Panel,Lasso,LOG1P,18,-0.603341,37.604272,23.456572
Zn_num,E5,E5_Full_Parsimonious_Easy_Panel,Lasso,LOG1P,19,-0.185267,20.44594,14.437054
Zn_num,E5,E5_Full_Parsimonious_Easy_Panel,Lasso,LOG1P,20,-0.011064,4.738117,4.397338
Zn_num,E5,E5_Full_Parsimonious_Easy_Panel,Lasso,LOG1P,21,-0.07566,18.960218,14.383684
Zn_num,E5,E5_Full_Parsimonious_Easy_Panel,Lasso,LOG1P,22,-0.033822,23.638324,13.715734
Zn_num,E5,E5_Full_Parsimonious_Easy_Panel,Lasso,LOG1P,23,-0.049393,28.51393,16.014221
Zn_num,E5,E5_Full_Parsimonious_Easy_Panel,Lasso,LOG1P,24,-0.000424,4.131398,3.661324
Zn_num,E5,E5_Full_Parsimonious_Easy_Panel,Lasso,LOG1P,25,-0.308828,33.314154,20.230155
Zn_num,E5,E5_Full_Parsimonious_Easy_Panel,Ridge,RAW,1,-1.966834,18.344583,16.297183
Zn_num,E5,E5_Full_Parsimonious_Easy_Panel,Ridge,RAW,2,-0.139121,32.155813,22.070478
Zn_num,E5,E5_Full_Parsimonious_Easy_Panel,Ridge,RAW,3,-0.158823,17.179791,14.360378
Zn_num,E5,E5_Full_Parsimonious_Easy_Panel,Ridge,RAW,4,-0.768542,44.169608,37.532456
Zn_num,E5,E5_Full_Parsimonious_Easy_Panel,Ridge,RAW,5,-5.116761,11.813637,9.836146
Zn_num,E5,E5_Full_Parsimonious_Easy_Panel,Ridge,RAW,6,-20.222768,19.918229,19.013504
Zn_num,E5,E5_Full_Parsimonious_Easy_Panel,Ridge,RAW,7,-0.456385,43.118204,30.367269
Zn_num,E5,E5_Full_Parsimonious_Easy_Panel,Ridge,RAW,8,-0.229327,24.713353,15.209443
Zn_num,E5,E5_Full_Parsimonious_Easy_Panel,Ridge,RAW,9,-1.016783,15.612258,12.784353
Zn_num,E5,E5_Full_Parsimonious_Easy_Panel,Ridge,RAW,10,-0.10229,16.464306,13.769432
Zn_num,E5,E5_Full_Parsimonious_Easy_Panel,Ridge,RAW,11,-0.069148,16.028134,12.765187
Zn_num,E5,E5_Full_Parsimonious_Easy_Panel,Ridge,RAW,12,-0.428031,27.613585,20.708602
Zn_num,E5,E5_Full_Parsimonious_Easy_Panel,Ridge,RAW,13,-0.660438,45.206482,34.384067
Zn_num,E5,E5_Full_Parsimonious_Easy_Panel,Ridge,RAW,14,-0.491387,15.221118,11.613718
Zn_num,E5,E5_Full_Parsimonious_Easy_Panel,Ridge,RAW,15,-3.987143,19.247688,17.69926
Zn_num,E5,E5_Full_Parsimonious_Easy_Panel,Ridge,RAW,16,-0.519763,35.029105,22.698233
Zn_num,E5,E5_Full_Parsimonious_Easy_Panel,Ridge,RAW,17,-19.780467,22.820691,21.883428
Zn_num,E5,E5_Full_Parsimonious_Easy_Panel,Ridge,RAW,18,-0.57311,37.24807,23.427598
Zn_num,E5,E5_Full_Parsimonious_Easy_Panel,Ridge,RAW,19,-0.275008,21.205833,18.19639
Zn_num,E5,E5_Full_Parsimonious_Easy_Panel,Ridge,RAW,20,-4.537274,11.088286,9.520205
Zn_num,E5,E5_Full_Parsimonious_Easy_Panel,Ridge,RAW,21,-0.152093,19.622284,18.311007
Zn_num,E5,E5_Full_Parsimonious_Easy_Panel,Ridge,RAW,22,-0.240854,25.897278,18.935391
Zn_num,E5,E5_Full_Parsimonious_Easy_Panel,Ridge,RAW,23,-0.073619,28.841185,19.74895
Zn_num,E5,E5_Full_Parsimonious_Easy_Panel,Ridge,RAW,24,-5.772348,10.749165,8.930546
Zn_num,E5,E5_Full_Parsimonious_Easy_Panel,Ridge,RAW,25,-0.354449,33.889789,21.666805
Zn_num,E5,E5_Full_Parsimonious_Easy_Panel,Ridge,LOG1P,1,-0.390395,12.558285,9.768957
Zn_num,E5,E5_Full_Parsimonious_Easy_Panel,Ridge,LOG1P,2,-0.08567,31.39232,17.963512
Zn_num,E5,E5_Full_Parsimonious_Easy_Panel,Ridge,LOG1P,3,-0.143134,17.063095,11.446591
Zn_num,E5,E5_Full_Parsimonious_Easy_Panel,Ridge,LOG1P,4,-0.552761,41.387404,31.397521
Zn_num,E5,E5_Full_Parsimonious_Easy_Panel,Ridge,LOG1P,5,-0.370601,5.592145,3.807032
Zn_num,E5,E5_Full_Parsimonious_Easy_Panel,Ridge,LOG1P,6,-6.165075,11.573376,10.550194
Zn_num,E5,E5_Full_Parsimonious_Easy_Panel,Ridge,LOG1P,7,-0.560512,44.633003,29.93823
Zn_num,E5,E5_Full_Parsimonious_Easy_Panel,Ridge,LOG1P,8,-0.249249,24.912792,14.067219
Zn_num,E5,E5_Full_Parsimonious_Easy_Panel,Ridge,LOG1P,9,-1.592371,17.700469,14.263565
Zn_num,E5,E5_Full_Parsimonious_Easy_Panel,Ridge,LOG1P,10,-0.136801,16.720057,9.934177
Zn_num,E5,E5_Full_Parsimonious_Easy_Panel,Ridge,LOG1P,11,-0.154086,16.652636,9.852683
Zn_num,E5,E5_Full_Parsimonious_Easy_Panel,Ridge,LOG1P,12,-0.20122,25.325928,16.181837
Zn_num,E5,E5_Full_Parsimonious_Easy_Panel,Ridge,LOG1P,13,-0.705727,45.818853,32.601968
Zn_num,E5,E5_Full_Parsimonious_Easy_Panel,Ridge,LOG1P,14,-0.402467,14.760386,9.451754
Zn_num,E5,E5_Full_Parsimonious_Easy_Panel,Ridge,LOG1P,15,-1.019825,12.249251,11.096883
Zn_num,E5,E5_Full_Parsimonious_Easy_Panel,Ridge,LOG1P,16,-0.424213,33.910056,18.774157
Zn_num,E5,E5_Full_Parsimonious_Easy_Panel,Ridge,LOG1P,17,-9.625323,16.318198,15.206523
Zn_num,E5,E5_Full_Parsimonious_Easy_Panel,Ridge,LOG1P,18,-0.691571,38.625074,24.435431
Zn_num,E5,E5_Full_Parsimonious_Easy_Panel,Ridge,LOG1P,19,-0.327148,21.635083,16.112546
Zn_num,E5,E5_Full_Parsimonious_Easy_Panel,Ridge,LOG1P,20,-0.634733,6.02476,5.446025
Zn_num,E5,E5_Full_Parsimonious_Easy_Panel,Ridge,LOG1P,21,-0.099177,19.16636,14.602743
Zn_num,E5,E5_Full_Parsimonious_Easy_Panel,Ridge,LOG1P,22,-0.058898,23.92329,13.343945
Zn_num,E5,E5_Full_Parsimonious_Easy_Panel,Ridge,LOG1P,23,-0.098006,29.166901,16.984465
Zn_num,E5,E5_Full_Parsimonious_Easy_Panel,Ridge,LOG1P,24,-0.044311,4.221046,3.72504
Zn_num,E5,E5_Full_Parsimonious_Easy_Panel,Ridge,LOG1P,25,-0.459114,35.174837,22.395615
Zn_num,E5,E5_Full_Parsimonious_Easy_Panel,ElasticNet,RAW,1,-1.080903,15.363394,13.915735
Zn_num,E5,E5_Full_Parsimonious_Easy_Panel,ElasticNet,RAW,2,-0.128303,32.002761,21.97343
Zn_num,E5,E5_Full_Parsimonious_Easy_Panel,ElasticNet,RAW,3,-0.153551,17.140667,14.351457
Zn_num,E5,E5_Full_Parsimonious_Easy_Panel,ElasticNet,RAW,4,-0.746843,43.897803,37.25099
Zn_num,E5,E5_Full_Parsimonious_Easy_Panel,ElasticNet,RAW,5,-4.31517,11.012387,9.358218
Zn_num,E5,E5_Full_Parsimonious_Easy_Panel,ElasticNet,RAW,6,-19.662988,19.653787,18.833655
Zn_num,E5,E5_Full_Parsimonious_Easy_Panel,ElasticNet,RAW,7,-0.442673,42.914741,30.370268
Zn_num,E5,E5_Full_Parsimonious_Easy_Panel,ElasticNet,RAW,8,-0.214909,24.568001,15.264734
Zn_num,E5,E5_Full_Parsimonious_Easy_Panel,ElasticNet,RAW,9,-0.732245,14.469079,11.974287
Zn_num,E5,E5_Full_Parsimonious_Easy_Panel,ElasticNet,RAW,10,-0.08703,16.349945,13.597357
Zn_num,E5,E5_Full_Parsimonious_Easy_Panel,ElasticNet,RAW,11,-0.067458,16.015455,12.797407
Zn_num,E5,E5_Full_Parsimonious_Easy_Panel,ElasticNet,RAW,12,-0.393023,27.273013,20.481034
Zn_num,E5,E5_Full_Parsimonious_Easy_Panel,ElasticNet,RAW,13,-0.658428,45.179117,34.370373
Zn_num,E5,E5_Full_Parsimonious_Easy_Panel,ElasticNet,RAW,14,-0.481587,15.171024,11.678475
Zn_num,E5,E5_Full_Parsimonious_Easy_Panel,ElasticNet,RAW,15,-3.835124,18.952062,17.54951
Zn_num,E5,E5_Full_Parsimonious_Easy_Panel,ElasticNet,RAW,16,-0.504576,34.853635,22.547187
Zn_num,E5,E5_Full_Parsimonious_Easy_Panel,ElasticNet,RAW,17,-18.959665,22.365457,21.544847
Zn_num,E5,E5_Full_Parsimonious_Easy_Panel,ElasticNet,RAW,18,-0.555556,37.039672,23.146814
Zn_num,E5,E5_Full_Parsimonious_Easy_Panel,ElasticNet,RAW,19,-0.221612,20.757047,17.567219
Zn_num,E5,E5_Full_Parsimonious_Easy_Panel,ElasticNet,RAW,20,-4.422781,10.973052,9.367209
Zn_num,E5,E5_Full_Parsimonious_Easy_Panel,ElasticNet,RAW,21,-0.129597,19.429768,18.049522
Zn_num,E5,E5_Full_Parsimonious_Easy_Panel,ElasticNet,RAW,22,-0.231541,25.799906,19.188645
Zn_num,E5,E5_Full_Parsimonious_Easy_Panel,ElasticNet,RAW,23,-0.059414,28.649751,19.496989
Zn_num,E5,E5_Full_Parsimonious_Easy_Panel,ElasticNet,RAW,24,-5.315396,10.380192,8.636792
Zn_num,E5,E5_Full_Parsimonious_Easy_Panel,ElasticNet,RAW,25,-0.342215,33.73638,21.490483
Zn_num,E5,E5_Full_Parsimonious_Easy_Panel,ElasticNet,LOG1P,1,-0.17906,11.564561,8.757776
Zn_num,E5,E5_Full_Parsimonious_Easy_Panel,ElasticNet,LOG1P,2,-0.022265,30.461861,17.890806
Zn_num,E5,E5_Full_Parsimonious_Easy_Panel,ElasticNet,LOG1P,3,-0.056307,16.402288,10.885726
Zn_num,E5,E5_Full_Parsimonious_Easy_Panel,ElasticNet,LOG1P,4,-0.469933,40.268426,29.80441
Zn_num,E5,E5_Full_Parsimonious_Easy_Panel,ElasticNet,LOG1P,5,-0.006249,4.791545,3.456261
Zn_num,E5,E5_Full_Parsimonious_Easy_Panel,ElasticNet,LOG1P,6,-5.37036,10.912687,9.933807
Zn_num,E5,E5_Full_Parsimonious_Easy_Panel,ElasticNet,LOG1P,7,-0.515664,43.986964,29.715892
Zn_num,E5,E5_Full_Parsimonious_Easy_Panel,ElasticNet,LOG1P,8,-0.139044,23.788565,12.420473
Zn_num,E5,E5_Full_Parsimonious_Easy_Panel,ElasticNet,LOG1P,9,-0.325576,12.657224,10.74763
Zn_num,E5,E5_Full_Parsimonious_Easy_Panel,ElasticNet,LOG1P,10,-0.056806,16.121043,9.792588
Zn_num,E5,E5_Full_Parsimonious_Easy_Panel,ElasticNet,LOG1P,11,-0.093327,16.208354,9.927292
Zn_num,E5,E5_Full_Parsimonious_Easy_Panel,ElasticNet,LOG1P,12,-0.085961,24.080254,14.54299
Zn_num,E5,E5_Full_Parsimonious_Easy_Panel,ElasticNet,LOG1P,13,-0.577079,44.057123,30.094682
Zn_num,E5,E5_Full_Parsimonious_Easy_Panel,ElasticNet,LOG1P,14,-0.142704,13.323496,7.697693
Zn_num,E5,E5_Full_Parsimonious_Easy_Panel,ElasticNet,LOG1P,15,-0.781421,11.503657,10.363271
Zn_num,E5,E5_Full_Parsimonious_Easy_Panel,ElasticNet,LOG1P,16,-0.313944,32.570881,16.912618
Zn_num,E5,E5_Full_Parsimonious_Easy_Panel,ElasticNet,LOG1P,17,-7.355291,14.470447,13.628634
Zn_num,E5,E5_Full_Parsimonious_Easy_Panel,ElasticNet,LOG1P,18,-0.631431,37.932246,24.457155
Zn_num,E5,E5_Full_Parsimonious_Easy_Panel,ElasticNet,LOG1P,19,-0.231326,20.839413,14.981655
Zn_num,E5,E5_Full_Parsimonious_Easy_Panel,ElasticNet,LOG1P,20,-0.011064,4.738117,4.397338
Zn_num,E5,E5_Full_Parsimonious_Easy_Panel,ElasticNet,LOG1P,21,-0.083518,19.02935,14.471832
Zn_num,E5,E5_Full_Parsimonious_Easy_Panel,ElasticNet,LOG1P,22,-0.033822,23.638324,13.715734
Zn_num,E5,E5_Full_Parsimonious_Easy_Panel,ElasticNet,LOG1P,23,-0.048712,28.504679,16.194547
Zn_num,E5,E5_Full_Parsimonious_Easy_Panel,ElasticNet,LOG1P,24,-0.00553,4.141928,3.674409
Zn_num,E5,E5_Full_Parsimonious_Easy_Panel,ElasticNet,LOG1P,25,-0.337311,33.674702,20.503556
HPI,E1,E1_Min2_FieldOnly,SVR_RBF,RAW,1,-0.035422,30.543258,26.036447
HPI,E1,E1_Min2_FieldOnly,SVR_RBF,RAW,2,-0.356856,136.762782,82.914853
HPI,E1,E1_Min2_FieldOnly,SVR_RBF,RAW,3,-0.126944,31.190897,24.305676
HPI,E1,E1_Min2_FieldOnly,SVR_RBF,RAW,4,-0.089093,15.757108,14.226189
HPI,E1,E1_Min2_FieldOnly,SVR_RBF,RAW,5,-0.83587,89.875339,62.652652
HPI,E1,E1_Min2_FieldOnly,SVR_RBF,RAW,6,-0.245857,35.177048,25.742543
HPI,E1,E1_Min2_FieldOnly,SVR_RBF,RAW,7,-0.163534,90.534937,50.973804
HPI,E1,E1_Min2_FieldOnly,SVR_RBF,RAW,8,-0.826129,45.727303,33.044709
HPI,E1,E1_Min2_FieldOnly,SVR_RBF,RAW,9,-0.16056,30.943889,24.728147
HPI,E1,E1_Min2_FieldOnly,SVR_RBF,RAW,10,-0.179878,125.824404,73.950107
HPI,E1,E1_Min2_FieldOnly,SVR_RBF,RAW,11,-0.175729,88.656666,46.034621
HPI,E1,E1_Min2_FieldOnly,SVR_RBF,RAW,12,-0.117424,38.794109,30.068627
HPI,E1,E1_Min2_FieldOnly,SVR_RBF,RAW,13,-0.229436,78.912884,40.81963
HPI,E1,E1_Min2_FieldOnly,SVR_RBF,RAW,14,-0.165045,107.25764,59.637559
HPI,E1,E1_Min2_FieldOnly,SVR_RBF,RAW,15,-0.312483,38.256027,30.418801
HPI,E1,E1_Min2_FieldOnly,SVR_RBF,RAW,16,-0.113174,19.284667,18.059022
HPI,E1,E1_Min2_FieldOnly,SVR_RBF,RAW,17,-0.538266,36.050629,29.75811
HPI,E1,E1_Min2_FieldOnly,SVR_RBF,RAW,18,-0.500208,121.00016,81.863922
HPI,E1,E1_Min2_FieldOnly,SVR_RBF,RAW,19,-0.11178,104.869197,56.150837
HPI,E1,E1_Min2_FieldOnly,SVR_RBF,RAW,20,-0.080256,30.887122,23.973179
HPI,E1,E1_Min2_FieldOnly,SVR_RBF,RAW,21,-0.218881,35.583682,26.023749
HPI,E1,E1_Min2_FieldOnly,SVR_RBF,RAW,22,-0.295041,96.255769,59.459744
HPI,E1,E1_Min2_FieldOnly,SVR_RBF,RAW,23,-0.152472,103.865461,50.932265
HPI,E1,E1_Min2_FieldOnly,SVR_RBF,RAW,24,-0.137886,28.948797,17.991583
HPI,E1,E1_Min2_FieldOnly,SVR_RBF,RAW,25,-0.173818,80.103377,50.398025
HPI,E1,E1_Min2_FieldOnly,SVR_RBF,LOG1P,1,-0.822495,40.5219,37.097837
HPI,E1,E1_Min2_FieldOnly,SVR_RBF,LOG1P,2,-0.377491,137.798797,82.067044
HPI,E1,E1_Min2_FieldOnly,SVR_RBF,LOG1P,3,-0.064594,30.315776,20.933578
HPI,E1,E1_Min2_FieldOnly,SVR_RBF,LOG1P,4,-0.723566,19.822479,17.335621
HPI,E1,E1_Min2_FieldOnly,SVR_RBF,LOG1P,5,-0.690907,86.25404,60.314646
HPI,E1,E1_Min2_FieldOnly,SVR_RBF,LOG1P,6,-0.518627,38.837473,29.186556
HPI,E1,E1_Min2_FieldOnly,SVR_RBF,LOG1P,7,-0.088484,87.566431,50.682266
HPI,E1,E1_Min2_FieldOnly,SVR_RBF,LOG1P,8,-0.512244,41.612206,33.711165
HPI,E1,E1_Min2_FieldOnly,SVR_RBF,LOG1P,9,-0.303619,32.795666,25.616839
HPI,E1,E1_Min2_FieldOnly,SVR_RBF,LOG1P,10,-0.180333,125.84871,68.361617
HPI,E1,E1_Min2_FieldOnly,SVR_RBF,LOG1P,11,-0.166919,88.32388,46.310552
HPI,E1,E1_Min2_FieldOnly,SVR_RBF,LOG1P,12,-0.197377,40.158022,35.161107
HPI,E1,E1_Min2_FieldOnly,SVR_RBF,LOG1P,13,-0.05954,73.257751,42.909416
HPI,E1,E1_Min2_FieldOnly,SVR_RBF,LOG1P,14,-0.163344,107.179342,61.43301
HPI,E1,E1_Min2_FieldOnly,SVR_RBF,LOG1P,15,-0.387776,39.338038,28.924879
HPI,E1,E1_Min2_FieldOnly,SVR_RBF,LOG1P,16,0.053553,17.781924,15.791213
HPI,E1,E1_Min2_FieldOnly,SVR_RBF,LOG1P,17,-0.710605,38.016494,29.244627
HPI,E1,E1_Min2_FieldOnly,SVR_RBF,LOG1P,18,-0.409336,117.278245,78.441578
HPI,E1,E1_Min2_FieldOnly,SVR_RBF,LOG1P,19,-0.205445,109.197363,60.710223
HPI,E1,E1_Min2_FieldOnly,SVR_RBF,LOG1P,20,-0.386023,34.98641,27.786102
HPI,E1,E1_Min2_FieldOnly,SVR_RBF,LOG1P,21,-0.263001,36.221962,23.144307
HPI,E1,E1_Min2_FieldOnly,SVR_RBF,LOG1P,22,-0.250388,94.581781,60.003078
HPI,E1,E1_Min2_FieldOnly,SVR_RBF,LOG1P,23,-0.343796,112.156039,66.972779
HPI,E1,E1_Min2_FieldOnly,SVR_RBF,LOG1P,24,-0.105582,28.53491,19.299374
HPI,E1,E1_Min2_FieldOnly,SVR_RBF,LOG1P,25,-0.181365,80.360487,50.13905
HPI,E1,E1_Min2_FieldOnly,PLS,RAW,1,-1.299076,45.512766,42.081461
HPI,E1,E1_Min2_FieldOnly,PLS,RAW,2,-0.254333,131.494461,88.257891
HPI,E1,E1_Min2_FieldOnly,PLS,RAW,3,-0.194648,32.114169,26.678162
HPI,E1,E1_Min2_FieldOnly,PLS,RAW,4,-8.912231,47.536778,44.843692
HPI,E1,E1_Min2_FieldOnly,PLS,RAW,5,-0.413507,78.86215,54.112804
HPI,E1,E1_Min2_FieldOnly,PLS,RAW,6,-0.463603,38.127376,35.996402
HPI,E1,E1_Min2_FieldOnly,PLS,RAW,7,-0.129923,89.217694,61.527
HPI,E1,E1_Min2_FieldOnly,PLS,RAW,8,0.031801,33.296004,29.259639
HPI,E1,E1_Min2_FieldOnly,PLS,RAW,9,-1.715407,47.332399,39.888514
HPI,E1,E1_Min2_FieldOnly,PLS,RAW,10,-0.070359,119.842581,82.441019
HPI,E1,E1_Min2_FieldOnly,PLS,RAW,11,-0.056468,84.039967,47.310768
HPI,E1,E1_Min2_FieldOnly,PLS,RAW,12,-0.424782,43.805743,42.535409
HPI,E1,E1_Min2_FieldOnly,PLS,RAW,13,-0.056884,73.165893,50.317792
HPI,E1,E1_Min2_FieldOnly,PLS,RAW,14,-0.011831,99.956457,67.032884
HPI,E1,E1_Min2_FieldOnly,PLS,RAW,15,-0.171447,36.142176,32.053627
HPI,E1,E1_Min2_FieldOnly,PLS,RAW,16,-2.572707,34.548513,27.502015
HPI,E1,E1_Min2_FieldOnly,PLS,RAW,17,-0.575818,36.48801,32.526387
HPI,E1,E1_Min2_FieldOnly,PLS,RAW,18,-0.287604,112.098919,80.013354
HPI,E1,E1_Min2_FieldOnly,PLS,RAW,19,0.01797,98.560019,65.980949
HPI,E1,E1_Min2_FieldOnly,PLS,RAW,20,-1.035128,42.394556,39.229832
HPI,E1,E1_Min2_FieldOnly,PLS,RAW,21,-0.044096,32.933691,30.081458
HPI,E1,E1_Min2_FieldOnly,PLS,RAW,22,-0.138953,90.26888,65.301737
HPI,E1,E1_Min2_FieldOnly,PLS,RAW,23,0.006714,96.42577,56.49718
HPI,E1,E1_Min2_FieldOnly,PLS,RAW,24,-2.795145,52.868295,50.51778
HPI,E1,E1_Min2_FieldOnly,PLS,RAW,25,-0.049503,75.742958,51.428471
HPI,E1,E1_Min2_FieldOnly,PLS,LOG1P,1,0.028982,29.578095,27.345112
HPI,E1,E1_Min2_FieldOnly,PLS,LOG1P,2,-0.35698,136.769048,84.802144
HPI,E1,E1_Min2_FieldOnly,PLS,LOG1P,3,-0.111494,30.976345,23.835098
HPI,E1,E1_Min2_FieldOnly,PLS,LOG1P,4,-0.94466,21.055513,19.108611
HPI,E1,E1_Min2_FieldOnly,PLS,LOG1P,5,-0.68225,86.03296,60.093115
HPI,E1,E1_Min2_FieldOnly,PLS,LOG1P,6,-0.463113,38.121002,31.62394
HPI,E1,E1_Min2_FieldOnly,PLS,LOG1P,7,-0.161497,90.455631,50.995835
HPI,E1,E1_Min2_FieldOnly,PLS,LOG1P,8,-0.292284,38.467045,27.198603
HPI,E1,E1_Min2_FieldOnly,PLS,LOG1P,9,-0.480048,34.944507,29.790301
HPI,E1,E1_Min2_FieldOnly,PLS,LOG1P,10,-0.138037,123.573264,72.562214
HPI,E1,E1_Min2_FieldOnly,PLS,LOG1P,11,-0.200242,89.576085,44.941097
HPI,E1,E1_Min2_FieldOnly,PLS,LOG1P,12,-0.172994,39.747026,32.299244
HPI,E1,E1_Min2_FieldOnly,PLS,LOG1P,13,-0.119944,75.317009,44.34615
HPI,E1,E1_Min2_FieldOnly,PLS,LOG1P,14,-0.091672,103.825245,59.470666
HPI,E1,E1_Min2_FieldOnly,PLS,LOG1P,15,-0.220569,36.892176,29.249886
HPI,E1,E1_Min2_FieldOnly,PLS,LOG1P,16,-0.045366,18.688087,16.254517
HPI,E1,E1_Min2_FieldOnly,PLS,LOG1P,17,-0.183234,31.617854,27.046496
HPI,E1,E1_Min2_FieldOnly,PLS,LOG1P,18,-0.476477,120.039348,79.348476
HPI,E1,E1_Min2_FieldOnly,PLS,LOG1P,19,-0.071909,102.971577,56.197957
HPI,E1,E1_Min2_FieldOnly,PLS,LOG1P,20,-0.359301,34.647514,29.783169
HPI,E1,E1_Min2_FieldOnly,PLS,LOG1P,21,-0.178004,34.981909,26.083612
HPI,E1,E1_Min2_FieldOnly,PLS,LOG1P,22,-0.275711,95.534706,62.339319
HPI,E1,E1_Min2_FieldOnly,PLS,LOG1P,23,-0.111248,101.990895,50.569566
HPI,E1,E1_Min2_FieldOnly,PLS,LOG1P,24,-0.538432,33.660475,28.12329
HPI,E1,E1_Min2_FieldOnly,PLS,LOG1P,25,-0.066066,76.338316,48.309516
HPI,E1,E1_Min2_FieldOnly,Lasso,RAW,1,-1.295063,45.47303,42.034997
HPI,E1,E1_Min2_FieldOnly,Lasso,RAW,2,-0.253372,131.444077,88.228521
HPI,E1,E1_Min2_FieldOnly,Lasso,RAW,3,-0.202911,32.225032,26.823963
HPI,E1,E1_Min2_FieldOnly,Lasso,RAW,4,-8.865365,47.424266,44.799852
HPI,E1,E1_Min2_FieldOnly,Lasso,RAW,5,-0.41393,78.873952,54.098956
HPI,E1,E1_Min2_FieldOnly,Lasso,RAW,6,-0.460847,38.091461,35.992703
HPI,E1,E1_Min2_FieldOnly,Lasso,RAW,7,-0.129603,89.205083,61.535426
HPI,E1,E1_Min2_FieldOnly,Lasso,RAW,8,0.033531,33.266247,29.205574
HPI,E1,E1_Min2_FieldOnly,Lasso,RAW,9,-1.704508,47.237314,39.794445
HPI,E1,E1_Min2_FieldOnly,Lasso,RAW,10,-0.071654,119.915047,82.548773
HPI,E1,E1_Min2_FieldOnly,Lasso,RAW,11,-0.056357,84.035551,47.344942
HPI,E1,E1_Min2_FieldOnly,Lasso,RAW,12,-0.423714,43.789315,42.529415
HPI,E1,E1_Min2_FieldOnly,Lasso,RAW,13,-0.055985,73.134752,50.221911
HPI,E1,E1_Min2_FieldOnly,Lasso,RAW,14,-0.012433,99.986209,67.031016
HPI,E1,E1_Min2_FieldOnly,Lasso,RAW,15,-0.170264,36.123925,32.073983
HPI,E1,E1_Min2_FieldOnly,Lasso,RAW,16,-2.551818,34.447367,27.414715
HPI,E1,E1_Min2_FieldOnly,Lasso,RAW,17,-0.57064,36.428016,32.450176
HPI,E1,E1_Min2_FieldOnly,Lasso,RAW,18,-0.287982,112.115351,80.075704
HPI,E1,E1_Min2_FieldOnly,Lasso,RAW,19,0.017388,98.589235,65.984763
HPI,E1,E1_Min2_FieldOnly,Lasso,RAW,20,-1.031465,42.356377,39.252852
HPI,E1,E1_Min2_FieldOnly,Lasso,RAW,21,-0.048288,32.999739,30.162571
HPI,E1,E1_Min2_FieldOnly,Lasso,RAW,22,-0.138147,90.23694,65.215319
HPI,E1,E1_Min2_FieldOnly,Lasso,RAW,23,0.005613,96.479203,56.568628
HPI,E1,E1_Min2_FieldOnly,Lasso,RAW,24,-2.771861,52.705862,50.398568
HPI,E1,E1_Min2_FieldOnly,Lasso,RAW,25,-0.049567,75.745269,51.462755
HPI,E1,E1_Min2_FieldOnly,Lasso,LOG1P,1,0.012322,29.830759,27.567238
HPI,E1,E1_Min2_FieldOnly,Lasso,LOG1P,2,-0.34534,136.181172,83.517312
HPI,E1,E1_Min2_FieldOnly,Lasso,LOG1P,3,-0.062519,30.286207,24.130886
HPI,E1,E1_Min2_FieldOnly,Lasso,LOG1P,4,-0.332872,17.431641,16.067345
HPI,E1,E1_Min2_FieldOnly,Lasso,LOG1P,5,-0.723647,87.085076,60.261125
HPI,E1,E1_Min2_FieldOnly,Lasso,LOG1P,6,-0.307582,36.037928,29.630928
HPI,E1,E1_Min2_FieldOnly,Lasso,LOG1P,7,-0.136444,89.474777,50.043504
HPI,E1,E1_Min2_FieldOnly,Lasso,LOG1P,8,-0.466493,40.97791,29.023686
HPI,E1,E1_Min2_FieldOnly,Lasso,LOG1P,9,-0.193362,31.378139,25.843442
HPI,E1,E1_Min2_FieldOnly,Lasso,LOG1P,10,-0.1603,124.776134,74.105458
HPI,E1,E1_Min2_FieldOnly,Lasso,LOG1P,11,-0.169118,88.407036,44.086508
HPI,E1,E1_Min2_FieldOnly,Lasso,LOG1P,12,-0.094613,38.3961,30.700718
HPI,E1,E1_Min2_FieldOnly,Lasso,LOG1P,13,-0.113634,75.104549,40.482463
HPI,E1,E1_Min2_FieldOnly,Lasso,LOG1P,14,-0.126085,105.449034,59.588176
HPI,E1,E1_Min2_FieldOnly,Lasso,LOG1P,15,-0.18273,36.315815,29.372447
HPI,E1,E1_Min2_FieldOnly,Lasso,LOG1P,16,0.157023,16.781799,14.658846
HPI,E1,E1_Min2_FieldOnly,Lasso,LOG1P,17,-0.153315,31.215557,26.558293
HPI,E1,E1_Min2_FieldOnly,Lasso,LOG1P,18,-0.494515,120.770346,81.234698
HPI,E1,E1_Min2_FieldOnly,Lasso,LOG1P,19,-0.087482,103.716893,56.39964
HPI,E1,E1_Min2_FieldOnly,Lasso,LOG1P,20,-0.172938,32.184864,27.501938
HPI,E1,E1_Min2_FieldOnly,Lasso,LOG1P,21,-0.121215,34.1283,26.12834
HPI,E1,E1_Min2_FieldOnly,Lasso,LOG1P,22,-0.267393,95.22275,59.500689
HPI,E1,E1_Min2_FieldOnly,Lasso,LOG1P,23,-0.104017,101.658525,49.567471
HPI,E1,E1_Min2_FieldOnly,Lasso,LOG1P,24,-0.120854,28.731317,21.044331
HPI,E1,E1_Min2_FieldOnly,Lasso,LOG1P,25,-0.104323,77.695981,49.799172
HPI,E1,E1_Min2_FieldOnly,Ridge,RAW,1,-1.286357,45.386701,41.930671
HPI,E1,E1_Min2_FieldOnly,Ridge,RAW,2,-0.253055,131.427445,88.193243
HPI,E1,E1_Min2_FieldOnly,Ridge,RAW,3,-0.209676,32.315518,26.926206
HPI,E1,E1_Min2_FieldOnly,Ridge,RAW,4,-8.709685,47.04859,44.582395
HPI,E1,E1_Min2_FieldOnly,Ridge,RAW,5,-0.411632,78.809826,54.032805
HPI,E1,E1_Min2_FieldOnly,Ridge,RAW,6,-0.449846,37.947765,35.911188
HPI,E1,E1_Min2_FieldOnly,Ridge,RAW,7,-0.124818,89.015929,61.365677
HPI,E1,E1_Min2_FieldOnly,Ridge,RAW,8,0.036768,33.210496,29.086449
HPI,E1,E1_Min2_FieldOnly,Ridge,RAW,9,-1.668409,46.920996,39.480404
HPI,E1,E1_Min2_FieldOnly,Ridge,RAW,10,-0.070789,119.866654,82.479933
HPI,E1,E1_Min2_FieldOnly,Ridge,RAW,11,-0.054522,83.96255,47.338368
HPI,E1,E1_Min2_FieldOnly,Ridge,RAW,12,-0.416046,43.671237,42.41925
HPI,E1,E1_Min2_FieldOnly,Ridge,RAW,13,-0.053287,73.041249,50.026445
HPI,E1,E1_Min2_FieldOnly,Ridge,RAW,14,-0.012743,100.001516,66.990969
HPI,E1,E1_Min2_FieldOnly,Ridge,RAW,15,-0.168738,36.100369,32.117659
HPI,E1,E1_Min2_FieldOnly,Ridge,RAW,16,-2.50843,34.236324,27.201124
HPI,E1,E1_Min2_FieldOnly,Ridge,RAW,17,-0.554521,36.240601,32.211433
HPI,E1,E1_Min2_FieldOnly,Ridge,RAW,18,-0.288268,112.12782,80.129942
HPI,E1,E1_Min2_FieldOnly,Ridge,RAW,19,0.016825,98.617471,66.0047
HPI,E1,E1_Min2_FieldOnly,Ridge,RAW,20,-1.017158,42.206966,39.210019
HPI,E1,E1_Min2_FieldOnly,Ridge,RAW,21,-0.053572,33.0828,30.261249
HPI,E1,E1_Min2_FieldOnly,Ridge,RAW,22,-0.135497,90.131823,65.010867
HPI,E1,E1_Min2_FieldOnly,Ridge,RAW,23,0.005841,96.468103,56.554241
HPI,E1,E1_Min2_FieldOnly,Ridge,RAW,24,-2.674555,52.02157,49.845285
HPI,E1,E1_Min2_FieldOnly,Ridge,RAW,25,-0.04797,75.687619,51.457278
HPI,E1,E1_Min2_FieldOnly,Ridge,LOG1P,1,0.030679,29.55224,27.356623
HPI,E1,E1_Min2_FieldOnly,Ridge,LOG1P,2,-0.356358,136.737662,84.691074
HPI,E1,E1_Min2_FieldOnly,Ridge,LOG1P,3,-0.109847,30.953388,23.874135
HPI,E1,E1_Min2_FieldOnly,Ridge,LOG1P,4,-0.863364,20.610705,18.711889
HPI,E1,E1_Min2_FieldOnly,Ridge,LOG1P,5,-0.685734,86.121988,60.113612
HPI,E1,E1_Min2_FieldOnly,Ridge,LOG1P,6,-0.446795,37.907825,31.43561
HPI,E1,E1_Min2_FieldOnly,Ridge,LOG1P,7,-0.159287,90.369533,50.758798
HPI,E1,E1_Min2_FieldOnly,Ridge,LOG1P,8,-0.301528,38.604382,27.233243
HPI,E1,E1_Min2_FieldOnly,Ridge,LOG1P,9,-0.456033,34.659852,29.500378
HPI,E1,E1_Min2_FieldOnly,Ridge,LOG1P,10,-0.139287,123.641149,72.653595
HPI,E1,E1_Min2_FieldOnly,Ridge,LOG1P,11,-0.199479,89.547609,44.966193
HPI,E1,E1_Min2_FieldOnly,Ridge,LOG1P,12,-0.164697,39.606209,32.072508
HPI,E1,E1_Min2_FieldOnly,Ridge,LOG1P,13,-0.119883,75.314952,44.060284
HPI,E1,E1_Min2_FieldOnly,Ridge,LOG1P,14,-0.093438,103.909206,59.496536
HPI,E1,E1_Min2_FieldOnly,Ridge,LOG1P,15,-0.217171,36.840779,29.250468
HPI,E1,E1_Min2_FieldOnly,Ridge,LOG1P,16,-0.014132,18.406781,16.114186
HPI,E1,E1_Min2_FieldOnly,Ridge,LOG1P,17,-0.179181,31.563662,27.00967
HPI,E1,E1_Min2_FieldOnly,Ridge,LOG1P,18,-0.477492,120.080584,79.451671
HPI,E1,E1_Min2_FieldOnly,Ridge,LOG1P,19,-0.072928,103.020516,56.206739
HPI,E1,E1_Min2_FieldOnly,Ridge,LOG1P,20,-0.34051,34.407194,29.587967
HPI,E1,E1_Min2_FieldOnly,Ridge,LOG1P,21,-0.17438,34.928059,26.132274
HPI,E1,E1_Min2_FieldOnly,Ridge,LOG1P,22,-0.27469,95.496485,62.179325
HPI,E1,E1_Min2_FieldOnly,Ridge,LOG1P,23,-0.111289,101.992794,50.54347
HPI,E1,E1_Min2_FieldOnly,Ridge,LOG1P,24,-0.48303,33.048824,27.382291
HPI,E1,E1_Min2_FieldOnly,Ridge,LOG1P,25,-0.067919,76.404639,48.385043
HPI,E1,E1_Min2_FieldOnly,ElasticNet,RAW,1,-1.277771,45.301399,41.825549
HPI,E1,E1_Min2_FieldOnly,ElasticNet,RAW,2,-0.25185,131.364263,88.141655
HPI,E1,E1_Min2_FieldOnly,ElasticNet,RAW,3,-0.222154,32.481763,27.127176
HPI,E1,E1_Min2_FieldOnly,ElasticNet,RAW,4,-8.579806,46.732864,44.413748
HPI,E1,E1_Min2_FieldOnly,ElasticNet,RAW,5,-0.410771,78.785777,53.981122
HPI,E1,E1_Min2_FieldOnly,ElasticNet,RAW,6,-0.441189,37.834311,35.85977
HPI,E1,E1_Min2_FieldOnly,ElasticNet,RAW,7,-0.121797,88.896302,61.275737
HPI,E1,E1_Min2_FieldOnly,ElasticNet,RAW,8,0.03999,33.154901,28.964449
HPI,E1,E1_Min2_FieldOnly,ElasticNet,RAW,9,-1.637631,46.649617,39.208514
HPI,E1,E1_Min2_FieldOnly,ElasticNet,RAW,10,-0.071617,119.912965,82.55032
HPI,E1,E1_Min2_FieldOnly,ElasticNet,RAW,11,-0.053546,83.92365,47.365458
HPI,E1,E1_Min2_FieldOnly,ElasticNet,RAW,12,-0.410714,43.588938,42.349552
HPI,E1,E1_Min2_FieldOnly,ElasticNet,RAW,13,-0.050953,72.96028,49.818457
HPI,E1,E1_Min2_FieldOnly,ElasticNet,RAW,14,-0.01354,100.040879,66.966028
HPI,E1,E1_Min2_FieldOnly,ElasticNet,RAW,15,-0.166872,36.071542,32.163014
HPI,E1,E1_Min2_FieldOnly,ElasticNet,RAW,16,-2.467182,34.034471,26.995767
HPI,E1,E1_Min2_FieldOnly,ElasticNet,RAW,17,-0.540358,36.075136,31.998095
HPI,E1,E1_Min2_FieldOnly,ElasticNet,RAW,18,-0.288832,112.15236,80.223872
HPI,E1,E1_Min2_FieldOnly,ElasticNet,RAW,19,0.015906,98.663563,66.020165
HPI,E1,E1_Min2_FieldOnly,ElasticNet,RAW,20,-1.005859,42.088594,39.206919
HPI,E1,E1_Min2_FieldOnly,ElasticNet,RAW,21,-0.061124,33.201158,30.396755
HPI,E1,E1_Min2_FieldOnly,ElasticNet,RAW,22,-0.133225,90.041589,64.808365
HPI,E1,E1_Min2_FieldOnly,ElasticNet,RAW,23,0.004834,96.51695,56.619465
HPI,E1,E1_Min2_FieldOnly,ElasticNet,RAW,24,-2.597525,51.473421,49.409751
HPI,E1,E1_Min2_FieldOnly,ElasticNet,RAW,25,-0.047202,75.659909,51.488025
HPI,E1,E1_Min2_FieldOnly,ElasticNet,LOG1P,1,0.034873,29.488241,27.369224
HPI,E1,E1_Min2_FieldOnly,ElasticNet,LOG1P,2,-0.349864,136.409968,83.98298
HPI,E1,E1_Min2_FieldOnly,ElasticNet,LOG1P,3,-0.078464,30.512619,24.002642
HPI,E1,E1_Min2_FieldOnly,ElasticNet,LOG1P,4,-0.449274,18.176875,16.43638
HPI,E1,E1_Min2_FieldOnly,ElasticNet,LOG1P,5,-0.703735,86.580604,60.196342
HPI,E1,E1_Min2_FieldOnly,ElasticNet,LOG1P,6,-0.362842,36.791548,30.390767
HPI,E1,E1_Min2_FieldOnly,ElasticNet,LOG1P,7,-0.145832,89.843587,49.98686
HPI,E1,E1_Min2_FieldOnly,ElasticNet,LOG1P,8,-0.38839,39.871781,27.738105
HPI,E1,E1_Min2_FieldOnly,ElasticNet,LOG1P,9,-0.303861,32.7987,27.494176
HPI,E1,E1_Min2_FieldOnly,ElasticNet,LOG1P,10,-0.149688,124.204231,73.340278
HPI,E1,E1_Min2_FieldOnly,ElasticNet,LOG1P,11,-0.183899,88.964164,44.552529
HPI,E1,E1_Min2_FieldOnly,ElasticNet,LOG1P,12,-0.12475,38.921082,30.828586
HPI,E1,E1_Min2_FieldOnly,ElasticNet,LOG1P,13,-0.115597,75.170714,42.065826
HPI,E1,E1_Min2_FieldOnly,ElasticNet,LOG1P,14,-0.111009,104.740755,59.459726
HPI,E1,E1_Min2_FieldOnly,ElasticNet,LOG1P,15,-0.205667,36.666274,29.40485
HPI,E1,E1_Min2_FieldOnly,ElasticNet,LOG1P,16,0.156433,16.787672,14.571721
HPI,E1,E1_Min2_FieldOnly,ElasticNet,LOG1P,17,-0.158949,31.291704,26.748498
HPI,E1,E1_Min2_FieldOnly,ElasticNet,LOG1P,18,-0.486189,120.433485,80.406192
HPI,E1,E1_Min2_FieldOnly,ElasticNet,LOG1P,19,-0.08649,103.669594,56.179535
HPI,E1,E1_Min2_FieldOnly,ElasticNet,LOG1P,20,-0.239941,33.091361,28.419714
HPI,E1,E1_Min2_FieldOnly,ElasticNet,LOG1P,21,-0.142573,34.451826,25.961034
HPI,E1,E1_Min2_FieldOnly,ElasticNet,LOG1P,22,-0.269746,95.311109,60.761109
HPI,E1,E1_Min2_FieldOnly,ElasticNet,LOG1P,23,-0.102425,101.585183,49.671636
HPI,E1,E1_Min2_FieldOnly,ElasticNet,LOG1P,24,-0.227764,30.070348,23.284428
HPI,E1,E1_Min2_FieldOnly,ElasticNet,LOG1P,25,-0.082472,76.923451,48.980891
HPI,E2,E2_Min3_Field_Plus_Depth,SVR_RBF,RAW,1,0.009325,29.875981,25.503617
HPI,E2,E2_Min3_Field_Plus_Depth,SVR_RBF,RAW,2,-0.35832,136.836515,83.267748
HPI,E2,E2_Min3_Field_Plus_Depth,SVR_RBF,RAW,3,-0.093145,30.719604,24.335955
HPI,E2,E2_Min3_Field_Plus_Depth,SVR_RBF,RAW,4,-0.16446,16.293198,14.632767
HPI,E2,E2_Min3_Field_Plus_Depth,SVR_RBF,RAW,5,-0.836464,89.889887,62.445301
HPI,E2,E2_Min3_Field_Plus_Depth,SVR_RBF,RAW,6,-0.2105,34.674307,25.559942
HPI,E2,E2_Min3_Field_Plus_Depth,SVR_RBF,RAW,7,-0.168546,90.729717,50.992015
HPI,E2,E2_Min3_Field_Plus_Depth,SVR_RBF,RAW,8,-0.850006,46.025275,33.340634
HPI,E2,E2_Min3_Field_Plus_Depth,SVR_RBF,RAW,9,-0.118198,30.373885,24.208122
HPI,E2,E2_Min3_Field_Plus_Depth,SVR_RBF,RAW,10,-0.174543,125.539644,74.67251
HPI,E2,E2_Min3_Field_Plus_Depth,SVR_RBF,RAW,11,-0.186292,89.054015,46.136318
HPI,E2,E2_Min3_Field_Plus_Depth,SVR_RBF,RAW,12,-0.110761,38.678284,30.268755
HPI,E2,E2_Min3_Field_Plus_Depth,SVR_RBF,RAW,13,-0.234623,79.079183,41.446357
HPI,E2,E2_Min3_Field_Plus_Depth,SVR_RBF,RAW,14,-0.167655,107.377734,59.896264
HPI,E2,E2_Min3_Field_Plus_Depth,SVR_RBF,RAW,15,-0.289963,37.926405,30.372647
HPI,E2,E2_Min3_Field_Plus_Depth,SVR_RBF,RAW,16,-0.090263,19.085185,17.906938
HPI,E2,E2_Min3_Field_Plus_Depth,SVR_RBF,RAW,17,-0.522584,35.866393,29.788662
HPI,E2,E2_Min3_Field_Plus_Depth,SVR_RBF,RAW,18,-0.503186,121.120182,81.926436
HPI,E2,E2_Min3_Field_Plus_Depth,SVR_RBF,RAW,19,-0.107996,104.690555,56.541757
HPI,E2,E2_Min3_Field_Plus_Depth,SVR_RBF,RAW,20,-0.065611,30.677049,23.255131
HPI,E2,E2_Min3_Field_Plus_Depth,SVR_RBF,RAW,21,-0.145991,34.503312,25.773579
HPI,E2,E2_Min3_Field_Plus_Depth,SVR_RBF,RAW,22,-0.297119,96.332976,59.532532
HPI,E2,E2_Min3_Field_Plus_Depth,SVR_RBF,RAW,23,-0.15347,103.910409,50.635261
HPI,E2,E2_Min3_Field_Plus_Depth,SVR_RBF,RAW,24,-0.161415,29.246556,18.891385
HPI,E2,E2_Min3_Field_Plus_Depth,SVR_RBF,RAW,25,-0.174958,80.14229,50.438276
HPI,E2,E2_Min3_Field_Plus_Depth,SVR_RBF,LOG1P,1,0.002914,29.972489,25.675315
HPI,E2,E2_Min3_Field_Plus_Depth,SVR_RBF,LOG1P,2,-0.504873,144.029339,85.665308
HPI,E2,E2_Min3_Field_Plus_Depth,SVR_RBF,LOG1P,3,-0.030825,29.831089,22.056543
HPI,E2,E2_Min3_Field_Plus_Depth,SVR_RBF,LOG1P,4,-2.119346,26.667103,21.58891
HPI,E2,E2_Min3_Field_Plus_Depth,SVR_RBF,LOG1P,5,-0.633947,84.788812,59.790304
HPI,E2,E2_Min3_Field_Plus_Depth,SVR_RBF,LOG1P,6,-0.235863,35.03568,25.430875
HPI,E2,E2_Min3_Field_Plus_Depth,SVR_RBF,LOG1P,7,-0.231367,93.136579,53.73026
HPI,E2,E2_Min3_Field_Plus_Depth,SVR_RBF,LOG1P,8,-0.634058,43.25572,34.400817
HPI,E2,E2_Min3_Field_Plus_Depth,SVR_RBF,LOG1P,9,-0.120751,30.408542,25.463052
HPI,E2,E2_Min3_Field_Plus_Depth,SVR_RBF,LOG1P,10,-0.264138,130.239769,73.922114
HPI,E2,E2_Min3_Field_Plus_Depth,SVR_RBF,LOG1P,11,-0.252262,91.49669,46.187414
HPI,E2,E2_Min3_Field_Plus_Depth,SVR_RBF,LOG1P,12,-0.18695,39.98278,33.193775
HPI,E2,E2_Min3_Field_Plus_Depth,SVR_RBF,LOG1P,13,-0.125508,75.503855,39.863474
HPI,E2,E2_Min3_Field_Plus_Depth,SVR_RBF,LOG1P,14,-0.23128,110.264425,59.981565
HPI,E2,E2_Min3_Field_Plus_Depth,SVR_RBF,LOG1P,15,-0.175083,36.198225,28.986145
HPI,E2,E2_Min3_Field_Plus_Depth,SVR_RBF,LOG1P,16,0.297508,15.319741,12.985235
HPI,E2,E2_Min3_Field_Plus_Depth,SVR_RBF,LOG1P,17,-0.603788,36.810411,31.588375
HPI,E2,E2_Min3_Field_Plus_Depth,SVR_RBF,LOG1P,18,-0.4389,118.501948,77.393656
HPI,E2,E2_Min3_Field_Plus_Depth,SVR_RBF,LOG1P,19,-0.246538,111.042994,55.884243
HPI,E2,E2_Min3_Field_Plus_Depth,SVR_RBF,LOG1P,20,-0.51945,36.631731,28.401201
HPI,E2,E2_Min3_Field_Plus_Depth,SVR_RBF,LOG1P,21,-0.022148,32.585704,23.392457
HPI,E2,E2_Min3_Field_Plus_Depth,SVR_RBF,LOG1P,22,-0.348999,98.240589,63.372538
HPI,E2,E2_Min3_Field_Plus_Depth,SVR_RBF,LOG1P,23,-0.309541,110.717279,60.160926
HPI,E2,E2_Min3_Field_Plus_Depth,SVR_RBF,LOG1P,24,0.061013,26.297285,17.174202
HPI,E2,E2_Min3_Field_Plus_Depth,SVR_RBF,LOG1P,25,-0.283973,83.777712,52.014837
HPI,E2,E2_Min3_Field_Plus_Depth,PLS,RAW,1,-5.236343,74.958623,61.304697
HPI,E2,E2_Min3_Field_Plus_Depth,PLS,RAW,2,-0.381029,137.975661,92.086748
HPI,E2,E2_Min3_Field_Plus_Depth,PLS,RAW,3,-0.227402,32.551433,25.846661
HPI,E2,E2_Min3_Field_Plus_Depth,PLS,RAW,4,-7.92407,45.105085,43.428042
HPI,E2,E2_Min3_Field_Plus_Depth,PLS,RAW,5,-0.45143,79.91305,53.770373
HPI,E2,E2_Min3_Field_Plus_Depth,PLS,RAW,6,-3.674038,68.135187,53.915
HPI,E2,E2_Min3_Field_Plus_Depth,PLS,RAW,7,-0.11191,88.503696,60.779182
HPI,E2,E2_Min3_Field_Plus_Depth,PLS,RAW,8,0.099232,32.115626,27.425595
HPI,E2,E2_Min3_Field_Plus_Depth,PLS,RAW,9,-1.732629,47.482255,39.866192
HPI,E2,E2_Min3_Field_Plus_Depth,PLS,RAW,10,-0.069173,119.776158,82.721794
HPI,E2,E2_Min3_Field_Plus_Depth,PLS,RAW,11,-0.038066,83.304836,48.90713
HPI,E2,E2_Min3_Field_Plus_Depth,PLS,RAW,12,-0.368656,42.934262,41.748964
HPI,E2,E2_Min3_Field_Plus_Depth,PLS,RAW,13,-0.778439,94.910529,73.072304
HPI,E2,E2_Min3_Field_Plus_Depth,PLS,RAW,14,-0.03573,101.130061,65.884024
HPI,E2,E2_Min3_Field_Plus_Depth,PLS,RAW,15,-0.126195,35.437241,31.435446
HPI,E2,E2_Min3_Field_Plus_Depth,PLS,RAW,16,-3.212578,37.514977,29.737391
HPI,E2,E2_Min3_Field_Plus_Depth,PLS,RAW,17,-0.442179,34.906531,30.765519
HPI,E2,E2_Min3_Field_Plus_Depth,PLS,RAW,18,-0.295227,112.430229,82.104114
HPI,E2,E2_Min3_Field_Plus_Depth,PLS,RAW,19,-0.00497,99.704546,65.545939
HPI,E2,E2_Min3_Field_Plus_Depth,PLS,RAW,20,-2.787206,57.832723,44.084792
HPI,E2,E2_Min3_Field_Plus_Depth,PLS,RAW,21,-0.142151,34.445452,31.93921
HPI,E2,E2_Min3_Field_Plus_Depth,PLS,RAW,22,-0.133637,90.057955,65.238157
HPI,E2,E2_Min3_Field_Plus_Depth,PLS,RAW,23,-0.055983,99.42242,57.233565
HPI,E2,E2_Min3_Field_Plus_Depth,PLS,RAW,24,-7.388972,78.60234,67.020345
HPI,E2,E2_Min3_Field_Plus_Depth,PLS,RAW,25,-0.23705,82.232633,59.946769
HPI,E2,E2_Min3_Field_Plus_Depth,PLS,LOG1P,1,-0.467152,36.357507,32.962936
HPI,E2,E2_Min3_Field_Plus_Depth,PLS,LOG1P,2,-0.436805,140.734296,88.544849
HPI,E2,E2_Min3_Field_Plus_Depth,PLS,LOG1P,3,-0.094255,30.735193,23.349731
HPI,E2,E2_Min3_Field_Plus_Depth,PLS,LOG1P,4,-1.60868,24.386778,21.10427
HPI,E2,E2_Min3_Field_Plus_Depth,PLS,LOG1P,5,-0.677806,85.919243,60.005924
HPI,E2,E2_Min3_Field_Plus_Depth,PLS,LOG1P,6,-0.685508,40.915767,34.097222
HPI,E2,E2_Min3_Field_Plus_Depth,PLS,LOG1P,7,-0.19277,91.665312,53.359608
HPI,E2,E2_Min3_Field_Plus_Depth,PLS,LOG1P,8,-0.311459,38.751378,27.273698
HPI,E2,E2_Min3_Field_Plus_Depth,PLS,LOG1P,9,-0.463303,34.746269,29.747442
HPI,E2,E2_Min3_Field_Plus_Depth,PLS,LOG1P,10,-0.157892,124.646619,71.63339
HPI,E2,E2_Min3_Field_Plus_Depth,PLS,LOG1P,11,-0.20591,89.787347,45.21423
HPI,E2,E2_Min3_Field_Plus_Depth,PLS,LOG1P,12,-0.192137,40.070054,33.227514
HPI,E2,E2_Min3_Field_Plus_Depth,PLS,LOG1P,13,-0.138469,75.937378,45.250289
HPI,E2,E2_Min3_Field_Plus_Depth,PLS,LOG1P,14,-0.134351,105.835339,58.33315
HPI,E2,E2_Min3_Field_Plus_Depth,PLS,LOG1P,15,-0.190523,36.435261,29.421757
HPI,E2,E2_Min3_Field_Plus_Depth,PLS,LOG1P,16,-0.069952,18.906573,16.591043
HPI,E2,E2_Min3_Field_Plus_Depth,PLS,LOG1P,17,-0.269978,32.756332,28.061084
HPI,E2,E2_Min3_Field_Plus_Depth,PLS,LOG1P,18,-0.476694,120.048139,79.168351
HPI,E2,E2_Min3_Field_Plus_Depth,PLS,LOG1P,19,-0.108076,104.694352,55.708634
HPI,E2,E2_Min3_Field_Plus_Depth,PLS,LOG1P,20,-0.24097,33.105095,27.786894
HPI,E2,E2_Min3_Field_Plus_Depth,PLS,LOG1P,21,-0.160523,34.721385,25.901653
HPI,E2,E2_Min3_Field_Plus_Depth,PLS,LOG1P,22,-0.306262,96.671895,63.612692
HPI,E2,E2_Min3_Field_Plus_Depth,PLS,LOG1P,23,-0.177224,104.974897,52.324037
HPI,E2,E2_Min3_Field_Plus_Depth,PLS,LOG1P,24,-0.50724,33.317488,27.84656
HPI,E2,E2_Min3_Field_Plus_Depth,PLS,LOG1P,25,-0.089246,77.163761,49.399918
HPI,E2,E2_Min3_Field_Plus_Depth,Lasso,RAW,1,-5.108452,74.186038,60.648475
HPI,E2,E2_Min3_Field_Plus_Depth,Lasso,RAW,2,-0.37903,137.875769,92.023623
HPI,E2,E2_Min3_Field_Plus_Depth,Lasso,RAW,3,-0.22062,32.461376,25.872494
HPI,E2,E2_Min3_Field_Plus_Depth,Lasso,RAW,4,-8.426953,46.358536,44.43517
HPI,E2,E2_Min3_Field_Plus_Depth,Lasso,RAW,5,-0.450675,79.892243,53.802013
HPI,E2,E2_Min3_Field_Plus_Depth,Lasso,RAW,6,-3.53761,67.133442,53.293621
HPI,E2,E2_Min3_Field_Plus_Depth,Lasso,RAW,7,-0.129569,89.20372,61.532299
HPI,E2,E2_Min3_Field_Plus_Depth,Lasso,RAW,8,0.085761,32.354874,27.840275
HPI,E2,E2_Min3_Field_Plus_Depth,Lasso,RAW,9,-1.693763,47.143382,39.629929
HPI,E2,E2_Min3_Field_Plus_Depth,Lasso,RAW,10,-0.070314,119.840065,82.696039
HPI,E2,E2_Min3_Field_Plus_Depth,Lasso,RAW,11,-0.048155,83.708671,48.074758
HPI,E2,E2_Min3_Field_Plus_Depth,Lasso,RAW,12,-0.386399,43.211652,42.062154
HPI,E2,E2_Min3_Field_Plus_Depth,Lasso,RAW,13,-0.759331,94.399273,72.517186
HPI,E2,E2_Min3_Field_Plus_Depth,Lasso,RAW,14,-0.03698,101.191052,65.767944
HPI,E2,E2_Min3_Field_Plus_Depth,Lasso,RAW,15,-0.12689,35.448176,31.505312
HPI,E2,E2_Min3_Field_Plus_Depth,Lasso,RAW,16,-3.144036,37.208524,29.738566
HPI,E2,E2_Min3_Field_Plus_Depth,Lasso,RAW,17,-0.527159,35.920238,31.918985
HPI,E2,E2_Min3_Field_Plus_Depth,Lasso,RAW,18,-0.294162,112.38402,81.961088
HPI,E2,E2_Min3_Field_Plus_Depth,Lasso,RAW,19,-0.005361,99.723953,65.548182
HPI,E2,E2_Min3_Field_Plus_Depth,Lasso,RAW,20,-2.716927,57.293609,43.799964
HPI,E2,E2_Min3_Field_Plus_Depth,Lasso,RAW,21,-0.116005,34.048914,31.56473
HPI,E2,E2_Min3_Field_Plus_Depth,Lasso,RAW,22,-0.136332,90.164933,65.153141
HPI,E2,E2_Min3_Field_Plus_Depth,Lasso,RAW,23,-0.053754,99.317441,57.198336
HPI,E2,E2_Min3_Field_Plus_Depth,Lasso,RAW,24,-7.272609,78.055292,66.656383
HPI,E2,E2_Min3_Field_Plus_Depth,Lasso,RAW,25,-0.239104,82.300875,60.103075
HPI,E2,E2_Min3_Field_Plus_Depth,Lasso,LOG1P,1,0.012322,29.830759,27.567238
HPI,E2,E2_Min3_Field_Plus_Depth,Lasso,LOG1P,2,-0.36347,137.095703,84.281884
HPI,E2,E2_Min3_Field_Plus_Depth,Lasso,LOG1P,3,-0.062519,30.286207,24.130886
HPI,E2,E2_Min3_Field_Plus_Depth,Lasso,LOG1P,4,-0.332872,17.431641,16.067345
HPI,E2,E2_Min3_Field_Plus_Depth,Lasso,LOG1P,5,-0.723647,87.085076,60.261125
HPI,E2,E2_Min3_Field_Plus_Depth,Lasso,LOG1P,6,-0.307582,36.037928,29.630928
HPI,E2,E2_Min3_Field_Plus_Depth,Lasso,LOG1P,7,-0.136444,89.474777,50.043504
HPI,E2,E2_Min3_Field_Plus_Depth,Lasso,LOG1P,8,-0.466493,40.97791,29.023686
HPI,E2,E2_Min3_Field_Plus_Depth,Lasso,LOG1P,9,-0.193362,31.378139,25.843442
HPI,E2,E2_Min3_Field_Plus_Depth,Lasso,LOG1P,10,-0.1603,124.776134,74.105458
HPI,E2,E2_Min3_Field_Plus_Depth,Lasso,LOG1P,11,-0.169118,88.407036,44.086508
HPI,E2,E2_Min3_Field_Plus_Depth,Lasso,LOG1P,12,-0.094613,38.3961,30.700718
HPI,E2,E2_Min3_Field_Plus_Depth,Lasso,LOG1P,13,-0.113634,75.104549,40.482463
HPI,E2,E2_Min3_Field_Plus_Depth,Lasso,LOG1P,14,-0.126085,105.449034,59.588176
HPI,E2,E2_Min3_Field_Plus_Depth,Lasso,LOG1P,15,-0.18273,36.315815,29.372447
HPI,E2,E2_Min3_Field_Plus_Depth,Lasso,LOG1P,16,0.157023,16.781799,14.658846
HPI,E2,E2_Min3_Field_Plus_Depth,Lasso,LOG1P,17,-0.153315,31.215557,26.558293
HPI,E2,E2_Min3_Field_Plus_Depth,Lasso,LOG1P,18,-0.494515,120.770346,81.234698
HPI,E2,E2_Min3_Field_Plus_Depth,Lasso,LOG1P,19,-0.087482,103.716893,56.39964
HPI,E2,E2_Min3_Field_Plus_Depth,Lasso,LOG1P,20,-0.172938,32.184864,27.501938
HPI,E2,E2_Min3_Field_Plus_Depth,Lasso,LOG1P,21,-0.121215,34.1283,26.12834
HPI,E2,E2_Min3_Field_Plus_Depth,Lasso,LOG1P,22,-0.268976,95.282219,59.560879
HPI,E2,E2_Min3_Field_Plus_Depth,Lasso,LOG1P,23,-0.104017,101.658525,49.567471
HPI,E2,E2_Min3_Field_Plus_Depth,Lasso,LOG1P,24,-0.120854,28.731317,21.044331
HPI,E2,E2_Min3_Field_Plus_Depth,Lasso,LOG1P,25,-0.104323,77.695981,49.799172
HPI,E2,E2_Min3_Field_Plus_Depth,Ridge,RAW,1,-4.92537,73.065831,60.013957
HPI,E2,E2_Min3_Field_Plus_Depth,Ridge,RAW,2,-0.372335,137.540652,91.806047
HPI,E2,E2_Min3_Field_Plus_Depth,Ridge,RAW,3,-0.226273,32.536457,25.937098
HPI,E2,E2_Min3_Field_Plus_Depth,Ridge,RAW,4,-8.28121,45.998782,44.224735
HPI,E2,E2_Min3_Field_Plus_Depth,Ridge,RAW,5,-0.446528,79.777964,53.729017
HPI,E2,E2_Min3_Field_Plus_Depth,Ridge,RAW,6,-3.374155,65.913201,52.38237
HPI,E2,E2_Min3_Field_Plus_Depth,Ridge,RAW,7,-0.123756,88.973911,61.337248
HPI,E2,E2_Min3_Field_Plus_Depth,Ridge,RAW,8,0.089391,32.290583,27.701235
HPI,E2,E2_Min3_Field_Plus_Depth,Ridge,RAW,9,-1.653691,46.791422,39.254245
HPI,E2,E2_Min3_Field_Plus_Depth,Ridge,RAW,10,-0.069273,119.781767,82.646645
HPI,E2,E2_Min3_Field_Plus_Depth,Ridge,RAW,11,-0.046655,83.648747,48.2679
HPI,E2,E2_Min3_Field_Plus_Depth,Ridge,RAW,12,-0.380459,43.11899,41.97155
HPI,E2,E2_Min3_Field_Plus_Depth,Ridge,RAW,13,-0.708535,93.026539,70.812197
HPI,E2,E2_Min3_Field_Plus_Depth,Ridge,RAW,14,-0.037537,101.218232,65.757005
HPI,E2,E2_Min3_Field_Plus_Depth,Ridge,RAW,15,-0.124757,35.414602,31.546356
HPI,E2,E2_Min3_Field_Plus_Depth,Ridge,RAW,16,-3.098437,37.003244,29.52616
HPI,E2,E2_Min3_Field_Plus_Depth,Ridge,RAW,17,-0.498871,35.586013,31.520064
HPI,E2,E2_Min3_Field_Plus_Depth,Ridge,RAW,18,-0.294026,112.378106,81.936513
HPI,E2,E2_Min3_Field_Plus_Depth,Ridge,RAW,19,-0.005586,99.735094,65.581776
HPI,E2,E2_Min3_Field_Plus_Depth,Ridge,RAW,20,-2.609842,56.462263,43.444688
HPI,E2,E2_Min3_Field_Plus_Depth,Ridge,RAW,21,-0.121009,34.125159,31.639884
HPI,E2,E2_Min3_Field_Plus_Depth,Ridge,RAW,22,-0.132778,90.023817,64.914185
HPI,E2,E2_Min3_Field_Plus_Depth,Ridge,RAW,23,-0.053101,99.286678,57.258789
HPI,E2,E2_Min3_Field_Plus_Depth,Ridge,RAW,24,-6.93471,76.444565,65.239211
HPI,E2,E2_Min3_Field_Plus_Depth,Ridge,RAW,25,-0.231107,82.034857,59.851597
HPI,E2,E2_Min3_Field_Plus_Depth,Ridge,LOG1P,1,-0.396199,35.467478,32.399106
HPI,E2,E2_Min3_Field_Plus_Depth,Ridge,LOG1P,2,-0.431691,140.483608,88.171405
HPI,E2,E2_Min3_Field_Plus_Depth,Ridge,LOG1P,3,-0.090757,30.686021,23.453247
HPI,E2,E2_Min3_Field_Plus_Depth,Ridge,LOG1P,4,-1.403074,23.40602,20.419938
HPI,E2,E2_Min3_Field_Plus_Depth,Ridge,LOG1P,5,-0.680249,85.981787,60.017266
HPI,E2,E2_Min3_Field_Plus_Depth,Ridge,LOG1P,6,-0.744645,41.627361,34.641572
HPI,E2,E2_Min3_Field_Plus_Depth,Ridge,LOG1P,7,-0.188612,91.505396,53.046046
HPI,E2,E2_Min3_Field_Plus_Depth,Ridge,LOG1P,8,-0.318629,38.857176,27.312846
HPI,E2,E2_Min3_Field_Plus_Depth,Ridge,LOG1P,9,-0.432423,34.377684,29.365679
HPI,E2,E2_Min3_Field_Plus_Depth,Ridge,LOG1P,10,-0.154718,124.47563,71.587572
HPI,E2,E2_Min3_Field_Plus_Depth,Ridge,LOG1P,11,-0.198726,89.519521,44.673117
HPI,E2,E2_Min3_Field_Plus_Depth,Ridge,LOG1P,12,-0.179124,39.850759,32.890594
HPI,E2,E2_Min3_Field_Plus_Depth,Ridge,LOG1P,13,-0.153569,76.439306,45.718152
HPI,E2,E2_Min3_Field_Plus_Depth,Ridge,LOG1P,14,-0.134601,105.846976,58.264388
HPI,E2,E2_Min3_Field_Plus_Depth,Ridge,LOG1P,15,-0.188937,36.410983,29.402989
HPI,E2,E2_Min3_Field_Plus_Depth,Ridge,LOG1P,16,-0.02284,18.485643,16.214252
HPI,E2,E2_Min3_Field_Plus_Depth,Ridge,LOG1P,17,-0.264529,32.685986,28.055189
HPI,E2,E2_Min3_Field_Plus_Depth,Ridge,LOG1P,18,-0.477592,120.084639,79.270852
HPI,E2,E2_Min3_Field_Plus_Depth,Ridge,LOG1P,19,-0.10631,104.610868,55.761483
HPI,E2,E2_Min3_Field_Plus_Depth,Ridge,LOG1P,20,-0.234274,33.015658,27.91902
HPI,E2,E2_Min3_Field_Plus_Depth,Ridge,LOG1P,21,-0.162203,34.746506,25.939071
HPI,E2,E2_Min3_Field_Plus_Depth,Ridge,LOG1P,22,-0.303186,96.557992,63.381251
HPI,E2,E2_Min3_Field_Plus_Depth,Ridge,LOG1P,23,-0.171153,104.703875,52.057311
HPI,E2,E2_Min3_Field_Plus_Depth,Ridge,LOG1P,24,-0.540932,33.687816,27.909162
HPI,E2,E2_Min3_Field_Plus_Depth,Ridge,LOG1P,25,-0.078752,76.791183,48.924403
HPI,E2,E2_Min3_Field_Plus_Depth,ElasticNet,RAW,1,-4.785994,72.20139,59.553224
HPI,E2,E2_Min3_Field_Plus_Depth,ElasticNet,RAW,2,-0.365636,137.204527,91.599527
HPI,E2,E2_Min3_Field_Plus_Depth,ElasticNet,RAW,3,-0.235245,32.655267,26.17158
HPI,E2,E2_Min3_Field_Plus_Depth,ElasticNet,RAW,4,-8.172605,45.728862,44.067771
HPI,E2,E2_Min3_Field_Plus_Depth,ElasticNet,RAW,5,-0.444176,79.713092,53.678477
HPI,E2,E2_Min3_Field_Plus_Depth,ElasticNet,RAW,6,-3.241246,64.904091,51.618433
HPI,E2,E2_Min3_Field_Plus_Depth,ElasticNet,RAW,7,-0.119969,88.823862,61.226304
HPI,E2,E2_Min3_Field_Plus_Depth,ElasticNet,RAW,8,0.091133,32.259679,27.688061
HPI,E2,E2_Min3_Field_Plus_Depth,ElasticNet,RAW,9,-1.620831,46.500811,38.927709
HPI,E2,E2_Min3_Field_Plus_Depth,ElasticNet,RAW,10,-0.070244,119.836139,82.697082
HPI,E2,E2_Min3_Field_Plus_Depth,ElasticNet,RAW,11,-0.046391,83.638199,48.460953
HPI,E2,E2_Min3_Field_Plus_Depth,ElasticNet,RAW,12,-0.376855,43.062661,41.920641
HPI,E2,E2_Min3_Field_Plus_Depth,ElasticNet,RAW,13,-0.670376,91.98184,69.486787
HPI,E2,E2_Min3_Field_Plus_Depth,ElasticNet,RAW,14,-0.037482,101.215542,65.794592
HPI,E2,E2_Min3_Field_Plus_Depth,ElasticNet,RAW,15,-0.123389,35.39307,31.602478
HPI,E2,E2_Min3_Field_Plus_Depth,ElasticNet,RAW,16,-3.052088,36.793417,29.300023
HPI,E2,E2_Min3_Field_Plus_Depth,ElasticNet,RAW,17,-0.484055,35.409686,31.292812
HPI,E2,E2_Min3_Field_Plus_Depth,ElasticNet,RAW,18,-0.294413,112.39492,81.96757
HPI,E2,E2_Min3_Field_Plus_Depth,ElasticNet,RAW,19,-0.005375,99.724661,65.621936
HPI,E2,E2_Min3_Field_Plus_Depth,ElasticNet,RAW,20,-2.514198,55.709252,43.351118
HPI,E2,E2_Min3_Field_Plus_Depth,ElasticNet,RAW,21,-0.127801,34.228382,31.738405
HPI,E2,E2_Min3_Field_Plus_Depth,ElasticNet,RAW,22,-0.130514,89.933811,64.712039
HPI,E2,E2_Min3_Field_Plus_Depth,ElasticNet,RAW,23,-0.050423,99.16035,57.251591
HPI,E2,E2_Min3_Field_Plus_Depth,ElasticNet,RAW,24,-6.666725,75.142568,64.089014
HPI,E2,E2_Min3_Field_Plus_Depth,ElasticNet,RAW,25,-0.221723,81.721592,59.534666
HPI,E2,E2_Min3_Field_Plus_Depth,ElasticNet,LOG1P,1,-0.040859,30.623342,28.710266
HPI,E2,E2_Min3_Field_Plus_Depth,ElasticNet,LOG1P,2,-0.387092,138.278158,85.624734
HPI,E2,E2_Min3_Field_Plus_Depth,ElasticNet,LOG1P,3,-0.078464,30.512619,24.002642
HPI,E2,E2_Min3_Field_Plus_Depth,ElasticNet,LOG1P,4,-0.465036,18.275452,16.547281
HPI,E2,E2_Min3_Field_Plus_Depth,ElasticNet,LOG1P,5,-0.703735,86.580604,60.196342
HPI,E2,E2_Min3_Field_Plus_Depth,ElasticNet,LOG1P,6,-0.386058,37.103599,30.750809
HPI,E2,E2_Min3_Field_Plus_Depth,ElasticNet,LOG1P,7,-0.149103,89.971712,50.105551
HPI,E2,E2_Min3_Field_Plus_Depth,ElasticNet,LOG1P,8,-0.389186,39.883203,27.643974
HPI,E2,E2_Min3_Field_Plus_Depth,ElasticNet,LOG1P,9,-0.303861,32.7987,27.494176
HPI,E2,E2_Min3_Field_Plus_Depth,ElasticNet,LOG1P,10,-0.152468,124.354292,73.124646
HPI,E2,E2_Min3_Field_Plus_Depth,ElasticNet,LOG1P,11,-0.183899,88.964164,44.552529
HPI,E2,E2_Min3_Field_Plus_Depth,ElasticNet,LOG1P,12,-0.123849,38.905483,30.960206
HPI,E2,E2_Min3_Field_Plus_Depth,ElasticNet,LOG1P,13,-0.115597,75.170714,42.065826
HPI,E2,E2_Min3_Field_Plus_Depth,ElasticNet,LOG1P,14,-0.124618,105.380313,59.05779
HPI,E2,E2_Min3_Field_Plus_Depth,ElasticNet,LOG1P,15,-0.204914,36.654824,29.39839
HPI,E2,E2_Min3_Field_Plus_Depth,ElasticNet,LOG1P,16,0.156433,16.787672,14.571721
HPI,E2,E2_Min3_Field_Plus_Depth,ElasticNet,LOG1P,17,-0.158879,31.290771,27.121986
HPI,E2,E2_Min3_Field_Plus_Depth,ElasticNet,LOG1P,18,-0.486189,120.433485,80.406192
HPI,E2,E2_Min3_Field_Plus_Depth,ElasticNet,LOG1P,19,-0.096893,104.16473,56.043938
HPI,E2,E2_Min3_Field_Plus_Depth,ElasticNet,LOG1P,20,-0.223509,32.871362,28.179336
HPI,E2,E2_Min3_Field_Plus_Depth,ElasticNet,LOG1P,21,-0.142573,34.451826,25.961034
HPI,E2,E2_Min3_Field_Plus_Depth,ElasticNet,LOG1P,22,-0.28363,95.830787,61.323573
HPI,E2,E2_Min3_Field_Plus_Depth,ElasticNet,LOG1P,23,-0.124197,102.583421,50.10658
HPI,E2,E2_Min3_Field_Plus_Depth,ElasticNet,LOG1P,24,-0.227764,30.070348,23.284428
HPI,E2,E2_Min3_Field_Plus_Depth,ElasticNet,LOG1P,25,-0.082472,76.923451,48.980891
HPI,E3,E3_Min4_Field_Depth_LogSalinity,SVR_RBF,RAW,1,-0.000425,30.022639,25.486377
HPI,E3,E3_Min4_Field_Depth_LogSalinity,SVR_RBF,RAW,2,-0.355149,136.676714,83.176595
HPI,E3,E3_Min4_Field_Depth_LogSalinity,SVR_RBF,RAW,3,-0.098673,30.797181,24.339458
HPI,E3,E3_Min4_Field_Depth_LogSalinity,SVR_RBF,RAW,4,-0.151671,16.203476,14.55936
HPI,E3,E3_Min4_Field_Depth_LogSalinity,SVR_RBF,RAW,5,-0.841158,90.004686,62.596281
HPI,E3,E3_Min4_Field_Depth_LogSalinity,SVR_RBF,RAW,6,-0.213353,34.715142,25.570742
HPI,E3,E3_Min4_Field_Depth_LogSalinity,SVR_RBF,RAW,7,-0.165457,90.609699,51.097487
HPI,E3,E3_Min4_Field_Depth_LogSalinity,SVR_RBF,RAW,8,-0.846411,45.980537,33.272238
HPI,E3,E3_Min4_Field_Depth_LogSalinity,SVR_RBF,RAW,9,-0.148336,30.780484,24.562649
HPI,E3,E3_Min4_Field_Depth_LogSalinity,SVR_RBF,RAW,10,-0.17275,125.443786,74.554082
HPI,E3,E3_Min4_Field_Depth_LogSalinity,SVR_RBF,RAW,11,-0.183622,88.953723,46.054909
HPI,E3,E3_Min4_Field_Depth_LogSalinity,SVR_RBF,RAW,12,-0.108688,38.642175,30.255051
HPI,E3,E3_Min4_Field_Depth_LogSalinity,SVR_RBF,RAW,13,-0.232052,78.996803,41.362933
HPI,E3,E3_Min4_Field_Depth_LogSalinity,SVR_RBF,RAW,14,-0.168287,107.406802,59.668512
HPI,E3,E3_Min4_Field_Depth_LogSalinity,SVR_RBF,RAW,15,-0.292847,37.968782,30.368343
HPI,E3,E3_Min4_Field_Depth_LogSalinity,SVR_RBF,RAW,16,-0.100561,19.175102,17.948465
HPI,E3,E3_Min4_Field_Depth_LogSalinity,SVR_RBF,RAW,17,-0.52511,35.896135,29.785358
HPI,E3,E3_Min4_Field_Depth_LogSalinity,SVR_RBF,RAW,18,-0.504264,121.163637,81.960912
HPI,E3,E3_Min4_Field_Depth_LogSalinity,SVR_RBF,RAW,19,-0.106668,104.627815,56.434085
HPI,E3,E3_Min4_Field_Depth_LogSalinity,SVR_RBF,RAW,20,-0.070073,30.741212,23.39739
HPI,E3,E3_Min4_Field_Depth_LogSalinity,SVR_RBF,RAW,21,-0.157728,34.679555,25.768869
HPI,E3,E3_Min4_Field_Depth_LogSalinity,SVR_RBF,RAW,22,-0.297884,96.361383,59.658727
HPI,E3,E3_Min4_Field_Depth_LogSalinity,SVR_RBF,RAW,23,-0.1522,103.853205,50.653056
HPI,E3,E3_Min4_Field_Depth_LogSalinity,SVR_RBF,RAW,24,-0.157226,29.193768,18.81062
HPI,E3,E3_Min4_Field_Depth_LogSalinity,SVR_RBF,RAW,25,-0.174492,80.126372,50.38518
HPI,E3,E3_Min4_Field_Depth_LogSalinity,SVR_RBF,LOG1P,1,-0.111679,31.648,25.402468
HPI,E3,E3_Min4_Field_Depth_LogSalinity,SVR_RBF,LOG1P,2,-0.479191,142.795074,84.173769
HPI,E3,E3_Min4_Field_Depth_LogSalinity,SVR_RBF,LOG1P,3,-0.014517,29.594176,21.666153
HPI,E3,E3_Min4_Field_Depth_LogSalinity,SVR_RBF,LOG1P,4,-3.090849,30.538717,24.675732
HPI,E3,E3_Min4_Field_Depth_LogSalinity,SVR_RBF,LOG1P,5,-0.663329,85.547777,60.23947
HPI,E3,E3_Min4_Field_Depth_LogSalinity,SVR_RBF,LOG1P,6,-0.322753,36.246383,25.934982
HPI,E3,E3_Min4_Field_Depth_LogSalinity,SVR_RBF,LOG1P,7,-0.227393,92.986198,56.611312
HPI,E3,E3_Min4_Field_Depth_LogSalinity,SVR_RBF,LOG1P,8,-0.545218,42.063438,33.888167
HPI,E3,E3_Min4_Field_Depth_LogSalinity,SVR_RBF,LOG1P,9,-0.293089,32.662934,27.242935
HPI,E3,E3_Min4_Field_Depth_LogSalinity,SVR_RBF,LOG1P,10,-0.23615,128.789969,71.703778
HPI,E3,E3_Min4_Field_Depth_LogSalinity,SVR_RBF,LOG1P,11,-0.247998,91.340783,46.233064
HPI,E3,E3_Min4_Field_Depth_LogSalinity,SVR_RBF,LOG1P,12,-0.122203,38.876973,31.329741
HPI,E3,E3_Min4_Field_Depth_LogSalinity,SVR_RBF,LOG1P,13,-0.135832,75.849376,40.563561
HPI,E3,E3_Min4_Field_Depth_LogSalinity,SVR_RBF,LOG1P,14,-0.213555,109.467853,60.325337
HPI,E3,E3_Min4_Field_Depth_LogSalinity,SVR_RBF,LOG1P,15,-0.262631,37.522461,28.754751
HPI,E3,E3_Min4_Field_Depth_LogSalinity,SVR_RBF,LOG1P,16,0.181472,16.536646,14.354718
HPI,E3,E3_Min4_Field_Depth_LogSalinity,SVR_RBF,LOG1P,17,-0.647561,37.30937,31.228604
HPI,E3,E3_Min4_Field_Depth_LogSalinity,SVR_RBF,LOG1P,18,-0.456358,119.218689,77.557961
HPI,E3,E3_Min4_Field_Depth_LogSalinity,SVR_RBF,LOG1P,19,-0.231083,110.35247,56.783147
HPI,E3,E3_Min4_Field_Depth_LogSalinity,SVR_RBF,LOG1P,20,-0.410604,35.295291,27.731103
HPI,E3,E3_Min4_Field_Depth_LogSalinity,SVR_RBF,LOG1P,21,-0.293347,36.654538,25.099669
HPI,E3,E3_Min4_Field_Depth_LogSalinity,SVR_RBF,LOG1P,22,-0.36146,98.693275,63.861596
HPI,E3,E3_Min4_Field_Depth_LogSalinity,SVR_RBF,LOG1P,23,-0.329267,111.548081,63.263237
HPI,E3,E3_Min4_Field_Depth_LogSalinity,SVR_RBF,LOG1P,24,0.012131,26.973097,18.913856
HPI,E3,E3_Min4_Field_Depth_LogSalinity,SVR_RBF,LOG1P,25,-0.250199,82.668516,50.834838
HPI,E3,E3_Min4_Field_Depth_LogSalinity,PLS,RAW,1,-5.110898,74.200888,60.130376
HPI,E3,E3_Min4_Field_Depth_LogSalinity,PLS,RAW,2,-0.338971,135.858463,90.745445
HPI,E3,E3_Min4_Field_Depth_LogSalinity,PLS,RAW,3,-0.195519,32.125872,26.231943
HPI,E3,E3_Min4_Field_Depth_LogSalinity,PLS,RAW,4,-7.873632,44.977441,42.767207
HPI,E3,E3_Min4_Field_Depth_LogSalinity,PLS,RAW,5,-0.46324,80.23749,55.07277
HPI,E3,E3_Min4_Field_Depth_LogSalinity,PLS,RAW,6,-3.708192,68.383669,54.412926
HPI,E3,E3_Min4_Field_Depth_LogSalinity,PLS,RAW,7,-0.099425,88.005422,58.528229
HPI,E3,E3_Min4_Field_Depth_LogSalinity,PLS,RAW,8,0.063575,32.745095,28.737065
HPI,E3,E3_Min4_Field_Depth_LogSalinity,PLS,RAW,9,-1.996149,49.719041,42.801818
HPI,E3,E3_Min4_Field_Depth_LogSalinity,PLS,RAW,10,-0.069013,119.767219,82.661587
HPI,E3,E3_Min4_Field_Depth_LogSalinity,PLS,RAW,11,-0.046939,83.660117,47.731683
HPI,E3,E3_Min4_Field_Depth_LogSalinity,PLS,RAW,12,-0.408501,43.55473,41.995071
HPI,E3,E3_Min4_Field_Depth_LogSalinity,PLS,RAW,13,-0.759285,94.398044,72.855513
HPI,E3,E3_Min4_Field_Depth_LogSalinity,PLS,RAW,14,-0.03177,100.936549,65.491638
HPI,E3,E3_Min4_Field_Depth_LogSalinity,PLS,RAW,15,-0.159552,35.958222,31.770461
HPI,E3,E3_Min4_Field_Depth_LogSalinity,PLS,RAW,16,-3.38521,38.275941,30.728913
HPI,E3,E3_Min4_Field_Depth_LogSalinity,PLS,RAW,17,-0.665928,37.516752,33.375002
HPI,E3,E3_Min4_Field_Depth_LogSalinity,PLS,RAW,18,-0.290719,112.234442,80.88887
HPI,E3,E3_Min4_Field_Depth_LogSalinity,PLS,RAW,19,0.005973,99.160262,65.502914
HPI,E3,E3_Min4_Field_Depth_LogSalinity,PLS,RAW,20,-2.818668,58.072446,44.030684
HPI,E3,E3_Min4_Field_Depth_LogSalinity,PLS,RAW,21,-0.116502,34.056487,31.190722
HPI,E3,E3_Min4_Field_Depth_LogSalinity,PLS,RAW,22,-0.152727,90.813067,65.885825
HPI,E3,E3_Min4_Field_Depth_LogSalinity,PLS,RAW,23,-0.041588,98.742429,56.764168
HPI,E3,E3_Min4_Field_Depth_LogSalinity,PLS,RAW,24,-7.038399,76.942424,65.009817
HPI,E3,E3_Min4_Field_Depth_LogSalinity,PLS,RAW,25,-0.225595,81.85101,59.327877
HPI,E3,E3_Min4_Field_Depth_LogSalinity,PLS,LOG1P,1,-0.296238,34.174243,31.219829
HPI,E3,E3_Min4_Field_Depth_LogSalinity,PLS,LOG1P,2,-0.407916,139.312291,86.83417
HPI,E3,E3_Min4_Field_Depth_LogSalinity,PLS,LOG1P,3,-0.109344,30.946376,23.50858
HPI,E3,E3_Min4_Field_Depth_LogSalinity,PLS,LOG1P,4,-1.190233,22.345454,19.023721
HPI,E3,E3_Min4_Field_Depth_LogSalinity,PLS,LOG1P,5,-0.676141,85.876592,60.159526
HPI,E3,E3_Min4_Field_Depth_LogSalinity,PLS,LOG1P,6,-0.65895,40.592145,34.170272
HPI,E3,E3_Min4_Field_Depth_LogSalinity,PLS,LOG1P,7,-0.17271,90.891217,50.769899
HPI,E3,E3_Min4_Field_Depth_LogSalinity,PLS,LOG1P,8,-0.309715,38.725604,27.125805
HPI,E3,E3_Min4_Field_Depth_LogSalinity,PLS,LOG1P,9,-0.584804,36.160028,30.625799
HPI,E3,E3_Min4_Field_Depth_LogSalinity,PLS,LOG1P,10,-0.148218,124.124805,71.548744
HPI,E3,E3_Min4_Field_Depth_LogSalinity,PLS,LOG1P,11,-0.203747,89.706798,44.764309
HPI,E3,E3_Min4_Field_Depth_LogSalinity,PLS,LOG1P,12,-0.188902,40.015644,32.838628
HPI,E3,E3_Min4_Field_Depth_LogSalinity,PLS,LOG1P,13,-0.119049,75.286918,43.436124
HPI,E3,E3_Min4_Field_Depth_LogSalinity,PLS,LOG1P,14,-0.122616,105.286492,58.249058
HPI,E3,E3_Min4_Field_Depth_LogSalinity,PLS,LOG1P,15,-0.210322,36.736989,29.300218
HPI,E3,E3_Min4_Field_Depth_LogSalinity,PLS,LOG1P,16,-0.105808,19.220763,16.712462
HPI,E3,E3_Min4_Field_Depth_LogSalinity,PLS,LOG1P,17,-0.222858,32.142913,27.450127
HPI,E3,E3_Min4_Field_Depth_LogSalinity,PLS,LOG1P,18,-0.48052,120.203576,78.976705
HPI,E3,E3_Min4_Field_Depth_LogSalinity,PLS,LOG1P,19,-0.092206,103.941938,55.766854
HPI,E3,E3_Min4_Field_Depth_LogSalinity,PLS,LOG1P,20,-0.236306,33.042822,27.854307
HPI,E3,E3_Min4_Field_Depth_LogSalinity,PLS,LOG1P,21,-0.195317,35.238034,25.747521
HPI,E3,E3_Min4_Field_Depth_LogSalinity,PLS,LOG1P,22,-0.307264,96.708957,63.710528
HPI,E3,E3_Min4_Field_Depth_LogSalinity,PLS,LOG1P,23,-0.161604,104.276142,51.237882
HPI,E3,E3_Min4_Field_Depth_LogSalinity,PLS,LOG1P,24,-0.359092,31.637748,25.66186
HPI,E3,E3_Min4_Field_Depth_LogSalinity,PLS,LOG1P,25,-0.064692,76.289084,48.539874
HPI,E3,E3_Min4_Field_Depth_LogSalinity,Lasso,RAW,1,-4.618236,71.146995,57.291335
HPI,E3,E3_Min4_Field_Depth_LogSalinity,Lasso,RAW,2,-0.448249,141.293667,94.307105
HPI,E3,E3_Min4_Field_Depth_LogSalinity,Lasso,RAW,3,-0.592126,37.073655,32.687865
HPI,E3,E3_Min4_Field_Depth_LogSalinity,Lasso,RAW,4,-7.281241,43.450196,40.663422
HPI,E3,E3_Min4_Field_Depth_LogSalinity,Lasso,RAW,5,-0.626872,84.605061,63.230026
HPI,E3,E3_Min4_Field_Depth_LogSalinity,Lasso,RAW,6,-3.225497,64.783477,52.237851
HPI,E3,E3_Min4_Field_Depth_LogSalinity,Lasso,RAW,7,-0.101754,88.09859,58.353385
HPI,E3,E3_Min4_Field_Depth_LogSalinity,Lasso,RAW,8,0.063109,32.753251,28.343128
HPI,E3,E3_Min4_Field_Depth_LogSalinity,Lasso,RAW,9,-3.271233,59.36325,51.260188
HPI,E3,E3_Min4_Field_Depth_LogSalinity,Lasso,RAW,10,-0.070309,119.839763,82.695613
HPI,E3,E3_Min4_Field_Depth_LogSalinity,Lasso,RAW,11,-0.06429,84.350501,48.839857
HPI,E3,E3_Min4_Field_Depth_LogSalinity,Lasso,RAW,12,-0.407578,43.54046,40.576103
HPI,E3,E3_Min4_Field_Depth_LogSalinity,Lasso,RAW,13,-0.694025,92.630675,71.223823
HPI,E3,E3_Min4_Field_Depth_LogSalinity,Lasso,RAW,14,-0.03299,100.996205,65.713831
HPI,E3,E3_Min4_Field_Depth_LogSalinity,Lasso,RAW,15,-0.417814,39.761499,33.958372
HPI,E3,E3_Min4_Field_Depth_LogSalinity,Lasso,RAW,16,-4.472845,42.759957,33.516045
HPI,E3,E3_Min4_Field_Depth_LogSalinity,Lasso,RAW,17,-0.785922,38.844392,32.114784
HPI,E3,E3_Min4_Field_Depth_LogSalinity,Lasso,RAW,18,-0.376557,115.906358,83.401944
HPI,E3,E3_Min4_Field_Depth_LogSalinity,Lasso,RAW,19,-0.008837,99.896188,65.569842
HPI,E3,E3_Min4_Field_Depth_LogSalinity,Lasso,RAW,20,-2.533562,55.862524,42.908598
HPI,E3,E3_Min4_Field_Depth_LogSalinity,Lasso,RAW,21,-0.573861,40.434622,33.847003
HPI,E3,E3_Min4_Field_Depth_LogSalinity,Lasso,RAW,22,-0.158582,91.04339,64.969214
HPI,E3,E3_Min4_Field_Depth_LogSalinity,Lasso,RAW,23,-0.158792,104.14985,60.732125
HPI,E3,E3_Min4_Field_Depth_LogSalinity,Lasso,RAW,24,-6.675809,75.187072,63.390997
HPI,E3,E3_Min4_Field_Depth_LogSalinity,Lasso,RAW,25,-0.313933,84.749504,63.117918
HPI,E3,E3_Min4_Field_Depth_LogSalinity,Lasso,LOG1P,1,0.042889,29.365524,27.092748
HPI,E3,E3_Min4_Field_Depth_LogSalinity,Lasso,LOG1P,2,-0.363468,137.095587,84.281717
HPI,E3,E3_Min4_Field_Depth_LogSalinity,Lasso,LOG1P,3,-0.070584,30.400942,24.232221
HPI,E3,E3_Min4_Field_Depth_LogSalinity,Lasso,LOG1P,4,-0.332872,17.431641,16.067345
HPI,E3,E3_Min4_Field_Depth_LogSalinity,Lasso,LOG1P,5,-0.714628,86.85695,60.394074
HPI,E3,E3_Min4_Field_Depth_LogSalinity,Lasso,LOG1P,6,-0.290983,35.808462,29.573788
HPI,E3,E3_Min4_Field_Depth_LogSalinity,Lasso,LOG1P,7,-0.136444,89.474777,50.043504
HPI,E3,E3_Min4_Field_Depth_LogSalinity,Lasso,LOG1P,8,-0.452554,40.782702,28.876447
HPI,E3,E3_Min4_Field_Depth_LogSalinity,Lasso,LOG1P,9,-0.356956,33.45984,27.118498
HPI,E3,E3_Min4_Field_Depth_LogSalinity,Lasso,LOG1P,10,-0.1603,124.776134,74.105458
HPI,E3,E3_Min4_Field_Depth_LogSalinity,Lasso,LOG1P,11,-0.171228,88.486784,43.992962
HPI,E3,E3_Min4_Field_Depth_LogSalinity,Lasso,LOG1P,12,-0.099491,38.481555,31.420312
HPI,E3,E3_Min4_Field_Depth_LogSalinity,Lasso,LOG1P,13,-0.113704,75.10691,40.463274
HPI,E3,E3_Min4_Field_Depth_LogSalinity,Lasso,LOG1P,14,-0.12038,105.181572,59.437367
HPI,E3,E3_Min4_Field_Depth_LogSalinity,Lasso,LOG1P,15,-0.196788,36.531017,29.234824
HPI,E3,E3_Min4_Field_Depth_LogSalinity,Lasso,LOG1P,16,0.087063,17.4643,14.961633
HPI,E3,E3_Min4_Field_Depth_LogSalinity,Lasso,LOG1P,17,-0.117953,30.733284,26.238231
HPI,E3,E3_Min4_Field_Depth_LogSalinity,Lasso,LOG1P,18,-0.494612,120.774298,80.810701
HPI,E3,E3_Min4_Field_Depth_LogSalinity,Lasso,LOG1P,19,-0.087482,103.716893,56.39964
HPI,E3,E3_Min4_Field_Depth_LogSalinity,Lasso,LOG1P,20,-0.173598,32.19392,27.511326
HPI,E3,E3_Min4_Field_Depth_LogSalinity,Lasso,LOG1P,21,-0.159948,34.712785,26.286776
HPI,E3,E3_Min4_Field_Depth_LogSalinity,Lasso,LOG1P,22,-0.272192,95.402883,59.884308
HPI,E3,E3_Min4_Field_Depth_LogSalinity,Lasso,LOG1P,23,-0.104017,101.658525,49.567471
HPI,E3,E3_Min4_Field_Depth_LogSalinity,Lasso,LOG1P,24,-0.113183,28.632837,21.04329
HPI,E3,E3_Min4_Field_Depth_LogSalinity,Lasso,LOG1P,25,-0.079906,76.832236,49.022331
HPI,E3,E3_Min4_Field_Depth_LogSalinity,Ridge,RAW,1,-4.59229,70.98252,57.697196
HPI,E3,E3_Min4_Field_Depth_LogSalinity,Ridge,RAW,2,-0.39478,138.660863,92.568124
HPI,E3,E3_Min4_Field_Depth_LogSalinity,Ridge,RAW,3,-0.40569,34.835444,29.881446
HPI,E3,E3_Min4_Field_Depth_LogSalinity,Ridge,RAW,4,-7.437691,43.858708,41.341051
HPI,E3,E3_Min4_Field_Depth_LogSalinity,Ridge,RAW,5,-0.525675,81.93145,59.113691
HPI,E3,E3_Min4_Field_Depth_LogSalinity,Ridge,RAW,6,-3.19133,64.521026,51.901013
HPI,E3,E3_Min4_Field_Depth_LogSalinity,Ridge,RAW,7,-0.098495,87.968175,58.27174
HPI,E3,E3_Min4_Field_Depth_LogSalinity,Ridge,RAW,8,0.071862,32.59989,28.377902
HPI,E3,E3_Min4_Field_Depth_LogSalinity,Ridge,RAW,9,-2.408926,53.033443,46.049077
HPI,E3,E3_Min4_Field_Depth_LogSalinity,Ridge,RAW,10,-0.070258,119.836938,82.665464
HPI,E3,E3_Min4_Field_Depth_LogSalinity,Ridge,RAW,11,-0.058679,84.127876,48.379398
HPI,E3,E3_Min4_Field_Depth_LogSalinity,Ridge,RAW,12,-0.401026,43.439008,41.210641
HPI,E3,E3_Min4_Field_Depth_LogSalinity,Ridge,RAW,13,-0.662199,91.756423,69.944859
HPI,E3,E3_Min4_Field_Depth_LogSalinity,Ridge,RAW,14,-0.030185,100.858965,65.635088
HPI,E3,E3_Min4_Field_Depth_LogSalinity,Ridge,RAW,15,-0.241894,37.213059,32.915645
HPI,E3,E3_Min4_Field_Depth_LogSalinity,Ridge,RAW,16,-3.673274,39.513121,30.133128
HPI,E3,E3_Min4_Field_Depth_LogSalinity,Ridge,RAW,17,-0.680592,37.681509,32.356269
HPI,E3,E3_Min4_Field_Depth_LogSalinity,Ridge,RAW,18,-0.323377,113.645456,80.309328
HPI,E3,E3_Min4_Field_Depth_LogSalinity,Ridge,RAW,19,-0.005811,99.746291,65.583427
HPI,E3,E3_Min4_Field_Depth_LogSalinity,Ridge,RAW,20,-2.503104,55.621245,43.02262
HPI,E3,E3_Min4_Field_Depth_LogSalinity,Ridge,RAW,21,-0.313872,36.944233,32.66752
HPI,E3,E3_Min4_Field_Depth_LogSalinity,Ridge,RAW,22,-0.150004,90.705734,65.037138
HPI,E3,E3_Min4_Field_Depth_LogSalinity,Ridge,RAW,23,-0.098443,101.40155,58.930859
HPI,E3,E3_Min4_Field_Depth_LogSalinity,Ridge,RAW,24,-6.469724,74.170872,62.610375
HPI,E3,E3_Min4_Field_Depth_LogSalinity,Ridge,RAW,25,-0.252924,82.758546,60.91358
HPI,E3,E3_Min4_Field_Depth_LogSalinity,Ridge,LOG1P,1,-0.29845,34.203394,31.292002
HPI,E3,E3_Min4_Field_Depth_LogSalinity,Ridge,LOG1P,2,-0.446642,141.21524,89.052799
HPI,E3,E3_Min4_Field_Depth_LogSalinity,Ridge,LOG1P,3,-0.133316,31.278947,23.830343
HPI,E3,E3_Min4_Field_Depth_LogSalinity,Ridge,LOG1P,4,-1.409606,23.437809,20.458007
HPI,E3,E3_Min4_Field_Depth_LogSalinity,Ridge,LOG1P,5,-0.693965,86.332002,60.481872
HPI,E3,E3_Min4_Field_Depth_LogSalinity,Ridge,LOG1P,6,-0.695894,41.041642,34.54704
HPI,E3,E3_Min4_Field_Depth_LogSalinity,Ridge,LOG1P,7,-0.210602,92.347945,56.14561
HPI,E3,E3_Min4_Field_Depth_LogSalinity,Ridge,LOG1P,8,-0.315383,38.809316,27.122005
HPI,E3,E3_Min4_Field_Depth_LogSalinity,Ridge,LOG1P,9,-0.734109,37.825023,31.276127
HPI,E3,E3_Min4_Field_Depth_LogSalinity,Ridge,LOG1P,10,-0.152535,124.357955,71.568806
HPI,E3,E3_Min4_Field_Depth_LogSalinity,Ridge,LOG1P,11,-0.200985,89.603798,44.581214
HPI,E3,E3_Min4_Field_Depth_LogSalinity,Ridge,LOG1P,12,-0.180026,39.865998,32.457538
HPI,E3,E3_Min4_Field_Depth_LogSalinity,Ridge,LOG1P,13,-0.152564,76.405981,45.629085
HPI,E3,E3_Min4_Field_Depth_LogSalinity,Ridge,LOG1P,14,-0.128766,105.574452,58.213072
HPI,E3,E3_Min4_Field_Depth_LogSalinity,Ridge,LOG1P,15,-0.216106,36.824667,29.260399
HPI,E3,E3_Min4_Field_Depth_LogSalinity,Ridge,LOG1P,16,-0.147999,19.584004,16.872002
HPI,E3,E3_Min4_Field_Depth_LogSalinity,Ridge,LOG1P,17,-0.206218,31.923461,27.256547
HPI,E3,E3_Min4_Field_Depth_LogSalinity,Ridge,LOG1P,18,-0.488044,120.50862,79.187951
HPI,E3,E3_Min4_Field_Depth_LogSalinity,Ridge,LOG1P,19,-0.111439,104.853086,55.772824
HPI,E3,E3_Min4_Field_Depth_LogSalinity,Ridge,LOG1P,20,-0.235443,33.031295,27.90451
HPI,E3,E3_Min4_Field_Depth_LogSalinity,Ridge,LOG1P,21,-0.227581,35.710452,26.123632
HPI,E3,E3_Min4_Field_Depth_LogSalinity,Ridge,LOG1P,22,-0.305157,96.630991,63.536012
HPI,E3,E3_Min4_Field_Depth_LogSalinity,Ridge,LOG1P,23,-0.205091,106.210118,54.364147
HPI,E3,E3_Min4_Field_Depth_LogSalinity,Ridge,LOG1P,24,-0.491337,33.141262,27.241439
HPI,E3,E3_Min4_Field_Depth_LogSalinity,Ridge,LOG1P,25,-0.076307,76.704094,49.458173
HPI,E3,E3_Min4_Field_Depth_LogSalinity,ElasticNet,RAW,1,-4.515207,70.491619,57.569111
HPI,E3,E3_Min4_Field_Depth_LogSalinity,ElasticNet,RAW,2,-0.37407,137.627559,91.889338
HPI,E3,E3_Min4_Field_Depth_LogSalinity,ElasticNet,RAW,3,-0.360172,34.2668,29.126917
HPI,E3,E3_Min4_Field_Depth_LogSalinity,ElasticNet,RAW,4,-7.501205,44.023471,41.666375
HPI,E3,E3_Min4_Field_Depth_LogSalinity,ElasticNet,RAW,5,-0.495314,81.112114,57.813596
HPI,E3,E3_Min4_Field_Depth_LogSalinity,ElasticNet,RAW,6,-3.123057,63.993376,51.439631
HPI,E3,E3_Min4_Field_Depth_LogSalinity,ElasticNet,RAW,7,-0.098337,87.96187,58.382486
HPI,E3,E3_Min4_Field_Depth_LogSalinity,ElasticNet,RAW,8,0.073518,32.570788,28.407109
HPI,E3,E3_Min4_Field_Depth_LogSalinity,ElasticNet,RAW,9,-2.192554,51.322776,44.445292
HPI,E3,E3_Min4_Field_Depth_LogSalinity,ElasticNet,RAW,10,-0.070244,119.836143,82.697087
HPI,E3,E3_Min4_Field_Depth_LogSalinity,ElasticNet,RAW,11,-0.057679,84.088137,48.265874
HPI,E3,E3_Min4_Field_Depth_LogSalinity,ElasticNet,RAW,12,-0.40262,43.463718,41.486524
HPI,E3,E3_Min4_Field_Depth_LogSalinity,ElasticNet,RAW,13,-0.634378,90.985281,68.857925
HPI,E3,E3_Min4_Field_Depth_LogSalinity,ElasticNet,RAW,14,-0.029759,100.838137,65.639373
HPI,E3,E3_Min4_Field_Depth_LogSalinity,ElasticNet,RAW,15,-0.203881,36.639106,32.641858
HPI,E3,E3_Min4_Field_Depth_LogSalinity,ElasticNet,RAW,16,-3.467203,38.63212,29.993206
HPI,E3,E3_Min4_Field_Depth_LogSalinity,ElasticNet,RAW,17,-0.655813,37.402688,32.450213
HPI,E3,E3_Min4_Field_Depth_LogSalinity,ElasticNet,RAW,18,-0.311546,113.13631,80.401485
HPI,E3,E3_Min4_Field_Depth_LogSalinity,ElasticNet,RAW,19,-0.002598,99.586823,65.598302
HPI,E3,E3_Min4_Field_Depth_LogSalinity,ElasticNet,RAW,20,-2.456877,55.253039,43.074225
HPI,E3,E3_Min4_Field_Depth_LogSalinity,ElasticNet,RAW,21,-0.251685,36.059336,32.353159
HPI,E3,E3_Min4_Field_Depth_LogSalinity,ElasticNet,RAW,22,-0.147583,90.610229,64.97508
HPI,E3,E3_Min4_Field_Depth_LogSalinity,ElasticNet,RAW,23,-0.07757,100.433529,58.298252
HPI,E3,E3_Min4_Field_Depth_LogSalinity,ElasticNet,RAW,24,-6.298176,73.314225,61.933672
HPI,E3,E3_Min4_Field_Depth_LogSalinity,ElasticNet,RAW,25,-0.230419,82.011926,60.060326
HPI,E3,E3_Min4_Field_Depth_LogSalinity,ElasticNet,LOG1P,1,0.007343,29.905855,27.915036
HPI,E3,E3_Min4_Field_Depth_LogSalinity,ElasticNet,LOG1P,2,-0.387092,138.27816,85.624738
HPI,E3,E3_Min4_Field_Depth_LogSalinity,ElasticNet,LOG1P,3,-0.08849,30.654117,24.140643
HPI,E3,E3_Min4_Field_Depth_LogSalinity,ElasticNet,LOG1P,4,-0.445877,18.155564,16.395261
HPI,E3,E3_Min4_Field_Depth_LogSalinity,ElasticNet,LOG1P,5,-0.698726,86.453238,60.376058
HPI,E3,E3_Min4_Field_Depth_LogSalinity,ElasticNet,LOG1P,6,-0.374501,36.948587,30.840632
HPI,E3,E3_Min4_Field_Depth_LogSalinity,ElasticNet,LOG1P,7,-0.149103,89.971712,50.105551
HPI,E3,E3_Min4_Field_Depth_LogSalinity,ElasticNet,LOG1P,8,-0.383049,39.795016,27.724823
HPI,E3,E3_Min4_Field_Depth_LogSalinity,ElasticNet,LOG1P,9,-0.481517,34.961847,28.795418
HPI,E3,E3_Min4_Field_Depth_LogSalinity,ElasticNet,LOG1P,10,-0.149346,124.185761,73.076822
HPI,E3,E3_Min4_Field_Depth_LogSalinity,ElasticNet,LOG1P,11,-0.185785,89.034967,44.408973
HPI,E3,E3_Min4_Field_Depth_LogSalinity,ElasticNet,LOG1P,12,-0.12751,38.96879,31.440942
HPI,E3,E3_Min4_Field_Depth_LogSalinity,ElasticNet,LOG1P,13,-0.113539,75.10132,41.876917
HPI,E3,E3_Min4_Field_Depth_LogSalinity,ElasticNet,LOG1P,14,-0.116404,104.994767,58.946348
HPI,E3,E3_Min4_Field_Depth_LogSalinity,ElasticNet,LOG1P,15,-0.221614,36.907955,29.244296
HPI,E3,E3_Min4_Field_Depth_LogSalinity,ElasticNet,LOG1P,16,0.074128,17.587581,14.970178
HPI,E3,E3_Min4_Field_Depth_LogSalinity,ElasticNet,LOG1P,17,-0.11519,30.695279,26.561668
HPI,E3,E3_Min4_Field_Depth_LogSalinity,ElasticNet,LOG1P,18,-0.488341,120.520629,80.012581
HPI,E3,E3_Min4_Field_Depth_LogSalinity,ElasticNet,LOG1P,19,-0.096638,104.152623,56.043304
HPI,E3,E3_Min4_Field_Depth_LogSalinity,ElasticNet,LOG1P,20,-0.221859,32.849199,28.142949
HPI,E3,E3_Min4_Field_Depth_LogSalinity,ElasticNet,LOG1P,21,-0.187205,35.11827,26.17729
HPI,E3,E3_Min4_Field_Depth_LogSalinity,ElasticNet,LOG1P,22,-0.28622,95.927411,61.516277
HPI,E3,E3_Min4_Field_Depth_LogSalinity,ElasticNet,LOG1P,23,-0.124197,102.583421,50.10658
HPI,E3,E3_Min4_Field_Depth_LogSalinity,ElasticNet,LOG1P,24,-0.194909,29.665282,22.624166
HPI,E3,E3_Min4_Field_Depth_LogSalinity,ElasticNet,LOG1P,25,-0.062399,76.206899,48.423956
HPI,E4,E4_Min5_Field_Depth_Interactions,SVR_RBF,RAW,1,0.027308,29.603584,25.318802
HPI,E4,E4_Min5_Field_Depth_Interactions,SVR_RBF,RAW,2,-0.358795,136.860476,83.285255
HPI,E4,E4_Min5_Field_Depth_Interactions,SVR_RBF,RAW,3,-0.092637,30.712453,24.297576
HPI,E4,E4_Min5_Field_Depth_Interactions,SVR_RBF,RAW,4,-0.172031,16.346077,14.565137
HPI,E4,E4_Min5_Field_Depth_Interactions,SVR_RBF,RAW,5,-0.834634,89.845087,62.374846
HPI,E4,E4_Min5_Field_Depth_Interactions,SVR_RBF,RAW,6,-0.205465,34.602121,25.474683
HPI,E4,E4_Min5_Field_Depth_Interactions,SVR_RBF,RAW,7,-0.169066,90.749883,50.899089
HPI,E4,E4_Min5_Field_Depth_Interactions,SVR_RBF,RAW,8,-0.844815,45.960665,33.22353
HPI,E4,E4_Min5_Field_Depth_Interactions,SVR_RBF,RAW,9,-0.112993,30.303117,24.127488
HPI,E4,E4_Min5_Field_Depth_Interactions,SVR_RBF,RAW,10,-0.174438,125.534046,74.733779
HPI,E4,E4_Min5_Field_Depth_Interactions,SVR_RBF,RAW,11,-0.187465,89.09803,46.016143
HPI,E4,E4_Min5_Field_Depth_Interactions,SVR_RBF,RAW,12,-0.110321,38.670623,30.098024
HPI,E4,E4_Min5_Field_Depth_Interactions,SVR_RBF,RAW,13,-0.233047,79.028667,41.409626
HPI,E4,E4_Min5_Field_Depth_Interactions,SVR_RBF,RAW,14,-0.169862,107.479145,59.714574
HPI,E4,E4_Min5_Field_Depth_Interactions,SVR_RBF,RAW,15,-0.281776,37.805866,30.258593
HPI,E4,E4_Min5_Field_Depth_Interactions,SVR_RBF,RAW,16,-0.080869,19.002783,17.779641
HPI,E4,E4_Min5_Field_Depth_Interactions,SVR_RBF,RAW,17,-0.510567,35.724582,29.686878
HPI,E4,E4_Min5_Field_Depth_Interactions,SVR_RBF,RAW,18,-0.504003,121.153117,81.902014
HPI,E4,E4_Min5_Field_Depth_Interactions,SVR_RBF,RAW,19,-0.108063,104.693742,56.521558
HPI,E4,E4_Min5_Field_Depth_Interactions,SVR_RBF,RAW,20,-0.057616,30.561753,23.023546
HPI,E4,E4_Min5_Field_Depth_Interactions,SVR_RBF,RAW,21,-0.131917,34.290795,25.697245
HPI,E4,E4_Min5_Field_Depth_Interactions,SVR_RBF,RAW,22,-0.300494,96.458219,59.563447
HPI,E4,E4_Min5_Field_Depth_Interactions,SVR_RBF,RAW,23,-0.151854,103.837618,50.389808
HPI,E4,E4_Min5_Field_Depth_Interactions,SVR_RBF,RAW,24,-0.170686,29.363054,19.073025
HPI,E4,E4_Min5_Field_Depth_Interactions,SVR_RBF,RAW,25,-0.174404,80.123381,50.328827
HPI,E4,E4_Min5_Field_Depth_Interactions,SVR_RBF,LOG1P,1,0.159458,27.519235,22.699033
HPI,E4,E4_Min5_Field_Depth_Interactions,SVR_RBF,LOG1P,2,-0.473596,142.524714,85.635839
HPI,E4,E4_Min5_Field_Depth_Interactions,SVR_RBF,LOG1P,3,-0.066403,30.341517,22.707924
HPI,E4,E4_Min5_Field_Depth_Interactions,SVR_RBF,LOG1P,4,-1.115998,21.963504,18.132404
HPI,E4,E4_Min5_Field_Depth_Interactions,SVR_RBF,LOG1P,5,-0.67407,85.823544,61.016016
HPI,E4,E4_Min5_Field_Depth_Interactions,SVR_RBF,LOG1P,6,-0.289204,35.783776,25.125594
HPI,E4,E4_Min5_Field_Depth_Interactions,SVR_RBF,LOG1P,7,-0.251006,93.876384,53.555616
HPI,E4,E4_Min5_Field_Depth_Interactions,SVR_RBF,LOG1P,8,-0.669884,43.727341,35.031893
HPI,E4,E4_Min5_Field_Depth_Interactions,SVR_RBF,LOG1P,9,-0.19,31.333899,26.255829
HPI,E4,E4_Min5_Field_Depth_Interactions,SVR_RBF,LOG1P,10,-0.252381,129.632735,74.27319
HPI,E4,E4_Min5_Field_Depth_Interactions,SVR_RBF,LOG1P,11,-0.254672,91.584665,44.866246
HPI,E4,E4_Min5_Field_Depth_Interactions,SVR_RBF,LOG1P,12,-0.17587,39.795726,32.578491
HPI,E4,E4_Min5_Field_Depth_Interactions,SVR_RBF,LOG1P,13,-0.15954,76.636882,40.952756
HPI,E4,E4_Min5_Field_Depth_Interactions,SVR_RBF,LOG1P,14,-0.24552,110.900188,57.852206
HPI,E4,E4_Min5_Field_Depth_Interactions,SVR_RBF,LOG1P,15,-0.146306,35.75225,29.64238
HPI,E4,E4_Min5_Field_Depth_Interactions,SVR_RBF,LOG1P,16,0.338651,14.86435,12.595073
HPI,E4,E4_Min5_Field_Depth_Interactions,SVR_RBF,LOG1P,17,-0.572046,36.444312,32.100945
HPI,E4,E4_Min5_Field_Depth_Interactions,SVR_RBF,LOG1P,18,-0.458227,119.295164,78.209602
HPI,E4,E4_Min5_Field_Depth_Interactions,SVR_RBF,LOG1P,19,-0.229123,110.2646,55.825282
HPI,E4,E4_Min5_Field_Depth_Interactions,SVR_RBF,LOG1P,20,-0.581828,37.376086,29.846424
HPI,E4,E4_Min5_Field_Depth_Interactions,SVR_RBF,LOG1P,21,-0.155613,34.647852,25.716332
HPI,E4,E4_Min5_Field_Depth_Interactions,SVR_RBF,LOG1P,22,-0.353566,98.406749,64.110137
HPI,E4,E4_Min5_Field_Depth_Interactions,SVR_RBF,LOG1P,23,-0.312777,110.854005,59.395961
HPI,E4,E4_Min5_Field_Depth_Interactions,SVR_RBF,LOG1P,24,0.081354,26.010886,15.915861
HPI,E4,E4_Min5_Field_Depth_Interactions,SVR_RBF,LOG1P,25,-0.254199,82.800638,50.455581
HPI,E4,E4_Min5_Field_Depth_Interactions,PLS,RAW,1,-6.191462,80.494313,64.36073
HPI,E4,E4_Min5_Field_Depth_Interactions,PLS,RAW,2,-0.400839,138.961707,92.303187
HPI,E4,E4_Min5_Field_Depth_Interactions,PLS,RAW,3,-0.19495,32.118221,25.330178
HPI,E4,E4_Min5_Field_Depth_Interactions,PLS,RAW,4,-7.981316,45.249524,42.95962
HPI,E4,E4_Min5_Field_Depth_Interactions,PLS,RAW,5,-0.487618,80.903136,54.113818
HPI,E4,E4_Min5_Field_Depth_Interactions,PLS,RAW,6,-4.931846,76.757403,57.14319
HPI,E4,E4_Min5_Field_Depth_Interactions,PLS,RAW,7,-0.126137,89.06809,61.009389
HPI,E4,E4_Min5_Field_Depth_Interactions,PLS,RAW,8,0.096119,32.171064,27.459029
HPI,E4,E4_Min5_Field_Depth_Interactions,PLS,RAW,9,-1.757949,47.701733,39.880452
HPI,E4,E4_Min5_Field_Depth_Interactions,PLS,RAW,10,-0.069733,119.807517,82.760522
HPI,E4,E4_Min5_Field_Depth_Interactions,PLS,RAW,11,-0.06543,84.395668,48.688706
HPI,E4,E4_Min5_Field_Depth_Interactions,PLS,RAW,12,-0.34818,42.611883,41.392499
HPI,E4,E4_Min5_Field_Depth_Interactions,PLS,RAW,13,-1.083129,102.719522,78.78692
HPI,E4,E4_Min5_Field_Depth_Interactions,PLS,RAW,14,-0.041749,101.423462,65.680073
HPI,E4,E4_Min5_Field_Depth_Interactions,PLS,RAW,15,-0.142989,35.700486,31.625453
HPI,E4,E4_Min5_Field_Depth_Interactions,PLS,RAW,16,-3.311723,37.953872,28.960724
HPI,E4,E4_Min5_Field_Depth_Interactions,PLS,RAW,17,-0.445914,34.951699,30.610544
HPI,E4,E4_Min5_Field_Depth_Interactions,PLS,RAW,18,-0.304277,112.82234,83.055537
HPI,E4,E4_Min5_Field_Depth_Interactions,PLS,RAW,19,-0.016993,100.299208,65.245594
HPI,E4,E4_Min5_Field_Depth_Interactions,PLS,RAW,20,-4.331513,68.618218,48.80676
HPI,E4,E4_Min5_Field_Depth_Interactions,PLS,RAW,21,-0.119796,34.106702,31.654694
HPI,E4,E4_Min5_Field_Depth_Interactions,PLS,RAW,22,-0.137,90.191435,64.607481
HPI,E4,E4_Min5_Field_Depth_Interactions,PLS,RAW,23,-0.065798,99.88342,57.358559
HPI,E4,E4_Min5_Field_Depth_Interactions,PLS,RAW,24,-11.225263,94.887761,75.545043
HPI,E4,E4_Min5_Field_Depth_Interactions,PLS,RAW,25,-0.274247,83.459786,61.411973
HPI,E4,E4_Min5_Field_Depth_Interactions,PLS,LOG1P,1,-1.43237,46.813531,37.540674
HPI,E4,E4_Min5_Field_Depth_Interactions,PLS,LOG1P,2,-0.450448,141.400884,88.657485
HPI,E4,E4_Min5_Field_Depth_Interactions,PLS,LOG1P,3,-0.092024,30.703843,23.177382
HPI,E4,E4_Min5_Field_Depth_Interactions,PLS,LOG1P,4,-1.402676,23.404083,20.883954
HPI,E4,E4_Min5_Field_Depth_Interactions,PLS,LOG1P,5,-0.664036,85.565939,59.574393
HPI,E4,E4_Min5_Field_Depth_Interactions,PLS,LOG1P,6,-1.862869,53.324411,41.710631
HPI,E4,E4_Min5_Field_Depth_Interactions,PLS,LOG1P,7,-0.199788,91.934572,53.501571
HPI,E4,E4_Min5_Field_Depth_Interactions,PLS,LOG1P,8,-0.288997,38.418091,26.996596
HPI,E4,E4_Min5_Field_Depth_Interactions,PLS,LOG1P,9,-0.360859,33.507927,28.645211
HPI,E4,E4_Min5_Field_Depth_Interactions,PLS,LOG1P,10,-0.163465,124.946196,71.228484
HPI,E4,E4_Min5_Field_Depth_Interactions,PLS,LOG1P,11,-0.20812,89.869594,45.049309
HPI,E4,E4_Min5_Field_Depth_Interactions,PLS,LOG1P,12,-0.185763,39.96278,33.32694
HPI,E4,E4_Min5_Field_Depth_Interactions,PLS,LOG1P,13,-0.243187,79.352974,51.43989
HPI,E4,E4_Min5_Field_Depth_Interactions,PLS,LOG1P,14,-0.141258,106.157055,57.53097
HPI,E4,E4_Min5_Field_Depth_Interactions,PLS,LOG1P,15,-0.179243,36.262249,29.608177
HPI,E4,E4_Min5_Field_Depth_Interactions,PLS,LOG1P,16,0.100483,17.33546,15.10338
HPI,E4,E4_Min5_Field_Depth_Interactions,PLS,LOG1P,17,-0.273275,32.798828,28.270831
HPI,E4,E4_Min5_Field_Depth_Interactions,PLS,LOG1P,18,-0.47574,120.009352,78.721845
HPI,E4,E4_Min5_Field_Depth_Interactions,PLS,LOG1P,19,-0.122391,105.368437,55.351287
HPI,E4,E4_Min5_Field_Depth_Interactions,PLS,LOG1P,20,-0.538699,36.863026,32.814478
HPI,E4,E4_Min5_Field_Depth_Interactions,PLS,LOG1P,21,-0.144922,34.487222,26.172592
HPI,E4,E4_Min5_Field_Depth_Interactions,PLS,LOG1P,22,-0.306416,96.677583,62.678555
HPI,E4,E4_Min5_Field_Depth_Interactions,PLS,LOG1P,23,-0.186235,105.375904,52.243972
HPI,E4,E4_Min5_Field_Depth_Interactions,PLS,LOG1P,24,-2.660673,51.923212,40.761784
HPI,E4,E4_Min5_Field_Depth_Interactions,PLS,LOG1P,25,-0.085815,77.042139,48.910262
HPI,E4,E4_Min5_Field_Depth_Interactions,Lasso,RAW,1,-8.232588,91.204931,68.608996
HPI,E4,E4_Min5_Field_Depth_Interactions,Lasso,RAW,2,-0.407701,139.301638,92.189855
HPI,E4,E4_Min5_Field_Depth_Interactions,Lasso,RAW,3,-0.747593,38.841568,31.45886
HPI,E4,E4_Min5_Field_Depth_Interactions,Lasso,RAW,4,-10.573592,51.366281,49.408911
HPI,E4,E4_Min5_Field_Depth_Interactions,Lasso,RAW,5,-0.475821,80.581701,55.33392
HPI,E4,E4_Min5_Field_Depth_Interactions,Lasso,RAW,6,-6.781336,87.912865,59.744373
HPI,E4,E4_Min5_Field_Depth_Interactions,Lasso,RAW,7,-0.141394,89.669408,63.612368
HPI,E4,E4_Min5_Field_Depth_Interactions,Lasso,RAW,8,-0.102179,35.525149,31.06217
HPI,E4,E4_Min5_Field_Depth_Interactions,Lasso,RAW,9,-1.906809,48.972165,42.532653
HPI,E4,E4_Min5_Field_Depth_Interactions,Lasso,RAW,10,-0.069904,119.817082,82.46198
HPI,E4,E4_Min5_Field_Depth_Interactions,Lasso,RAW,11,-0.068058,84.499676,52.886705
HPI,E4,E4_Min5_Field_Depth_Interactions,Lasso,RAW,12,-0.558824,45.820025,43.99879
HPI,E4,E4_Min5_Field_Depth_Interactions,Lasso,RAW,13,-2.697199,136.845747,95.083997
HPI,E4,E4_Min5_Field_Depth_Interactions,Lasso,RAW,14,-0.024629,100.586645,69.011458
HPI,E4,E4_Min5_Field_Depth_Interactions,Lasso,RAW,15,-0.111282,35.201828,30.880851
HPI,E4,E4_Min5_Field_Depth_Interactions,Lasso,RAW,16,-6.515293,50.107606,41.084232
HPI,E4,E4_Min5_Field_Depth_Interactions,Lasso,RAW,17,-0.659084,37.439606,33.955879
HPI,E4,E4_Min5_Field_Depth_Interactions,Lasso,RAW,18,-0.304383,112.826924,85.96763
HPI,E4,E4_Min5_Field_Depth_Interactions,Lasso,RAW,19,-0.004363,99.674436,65.58374
HPI,E4,E4_Min5_Field_Depth_Interactions,Lasso,RAW,20,-8.774688,92.910677,60.291919
HPI,E4,E4_Min5_Field_Depth_Interactions,Lasso,RAW,21,-0.613185,40.936653,36.082534
HPI,E4,E4_Min5_Field_Depth_Interactions,Lasso,RAW,22,-0.137675,90.218226,66.621688
HPI,E4,E4_Min5_Field_Depth_Interactions,Lasso,RAW,23,-0.052826,99.273712,57.254945
HPI,E4,E4_Min5_Field_Depth_Interactions,Lasso,RAW,24,-18.953671,121.225085,85.144641
HPI,E4,E4_Min5_Field_Depth_Interactions,Lasso,RAW,25,-0.31185,84.682278,62.880654
HPI,E4,E4_Min5_Field_Depth_Interactions,Lasso,LOG1P,1,-0.454038,36.194655,33.024245
HPI,E4,E4_Min5_Field_Depth_Interactions,Lasso,LOG1P,2,-0.364098,137.127244,84.307325
HPI,E4,E4_Min5_Field_Depth_Interactions,Lasso,LOG1P,3,-0.062519,30.286207,24.130886
HPI,E4,E4_Min5_Field_Depth_Interactions,Lasso,LOG1P,4,-0.332872,17.431641,16.067345
HPI,E4,E4_Min5_Field_Depth_Interactions,Lasso,LOG1P,5,-0.723647,87.085076,60.261125
HPI,E4,E4_Min5_Field_Depth_Interactions,Lasso,LOG1P,6,-2.634412,60.081726,44.639888
HPI,E4,E4_Min5_Field_Depth_Interactions,Lasso,LOG1P,7,-0.136444,89.474777,50.043504
HPI,E4,E4_Min5_Field_Depth_Interactions,Lasso,LOG1P,8,-0.466493,40.97791,29.023686
HPI,E4,E4_Min5_Field_Depth_Interactions,Lasso,LOG1P,9,-0.193362,31.378139,25.843442
HPI,E4,E4_Min5_Field_Depth_Interactions,Lasso,LOG1P,10,-0.1603,124.776134,74.105458
HPI,E4,E4_Min5_Field_Depth_Interactions,Lasso,LOG1P,11,-0.169118,88.407036,44.086508
HPI,E4,E4_Min5_Field_Depth_Interactions,Lasso,LOG1P,12,-0.094613,38.3961,30.700718
HPI,E4,E4_Min5_Field_Depth_Interactions,Lasso,LOG1P,13,-0.279686,80.509418,49.157412
HPI,E4,E4_Min5_Field_Depth_Interactions,Lasso,LOG1P,14,-0.126085,105.449034,59.588176
HPI,E4,E4_Min5_Field_Depth_Interactions,Lasso,LOG1P,15,-0.18273,36.315815,29.372447
HPI,E4,E4_Min5_Field_Depth_Interactions,Lasso,LOG1P,16,0.157023,16.781799,14.658846
HPI,E4,E4_Min5_Field_Depth_Interactions,Lasso,LOG1P,17,-0.153315,31.215557,26.558293
HPI,E4,E4_Min5_Field_Depth_Interactions,Lasso,LOG1P,18,-0.494515,120.770346,81.234698
HPI,E4,E4_Min5_Field_Depth_Interactions,Lasso,LOG1P,19,-0.087482,103.716893,56.39964
HPI,E4,E4_Min5_Field_Depth_Interactions,Lasso,LOG1P,20,-1.499752,46.985373,37.322326
HPI,E4,E4_Min5_Field_Depth_Interactions,Lasso,LOG1P,21,-0.121215,34.1283,26.12834
HPI,E4,E4_Min5_Field_Depth_Interactions,Lasso,LOG1P,22,-0.268976,95.282219,59.560879
HPI,E4,E4_Min5_Field_Depth_Interactions,Lasso,LOG1P,23,-0.104017,101.658525,49.567471
HPI,E4,E4_Min5_Field_Depth_Interactions,Lasso,LOG1P,24,-4.440659,63.300457,40.294929
HPI,E4,E4_Min5_Field_Depth_Interactions,Lasso,LOG1P,25,-0.110074,77.898025,49.997767
HPI,E4,E4_Min5_Field_Depth_Interactions,Ridge,RAW,1,-7.028066,85.047597,65.444957
HPI,E4,E4_Min5_Field_Depth_Interactions,Ridge,RAW,2,-0.398143,138.827926,92.021162
HPI,E4,E4_Min5_Field_Depth_Interactions,Ridge,RAW,3,-0.479572,35.739187,28.623758
HPI,E4,E4_Min5_Field_Depth_Interactions,Ridge,RAW,4,-9.336834,48.544252,47.029072
HPI,E4,E4_Min5_Field_Depth_Interactions,Ridge,RAW,5,-0.465909,80.310631,54.779418
HPI,E4,E4_Min5_Field_Depth_Interactions,Ridge,RAW,6,-5.843276,82.443682,58.069206
HPI,E4,E4_Min5_Field_Depth_Interactions,Ridge,RAW,7,-0.126734,89.091712,62.490992
HPI,E4,E4_Min5_Field_Depth_Interactions,Ridge,RAW,8,-0.018319,34.146935,29.6378
HPI,E4,E4_Min5_Field_Depth_Interactions,Ridge,RAW,9,-1.752794,47.657129,40.908305
HPI,E4,E4_Min5_Field_Depth_Interactions,Ridge,RAW,10,-0.073459,120.016024,82.242072
HPI,E4,E4_Min5_Field_Depth_Interactions,Ridge,RAW,11,-0.055626,84.006489,51.179142
HPI,E4,E4_Min5_Field_Depth_Interactions,Ridge,RAW,12,-0.476608,44.595336,43.076138
HPI,E4,E4_Min5_Field_Depth_Interactions,Ridge,RAW,13,-1.739869,117.80394,85.243616
HPI,E4,E4_Min5_Field_Depth_Interactions,Ridge,RAW,14,-0.029855,100.842845,67.9025
HPI,E4,E4_Min5_Field_Depth_Interactions,Ridge,RAW,15,-0.110453,35.188698,31.194265
HPI,E4,E4_Min5_Field_Depth_Interactions,Ridge,RAW,16,-4.93248,44.51935,36.169438
HPI,E4,E4_Min5_Field_Depth_Interactions,Ridge,RAW,17,-0.555524,36.252291,32.562596
HPI,E4,E4_Min5_Field_Depth_Interactions,Ridge,RAW,18,-0.300689,112.667038,84.735515
HPI,E4,E4_Min5_Field_Depth_Interactions,Ridge,RAW,19,-0.005635,99.737535,65.590319
HPI,E4,E4_Min5_Field_Depth_Interactions,Ridge,RAW,20,-6.491812,81.340644,55.174963
HPI,E4,E4_Min5_Field_Depth_Interactions,Ridge,RAW,21,-0.394389,38.059422,34.506856
HPI,E4,E4_Min5_Field_Depth_Interactions,Ridge,RAW,22,-0.131991,89.992566,65.745678
HPI,E4,E4_Min5_Field_Depth_Interactions,Ridge,RAW,23,-0.053799,99.31957,57.31482
HPI,E4,E4_Min5_Field_Depth_Interactions,Ridge,RAW,24,-15.118957,108.955602,79.855032
HPI,E4,E4_Min5_Field_Depth_Interactions,Ridge,RAW,25,-0.267566,83.240719,61.62455
HPI,E4,E4_Min5_Field_Depth_Interactions,Ridge,LOG1P,1,-9.086409,95.328963,57.0175
HPI,E4,E4_Min5_Field_Depth_Interactions,Ridge,LOG1P,2,-0.450197,141.388662,87.518844
HPI,E4,E4_Min5_Field_Depth_Interactions,Ridge,LOG1P,3,-0.070972,30.406445,23.126448
HPI,E4,E4_Min5_Field_Depth_Interactions,Ridge,LOG1P,4,-1.252915,22.662951,19.582826
HPI,E4,E4_Min5_Field_Depth_Interactions,Ridge,LOG1P,5,-0.67797,85.92344,59.867515
HPI,E4,E4_Min5_Field_Depth_Interactions,Ridge,LOG1P,6,-11.005991,109.200429,64.329538
HPI,E4,E4_Min5_Field_Depth_Interactions,Ridge,LOG1P,7,-0.187771,91.473007,52.161352
HPI,E4,E4_Min5_Field_Depth_Interactions,Ridge,LOG1P,8,-0.293987,38.492381,27.125908
HPI,E4,E4_Min5_Field_Depth_Interactions,Ridge,LOG1P,9,-0.413889,34.154559,29.216387
HPI,E4,E4_Min5_Field_Depth_Interactions,Ridge,LOG1P,10,-0.185566,126.127357,70.616927
HPI,E4,E4_Min5_Field_Depth_Interactions,Ridge,LOG1P,11,-0.200166,89.573245,44.021569
HPI,E4,E4_Min5_Field_Depth_Interactions,Ridge,LOG1P,12,-0.161668,39.554674,32.678136
HPI,E4,E4_Min5_Field_Depth_Interactions,Ridge,LOG1P,13,-4.025401,159.543933,92.278259
HPI,E4,E4_Min5_Field_Depth_Interactions,Ridge,LOG1P,14,-0.141785,106.181553,57.59538
HPI,E4,E4_Min5_Field_Depth_Interactions,Ridge,LOG1P,15,-0.158907,35.948218,29.50335
HPI,E4,E4_Min5_Field_Depth_Interactions,Ridge,LOG1P,16,-0.084535,19.034986,16.759629
HPI,E4,E4_Min5_Field_Depth_Interactions,Ridge,LOG1P,17,-0.230975,32.249411,28.103953
HPI,E4,E4_Min5_Field_Depth_Interactions,Ridge,LOG1P,18,-0.478812,120.13423,78.865022
HPI,E4,E4_Min5_Field_Depth_Interactions,Ridge,LOG1P,19,-0.123467,105.418925,55.343222
HPI,E4,E4_Min5_Field_Depth_Interactions,Ridge,LOG1P,20,-8.530953,91.744989,57.888569
HPI,E4,E4_Min5_Field_Depth_Interactions,Ridge,LOG1P,21,-0.157089,34.669976,25.845368
HPI,E4,E4_Min5_Field_Depth_Interactions,Ridge,LOG1P,22,-0.300437,96.456114,62.889096
HPI,E4,E4_Min5_Field_Depth_Interactions,Ridge,LOG1P,23,-0.187175,105.417657,51.366831
HPI,E4,E4_Min5_Field_Depth_Interactions,Ridge,LOG1P,24,-50.738413,195.20352,95.245403
HPI,E4,E4_Min5_Field_Depth_Interactions,Ridge,LOG1P,25,-0.083396,76.956271,48.636882
HPI,E4,E4_Min5_Field_Depth_Interactions,ElasticNet,RAW,1,-6.561519,82.539361,64.271271
HPI,E4,E4_Min5_Field_Depth_Interactions,ElasticNet,RAW,2,-0.389881,138.417129,91.841057
HPI,E4,E4_Min5_Field_Depth_Interactions,ElasticNet,RAW,3,-0.407532,34.858265,27.937036
HPI,E4,E4_Min5_Field_Depth_Interactions,ElasticNet,RAW,4,-8.869428,47.43403,46.041538
HPI,E4,E4_Min5_Field_Depth_Interactions,ElasticNet,RAW,5,-0.460875,80.172625,54.491144
HPI,E4,E4_Min5_Field_Depth_Interactions,ElasticNet,RAW,6,-5.39212,79.679718,57.056689
HPI,E4,E4_Min5_Field_Depth_Interactions,ElasticNet,RAW,7,-0.120654,88.851028,61.987954
HPI,E4,E4_Min5_Field_Depth_Interactions,ElasticNet,RAW,8,0.015029,33.583163,28.981543
HPI,E4,E4_Min5_Field_Depth_Interactions,ElasticNet,RAW,9,-1.681723,47.037909,40.066157
HPI,E4,E4_Min5_Field_Depth_Interactions,ElasticNet,RAW,10,-0.071266,119.893351,82.43847
HPI,E4,E4_Min5_Field_Depth_Interactions,ElasticNet,RAW,11,-0.051713,83.850645,50.545032
HPI,E4,E4_Min5_Field_Depth_Interactions,ElasticNet,RAW,12,-0.442917,44.08364,42.678505
HPI,E4,E4_Min5_Field_Depth_Interactions,ElasticNet,RAW,13,-1.480535,112.090195,81.822419
HPI,E4,E4_Min5_Field_Depth_Interactions,ElasticNet,RAW,14,-0.033099,101.00153,67.319275
HPI,E4,E4_Min5_Field_Depth_Interactions,ElasticNet,RAW,15,-0.111225,35.200922,31.360889
HPI,E4,E4_Min5_Field_Depth_Interactions,ElasticNet,RAW,16,-4.389538,42.433265,34.233051
HPI,E4,E4_Min5_Field_Depth_Interactions,ElasticNet,RAW,17,-0.513314,35.757044,31.9181
HPI,E4,E4_Min5_Field_Depth_Interactions,ElasticNet,RAW,18,-0.299625,112.620988,84.143887
HPI,E4,E4_Min5_Field_Depth_Interactions,ElasticNet,RAW,19,-0.006169,99.764027,65.609404
HPI,E4,E4_Min5_Field_Depth_Interactions,ElasticNet,RAW,20,-5.721589,77.046014,53.365554
HPI,E4,E4_Min5_Field_Depth_Interactions,ElasticNet,RAW,21,-0.325603,37.108807,33.932877
HPI,E4,E4_Min5_Field_Depth_Interactions,ElasticNet,RAW,22,-0.129159,89.879915,65.246513
HPI,E4,E4_Min5_Field_Depth_Interactions,ElasticNet,RAW,23,-0.05265,99.265412,57.272368
HPI,E4,E4_Min5_Field_Depth_Interactions,ElasticNet,RAW,24,-13.72601,104.141455,77.747872
HPI,E4,E4_Min5_Field_Depth_Interactions,ElasticNet,RAW,25,-0.255431,82.841306,61.152735
HPI,E4,E4_Min5_Field_Depth_Interactions,ElasticNet,LOG1P,1,-1.264645,45.170678,37.449897
HPI,E4,E4_Min5_Field_Depth_Interactions,ElasticNet,LOG1P,2,-0.392128,138.528952,85.628054
HPI,E4,E4_Min5_Field_Depth_Interactions,ElasticNet,LOG1P,3,-0.078464,30.512619,24.002642
HPI,E4,E4_Min5_Field_Depth_Interactions,ElasticNet,LOG1P,4,-0.465036,18.275452,16.547281
HPI,E4,E4_Min5_Field_Depth_Interactions,ElasticNet,LOG1P,5,-0.703735,86.580604,60.196342
HPI,E4,E4_Min5_Field_Depth_Interactions,ElasticNet,LOG1P,6,-4.035573,70.721223,49.360309
HPI,E4,E4_Min5_Field_Depth_Interactions,ElasticNet,LOG1P,7,-0.149227,89.976604,50.10965
HPI,E4,E4_Min5_Field_Depth_Interactions,ElasticNet,LOG1P,8,-0.389186,39.883203,27.643974
HPI,E4,E4_Min5_Field_Depth_Interactions,ElasticNet,LOG1P,9,-0.303861,32.7987,27.494176
HPI,E4,E4_Min5_Field_Depth_Interactions,ElasticNet,LOG1P,10,-0.152852,124.375005,73.115611
HPI,E4,E4_Min5_Field_Depth_Interactions,ElasticNet,LOG1P,11,-0.183899,88.964164,44.552529
HPI,E4,E4_Min5_Field_Depth_Interactions,ElasticNet,LOG1P,12,-0.123849,38.905483,30.960206
HPI,E4,E4_Min5_Field_Depth_Interactions,ElasticNet,LOG1P,13,-0.533973,88.146228,56.339537
HPI,E4,E4_Min5_Field_Depth_Interactions,ElasticNet,LOG1P,14,-0.124618,105.380313,59.05779
HPI,E4,E4_Min5_Field_Depth_Interactions,ElasticNet,LOG1P,15,-0.204914,36.654824,29.39839
HPI,E4,E4_Min5_Field_Depth_Interactions,ElasticNet,LOG1P,16,0.156433,16.787672,14.571721
HPI,E4,E4_Min5_Field_Depth_Interactions,ElasticNet,LOG1P,17,-0.158913,31.291218,27.123222
HPI,E4,E4_Min5_Field_Depth_Interactions,ElasticNet,LOG1P,18,-0.486189,120.433485,80.406192
HPI,E4,E4_Min5_Field_Depth_Interactions,ElasticNet,LOG1P,19,-0.096893,104.16473,56.043938
HPI,E4,E4_Min5_Field_Depth_Interactions,ElasticNet,LOG1P,20,-1.598456,47.904007,38.55486
HPI,E4,E4_Min5_Field_Depth_Interactions,ElasticNet,LOG1P,21,-0.142573,34.451826,25.961034
HPI,E4,E4_Min5_Field_Depth_Interactions,ElasticNet,LOG1P,22,-0.283726,95.834357,61.328722
HPI,E4,E4_Min5_Field_Depth_Interactions,ElasticNet,LOG1P,23,-0.1254,102.638275,50.127323
HPI,E4,E4_Min5_Field_Depth_Interactions,ElasticNet,LOG1P,24,-6.97207,76.624322,47.954744
HPI,E4,E4_Min5_Field_Depth_Interactions,ElasticNet,LOG1P,25,-0.095292,77.377621,49.428355
HPI,E5,E5_Full_Parsimonious_Easy_Panel,SVR_RBF,RAW,1,0.017853,29.747114,25.343017
HPI,E5,E5_Full_Parsimonious_Easy_Panel,SVR_RBF,RAW,2,-0.357737,136.807186,83.245617
HPI,E5,E5_Full_Parsimonious_Easy_Panel,SVR_RBF,RAW,3,-0.093908,30.730312,24.307031
HPI,E5,E5_Full_Parsimonious_Easy_Panel,SVR_RBF,RAW,4,-0.160022,16.26212,14.532683
HPI,E5,E5_Full_Parsimonious_Easy_Panel,SVR_RBF,RAW,5,-0.8392,89.95682,62.546346
HPI,E5,E5_Full_Parsimonious_Easy_Panel,SVR_RBF,RAW,6,-0.209581,34.661131,25.521669
HPI,E5,E5_Full_Parsimonious_Easy_Panel,SVR_RBF,RAW,7,-0.168447,90.725862,51.001382
HPI,E5,E5_Full_Parsimonious_Easy_Panel,SVR_RBF,RAW,8,-0.848848,46.010876,33.239995
HPI,E5,E5_Full_Parsimonious_Easy_Panel,SVR_RBF,RAW,9,-0.138509,30.648504,24.431973
HPI,E5,E5_Full_Parsimonious_Easy_Panel,SVR_RBF,RAW,10,-0.172921,125.452946,74.655596
HPI,E5,E5_Full_Parsimonious_Easy_Panel,SVR_RBF,RAW,11,-0.185496,89.02412,45.957184
HPI,E5,E5_Full_Parsimonious_Easy_Panel,SVR_RBF,RAW,12,-0.110164,38.66789,30.143707
HPI,E5,E5_Full_Parsimonious_Easy_Panel,SVR_RBF,RAW,13,-0.231545,78.980539,41.355212
HPI,E5,E5_Full_Parsimonious_Easy_Panel,SVR_RBF,RAW,14,-0.170236,107.496341,59.576986
HPI,E5,E5_Full_Parsimonious_Easy_Panel,SVR_RBF,RAW,15,-0.28989,37.925338,30.330748
HPI,E5,E5_Full_Parsimonious_Easy_Panel,SVR_RBF,RAW,16,-0.091878,19.099309,17.837118
HPI,E5,E5_Full_Parsimonious_Easy_Panel,SVR_RBF,RAW,17,-0.514513,35.771215,29.719157
HPI,E5,E5_Full_Parsimonious_Easy_Panel,SVR_RBF,RAW,18,-0.505344,121.207105,81.95309
HPI,E5,E5_Full_Parsimonious_Easy_Panel,SVR_RBF,RAW,19,-0.106176,104.604531,56.463535
HPI,E5,E5_Full_Parsimonious_Easy_Panel,SVR_RBF,RAW,20,-0.062099,30.626451,23.141623
HPI,E5,E5_Full_Parsimonious_Easy_Panel,SVR_RBF,RAW,21,-0.144801,34.485389,25.718993
HPI,E5,E5_Full_Parsimonious_Easy_Panel,SVR_RBF,RAW,22,-0.303219,96.559213,59.729214
HPI,E5,E5_Full_Parsimonious_Easy_Panel,SVR_RBF,RAW,23,-0.151213,103.80871,50.419328
HPI,E5,E5_Full_Parsimonious_Easy_Panel,SVR_RBF,RAW,24,-0.166939,29.316026,18.960352
HPI,E5,E5_Full_Parsimonious_Easy_Panel,SVR_RBF,RAW,25,-0.174143,80.114488,50.307749
HPI,E5,E5_Full_Parsimonious_Easy_Panel,SVR_RBF,LOG1P,1,0.088072,28.664012,23.439925
HPI,E5,E5_Full_Parsimonious_Easy_Panel,SVR_RBF,LOG1P,2,-0.476315,142.656175,85.819083
HPI,E5,E5_Full_Parsimonious_Easy_Panel,SVR_RBF,LOG1P,3,-0.069966,30.39217,22.599054
HPI,E5,E5_Full_Parsimonious_Easy_Panel,SVR_RBF,LOG1P,4,-1.079392,21.772698,18.395164
HPI,E5,E5_Full_Parsimonious_Easy_Panel,SVR_RBF,LOG1P,5,-0.672976,85.795499,60.711584
HPI,E5,E5_Full_Parsimonious_Easy_Panel,SVR_RBF,LOG1P,6,-0.302728,35.970971,26.111252
HPI,E5,E5_Full_Parsimonious_Easy_Panel,SVR_RBF,LOG1P,7,-0.240054,93.464558,55.38161
HPI,E5,E5_Full_Parsimonious_Easy_Panel,SVR_RBF,LOG1P,8,-0.64533,43.404659,34.905284
HPI,E5,E5_Full_Parsimonious_Easy_Panel,SVR_RBF,LOG1P,9,-0.355568,33.442725,27.739555
HPI,E5,E5_Full_Parsimonious_Easy_Panel,SVR_RBF,LOG1P,10,-0.255412,129.789492,73.916119
HPI,E5,E5_Full_Parsimonious_Easy_Panel,SVR_RBF,LOG1P,11,-0.255731,91.623334,45.621865
HPI,E5,E5_Full_Parsimonious_Easy_Panel,SVR_RBF,LOG1P,12,-0.153291,39.411795,30.940192
HPI,E5,E5_Full_Parsimonious_Easy_Panel,SVR_RBF,LOG1P,13,-0.152294,76.397048,41.495092
HPI,E5,E5_Full_Parsimonious_Easy_Panel,SVR_RBF,LOG1P,14,-0.247075,110.969385,60.068026
HPI,E5,E5_Full_Parsimonious_Easy_Panel,SVR_RBF,LOG1P,15,-0.162177,35.998903,29.172419
HPI,E5,E5_Full_Parsimonious_Easy_Panel,SVR_RBF,LOG1P,16,0.251103,15.817644,13.655625
HPI,E5,E5_Full_Parsimonious_Easy_Panel,SVR_RBF,LOG1P,17,-0.561059,36.316738,31.460796
HPI,E5,E5_Full_Parsimonious_Easy_Panel,SVR_RBF,LOG1P,18,-0.475976,120.018949,78.70347
HPI,E5,E5_Full_Parsimonious_Easy_Panel,SVR_RBF,LOG1P,19,-0.236385,110.589886,56.912293
HPI,E5,E5_Full_Parsimonious_Easy_Panel,SVR_RBF,LOG1P,20,-0.398711,35.146189,28.055682
HPI,E5,E5_Full_Parsimonious_Easy_Panel,SVR_RBF,LOG1P,21,-0.282171,36.495823,26.089788
HPI,E5,E5_Full_Parsimonious_Easy_Panel,SVR_RBF,LOG1P,22,-0.373549,99.130481,64.53059
HPI,E5,E5_Full_Parsimonious_Easy_Panel,SVR_RBF,LOG1P,23,-0.316297,111.00254,59.986571
HPI,E5,E5_Full_Parsimonious_Easy_Panel,SVR_RBF,LOG1P,24,0.073416,26.123032,16.261242
HPI,E5,E5_Full_Parsimonious_Easy_Panel,SVR_RBF,LOG1P,25,-0.260004,82.992031,50.696302
HPI,E5,E5_Full_Parsimonious_Easy_Panel,PLS,RAW,1,-6.102041,79.992299,63.925028
HPI,E5,E5_Full_Parsimonious_Easy_Panel,PLS,RAW,2,-0.350833,136.458897,90.93717
HPI,E5,E5_Full_Parsimonious_Easy_Panel,PLS,RAW,3,-0.177316,31.880362,26.085451
HPI,E5,E5_Full_Parsimonious_Easy_Panel,PLS,RAW,4,-8.169147,45.72024,42.690523
HPI,E5,E5_Full_Parsimonious_Easy_Panel,PLS,RAW,5,-0.492154,81.026369,55.22022
HPI,E5,E5_Full_Parsimonious_Easy_Panel,PLS,RAW,6,-4.753986,75.597899,57.203786
HPI,E5,E5_Full_Parsimonious_Easy_Panel,PLS,RAW,7,-0.112824,88.540057,58.920496
HPI,E5,E5_Full_Parsimonious_Easy_Panel,PLS,RAW,8,0.026475,33.387469,29.519786
HPI,E5,E5_Full_Parsimonious_Easy_Panel,PLS,RAW,9,-2.045268,50.12493,43.013936
HPI,E5,E5_Full_Parsimonious_Easy_Panel,PLS,RAW,10,-0.070714,119.862453,82.838729
HPI,E5,E5_Full_Parsimonious_Easy_Panel,PLS,RAW,11,-0.080658,84.996644,48.512373
HPI,E5,E5_Full_Parsimonious_Easy_Panel,PLS,RAW,12,-0.435711,43.973422,42.288696
HPI,E5,E5_Full_Parsimonious_Easy_Panel,PLS,RAW,13,-1.053788,101.993555,77.897115
HPI,E5,E5_Full_Parsimonious_Easy_Panel,PLS,RAW,14,-0.03193,100.944369,64.622931
HPI,E5,E5_Full_Parsimonious_Easy_Panel,PLS,RAW,15,-0.173814,36.178672,31.91362
HPI,E5,E5_Full_Parsimonious_Easy_Panel,PLS,RAW,16,-3.744481,39.813014,31.09807
HPI,E5,E5_Full_Parsimonious_Easy_Panel,PLS,RAW,17,-0.761249,38.575138,34.388032
HPI,E5,E5_Full_Parsimonious_Easy_Panel,PLS,RAW,18,-0.299214,112.603142,82.280533
HPI,E5,E5_Full_Parsimonious_Easy_Panel,PLS,RAW,19,-0.005637,99.737662,65.217124
HPI,E5,E5_Full_Parsimonious_Easy_Panel,PLS,RAW,20,-4.123327,67.265168,48.105837
HPI,E5,E5_Full_Parsimonious_Easy_Panel,PLS,RAW,21,-0.11489,34.0319,30.709213
HPI,E5,E5_Full_Parsimonious_Easy_Panel,PLS,RAW,22,-0.161917,91.174343,65.362971
HPI,E5,E5_Full_Parsimonious_Easy_Panel,PLS,RAW,23,-0.044829,98.895937,56.845093
HPI,E5,E5_Full_Parsimonious_Easy_Panel,PLS,RAW,24,-10.418573,91.703731,72.915024
HPI,E5,E5_Full_Parsimonious_Easy_Panel,PLS,RAW,25,-0.272408,83.399561,61.353315
HPI,E5,E5_Full_Parsimonious_Easy_Panel,PLS,LOG1P,1,-0.907697,41.458283,34.976205
HPI,E5,E5_Full_Parsimonious_Easy_Panel,PLS,LOG1P,2,-0.419833,139.900627,87.144532
HPI,E5,E5_Full_Parsimonious_Easy_Panel,PLS,LOG1P,3,-0.10358,30.865875,23.34711
HPI,E5,E5_Full_Parsimonious_Easy_Panel,PLS,LOG1P,4,-1.122847,21.99902,19.365718
HPI,E5,E5_Full_Parsimonious_Easy_Panel,PLS,LOG1P,5,-0.659713,85.454721,59.840265
HPI,E5,E5_Full_Parsimonious_Easy_Panel,PLS,LOG1P,6,-1.276311,47.548971,38.844555
HPI,E5,E5_Full_Parsimonious_Easy_Panel,PLS,LOG1P,7,-0.178015,91.096553,51.049991
HPI,E5,E5_Full_Parsimonious_Easy_Panel,PLS,LOG1P,8,-0.294678,38.502655,26.925915
HPI,E5,E5_Full_Parsimonious_Easy_Panel,PLS,LOG1P,9,-0.461687,34.727078,29.172939
HPI,E5,E5_Full_Parsimonious_Easy_Panel,PLS,LOG1P,10,-0.152418,124.351608,71.279026
HPI,E5,E5_Full_Parsimonious_Easy_Panel,PLS,LOG1P,11,-0.204461,89.733398,44.536601
HPI,E5,E5_Full_Parsimonious_Easy_Panel,PLS,LOG1P,12,-0.193018,40.084847,33.154518
HPI,E5,E5_Full_Parsimonious_Easy_Panel,PLS,LOG1P,13,-0.161903,76.714938,47.750645
HPI,E5,E5_Full_Parsimonious_Easy_Panel,PLS,LOG1P,14,-0.133874,105.813096,57.379245
HPI,E5,E5_Full_Parsimonious_Easy_Panel,PLS,LOG1P,15,-0.204578,36.649711,29.46388
HPI,E5,E5_Full_Parsimonious_Easy_Panel,PLS,LOG1P,16,0.023004,18.066631,15.408049
HPI,E5,E5_Full_Parsimonious_Easy_Panel,PLS,LOG1P,17,-0.254097,32.550872,27.745906
HPI,E5,E5_Full_Parsimonious_Easy_Panel,PLS,LOG1P,18,-0.477927,120.098245,78.682402
HPI,E5,E5_Full_Parsimonious_Easy_Panel,PLS,LOG1P,19,-0.105597,104.577191,55.495445
HPI,E5,E5_Full_Parsimonious_Easy_Panel,PLS,LOG1P,20,-0.382995,34.948175,30.894161
HPI,E5,E5_Full_Parsimonious_Easy_Panel,PLS,LOG1P,21,-0.17994,35.010655,25.978482
HPI,E5,E5_Full_Parsimonious_Easy_Panel,PLS,LOG1P,22,-0.309888,96.805994,62.892499
HPI,E5,E5_Full_Parsimonious_Easy_Panel,PLS,LOG1P,23,-0.163519,104.362072,51.042526
HPI,E5,E5_Full_Parsimonious_Easy_Panel,PLS,LOG1P,24,-1.365823,41.741899,34.398713
HPI,E5,E5_Full_Parsimonious_Easy_Panel,PLS,LOG1P,25,-0.053467,75.885878,47.84747
HPI,E5,E5_Full_Parsimonious_Easy_Panel,Lasso,RAW,1,-7.435027,87.176581,64.987462
HPI,E5,E5_Full_Parsimonious_Easy_Panel,Lasso,RAW,2,-0.475528,142.618145,94.451825
HPI,E5,E5_Full_Parsimonious_Easy_Panel,Lasso,RAW,3,-0.943684,40.962788,33.884791
HPI,E5,E5_Full_Parsimonious_Easy_Panel,Lasso,RAW,4,-9.125492,48.045431,45.449525
HPI,E5,E5_Full_Parsimonious_Easy_Panel,Lasso,RAW,5,-0.667769,85.661879,64.926967
HPI,E5,E5_Full_Parsimonious_Easy_Panel,Lasso,RAW,6,-6.252773,84.874528,59.138754
HPI,E5,E5_Full_Parsimonious_Easy_Panel,Lasso,RAW,7,-0.118651,88.771585,61.273353
HPI,E5,E5_Full_Parsimonious_Easy_Panel,Lasso,RAW,8,-0.104648,35.564914,31.455649
HPI,E5,E5_Full_Parsimonious_Easy_Panel,Lasso,RAW,9,-3.832112,63.140723,55.01913
HPI,E5,E5_Full_Parsimonious_Easy_Panel,Lasso,RAW,10,-0.070977,119.877182,82.460798
HPI,E5,E5_Full_Parsimonious_Easy_Panel,Lasso,RAW,11,-0.071899,84.651484,53.433753
HPI,E5,E5_Full_Parsimonious_Easy_Panel,Lasso,RAW,12,-0.55619,45.781296,42.518538
HPI,E5,E5_Full_Parsimonious_Easy_Panel,Lasso,RAW,13,-2.69379,136.782655,94.221202
HPI,E5,E5_Full_Parsimonious_Easy_Panel,Lasso,RAW,14,-0.018398,100.280341,68.981529
HPI,E5,E5_Full_Parsimonious_Easy_Panel,Lasso,RAW,15,-0.556549,41.661459,33.324832
HPI,E5,E5_Full_Parsimonious_Easy_Panel,Lasso,RAW,16,-7.931392,54.624852,44.616533
HPI,E5,E5_Full_Parsimonious_Easy_Panel,Lasso,RAW,17,-0.820934,39.223313,33.82232
HPI,E5,E5_Full_Parsimonious_Easy_Panel,Lasso,RAW,18,-0.360845,115.243018,82.504478
HPI,E5,E5_Full_Parsimonious_Easy_Panel,Lasso,RAW,19,-0.00804,99.856747,65.604509
HPI,E5,E5_Full_Parsimonious_Easy_Panel,Lasso,RAW,20,-8.042072,89.361028,58.770428
HPI,E5,E5_Full_Parsimonious_Easy_Panel,Lasso,RAW,21,-0.973966,45.283499,38.068296
HPI,E5,E5_Full_Parsimonious_Easy_Panel,Lasso,RAW,22,-0.164695,91.283284,66.518988
HPI,E5,E5_Full_Parsimonious_Easy_Panel,Lasso,RAW,23,-0.158695,104.145516,61.15224
HPI,E5,E5_Full_Parsimonious_Easy_Panel,Lasso,RAW,24,-17.935986,118.093245,82.526124
HPI,E5,E5_Full_Parsimonious_Easy_Panel,Lasso,RAW,25,-0.373194,86.639611,65.467526
HPI,E5,E5_Full_Parsimonious_Easy_Panel,Lasso,LOG1P,1,-0.454038,36.194655,33.024245
HPI,E5,E5_Full_Parsimonious_Easy_Panel,Lasso,LOG1P,2,-0.364091,137.126903,84.306828
HPI,E5,E5_Full_Parsimonious_Easy_Panel,Lasso,LOG1P,3,-0.070584,30.400942,24.232221
HPI,E5,E5_Full_Parsimonious_Easy_Panel,Lasso,LOG1P,4,-0.332872,17.431641,16.067345
HPI,E5,E5_Full_Parsimonious_Easy_Panel,Lasso,LOG1P,5,-0.714628,86.85695,60.394074
HPI,E5,E5_Full_Parsimonious_Easy_Panel,Lasso,LOG1P,6,-2.634412,60.081726,44.639888
HPI,E5,E5_Full_Parsimonious_Easy_Panel,Lasso,LOG1P,7,-0.136444,89.474777,50.043504
HPI,E5,E5_Full_Parsimonious_Easy_Panel,Lasso,LOG1P,8,-0.452554,40.782702,28.876447
HPI,E5,E5_Full_Parsimonious_Easy_Panel,Lasso,LOG1P,9,-0.356956,33.45984,27.118498
HPI,E5,E5_Full_Parsimonious_Easy_Panel,Lasso,LOG1P,10,-0.1603,124.776134,74.105458
HPI,E5,E5_Full_Parsimonious_Easy_Panel,Lasso,LOG1P,11,-0.171228,88.486784,43.992962
HPI,E5,E5_Full_Parsimonious_Easy_Panel,Lasso,LOG1P,12,-0.099491,38.481555,31.420312
HPI,E5,E5_Full_Parsimonious_Easy_Panel,Lasso,LOG1P,13,-0.279659,80.508556,49.156603
HPI,E5,E5_Full_Parsimonious_Easy_Panel,Lasso,LOG1P,14,-0.12038,105.181572,59.437367
HPI,E5,E5_Full_Parsimonious_Easy_Panel,Lasso,LOG1P,15,-0.196788,36.531017,29.234824
HPI,E5,E5_Full_Parsimonious_Easy_Panel,Lasso,LOG1P,16,0.087063,17.4643,14.961633
HPI,E5,E5_Full_Parsimonious_Easy_Panel,Lasso,LOG1P,17,-0.117953,30.733284,26.238231
HPI,E5,E5_Full_Parsimonious_Easy_Panel,Lasso,LOG1P,18,-0.494612,120.774298,80.810701
HPI,E5,E5_Full_Parsimonious_Easy_Panel,Lasso,LOG1P,19,-0.087482,103.716893,56.39964
HPI,E5,E5_Full_Parsimonious_Easy_Panel,Lasso,LOG1P,20,-1.500557,46.992937,37.325188
HPI,E5,E5_Full_Parsimonious_Easy_Panel,Lasso,LOG1P,21,-0.159948,34.712785,26.286776
HPI,E5,E5_Full_Parsimonious_Easy_Panel,Lasso,LOG1P,22,-0.272192,95.402883,59.884308
HPI,E5,E5_Full_Parsimonious_Easy_Panel,Lasso,LOG1P,23,-0.104017,101.658525,49.567471
HPI,E5,E5_Full_Parsimonious_Easy_Panel,Lasso,LOG1P,24,-4.440659,63.300457,40.294929
HPI,E5,E5_Full_Parsimonious_Easy_Panel,Lasso,LOG1P,25,-0.079906,76.832236,49.022331
HPI,E5,E5_Full_Parsimonious_Easy_Panel,Ridge,RAW,1,-6.207829,80.585859,62.403804
HPI,E5,E5_Full_Parsimonious_Easy_Panel,Ridge,RAW,2,-0.429435,140.372896,92.996064
HPI,E5,E5_Full_Parsimonious_Easy_Panel,Ridge,RAW,3,-0.686161,38.152782,31.646907
HPI,E5,E5_Full_Parsimonious_Easy_Panel,Ridge,RAW,4,-8.41238,46.322689,44.04583
HPI,E5,E5_Full_Parsimonious_Easy_Panel,Ridge,RAW,5,-0.567691,83.051944,61.019026
HPI,E5,E5_Full_Parsimonious_Easy_Panel,Ridge,RAW,6,-5.107435,77.885167,56.633284
HPI,E5,E5_Full_Parsimonious_Easy_Panel,Ridge,RAW,7,-0.098995,87.988199,59.248949
HPI,E5,E5_Full_Parsimonious_Easy_Panel,Ridge,RAW,8,-0.052024,34.707441,30.619362
HPI,E5,E5_Full_Parsimonious_Easy_Panel,Ridge,RAW,9,-2.80235,56.010194,49.37939
HPI,E5,E5_Full_Parsimonious_Easy_Panel,Ridge,RAW,10,-0.075313,120.11961,82.261828
HPI,E5,E5_Full_Parsimonious_Easy_Panel,Ridge,RAW,11,-0.062464,84.278134,51.82744
HPI,E5,E5_Full_Parsimonious_Easy_Panel,Ridge,RAW,12,-0.506589,45.045789,42.400824
HPI,E5,E5_Full_Parsimonious_Easy_Panel,Ridge,RAW,13,-1.644983,115.746098,84.01646
HPI,E5,E5_Full_Parsimonious_Easy_Panel,Ridge,RAW,14,-0.01726,100.224279,67.842731
HPI,E5,E5_Full_Parsimonious_Easy_Panel,Ridge,RAW,15,-0.31118,38.237033,32.57937
HPI,E5,E5_Full_Parsimonious_Easy_Panel,Ridge,RAW,16,-6.046125,48.518333,38.763531
HPI,E5,E5_Full_Parsimonious_Easy_Panel,Ridge,RAW,17,-0.737424,38.313338,33.585968
HPI,E5,E5_Full_Parsimonious_Easy_Panel,Ridge,RAW,18,-0.320756,113.53284,83.132344
HPI,E5,E5_Full_Parsimonious_Easy_Panel,Ridge,RAW,19,-0.005784,99.744933,65.59089
HPI,E5,E5_Full_Parsimonious_Easy_Panel,Ridge,RAW,20,-5.815625,77.583084,53.469436
HPI,E5,E5_Full_Parsimonious_Easy_Panel,Ridge,RAW,21,-0.637697,41.246491,36.124414
HPI,E5,E5_Full_Parsimonious_Easy_Panel,Ridge,RAW,22,-0.153803,90.855454,66.187149
HPI,E5,E5_Full_Parsimonious_Easy_Panel,Ridge,RAW,23,-0.100524,101.49759,58.937294
HPI,E5,E5_Full_Parsimonious_Easy_Panel,Ridge,RAW,24,-14.215956,105.859715,77.552727
HPI,E5,E5_Full_Parsimonious_Easy_Panel,Ridge,RAW,25,-0.303628,84.416492,63.138592
HPI,E5,E5_Full_Parsimonious_Easy_Panel,Ridge,LOG1P,1,-7.433376,87.168048,53.799489
HPI,E5,E5_Full_Parsimonious_Easy_Panel,Ridge,LOG1P,2,-0.469472,142.325181,88.758372
HPI,E5,E5_Full_Parsimonious_Easy_Panel,Ridge,LOG1P,3,-0.119473,31.087328,23.601333
HPI,E5,E5_Full_Parsimonious_Easy_Panel,Ridge,LOG1P,4,-1.271982,22.758649,19.693205
HPI,E5,E5_Full_Parsimonious_Easy_Panel,Ridge,LOG1P,5,-0.694706,86.350878,60.50939
HPI,E5,E5_Full_Parsimonious_Easy_Panel,Ridge,LOG1P,6,-9.595114,102.583653,62.002063
HPI,E5,E5_Full_Parsimonious_Easy_Panel,Ridge,LOG1P,7,-0.208915,92.283581,55.319763
HPI,E5,E5_Full_Parsimonious_Easy_Panel,Ridge,LOG1P,8,-0.293964,38.492048,26.978762
HPI,E5,E5_Full_Parsimonious_Easy_Panel,Ridge,LOG1P,9,-0.755127,38.053562,31.416872
HPI,E5,E5_Full_Parsimonious_Easy_Panel,Ridge,LOG1P,10,-0.186756,126.190665,70.616716
HPI,E5,E5_Full_Parsimonious_Easy_Panel,Ridge,LOG1P,11,-0.202612,89.664504,44.038609
HPI,E5,E5_Full_Parsimonious_Easy_Panel,Ridge,LOG1P,12,-0.165495,39.619773,32.29569
HPI,E5,E5_Full_Parsimonious_Easy_Panel,Ridge,LOG1P,13,-4.447166,166.10405,94.899773
HPI,E5,E5_Full_Parsimonious_Easy_Panel,Ridge,LOG1P,14,-0.13739,105.977005,57.600849
HPI,E5,E5_Full_Parsimonious_Easy_Panel,Ridge,LOG1P,15,-0.187985,36.39641,29.364137
HPI,E5,E5_Full_Parsimonious_Easy_Panel,Ridge,LOG1P,16,-0.27188,20.613595,17.85524
HPI,E5,E5_Full_Parsimonious_Easy_Panel,Ridge,LOG1P,17,-0.189445,31.700734,27.41843
HPI,E5,E5_Full_Parsimonious_Easy_Panel,Ridge,LOG1P,18,-0.489683,120.574978,78.865501
HPI,E5,E5_Full_Parsimonious_Easy_Panel,Ridge,LOG1P,19,-0.134033,105.913519,55.339473
HPI,E5,E5_Full_Parsimonious_Easy_Panel,Ridge,LOG1P,20,-9.715393,97.278807,59.997773
HPI,E5,E5_Full_Parsimonious_Easy_Panel,Ridge,LOG1P,21,-0.233526,35.796806,26.182152
HPI,E5,E5_Full_Parsimonious_Easy_Panel,Ridge,LOG1P,22,-0.302146,96.519468,63.06176
HPI,E5,E5_Full_Parsimonious_Easy_Panel,Ridge,LOG1P,23,-0.220424,106.883657,53.629931
HPI,E5,E5_Full_Parsimonious_Easy_Panel,Ridge,LOG1P,24,-57.068506,206.800421,99.885533
HPI,E5,E5_Full_Parsimonious_Easy_Panel,Ridge,LOG1P,25,-0.079147,76.805224,49.267312
HPI,E5,E5_Full_Parsimonious_Easy_Panel,ElasticNet,RAW,1,-5.875862,78.708235,61.690679
HPI,E5,E5_Full_Parsimonious_Easy_Panel,ElasticNet,RAW,2,-0.406291,139.231849,92.346064
HPI,E5,E5_Full_Parsimonious_Easy_Panel,ElasticNet,RAW,3,-0.58719,37.016141,30.65385
HPI,E5,E5_Full_Parsimonious_Easy_Panel,ElasticNet,RAW,4,-8.146096,45.662735,43.542952
HPI,E5,E5_Full_Parsimonious_Easy_Panel,ElasticNet,RAW,5,-0.532707,82.12003,59.542518
HPI,E5,E5_Full_Parsimonious_Easy_Panel,ElasticNet,RAW,6,-4.751044,75.578568,55.810918
HPI,E5,E5_Full_Parsimonious_Easy_Panel,ElasticNet,RAW,7,-0.096375,87.883271,58.921884
HPI,E5,E5_Full_Parsimonious_Easy_Panel,ElasticNet,RAW,8,-0.026415,34.282406,30.19158
HPI,E5,E5_Full_Parsimonious_Easy_Panel,ElasticNet,RAW,9,-2.487431,53.640628,47.19855
HPI,E5,E5_Full_Parsimonious_Easy_Panel,ElasticNet,RAW,10,-0.072675,119.972139,82.455741
HPI,E5,E5_Full_Parsimonious_Easy_Panel,ElasticNet,RAW,11,-0.059763,84.170916,51.043555
HPI,E5,E5_Full_Parsimonious_Easy_Panel,ElasticNet,RAW,12,-0.482484,44.683981,42.312631
HPI,E5,E5_Full_Parsimonious_Easy_Panel,ElasticNet,RAW,13,-1.406208,110.398071,80.834902
HPI,E5,E5_Full_Parsimonious_Easy_Panel,ElasticNet,RAW,14,-0.020678,100.392534,67.236146
HPI,E5,E5_Full_Parsimonious_Easy_Panel,ElasticNet,RAW,15,-0.246347,37.279716,32.399572
HPI,E5,E5_Full_Parsimonious_Easy_Panel,ElasticNet,RAW,16,-5.340491,46.024824,36.212346
HPI,E5,E5_Full_Parsimonious_Easy_Panel,ElasticNet,RAW,17,-0.703771,37.940478,33.391274
HPI,E5,E5_Full_Parsimonious_Easy_Panel,ElasticNet,RAW,18,-0.311748,113.145017,82.885954
HPI,E5,E5_Full_Parsimonious_Easy_Panel,ElasticNet,RAW,19,-0.003352,99.624257,65.589802
HPI,E5,E5_Full_Parsimonious_Easy_Panel,ElasticNet,RAW,20,-5.161655,73.767127,51.847287
HPI,E5,E5_Full_Parsimonious_Easy_Panel,ElasticNet,RAW,21,-0.512807,39.642586,35.264386
HPI,E5,E5_Full_Parsimonious_Easy_Panel,ElasticNet,RAW,22,-0.149729,90.694874,65.884149
HPI,E5,E5_Full_Parsimonious_Easy_Panel,ElasticNet,RAW,23,-0.080921,100.589534,58.298435
HPI,E5,E5_Full_Parsimonious_Easy_Panel,ElasticNet,RAW,24,-12.970537,101.434956,75.870068
HPI,E5,E5_Full_Parsimonious_Easy_Panel,ElasticNet,RAW,25,-0.274948,83.482742,62.096245
HPI,E5,E5_Full_Parsimonious_Easy_Panel,ElasticNet,LOG1P,1,-1.264644,45.170668,37.449892
HPI,E5,E5_Full_Parsimonious_Easy_Panel,ElasticNet,LOG1P,2,-0.392127,138.528931,85.628096
HPI,E5,E5_Full_Parsimonious_Easy_Panel,ElasticNet,LOG1P,3,-0.08849,30.654117,24.140643
HPI,E5,E5_Full_Parsimonious_Easy_Panel,ElasticNet,LOG1P,4,-0.445876,18.155558,16.395259
HPI,E5,E5_Full_Parsimonious_Easy_Panel,ElasticNet,LOG1P,5,-0.698726,86.453238,60.376058
HPI,E5,E5_Full_Parsimonious_Easy_Panel,ElasticNet,LOG1P,6,-3.042609,63.365989,46.324314
HPI,E5,E5_Full_Parsimonious_Easy_Panel,ElasticNet,LOG1P,7,-0.149227,89.976604,50.10965
HPI,E5,E5_Full_Parsimonious_Easy_Panel,ElasticNet,LOG1P,8,-0.383049,39.795016,27.724823
HPI,E5,E5_Full_Parsimonious_Easy_Panel,ElasticNet,LOG1P,9,-0.481517,34.961847,28.795418
HPI,E5,E5_Full_Parsimonious_Easy_Panel,ElasticNet,LOG1P,10,-0.149752,124.207717,73.068058
HPI,E5,E5_Full_Parsimonious_Easy_Panel,ElasticNet,LOG1P,11,-0.185785,89.034967,44.408973
HPI,E5,E5_Full_Parsimonious_Easy_Panel,ElasticNet,LOG1P,12,-0.127509,38.968775,31.440978
HPI,E5,E5_Full_Parsimonious_Easy_Panel,ElasticNet,LOG1P,13,-0.533974,88.146252,56.339559
HPI,E5,E5_Full_Parsimonious_Easy_Panel,ElasticNet,LOG1P,14,-0.116404,104.994786,58.946342
HPI,E5,E5_Full_Parsimonious_Easy_Panel,ElasticNet,LOG1P,15,-0.221614,36.907955,29.244296
HPI,E5,E5_Full_Parsimonious_Easy_Panel,ElasticNet,LOG1P,16,0.074128,17.587581,14.970178
HPI,E5,E5_Full_Parsimonious_Easy_Panel,ElasticNet,LOG1P,17,-0.115194,30.695328,26.562462
HPI,E5,E5_Full_Parsimonious_Easy_Panel,ElasticNet,LOG1P,18,-0.488341,120.520629,80.012581
HPI,E5,E5_Full_Parsimonious_Easy_Panel,ElasticNet,LOG1P,19,-0.096638,104.152604,56.043306
HPI,E5,E5_Full_Parsimonious_Easy_Panel,ElasticNet,LOG1P,20,-1.598439,47.903852,38.554783
HPI,E5,E5_Full_Parsimonious_Easy_Panel,ElasticNet,LOG1P,21,-0.187205,35.11827,26.17729
HPI,E5,E5_Full_Parsimonious_Easy_Panel,ElasticNet,LOG1P,22,-0.286274,95.92943,61.519332
HPI,E5,E5_Full_Parsimonious_Easy_Panel,ElasticNet,LOG1P,23,-0.1254,102.638275,50.127323
HPI,E5,E5_Full_Parsimonious_Easy_Panel,ElasticNet,LOG1P,24,-6.971989,76.623931,47.954615
HPI,E5,E5_Full_Parsimonious_Easy_Panel,ElasticNet,LOG1P,25,-0.062399,76.206899,48.423956
HEI,E1,E1_Min2_FieldOnly,SVR_RBF,RAW,1,-0.230213,7.509205,6.31879
HEI,E1,E1_Min2_FieldOnly,SVR_RBF,RAW,2,-0.275797,35.914659,18.908866
HEI,E1,E1_Min2_FieldOnly,SVR_RBF,RAW,3,0.060068,8.392069,6.575281
HEI,E1,E1_Min2_FieldOnly,SVR_RBF,RAW,4,-2.102493,3.844937,3.246654
HEI,E1,E1_Min2_FieldOnly,SVR_RBF,RAW,5,-1.474846,18.333231,14.511492
HEI,E1,E1_Min2_FieldOnly,SVR_RBF,RAW,6,-0.118597,7.563906,6.089129
HEI,E1,E1_Min2_FieldOnly,SVR_RBF,RAW,7,-0.077243,20.285934,11.133084
HEI,E1,E1_Min2_FieldOnly,SVR_RBF,RAW,8,-0.401261,8.163959,5.974417
HEI,E1,E1_Min2_FieldOnly,SVR_RBF,RAW,9,-0.189952,13.610329,9.470426
HEI,E1,E1_Min2_FieldOnly,SVR_RBF,RAW,10,-0.17106,31.412454,15.993445
HEI,E1,E1_Min2_FieldOnly,SVR_RBF,RAW,11,-0.30495,21.62551,11.988411
HEI,E1,E1_Min2_FieldOnly,SVR_RBF,RAW,12,-0.011285,6.199541,4.877473
HEI,E1,E1_Min2_FieldOnly,SVR_RBF,RAW,13,-0.067332,11.895666,7.004464
HEI,E1,E1_Min2_FieldOnly,SVR_RBF,RAW,14,-0.159009,30.428216,16.264962
HEI,E1,E1_Min2_FieldOnly,SVR_RBF,RAW,15,-0.432558,13.37279,9.301522
HEI,E1,E1_Min2_FieldOnly,SVR_RBF,RAW,16,0.066762,6.744508,4.527578
HEI,E1,E1_Min2_FieldOnly,SVR_RBF,RAW,17,-0.68934,8.563388,7.081358
HEI,E1,E1_Min2_FieldOnly,SVR_RBF,RAW,18,-0.68954,26.339667,18.496175
HEI,E1,E1_Min2_FieldOnly,SVR_RBF,RAW,19,-0.083051,29.938567,15.350807
HEI,E1,E1_Min2_FieldOnly,SVR_RBF,RAW,20,0.050186,4.176865,3.355378
HEI,E1,E1_Min2_FieldOnly,SVR_RBF,RAW,21,-0.582061,14.370495,9.868132
HEI,E1,E1_Min2_FieldOnly,SVR_RBF,RAW,22,-0.089502,20.49179,11.117686
HEI,E1,E1_Min2_FieldOnly,SVR_RBF,RAW,23,-0.154792,30.298641,15.085851
HEI,E1,E1_Min2_FieldOnly,SVR_RBF,RAW,24,0.125362,5.557011,4.344715
HEI,E1,E1_Min2_FieldOnly,SVR_RBF,RAW,25,-0.282807,13.2084,10.148962
HEI,E1,E1_Min2_FieldOnly,SVR_RBF,LOG1P,1,-1.025144,9.634558,8.451895
HEI,E1,E1_Min2_FieldOnly,SVR_RBF,LOG1P,2,-0.278404,35.95133,18.468284
HEI,E1,E1_Min2_FieldOnly,SVR_RBF,LOG1P,3,0.14063,8.02437,5.835174
HEI,E1,E1_Min2_FieldOnly,SVR_RBF,LOG1P,4,-7.005129,6.176152,5.336769
HEI,E1,E1_Min2_FieldOnly,SVR_RBF,LOG1P,5,-1.522738,18.509768,14.689814
HEI,E1,E1_Min2_FieldOnly,SVR_RBF,LOG1P,6,-0.244941,7.979646,6.746148
HEI,E1,E1_Min2_FieldOnly,SVR_RBF,LOG1P,7,-0.087044,20.378006,12.90192
HEI,E1,E1_Min2_FieldOnly,SVR_RBF,LOG1P,8,-0.431461,8.251465,5.922484
HEI,E1,E1_Min2_FieldOnly,SVR_RBF,LOG1P,9,-0.23877,13.886704,9.276071
HEI,E1,E1_Min2_FieldOnly,SVR_RBF,LOG1P,10,-0.210602,31.938395,16.40427
HEI,E1,E1_Min2_FieldOnly,SVR_RBF,LOG1P,11,-0.228803,20.985074,11.995351
HEI,E1,E1_Min2_FieldOnly,SVR_RBF,LOG1P,12,-0.727623,8.103026,7.001339
HEI,E1,E1_Min2_FieldOnly,SVR_RBF,LOG1P,13,-0.019431,11.625664,6.547672
HEI,E1,E1_Min2_FieldOnly,SVR_RBF,LOG1P,14,-0.194139,30.885925,16.856777
HEI,E1,E1_Min2_FieldOnly,SVR_RBF,LOG1P,15,-0.436231,13.389924,8.989653
HEI,E1,E1_Min2_FieldOnly,SVR_RBF,LOG1P,16,0.003373,6.969799,4.586014
HEI,E1,E1_Min2_FieldOnly,SVR_RBF,LOG1P,17,-0.812045,8.868938,6.905581
HEI,E1,E1_Min2_FieldOnly,SVR_RBF,LOG1P,18,-0.593511,25.580176,18.177276
HEI,E1,E1_Min2_FieldOnly,SVR_RBF,LOG1P,19,-0.208998,31.63147,17.684361
HEI,E1,E1_Min2_FieldOnly,SVR_RBF,LOG1P,20,-0.437041,5.137663,4.042419
HEI,E1,E1_Min2_FieldOnly,SVR_RBF,LOG1P,21,-0.64161,14.638453,10.110475
HEI,E1,E1_Min2_FieldOnly,SVR_RBF,LOG1P,22,-0.083257,20.432977,10.771412
HEI,E1,E1_Min2_FieldOnly,SVR_RBF,LOG1P,23,-0.344331,32.690706,20.216263
HEI,E1,E1_Min2_FieldOnly,SVR_RBF,LOG1P,24,-0.094831,6.217284,5.329346
HEI,E1,E1_Min2_FieldOnly,SVR_RBF,LOG1P,25,-0.334246,13.470618,10.147529
HEI,E1,E1_Min2_FieldOnly,PLS,RAW,1,-1.348082,10.374341,9.373423
HEI,E1,E1_Min2_FieldOnly,PLS,RAW,2,-0.165086,34.321003,20.23895
HEI,E1,E1_Min2_FieldOnly,PLS,RAW,3,-0.106898,9.106985,8.488553
HEI,E1,E1_Min2_FieldOnly,PLS,RAW,4,-27.741329,11.702732,10.849012
HEI,E1,E1_Min2_FieldOnly,PLS,RAW,5,-0.746822,15.402429,11.623986
HEI,E1,E1_Min2_FieldOnly,PLS,RAW,6,-0.353919,8.321576,7.705954
HEI,E1,E1_Min2_FieldOnly,PLS,RAW,7,-0.039059,19.923166,13.862129
HEI,E1,E1_Min2_FieldOnly,PLS,RAW,8,-0.296571,7.85307,6.602083
HEI,E1,E1_Min2_FieldOnly,PLS,RAW,9,-0.325718,14.365787,12.109612
HEI,E1,E1_Min2_FieldOnly,PLS,RAW,10,-0.08542,30.242057,18.37042
HEI,E1,E1_Min2_FieldOnly,PLS,RAW,11,-0.09695,19.827265,11.512005
HEI,E1,E1_Min2_FieldOnly,PLS,RAW,12,-1.600068,9.940656,9.530408
HEI,E1,E1_Min2_FieldOnly,PLS,RAW,13,-0.17256,12.468276,10.031755
HEI,E1,E1_Min2_FieldOnly,PLS,RAW,14,-0.072542,29.271185,18.146811
HEI,E1,E1_Min2_FieldOnly,PLS,RAW,15,-0.088946,11.659209,8.530095
HEI,E1,E1_Min2_FieldOnly,PLS,RAW,16,-0.836501,9.461273,8.526598
HEI,E1,E1_Min2_FieldOnly,PLS,RAW,17,-0.36813,7.706386,6.400712
HEI,E1,E1_Min2_FieldOnly,PLS,RAW,18,-0.411662,24.076397,17.531968
HEI,E1,E1_Min2_FieldOnly,PLS,RAW,19,-0.00843,28.888803,17.731663
HEI,E1,E1_Min2_FieldOnly,PLS,RAW,20,-3.961907,9.546746,8.641633
HEI,E1,E1_Min2_FieldOnly,PLS,RAW,21,-0.06369,11.78332,8.468217
HEI,E1,E1_Min2_FieldOnly,PLS,RAW,22,-0.034635,19.969141,14.273203
HEI,E1,E1_Min2_FieldOnly,PLS,RAW,23,-0.033252,28.659872,15.082657
HEI,E1,E1_Min2_FieldOnly,PLS,RAW,24,-3.619604,12.771134,12.067513
HEI,E1,E1_Min2_FieldOnly,PLS,RAW,25,-0.186771,12.704368,10.060206
HEI,E1,E1_Min2_FieldOnly,PLS,LOG1P,1,0.072685,6.519548,5.891797
HEI,E1,E1_Min2_FieldOnly,PLS,LOG1P,2,-0.263044,35.734704,19.407366
HEI,E1,E1_Min2_FieldOnly,PLS,LOG1P,3,-0.1761,9.38735,7.678334
HEI,E1,E1_Min2_FieldOnly,PLS,LOG1P,4,-6.671745,6.046178,5.60587
HEI,E1,E1_Min2_FieldOnly,PLS,LOG1P,5,-1.419884,18.128515,14.317863
HEI,E1,E1_Min2_FieldOnly,PLS,LOG1P,6,-0.298073,8.148147,7.054076
HEI,E1,E1_Min2_FieldOnly,PLS,LOG1P,7,-0.144492,20.909543,11.840954
HEI,E1,E1_Min2_FieldOnly,PLS,LOG1P,8,-0.071597,7.139324,5.493557
HEI,E1,E1_Min2_FieldOnly,PLS,LOG1P,9,-0.258384,13.996212,10.112907
HEI,E1,E1_Min2_FieldOnly,PLS,LOG1P,10,-0.163581,31.311991,15.539542
HEI,E1,E1_Min2_FieldOnly,PLS,LOG1P,11,-0.327192,21.809028,12.16588
HEI,E1,E1_Min2_FieldOnly,PLS,LOG1P,12,-0.243494,6.874553,6.072811
HEI,E1,E1_Min2_FieldOnly,PLS,LOG1P,13,-0.058855,11.848333,7.807598
HEI,E1,E1_Min2_FieldOnly,PLS,LOG1P,14,-0.14243,30.2098,15.530035
HEI,E1,E1_Min2_FieldOnly,PLS,LOG1P,15,-0.405871,13.247645,9.184914
HEI,E1,E1_Min2_FieldOnly,PLS,LOG1P,16,-0.201318,7.652143,5.949086
HEI,E1,E1_Min2_FieldOnly,PLS,LOG1P,17,-0.26921,7.422563,6.356617
HEI,E1,E1_Min2_FieldOnly,PLS,LOG1P,18,-0.722673,26.596686,18.510008
HEI,E1,E1_Min2_FieldOnly,PLS,LOG1P,19,-0.068324,29.734324,15.341782
HEI,E1,E1_Min2_FieldOnly,PLS,LOG1P,20,-0.510389,5.267148,4.827224
HEI,E1,E1_Min2_FieldOnly,PLS,LOG1P,21,-0.654239,14.694651,10.260097
HEI,E1,E1_Min2_FieldOnly,PLS,LOG1P,22,-0.152613,21.076942,11.668934
HEI,E1,E1_Min2_FieldOnly,PLS,LOG1P,23,-0.12534,29.909769,14.209143
HEI,E1,E1_Min2_FieldOnly,PLS,LOG1P,24,-0.900067,8.19052,7.683415
HEI,E1,E1_Min2_FieldOnly,PLS,LOG1P,25,-0.074227,12.086973,9.029188
HEI,E1,E1_Min2_FieldOnly,Lasso,RAW,1,-1.336599,10.348942,9.32824
HEI,E1,E1_Min2_FieldOnly,Lasso,RAW,2,-0.166926,34.348093,20.236193
HEI,E1,E1_Min2_FieldOnly,Lasso,RAW,3,-0.142198,9.251062,8.63224
HEI,E1,E1_Min2_FieldOnly,Lasso,RAW,4,-27.157495,11.583261,10.803788
HEI,E1,E1_Min2_FieldOnly,Lasso,RAW,5,-0.744619,15.392717,11.585363
HEI,E1,E1_Min2_FieldOnly,Lasso,RAW,6,-0.349421,8.307741,7.675866
HEI,E1,E1_Min2_FieldOnly,Lasso,RAW,7,-0.038115,19.914115,13.869092
HEI,E1,E1_Min2_FieldOnly,Lasso,RAW,8,-0.289959,7.833021,6.557381
HEI,E1,E1_Min2_FieldOnly,Lasso,RAW,9,-0.310849,14.284998,12.07611
HEI,E1,E1_Min2_FieldOnly,Lasso,RAW,10,-0.084727,30.232396,18.347202
HEI,E1,E1_Min2_FieldOnly,Lasso,RAW,11,-0.092773,19.789474,11.508887
HEI,E1,E1_Min2_FieldOnly,Lasso,RAW,12,-1.597601,9.935938,9.523974
HEI,E1,E1_Min2_FieldOnly,Lasso,RAW,13,-0.168588,12.447142,10.015821
HEI,E1,E1_Min2_FieldOnly,Lasso,RAW,14,-0.070677,29.245724,18.048796
HEI,E1,E1_Min2_FieldOnly,Lasso,RAW,15,-0.081269,11.618039,8.52346
HEI,E1,E1_Min2_FieldOnly,Lasso,RAW,16,-0.812835,9.400114,8.538037
HEI,E1,E1_Min2_FieldOnly,Lasso,RAW,17,-0.350183,7.655672,6.324608
HEI,E1,E1_Min2_FieldOnly,Lasso,RAW,18,-0.410723,24.068384,17.485932
HEI,E1,E1_Min2_FieldOnly,Lasso,RAW,19,-0.010825,28.923083,17.735681
HEI,E1,E1_Min2_FieldOnly,Lasso,RAW,20,-3.927401,9.513494,8.631637
HEI,E1,E1_Min2_FieldOnly,Lasso,RAW,21,-0.054966,11.7349,8.54795
HEI,E1,E1_Min2_FieldOnly,Lasso,RAW,22,-0.03244,19.947952,14.254908
HEI,E1,E1_Min2_FieldOnly,Lasso,RAW,23,-0.033658,28.665513,15.114761
HEI,E1,E1_Min2_FieldOnly,Lasso,RAW,24,-3.505547,12.612491,11.948409
HEI,E1,E1_Min2_FieldOnly,Lasso,RAW,25,-0.185341,12.696707,10.094771
HEI,E1,E1_Min2_FieldOnly,Lasso,LOG1P,1,0.022681,6.693018,5.956616
HEI,E1,E1_Min2_FieldOnly,Lasso,LOG1P,2,-0.277687,35.94125,19.243708
HEI,E1,E1_Min2_FieldOnly,Lasso,LOG1P,3,-0.068531,8.94776,7.512723
HEI,E1,E1_Min2_FieldOnly,Lasso,LOG1P,4,-3.267447,4.509391,4.30744
HEI,E1,E1_Min2_FieldOnly,Lasso,LOG1P,5,-1.438188,18.196949,14.344276
HEI,E1,E1_Min2_FieldOnly,Lasso,LOG1P,6,-0.176576,7.757455,6.634891
HEI,E1,E1_Min2_FieldOnly,Lasso,LOG1P,7,-0.121353,20.697098,11.251762
HEI,E1,E1_Min2_FieldOnly,Lasso,LOG1P,8,-0.305257,7.879331,5.627364
HEI,E1,E1_Min2_FieldOnly,Lasso,LOG1P,9,-0.15792,13.425893,9.75857
HEI,E1,E1_Min2_FieldOnly,Lasso,LOG1P,10,-0.184288,31.589366,15.885443
HEI,E1,E1_Min2_FieldOnly,Lasso,LOG1P,11,-0.298624,21.573026,11.891608
HEI,E1,E1_Min2_FieldOnly,Lasso,LOG1P,12,-0.133739,6.564161,5.603971
HEI,E1,E1_Min2_FieldOnly,Lasso,LOG1P,13,-0.051194,11.80539,7.727272
HEI,E1,E1_Min2_FieldOnly,Lasso,LOG1P,14,-0.168379,30.550976,15.487263
HEI,E1,E1_Min2_FieldOnly,Lasso,LOG1P,15,-0.366736,13.061956,9.193784
HEI,E1,E1_Min2_FieldOnly,Lasso,LOG1P,16,-0.072114,7.228938,5.498997
HEI,E1,E1_Min2_FieldOnly,Lasso,LOG1P,17,-0.267054,7.416256,6.315694
HEI,E1,E1_Min2_FieldOnly,Lasso,LOG1P,18,-0.721131,26.58478,18.381557
HEI,E1,E1_Min2_FieldOnly,Lasso,LOG1P,19,-0.09096,30.047685,15.344493
HEI,E1,E1_Min2_FieldOnly,Lasso,LOG1P,20,-0.301206,4.88882,4.460847
HEI,E1,E1_Min2_FieldOnly,Lasso,LOG1P,21,-0.57316,14.330014,9.760176
HEI,E1,E1_Min2_FieldOnly,Lasso,LOG1P,22,-0.153107,21.081452,11.498789
HEI,E1,E1_Min2_FieldOnly,Lasso,LOG1P,23,-0.125408,29.910672,14.306268
HEI,E1,E1_Min2_FieldOnly,Lasso,LOG1P,24,-0.264956,6.682898,5.943507
HEI,E1,E1_Min2_FieldOnly,Lasso,LOG1P,25,-0.12178,12.351606,9.322732
HEI,E1,E1_Min2_FieldOnly,Ridge,RAW,1,-1.336518,10.348763,9.338171
HEI,E1,E1_Min2_FieldOnly,Ridge,RAW,2,-0.165415,34.325855,20.238215
HEI,E1,E1_Min2_FieldOnly,Ridge,RAW,3,-0.116539,9.146558,8.52891
HEI,E1,E1_Min2_FieldOnly,Ridge,RAW,4,-27.25451,11.603199,10.81179
HEI,E1,E1_Min2_FieldOnly,Ridge,RAW,5,-0.741208,15.377662,11.571943
HEI,E1,E1_Min2_FieldOnly,Ridge,RAW,6,-0.351617,8.314498,7.688402
HEI,E1,E1_Min2_FieldOnly,Ridge,RAW,7,-0.037443,19.907663,13.851985
HEI,E1,E1_Min2_FieldOnly,Ridge,RAW,8,-0.289402,7.831331,6.565228
HEI,E1,E1_Min2_FieldOnly,Ridge,RAW,9,-0.310472,14.282943,12.068723
HEI,E1,E1_Min2_FieldOnly,Ridge,RAW,10,-0.085387,30.241585,18.367978
HEI,E1,E1_Min2_FieldOnly,Ridge,RAW,11,-0.09307,19.792167,11.491393
HEI,E1,E1_Min2_FieldOnly,Ridge,RAW,12,-1.599743,9.940035,9.529514
HEI,E1,E1_Min2_FieldOnly,Ridge,RAW,13,-0.167055,12.438976,10.037132
HEI,E1,E1_Min2_FieldOnly,Ridge,RAW,14,-0.072451,29.269947,18.109237
HEI,E1,E1_Min2_FieldOnly,Ridge,RAW,15,-0.08316,11.628191,8.517546
HEI,E1,E1_Min2_FieldOnly,Ridge,RAW,16,-0.82069,9.420459,8.536321
HEI,E1,E1_Min2_FieldOnly,Ridge,RAW,17,-0.356487,7.673524,6.354586
HEI,E1,E1_Min2_FieldOnly,Ridge,RAW,18,-0.411091,24.071527,17.495569
HEI,E1,E1_Min2_FieldOnly,Ridge,RAW,19,-0.009008,28.897074,17.727875
HEI,E1,E1_Min2_FieldOnly,Ridge,RAW,20,-3.940386,9.526021,8.635088
HEI,E1,E1_Min2_FieldOnly,Ridge,RAW,21,-0.057373,11.748282,8.523853
HEI,E1,E1_Min2_FieldOnly,Ridge,RAW,22,-0.033079,19.95412,14.2541
HEI,E1,E1_Min2_FieldOnly,Ridge,RAW,23,-0.033386,28.66174,15.087484
HEI,E1,E1_Min2_FieldOnly,Ridge,RAW,24,-3.508431,12.616526,11.950648
HEI,E1,E1_Min2_FieldOnly,Ridge,RAW,25,-0.180696,12.671808,10.054052
HEI,E1,E1_Min2_FieldOnly,Ridge,LOG1P,1,0.072202,6.521244,5.893653
HEI,E1,E1_Min2_FieldOnly,Ridge,LOG1P,2,-0.263651,35.743289,19.374017
HEI,E1,E1_Min2_FieldOnly,Ridge,LOG1P,3,-0.173103,9.37538,7.679891
HEI,E1,E1_Min2_FieldOnly,Ridge,LOG1P,4,-6.295857,5.896197,5.470288
HEI,E1,E1_Min2_FieldOnly,Ridge,LOG1P,5,-1.421834,18.135819,14.321418
HEI,E1,E1_Min2_FieldOnly,Ridge,LOG1P,6,-0.288783,8.118937,7.024705
HEI,E1,E1_Min2_FieldOnly,Ridge,LOG1P,7,-0.142828,20.89434,11.802954
HEI,E1,E1_Min2_FieldOnly,Ridge,LOG1P,8,-0.078718,7.163006,5.497488
HEI,E1,E1_Min2_FieldOnly,Ridge,LOG1P,9,-0.249483,13.946623,10.080834
HEI,E1,E1_Min2_FieldOnly,Ridge,LOG1P,10,-0.164755,31.327783,15.539817
HEI,E1,E1_Min2_FieldOnly,Ridge,LOG1P,11,-0.325357,21.793939,12.13838
HEI,E1,E1_Min2_FieldOnly,Ridge,LOG1P,12,-0.233275,6.846249,6.03843
HEI,E1,E1_Min2_FieldOnly,Ridge,LOG1P,13,-0.056959,11.837716,7.788853
HEI,E1,E1_Min2_FieldOnly,Ridge,LOG1P,14,-0.143501,30.223958,15.528065
HEI,E1,E1_Min2_FieldOnly,Ridge,LOG1P,15,-0.402154,13.230122,9.162263
HEI,E1,E1_Min2_FieldOnly,Ridge,LOG1P,16,-0.188508,7.611235,5.913759
HEI,E1,E1_Min2_FieldOnly,Ridge,LOG1P,17,-0.268852,7.421516,6.352559
HEI,E1,E1_Min2_FieldOnly,Ridge,LOG1P,18,-0.722651,26.596518,18.507086
HEI,E1,E1_Min2_FieldOnly,Ridge,LOG1P,19,-0.069348,29.748575,15.339953
HEI,E1,E1_Min2_FieldOnly,Ridge,LOG1P,20,-0.489826,5.23117,4.800964
HEI,E1,E1_Min2_FieldOnly,Ridge,LOG1P,21,-0.645995,14.65799,10.201721
HEI,E1,E1_Min2_FieldOnly,Ridge,LOG1P,22,-0.152395,21.074944,11.659048
HEI,E1,E1_Min2_FieldOnly,Ridge,LOG1P,23,-0.125503,29.911933,14.207847
HEI,E1,E1_Min2_FieldOnly,Ridge,LOG1P,24,-0.829015,8.035922,7.528916
HEI,E1,E1_Min2_FieldOnly,Ridge,LOG1P,25,-0.075672,12.095097,9.039811
HEI,E1,E1_Min2_FieldOnly,ElasticNet,RAW,1,-1.325006,10.323238,9.29742
HEI,E1,E1_Min2_FieldOnly,ElasticNet,RAW,2,-0.166463,34.341274,20.236514
HEI,E1,E1_Min2_FieldOnly,ElasticNet,RAW,3,-0.138178,9.234766,8.616637
HEI,E1,E1_Min2_FieldOnly,ElasticNet,RAW,4,-26.733039,11.495624,10.769945
HEI,E1,E1_Min2_FieldOnly,ElasticNet,RAW,5,-0.737044,15.359261,11.552149
HEI,E1,E1_Min2_FieldOnly,ElasticNet,RAW,6,-0.348744,8.305658,7.672807
HEI,E1,E1_Min2_FieldOnly,ElasticNet,RAW,7,-0.036129,19.895051,13.849262
HEI,E1,E1_Min2_FieldOnly,ElasticNet,RAW,8,-0.282707,7.810974,6.523665
HEI,E1,E1_Min2_FieldOnly,ElasticNet,RAW,9,-0.295277,14.199898,12.030073
HEI,E1,E1_Min2_FieldOnly,ElasticNet,RAW,10,-0.085042,30.236791,18.355522
HEI,E1,E1_Min2_FieldOnly,ElasticNet,RAW,11,-0.089448,19.75935,11.522382
HEI,E1,E1_Min2_FieldOnly,ElasticNet,RAW,12,-1.59864,9.937927,9.526029
HEI,E1,E1_Min2_FieldOnly,ElasticNet,RAW,13,-0.162411,12.414201,10.032846
HEI,E1,E1_Min2_FieldOnly,ElasticNet,RAW,14,-0.071503,29.257005,18.04033
HEI,E1,E1_Min2_FieldOnly,ElasticNet,RAW,15,-0.076526,11.592531,8.507317
HEI,E1,E1_Min2_FieldOnly,ElasticNet,RAW,16,-0.802785,9.374023,8.546749
HEI,E1,E1_Min2_FieldOnly,ElasticNet,RAW,17,-0.341821,7.63193,6.293143
HEI,E1,E1_Min2_FieldOnly,ElasticNet,RAW,18,-0.410394,24.065575,17.453674
HEI,E1,E1_Min2_FieldOnly,ElasticNet,RAW,19,-0.010452,28.917745,17.727556
HEI,E1,E1_Min2_FieldOnly,ElasticNet,RAW,20,-3.914476,9.501009,8.626789
HEI,E1,E1_Min2_FieldOnly,ElasticNet,RAW,21,-0.050402,11.709491,8.591067
HEI,E1,E1_Min2_FieldOnly,ElasticNet,RAW,22,-0.031245,19.936403,14.234757
HEI,E1,E1_Min2_FieldOnly,ElasticNet,RAW,23,-0.033658,28.665504,15.105724
HEI,E1,E1_Min2_FieldOnly,ElasticNet,RAW,24,-3.395338,12.45728,11.829305
HEI,E1,E1_Min2_FieldOnly,ElasticNet,RAW,25,-0.17692,12.651529,10.066201
HEI,E1,E1_Min2_FieldOnly,ElasticNet,LOG1P,1,0.055901,6.578284,5.920742
HEI,E1,E1_Min2_FieldOnly,ElasticNet,LOG1P,2,-0.272267,35.864935,19.264006
HEI,E1,E1_Min2_FieldOnly,ElasticNet,LOG1P,3,-0.117408,9.150116,7.599004
HEI,E1,E1_Min2_FieldOnly,ElasticNet,LOG1P,4,-4.227491,4.990919,4.662228
HEI,E1,E1_Min2_FieldOnly,ElasticNet,LOG1P,5,-1.430163,18.166975,14.337275
HEI,E1,E1_Min2_FieldOnly,ElasticNet,LOG1P,6,-0.224289,7.913182,6.808393
HEI,E1,E1_Min2_FieldOnly,ElasticNet,LOG1P,7,-0.131615,20.79158,11.525835
HEI,E1,E1_Min2_FieldOnly,ElasticNet,LOG1P,8,-0.169041,7.456863,5.555689
HEI,E1,E1_Min2_FieldOnly,ElasticNet,LOG1P,9,-0.195985,13.644785,9.888444
HEI,E1,E1_Min2_FieldOnly,ElasticNet,LOG1P,10,-0.178404,31.510802,15.716842
HEI,E1,E1_Min2_FieldOnly,ElasticNet,LOG1P,11,-0.310016,21.667442,11.988961
HEI,E1,E1_Min2_FieldOnly,ElasticNet,LOG1P,12,-0.186959,6.716461,5.856204
HEI,E1,E1_Min2_FieldOnly,ElasticNet,LOG1P,13,-0.047629,11.785357,7.72987
HEI,E1,E1_Min2_FieldOnly,ElasticNet,LOG1P,14,-0.157807,30.412439,15.51132
HEI,E1,E1_Min2_FieldOnly,ElasticNet,LOG1P,15,-0.386579,13.156437,9.209394
HEI,E1,E1_Min2_FieldOnly,ElasticNet,LOG1P,16,-0.118226,7.38276,5.695513
HEI,E1,E1_Min2_FieldOnly,ElasticNet,LOG1P,17,-0.264848,7.409796,6.341135
HEI,E1,E1_Min2_FieldOnly,ElasticNet,LOG1P,18,-0.721486,26.587523,18.411413
HEI,E1,E1_Min2_FieldOnly,ElasticNet,LOG1P,19,-0.082004,29.9241,15.319384
HEI,E1,E1_Min2_FieldOnly,ElasticNet,LOG1P,20,-0.392608,5.057612,4.662087
HEI,E1,E1_Min2_FieldOnly,ElasticNet,LOG1P,21,-0.601108,14.456743,9.877752
HEI,E1,E1_Min2_FieldOnly,ElasticNet,LOG1P,22,-0.152141,21.072624,11.554695
HEI,E1,E1_Min2_FieldOnly,ElasticNet,LOG1P,23,-0.12315,29.880649,14.099064
HEI,E1,E1_Min2_FieldOnly,ElasticNet,LOG1P,24,-0.450946,7.157357,6.588546
HEI,E1,E1_Min2_FieldOnly,ElasticNet,LOG1P,25,-0.093816,12.196681,9.16236
HEI,E2,E2_Min3_Field_Plus_Depth,SVR_RBF,RAW,1,0.007857,6.743589,5.417237
HEI,E2,E2_Min3_Field_Plus_Depth,SVR_RBF,RAW,2,-0.323647,36.581971,19.149755
HEI,E2,E2_Min3_Field_Plus_Depth,SVR_RBF,RAW,3,0.101835,8.203492,6.551615
HEI,E2,E2_Min3_Field_Plus_Depth,SVR_RBF,RAW,4,-2.133238,3.863941,3.163252
HEI,E2,E2_Min3_Field_Plus_Depth,SVR_RBF,RAW,5,-1.403003,18.065172,14.224929
HEI,E2,E2_Min3_Field_Plus_Depth,SVR_RBF,RAW,6,0.000553,7.149721,5.620941
HEI,E2,E2_Min3_Field_Plus_Depth,SVR_RBF,RAW,7,-0.112963,20.619525,11.123933
HEI,E2,E2_Min3_Field_Plus_Depth,SVR_RBF,RAW,8,-0.459102,8.330752,5.93046
HEI,E2,E2_Min3_Field_Plus_Depth,SVR_RBF,RAW,9,-0.13096,13.268675,9.219101
HEI,E2,E2_Min3_Field_Plus_Depth,SVR_RBF,RAW,10,-0.223003,32.101556,15.90845
HEI,E2,E2_Min3_Field_Plus_Depth,SVR_RBF,RAW,11,-0.299166,21.577532,11.635767
HEI,E2,E2_Min3_Field_Plus_Depth,SVR_RBF,RAW,12,0.056123,5.98936,4.639915
HEI,E2,E2_Min3_Field_Plus_Depth,SVR_RBF,RAW,13,-0.121879,12.195845,7.253578
HEI,E2,E2_Min3_Field_Plus_Depth,SVR_RBF,RAW,14,-0.194746,30.893771,16.030809
HEI,E2,E2_Min3_Field_Plus_Depth,SVR_RBF,RAW,15,-0.3404,12.935497,9.00098
HEI,E2,E2_Min3_Field_Plus_Depth,SVR_RBF,RAW,16,0.12382,6.535078,4.247824
HEI,E2,E2_Min3_Field_Plus_Depth,SVR_RBF,RAW,17,-0.571063,8.258171,6.974361
HEI,E2,E2_Min3_Field_Plus_Depth,SVR_RBF,RAW,18,-0.681471,26.276694,18.272556
HEI,E2,E2_Min3_Field_Plus_Depth,SVR_RBF,RAW,19,-0.125145,30.514823,15.158939
HEI,E2,E2_Min3_Field_Plus_Depth,SVR_RBF,RAW,20,-0.037534,4.365483,3.34498
HEI,E2,E2_Min3_Field_Plus_Depth,SVR_RBF,RAW,21,-0.529674,14.130565,9.621245
HEI,E2,E2_Min3_Field_Plus_Depth,SVR_RBF,RAW,22,-0.167,21.208077,11.396845
HEI,E2,E2_Min3_Field_Plus_Depth,SVR_RBF,RAW,23,-0.192109,30.784288,14.687839
HEI,E2,E2_Min3_Field_Plus_Depth,SVR_RBF,RAW,24,0.171843,5.407337,3.710676
HEI,E2,E2_Min3_Field_Plus_Depth,SVR_RBF,RAW,25,-0.26285,13.105252,9.769723
HEI,E2,E2_Min3_Field_Plus_Depth,SVR_RBF,LOG1P,1,-0.221297,7.481944,6.041322
HEI,E2,E2_Min3_Field_Plus_Depth,SVR_RBF,LOG1P,2,-0.398303,37.59946,19.758789
HEI,E2,E2_Min3_Field_Plus_Depth,SVR_RBF,LOG1P,3,0.22913,7.599959,6.311562
HEI,E2,E2_Min3_Field_Plus_Depth,SVR_RBF,LOG1P,4,-14.604757,8.623079,8.102171
HEI,E2,E2_Min3_Field_Plus_Depth,SVR_RBF,LOG1P,5,-1.336796,17.814569,14.16328
HEI,E2,E2_Min3_Field_Plus_Depth,SVR_RBF,LOG1P,6,-0.123334,7.579905,6.005726
HEI,E2,E2_Min3_Field_Plus_Depth,SVR_RBF,LOG1P,7,-0.183266,21.260788,13.348327
HEI,E2,E2_Min3_Field_Plus_Depth,SVR_RBF,LOG1P,8,-0.635168,8.819065,6.401334
HEI,E2,E2_Min3_Field_Plus_Depth,SVR_RBF,LOG1P,9,-0.064868,12.875136,9.119689
HEI,E2,E2_Min3_Field_Plus_Depth,SVR_RBF,LOG1P,10,-0.325042,33.413899,17.80308
HEI,E2,E2_Min3_Field_Plus_Depth,SVR_RBF,LOG1P,11,-0.294522,21.538925,11.826091
HEI,E2,E2_Min3_Field_Plus_Depth,SVR_RBF,LOG1P,12,-0.425552,7.360618,6.402642
HEI,E2,E2_Min3_Field_Plus_Depth,SVR_RBF,LOG1P,13,-0.113721,12.151423,7.315747
HEI,E2,E2_Min3_Field_Plus_Depth,SVR_RBF,LOG1P,14,-0.251053,31.61339,16.320305
HEI,E2,E2_Min3_Field_Plus_Depth,SVR_RBF,LOG1P,15,-0.179936,12.136549,8.529193
HEI,E2,E2_Min3_Field_Plus_Depth,SVR_RBF,LOG1P,16,0.260596,6.003366,4.01608
HEI,E2,E2_Min3_Field_Plus_Depth,SVR_RBF,LOG1P,17,-0.861071,8.988114,7.792762
HEI,E2,E2_Min3_Field_Plus_Depth,SVR_RBF,LOG1P,18,-0.659157,26.10176,18.36286
HEI,E2,E2_Min3_Field_Plus_Depth,SVR_RBF,LOG1P,19,-0.214708,31.70608,15.786517
HEI,E2,E2_Min3_Field_Plus_Depth,SVR_RBF,LOG1P,20,-0.472509,5.20068,3.590686
HEI,E2,E2_Min3_Field_Plus_Depth,SVR_RBF,LOG1P,21,-0.481875,13.908039,9.871496
HEI,E2,E2_Min3_Field_Plus_Depth,SVR_RBF,LOG1P,22,-0.247487,21.927234,12.344847
HEI,E2,E2_Min3_Field_Plus_Depth,SVR_RBF,LOG1P,23,-0.26513,31.713108,17.491926
HEI,E2,E2_Min3_Field_Plus_Depth,SVR_RBF,LOG1P,24,-0.264641,6.682066,6.227189
HEI,E2,E2_Min3_Field_Plus_Depth,SVR_RBF,LOG1P,25,-0.353564,13.567782,10.046155
HEI,E2,E2_Min3_Field_Plus_Depth,PLS,RAW,1,-7.269764,19.469303,15.540558
HEI,E2,E2_Min3_Field_Plus_Depth,PLS,RAW,2,-0.244809,35.475813,20.961832
HEI,E2,E2_Min3_Field_Plus_Depth,PLS,RAW,3,-0.15465,9.301348,8.650934
HEI,E2,E2_Min3_Field_Plus_Depth,PLS,RAW,4,-23.301438,10.76093,10.464763
HEI,E2,E2_Min3_Field_Plus_Depth,PLS,RAW,5,-0.868526,15.929955,11.64556
HEI,E2,E2_Min3_Field_Plus_Depth,PLS,RAW,6,-4.265803,16.411247,12.26564
HEI,E2,E2_Min3_Field_Plus_Depth,PLS,RAW,7,0.003071,19.515076,13.471583
HEI,E2,E2_Min3_Field_Plus_Depth,PLS,RAW,8,-0.076374,7.15522,6.332102
HEI,E2,E2_Min3_Field_Plus_Depth,PLS,RAW,9,-0.4158,14.845843,11.935088
HEI,E2,E2_Min3_Field_Plus_Depth,PLS,RAW,10,-0.085238,30.239513,18.352568
HEI,E2,E2_Min3_Field_Plus_Depth,PLS,RAW,11,-0.06766,19.560767,12.373306
HEI,E2,E2_Min3_Field_Plus_Depth,PLS,RAW,12,-1.386065,9.522781,9.165845
HEI,E2,E2_Min3_Field_Plus_Depth,PLS,RAW,13,-1.652474,18.75273,14.895698
HEI,E2,E2_Min3_Field_Plus_Depth,PLS,RAW,14,-0.083614,29.421878,17.995815
HEI,E2,E2_Min3_Field_Plus_Depth,PLS,RAW,15,-0.114768,11.796634,8.057265
HEI,E2,E2_Min3_Field_Plus_Depth,PLS,RAW,16,-1.296611,10.580294,9.181477
HEI,E2,E2_Min3_Field_Plus_Depth,PLS,RAW,17,-0.104028,6.922725,5.836748
HEI,E2,E2_Min3_Field_Plus_Depth,PLS,RAW,18,-0.412685,24.085113,17.930929
HEI,E2,E2_Min3_Field_Plus_Depth,PLS,RAW,19,-0.020046,29.0547,17.680559
HEI,E2,E2_Min3_Field_Plus_Depth,PLS,RAW,20,-8.957181,13.523817,9.315381
HEI,E2,E2_Min3_Field_Plus_Depth,PLS,RAW,21,-0.232066,12.68169,9.252678
HEI,E2,E2_Min3_Field_Plus_Depth,PLS,RAW,22,-0.004428,19.675473,13.889744
HEI,E2,E2_Min3_Field_Plus_Depth,PLS,RAW,23,-0.056487,28.980331,15.163345
HEI,E2,E2_Min3_Field_Plus_Depth,PLS,RAW,24,-9.8128,19.538722,16.357369
HEI,E2,E2_Min3_Field_Plus_Depth,PLS,RAW,25,-0.625774,14.869611,12.58315
HEI,E2,E2_Min3_Field_Plus_Depth,PLS,LOG1P,1,-2.114181,11.947466,9.668167
HEI,E2,E2_Min3_Field_Plus_Depth,PLS,LOG1P,2,-0.295863,36.195989,19.671436
HEI,E2,E2_Min3_Field_Plus_Depth,PLS,LOG1P,3,-0.181485,9.408813,7.709259
HEI,E2,E2_Min3_Field_Plus_Depth,PLS,LOG1P,4,-7.336182,6.302566,5.814207
HEI,E2,E2_Min3_Field_Plus_Depth,PLS,LOG1P,5,-1.455644,18.261972,14.397758
HEI,E2,E2_Min3_Field_Plus_Depth,PLS,LOG1P,6,-1.046599,10.231178,8.684836
HEI,E2,E2_Min3_Field_Plus_Depth,PLS,LOG1P,7,-0.137795,20.848278,11.698431
HEI,E2,E2_Min3_Field_Plus_Depth,PLS,LOG1P,8,-0.075171,7.151219,5.50197
HEI,E2,E2_Min3_Field_Plus_Depth,PLS,LOG1P,9,-0.286425,14.151294,10.232389
HEI,E2,E2_Min3_Field_Plus_Depth,PLS,LOG1P,10,-0.183059,31.572981,15.575016
HEI,E2,E2_Min3_Field_Plus_Depth,PLS,LOG1P,11,-0.322192,21.767908,12.099937
HEI,E2,E2_Min3_Field_Plus_Depth,PLS,LOG1P,12,-0.240658,6.866712,6.063378
HEI,E2,E2_Min3_Field_Plus_Depth,PLS,LOG1P,13,-0.187463,12.547262,8.800549
HEI,E2,E2_Min3_Field_Plus_Depth,PLS,LOG1P,14,-0.151848,30.334073,15.455652
HEI,E2,E2_Min3_Field_Plus_Depth,PLS,LOG1P,15,-0.428446,13.353585,9.261736
HEI,E2,E2_Min3_Field_Plus_Depth,PLS,LOG1P,16,-0.225595,7.729076,6.007174
HEI,E2,E2_Min3_Field_Plus_Depth,PLS,LOG1P,17,-0.277935,7.44803,6.335546
HEI,E2,E2_Min3_Field_Plus_Depth,PLS,LOG1P,18,-0.720597,26.580653,18.487329
HEI,E2,E2_Min3_Field_Plus_Depth,PLS,LOG1P,19,-0.076811,29.852202,15.317536
HEI,E2,E2_Min3_Field_Plus_Depth,PLS,LOG1P,20,-0.491155,5.233503,4.801547
HEI,E2,E2_Min3_Field_Plus_Depth,PLS,LOG1P,21,-0.690106,14.853099,10.282739
HEI,E2,E2_Min3_Field_Plus_Depth,PLS,LOG1P,22,-0.167032,21.208368,11.828728
HEI,E2,E2_Min3_Field_Plus_Depth,PLS,LOG1P,23,-0.142458,30.136397,14.30854
HEI,E2,E2_Min3_Field_Plus_Depth,PLS,LOG1P,24,-1.61495,9.608571,8.759521
HEI,E2,E2_Min3_Field_Plus_Depth,PLS,LOG1P,25,-0.177279,12.653458,9.753277
HEI,E2,E2_Min3_Field_Plus_Depth,Lasso,RAW,1,-7.025957,19.180162,15.358613
HEI,E2,E2_Min3_Field_Plus_Depth,Lasso,RAW,2,-0.242747,35.446413,20.919243
HEI,E2,E2_Min3_Field_Plus_Depth,Lasso,RAW,3,-0.16298,9.334842,8.706883
HEI,E2,E2_Min3_Field_Plus_Depth,Lasso,RAW,4,-24.028166,10.920647,10.593044
HEI,E2,E2_Min3_Field_Plus_Depth,Lasso,RAW,5,-0.861257,15.898939,11.63107
HEI,E2,E2_Min3_Field_Plus_Depth,Lasso,RAW,6,-4.081147,16.120932,12.097083
HEI,E2,E2_Min3_Field_Plus_Depth,Lasso,RAW,7,0.00123,19.533092,13.49894
HEI,E2,E2_Min3_Field_Plus_Depth,Lasso,RAW,8,-0.092551,7.208789,6.360184
HEI,E2,E2_Min3_Field_Plus_Depth,Lasso,RAW,9,-0.397942,14.751917,11.893614
HEI,E2,E2_Min3_Field_Plus_Depth,Lasso,RAW,10,-0.084727,30.232396,18.347202
HEI,E2,E2_Min3_Field_Plus_Depth,Lasso,RAW,11,-0.069462,19.577265,12.28787
HEI,E2,E2_Min3_Field_Plus_Depth,Lasso,RAW,12,-1.394816,9.540228,9.176288
HEI,E2,E2_Min3_Field_Plus_Depth,Lasso,RAW,13,-1.573101,18.470021,14.551702
HEI,E2,E2_Min3_Field_Plus_Depth,Lasso,RAW,14,-0.079577,29.367026,17.940543
HEI,E2,E2_Min3_Field_Plus_Depth,Lasso,RAW,15,-0.108156,11.761599,8.085905
HEI,E2,E2_Min3_Field_Plus_Depth,Lasso,RAW,16,-1.265246,10.507797,9.170284
HEI,E2,E2_Min3_Field_Plus_Depth,Lasso,RAW,17,-0.093135,6.88849,5.820338
HEI,E2,E2_Min3_Field_Plus_Depth,Lasso,RAW,18,-0.413144,24.089032,17.994768
HEI,E2,E2_Min3_Field_Plus_Depth,Lasso,RAW,19,-0.020106,29.055554,17.691303
HEI,E2,E2_Min3_Field_Plus_Depth,Lasso,RAW,20,-8.643336,13.308979,9.279695
HEI,E2,E2_Min3_Field_Plus_Depth,Lasso,RAW,21,-0.220865,12.623912,9.227916
HEI,E2,E2_Min3_Field_Plus_Depth,Lasso,RAW,22,-0.004464,19.675823,13.89669
HEI,E2,E2_Min3_Field_Plus_Depth,Lasso,RAW,23,-0.05526,28.963488,15.197854
HEI,E2,E2_Min3_Field_Plus_Depth,Lasso,RAW,24,-9.465206,19.222106,16.141499
HEI,E2,E2_Min3_Field_Plus_Depth,Lasso,RAW,25,-0.615102,14.820726,12.567281
HEI,E2,E2_Min3_Field_Plus_Depth,Lasso,LOG1P,1,-0.248394,7.564492,7.074423
HEI,E2,E2_Min3_Field_Plus_Depth,Lasso,LOG1P,2,-0.277687,35.94125,19.243708
HEI,E2,E2_Min3_Field_Plus_Depth,Lasso,LOG1P,3,-0.068531,8.94776,7.512723
HEI,E2,E2_Min3_Field_Plus_Depth,Lasso,LOG1P,4,-3.267447,4.509391,4.30744
HEI,E2,E2_Min3_Field_Plus_Depth,Lasso,LOG1P,5,-1.438188,18.196949,14.344276
HEI,E2,E2_Min3_Field_Plus_Depth,Lasso,LOG1P,6,-0.218863,7.895628,6.839589
HEI,E2,E2_Min3_Field_Plus_Depth,Lasso,LOG1P,7,-0.121353,20.697098,11.251762
HEI,E2,E2_Min3_Field_Plus_Depth,Lasso,LOG1P,8,-0.305257,7.879331,5.627364
HEI,E2,E2_Min3_Field_Plus_Depth,Lasso,LOG1P,9,-0.15792,13.425893,9.75857
HEI,E2,E2_Min3_Field_Plus_Depth,Lasso,LOG1P,10,-0.184288,31.589366,15.885443
HEI,E2,E2_Min3_Field_Plus_Depth,Lasso,LOG1P,11,-0.298624,21.573026,11.891608
HEI,E2,E2_Min3_Field_Plus_Depth,Lasso,LOG1P,12,-0.133739,6.564161,5.603971
HEI,E2,E2_Min3_Field_Plus_Depth,Lasso,LOG1P,13,-0.051194,11.80539,7.727272
HEI,E2,E2_Min3_Field_Plus_Depth,Lasso,LOG1P,14,-0.168379,30.550976,15.487263
HEI,E2,E2_Min3_Field_Plus_Depth,Lasso,LOG1P,15,-0.366736,13.061956,9.193784
HEI,E2,E2_Min3_Field_Plus_Depth,Lasso,LOG1P,16,-0.084244,7.269719,5.527859
HEI,E2,E2_Min3_Field_Plus_Depth,Lasso,LOG1P,17,-0.267054,7.416256,6.315694
HEI,E2,E2_Min3_Field_Plus_Depth,Lasso,LOG1P,18,-0.721131,26.58478,18.381557
HEI,E2,E2_Min3_Field_Plus_Depth,Lasso,LOG1P,19,-0.09096,30.047685,15.344493
HEI,E2,E2_Min3_Field_Plus_Depth,Lasso,LOG1P,20,-0.301206,4.88882,4.460847
HEI,E2,E2_Min3_Field_Plus_Depth,Lasso,LOG1P,21,-0.574786,14.337419,9.760591
HEI,E2,E2_Min3_Field_Plus_Depth,Lasso,LOG1P,22,-0.153107,21.081452,11.498789
HEI,E2,E2_Min3_Field_Plus_Depth,Lasso,LOG1P,23,-0.125408,29.910672,14.306268
HEI,E2,E2_Min3_Field_Plus_Depth,Lasso,LOG1P,24,-0.264956,6.682898,5.943507
HEI,E2,E2_Min3_Field_Plus_Depth,Lasso,LOG1P,25,-0.134093,12.419207,9.42691
HEI,E2,E2_Min3_Field_Plus_Depth,Ridge,RAW,1,-6.875527,18.999565,15.222694
HEI,E2,E2_Min3_Field_Plus_Depth,Ridge,RAW,2,-0.242086,35.436989,20.932872
HEI,E2,E2_Min3_Field_Plus_Depth,Ridge,RAW,3,-0.149758,9.281626,8.640465
HEI,E2,E2_Min3_Field_Plus_Depth,Ridge,RAW,4,-24.146415,10.946414,10.613338
HEI,E2,E2_Min3_Field_Plus_Depth,Ridge,RAW,5,-0.856828,15.88001,11.623632
HEI,E2,E2_Min3_Field_Plus_Depth,Ridge,RAW,6,-4.026917,16.034674,12.043939
HEI,E2,E2_Min3_Field_Plus_Depth,Ridge,RAW,7,0.002118,19.524401,13.484962
HEI,E2,E2_Min3_Field_Plus_Depth,Ridge,RAW,8,-0.087281,7.19138,6.332127
HEI,E2,E2_Min3_Field_Plus_Depth,Ridge,RAW,9,-0.397228,14.748147,11.880638
HEI,E2,E2_Min3_Field_Plus_Depth,Ridge,RAW,10,-0.085764,30.246845,18.362944
HEI,E2,E2_Min3_Field_Plus_Depth,Ridge,RAW,11,-0.068481,19.568284,12.230599
HEI,E2,E2_Min3_Field_Plus_Depth,Ridge,RAW,12,-1.396329,9.543241,9.186313
HEI,E2,E2_Min3_Field_Plus_Depth,Ridge,RAW,13,-1.53233,18.323105,14.388528
HEI,E2,E2_Min3_Field_Plus_Depth,Ridge,RAW,14,-0.083439,29.4195,17.977284
HEI,E2,E2_Min3_Field_Plus_Depth,Ridge,RAW,15,-0.110861,11.775949,8.077025
HEI,E2,E2_Min3_Field_Plus_Depth,Ridge,RAW,16,-1.26634,10.510335,9.172016
HEI,E2,E2_Min3_Field_Plus_Depth,Ridge,RAW,17,-0.095706,6.896585,5.823621
HEI,E2,E2_Min3_Field_Plus_Depth,Ridge,RAW,18,-0.412667,24.084965,17.937791
HEI,E2,E2_Min3_Field_Plus_Depth,Ridge,RAW,19,-0.021659,29.077673,17.668412
HEI,E2,E2_Min3_Field_Plus_Depth,Ridge,RAW,20,-8.645922,13.310763,9.277914
HEI,E2,E2_Min3_Field_Plus_Depth,Ridge,RAW,21,-0.222376,12.631721,9.189461
HEI,E2,E2_Min3_Field_Plus_Depth,Ridge,RAW,22,-0.003606,19.667422,13.872291
HEI,E2,E2_Min3_Field_Plus_Depth,Ridge,RAW,23,-0.055794,28.970825,15.164275
HEI,E2,E2_Min3_Field_Plus_Depth,Ridge,RAW,24,-9.355472,19.121063,16.063448
HEI,E2,E2_Min3_Field_Plus_Depth,Ridge,RAW,25,-0.61823,14.835072,12.589826
HEI,E2,E2_Min3_Field_Plus_Depth,Ridge,LOG1P,1,-1.784938,11.298262,9.317752
HEI,E2,E2_Min3_Field_Plus_Depth,Ridge,LOG1P,2,-0.297777,36.222711,19.64814
HEI,E2,E2_Min3_Field_Plus_Depth,Ridge,LOG1P,3,-0.17423,9.379882,7.686153
HEI,E2,E2_Min3_Field_Plus_Depth,Ridge,LOG1P,4,-7.29055,6.285293,5.812148
HEI,E2,E2_Min3_Field_Plus_Depth,Ridge,LOG1P,5,-1.45155,18.24674,14.39034
HEI,E2,E2_Min3_Field_Plus_Depth,Ridge,LOG1P,6,-1.005952,10.12907,8.625202
HEI,E2,E2_Min3_Field_Plus_Depth,Ridge,LOG1P,7,-0.140963,20.877286,11.764899
HEI,E2,E2_Min3_Field_Plus_Depth,Ridge,LOG1P,8,-0.076642,7.156112,5.499552
HEI,E2,E2_Min3_Field_Plus_Depth,Ridge,LOG1P,9,-0.273495,14.079997,10.174762
HEI,E2,E2_Min3_Field_Plus_Depth,Ridge,LOG1P,10,-0.182692,31.568078,15.577398
HEI,E2,E2_Min3_Field_Plus_Depth,Ridge,LOG1P,11,-0.323265,21.776734,12.107726
HEI,E2,E2_Min3_Field_Plus_Depth,Ridge,LOG1P,12,-0.238759,6.861453,6.058352
HEI,E2,E2_Min3_Field_Plus_Depth,Ridge,LOG1P,13,-0.171174,12.460906,8.704424
HEI,E2,E2_Min3_Field_Plus_Depth,Ridge,LOG1P,14,-0.153793,30.359676,15.442432
HEI,E2,E2_Min3_Field_Plus_Depth,Ridge,LOG1P,15,-0.424027,13.332913,9.237165
HEI,E2,E2_Min3_Field_Plus_Depth,Ridge,LOG1P,16,-0.219215,7.70893,5.997756
HEI,E2,E2_Min3_Field_Plus_Depth,Ridge,LOG1P,17,-0.265121,7.410595,6.352377
HEI,E2,E2_Min3_Field_Plus_Depth,Ridge,LOG1P,18,-0.721051,26.584158,18.472856
HEI,E2,E2_Min3_Field_Plus_Depth,Ridge,LOG1P,19,-0.078899,29.881128,15.306785
HEI,E2,E2_Min3_Field_Plus_Depth,Ridge,LOG1P,20,-0.529546,5.300445,4.858151
HEI,E2,E2_Min3_Field_Plus_Depth,Ridge,LOG1P,21,-0.678712,14.802948,10.245181
HEI,E2,E2_Min3_Field_Plus_Depth,Ridge,LOG1P,22,-0.166541,21.203905,11.811778
HEI,E2,E2_Min3_Field_Plus_Depth,Ridge,LOG1P,23,-0.141297,30.121083,14.297113
HEI,E2,E2_Min3_Field_Plus_Depth,Ridge,LOG1P,24,-1.570309,9.526201,8.643306
HEI,E2,E2_Min3_Field_Plus_Depth,Ridge,LOG1P,25,-0.168628,12.60688,9.697342
HEI,E2,E2_Min3_Field_Plus_Depth,ElasticNet,RAW,1,-6.587832,18.649308,15.030934
HEI,E2,E2_Min3_Field_Plus_Depth,ElasticNet,RAW,2,-0.238591,35.387097,20.891955
HEI,E2,E2_Min3_Field_Plus_Depth,ElasticNet,RAW,3,-0.161908,9.33054,8.710915
HEI,E2,E2_Min3_Field_Plus_Depth,ElasticNet,RAW,4,-23.889233,10.890294,10.584923
HEI,E2,E2_Min3_Field_Plus_Depth,ElasticNet,RAW,5,-0.847341,15.839392,11.602409
HEI,E2,E2_Min3_Field_Plus_Depth,ElasticNet,RAW,6,-3.794685,15.659911,11.762991
HEI,E2,E2_Min3_Field_Plus_Depth,ElasticNet,RAW,7,0.000958,19.535748,13.501991
HEI,E2,E2_Min3_Field_Plus_Depth,ElasticNet,RAW,8,-0.090167,7.200917,6.336466
HEI,E2,E2_Min3_Field_Plus_Depth,ElasticNet,RAW,9,-0.377118,14.641634,11.845953
HEI,E2,E2_Min3_Field_Plus_Depth,ElasticNet,RAW,10,-0.085042,30.236791,18.355522
HEI,E2,E2_Min3_Field_Plus_Depth,ElasticNet,RAW,11,-0.069368,19.576405,12.286857
HEI,E2,E2_Min3_Field_Plus_Depth,ElasticNet,RAW,12,-1.405272,9.561032,9.199614
HEI,E2,E2_Min3_Field_Plus_Depth,ElasticNet,RAW,13,-1.418645,17.907088,13.921553
HEI,E2,E2_Min3_Field_Plus_Depth,ElasticNet,RAW,14,-0.08178,29.396972,17.919048
HEI,E2,E2_Min3_Field_Plus_Depth,ElasticNet,RAW,15,-0.102769,11.732977,8.105048
HEI,E2,E2_Min3_Field_Plus_Depth,ElasticNet,RAW,16,-1.237248,10.44266,9.166439
HEI,E2,E2_Min3_Field_Plus_Depth,ElasticNet,RAW,17,-0.093358,6.889191,5.818052
HEI,E2,E2_Min3_Field_Plus_Depth,ElasticNet,RAW,18,-0.412581,24.084226,17.951442
HEI,E2,E2_Min3_Field_Plus_Depth,ElasticNet,RAW,19,-0.021178,29.070816,17.677594
HEI,E2,E2_Min3_Field_Plus_Depth,ElasticNet,RAW,20,-8.210004,13.006517,9.243707
HEI,E2,E2_Min3_Field_Plus_Depth,ElasticNet,RAW,21,-0.213891,12.587804,9.231683
HEI,E2,E2_Min3_Field_Plus_Depth,ElasticNet,RAW,22,-0.003387,19.665276,13.874074
HEI,E2,E2_Min3_Field_Plus_Depth,ElasticNet,RAW,23,-0.054886,28.958363,15.182174
HEI,E2,E2_Min3_Field_Plus_Depth,ElasticNet,RAW,24,-8.870087,18.667561,15.667683
HEI,E2,E2_Min3_Field_Plus_Depth,ElasticNet,RAW,25,-0.579558,14.656735,12.424156
HEI,E2,E2_Min3_Field_Plus_Depth,ElasticNet,LOG1P,1,-0.630846,8.645902,7.89951
HEI,E2,E2_Min3_Field_Plus_Depth,ElasticNet,LOG1P,2,-0.28657,36.065972,19.399648
HEI,E2,E2_Min3_Field_Plus_Depth,ElasticNet,LOG1P,3,-0.117408,9.150116,7.599004
HEI,E2,E2_Min3_Field_Plus_Depth,ElasticNet,LOG1P,4,-4.227491,4.990919,4.662228
HEI,E2,E2_Min3_Field_Plus_Depth,ElasticNet,LOG1P,5,-1.444829,18.221714,14.374058
HEI,E2,E2_Min3_Field_Plus_Depth,ElasticNet,LOG1P,6,-0.433023,8.561224,7.52503
HEI,E2,E2_Min3_Field_Plus_Depth,ElasticNet,LOG1P,7,-0.131615,20.79158,11.525835
HEI,E2,E2_Min3_Field_Plus_Depth,ElasticNet,LOG1P,8,-0.169041,7.456863,5.555689
HEI,E2,E2_Min3_Field_Plus_Depth,ElasticNet,LOG1P,9,-0.202474,13.681754,9.912794
HEI,E2,E2_Min3_Field_Plus_Depth,ElasticNet,LOG1P,10,-0.178404,31.510802,15.716842
HEI,E2,E2_Min3_Field_Plus_Depth,ElasticNet,LOG1P,11,-0.309506,21.663225,11.978584
HEI,E2,E2_Min3_Field_Plus_Depth,ElasticNet,LOG1P,12,-0.186959,6.716461,5.856204
HEI,E2,E2_Min3_Field_Plus_Depth,ElasticNet,LOG1P,13,-0.055175,11.827722,7.826307
HEI,E2,E2_Min3_Field_Plus_Depth,ElasticNet,LOG1P,14,-0.157807,30.412439,15.51132
HEI,E2,E2_Min3_Field_Plus_Depth,ElasticNet,LOG1P,15,-0.390465,13.174859,9.216016
HEI,E2,E2_Min3_Field_Plus_Depth,ElasticNet,LOG1P,16,-0.14747,7.478675,5.769014
HEI,E2,E2_Min3_Field_Plus_Depth,ElasticNet,LOG1P,17,-0.264848,7.409796,6.341135
HEI,E2,E2_Min3_Field_Plus_Depth,ElasticNet,LOG1P,18,-0.721486,26.587523,18.411413
HEI,E2,E2_Min3_Field_Plus_Depth,ElasticNet,LOG1P,19,-0.082004,29.9241,15.319384
HEI,E2,E2_Min3_Field_Plus_Depth,ElasticNet,LOG1P,20,-0.392608,5.057612,4.662087
HEI,E2,E2_Min3_Field_Plus_Depth,ElasticNet,LOG1P,21,-0.620831,14.545514,9.879391
HEI,E2,E2_Min3_Field_Plus_Depth,ElasticNet,LOG1P,22,-0.152141,21.072624,11.554696
HEI,E2,E2_Min3_Field_Plus_Depth,ElasticNet,LOG1P,23,-0.12315,29.880649,14.099064
HEI,E2,E2_Min3_Field_Plus_Depth,ElasticNet,LOG1P,24,-0.497785,7.271966,6.712259
HEI,E2,E2_Min3_Field_Plus_Depth,ElasticNet,LOG1P,25,-0.151584,12.514612,9.572619
HEI,E3,E3_Min4_Field_Depth_LogSalinity,SVR_RBF,RAW,1,-0.043094,6.914575,5.545287
HEI,E3,E3_Min4_Field_Depth_LogSalinity,SVR_RBF,RAW,2,-0.312887,36.432976,19.146906
HEI,E3,E3_Min4_Field_Depth_LogSalinity,SVR_RBF,RAW,3,0.081126,8.297528,6.651178
HEI,E3,E3_Min4_Field_Depth_LogSalinity,SVR_RBF,RAW,4,-2.492972,4.07973,3.404432
HEI,E3,E3_Min4_Field_Depth_LogSalinity,SVR_RBF,RAW,5,-1.42845,18.160573,14.29213
HEI,E3,E3_Min4_Field_Depth_LogSalinity,SVR_RBF,RAW,6,-0.056737,7.351785,5.738363
HEI,E3,E3_Min4_Field_Depth_LogSalinity,SVR_RBF,RAW,7,-0.120301,20.687386,11.186943
HEI,E3,E3_Min4_Field_Depth_LogSalinity,SVR_RBF,RAW,8,-0.480423,8.391397,6.043762
HEI,E3,E3_Min4_Field_Depth_LogSalinity,SVR_RBF,RAW,9,-0.160229,13.43927,9.341008
HEI,E3,E3_Min4_Field_Depth_LogSalinity,SVR_RBF,RAW,10,-0.209163,31.919407,15.925235
HEI,E3,E3_Min4_Field_Depth_LogSalinity,SVR_RBF,RAW,11,-0.30947,21.662925,11.770664
HEI,E3,E3_Min4_Field_Depth_LogSalinity,SVR_RBF,RAW,12,0.067465,5.953265,4.599885
HEI,E3,E3_Min4_Field_Depth_LogSalinity,SVR_RBF,RAW,13,-0.108301,12.121816,7.295204
HEI,E3,E3_Min4_Field_Depth_LogSalinity,SVR_RBF,RAW,14,-0.194902,30.895783,15.995746
HEI,E3,E3_Min4_Field_Depth_LogSalinity,SVR_RBF,RAW,15,-0.376272,13.107449,9.160293
HEI,E3,E3_Min4_Field_Depth_LogSalinity,SVR_RBF,RAW,16,0.0998,6.624049,4.317567
HEI,E3,E3_Min4_Field_Depth_LogSalinity,SVR_RBF,RAW,17,-0.619159,8.383625,7.033511
HEI,E3,E3_Min4_Field_Depth_LogSalinity,SVR_RBF,RAW,18,-0.701398,26.43194,18.357171
HEI,E3,E3_Min4_Field_Depth_LogSalinity,SVR_RBF,RAW,19,-0.119144,30.433334,15.168454
HEI,E3,E3_Min4_Field_Depth_LogSalinity,SVR_RBF,RAW,20,-0.033828,4.357678,3.388953
HEI,E3,E3_Min4_Field_Depth_LogSalinity,SVR_RBF,RAW,21,-0.577645,14.350428,9.800756
HEI,E3,E3_Min4_Field_Depth_LogSalinity,SVR_RBF,RAW,22,-0.15151,21.066857,11.439464
HEI,E3,E3_Min4_Field_Depth_LogSalinity,SVR_RBF,RAW,23,-0.188608,30.739054,14.732608
HEI,E3,E3_Min4_Field_Depth_LogSalinity,SVR_RBF,RAW,24,0.126238,5.554226,3.967454
HEI,E3,E3_Min4_Field_Depth_LogSalinity,SVR_RBF,RAW,25,-0.250799,13.042573,9.73432
HEI,E3,E3_Min4_Field_Depth_LogSalinity,SVR_RBF,LOG1P,1,-0.366149,7.913214,6.073975
HEI,E3,E3_Min4_Field_Depth_LogSalinity,SVR_RBF,LOG1P,2,-0.390931,37.500216,19.756016
HEI,E3,E3_Min4_Field_Depth_LogSalinity,SVR_RBF,LOG1P,3,0.169922,7.886425,6.453033
HEI,E3,E3_Min4_Field_Depth_LogSalinity,SVR_RBF,LOG1P,4,-17.251331,9.325693,8.846456
HEI,E3,E3_Min4_Field_Depth_LogSalinity,SVR_RBF,LOG1P,5,-1.4173,18.118835,14.163942
HEI,E3,E3_Min4_Field_Depth_LogSalinity,SVR_RBF,LOG1P,6,-0.096968,7.49042,6.048628
HEI,E3,E3_Min4_Field_Depth_LogSalinity,SVR_RBF,LOG1P,7,-0.172138,21.160582,13.888171
HEI,E3,E3_Min4_Field_Depth_LogSalinity,SVR_RBF,LOG1P,8,-0.66919,8.91034,6.588507
HEI,E3,E3_Min4_Field_Depth_LogSalinity,SVR_RBF,LOG1P,9,-0.222649,13.796049,9.562075
HEI,E3,E3_Min4_Field_Depth_LogSalinity,SVR_RBF,LOG1P,10,-0.31047,33.229664,17.247618
HEI,E3,E3_Min4_Field_Depth_LogSalinity,SVR_RBF,LOG1P,11,-0.305721,21.631894,12.043849
HEI,E3,E3_Min4_Field_Depth_LogSalinity,SVR_RBF,LOG1P,12,-0.254562,6.90508,6.261024
HEI,E3,E3_Min4_Field_Depth_LogSalinity,SVR_RBF,LOG1P,13,-0.163426,12.419621,7.534354
HEI,E3,E3_Min4_Field_Depth_LogSalinity,SVR_RBF,LOG1P,14,-0.231492,31.365261,16.329688
HEI,E3,E3_Min4_Field_Depth_LogSalinity,SVR_RBF,LOG1P,15,-0.230002,12.391356,8.70511
HEI,E3,E3_Min4_Field_Depth_LogSalinity,SVR_RBF,LOG1P,16,0.152332,6.427869,4.234009
HEI,E3,E3_Min4_Field_Depth_LogSalinity,SVR_RBF,LOG1P,17,-0.789015,8.812396,7.171195
HEI,E3,E3_Min4_Field_Depth_LogSalinity,SVR_RBF,LOG1P,18,-0.686914,26.319192,18.417352
HEI,E3,E3_Min4_Field_Depth_LogSalinity,SVR_RBF,LOG1P,19,-0.215968,31.722517,15.898214
HEI,E3,E3_Min4_Field_Depth_LogSalinity,SVR_RBF,LOG1P,20,-0.393937,5.060025,3.949298
HEI,E3,E3_Min4_Field_Depth_LogSalinity,SVR_RBF,LOG1P,21,-0.675491,14.788742,10.386517
HEI,E3,E3_Min4_Field_Depth_LogSalinity,SVR_RBF,LOG1P,22,-0.237816,21.842071,11.853475
HEI,E3,E3_Min4_Field_Depth_LogSalinity,SVR_RBF,LOG1P,23,-0.266645,31.732085,17.694127
HEI,E3,E3_Min4_Field_Depth_LogSalinity,SVR_RBF,LOG1P,24,-0.493248,7.260942,6.725583
HEI,E3,E3_Min4_Field_Depth_LogSalinity,SVR_RBF,LOG1P,25,-0.322143,13.409379,9.82331
HEI,E3,E3_Min4_Field_Depth_LogSalinity,PLS,RAW,1,-7.298154,19.502694,15.497373
HEI,E3,E3_Min4_Field_Depth_LogSalinity,PLS,RAW,2,-0.232934,35.306186,20.907352
HEI,E3,E3_Min4_Field_Depth_LogSalinity,PLS,RAW,3,-0.145619,9.264904,8.522037
HEI,E3,E3_Min4_Field_Depth_LogSalinity,PLS,RAW,4,-23.442563,10.792131,10.427081
HEI,E3,E3_Min4_Field_Depth_LogSalinity,PLS,RAW,5,-0.925634,16.171555,11.84188
HEI,E3,E3_Min4_Field_Depth_LogSalinity,PLS,RAW,6,-4.445022,16.688184,12.52426
HEI,E3,E3_Min4_Field_Depth_LogSalinity,PLS,RAW,7,0.011386,19.433521,13.202917
HEI,E3,E3_Min4_Field_Depth_LogSalinity,PLS,RAW,8,-0.106028,7.253112,6.331877
HEI,E3,E3_Min4_Field_Depth_LogSalinity,PLS,RAW,9,-0.553118,15.549132,12.483402
HEI,E3,E3_Min4_Field_Depth_LogSalinity,PLS,RAW,10,-0.090935,30.318779,18.483987
HEI,E3,E3_Min4_Field_Depth_LogSalinity,PLS,RAW,11,-0.077002,19.646153,12.116127
HEI,E3,E3_Min4_Field_Depth_LogSalinity,PLS,RAW,12,-1.41433,9.579019,9.213281
HEI,E3,E3_Min4_Field_Depth_LogSalinity,PLS,RAW,13,-1.676816,18.838581,14.945352
HEI,E3,E3_Min4_Field_Depth_LogSalinity,PLS,RAW,14,-0.094105,29.563969,18.036801
HEI,E3,E3_Min4_Field_Depth_LogSalinity,PLS,RAW,15,-0.164171,12.0552,8.087389
HEI,E3,E3_Min4_Field_Depth_LogSalinity,PLS,RAW,16,-1.374605,10.75845,9.268012
HEI,E3,E3_Min4_Field_Depth_LogSalinity,PLS,RAW,17,-0.199021,7.214405,5.895502
HEI,E3,E3_Min4_Field_Depth_LogSalinity,PLS,RAW,18,-0.423807,24.179741,17.664502
HEI,E3,E3_Min4_Field_Depth_LogSalinity,PLS,RAW,19,-0.024303,29.115263,17.69964
HEI,E3,E3_Min4_Field_Depth_LogSalinity,PLS,RAW,20,-9.273491,13.736943,9.247257
HEI,E3,E3_Min4_Field_Depth_LogSalinity,PLS,RAW,21,-0.327178,13.162085,9.071851
HEI,E3,E3_Min4_Field_Depth_LogSalinity,PLS,RAW,22,-0.015925,19.787757,14.044007
HEI,E3,E3_Min4_Field_Depth_LogSalinity,PLS,RAW,23,-0.09297,29.47646,15.456317
HEI,E3,E3_Min4_Field_Depth_LogSalinity,PLS,RAW,24,-9.60265,19.34792,16.116255
HEI,E3,E3_Min4_Field_Depth_LogSalinity,PLS,RAW,25,-0.575651,14.638597,12.343219
HEI,E3,E3_Min4_Field_Depth_LogSalinity,PLS,LOG1P,1,-1.880296,11.490063,9.379152
HEI,E3,E3_Min4_Field_Depth_LogSalinity,PLS,LOG1P,2,-0.286559,36.06582,19.488851
HEI,E3,E3_Min4_Field_Depth_LogSalinity,PLS,LOG1P,3,-0.221979,9.568694,7.786131
HEI,E3,E3_Min4_Field_Depth_LogSalinity,PLS,LOG1P,4,-6.207733,5.86048,5.458788
HEI,E3,E3_Min4_Field_Depth_LogSalinity,PLS,LOG1P,5,-1.46464,18.295391,14.420625
HEI,E3,E3_Min4_Field_Depth_LogSalinity,PLS,LOG1P,6,-1.040046,10.214786,8.736129
HEI,E3,E3_Min4_Field_Depth_LogSalinity,PLS,LOG1P,7,-0.130941,20.785393,11.447227
HEI,E3,E3_Min4_Field_Depth_LogSalinity,PLS,LOG1P,8,-0.069318,7.131728,5.46216
HEI,E3,E3_Min4_Field_Depth_LogSalinity,PLS,LOG1P,9,-0.336837,14.425907,10.364071
HEI,E3,E3_Min4_Field_Depth_LogSalinity,PLS,LOG1P,10,-0.175731,31.475045,15.631341
HEI,E3,E3_Min4_Field_Depth_LogSalinity,PLS,LOG1P,11,-0.327812,21.814117,12.177293
HEI,E3,E3_Min4_Field_Depth_LogSalinity,PLS,LOG1P,12,-0.242284,6.871208,6.045603
HEI,E3,E3_Min4_Field_Depth_LogSalinity,PLS,LOG1P,13,-0.127314,12.22535,8.415963
HEI,E3,E3_Min4_Field_Depth_LogSalinity,PLS,LOG1P,14,-0.152426,30.341686,15.441448
HEI,E3,E3_Min4_Field_Depth_LogSalinity,PLS,LOG1P,15,-0.446688,13.43858,9.230151
HEI,E3,E3_Min4_Field_Depth_LogSalinity,PLS,LOG1P,16,-0.252911,7.814733,5.990442
HEI,E3,E3_Min4_Field_Depth_LogSalinity,PLS,LOG1P,17,-0.239379,7.334813,6.240615
HEI,E3,E3_Min4_Field_Depth_LogSalinity,PLS,LOG1P,18,-0.734001,26.683988,18.561979
HEI,E3,E3_Min4_Field_Depth_LogSalinity,PLS,LOG1P,19,-0.073992,29.813102,15.320677
HEI,E3,E3_Min4_Field_Depth_LogSalinity,PLS,LOG1P,20,-0.481203,5.216009,4.773095
HEI,E3,E3_Min4_Field_Depth_LogSalinity,PLS,LOG1P,21,-0.74167,15.077979,10.561004
HEI,E3,E3_Min4_Field_Depth_LogSalinity,PLS,LOG1P,22,-0.169381,21.229699,11.884719
HEI,E3,E3_Min4_Field_Depth_LogSalinity,PLS,LOG1P,23,-0.149223,30.225486,14.338493
HEI,E3,E3_Min4_Field_Depth_LogSalinity,PLS,LOG1P,24,-1.198981,8.811255,8.065565
HEI,E3,E3_Min4_Field_Depth_LogSalinity,PLS,LOG1P,25,-0.157295,12.545601,9.649871
HEI,E3,E3_Min4_Field_Depth_LogSalinity,Lasso,RAW,1,-6.794383,18.901433,15.0683
HEI,E3,E3_Min4_Field_Depth_LogSalinity,Lasso,RAW,2,-0.305395,36.328879,21.400073
HEI,E3,E3_Min4_Field_Depth_LogSalinity,Lasso,RAW,3,-0.461837,10.465747,9.600358
HEI,E3,E3_Min4_Field_Depth_LogSalinity,Lasso,RAW,4,-22.831946,10.656475,10.266024
HEI,E3,E3_Min4_Field_Depth_LogSalinity,Lasso,RAW,5,-1.304073,17.689398,13.493987
HEI,E3,E3_Min4_Field_Depth_LogSalinity,Lasso,RAW,6,-3.952074,15.914859,12.063632
HEI,E3,E3_Min4_Field_Depth_LogSalinity,Lasso,RAW,7,0.016289,19.385278,13.094569
HEI,E3,E3_Min4_Field_Depth_LogSalinity,Lasso,RAW,8,-0.111306,7.270398,6.306683
HEI,E3,E3_Min4_Field_Depth_LogSalinity,Lasso,RAW,9,-1.192334,18.473843,15.52793
HEI,E3,E3_Min4_Field_Depth_LogSalinity,Lasso,RAW,10,-0.101797,30.469351,18.537691
HEI,E3,E3_Min4_Field_Depth_LogSalinity,Lasso,RAW,11,-0.099862,19.853559,12.317372
HEI,E3,E3_Min4_Field_Depth_LogSalinity,Lasso,RAW,12,-1.470997,9.690782,9.130665
HEI,E3,E3_Min4_Field_Depth_LogSalinity,Lasso,RAW,13,-1.522583,18.287808,14.446082
HEI,E3,E3_Min4_Field_Depth_LogSalinity,Lasso,RAW,14,-0.104797,29.708072,18.122
HEI,E3,E3_Min4_Field_Depth_LogSalinity,Lasso,RAW,15,-0.37076,13.081174,8.59067
HEI,E3,E3_Min4_Field_Depth_LogSalinity,Lasso,RAW,16,-1.806007,11.69495,9.826587
HEI,E3,E3_Min4_Field_Depth_LogSalinity,Lasso,RAW,17,-0.290289,7.483945,5.758246
HEI,E3,E3_Min4_Field_Depth_LogSalinity,Lasso,RAW,18,-0.594286,25.586402,18.440422
HEI,E3,E3_Min4_Field_Depth_LogSalinity,Lasso,RAW,19,-0.050852,29.490171,17.734439
HEI,E3,E3_Min4_Field_Depth_LogSalinity,Lasso,RAW,20,-8.55424,13.247354,9.125714
HEI,E3,E3_Min4_Field_Depth_LogSalinity,Lasso,RAW,21,-0.839029,15.493677,10.1985
HEI,E3,E3_Min4_Field_Depth_LogSalinity,Lasso,RAW,22,-0.022259,19.849351,14.261648
HEI,E3,E3_Min4_Field_Depth_LogSalinity,Lasso,RAW,23,-0.162691,30.402084,16.834006
HEI,E3,E3_Min4_Field_Depth_LogSalinity,Lasso,RAW,24,-9.11908,18.901558,15.793765
HEI,E3,E3_Min4_Field_Depth_LogSalinity,Lasso,RAW,25,-0.746585,15.412191,13.081809
HEI,E3,E3_Min4_Field_Depth_LogSalinity,Lasso,LOG1P,1,-0.232103,7.514971,7.027171
HEI,E3,E3_Min4_Field_Depth_LogSalinity,Lasso,LOG1P,2,-0.277687,35.94125,19.243708
HEI,E3,E3_Min4_Field_Depth_LogSalinity,Lasso,LOG1P,3,-0.083203,9.00898,7.479341
HEI,E3,E3_Min4_Field_Depth_LogSalinity,Lasso,LOG1P,4,-3.267447,4.509391,4.30744
HEI,E3,E3_Min4_Field_Depth_LogSalinity,Lasso,LOG1P,5,-1.447782,18.232712,14.37215
HEI,E3,E3_Min4_Field_Depth_LogSalinity,Lasso,LOG1P,6,-0.210705,7.869162,6.84366
HEI,E3,E3_Min4_Field_Depth_LogSalinity,Lasso,LOG1P,7,-0.121353,20.697098,11.251762
HEI,E3,E3_Min4_Field_Depth_LogSalinity,Lasso,LOG1P,8,-0.257961,7.735262,5.594773
HEI,E3,E3_Min4_Field_Depth_LogSalinity,Lasso,LOG1P,9,-0.22825,13.827616,9.955213
HEI,E3,E3_Min4_Field_Depth_LogSalinity,Lasso,LOG1P,10,-0.184288,31.589366,15.885443
HEI,E3,E3_Min4_Field_Depth_LogSalinity,Lasso,LOG1P,11,-0.305042,21.626274,11.989013
HEI,E3,E3_Min4_Field_Depth_LogSalinity,Lasso,LOG1P,12,-0.134599,6.566649,5.578969
HEI,E3,E3_Min4_Field_Depth_LogSalinity,Lasso,LOG1P,13,-0.051194,11.80539,7.727272
HEI,E3,E3_Min4_Field_Depth_LogSalinity,Lasso,LOG1P,14,-0.168379,30.550976,15.487263
HEI,E3,E3_Min4_Field_Depth_LogSalinity,Lasso,LOG1P,15,-0.389279,13.169241,9.117449
HEI,E3,E3_Min4_Field_Depth_LogSalinity,Lasso,LOG1P,16,-0.117311,7.37974,5.523278
HEI,E3,E3_Min4_Field_Depth_LogSalinity,Lasso,LOG1P,17,-0.240237,7.337354,6.234392
HEI,E3,E3_Min4_Field_Depth_LogSalinity,Lasso,LOG1P,18,-0.731353,26.663603,18.418301
HEI,E3,E3_Min4_Field_Depth_LogSalinity,Lasso,LOG1P,19,-0.09096,30.047685,15.344493
HEI,E3,E3_Min4_Field_Depth_LogSalinity,Lasso,LOG1P,20,-0.299799,4.886177,4.45647
HEI,E3,E3_Min4_Field_Depth_LogSalinity,Lasso,LOG1P,21,-0.643927,14.648779,10.005662
HEI,E3,E3_Min4_Field_Depth_LogSalinity,Lasso,LOG1P,22,-0.155429,21.102672,11.559693
HEI,E3,E3_Min4_Field_Depth_LogSalinity,Lasso,LOG1P,23,-0.125408,29.910672,14.306268
HEI,E3,E3_Min4_Field_Depth_LogSalinity,Lasso,LOG1P,24,-0.264956,6.682898,5.943507
HEI,E3,E3_Min4_Field_Depth_LogSalinity,Lasso,LOG1P,25,-0.114826,12.313262,9.316152
HEI,E3,E3_Min4_Field_Depth_LogSalinity,Ridge,RAW,1,-6.568402,18.625415,14.891813
HEI,E3,E3_Min4_Field_Depth_LogSalinity,Ridge,RAW,2,-0.28655,36.065694,21.276823
HEI,E3,E3_Min4_Field_Depth_LogSalinity,Ridge,RAW,3,-0.341932,10.027347,9.237994
HEI,E3,E3_Min4_Field_Depth_LogSalinity,Ridge,RAW,4,-22.404974,10.560584,10.160581
HEI,E3,E3_Min4_Field_Depth_LogSalinity,Ridge,RAW,5,-1.134228,17.024931,12.779685
HEI,E3,E3_Min4_Field_Depth_LogSalinity,Ridge,RAW,6,-3.856858,15.761116,11.951179
HEI,E3,E3_Min4_Field_Depth_LogSalinity,Ridge,RAW,7,0.015148,19.396517,13.125746
HEI,E3,E3_Min4_Field_Depth_LogSalinity,Ridge,RAW,8,-0.105881,7.252632,6.305275
HEI,E3,E3_Min4_Field_Depth_LogSalinity,Ridge,RAW,9,-0.850552,16.972841,14.113812
HEI,E3,E3_Min4_Field_Depth_LogSalinity,Ridge,RAW,10,-0.112972,30.623471,18.477263
HEI,E3,E3_Min4_Field_Depth_LogSalinity,Ridge,RAW,11,-0.093257,19.793864,12.249944
HEI,E3,E3_Min4_Field_Depth_LogSalinity,Ridge,RAW,12,-1.455525,9.660394,9.13304
HEI,E3,E3_Min4_Field_Depth_LogSalinity,Ridge,RAW,13,-1.455857,18.044318,14.206556
HEI,E3,E3_Min4_Field_Depth_LogSalinity,Ridge,RAW,14,-0.118668,29.893988,18.111365
HEI,E3,E3_Min4_Field_Depth_LogSalinity,Ridge,RAW,15,-0.276946,12.625608,8.422851
HEI,E3,E3_Min4_Field_Depth_LogSalinity,Ridge,RAW,16,-1.596846,11.250637,9.633594
HEI,E3,E3_Min4_Field_Depth_LogSalinity,Ridge,RAW,17,-0.244698,7.350536,5.664884
HEI,E3,E3_Min4_Field_Depth_LogSalinity,Ridge,RAW,18,-0.51685,24.957286,17.746391
HEI,E3,E3_Min4_Field_Depth_LogSalinity,Ridge,RAW,19,-0.056533,29.569782,17.733332
HEI,E3,E3_Min4_Field_Depth_LogSalinity,Ridge,RAW,20,-8.328172,13.08969,9.063913
HEI,E3,E3_Min4_Field_Depth_LogSalinity,Ridge,RAW,21,-0.612317,14.507261,9.549295
HEI,E3,E3_Min4_Field_Depth_LogSalinity,Ridge,RAW,22,-0.017869,19.806683,14.188222
HEI,E3,E3_Min4_Field_Depth_LogSalinity,Ridge,RAW,23,-0.133688,30.020504,16.389481
HEI,E3,E3_Min4_Field_Depth_LogSalinity,Ridge,RAW,24,-8.981231,18.772371,15.684972
HEI,E3,E3_Min4_Field_Depth_LogSalinity,Ridge,RAW,25,-0.679638,15.113929,12.813462
HEI,E3,E3_Min4_Field_Depth_LogSalinity,Ridge,LOG1P,1,-1.685704,11.095143,9.178274
HEI,E3,E3_Min4_Field_Depth_LogSalinity,Ridge,LOG1P,2,-0.315978,36.475843,19.89533
HEI,E3,E3_Min4_Field_Depth_LogSalinity,Ridge,LOG1P,3,-0.272131,9.763078,8.014944
HEI,E3,E3_Min4_Field_Depth_LogSalinity,Ridge,LOG1P,4,-7.48156,6.357285,5.862748
HEI,E3,E3_Min4_Field_Depth_LogSalinity,Ridge,LOG1P,5,-1.496018,18.411486,14.489204
HEI,E3,E3_Min4_Field_Depth_LogSalinity,Ridge,LOG1P,6,-0.939612,9.960168,8.584809
HEI,E3,E3_Min4_Field_Depth_LogSalinity,Ridge,LOG1P,7,-0.157246,21.02573,12.481684
HEI,E3,E3_Min4_Field_Depth_LogSalinity,Ridge,LOG1P,8,-0.073649,7.146156,5.460518
HEI,E3,E3_Min4_Field_Depth_LogSalinity,Ridge,LOG1P,9,-0.402288,14.774829,10.546795
HEI,E3,E3_Min4_Field_Depth_LogSalinity,Ridge,LOG1P,10,-0.182408,31.564293,15.579135
HEI,E3,E3_Min4_Field_Depth_LogSalinity,Ridge,LOG1P,11,-0.330006,21.832132,12.198603
HEI,E3,E3_Min4_Field_Depth_LogSalinity,Ridge,LOG1P,12,-0.231007,6.839949,5.992999
HEI,E3,E3_Min4_Field_Depth_LogSalinity,Ridge,LOG1P,13,-0.172088,12.465769,8.705227
HEI,E3,E3_Min4_Field_Depth_LogSalinity,Ridge,LOG1P,14,-0.163136,30.482348,15.470089
HEI,E3,E3_Min4_Field_Depth_LogSalinity,Ridge,LOG1P,15,-0.455516,13.479523,9.19519
HEI,E3,E3_Min4_Field_Depth_LogSalinity,Ridge,LOG1P,16,-0.269687,7.866876,5.871401
HEI,E3,E3_Min4_Field_Depth_LogSalinity,Ridge,LOG1P,17,-0.229634,7.305922,6.191461
HEI,E3,E3_Min4_Field_Depth_LogSalinity,Ridge,LOG1P,18,-0.754655,26.842438,18.686863
HEI,E3,E3_Min4_Field_Depth_LogSalinity,Ridge,LOG1P,19,-0.101201,30.188386,15.344053
HEI,E3,E3_Min4_Field_Depth_LogSalinity,Ridge,LOG1P,20,-0.52752,5.296933,4.848421
HEI,E3,E3_Min4_Field_Depth_LogSalinity,Ridge,LOG1P,21,-0.774677,15.220181,10.640608
HEI,E3,E3_Min4_Field_Depth_LogSalinity,Ridge,LOG1P,22,-0.167866,21.215941,11.860243
HEI,E3,E3_Min4_Field_Depth_LogSalinity,Ridge,LOG1P,23,-0.173332,30.540885,14.94758
HEI,E3,E3_Min4_Field_Depth_LogSalinity,Ridge,LOG1P,24,-1.663534,9.69742,8.785449
HEI,E3,E3_Min4_Field_Depth_LogSalinity,Ridge,LOG1P,25,-0.171985,12.624973,9.815565
HEI,E3,E3_Min4_Field_Depth_LogSalinity,ElasticNet,RAW,1,-6.401194,18.41852,14.788109
HEI,E3,E3_Min4_Field_Depth_LogSalinity,ElasticNet,RAW,2,-0.261753,35.716441,21.074032
HEI,E3,E3_Min4_Field_Depth_LogSalinity,ElasticNet,RAW,3,-0.274202,9.771022,9.025769
HEI,E3,E3_Min4_Field_Depth_LogSalinity,ElasticNet,RAW,4,-22.738219,10.6355,10.269235
HEI,E3,E3_Min4_Field_Depth_LogSalinity,ElasticNet,RAW,5,-1.032934,16.616002,12.350443
HEI,E3,E3_Min4_Field_Depth_LogSalinity,ElasticNet,RAW,6,-3.729043,15.552346,11.777998
HEI,E3,E3_Min4_Field_Depth_LogSalinity,ElasticNet,RAW,7,0.012101,19.426492,13.186028
HEI,E3,E3_Min4_Field_Depth_LogSalinity,ElasticNet,RAW,8,-0.099786,7.232618,6.271151
HEI,E3,E3_Min4_Field_Depth_LogSalinity,ElasticNet,RAW,9,-0.70323,16.283228,13.46608
HEI,E3,E3_Min4_Field_Depth_LogSalinity,ElasticNet,RAW,10,-0.102152,30.474256,18.517
HEI,E3,E3_Min4_Field_Depth_LogSalinity,ElasticNet,RAW,11,-0.090375,19.767753,12.196055
HEI,E3,E3_Min4_Field_Depth_LogSalinity,ElasticNet,RAW,12,-1.457986,9.665235,9.214189
HEI,E3,E3_Min4_Field_Depth_LogSalinity,ElasticNet,RAW,13,-1.378047,17.756162,13.835679
HEI,E3,E3_Min4_Field_Depth_LogSalinity,ElasticNet,RAW,14,-0.102622,29.678814,18.069596
HEI,E3,E3_Min4_Field_Depth_LogSalinity,ElasticNet,RAW,15,-0.218189,12.331711,8.332761
HEI,E3,E3_Min4_Field_Depth_LogSalinity,ElasticNet,RAW,16,-1.446608,10.920342,9.503512
HEI,E3,E3_Min4_Field_Depth_LogSalinity,ElasticNet,RAW,17,-0.205454,7.233731,5.700933
HEI,E3,E3_Min4_Field_Depth_LogSalinity,ElasticNet,RAW,18,-0.480178,24.653753,17.511608
HEI,E3,E3_Min4_Field_Depth_LogSalinity,ElasticNet,RAW,19,-0.040822,29.349103,17.720476
HEI,E3,E3_Min4_Field_Depth_LogSalinity,ElasticNet,RAW,20,-8.120395,12.943088,9.102145
HEI,E3,E3_Min4_Field_Depth_LogSalinity,ElasticNet,RAW,21,-0.493799,13.963885,9.37475
HEI,E3,E3_Min4_Field_Depth_LogSalinity,ElasticNet,RAW,22,-0.015761,19.786158,14.093281
HEI,E3,E3_Min4_Field_Depth_LogSalinity,ElasticNet,RAW,23,-0.104307,29.628938,15.988023
HEI,E3,E3_Min4_Field_Depth_LogSalinity,ElasticNet,RAW,24,-8.565985,18.377733,15.34998
HEI,E3,E3_Min4_Field_Depth_LogSalinity,ElasticNet,RAW,25,-0.60926,14.793897,12.521192
HEI,E3,E3_Min4_Field_Depth_LogSalinity,ElasticNet,LOG1P,1,-0.587101,8.529156,7.799347
HEI,E3,E3_Min4_Field_Depth_LogSalinity,ElasticNet,LOG1P,2,-0.28657,36.065972,19.399648
HEI,E3,E3_Min4_Field_Depth_LogSalinity,ElasticNet,LOG1P,3,-0.139908,9.24178,7.591306
HEI,E3,E3_Min4_Field_Depth_LogSalinity,ElasticNet,LOG1P,4,-4.227491,4.990919,4.662228
HEI,E3,E3_Min4_Field_Depth_LogSalinity,ElasticNet,LOG1P,5,-1.46097,18.281765,14.413387
HEI,E3,E3_Min4_Field_Depth_LogSalinity,ElasticNet,LOG1P,6,-0.418622,8.518098,7.531516
HEI,E3,E3_Min4_Field_Depth_LogSalinity,ElasticNet,LOG1P,7,-0.131615,20.79158,11.525835
HEI,E3,E3_Min4_Field_Depth_LogSalinity,ElasticNet,LOG1P,8,-0.165924,7.446917,5.523405
HEI,E3,E3_Min4_Field_Depth_LogSalinity,ElasticNet,LOG1P,9,-0.279681,14.11415,10.131393
HEI,E3,E3_Min4_Field_Depth_LogSalinity,ElasticNet,LOG1P,10,-0.178126,31.50708,15.715323
HEI,E3,E3_Min4_Field_Depth_LogSalinity,ElasticNet,LOG1P,11,-0.316057,21.717347,12.094088
HEI,E3,E3_Min4_Field_Depth_LogSalinity,ElasticNet,LOG1P,12,-0.184441,6.709334,5.816927
HEI,E3,E3_Min4_Field_Depth_LogSalinity,ElasticNet,LOG1P,13,-0.05508,11.827194,7.826517
HEI,E3,E3_Min4_Field_Depth_LogSalinity,ElasticNet,LOG1P,14,-0.157807,30.412439,15.51132
HEI,E3,E3_Min4_Field_Depth_LogSalinity,ElasticNet,LOG1P,15,-0.420726,13.317452,9.15827
HEI,E3,E3_Min4_Field_Depth_LogSalinity,ElasticNet,LOG1P,16,-0.184058,7.596973,5.748949
HEI,E3,E3_Min4_Field_Depth_LogSalinity,ElasticNet,LOG1P,17,-0.230801,7.309388,6.215724
HEI,E3,E3_Min4_Field_Depth_LogSalinity,ElasticNet,LOG1P,18,-0.736847,26.705881,18.505282
HEI,E3,E3_Min4_Field_Depth_LogSalinity,ElasticNet,LOG1P,19,-0.082004,29.9241,15.319384
HEI,E3,E3_Min4_Field_Depth_LogSalinity,ElasticNet,LOG1P,20,-0.383968,5.041899,4.633402
HEI,E3,E3_Min4_Field_Depth_LogSalinity,ElasticNet,LOG1P,21,-0.692422,14.863276,10.204452
HEI,E3,E3_Min4_Field_Depth_LogSalinity,ElasticNet,LOG1P,22,-0.155293,21.101432,11.625435
HEI,E3,E3_Min4_Field_Depth_LogSalinity,ElasticNet,LOG1P,23,-0.12315,29.880649,14.099064
HEI,E3,E3_Min4_Field_Depth_LogSalinity,ElasticNet,LOG1P,24,-0.497785,7.271966,6.712259
HEI,E3,E3_Min4_Field_Depth_LogSalinity,ElasticNet,LOG1P,25,-0.119169,12.337219,9.395536
HEI,E4,E4_Min5_Field_Depth_Interactions,SVR_RBF,RAW,1,0.056692,6.575527,5.237891
HEI,E4,E4_Min5_Field_Depth_Interactions,SVR_RBF,RAW,2,-0.321842,36.557023,19.354383
HEI,E4,E4_Min5_Field_Depth_Interactions,SVR_RBF,RAW,3,0.073975,8.329752,6.666009
HEI,E4,E4_Min5_Field_Depth_Interactions,SVR_RBF,RAW,4,-2.194004,3.90123,3.089666
HEI,E4,E4_Min5_Field_Depth_Interactions,SVR_RBF,RAW,5,-1.441897,18.210781,14.344047
HEI,E4,E4_Min5_Field_Depth_Interactions,SVR_RBF,RAW,6,-0.01019,7.188047,5.577623
HEI,E4,E4_Min5_Field_Depth_Interactions,SVR_RBF,RAW,7,-0.137674,20.847174,11.135055
HEI,E4,E4_Min5_Field_Depth_Interactions,SVR_RBF,RAW,8,-0.449774,8.304079,5.908393
HEI,E4,E4_Min5_Field_Depth_Interactions,SVR_RBF,RAW,9,-0.13545,13.294986,9.226895
HEI,E4,E4_Min5_Field_Depth_Interactions,SVR_RBF,RAW,10,-0.231307,32.210352,16.01108
HEI,E4,E4_Min5_Field_Depth_Interactions,SVR_RBF,RAW,11,-0.307073,21.643093,11.578238
HEI,E4,E4_Min5_Field_Depth_Interactions,SVR_RBF,RAW,12,0.056768,5.987313,4.639156
HEI,E4,E4_Min5_Field_Depth_Interactions,SVR_RBF,RAW,13,-0.119689,12.183939,7.423856
HEI,E4,E4_Min5_Field_Depth_Interactions,SVR_RBF,RAW,14,-0.202998,31.000278,15.902175
HEI,E4,E4_Min5_Field_Depth_Interactions,SVR_RBF,RAW,15,-0.341277,12.939731,9.040491
HEI,E4,E4_Min5_Field_Depth_Interactions,SVR_RBF,RAW,16,0.117675,6.557952,4.30999
HEI,E4,E4_Min5_Field_Depth_Interactions,SVR_RBF,RAW,17,-0.583288,8.290239,7.058002
HEI,E4,E4_Min5_Field_Depth_Interactions,SVR_RBF,RAW,18,-0.697745,26.403548,18.350331
HEI,E4,E4_Min5_Field_Depth_Interactions,SVR_RBF,RAW,19,-0.131243,30.597396,15.208712
HEI,E4,E4_Min5_Field_Depth_Interactions,SVR_RBF,RAW,20,-0.124879,4.545525,3.588777
HEI,E4,E4_Min5_Field_Depth_Interactions,SVR_RBF,RAW,21,-0.541982,14.187301,9.620921
HEI,E4,E4_Min5_Field_Depth_Interactions,SVR_RBF,RAW,22,-0.184963,21.370671,11.626632
HEI,E4,E4_Min5_Field_Depth_Interactions,SVR_RBF,RAW,23,-0.187773,30.728253,14.544917
HEI,E4,E4_Min5_Field_Depth_Interactions,SVR_RBF,RAW,24,0.11877,5.577913,3.907758
HEI,E4,E4_Min5_Field_Depth_Interactions,SVR_RBF,RAW,25,-0.257153,13.07566,9.59568
HEI,E4,E4_Min5_Field_Depth_Interactions,SVR_RBF,LOG1P,1,-0.076467,7.024319,5.377683
HEI,E4,E4_Min5_Field_Depth_Interactions,SVR_RBF,LOG1P,2,-0.377697,37.32139,19.741799
HEI,E4,E4_Min5_Field_Depth_Interactions,SVR_RBF,LOG1P,3,0.219459,7.647486,6.316946
HEI,E4,E4_Min5_Field_Depth_Interactions,SVR_RBF,LOG1P,4,-8.668193,6.787448,6.563394
HEI,E4,E4_Min5_Field_Depth_Interactions,SVR_RBF,LOG1P,5,-1.266771,17.545623,13.778472
HEI,E4,E4_Min5_Field_Depth_Interactions,SVR_RBF,LOG1P,6,-0.065125,7.380904,5.748842
HEI,E4,E4_Min5_Field_Depth_Interactions,SVR_RBF,LOG1P,7,-0.194221,21.358979,12.418804
HEI,E4,E4_Min5_Field_Depth_Interactions,SVR_RBF,LOG1P,8,-0.528165,8.525631,5.864031
HEI,E4,E4_Min5_Field_Depth_Interactions,SVR_RBF,LOG1P,9,-0.066074,12.882423,9.164376
HEI,E4,E4_Min5_Field_Depth_Interactions,SVR_RBF,LOG1P,10,-0.311891,33.247671,17.637995
HEI,E4,E4_Min5_Field_Depth_Interactions,SVR_RBF,LOG1P,11,-0.295475,21.546851,11.495256
HEI,E4,E4_Min5_Field_Depth_Interactions,SVR_RBF,LOG1P,12,-0.228401,6.832707,5.591895
HEI,E4,E4_Min5_Field_Depth_Interactions,SVR_RBF,LOG1P,13,-0.104977,12.103627,7.669641
HEI,E4,E4_Min5_Field_Depth_Interactions,SVR_RBF,LOG1P,14,-0.253294,31.641686,15.968444
HEI,E4,E4_Min5_Field_Depth_Interactions,SVR_RBF,LOG1P,15,-0.163722,12.052873,8.450654
HEI,E4,E4_Min5_Field_Depth_Interactions,SVR_RBF,LOG1P,16,0.24591,6.062694,4.023969
HEI,E4,E4_Min5_Field_Depth_Interactions,SVR_RBF,LOG1P,17,-0.796289,8.830293,7.824981
HEI,E4,E4_Min5_Field_Depth_Interactions,SVR_RBF,LOG1P,18,-0.678657,26.254696,18.426349
HEI,E4,E4_Min5_Field_Depth_Interactions,SVR_RBF,LOG1P,19,-0.193407,31.426857,15.201804
HEI,E4,E4_Min5_Field_Depth_Interactions,SVR_RBF,LOG1P,20,-0.479554,5.213104,3.749756
HEI,E4,E4_Min5_Field_Depth_Interactions,SVR_RBF,LOG1P,21,-0.608686,14.490914,10.373242
HEI,E4,E4_Min5_Field_Depth_Interactions,SVR_RBF,LOG1P,22,-0.254466,21.988481,12.58842
HEI,E4,E4_Min5_Field_Depth_Interactions,SVR_RBF,LOG1P,23,-0.231916,31.294054,16.002597
HEI,E4,E4_Min5_Field_Depth_Interactions,SVR_RBF,LOG1P,24,-0.153487,6.381657,5.801536
HEI,E4,E4_Min5_Field_Depth_Interactions,SVR_RBF,LOG1P,25,-0.343344,13.516464,9.793867
HEI,E4,E4_Min5_Field_Depth_Interactions,PLS,RAW,1,-8.034926,20.350082,16.057265
HEI,E4,E4_Min5_Field_Depth_Interactions,PLS,RAW,2,-0.260224,35.694793,21.022966
HEI,E4,E4_Min5_Field_Depth_Interactions,PLS,RAW,3,-0.205888,9.505485,8.882735
HEI,E4,E4_Min5_Field_Depth_Interactions,PLS,RAW,4,-21.615551,10.380958,10.062576
HEI,E4,E4_Min5_Field_Depth_Interactions,PLS,RAW,5,-0.904134,16.081025,11.708217
HEI,E4,E4_Min5_Field_Depth_Interactions,PLS,RAW,6,-5.355144,18.029013,12.920819
HEI,E4,E4_Min5_Field_Depth_Interactions,PLS,RAW,7,0.015508,19.392966,13.23283
HEI,E4,E4_Min5_Field_Depth_Interactions,PLS,RAW,8,-0.10538,7.250987,6.509746
HEI,E4,E4_Min5_Field_Depth_Interactions,PLS,RAW,9,-0.391461,14.717684,11.983772
HEI,E4,E4_Min5_Field_Depth_Interactions,PLS,RAW,10,-0.082204,30.197218,18.35645
HEI,E4,E4_Min5_Field_Depth_Interactions,PLS,RAW,11,-0.052586,19.422191,12.403781
HEI,E4,E4_Min5_Field_Depth_Interactions,PLS,RAW,12,-1.330549,9.411348,8.989716
HEI,E4,E4_Min5_Field_Depth_Interactions,PLS,RAW,13,-2.219533,20.660239,16.016359
HEI,E4,E4_Min5_Field_Depth_Interactions,PLS,RAW,14,-0.083138,29.415419,18.101915
HEI,E4,E4_Min5_Field_Depth_Interactions,PLS,RAW,15,-0.096656,11.70041,8.134272
HEI,E4,E4_Min5_Field_Depth_Interactions,PLS,RAW,16,-1.331882,10.66123,9.122932
HEI,E4,E4_Min5_Field_Depth_Interactions,PLS,RAW,17,-0.0762,6.834921,5.798117
HEI,E4,E4_Min5_Field_Depth_Interactions,PLS,RAW,18,-0.416432,24.11704,18.275501
HEI,E4,E4_Min5_Field_Depth_Interactions,PLS,RAW,19,-0.02095,29.067575,17.672063
HEI,E4,E4_Min5_Field_Depth_Interactions,PLS,RAW,20,-12.805932,15.924432,10.280834
HEI,E4,E4_Min5_Field_Depth_Interactions,PLS,RAW,21,-0.208072,12.557598,9.418742
HEI,E4,E4_Min5_Field_Depth_Interactions,PLS,RAW,22,0.002189,19.610558,13.917223
HEI,E4,E4_Min5_Field_Depth_Interactions,PLS,RAW,23,-0.056091,28.9749,15.125354
HEI,E4,E4_Min5_Field_Depth_Interactions,PLS,RAW,24,-14.535333,23.420025,18.440724
HEI,E4,E4_Min5_Field_Depth_Interactions,PLS,RAW,25,-0.707144,15.237181,12.972421
HEI,E4,E4_Min5_Field_Depth_Interactions,PLS,LOG1P,1,-4.668603,16.11914,11.401463
HEI,E4,E4_Min5_Field_Depth_Interactions,PLS,LOG1P,2,-0.310242,36.396264,19.709735
HEI,E4,E4_Min5_Field_Depth_Interactions,PLS,LOG1P,3,-0.17371,9.377806,7.695358
HEI,E4,E4_Min5_Field_Depth_Interactions,PLS,LOG1P,4,-7.752357,6.457975,6.022464
HEI,E4,E4_Min5_Field_Depth_Interactions,PLS,LOG1P,5,-1.441542,18.209459,14.343948
HEI,E4,E4_Min5_Field_Depth_Interactions,PLS,LOG1P,6,-2.458342,13.299743,10.244494
HEI,E4,E4_Min5_Field_Depth_Interactions,PLS,LOG1P,7,-0.143937,20.904476,11.731595
HEI,E4,E4_Min5_Field_Depth_Interactions,PLS,LOG1P,8,-0.06656,7.122526,5.47358
HEI,E4,E4_Min5_Field_Depth_Interactions,PLS,LOG1P,9,-0.254737,13.975914,10.133113
HEI,E4,E4_Min5_Field_Depth_Interactions,PLS,LOG1P,10,-0.195614,31.740064,15.555095
HEI,E4,E4_Min5_Field_Depth_Interactions,PLS,LOG1P,11,-0.32858,21.820424,12.228345
HEI,E4,E4_Min5_Field_Depth_Interactions,PLS,LOG1P,12,-0.244446,6.877186,6.088628
HEI,E4,E4_Min5_Field_Depth_Interactions,PLS,LOG1P,13,-0.493771,14.072813,10.196179
HEI,E4,E4_Min5_Field_Depth_Interactions,PLS,LOG1P,14,-0.158949,30.427432,15.366827
HEI,E4,E4_Min5_Field_Depth_Interactions,PLS,LOG1P,15,-0.405812,13.247367,9.166873
HEI,E4,E4_Min5_Field_Depth_Interactions,PLS,LOG1P,16,-0.202009,7.654343,5.945703
HEI,E4,E4_Min5_Field_Depth_Interactions,PLS,LOG1P,17,-0.272323,7.431658,6.323602
HEI,E4,E4_Min5_Field_Depth_Interactions,PLS,LOG1P,18,-0.721546,26.587985,18.493253
HEI,E4,E4_Min5_Field_Depth_Interactions,PLS,LOG1P,19,-0.086687,29.988777,15.254806
HEI,E4,E4_Min5_Field_Depth_Interactions,PLS,LOG1P,20,-1.5692,6.869577,5.944103
HEI,E4,E4_Min5_Field_Depth_Interactions,PLS,LOG1P,21,-0.654161,14.694304,10.180669
HEI,E4,E4_Min5_Field_Depth_Interactions,PLS,LOG1P,22,-0.17103,21.244666,11.792129
HEI,E4,E4_Min5_Field_Depth_Interactions,PLS,LOG1P,23,-0.147952,30.208769,14.305943
HEI,E4,E4_Min5_Field_Depth_Interactions,PLS,LOG1P,24,-6.622154,16.40461,12.495583
HEI,E4,E4_Min5_Field_Depth_Interactions,PLS,LOG1P,25,-0.19317,12.73857,9.82408
HEI,E4,E4_Min5_Field_Depth_Interactions,Lasso,RAW,1,-10.757177,23.214289,17.089482
HEI,E4,E4_Min5_Field_Depth_Interactions,Lasso,RAW,2,-0.279084,35.960894,21.069023
HEI,E4,E4_Min5_Field_Depth_Interactions,Lasso,RAW,3,-0.427723,10.342911,8.893807
HEI,E4,E4_Min5_Field_Depth_Interactions,Lasso,RAW,4,-26.476809,11.442396,11.278796
HEI,E4,E4_Min5_Field_Depth_Interactions,Lasso,RAW,5,-1.008052,16.514005,12.082078
HEI,E4,E4_Min5_Field_Depth_Interactions,Lasso,RAW,6,-8.122708,21.600865,13.945528
HEI,E4,E4_Min5_Field_Depth_Interactions,Lasso,RAW,7,0.002418,19.521472,13.67347
HEI,E4,E4_Min5_Field_Depth_Interactions,Lasso,RAW,8,-0.165784,7.446471,6.332079
HEI,E4,E4_Min5_Field_Depth_Interactions,Lasso,RAW,9,-0.616653,15.863984,12.33266
HEI,E4,E4_Min5_Field_Depth_Interactions,Lasso,RAW,10,-0.084258,30.225862,18.349494
HEI,E4,E4_Min5_Field_Depth_Interactions,Lasso,RAW,11,-0.097505,19.832276,13.170587
HEI,E4,E4_Min5_Field_Depth_Interactions,Lasso,RAW,12,-1.511031,9.768969,9.331053
HEI,E4,E4_Min5_Field_Depth_Interactions,Lasso,RAW,13,-6.048893,30.570279,20.762748
HEI,E4,E4_Min5_Field_Depth_Interactions,Lasso,RAW,14,-0.081133,29.388182,18.079008
HEI,E4,E4_Min5_Field_Depth_Interactions,Lasso,RAW,15,-0.176563,12.119187,7.936007
HEI,E4,E4_Min5_Field_Depth_Interactions,Lasso,RAW,16,-2.541265,13.138121,10.95237
HEI,E4,E4_Min5_Field_Depth_Interactions,Lasso,RAW,17,-0.084838,6.862296,5.771913
HEI,E4,E4_Min5_Field_Depth_Interactions,Lasso,RAW,18,-0.454692,24.440587,19.072346
HEI,E4,E4_Min5_Field_Depth_Interactions,Lasso,RAW,19,-0.023503,29.103903,17.661267
HEI,E4,E4_Min5_Field_Depth_Interactions,Lasso,RAW,20,-28.58122,23.309831,14.162979
HEI,E4,E4_Min5_Field_Depth_Interactions,Lasso,RAW,21,-0.727681,15.017304,10.697301
HEI,E4,E4_Min5_Field_Depth_Interactions,Lasso,RAW,22,-0.000191,19.63393,13.876548
HEI,E4,E4_Min5_Field_Depth_Interactions,Lasso,RAW,23,-0.056049,28.974315,15.199454
HEI,E4,E4_Min5_Field_Depth_Interactions,Lasso,RAW,24,-25.966125,30.855767,21.552663
HEI,E4,E4_Min5_Field_Depth_Interactions,Lasso,RAW,25,-0.79358,15.618162,13.224809
HEI,E4,E4_Min5_Field_Depth_Interactions,Lasso,LOG1P,1,-0.478209,8.231364,7.523992
HEI,E4,E4_Min5_Field_Depth_Interactions,Lasso,LOG1P,2,-0.277687,35.94125,19.243708
HEI,E4,E4_Min5_Field_Depth_Interactions,Lasso,LOG1P,3,-0.068531,8.94776,7.512723
HEI,E4,E4_Min5_Field_Depth_Interactions,Lasso,LOG1P,4,-3.267447,4.509391,4.30744
HEI,E4,E4_Min5_Field_Depth_Interactions,Lasso,LOG1P,5,-1.438393,18.197714,14.344836
HEI,E4,E4_Min5_Field_Depth_Interactions,Lasso,LOG1P,6,-1.210713,10.63348,8.902118
HEI,E4,E4_Min5_Field_Depth_Interactions,Lasso,LOG1P,7,-0.121353,20.697098,11.251762
HEI,E4,E4_Min5_Field_Depth_Interactions,Lasso,LOG1P,8,-0.305257,7.879331,5.627364
HEI,E4,E4_Min5_Field_Depth_Interactions,Lasso,LOG1P,9,-0.15792,13.425893,9.75857
HEI,E4,E4_Min5_Field_Depth_Interactions,Lasso,LOG1P,10,-0.184288,31.589366,15.885443
HEI,E4,E4_Min5_Field_Depth_Interactions,Lasso,LOG1P,11,-0.298624,21.573026,11.891608
HEI,E4,E4_Min5_Field_Depth_Interactions,Lasso,LOG1P,12,-0.133739,6.564161,5.603971
HEI,E4,E4_Min5_Field_Depth_Interactions,Lasso,LOG1P,13,-0.110454,12.133585,8.637982
HEI,E4,E4_Min5_Field_Depth_Interactions,Lasso,LOG1P,14,-0.168379,30.550976,15.487263
HEI,E4,E4_Min5_Field_Depth_Interactions,Lasso,LOG1P,15,-0.366736,13.061956,9.193784
HEI,E4,E4_Min5_Field_Depth_Interactions,Lasso,LOG1P,16,-0.085436,7.273712,5.530736
HEI,E4,E4_Min5_Field_Depth_Interactions,Lasso,LOG1P,17,-0.267054,7.416256,6.315694
HEI,E4,E4_Min5_Field_Depth_Interactions,Lasso,LOG1P,18,-0.721131,26.58478,18.381557
HEI,E4,E4_Min5_Field_Depth_Interactions,Lasso,LOG1P,19,-0.09096,30.047685,15.344493
HEI,E4,E4_Min5_Field_Depth_Interactions,Lasso,LOG1P,20,-1.777932,7.143185,5.955374
HEI,E4,E4_Min5_Field_Depth_Interactions,Lasso,LOG1P,21,-0.576416,14.344837,9.760667
HEI,E4,E4_Min5_Field_Depth_Interactions,Lasso,LOG1P,22,-0.153107,21.081452,11.498789
HEI,E4,E4_Min5_Field_Depth_Interactions,Lasso,LOG1P,23,-0.125408,29.910672,14.306268
HEI,E4,E4_Min5_Field_Depth_Interactions,Lasso,LOG1P,24,-4.404637,13.81371,10.350102
HEI,E4,E4_Min5_Field_Depth_Interactions,Lasso,LOG1P,25,-0.135658,12.427774,9.439402
HEI,E4,E4_Min5_Field_Depth_Interactions,Ridge,RAW,1,-9.831669,22.281865,16.689146
HEI,E4,E4_Min5_Field_Depth_Interactions,Ridge,RAW,2,-0.280342,35.978571,21.075302
HEI,E4,E4_Min5_Field_Depth_Interactions,Ridge,RAW,3,-0.362621,10.10435,8.805105
HEI,E4,E4_Min5_Field_Depth_Interactions,Ridge,RAW,4,-26.177651,11.379935,11.214118
HEI,E4,E4_Min5_Field_Depth_Interactions,Ridge,RAW,5,-0.987927,16.431046,12.025962
HEI,E4,E4_Min5_Field_Depth_Interactions,Ridge,RAW,6,-7.365726,20.685264,13.602565
HEI,E4,E4_Min5_Field_Depth_Interactions,Ridge,RAW,7,0.003774,19.508201,13.721396
HEI,E4,E4_Min5_Field_Depth_Interactions,Ridge,RAW,8,-0.168294,7.454482,6.322441
HEI,E4,E4_Min5_Field_Depth_Interactions,Ridge,RAW,9,-0.556077,15.563937,12.146023
HEI,E4,E4_Min5_Field_Depth_Interactions,Ridge,RAW,10,-0.102407,30.477781,18.085524
HEI,E4,E4_Min5_Field_Depth_Interactions,Ridge,RAW,11,-0.092282,19.78503,13.093319
HEI,E4,E4_Min5_Field_Depth_Interactions,Ridge,RAW,12,-1.50901,9.765037,9.328659
HEI,E4,E4_Min5_Field_Depth_Interactions,Ridge,RAW,13,-4.251191,26.385652,18.564187
HEI,E4,E4_Min5_Field_Depth_Interactions,Ridge,RAW,14,-0.077042,29.332523,18.251038
HEI,E4,E4_Min5_Field_Depth_Interactions,Ridge,RAW,15,-0.170513,12.087991,7.949382
HEI,E4,E4_Min5_Field_Depth_Interactions,Ridge,RAW,16,-2.184848,12.459435,10.492236
HEI,E4,E4_Min5_Field_Depth_Interactions,Ridge,RAW,17,-0.087773,6.871573,5.763534
HEI,E4,E4_Min5_Field_Depth_Interactions,Ridge,RAW,18,-0.447749,24.382189,18.939352
HEI,E4,E4_Min5_Field_Depth_Interactions,Ridge,RAW,19,-0.030659,29.205468,17.604315
HEI,E4,E4_Min5_Field_Depth_Interactions,Ridge,RAW,20,-22.461946,20.759319,12.873919
HEI,E4,E4_Min5_Field_Depth_Interactions,Ridge,RAW,21,-0.573383,14.331028,10.202898
HEI,E4,E4_Min5_Field_Depth_Interactions,Ridge,RAW,22,0.00269,19.605633,13.846898
HEI,E4,E4_Min5_Field_Depth_Interactions,Ridge,RAW,23,-0.064253,29.086647,15.089508
HEI,E4,E4_Min5_Field_Depth_Interactions,Ridge,RAW,24,-21.672288,28.292723,20.324913
HEI,E4,E4_Min5_Field_Depth_Interactions,Ridge,RAW,25,-0.757605,15.460736,13.098137
HEI,E4,E4_Min5_Field_Depth_Interactions,Ridge,LOG1P,1,-11.452749,23.891118,14.208691
HEI,E4,E4_Min5_Field_Depth_Interactions,Ridge,LOG1P,2,-0.31521,36.4652,19.617214
HEI,E4,E4_Min5_Field_Depth_Interactions,Ridge,LOG1P,3,-0.174413,9.380613,7.692574
HEI,E4,E4_Min5_Field_Depth_Interactions,Ridge,LOG1P,4,-7.152376,6.232696,5.804955
HEI,E4,E4_Min5_Field_Depth_Interactions,Ridge,LOG1P,5,-1.492207,18.397423,14.552312
HEI,E4,E4_Min5_Field_Depth_Interactions,Ridge,LOG1P,6,-9.350701,23.008809,14.111402
HEI,E4,E4_Min5_Field_Depth_Interactions,Ridge,LOG1P,7,-0.141163,20.879115,11.763955
HEI,E4,E4_Min5_Field_Depth_Interactions,Ridge,LOG1P,8,-0.07771,7.159659,5.50236
HEI,E4,E4_Min5_Field_Depth_Interactions,Ridge,LOG1P,9,-0.311654,14.289383,10.31958
HEI,E4,E4_Min5_Field_Depth_Interactions,Ridge,LOG1P,10,-0.209443,31.923103,15.706774
HEI,E4,E4_Min5_Field_Depth_Interactions,Ridge,LOG1P,11,-0.322295,21.768754,12.20171
HEI,E4,E4_Min5_Field_Depth_Interactions,Ridge,LOG1P,12,-0.244954,6.878588,6.074907
HEI,E4,E4_Min5_Field_Depth_Interactions,Ridge,LOG1P,13,-9.076429,36.55041,20.52507
HEI,E4,E4_Min5_Field_Depth_Interactions,Ridge,LOG1P,14,-0.15095,30.322251,15.504465
HEI,E4,E4_Min5_Field_Depth_Interactions,Ridge,LOG1P,15,-0.440369,13.4092,9.292184
HEI,E4,E4_Min5_Field_Depth_Interactions,Ridge,LOG1P,16,-0.335419,8.067943,6.386091
HEI,E4,E4_Min5_Field_Depth_Interactions,Ridge,LOG1P,17,-0.267251,7.41683,6.340864
HEI,E4,E4_Min5_Field_Depth_Interactions,Ridge,LOG1P,18,-0.721031,26.584007,18.471443
HEI,E4,E4_Min5_Field_Depth_Interactions,Ridge,LOG1P,19,-0.087314,29.997435,15.260354
HEI,E4,E4_Min5_Field_Depth_Interactions,Ridge,LOG1P,20,-20.744749,19.98519,11.173527
HEI,E4,E4_Min5_Field_Depth_Interactions,Ridge,LOG1P,21,-0.725942,15.009742,10.304756
HEI,E4,E4_Min5_Field_Depth_Interactions,Ridge,LOG1P,22,-0.167007,21.208139,11.794552
HEI,E4,E4_Min5_Field_Depth_Interactions,Ridge,LOG1P,23,-0.148185,30.21184,14.242565
HEI,E4,E4_Min5_Field_Depth_Interactions,Ridge,LOG1P,24,-76.389734,52.271956,25.781193
HEI,E4,E4_Min5_Field_Depth_Interactions,Ridge,LOG1P,25,-0.172218,12.626228,9.764828
HEI,E4,E4_Min5_Field_Depth_Interactions,ElasticNet,RAW,1,-8.728527,21.116766,16.130107
HEI,E4,E4_Min5_Field_Depth_Interactions,ElasticNet,RAW,2,-0.268799,35.816031,21.011401
HEI,E4,E4_Min5_Field_Depth_Interactions,ElasticNet,RAW,3,-0.290901,9.834839,8.857305
HEI,E4,E4_Min5_Field_Depth_Interactions,ElasticNet,RAW,4,-24.950942,11.120144,10.941991
HEI,E4,E4_Min5_Field_Depth_Interactions,ElasticNet,RAW,5,-0.939746,16.230706,11.885115
HEI,E4,E4_Min5_Field_Depth_Interactions,ElasticNet,RAW,6,-6.354543,19.394881,13.139637
HEI,E4,E4_Min5_Field_Depth_Interactions,ElasticNet,RAW,7,0.00332,19.512645,13.60881
HEI,E4,E4_Min5_Field_Depth_Interactions,ElasticNet,RAW,8,-0.136172,7.351287,6.336792
HEI,E4,E4_Min5_Field_Depth_Interactions,ElasticNet,RAW,9,-0.476581,15.161164,11.874299
HEI,E4,E4_Min5_Field_Depth_Interactions,ElasticNet,RAW,10,-0.090594,30.314042,18.252606
HEI,E4,E4_Min5_Field_Depth_Interactions,ElasticNet,RAW,11,-0.081982,19.691528,12.83256
HEI,E4,E4_Min5_Field_Depth_Interactions,ElasticNet,RAW,12,-1.468047,9.684995,9.27601
HEI,E4,E4_Min5_Field_Depth_Interactions,ElasticNet,RAW,13,-3.377033,24.08956,17.262917
HEI,E4,E4_Min5_Field_Depth_Interactions,ElasticNet,RAW,14,-0.081924,29.398926,18.06253
HEI,E4,E4_Min5_Field_Depth_Interactions,ElasticNet,RAW,15,-0.137309,11.915305,8.023047
HEI,E4,E4_Min5_Field_Depth_Interactions,ElasticNet,RAW,16,-1.858502,11.803838,10.098058
HEI,E4,E4_Min5_Field_Depth_Interactions,ElasticNet,RAW,17,-0.081507,6.851754,5.778097
HEI,E4,E4_Min5_Field_Depth_Interactions,ElasticNet,RAW,18,-0.434844,24.273275,18.657615
HEI,E4,E4_Min5_Field_Depth_Interactions,ElasticNet,RAW,19,-0.025174,29.127649,17.637985
HEI,E4,E4_Min5_Field_Depth_Interactions,ElasticNet,RAW,20,-18.41068,18.882151,12.01154
HEI,E4,E4_Min5_Field_Depth_Interactions,ElasticNet,RAW,21,-0.445904,13.7382,9.941404
HEI,E4,E4_Min5_Field_Depth_Interactions,ElasticNet,RAW,22,0.000431,19.627826,13.857488
HEI,E4,E4_Min5_Field_Depth_Interactions,ElasticNet,RAW,23,-0.057196,28.990049,15.166832
HEI,E4,E4_Min5_Field_Depth_Interactions,ElasticNet,RAW,24,-18.708987,26.379054,19.442173
HEI,E4,E4_Min5_Field_Depth_Interactions,ElasticNet,RAW,25,-0.697021,15.191938,12.903895
HEI,E4,E4_Min5_Field_Depth_Interactions,ElasticNet,LOG1P,1,-1.789884,11.30829,9.157004
HEI,E4,E4_Min5_Field_Depth_Interactions,ElasticNet,LOG1P,2,-0.287357,36.077004,19.405842
HEI,E4,E4_Min5_Field_Depth_Interactions,ElasticNet,LOG1P,3,-0.117408,9.150116,7.599004
HEI,E4,E4_Min5_Field_Depth_Interactions,ElasticNet,LOG1P,4,-4.227491,4.990919,4.662228
HEI,E4,E4_Min5_Field_Depth_Interactions,ElasticNet,LOG1P,5,-1.446507,18.227966,14.3788
HEI,E4,E4_Min5_Field_Depth_Interactions,ElasticNet,LOG1P,6,-2.167974,12.729169,9.950879
HEI,E4,E4_Min5_Field_Depth_Interactions,ElasticNet,LOG1P,7,-0.131615,20.79158,11.525835
HEI,E4,E4_Min5_Field_Depth_Interactions,ElasticNet,LOG1P,8,-0.169041,7.456863,5.555689
HEI,E4,E4_Min5_Field_Depth_Interactions,ElasticNet,LOG1P,9,-0.203643,13.688402,9.918371
HEI,E4,E4_Min5_Field_Depth_Interactions,ElasticNet,LOG1P,10,-0.178404,31.510802,15.716842
HEI,E4,E4_Min5_Field_Depth_Interactions,ElasticNet,LOG1P,11,-0.309604,21.664038,11.979203
HEI,E4,E4_Min5_Field_Depth_Interactions,ElasticNet,LOG1P,12,-0.186959,6.716461,5.856204
HEI,E4,E4_Min5_Field_Depth_Interactions,ElasticNet,LOG1P,13,-0.328479,13.271385,9.697481
HEI,E4,E4_Min5_Field_Depth_Interactions,ElasticNet,LOG1P,14,-0.157807,30.412439,15.51132
HEI,E4,E4_Min5_Field_Depth_Interactions,ElasticNet,LOG1P,15,-0.391679,13.180607,9.218193
HEI,E4,E4_Min5_Field_Depth_Interactions,ElasticNet,LOG1P,16,-0.149016,7.483712,5.77382
HEI,E4,E4_Min5_Field_Depth_Interactions,ElasticNet,LOG1P,17,-0.264848,7.409796,6.341135
HEI,E4,E4_Min5_Field_Depth_Interactions,ElasticNet,LOG1P,18,-0.721486,26.587523,18.411413
HEI,E4,E4_Min5_Field_Depth_Interactions,ElasticNet,LOG1P,19,-0.082004,29.9241,15.319384
HEI,E4,E4_Min5_Field_Depth_Interactions,ElasticNet,LOG1P,20,-3.272902,8.85916,6.781902
HEI,E4,E4_Min5_Field_Depth_Interactions,ElasticNet,LOG1P,21,-0.622683,14.553821,9.882049
HEI,E4,E4_Min5_Field_Depth_Interactions,ElasticNet,LOG1P,22,-0.152141,21.072624,11.554696
HEI,E4,E4_Min5_Field_Depth_Interactions,ElasticNet,LOG1P,23,-0.12315,29.880649,14.099064
HEI,E4,E4_Min5_Field_Depth_Interactions,ElasticNet,LOG1P,24,-10.383772,20.047959,13.226258
HEI,E4,E4_Min5_Field_Depth_Interactions,ElasticNet,LOG1P,25,-0.154218,12.528912,9.584812
HEI,E5,E5_Full_Parsimonious_Easy_Panel,SVR_RBF,RAW,1,0.02493,6.685312,5.330413
HEI,E5,E5_Full_Parsimonious_Easy_Panel,SVR_RBF,RAW,2,-0.322304,36.563408,19.350049
HEI,E5,E5_Full_Parsimonious_Easy_Panel,SVR_RBF,RAW,3,0.058313,8.399899,6.734124
HEI,E5,E5_Full_Parsimonious_Easy_Panel,SVR_RBF,RAW,4,-2.494184,4.080437,3.335165
HEI,E5,E5_Full_Parsimonious_Easy_Panel,SVR_RBF,RAW,5,-1.457976,18.270642,14.395534
HEI,E5,E5_Full_Parsimonious_Easy_Panel,SVR_RBF,RAW,6,-0.065061,7.380684,5.674649
HEI,E5,E5_Full_Parsimonious_Easy_Panel,SVR_RBF,RAW,7,-0.144028,20.905302,11.189341
HEI,E5,E5_Full_Parsimonious_Easy_Panel,SVR_RBF,RAW,8,-0.478525,8.386016,6.001772
HEI,E5,E5_Full_Parsimonious_Easy_Panel,SVR_RBF,RAW,9,-0.167524,13.481454,9.35607
HEI,E5,E5_Full_Parsimonious_Easy_Panel,SVR_RBF,RAW,10,-0.22281,32.099017,16.016732
HEI,E5,E5_Full_Parsimonious_Easy_Panel,SVR_RBF,RAW,11,-0.314051,21.700784,11.686456
HEI,E5,E5_Full_Parsimonious_Easy_Panel,SVR_RBF,RAW,12,0.061973,5.970769,4.619687
HEI,E5,E5_Full_Parsimonious_Easy_Panel,SVR_RBF,RAW,13,-0.119731,12.184168,7.456954
HEI,E5,E5_Full_Parsimonious_Easy_Panel,SVR_RBF,RAW,14,-0.203223,31.003177,15.887328
HEI,E5,E5_Full_Parsimonious_Easy_Panel,SVR_RBF,RAW,15,-0.354894,13.005245,9.091262
HEI,E5,E5_Full_Parsimonious_Easy_Panel,SVR_RBF,RAW,16,0.092006,6.652664,4.381444
HEI,E5,E5_Full_Parsimonious_Easy_Panel,SVR_RBF,RAW,17,-0.601205,8.337013,7.062902
HEI,E5,E5_Full_Parsimonious_Easy_Panel,SVR_RBF,RAW,18,-0.717935,26.560081,18.469384
HEI,E5,E5_Full_Parsimonious_Easy_Panel,SVR_RBF,RAW,19,-0.124973,30.512485,15.236951
HEI,E5,E5_Full_Parsimonious_Easy_Panel,SVR_RBF,RAW,20,-0.133345,4.562598,3.628992
HEI,E5,E5_Full_Parsimonious_Easy_Panel,SVR_RBF,RAW,21,-0.57099,14.320128,9.743797
HEI,E5,E5_Full_Parsimonious_Easy_Panel,SVR_RBF,RAW,22,-0.174263,21.273971,11.670021
HEI,E5,E5_Full_Parsimonious_Easy_Panel,SVR_RBF,RAW,23,-0.188163,30.733303,14.565012
HEI,E5,E5_Full_Parsimonious_Easy_Panel,SVR_RBF,RAW,24,0.096084,5.649253,4.01759
HEI,E5,E5_Full_Parsimonious_Easy_Panel,SVR_RBF,RAW,25,-0.246378,13.019502,9.540366
HEI,E5,E5_Full_Parsimonious_Easy_Panel,SVR_RBF,LOG1P,1,-0.186091,7.373316,5.49814
HEI,E5,E5_Full_Parsimonious_Easy_Panel,SVR_RBF,LOG1P,2,-0.381495,37.372797,19.862862
HEI,E5,E5_Full_Parsimonious_Easy_Panel,SVR_RBF,LOG1P,3,0.160606,7.930556,6.49525
HEI,E5,E5_Full_Parsimonious_Easy_Panel,SVR_RBF,LOG1P,4,-10.95668,7.548126,7.288275
HEI,E5,E5_Full_Parsimonious_Easy_Panel,SVR_RBF,LOG1P,5,-1.398126,18.046831,14.145452
HEI,E5,E5_Full_Parsimonious_Easy_Panel,SVR_RBF,LOG1P,6,-0.074372,7.412872,5.855235
HEI,E5,E5_Full_Parsimonious_Easy_Panel,SVR_RBF,LOG1P,7,-0.200025,21.410821,13.388267
HEI,E5,E5_Full_Parsimonious_Easy_Panel,SVR_RBF,LOG1P,8,-0.576735,8.660058,5.940268
HEI,E5,E5_Full_Parsimonious_Easy_Panel,SVR_RBF,LOG1P,9,-0.192519,13.625004,9.608555
HEI,E5,E5_Full_Parsimonious_Easy_Panel,SVR_RBF,LOG1P,10,-0.306095,33.174139,17.330301
HEI,E5,E5_Full_Parsimonious_Easy_Panel,SVR_RBF,LOG1P,11,-0.30749,21.646543,11.836177
HEI,E5,E5_Full_Parsimonious_Easy_Panel,SVR_RBF,LOG1P,12,-0.06991,6.376706,5.312606
HEI,E5,E5_Full_Parsimonious_Easy_Panel,SVR_RBF,LOG1P,13,-0.141317,12.301049,7.81133
HEI,E5,E5_Full_Parsimonious_Easy_Panel,SVR_RBF,LOG1P,14,-0.250296,31.603825,16.009169
HEI,E5,E5_Full_Parsimonious_Easy_Panel,SVR_RBF,LOG1P,15,-0.191751,12.19716,8.58072
HEI,E5,E5_Full_Parsimonious_Easy_Panel,SVR_RBF,LOG1P,16,0.215218,6.184841,4.007285
HEI,E5,E5_Full_Parsimonious_Easy_Panel,SVR_RBF,LOG1P,17,-0.7408,8.692836,7.387613
HEI,E5,E5_Full_Parsimonious_Easy_Panel,SVR_RBF,LOG1P,18,-0.700533,26.42522,18.53497
HEI,E5,E5_Full_Parsimonious_Easy_Panel,SVR_RBF,LOG1P,19,-0.197271,31.477694,15.301963
HEI,E5,E5_Full_Parsimonious_Easy_Panel,SVR_RBF,LOG1P,20,-0.454762,5.169244,3.796168
HEI,E5,E5_Full_Parsimonious_Easy_Panel,SVR_RBF,LOG1P,21,-0.71433,14.959165,10.636767
HEI,E5,E5_Full_Parsimonious_Easy_Panel,SVR_RBF,LOG1P,22,-0.250701,21.955457,12.064698
HEI,E5,E5_Full_Parsimonious_Easy_Panel,SVR_RBF,LOG1P,23,-0.230712,31.278758,16.125407
HEI,E5,E5_Full_Parsimonious_Easy_Panel,SVR_RBF,LOG1P,24,-0.264804,6.682497,6.088793
HEI,E5,E5_Full_Parsimonious_Easy_Panel,SVR_RBF,LOG1P,25,-0.322563,13.41151,9.748713
HEI,E5,E5_Full_Parsimonious_Easy_Panel,PLS,RAW,1,-8.196229,20.530935,16.169788
HEI,E5,E5_Full_Parsimonious_Easy_Panel,PLS,RAW,2,-0.247527,35.514517,20.857992
HEI,E5,E5_Full_Parsimonious_Easy_Panel,PLS,RAW,3,-0.209515,9.519768,8.824583
HEI,E5,E5_Full_Parsimonious_Easy_Panel,PLS,RAW,4,-21.838155,10.431922,10.105973
HEI,E5,E5_Full_Parsimonious_Easy_Panel,PLS,RAW,5,-0.945353,16.254147,11.842495
HEI,E5,E5_Full_Parsimonious_Easy_Panel,PLS,RAW,6,-5.313694,17.970122,12.945039
HEI,E5,E5_Full_Parsimonious_Easy_Panel,PLS,RAW,7,0.018775,19.360769,13.09411
HEI,E5,E5_Full_Parsimonious_Easy_Panel,PLS,RAW,8,-0.101927,7.239652,6.457052
HEI,E5,E5_Full_Parsimonious_Easy_Panel,PLS,RAW,9,-0.544089,15.503868,12.498995
HEI,E5,E5_Full_Parsimonious_Easy_Panel,PLS,RAW,10,-0.091495,30.326568,18.560089
HEI,E5,E5_Full_Parsimonious_Easy_Panel,PLS,RAW,11,-0.053931,19.43459,12.213088
HEI,E5,E5_Full_Parsimonious_Easy_Panel,PLS,RAW,12,-1.348592,9.447708,9.03257
HEI,E5,E5_Full_Parsimonious_Easy_Panel,PLS,RAW,13,-2.180284,20.533919,15.714988
HEI,E5,E5_Full_Parsimonious_Easy_Panel,PLS,RAW,14,-0.089474,29.501325,18.15658
HEI,E5,E5_Full_Parsimonious_Easy_Panel,PLS,RAW,15,-0.144003,11.95032,8.097171
HEI,E5,E5_Full_Parsimonious_Easy_Panel,PLS,RAW,16,-1.432242,10.888233,9.253406
HEI,E5,E5_Full_Parsimonious_Easy_Panel,PLS,RAW,17,-0.142567,7.042517,5.819946
HEI,E5,E5_Full_Parsimonious_Easy_Panel,PLS,RAW,18,-0.422849,24.171604,18.148355
HEI,E5,E5_Full_Parsimonious_Easy_Panel,PLS,RAW,19,-0.024291,29.115092,17.689374
HEI,E5,E5_Full_Parsimonious_Easy_Panel,PLS,RAW,20,-12.429805,15.706013,10.09774
HEI,E5,E5_Full_Parsimonious_Easy_Panel,PLS,RAW,21,-0.292893,12.990966,9.320322
HEI,E5,E5_Full_Parsimonious_Easy_Panel,PLS,RAW,22,-0.013612,19.765219,14.067957
HEI,E5,E5_Full_Parsimonious_Easy_Panel,PLS,RAW,23,-0.095335,29.508336,15.246491
HEI,E5,E5_Full_Parsimonious_Easy_Panel,PLS,RAW,24,-13.718175,22.795759,17.847797
HEI,E5,E5_Full_Parsimonious_Easy_Panel,PLS,RAW,25,-0.695298,15.184221,12.945874
HEI,E5,E5_Full_Parsimonious_Easy_Panel,PLS,LOG1P,1,-4.337339,15.641062,11.265844
HEI,E5,E5_Full_Parsimonious_Easy_Panel,PLS,LOG1P,2,-0.301098,36.269033,19.590141
HEI,E5,E5_Full_Parsimonious_Easy_Panel,PLS,LOG1P,3,-0.17323,9.375886,7.570453
HEI,E5,E5_Full_Parsimonious_Easy_Panel,PLS,LOG1P,4,-6.762726,6.081924,5.703521
HEI,E5,E5_Full_Parsimonious_Easy_Panel,PLS,LOG1P,5,-1.452373,18.249804,14.387724
HEI,E5,E5_Full_Parsimonious_Easy_Panel,PLS,LOG1P,6,-2.219182,12.831636,10.041395
HEI,E5,E5_Full_Parsimonious_Easy_Panel,PLS,LOG1P,7,-0.136948,20.840515,11.500272
HEI,E5,E5_Full_Parsimonious_Easy_Panel,PLS,LOG1P,8,-0.059229,7.098006,5.443439
HEI,E5,E5_Full_Parsimonious_Easy_Panel,PLS,LOG1P,9,-0.311663,14.289433,10.265114
HEI,E5,E5_Full_Parsimonious_Easy_Panel,PLS,LOG1P,10,-0.18614,31.614057,15.596334
HEI,E5,E5_Full_Parsimonious_Easy_Panel,PLS,LOG1P,11,-0.333144,21.857871,12.151292
HEI,E5,E5_Full_Parsimonious_Easy_Panel,PLS,LOG1P,12,-0.258127,6.914884,6.111457
HEI,E5,E5_Full_Parsimonious_Easy_Panel,PLS,LOG1P,13,-0.386597,13.558575,9.85792
HEI,E5,E5_Full_Parsimonious_Easy_Panel,PLS,LOG1P,14,-0.159143,30.429985,15.306453
HEI,E5,E5_Full_Parsimonious_Easy_Panel,PLS,LOG1P,15,-0.432713,13.373515,9.179174
HEI,E5,E5_Full_Parsimonious_Easy_Panel,PLS,LOG1P,16,-0.246148,7.793614,5.973199
HEI,E5,E5_Full_Parsimonious_Easy_Panel,PLS,LOG1P,17,-0.233475,7.317322,6.260434
HEI,E5,E5_Full_Parsimonious_Easy_Panel,PLS,LOG1P,18,-0.735224,26.693395,18.55831
HEI,E5,E5_Full_Parsimonious_Easy_Panel,PLS,LOG1P,19,-0.08419,29.954307,15.248807
HEI,E5,E5_Full_Parsimonious_Easy_Panel,PLS,LOG1P,20,-1.07374,6.171748,5.514203
HEI,E5,E5_Full_Parsimonious_Easy_Panel,PLS,LOG1P,21,-0.717977,14.975071,10.504726
HEI,E5,E5_Full_Parsimonious_Easy_Panel,PLS,LOG1P,22,-0.174413,21.275329,11.852573
HEI,E5,E5_Full_Parsimonious_Easy_Panel,PLS,LOG1P,23,-0.143693,30.152681,14.229227
HEI,E5,E5_Full_Parsimonious_Easy_Panel,PLS,LOG1P,24,-4.689869,14.173536,11.214949
HEI,E5,E5_Full_Parsimonious_Easy_Panel,PLS,LOG1P,25,-0.178948,12.662422,9.766472
HEI,E5,E5_Full_Parsimonious_Easy_Panel,Lasso,RAW,1,-10.393992,22.852926,16.834145
HEI,E5,E5_Full_Parsimonious_Easy_Panel,Lasso,RAW,2,-0.355075,37.013715,21.577554
HEI,E5,E5_Full_Parsimonious_Easy_Panel,Lasso,RAW,3,-0.706504,11.307705,9.722464
HEI,E5,E5_Full_Parsimonious_Easy_Panel,Lasso,RAW,4,-24.265675,10.972341,10.750783
HEI,E5,E5_Full_Parsimonious_Easy_Panel,Lasso,RAW,5,-1.531349,18.541333,14.053753
HEI,E5,E5_Full_Parsimonious_Easy_Panel,Lasso,RAW,6,-7.715843,21.113681,13.953021
HEI,E5,E5_Full_Parsimonious_Easy_Panel,Lasso,RAW,7,0.013015,19.417508,13.389917
HEI,E5,E5_Full_Parsimonious_Easy_Panel,Lasso,RAW,8,-0.212867,7.595353,6.334233
HEI,E5,E5_Full_Parsimonious_Easy_Panel,Lasso,RAW,9,-1.642721,20.282878,15.826133
HEI,E5,E5_Full_Parsimonious_Easy_Panel,Lasso,RAW,10,-0.116943,30.678061,18.350174
HEI,E5,E5_Full_Parsimonious_Easy_Panel,Lasso,RAW,11,-0.125025,20.079386,13.4189
HEI,E5,E5_Full_Parsimonious_Easy_Panel,Lasso,RAW,12,-1.612903,9.965162,9.3501
HEI,E5,E5_Full_Parsimonious_Easy_Panel,Lasso,RAW,13,-6.034388,30.538808,21.127661
HEI,E5,E5_Full_Parsimonious_Easy_Panel,Lasso,RAW,14,-0.10492,29.709725,18.180004
HEI,E5,E5_Full_Parsimonious_Easy_Panel,Lasso,RAW,15,-0.5864,14.072533,8.676763
HEI,E5,E5_Full_Parsimonious_Easy_Panel,Lasso,RAW,16,-3.313158,14.499456,11.86651
HEI,E5,E5_Full_Parsimonious_Easy_Panel,Lasso,RAW,17,-0.263403,7.405563,5.62502
HEI,E5,E5_Full_Parsimonious_Easy_Panel,Lasso,RAW,18,-0.578308,25.457867,18.421621
HEI,E5,E5_Full_Parsimonious_Easy_Panel,Lasso,RAW,19,-0.061236,29.635522,17.683284
HEI,E5,E5_Full_Parsimonious_Easy_Panel,Lasso,RAW,20,-27.983334,23.073063,14.001281
HEI,E5,E5_Full_Parsimonious_Easy_Panel,Lasso,RAW,21,-1.353039,17.525674,11.785904
HEI,E5,E5_Full_Parsimonious_Easy_Panel,Lasso,RAW,22,-0.017576,19.803832,14.24445
HEI,E5,E5_Full_Parsimonious_Easy_Panel,Lasso,RAW,23,-0.165309,30.436295,16.87073
HEI,E5,E5_Full_Parsimonious_Easy_Panel,Lasso,RAW,24,-25.975012,30.860851,21.554858
HEI,E5,E5_Full_Parsimonious_Easy_Panel,Lasso,RAW,25,-0.946358,16.269751,13.699021
HEI,E5,E5_Full_Parsimonious_Easy_Panel,Lasso,LOG1P,1,-0.478209,8.231364,7.523992
HEI,E5,E5_Full_Parsimonious_Easy_Panel,Lasso,LOG1P,2,-0.277687,35.94125,19.243708
HEI,E5,E5_Full_Parsimonious_Easy_Panel,Lasso,LOG1P,3,-0.083203,9.00898,7.479341
HEI,E5,E5_Full_Parsimonious_Easy_Panel,Lasso,LOG1P,4,-3.267447,4.509391,4.30744
HEI,E5,E5_Full_Parsimonious_Easy_Panel,Lasso,LOG1P,5,-1.4482,18.234271,14.373362
HEI,E5,E5_Full_Parsimonious_Easy_Panel,Lasso,LOG1P,6,-1.210713,10.63348,8.902118
HEI,E5,E5_Full_Parsimonious_Easy_Panel,Lasso,LOG1P,7,-0.121353,20.697098,11.251762
HEI,E5,E5_Full_Parsimonious_Easy_Panel,Lasso,LOG1P,8,-0.257961,7.735262,5.594773
HEI,E5,E5_Full_Parsimonious_Easy_Panel,Lasso,LOG1P,9,-0.22825,13.827616,9.955213
HEI,E5,E5_Full_Parsimonious_Easy_Panel,Lasso,LOG1P,10,-0.184288,31.589366,15.885443
HEI,E5,E5_Full_Parsimonious_Easy_Panel,Lasso,LOG1P,11,-0.305042,21.626274,11.989013
HEI,E5,E5_Full_Parsimonious_Easy_Panel,Lasso,LOG1P,12,-0.134599,6.566649,5.578969
HEI,E5,E5_Full_Parsimonious_Easy_Panel,Lasso,LOG1P,13,-0.110454,12.133585,8.637982
HEI,E5,E5_Full_Parsimonious_Easy_Panel,Lasso,LOG1P,14,-0.168379,30.550976,15.487263
HEI,E5,E5_Full_Parsimonious_Easy_Panel,Lasso,LOG1P,15,-0.389279,13.169241,9.117449
HEI,E5,E5_Full_Parsimonious_Easy_Panel,Lasso,LOG1P,16,-0.118583,7.38394,5.527393
HEI,E5,E5_Full_Parsimonious_Easy_Panel,Lasso,LOG1P,17,-0.240237,7.337354,6.234392
HEI,E5,E5_Full_Parsimonious_Easy_Panel,Lasso,LOG1P,18,-0.731353,26.663603,18.418301
HEI,E5,E5_Full_Parsimonious_Easy_Panel,Lasso,LOG1P,19,-0.09096,30.047685,15.344493
HEI,E5,E5_Full_Parsimonious_Easy_Panel,Lasso,LOG1P,20,-1.777932,7.143185,5.955374
HEI,E5,E5_Full_Parsimonious_Easy_Panel,Lasso,LOG1P,21,-0.645639,14.656403,10.007597
HEI,E5,E5_Full_Parsimonious_Easy_Panel,Lasso,LOG1P,22,-0.155429,21.102672,11.559693
HEI,E5,E5_Full_Parsimonious_Easy_Panel,Lasso,LOG1P,23,-0.125408,29.910672,14.306268
HEI,E5,E5_Full_Parsimonious_Easy_Panel,Lasso,LOG1P,24,-4.404637,13.81371,10.350102
HEI,E5,E5_Full_Parsimonious_Easy_Panel,Lasso,LOG1P,25,-0.117179,12.326245,9.333165
HEI,E5,E5_Full_Parsimonious_Easy_Panel,Ridge,RAW,1,-9.302673,21.730955,16.348183
HEI,E5,E5_Full_Parsimonious_Easy_Panel,Ridge,RAW,2,-0.339587,36.801577,21.500882
HEI,E5,E5_Full_Parsimonious_Easy_Panel,Ridge,RAW,3,-0.582738,10.889935,9.47722
HEI,E5,E5_Full_Parsimonious_Easy_Panel,Ridge,RAW,4,-24.217081,10.961784,10.73265
HEI,E5,E5_Full_Parsimonious_Easy_Panel,Ridge,RAW,5,-1.356728,17.890387,13.408037
HEI,E5,E5_Full_Parsimonious_Easy_Panel,Ridge,RAW,6,-6.717907,19.868224,13.439161
HEI,E5,E5_Full_Parsimonious_Easy_Panel,Ridge,RAW,7,0.018935,19.359189,13.319168
HEI,E5,E5_Full_Parsimonious_Easy_Panel,Ridge,RAW,8,-0.199537,7.553499,6.304115
HEI,E5,E5_Full_Parsimonious_Easy_Panel,Ridge,RAW,9,-1.212966,18.56057,14.523412
HEI,E5,E5_Full_Parsimonious_Easy_Panel,Ridge,RAW,10,-0.135324,30.929454,18.161121
HEI,E5,E5_Full_Parsimonious_Easy_Panel,Ridge,RAW,11,-0.111682,19.959963,13.173427
HEI,E5,E5_Full_Parsimonious_Easy_Panel,Ridge,RAW,12,-1.579778,9.901793,9.289471
HEI,E5,E5_Full_Parsimonious_Easy_Panel,Ridge,RAW,13,-4.091574,25.981545,18.429642
HEI,E5,E5_Full_Parsimonious_Easy_Panel,Ridge,RAW,14,-0.112256,29.808187,18.287375
HEI,E5,E5_Full_Parsimonious_Easy_Panel,Ridge,RAW,15,-0.445409,13.432639,8.460021
HEI,E5,E5_Full_Parsimonious_Easy_Panel,Ridge,RAW,16,-2.768454,13.553007,11.202834
HEI,E5,E5_Full_Parsimonious_Easy_Panel,Ridge,RAW,17,-0.228858,7.303617,5.61363
HEI,E5,E5_Full_Parsimonious_Easy_Panel,Ridge,RAW,18,-0.530657,25.070619,18.501288
HEI,E5,E5_Full_Parsimonious_Easy_Panel,Ridge,RAW,19,-0.073886,29.811632,17.645505
HEI,E5,E5_Full_Parsimonious_Easy_Panel,Ridge,RAW,20,-21.345414,20.25934,12.582006
HEI,E5,E5_Full_Parsimonious_Easy_Panel,Ridge,RAW,21,-1.045073,16.338591,11.073603
HEI,E5,E5_Full_Parsimonious_Easy_Panel,Ridge,RAW,22,-0.012801,19.75731,14.177695
HEI,E5,E5_Full_Parsimonious_Easy_Panel,Ridge,RAW,23,-0.145796,30.180387,16.312937
HEI,E5,E5_Full_Parsimonious_Easy_Panel,Ridge,RAW,24,-21.495011,28.181894,20.252256
HEI,E5,E5_Full_Parsimonious_Easy_Panel,Ridge,RAW,25,-0.861024,15.909096,13.426007
HEI,E5,E5_Full_Parsimonious_Easy_Panel,Ridge,LOG1P,1,-11.464974,23.902842,14.213421
HEI,E5,E5_Full_Parsimonious_Easy_Panel,Ridge,LOG1P,2,-0.336965,36.765549,19.892234
HEI,E5,E5_Full_Parsimonious_Easy_Panel,Ridge,LOG1P,3,-0.274957,9.773917,8.01824
HEI,E5,E5_Full_Parsimonious_Easy_Panel,Ridge,LOG1P,4,-7.361636,6.312181,5.862135
HEI,E5,E5_Full_Parsimonious_Easy_Panel,Ridge,LOG1P,5,-1.546334,18.596131,14.689431
HEI,E5,E5_Full_Parsimonious_Easy_Panel,Ridge,LOG1P,6,-8.316721,21.82935,13.694778
HEI,E5,E5_Full_Parsimonious_Easy_Panel,Ridge,LOG1P,7,-0.157659,21.029484,12.472418
HEI,E5,E5_Full_Parsimonious_Easy_Panel,Ridge,LOG1P,8,-0.076095,7.154293,5.466179
HEI,E5,E5_Full_Parsimonious_Easy_Panel,Ridge,LOG1P,9,-0.47303,15.142924,10.765013
HEI,E5,E5_Full_Parsimonious_Easy_Panel,Ridge,LOG1P,10,-0.211923,31.955805,15.694672
HEI,E5,E5_Full_Parsimonious_Easy_Panel,Ridge,LOG1P,11,-0.328621,21.820766,12.186904
HEI,E5,E5_Full_Parsimonious_Easy_Panel,Ridge,LOG1P,12,-0.240378,6.865935,6.016823
HEI,E5,E5_Full_Parsimonious_Easy_Panel,Ridge,LOG1P,13,-10.332877,38.762253,21.338921
HEI,E5,E5_Full_Parsimonious_Easy_Panel,Ridge,LOG1P,14,-0.161077,30.45536,15.507764
HEI,E5,E5_Full_Parsimonious_Easy_Panel,Ridge,LOG1P,15,-0.483047,13.606404,9.27383
HEI,E5,E5_Full_Parsimonious_Easy_Panel,Ridge,LOG1P,16,-0.424072,8.331438,6.322628
HEI,E5,E5_Full_Parsimonious_Easy_Panel,Ridge,LOG1P,17,-0.232681,7.314968,6.186867
HEI,E5,E5_Full_Parsimonious_Easy_Panel,Ridge,LOG1P,18,-0.753847,26.836255,18.684423
HEI,E5,E5_Full_Parsimonious_Easy_Panel,Ridge,LOG1P,19,-0.114192,30.365936,15.285182
HEI,E5,E5_Full_Parsimonious_Easy_Panel,Ridge,LOG1P,20,-22.952813,20.975356,11.541084
HEI,E5,E5_Full_Parsimonious_Easy_Panel,Ridge,LOG1P,21,-0.826445,15.440574,10.75468
HEI,E5,E5_Full_Parsimonious_Easy_Panel,Ridge,LOG1P,22,-0.16808,21.217881,11.843046
HEI,E5,E5_Full_Parsimonious_Easy_Panel,Ridge,LOG1P,23,-0.18079,30.637798,14.876233
HEI,E5,E5_Full_Parsimonious_Easy_Panel,Ridge,LOG1P,24,-110.400891,62.714997,29.869547
HEI,E5,E5_Full_Parsimonious_Easy_Panel,Ridge,LOG1P,25,-0.178251,12.658679,9.928885
HEI,E5,E5_Full_Parsimonious_Easy_Panel,ElasticNet,RAW,1,-8.491011,20.857396,15.969554
HEI,E5,E5_Full_Parsimonious_Easy_Panel,ElasticNet,RAW,2,-0.304907,36.322083,21.267771
HEI,E5,E5_Full_Parsimonious_Easy_Panel,ElasticNet,RAW,3,-0.460339,10.460383,9.266033
HEI,E5,E5_Full_Parsimonious_Easy_Panel,ElasticNet,RAW,4,-23.405222,10.783884,10.550648
HEI,E5,E5_Full_Parsimonious_Easy_Panel,ElasticNet,RAW,5,-1.213468,17.338101,12.891429
HEI,E5,E5_Full_Parsimonious_Easy_Panel,ElasticNet,RAW,6,-5.919562,18.812589,12.994624
HEI,E5,E5_Full_Parsimonious_Easy_Panel,ElasticNet,RAW,7,0.016473,19.383457,13.251475
HEI,E5,E5_Full_Parsimonious_Easy_Panel,ElasticNet,RAW,8,-0.171292,7.464042,6.268604
HEI,E5,E5_Full_Parsimonious_Easy_Panel,ElasticNet,RAW,9,-0.97068,17.515074,13.819431
HEI,E5,E5_Full_Parsimonious_Easy_Panel,ElasticNet,RAW,10,-0.115733,30.661431,18.319448
HEI,E5,E5_Full_Parsimonious_Easy_Panel,ElasticNet,RAW,11,-0.102094,19.873703,12.900285
HEI,E5,E5_Full_Parsimonious_Easy_Panel,ElasticNet,RAW,12,-1.547366,9.839395,9.32
HEI,E5,E5_Full_Parsimonious_Easy_Panel,ElasticNet,RAW,13,-3.31275,23.912008,17.195713
HEI,E5,E5_Full_Parsimonious_Easy_Panel,ElasticNet,RAW,14,-0.099976,29.643173,18.147585
HEI,E5,E5_Full_Parsimonious_Easy_Panel,ElasticNet,RAW,15,-0.332578,12.8977,8.254901
HEI,E5,E5_Full_Parsimonious_Easy_Panel,ElasticNet,RAW,16,-2.32849,12.737308,10.743027
HEI,E5,E5_Full_Parsimonious_Easy_Panel,ElasticNet,RAW,17,-0.196418,7.20657,5.659569
HEI,E5,E5_Full_Parsimonious_Easy_Panel,ElasticNet,RAW,18,-0.496919,24.792781,18.34103
HEI,E5,E5_Full_Parsimonious_Easy_Panel,ElasticNet,RAW,19,-0.051996,29.506219,17.663506
HEI,E5,E5_Full_Parsimonious_Easy_Panel,ElasticNet,RAW,20,-17.897488,18.63087,11.864121
HEI,E5,E5_Full_Parsimonious_Easy_Panel,ElasticNet,RAW,21,-0.830583,15.458058,10.51202
HEI,E5,E5_Full_Parsimonious_Easy_Panel,ElasticNet,RAW,22,-0.011058,19.7403,14.087381
HEI,E5,E5_Full_Parsimonious_Easy_Panel,ElasticNet,RAW,23,-0.113646,29.753964,15.946918
HEI,E5,E5_Full_Parsimonious_Easy_Panel,ElasticNet,RAW,24,-18.709028,26.379082,19.442185
HEI,E5,E5_Full_Parsimonious_Easy_Panel,ElasticNet,RAW,25,-0.753862,15.444266,13.054297
HEI,E5,E5_Full_Parsimonious_Easy_Panel,ElasticNet,LOG1P,1,-1.789913,11.308349,9.157027
HEI,E5,E5_Full_Parsimonious_Easy_Panel,ElasticNet,LOG1P,2,-0.287357,36.077004,19.405842
HEI,E5,E5_Full_Parsimonious_Easy_Panel,ElasticNet,LOG1P,3,-0.139908,9.24178,7.591306
HEI,E5,E5_Full_Parsimonious_Easy_Panel,ElasticNet,LOG1P,4,-4.227491,4.990919,4.662228
HEI,E5,E5_Full_Parsimonious_Easy_Panel,ElasticNet,LOG1P,5,-1.462385,18.287018,14.417617
HEI,E5,E5_Full_Parsimonious_Easy_Panel,ElasticNet,LOG1P,6,-2.167974,12.729169,9.950879
HEI,E5,E5_Full_Parsimonious_Easy_Panel,ElasticNet,LOG1P,7,-0.131615,20.79158,11.525835
HEI,E5,E5_Full_Parsimonious_Easy_Panel,ElasticNet,LOG1P,8,-0.165924,7.446917,5.523405
HEI,E5,E5_Full_Parsimonious_Easy_Panel,ElasticNet,LOG1P,9,-0.280656,14.119526,10.136695
HEI,E5,E5_Full_Parsimonious_Easy_Panel,ElasticNet,LOG1P,10,-0.178126,31.50708,15.715323
HEI,E5,E5_Full_Parsimonious_Easy_Panel,ElasticNet,LOG1P,11,-0.316057,21.717347,12.094088
HEI,E5,E5_Full_Parsimonious_Easy_Panel,ElasticNet,LOG1P,12,-0.184441,6.709334,5.816927
HEI,E5,E5_Full_Parsimonious_Easy_Panel,ElasticNet,LOG1P,13,-0.328479,13.271384,9.697481
HEI,E5,E5_Full_Parsimonious_Easy_Panel,ElasticNet,LOG1P,14,-0.157807,30.412439,15.51132
HEI,E5,E5_Full_Parsimonious_Easy_Panel,ElasticNet,LOG1P,15,-0.421924,13.323065,9.160297
HEI,E5,E5_Full_Parsimonious_Easy_Panel,ElasticNet,LOG1P,16,-0.18594,7.603006,5.755088
HEI,E5,E5_Full_Parsimonious_Easy_Panel,ElasticNet,LOG1P,17,-0.230801,7.309388,6.215724
HEI,E5,E5_Full_Parsimonious_Easy_Panel,ElasticNet,LOG1P,18,-0.736847,26.705881,18.505282
HEI,E5,E5_Full_Parsimonious_Easy_Panel,ElasticNet,LOG1P,19,-0.082004,29.9241,15.319384
HEI,E5,E5_Full_Parsimonious_Easy_Panel,ElasticNet,LOG1P,20,-3.272896,8.859154,6.781899
HEI,E5,E5_Full_Parsimonious_Easy_Panel,ElasticNet,LOG1P,21,-0.693889,14.869716,10.208526
HEI,E5,E5_Full_Parsimonious_Easy_Panel,ElasticNet,LOG1P,22,-0.155293,21.101432,11.625435
HEI,E5,E5_Full_Parsimonious_Easy_Panel,ElasticNet,LOG1P,23,-0.12315,29.880649,14.099064
HEI,E5,E5_Full_Parsimonious_Easy_Panel,ElasticNet,LOG1P,24,-10.383772,20.047959,13.226258
HEI,E5,E5_Full_Parsimonious_Easy_Panel,ElasticNet,LOG1P,25,-0.12143,12.349675,9.412005
WQI,E1,E1_Min2_FieldOnly,SVR_RBF,RAW,1,-0.013967,15.362414,12.798553
WQI,E1,E1_Min2_FieldOnly,SVR_RBF,RAW,2,-0.252772,50.155808,32.759766
WQI,E1,E1_Min2_FieldOnly,SVR_RBF,RAW,3,-0.891999,15.090836,12.824718
WQI,E1,E1_Min2_FieldOnly,SVR_RBF,RAW,4,-0.780796,11.445353,10.262535
WQI,E1,E1_Min2_FieldOnly,SVR_RBF,RAW,5,-0.307453,32.631478,21.577332
WQI,E1,E1_Min2_FieldOnly,SVR_RBF,RAW,6,-0.202555,11.114103,9.93751
WQI,E1,E1_Min2_FieldOnly,SVR_RBF,RAW,7,-0.165183,34.870366,22.410625
WQI,E1,E1_Min2_FieldOnly,SVR_RBF,RAW,8,-0.251848,15.180935,11.855184
WQI,E1,E1_Min2_FieldOnly,SVR_RBF,RAW,9,-0.010871,13.791361,11.015566
WQI,E1,E1_Min2_FieldOnly,SVR_RBF,RAW,10,-0.142931,48.131392,30.817549
WQI,E1,E1_Min2_FieldOnly,SVR_RBF,RAW,11,-0.169656,32.661108,17.142939
WQI,E1,E1_Min2_FieldOnly,SVR_RBF,RAW,12,-0.305962,13.434648,11.761386
WQI,E1,E1_Min2_FieldOnly,SVR_RBF,RAW,13,-0.255162,30.961194,18.394694
WQI,E1,E1_Min2_FieldOnly,SVR_RBF,RAW,14,-0.036069,40.965568,27.809012
WQI,E1,E1_Min2_FieldOnly,SVR_RBF,RAW,15,-0.007078,14.857414,11.538281
WQI,E1,E1_Min2_FieldOnly,SVR_RBF,RAW,16,-0.032326,13.041155,10.281937
WQI,E1,E1_Min2_FieldOnly,SVR_RBF,RAW,17,-0.842435,14.449603,10.910334
WQI,E1,E1_Min2_FieldOnly,SVR_RBF,RAW,18,-0.300641,44.994986,33.319464
WQI,E1,E1_Min2_FieldOnly,SVR_RBF,RAW,19,-0.052496,39.556464,24.235884
WQI,E1,E1_Min2_FieldOnly,SVR_RBF,RAW,20,-0.085966,11.449484,9.513361
WQI,E1,E1_Min2_FieldOnly,SVR_RBF,RAW,21,-0.103925,14.084956,10.784635
WQI,E1,E1_Min2_FieldOnly,SVR_RBF,RAW,22,-0.202021,36.4631,26.996327
WQI,E1,E1_Min2_FieldOnly,SVR_RBF,RAW,23,-0.062113,39.054523,21.719199
WQI,E1,E1_Min2_FieldOnly,SVR_RBF,RAW,24,-0.194602,10.286548,8.399828
WQI,E1,E1_Min2_FieldOnly,SVR_RBF,RAW,25,-0.16924,31.282282,19.896488
WQI,E1,E1_Min2_FieldOnly,SVR_RBF,LOG1P,1,-0.344021,17.686851,15.051035
WQI,E1,E1_Min2_FieldOnly,SVR_RBF,LOG1P,2,-0.419465,53.388489,34.825879
WQI,E1,E1_Min2_FieldOnly,SVR_RBF,LOG1P,3,-0.928681,15.236426,12.272143
WQI,E1,E1_Min2_FieldOnly,SVR_RBF,LOG1P,4,-1.021091,12.193125,11.257839
WQI,E1,E1_Min2_FieldOnly,SVR_RBF,LOG1P,5,-0.413336,33.927073,22.910897
WQI,E1,E1_Min2_FieldOnly,SVR_RBF,LOG1P,6,-0.954695,14.169725,13.085217
WQI,E1,E1_Min2_FieldOnly,SVR_RBF,LOG1P,7,-0.230676,35.836974,23.186401
WQI,E1,E1_Min2_FieldOnly,SVR_RBF,LOG1P,8,-0.441847,16.292299,13.110087
WQI,E1,E1_Min2_FieldOnly,SVR_RBF,LOG1P,9,-0.170691,14.841591,11.044357
WQI,E1,E1_Min2_FieldOnly,SVR_RBF,LOG1P,10,-0.19173,49.148171,31.371886
WQI,E1,E1_Min2_FieldOnly,SVR_RBF,LOG1P,11,-0.345936,35.03596,19.215632
WQI,E1,E1_Min2_FieldOnly,SVR_RBF,LOG1P,12,-1.141472,17.20352,15.57446
WQI,E1,E1_Min2_FieldOnly,SVR_RBF,LOG1P,13,-0.278972,31.253485,20.307324
WQI,E1,E1_Min2_FieldOnly,SVR_RBF,LOG1P,14,-0.066528,41.563381,26.842731
WQI,E1,E1_Min2_FieldOnly,SVR_RBF,LOG1P,15,-0.427751,17.690417,13.516845
WQI,E1,E1_Min2_FieldOnly,SVR_RBF,LOG1P,16,0.068475,12.388106,10.078494
WQI,E1,E1_Min2_FieldOnly,SVR_RBF,LOG1P,17,-1.817862,17.869799,14.005552
WQI,E1,E1_Min2_FieldOnly,SVR_RBF,LOG1P,18,-0.384713,46.426423,33.062744
WQI,E1,E1_Min2_FieldOnly,SVR_RBF,LOG1P,19,-0.172047,41.742625,24.975442
WQI,E1,E1_Min2_FieldOnly,SVR_RBF,LOG1P,20,-0.909279,15.18142,13.460464
WQI,E1,E1_Min2_FieldOnly,SVR_RBF,LOG1P,21,-0.703813,17.498327,13.722468
WQI,E1,E1_Min2_FieldOnly,SVR_RBF,LOG1P,22,-0.365227,38.859746,27.888154
WQI,E1,E1_Min2_FieldOnly,SVR_RBF,LOG1P,23,-0.445696,45.564287,31.567513
WQI,E1,E1_Min2_FieldOnly,SVR_RBF,LOG1P,24,-1.077292,13.564596,11.613098
WQI,E1,E1_Min2_FieldOnly,SVR_RBF,LOG1P,25,-0.105864,30.42267,18.999604
WQI,E1,E1_Min2_FieldOnly,PLS,RAW,1,-0.414925,18.147392,16.492961
WQI,E1,E1_Min2_FieldOnly,PLS,RAW,2,-0.326743,51.615324,35.555338
WQI,E1,E1_Min2_FieldOnly,PLS,RAW,3,-0.028024,11.123832,9.024012
WQI,E1,E1_Min2_FieldOnly,PLS,RAW,4,-4.361356,19.859092,19.58113
WQI,E1,E1_Min2_FieldOnly,PLS,RAW,5,-0.074529,29.582351,19.698359
WQI,E1,E1_Min2_FieldOnly,PLS,RAW,6,-0.971128,14.229161,12.054165
WQI,E1,E1_Min2_FieldOnly,PLS,RAW,7,-0.198668,35.36787,25.517647
WQI,E1,E1_Min2_FieldOnly,PLS,RAW,8,0.090072,12.942743,11.973795
WQI,E1,E1_Min2_FieldOnly,PLS,RAW,9,-0.473134,16.648707,15.019487
WQI,E1,E1_Min2_FieldOnly,PLS,RAW,10,-0.107094,47.370794,33.333504
WQI,E1,E1_Min2_FieldOnly,PLS,RAW,11,-0.12778,32.071109,17.921758
WQI,E1,E1_Min2_FieldOnly,PLS,RAW,12,-0.836622,15.932025,15.226475
WQI,E1,E1_Min2_FieldOnly,PLS,RAW,13,-0.045406,28.255985,20.553465
WQI,E1,E1_Min2_FieldOnly,PLS,RAW,14,0.033321,39.569983,27.871101
WQI,E1,E1_Min2_FieldOnly,PLS,RAW,15,0.029562,14.58464,12.995855
WQI,E1,E1_Min2_FieldOnly,PLS,RAW,16,-0.620091,16.337188,14.023096
WQI,E1,E1_Min2_FieldOnly,PLS,RAW,17,-0.38503,12.52822,10.495325
WQI,E1,E1_Min2_FieldOnly,PLS,RAW,18,-0.181297,42.881012,32.22453
WQI,E1,E1_Min2_FieldOnly,PLS,RAW,19,-0.006698,38.68627,25.976646
WQI,E1,E1_Min2_FieldOnly,PLS,RAW,20,-1.154516,16.126961,14.085454
WQI,E1,E1_Min2_FieldOnly,PLS,RAW,21,-0.212247,14.759821,13.917564
WQI,E1,E1_Min2_FieldOnly,PLS,RAW,22,-0.135051,35.432768,27.290871
WQI,E1,E1_Min2_FieldOnly,PLS,RAW,23,-0.044499,38.729336,25.310729
WQI,E1,E1_Min2_FieldOnly,PLS,RAW,24,-3.255442,19.41469,17.980642
WQI,E1,E1_Min2_FieldOnly,PLS,RAW,25,0.039962,28.345933,16.489644
WQI,E1,E1_Min2_FieldOnly,PLS,LOG1P,1,0.111026,14.384414,12.402806
WQI,E1,E1_Min2_FieldOnly,PLS,LOG1P,2,-0.434728,53.674752,35.637935
WQI,E1,E1_Min2_FieldOnly,PLS,LOG1P,3,-0.268127,12.354757,8.884556
WQI,E1,E1_Min2_FieldOnly,PLS,LOG1P,4,-1.24363,12.84688,12.440277
WQI,E1,E1_Min2_FieldOnly,PLS,LOG1P,5,-0.147255,30.56705,19.868718
WQI,E1,E1_Min2_FieldOnly,PLS,LOG1P,6,-0.636968,12.967075,11.830061
WQI,E1,E1_Min2_FieldOnly,PLS,LOG1P,7,-0.231774,35.85295,23.682161
WQI,E1,E1_Min2_FieldOnly,PLS,LOG1P,8,0.105525,12.832374,9.710266
WQI,E1,E1_Min2_FieldOnly,PLS,LOG1P,9,0.084332,13.125879,10.043068
WQI,E1,E1_Min2_FieldOnly,PLS,LOG1P,10,-0.16066,48.503257,31.005173
WQI,E1,E1_Min2_FieldOnly,PLS,LOG1P,11,-0.274638,34.09536,18.239729
WQI,E1,E1_Min2_FieldOnly,PLS,LOG1P,12,-0.705968,15.354882,13.731481
WQI,E1,E1_Min2_FieldOnly,PLS,LOG1P,13,-0.089204,28.841804,19.628387
WQI,E1,E1_Min2_FieldOnly,PLS,LOG1P,14,0.007776,40.089408,24.64437
WQI,E1,E1_Min2_FieldOnly,PLS,LOG1P,15,0.0269,14.604632,11.31815
WQI,E1,E1_Min2_FieldOnly,PLS,LOG1P,16,0.24003,11.189376,8.87947
WQI,E1,E1_Min2_FieldOnly,PLS,LOG1P,17,-0.543773,13.226699,9.633774
WQI,E1,E1_Min2_FieldOnly,PLS,LOG1P,18,-0.295156,44.900007,31.938399
WQI,E1,E1_Min2_FieldOnly,PLS,LOG1P,19,-0.086637,40.19291,22.984973
WQI,E1,E1_Min2_FieldOnly,PLS,LOG1P,20,-0.488435,13.404254,12.375802
WQI,E1,E1_Min2_FieldOnly,PLS,LOG1P,21,-0.291729,15.236011,11.938245
WQI,E1,E1_Min2_FieldOnly,PLS,LOG1P,22,-0.201991,36.462643,25.909925
WQI,E1,E1_Min2_FieldOnly,PLS,LOG1P,23,-0.124536,40.185813,23.156026
WQI,E1,E1_Min2_FieldOnly,PLS,LOG1P,24,-1.372725,14.497122,12.797433
WQI,E1,E1_Min2_FieldOnly,PLS,LOG1P,25,0.039546,28.352078,15.951886
WQI,E1,E1_Min2_FieldOnly,Lasso,RAW,1,-0.419628,18.177528,16.513033
WQI,E1,E1_Min2_FieldOnly,Lasso,RAW,2,-0.323581,51.553784,35.458623
WQI,E1,E1_Min2_FieldOnly,Lasso,RAW,3,-0.03239,11.147429,9.046245
WQI,E1,E1_Min2_FieldOnly,Lasso,RAW,4,-4.32107,19.78434,19.4985
WQI,E1,E1_Min2_FieldOnly,Lasso,RAW,5,-0.080128,29.65932,19.737029
WQI,E1,E1_Min2_FieldOnly,Lasso,RAW,6,-0.9589,14.184956,12.005875
WQI,E1,E1_Min2_FieldOnly,Lasso,RAW,7,-0.193475,35.291178,25.431601
WQI,E1,E1_Min2_FieldOnly,Lasso,RAW,8,0.091276,12.934175,11.945947
WQI,E1,E1_Min2_FieldOnly,Lasso,RAW,9,-0.45275,16.53312,14.926925
WQI,E1,E1_Min2_FieldOnly,Lasso,RAW,10,-0.102949,47.282023,33.225912
WQI,E1,E1_Min2_FieldOnly,Lasso,RAW,11,-0.125557,32.039488,17.924695
WQI,E1,E1_Min2_FieldOnly,Lasso,RAW,12,-0.81882,15.854626,15.151249
WQI,E1,E1_Min2_FieldOnly,Lasso,RAW,13,-0.041051,28.197068,20.386552
WQI,E1,E1_Min2_FieldOnly,Lasso,RAW,14,0.031818,39.600728,27.932609
WQI,E1,E1_Min2_FieldOnly,Lasso,RAW,15,0.02352,14.629971,13.000957
WQI,E1,E1_Min2_FieldOnly,Lasso,RAW,16,-0.58579,16.16332,13.831847
WQI,E1,E1_Min2_FieldOnly,Lasso,RAW,17,-0.371051,12.464838,10.440486
WQI,E1,E1_Min2_FieldOnly,Lasso,RAW,18,-0.182584,42.90436,32.27212
WQI,E1,E1_Min2_FieldOnly,Lasso,RAW,19,-0.006346,38.6795,26.003176
WQI,E1,E1_Min2_FieldOnly,Lasso,RAW,20,-1.142064,16.080291,14.026785
WQI,E1,E1_Min2_FieldOnly,Lasso,RAW,21,-0.213048,14.764699,13.930113
WQI,E1,E1_Min2_FieldOnly,Lasso,RAW,22,-0.134253,35.420319,27.322438
WQI,E1,E1_Min2_FieldOnly,Lasso,RAW,23,-0.043875,38.71777,25.293251
WQI,E1,E1_Min2_FieldOnly,Lasso,RAW,24,-3.202545,19.293645,17.888384
WQI,E1,E1_Min2_FieldOnly,Lasso,RAW,25,0.038288,28.37063,16.459252
WQI,E1,E1_Min2_FieldOnly,Lasso,LOG1P,1,-0.002431,15.274774,12.892475
WQI,E1,E1_Min2_FieldOnly,Lasso,LOG1P,2,-0.357274,52.205838,33.301884
WQI,E1,E1_Min2_FieldOnly,Lasso,LOG1P,3,-0.372279,12.852101,10.076805
WQI,E1,E1_Min2_FieldOnly,Lasso,LOG1P,4,-0.583079,10.791292,9.483244
WQI,E1,E1_Min2_FieldOnly,Lasso,LOG1P,5,-0.286495,32.368886,21.025433
WQI,E1,E1_Min2_FieldOnly,Lasso,LOG1P,6,-0.259532,11.374346,10.472934
WQI,E1,E1_Min2_FieldOnly,Lasso,LOG1P,7,-0.134081,34.401822,21.430579
WQI,E1,E1_Min2_FieldOnly,Lasso,LOG1P,8,-0.128156,14.41144,11.366686
WQI,E1,E1_Min2_FieldOnly,Lasso,LOG1P,9,-0.003622,13.741823,10.90608
WQI,E1,E1_Min2_FieldOnly,Lasso,LOG1P,10,-0.154284,48.369835,30.497657
WQI,E1,E1_Min2_FieldOnly,Lasso,LOG1P,11,-0.21217,33.249389,17.832635
WQI,E1,E1_Min2_FieldOnly,Lasso,LOG1P,12,-0.259383,13.19289,10.846203
WQI,E1,E1_Min2_FieldOnly,Lasso,LOG1P,13,-0.199455,30.266336,18.53375
WQI,E1,E1_Min2_FieldOnly,Lasso,LOG1P,14,-0.027371,40.793249,27.243026
WQI,E1,E1_Min2_FieldOnly,Lasso,LOG1P,15,0.042912,14.483974,11.363376
WQI,E1,E1_Min2_FieldOnly,Lasso,LOG1P,16,0.075714,12.339877,9.567653
WQI,E1,E1_Min2_FieldOnly,Lasso,LOG1P,17,-0.343818,12.340423,8.857602
WQI,E1,E1_Min2_FieldOnly,Lasso,LOG1P,18,-0.328056,45.466724,32.907919
WQI,E1,E1_Min2_FieldOnly,Lasso,LOG1P,19,-0.064794,39.786896,23.40663
WQI,E1,E1_Min2_FieldOnly,Lasso,LOG1P,20,-0.118633,11.620411,10.424001
WQI,E1,E1_Min2_FieldOnly,Lasso,LOG1P,21,-0.193785,14.647,11.43956
WQI,E1,E1_Min2_FieldOnly,Lasso,LOG1P,22,-0.196083,36.372915,26.856074
WQI,E1,E1_Min2_FieldOnly,Lasso,LOG1P,23,-0.0921,39.60202,22.325462
WQI,E1,E1_Min2_FieldOnly,Lasso,LOG1P,24,-0.174734,10.20065,8.564839
WQI,E1,E1_Min2_FieldOnly,Lasso,LOG1P,25,-0.09333,30.24978,18.165979
WQI,E1,E1_Min2_FieldOnly,Ridge,RAW,1,-0.417286,18.162526,16.491376
WQI,E1,E1_Min2_FieldOnly,Ridge,RAW,2,-0.321252,51.508396,35.386395
WQI,E1,E1_Min2_FieldOnly,Ridge,RAW,3,-0.015816,11.057589,8.934566
WQI,E1,E1_Min2_FieldOnly,Ridge,RAW,4,-4.299942,19.745022,19.465656
WQI,E1,E1_Min2_FieldOnly,Ridge,RAW,5,-0.075814,29.600037,19.704366
WQI,E1,E1_Min2_FieldOnly,Ridge,RAW,6,-0.950815,14.155654,11.963433
WQI,E1,E1_Min2_FieldOnly,Ridge,RAW,7,-0.19045,35.246412,25.396985
WQI,E1,E1_Min2_FieldOnly,Ridge,RAW,8,0.09209,12.928382,11.932453
WQI,E1,E1_Min2_FieldOnly,Ridge,RAW,9,-0.462958,16.591102,14.983271
WQI,E1,E1_Min2_FieldOnly,Ridge,RAW,10,-0.104196,47.308742,33.256731
WQI,E1,E1_Min2_FieldOnly,Ridge,RAW,11,-0.12503,32.031991,17.948547
WQI,E1,E1_Min2_FieldOnly,Ridge,RAW,12,-0.813863,15.833006,15.130675
WQI,E1,E1_Min2_FieldOnly,Ridge,RAW,13,-0.043959,28.23641,20.427756
WQI,E1,E1_Min2_FieldOnly,Ridge,RAW,14,0.032584,39.58507,27.904143
WQI,E1,E1_Min2_FieldOnly,Ridge,RAW,15,0.025415,14.615766,13.006409
WQI,E1,E1_Min2_FieldOnly,Ridge,RAW,16,-0.592647,16.198223,13.861327
WQI,E1,E1_Min2_FieldOnly,Ridge,RAW,17,-0.365427,12.439243,10.401641
WQI,E1,E1_Min2_FieldOnly,Ridge,RAW,18,-0.181727,42.888809,32.240823
WQI,E1,E1_Min2_FieldOnly,Ridge,RAW,19,-0.00607,38.674202,26.00196
WQI,E1,E1_Min2_FieldOnly,Ridge,RAW,20,-1.131467,16.040468,13.992794
WQI,E1,E1_Min2_FieldOnly,Ridge,RAW,21,-0.209458,14.742837,13.910931
WQI,E1,E1_Min2_FieldOnly,Ridge,RAW,22,-0.131289,35.374004,27.246043
WQI,E1,E1_Min2_FieldOnly,Ridge,RAW,23,-0.042363,38.689726,25.257588
WQI,E1,E1_Min2_FieldOnly,Ridge,RAW,24,-3.11464,19.090796,17.685154
WQI,E1,E1_Min2_FieldOnly,Ridge,RAW,25,0.038731,28.36409,16.481292
WQI,E1,E1_Min2_FieldOnly,Ridge,LOG1P,1,0.108635,14.403746,12.413222
WQI,E1,E1_Min2_FieldOnly,Ridge,LOG1P,2,-0.428561,53.559273,35.452002
WQI,E1,E1_Min2_FieldOnly,Ridge,LOG1P,3,-0.263815,12.333737,8.889816
WQI,E1,E1_Min2_FieldOnly,Ridge,LOG1P,4,-1.192339,12.699188,12.290228
WQI,E1,E1_Min2_FieldOnly,Ridge,LOG1P,5,-0.152038,30.630712,19.912471
WQI,E1,E1_Min2_FieldOnly,Ridge,LOG1P,6,-0.613971,12.875668,11.766015
WQI,E1,E1_Min2_FieldOnly,Ridge,LOG1P,7,-0.224338,35.744574,23.473858
WQI,E1,E1_Min2_FieldOnly,Ridge,LOG1P,8,0.101658,12.860082,9.700954
WQI,E1,E1_Min2_FieldOnly,Ridge,LOG1P,9,0.087259,13.104881,10.048202
WQI,E1,E1_Min2_FieldOnly,Ridge,LOG1P,10,-0.157348,48.434007,30.881318
WQI,E1,E1_Min2_FieldOnly,Ridge,LOG1P,11,-0.267728,34.002814,18.055243
WQI,E1,E1_Min2_FieldOnly,Ridge,LOG1P,12,-0.670017,15.192228,13.555242
WQI,E1,E1_Min2_FieldOnly,Ridge,LOG1P,13,-0.090918,28.864494,19.534488
WQI,E1,E1_Min2_FieldOnly,Ridge,LOG1P,14,0.007201,40.101026,24.726601
WQI,E1,E1_Min2_FieldOnly,Ridge,LOG1P,15,0.029071,14.588328,11.3148
WQI,E1,E1_Min2_FieldOnly,Ridge,LOG1P,16,0.246989,11.138026,8.783517
WQI,E1,E1_Min2_FieldOnly,Ridge,LOG1P,17,-0.522634,13.135832,9.535504
WQI,E1,E1_Min2_FieldOnly,Ridge,LOG1P,18,-0.295482,44.905665,31.943422
WQI,E1,E1_Min2_FieldOnly,Ridge,LOG1P,19,-0.08453,40.153922,22.996448
WQI,E1,E1_Min2_FieldOnly,Ridge,LOG1P,20,-0.465157,13.299024,12.27954
WQI,E1,E1_Min2_FieldOnly,Ridge,LOG1P,21,-0.273772,15.129741,11.845011
WQI,E1,E1_Min2_FieldOnly,Ridge,LOG1P,22,-0.200776,36.444202,25.923863
WQI,E1,E1_Min2_FieldOnly,Ridge,LOG1P,23,-0.120554,40.1146,23.065266
WQI,E1,E1_Min2_FieldOnly,Ridge,LOG1P,24,-1.265376,14.16538,12.52151
WQI,E1,E1_Min2_FieldOnly,Ridge,LOG1P,25,0.035857,28.406466,16.026958
WQI,E1,E1_Min2_FieldOnly,ElasticNet,RAW,1,-0.421054,18.186658,16.500676
WQI,E1,E1_Min2_FieldOnly,ElasticNet,RAW,2,-0.316618,51.418,35.242281
WQI,E1,E1_Min2_FieldOnly,ElasticNet,RAW,3,-0.011578,11.034499,8.897309
WQI,E1,E1_Min2_FieldOnly,ElasticNet,RAW,4,-4.246569,19.64535,19.359224
WQI,E1,E1_Min2_FieldOnly,ElasticNet,RAW,5,-0.079248,29.647235,19.726451
WQI,E1,E1_Min2_FieldOnly,ElasticNet,RAW,6,-0.933702,14.093426,11.888607
WQI,E1,E1_Min2_FieldOnly,ElasticNet,RAW,7,-0.183396,35.141833,25.285844
WQI,E1,E1_Min2_FieldOnly,ElasticNet,RAW,8,0.093577,12.917791,11.895529
WQI,E1,E1_Min2_FieldOnly,ElasticNet,RAW,9,-0.448101,16.506641,14.920961
WQI,E1,E1_Min2_FieldOnly,ElasticNet,RAW,10,-0.100769,47.235272,33.165544
WQI,E1,E1_Min2_FieldOnly,ElasticNet,RAW,11,-0.122303,31.993139,17.961429
WQI,E1,E1_Min2_FieldOnly,ElasticNet,RAW,12,-0.792608,15.739965,15.039195
WQI,E1,E1_Min2_FieldOnly,ElasticNet,RAW,13,-0.041228,28.199454,20.279169
WQI,E1,E1_Min2_FieldOnly,ElasticNet,RAW,14,0.031427,39.608731,27.952797
WQI,E1,E1_Min2_FieldOnly,ElasticNet,RAW,15,0.020025,14.656131,13.014822
WQI,E1,E1_Min2_FieldOnly,ElasticNet,RAW,16,-0.563082,16.047171,13.686622
WQI,E1,E1_Min2_FieldOnly,ElasticNet,RAW,17,-0.347926,12.359272,10.321715
WQI,E1,E1_Min2_FieldOnly,ElasticNet,RAW,18,-0.182609,42.904812,32.273361
WQI,E1,E1_Min2_FieldOnly,ElasticNet,RAW,19,-0.005558,38.664354,26.029415
WQI,E1,E1_Min2_FieldOnly,ElasticNet,RAW,20,-1.112803,15.970087,13.911479
WQI,E1,E1_Min2_FieldOnly,ElasticNet,RAW,21,-0.208139,14.734791,13.912431
WQI,E1,E1_Min2_FieldOnly,ElasticNet,RAW,22,-0.128827,35.335498,27.236836
WQI,E1,E1_Min2_FieldOnly,ElasticNet,RAW,23,-0.040861,38.661829,25.21862
WQI,E1,E1_Min2_FieldOnly,ElasticNet,RAW,24,-3.011424,18.849828,17.47318
WQI,E1,E1_Min2_FieldOnly,ElasticNet,RAW,25,0.037205,28.386609,16.463132
WQI,E1,E1_Min2_FieldOnly,ElasticNet,LOG1P,1,0.060313,14.789015,12.635659
WQI,E1,E1_Min2_FieldOnly,ElasticNet,LOG1P,2,-0.385869,52.752897,34.069106
WQI,E1,E1_Min2_FieldOnly,ElasticNet,LOG1P,3,-0.301816,12.517791,9.410932
WQI,E1,E1_Min2_FieldOnly,ElasticNet,LOG1P,4,-0.745932,11.332761,10.465456
WQI,E1,E1_Min2_FieldOnly,ElasticNet,LOG1P,5,-0.222031,31.547487,20.491787
WQI,E1,E1_Min2_FieldOnly,ElasticNet,LOG1P,6,-0.404234,12.00996,11.067296
WQI,E1,E1_Min2_FieldOnly,ElasticNet,LOG1P,7,-0.162062,34.823626,21.520621
WQI,E1,E1_Min2_FieldOnly,ElasticNet,LOG1P,8,-0.003856,13.594353,10.527969
WQI,E1,E1_Min2_FieldOnly,ElasticNet,LOG1P,9,0.056913,13.320952,10.448448
WQI,E1,E1_Min2_FieldOnly,ElasticNet,LOG1P,10,-0.159061,48.469821,30.755352
WQI,E1,E1_Min2_FieldOnly,ElasticNet,LOG1P,11,-0.233791,33.544608,17.762783
WQI,E1,E1_Min2_FieldOnly,ElasticNet,LOG1P,12,-0.402394,13.921824,11.993177
WQI,E1,E1_Min2_FieldOnly,ElasticNet,LOG1P,13,-0.13749,29.47417,18.886833
WQI,E1,E1_Min2_FieldOnly,ElasticNet,LOG1P,14,-0.011941,40.485771,26.124088
WQI,E1,E1_Min2_FieldOnly,ElasticNet,LOG1P,15,0.044795,14.469721,11.329465
WQI,E1,E1_Min2_FieldOnly,ElasticNet,LOG1P,16,0.194593,11.519017,8.529393
WQI,E1,E1_Min2_FieldOnly,ElasticNet,LOG1P,17,-0.374932,12.482468,8.924524
WQI,E1,E1_Min2_FieldOnly,ElasticNet,LOG1P,18,-0.316895,45.275259,32.605462
WQI,E1,E1_Min2_FieldOnly,ElasticNet,LOG1P,19,-0.072189,39.924817,23.192663
WQI,E1,E1_Min2_FieldOnly,ElasticNet,LOG1P,20,-0.250286,12.285207,11.263131
WQI,E1,E1_Min2_FieldOnly,ElasticNet,LOG1P,21,-0.214635,14.774357,11.552259
WQI,E1,E1_Min2_FieldOnly,ElasticNet,LOG1P,22,-0.196158,36.374061,26.395422
WQI,E1,E1_Min2_FieldOnly,ElasticNet,LOG1P,23,-0.101113,39.765093,22.604315
WQI,E1,E1_Min2_FieldOnly,ElasticNet,LOG1P,24,-0.521875,11.61041,10.231125
WQI,E1,E1_Min2_FieldOnly,ElasticNet,LOG1P,25,-0.02977,29.35734,17.150763
WQI,E2,E2_Min3_Field_Plus_Depth,SVR_RBF,RAW,1,0.037454,14.967815,12.213495
WQI,E2,E2_Min3_Field_Plus_Depth,SVR_RBF,RAW,2,-0.292023,50.93547,32.494638
WQI,E2,E2_Min3_Field_Plus_Depth,SVR_RBF,RAW,3,-0.671841,14.185689,11.849432
WQI,E2,E2_Min3_Field_Plus_Depth,SVR_RBF,RAW,4,-0.430542,10.258228,8.844166
WQI,E2,E2_Min3_Field_Plus_Depth,SVR_RBF,RAW,5,-0.279816,32.284743,21.391201
WQI,E2,E2_Min3_Field_Plus_Depth,SVR_RBF,RAW,6,-0.010046,10.185735,8.839646
WQI,E2,E2_Min3_Field_Plus_Depth,SVR_RBF,RAW,7,-0.163704,34.848229,22.331637
WQI,E2,E2_Min3_Field_Plus_Depth,SVR_RBF,RAW,8,-0.252091,15.182412,11.622161
WQI,E2,E2_Min3_Field_Plus_Depth,SVR_RBF,RAW,9,0.052013,13.355511,10.522183
WQI,E2,E2_Min3_Field_Plus_Depth,SVR_RBF,RAW,10,-0.15552,48.395734,29.986666
WQI,E2,E2_Min3_Field_Plus_Depth,SVR_RBF,RAW,11,-0.172879,32.706085,16.874321
WQI,E2,E2_Min3_Field_Plus_Depth,SVR_RBF,RAW,12,-0.185464,12.799861,11.021949
WQI,E2,E2_Min3_Field_Plus_Depth,SVR_RBF,RAW,13,-0.259537,31.015114,17.870033
WQI,E2,E2_Min3_Field_Plus_Depth,SVR_RBF,RAW,14,-0.057927,41.395455,27.316741
WQI,E2,E2_Min3_Field_Plus_Depth,SVR_RBF,RAW,15,0.013533,14.704595,11.369957
WQI,E2,E2_Min3_Field_Plus_Depth,SVR_RBF,RAW,16,0.034889,12.609452,9.766074
WQI,E2,E2_Min3_Field_Plus_Depth,SVR_RBF,RAW,17,-0.691423,13.844776,10.342968
WQI,E2,E2_Min3_Field_Plus_Depth,SVR_RBF,RAW,18,-0.315954,45.259082,32.922022
WQI,E2,E2_Min3_Field_Plus_Depth,SVR_RBF,RAW,19,-0.060322,39.703244,23.53002
WQI,E2,E2_Min3_Field_Plus_Depth,SVR_RBF,RAW,20,-0.03714,11.189134,8.785626
WQI,E2,E2_Min3_Field_Plus_Depth,SVR_RBF,RAW,21,-0.019002,13.532347,10.128027
WQI,E2,E2_Min3_Field_Plus_Depth,SVR_RBF,RAW,22,-0.23158,36.908701,27.0838
WQI,E2,E2_Min3_Field_Plus_Depth,SVR_RBF,RAW,23,-0.081018,39.400567,20.849178
WQI,E2,E2_Min3_Field_Plus_Depth,SVR_RBF,RAW,24,-0.004837,9.43422,7.42516
WQI,E2,E2_Min3_Field_Plus_Depth,SVR_RBF,RAW,25,-0.159226,31.148029,19.508447
WQI,E2,E2_Min3_Field_Plus_Depth,SVR_RBF,LOG1P,1,0.186483,13.760398,9.673608
WQI,E2,E2_Min3_Field_Plus_Depth,SVR_RBF,LOG1P,2,-0.665171,57.824865,35.521871
WQI,E2,E2_Min3_Field_Plus_Depth,SVR_RBF,LOG1P,3,-0.459492,13.254206,9.488972
WQI,E2,E2_Min3_Field_Plus_Depth,SVR_RBF,LOG1P,4,-1.162215,12.611638,11.601652
WQI,E2,E2_Min3_Field_Plus_Depth,SVR_RBF,LOG1P,5,-0.232943,31.688024,21.419487
WQI,E2,E2_Min3_Field_Plus_Depth,SVR_RBF,LOG1P,6,-0.353373,11.790454,9.119907
WQI,E2,E2_Min3_Field_Plus_Depth,SVR_RBF,LOG1P,7,-0.37486,37.878133,24.231735
WQI,E2,E2_Min3_Field_Plus_Depth,SVR_RBF,LOG1P,8,-0.471861,16.461002,12.841779
WQI,E2,E2_Min3_Field_Plus_Depth,SVR_RBF,LOG1P,9,0.193676,12.317259,9.759746
WQI,E2,E2_Min3_Field_Plus_Depth,SVR_RBF,LOG1P,10,-0.33246,51.969131,29.33131
WQI,E2,E2_Min3_Field_Plus_Depth,SVR_RBF,LOG1P,11,-0.429214,36.103606,19.200377
WQI,E2,E2_Min3_Field_Plus_Depth,SVR_RBF,LOG1P,12,-0.625846,14.989971,10.92238
WQI,E2,E2_Min3_Field_Plus_Depth,SVR_RBF,LOG1P,13,-0.183138,30.059757,16.900712
WQI,E2,E2_Min3_Field_Plus_Depth,SVR_RBF,LOG1P,14,-0.148678,43.134413,24.46891
WQI,E2,E2_Min3_Field_Plus_Depth,SVR_RBF,LOG1P,15,-0.38892,17.44819,14.328232
WQI,E2,E2_Min3_Field_Plus_Depth,SVR_RBF,LOG1P,16,0.295336,10.774539,7.341987
WQI,E2,E2_Min3_Field_Plus_Depth,SVR_RBF,LOG1P,17,-0.988238,15.010459,11.372582
WQI,E2,E2_Min3_Field_Plus_Depth,SVR_RBF,LOG1P,18,-0.394532,46.590736,31.202914
WQI,E2,E2_Min3_Field_Plus_Depth,SVR_RBF,LOG1P,19,-0.325306,44.387974,21.356891
WQI,E2,E2_Min3_Field_Plus_Depth,SVR_RBF,LOG1P,20,-0.973017,15.432743,12.644855
WQI,E2,E2_Min3_Field_Plus_Depth,SVR_RBF,LOG1P,21,-0.343578,15.538783,12.349923
WQI,E2,E2_Min3_Field_Plus_Depth,SVR_RBF,LOG1P,22,-0.431314,39.789179,27.654936
WQI,E2,E2_Min3_Field_Plus_Depth,SVR_RBF,LOG1P,23,-0.360606,44.203049,24.393768
WQI,E2,E2_Min3_Field_Plus_Depth,SVR_RBF,LOG1P,24,-0.189128,10.262955,6.779167
WQI,E2,E2_Min3_Field_Plus_Depth,SVR_RBF,LOG1P,25,-0.174126,31.347562,18.962508
WQI,E2,E2_Min3_Field_Plus_Depth,PLS,RAW,1,-2.393687,28.10499,23.140573
WQI,E2,E2_Min3_Field_Plus_Depth,PLS,RAW,2,-0.539431,55.598789,38.397043
WQI,E2,E2_Min3_Field_Plus_Depth,PLS,RAW,3,-0.186488,11.950459,9.325146
WQI,E2,E2_Min3_Field_Plus_Depth,PLS,RAW,4,-4.308858,19.761624,19.52449
WQI,E2,E2_Min3_Field_Plus_Depth,PLS,RAW,5,-0.083059,29.699542,19.647165
WQI,E2,E2_Min3_Field_Plus_Depth,PLS,RAW,6,-4.192732,23.095098,19.044236
WQI,E2,E2_Min3_Field_Plus_Depth,PLS,RAW,7,-0.247663,36.083446,26.047412
WQI,E2,E2_Min3_Field_Plus_Depth,PLS,RAW,8,0.076043,13.042134,12.100738
WQI,E2,E2_Min3_Field_Plus_Depth,PLS,RAW,9,-0.519505,16.908706,14.944855
WQI,E2,E2_Min3_Field_Plus_Depth,PLS,RAW,10,-0.108631,47.40366,32.843801
WQI,E2,E2_Min3_Field_Plus_Depth,PLS,RAW,11,-0.131877,32.129318,18.263309
WQI,E2,E2_Min3_Field_Plus_Depth,PLS,RAW,12,-0.836321,15.93072,15.158967
WQI,E2,E2_Min3_Field_Plus_Depth,PLS,RAW,13,-0.629512,35.277405,28.283252
WQI,E2,E2_Min3_Field_Plus_Depth,PLS,RAW,14,-0.011901,40.484952,27.359499
WQI,E2,E2_Min3_Field_Plus_Depth,PLS,RAW,15,0.036777,14.530321,12.946032
WQI,E2,E2_Min3_Field_Plus_Depth,PLS,RAW,16,-0.734435,16.903891,13.918696
WQI,E2,E2_Min3_Field_Plus_Depth,PLS,RAW,17,-0.479593,12.948843,10.976546
WQI,E2,E2_Min3_Field_Plus_Depth,PLS,RAW,18,-0.190848,43.053997,32.65682
WQI,E2,E2_Min3_Field_Plus_Depth,PLS,RAW,19,-0.064333,39.778275,25.583543
WQI,E2,E2_Min3_Field_Plus_Depth,PLS,RAW,20,-2.366082,20.157657,17.129581
WQI,E2,E2_Min3_Field_Plus_Depth,PLS,RAW,21,-0.278332,15.1568,13.990936
WQI,E2,E2_Min3_Field_Plus_Depth,PLS,RAW,22,-0.146052,35.604068,27.450759
WQI,E2,E2_Min3_Field_Plus_Depth,PLS,RAW,23,-0.156375,40.750731,25.988774
WQI,E2,E2_Min3_Field_Plus_Depth,PLS,RAW,24,-7.67791,27.724625,24.50992
WQI,E2,E2_Min3_Field_Plus_Depth,PLS,RAW,25,-0.10304,30.3838,18.468316
WQI,E2,E2_Min3_Field_Plus_Depth,PLS,LOG1P,1,-0.093193,15.951293,14.162492
WQI,E2,E2_Min3_Field_Plus_Depth,PLS,LOG1P,2,-0.644608,57.466728,39.339235
WQI,E2,E2_Min3_Field_Plus_Depth,PLS,LOG1P,3,-0.103122,11.522974,8.358803
WQI,E2,E2_Min3_Field_Plus_Depth,PLS,LOG1P,4,-1.251909,12.87056,12.63739
WQI,E2,E2_Min3_Field_Plus_Depth,PLS,LOG1P,5,-0.121595,30.223289,19.868426
WQI,E2,E2_Min3_Field_Plus_Depth,PLS,LOG1P,6,-0.467501,12.277534,11.03904
WQI,E2,E2_Min3_Field_Plus_Depth,PLS,LOG1P,7,-0.365167,37.744382,26.035658
WQI,E2,E2_Min3_Field_Plus_Depth,PLS,LOG1P,8,0.029349,13.367626,10.575138
WQI,E2,E2_Min3_Field_Plus_Depth,PLS,LOG1P,9,0.169982,12.496925,9.500261
WQI,E2,E2_Min3_Field_Plus_Depth,PLS,LOG1P,10,-0.16628,48.620547,29.880077
WQI,E2,E2_Min3_Field_Plus_Depth,PLS,LOG1P,11,-0.254189,33.820758,16.804925
WQI,E2,E2_Min3_Field_Plus_Depth,PLS,LOG1P,12,-0.690796,15.28645,13.586095
WQI,E2,E2_Min3_Field_Plus_Depth,PLS,LOG1P,13,-0.048884,28.302946,18.563924
WQI,E2,E2_Min3_Field_Plus_Depth,PLS,LOG1P,14,-0.058186,41.400506,24.357293
WQI,E2,E2_Min3_Field_Plus_Depth,PLS,LOG1P,15,0.080317,14.198118,11.677951
WQI,E2,E2_Min3_Field_Plus_Depth,PLS,LOG1P,16,0.320076,10.583707,8.562767
WQI,E2,E2_Min3_Field_Plus_Depth,PLS,LOG1P,17,-0.796067,14.266619,10.549944
WQI,E2,E2_Min3_Field_Plus_Depth,PLS,LOG1P,18,-0.285016,44.723894,31.462215
WQI,E2,E2_Min3_Field_Plus_Depth,PLS,LOG1P,19,-0.157464,41.482124,22.518153
WQI,E2,E2_Min3_Field_Plus_Depth,PLS,LOG1P,20,-0.300013,12.527128,10.510069
WQI,E2,E2_Min3_Field_Plus_Depth,PLS,LOG1P,21,-0.149641,14.373637,11.445672
WQI,E2,E2_Min3_Field_Plus_Depth,PLS,LOG1P,22,-0.24539,37.115058,26.661303
WQI,E2,E2_Min3_Field_Plus_Depth,PLS,LOG1P,23,-0.264568,42.614481,24.523178
WQI,E2,E2_Min3_Field_Plus_Depth,PLS,LOG1P,24,-0.93439,13.089713,11.408244
WQI,E2,E2_Min3_Field_Plus_Depth,PLS,LOG1P,25,0.042321,28.311079,15.836899
WQI,E2,E2_Min3_Field_Plus_Depth,Lasso,RAW,1,-2.361345,27.970749,23.035567
WQI,E2,E2_Min3_Field_Plus_Depth,Lasso,RAW,2,-0.526751,55.369347,38.125121
WQI,E2,E2_Min3_Field_Plus_Depth,Lasso,RAW,3,-0.182964,11.932699,9.337332
WQI,E2,E2_Min3_Field_Plus_Depth,Lasso,RAW,4,-4.306274,19.756814,19.479192
WQI,E2,E2_Min3_Field_Plus_Depth,Lasso,RAW,5,-0.08815,29.769261,19.688363
WQI,E2,E2_Min3_Field_Plus_Depth,Lasso,RAW,6,-4.038953,22.750555,18.810114
WQI,E2,E2_Min3_Field_Plus_Depth,Lasso,RAW,7,-0.238107,35.944998,25.833025
WQI,E2,E2_Min3_Field_Plus_Depth,Lasso,RAW,8,0.082649,12.995424,12.035955
WQI,E2,E2_Min3_Field_Plus_Depth,Lasso,RAW,9,-0.486069,16.721638,14.831628
WQI,E2,E2_Min3_Field_Plus_Depth,Lasso,RAW,10,-0.106902,47.366672,32.978845
WQI,E2,E2_Min3_Field_Plus_Depth,Lasso,RAW,11,-0.126779,32.056874,17.876715
WQI,E2,E2_Min3_Field_Plus_Depth,Lasso,RAW,12,-0.816931,15.84639,15.081957
WQI,E2,E2_Min3_Field_Plus_Depth,Lasso,RAW,13,-0.599247,34.948267,27.935014
WQI,E2,E2_Min3_Field_Plus_Depth,Lasso,RAW,14,-0.009284,40.432575,27.456608
WQI,E2,E2_Min3_Field_Plus_Depth,Lasso,RAW,15,0.029233,14.587109,12.951166
WQI,E2,E2_Min3_Field_Plus_Depth,Lasso,RAW,16,-0.678048,16.626847,13.768416
WQI,E2,E2_Min3_Field_Plus_Depth,Lasso,RAW,17,-0.439177,12.770764,10.815781
WQI,E2,E2_Min3_Field_Plus_Depth,Lasso,RAW,18,-0.192766,43.088672,32.73343
WQI,E2,E2_Min3_Field_Plus_Depth,Lasso,RAW,19,-0.059236,39.682909,25.621645
WQI,E2,E2_Min3_Field_Plus_Depth,Lasso,RAW,20,-2.331928,20.055132,17.041486
WQI,E2,E2_Min3_Field_Plus_Depth,Lasso,RAW,21,-0.289316,15.221777,14.044108
WQI,E2,E2_Min3_Field_Plus_Depth,Lasso,RAW,22,-0.144154,35.574577,27.491627
WQI,E2,E2_Min3_Field_Plus_Depth,Lasso,RAW,23,-0.14812,40.605014,25.768586
WQI,E2,E2_Min3_Field_Plus_Depth,Lasso,RAW,24,-7.448107,27.35507,24.191569
WQI,E2,E2_Min3_Field_Plus_Depth,Lasso,RAW,25,-0.104232,30.400209,18.558958
WQI,E2,E2_Min3_Field_Plus_Depth,Lasso,LOG1P,1,-0.002431,15.274774,12.892475
WQI,E2,E2_Min3_Field_Plus_Depth,Lasso,LOG1P,2,-0.400264,53.026162,34.012445
WQI,E2,E2_Min3_Field_Plus_Depth,Lasso,LOG1P,3,-0.372279,12.852101,10.076805
WQI,E2,E2_Min3_Field_Plus_Depth,Lasso,LOG1P,4,-0.583079,10.791292,9.483244
WQI,E2,E2_Min3_Field_Plus_Depth,Lasso,LOG1P,5,-0.286495,32.368886,21.025433
WQI,E2,E2_Min3_Field_Plus_Depth,Lasso,LOG1P,6,-0.259532,11.374346,10.472934
WQI,E2,E2_Min3_Field_Plus_Depth,Lasso,LOG1P,7,-0.134081,34.401822,21.430579
WQI,E2,E2_Min3_Field_Plus_Depth,Lasso,LOG1P,8,-0.128156,14.41144,11.366686
WQI,E2,E2_Min3_Field_Plus_Depth,Lasso,LOG1P,9,-0.003622,13.741823,10.90608
WQI,E2,E2_Min3_Field_Plus_Depth,Lasso,LOG1P,10,-0.154284,48.369835,30.497657
WQI,E2,E2_Min3_Field_Plus_Depth,Lasso,LOG1P,11,-0.21217,33.249389,17.832635
WQI,E2,E2_Min3_Field_Plus_Depth,Lasso,LOG1P,12,-0.259383,13.19289,10.846203
WQI,E2,E2_Min3_Field_Plus_Depth,Lasso,LOG1P,13,-0.199455,30.266336,18.53375
WQI,E2,E2_Min3_Field_Plus_Depth,Lasso,LOG1P,14,-0.027371,40.793249,27.243026
WQI,E2,E2_Min3_Field_Plus_Depth,Lasso,LOG1P,15,0.042912,14.483974,11.363376
WQI,E2,E2_Min3_Field_Plus_Depth,Lasso,LOG1P,16,0.075714,12.339877,9.567653
WQI,E2,E2_Min3_Field_Plus_Depth,Lasso,LOG1P,17,-0.343818,12.340423,8.857602
WQI,E2,E2_Min3_Field_Plus_Depth,Lasso,LOG1P,18,-0.328056,45.466724,32.907919
WQI,E2,E2_Min3_Field_Plus_Depth,Lasso,LOG1P,19,-0.064794,39.786896,23.40663
WQI,E2,E2_Min3_Field_Plus_Depth,Lasso,LOG1P,20,-0.118633,11.620411,10.424001
WQI,E2,E2_Min3_Field_Plus_Depth,Lasso,LOG1P,21,-0.193785,14.647,11.43956
WQI,E2,E2_Min3_Field_Plus_Depth,Lasso,LOG1P,22,-0.196083,36.372915,26.856074
WQI,E2,E2_Min3_Field_Plus_Depth,Lasso,LOG1P,23,-0.0921,39.60202,22.325462
WQI,E2,E2_Min3_Field_Plus_Depth,Lasso,LOG1P,24,-0.174734,10.20065,8.564839
WQI,E2,E2_Min3_Field_Plus_Depth,Lasso,LOG1P,25,-0.09333,30.24978,18.165979
WQI,E2,E2_Min3_Field_Plus_Depth,Ridge,RAW,1,-2.30311,27.727397,22.847001
WQI,E2,E2_Min3_Field_Plus_Depth,Ridge,RAW,2,-0.51604,55.174783,37.931893
WQI,E2,E2_Min3_Field_Plus_Depth,Ridge,RAW,3,-0.166212,11.847909,9.220851
WQI,E2,E2_Min3_Field_Plus_Depth,Ridge,RAW,4,-4.276576,19.701449,19.433688
WQI,E2,E2_Min3_Field_Plus_Depth,Ridge,RAW,5,-0.083788,29.709538,19.652225
WQI,E2,E2_Min3_Field_Plus_Depth,Ridge,RAW,6,-3.953413,22.556626,18.662731
WQI,E2,E2_Min3_Field_Plus_Depth,Ridge,RAW,7,-0.233618,35.879782,25.78569
WQI,E2,E2_Min3_Field_Plus_Depth,Ridge,RAW,8,0.079439,13.018142,12.063612
WQI,E2,E2_Min3_Field_Plus_Depth,Ridge,RAW,9,-0.497505,16.785853,14.876051
WQI,E2,E2_Min3_Field_Plus_Depth,Ridge,RAW,10,-0.10842,47.399156,32.993463
WQI,E2,E2_Min3_Field_Plus_Depth,Ridge,RAW,11,-0.126766,32.056698,17.882344
WQI,E2,E2_Min3_Field_Plus_Depth,Ridge,RAW,12,-0.813081,15.829591,15.055056
WQI,E2,E2_Min3_Field_Plus_Depth,Ridge,RAW,13,-0.588163,34.826941,27.823329
WQI,E2,E2_Min3_Field_Plus_Depth,Ridge,RAW,14,-0.009636,40.439625,27.433241
WQI,E2,E2_Min3_Field_Plus_Depth,Ridge,RAW,15,0.032519,14.562401,12.94503
WQI,E2,E2_Min3_Field_Plus_Depth,Ridge,RAW,16,-0.687977,16.675962,13.786117
WQI,E2,E2_Min3_Field_Plus_Depth,Ridge,RAW,17,-0.441447,12.780833,10.821094
WQI,E2,E2_Min3_Field_Plus_Depth,Ridge,RAW,18,-0.191671,43.068873,32.695493
WQI,E2,E2_Min3_Field_Plus_Depth,Ridge,RAW,19,-0.059173,39.681738,25.624213
WQI,E2,E2_Min3_Field_Plus_Depth,Ridge,RAW,20,-2.299159,19.956269,16.986811
WQI,E2,E2_Min3_Field_Plus_Depth,Ridge,RAW,21,-0.286968,15.207908,14.023148
WQI,E2,E2_Min3_Field_Plus_Depth,Ridge,RAW,22,-0.141728,35.53684,27.424925
WQI,E2,E2_Min3_Field_Plus_Depth,Ridge,RAW,23,-0.1453,40.555113,25.731271
WQI,E2,E2_Min3_Field_Plus_Depth,Ridge,RAW,24,-7.3018,27.117163,24.001961
WQI,E2,E2_Min3_Field_Plus_Depth,Ridge,RAW,25,-0.100867,30.353864,18.482528
WQI,E2,E2_Min3_Field_Plus_Depth,Ridge,LOG1P,1,-0.107137,16.052709,14.269857
WQI,E2,E2_Min3_Field_Plus_Depth,Ridge,LOG1P,2,-0.622631,57.081474,38.844284
WQI,E2,E2_Min3_Field_Plus_Depth,Ridge,LOG1P,3,-0.135342,11.690049,8.511311
WQI,E2,E2_Min3_Field_Plus_Depth,Ridge,LOG1P,4,-1.326945,13.083235,12.799966
WQI,E2,E2_Min3_Field_Plus_Depth,Ridge,LOG1P,5,-0.126486,30.289118,19.925122
WQI,E2,E2_Min3_Field_Plus_Depth,Ridge,LOG1P,6,-0.447983,12.19561,10.953815
WQI,E2,E2_Min3_Field_Plus_Depth,Ridge,LOG1P,7,-0.36594,37.755062,26.390299
WQI,E2,E2_Min3_Field_Plus_Depth,Ridge,LOG1P,8,0.034919,13.329215,10.541602
WQI,E2,E2_Min3_Field_Plus_Depth,Ridge,LOG1P,9,0.150459,12.64304,9.644789
WQI,E2,E2_Min3_Field_Plus_Depth,Ridge,LOG1P,10,-0.16483,48.59031,29.876165
WQI,E2,E2_Min3_Field_Plus_Depth,Ridge,LOG1P,11,-0.247958,33.736638,16.484122
WQI,E2,E2_Min3_Field_Plus_Depth,Ridge,LOG1P,12,-0.668063,15.18334,13.459673
WQI,E2,E2_Min3_Field_Plus_Depth,Ridge,LOG1P,13,-0.047211,28.280365,18.28577
WQI,E2,E2_Min3_Field_Plus_Depth,Ridge,LOG1P,14,-0.054432,41.327009,24.410008
WQI,E2,E2_Min3_Field_Plus_Depth,Ridge,LOG1P,15,0.082265,14.183077,11.637658
WQI,E2,E2_Min3_Field_Plus_Depth,Ridge,LOG1P,16,0.273706,10.938655,8.875586
WQI,E2,E2_Min3_Field_Plus_Depth,Ridge,LOG1P,17,-0.803353,14.295526,10.547159
WQI,E2,E2_Min3_Field_Plus_Depth,Ridge,LOG1P,18,-0.286385,44.747715,31.50131
WQI,E2,E2_Min3_Field_Plus_Depth,Ridge,LOG1P,19,-0.151448,41.374174,22.537985
WQI,E2,E2_Min3_Field_Plus_Depth,Ridge,LOG1P,20,-0.285279,12.455937,10.50075
WQI,E2,E2_Min3_Field_Plus_Depth,Ridge,LOG1P,21,-0.159497,14.435121,11.478962
WQI,E2,E2_Min3_Field_Plus_Depth,Ridge,LOG1P,22,-0.244745,37.105453,26.762551
WQI,E2,E2_Min3_Field_Plus_Depth,Ridge,LOG1P,23,-0.258955,42.51979,24.318536
WQI,E2,E2_Min3_Field_Plus_Depth,Ridge,LOG1P,24,-0.833254,12.742935,11.087063
WQI,E2,E2_Min3_Field_Plus_Depth,Ridge,LOG1P,25,0.040437,28.338917,15.940649
WQI,E2,E2_Min3_Field_Plus_Depth,ElasticNet,RAW,1,-2.241619,27.468095,22.664146
WQI,E2,E2_Min3_Field_Plus_Depth,ElasticNet,RAW,2,-0.500397,54.889388,37.648981
WQI,E2,E2_Min3_Field_Plus_Depth,ElasticNet,RAW,3,-0.157709,11.804634,9.176597
WQI,E2,E2_Min3_Field_Plus_Depth,ElasticNet,RAW,4,-4.224783,19.604521,19.328946
WQI,E2,E2_Min3_Field_Plus_Depth,ElasticNet,RAW,5,-0.086546,29.747303,19.675472
WQI,E2,E2_Min3_Field_Plus_Depth,ElasticNet,RAW,6,-3.814378,22.237808,18.421121
WQI,E2,E2_Min3_Field_Plus_Depth,ElasticNet,RAW,7,-0.220518,35.688769,25.626184
WQI,E2,E2_Min3_Field_Plus_Depth,ElasticNet,RAW,8,0.085336,12.976378,11.981534
WQI,E2,E2_Min3_Field_Plus_Depth,ElasticNet,RAW,9,-0.48025,16.688869,14.816267
WQI,E2,E2_Min3_Field_Plus_Depth,ElasticNet,RAW,10,-0.104784,47.32135,32.925085
WQI,E2,E2_Min3_Field_Plus_Depth,ElasticNet,RAW,11,-0.12318,32.005642,17.917735
WQI,E2,E2_Min3_Field_Plus_Depth,ElasticNet,RAW,12,-0.792546,15.739692,14.967188
WQI,E2,E2_Min3_Field_Plus_Depth,ElasticNet,RAW,13,-0.554235,34.452932,27.404008
WQI,E2,E2_Min3_Field_Plus_Depth,ElasticNet,RAW,14,-0.007788,40.402597,27.518637
WQI,E2,E2_Min3_Field_Plus_Depth,ElasticNet,RAW,15,0.026951,14.604247,12.956855
WQI,E2,E2_Min3_Field_Plus_Depth,ElasticNet,RAW,16,-0.657948,16.526966,13.619387
WQI,E2,E2_Min3_Field_Plus_Depth,ElasticNet,RAW,17,-0.402881,12.608695,10.634434
WQI,E2,E2_Min3_Field_Plus_Depth,ElasticNet,RAW,18,-0.191846,43.072046,32.704038
WQI,E2,E2_Min3_Field_Plus_Depth,ElasticNet,RAW,19,-0.055456,39.612051,25.675774
WQI,E2,E2_Min3_Field_Plus_Depth,ElasticNet,RAW,20,-2.22055,19.717087,16.819281
WQI,E2,E2_Min3_Field_Plus_Depth,ElasticNet,RAW,21,-0.280837,15.171638,14.015203
WQI,E2,E2_Min3_Field_Plus_Depth,ElasticNet,RAW,22,-0.137992,35.478654,27.394372
WQI,E2,E2_Min3_Field_Plus_Depth,ElasticNet,RAW,23,-0.137406,40.415109,25.668977
WQI,E2,E2_Min3_Field_Plus_Depth,ElasticNet,RAW,24,-7.004988,26.627995,23.606856
WQI,E2,E2_Min3_Field_Plus_Depth,ElasticNet,RAW,25,-0.096031,30.287118,18.422459
WQI,E2,E2_Min3_Field_Plus_Depth,ElasticNet,LOG1P,1,0.033616,14.99762,12.938387
WQI,E2,E2_Min3_Field_Plus_Depth,ElasticNet,LOG1P,2,-0.485475,54.615758,35.886911
WQI,E2,E2_Min3_Field_Plus_Depth,ElasticNet,LOG1P,3,-0.301816,12.517791,9.410932
WQI,E2,E2_Min3_Field_Plus_Depth,ElasticNet,LOG1P,4,-0.719169,11.245567,10.547321
WQI,E2,E2_Min3_Field_Plus_Depth,ElasticNet,LOG1P,5,-0.219244,31.511488,20.503745
WQI,E2,E2_Min3_Field_Plus_Depth,ElasticNet,LOG1P,6,-0.404234,12.00996,11.067296
WQI,E2,E2_Min3_Field_Plus_Depth,ElasticNet,LOG1P,7,-0.189321,35.229697,22.554129
WQI,E2,E2_Min3_Field_Plus_Depth,ElasticNet,LOG1P,8,-0.016945,13.682694,10.313427
WQI,E2,E2_Min3_Field_Plus_Depth,ElasticNet,LOG1P,9,0.056913,13.320952,10.448448
WQI,E2,E2_Min3_Field_Plus_Depth,ElasticNet,LOG1P,10,-0.164643,48.586407,30.653143
WQI,E2,E2_Min3_Field_Plus_Depth,ElasticNet,LOG1P,11,-0.23075,33.503235,17.5188
WQI,E2,E2_Min3_Field_Plus_Depth,ElasticNet,LOG1P,12,-0.402394,13.921822,11.993175
WQI,E2,E2_Min3_Field_Plus_Depth,ElasticNet,LOG1P,13,-0.13749,29.47417,18.886833
WQI,E2,E2_Min3_Field_Plus_Depth,ElasticNet,LOG1P,14,-0.019426,40.635211,26.00508
WQI,E2,E2_Min3_Field_Plus_Depth,ElasticNet,LOG1P,15,0.057092,14.376275,11.40613
WQI,E2,E2_Min3_Field_Plus_Depth,ElasticNet,LOG1P,16,0.194593,11.519017,8.529393
WQI,E2,E2_Min3_Field_Plus_Depth,ElasticNet,LOG1P,17,-0.366728,12.44517,8.882198
WQI,E2,E2_Min3_Field_Plus_Depth,ElasticNet,LOG1P,18,-0.316895,45.275259,32.605462
WQI,E2,E2_Min3_Field_Plus_Depth,ElasticNet,LOG1P,19,-0.101761,40.471644,22.996511
WQI,E2,E2_Min3_Field_Plus_Depth,ElasticNet,LOG1P,20,-0.172224,11.895511,10.6159
WQI,E2,E2_Min3_Field_Plus_Depth,ElasticNet,LOG1P,21,-0.214635,14.774357,11.552259
WQI,E2,E2_Min3_Field_Plus_Depth,ElasticNet,LOG1P,22,-0.216173,36.677118,26.75622
WQI,E2,E2_Min3_Field_Plus_Depth,ElasticNet,LOG1P,23,-0.154769,40.722421,23.038345
WQI,E2,E2_Min3_Field_Plus_Depth,ElasticNet,LOG1P,24,-0.521875,11.61041,10.231125
WQI,E2,E2_Min3_Field_Plus_Depth,ElasticNet,LOG1P,25,-0.02977,29.35734,17.150763
WQI,E3,E3_Min4_Field_Depth_LogSalinity,SVR_RBF,RAW,1,0.019586,15.106096,12.35291
WQI,E3,E3_Min4_Field_Depth_LogSalinity,SVR_RBF,RAW,2,-0.277877,50.65587,32.413503
WQI,E3,E3_Min4_Field_Depth_LogSalinity,SVR_RBF,RAW,3,-0.768057,14.588179,12.275353
WQI,E3,E3_Min4_Field_Depth_LogSalinity,SVR_RBF,RAW,4,-0.448337,10.321836,8.955179
WQI,E3,E3_Min4_Field_Depth_LogSalinity,SVR_RBF,RAW,5,-0.287699,32.384023,21.625895
WQI,E3,E3_Min4_Field_Depth_LogSalinity,SVR_RBF,RAW,6,-0.087971,10.571353,9.1998
WQI,E3,E3_Min4_Field_Depth_LogSalinity,SVR_RBF,RAW,7,-0.16854,34.92056,22.495167
WQI,E3,E3_Min4_Field_Depth_LogSalinity,SVR_RBF,RAW,8,-0.23678,15.089298,11.625206
WQI,E3,E3_Min4_Field_Depth_LogSalinity,SVR_RBF,RAW,9,0.007201,13.667528,10.832023
WQI,E3,E3_Min4_Field_Depth_LogSalinity,SVR_RBF,RAW,10,-0.150988,48.300742,30.073659
WQI,E3,E3_Min4_Field_Depth_LogSalinity,SVR_RBF,RAW,11,-0.167302,32.628232,16.896579
WQI,E3,E3_Min4_Field_Depth_LogSalinity,SVR_RBF,RAW,12,-0.185903,12.80223,11.061321
WQI,E3,E3_Min4_Field_Depth_LogSalinity,SVR_RBF,RAW,13,-0.252342,30.926393,17.95733
WQI,E3,E3_Min4_Field_Depth_LogSalinity,SVR_RBF,RAW,14,-0.055314,41.344289,27.407407
WQI,E3,E3_Min4_Field_Depth_LogSalinity,SVR_RBF,RAW,15,0.015985,14.68631,11.401136
WQI,E3,E3_Min4_Field_Depth_LogSalinity,SVR_RBF,RAW,16,0.015141,12.737806,9.944751
WQI,E3,E3_Min4_Field_Depth_LogSalinity,SVR_RBF,RAW,17,-0.737706,14.032918,10.604683
WQI,E3,E3_Min4_Field_Depth_LogSalinity,SVR_RBF,RAW,18,-0.311729,45.186374,33.085781
WQI,E3,E3_Min4_Field_Depth_LogSalinity,SVR_RBF,RAW,19,-0.054936,39.602286,23.625673
WQI,E3,E3_Min4_Field_Depth_LogSalinity,SVR_RBF,RAW,20,-0.054739,11.283667,8.889661
WQI,E3,E3_Min4_Field_Depth_LogSalinity,SVR_RBF,RAW,21,-0.020625,13.543121,10.15359
WQI,E3,E3_Min4_Field_Depth_LogSalinity,SVR_RBF,RAW,22,-0.240854,37.047408,27.239057
WQI,E3,E3_Min4_Field_Depth_LogSalinity,SVR_RBF,RAW,23,-0.076993,39.327162,20.989894
WQI,E3,E3_Min4_Field_Depth_LogSalinity,SVR_RBF,RAW,24,-0.042095,9.607529,7.58416
WQI,E3,E3_Min4_Field_Depth_LogSalinity,SVR_RBF,RAW,25,-0.155546,31.098547,19.56812
WQI,E3,E3_Min4_Field_Depth_LogSalinity,SVR_RBF,LOG1P,1,0.123106,14.286344,10.607137
WQI,E3,E3_Min4_Field_Depth_LogSalinity,SVR_RBF,LOG1P,2,-0.630329,57.216699,34.762205
WQI,E3,E3_Min4_Field_Depth_LogSalinity,SVR_RBF,LOG1P,3,-0.419779,13.07264,9.098063
WQI,E3,E3_Min4_Field_Depth_LogSalinity,SVR_RBF,LOG1P,4,-1.400979,13.289733,11.762068
WQI,E3,E3_Min4_Field_Depth_LogSalinity,SVR_RBF,LOG1P,5,-0.27905,32.275091,22.227035
WQI,E3,E3_Min4_Field_Depth_LogSalinity,SVR_RBF,LOG1P,6,-0.23057,11.242814,8.314103
WQI,E3,E3_Min4_Field_Depth_LogSalinity,SVR_RBF,LOG1P,7,-0.37205,37.839417,24.849165
WQI,E3,E3_Min4_Field_Depth_LogSalinity,SVR_RBF,LOG1P,8,-0.378054,15.927804,12.537258
WQI,E3,E3_Min4_Field_Depth_LogSalinity,SVR_RBF,LOG1P,9,0.026493,13.534082,10.516748
WQI,E3,E3_Min4_Field_Depth_LogSalinity,SVR_RBF,LOG1P,10,-0.312897,51.586222,28.428678
WQI,E3,E3_Min4_Field_Depth_LogSalinity,SVR_RBF,LOG1P,11,-0.409537,35.854202,18.733246
WQI,E3,E3_Min4_Field_Depth_LogSalinity,SVR_RBF,LOG1P,12,-0.605169,14.894347,11.738183
WQI,E3,E3_Min4_Field_Depth_LogSalinity,SVR_RBF,LOG1P,13,-0.213228,30.439608,17.284512
WQI,E3,E3_Min4_Field_Depth_LogSalinity,SVR_RBF,LOG1P,14,-0.123997,42.668498,24.412687
WQI,E3,E3_Min4_Field_Depth_LogSalinity,SVR_RBF,LOG1P,15,-0.332842,17.092321,13.991231
WQI,E3,E3_Min4_Field_Depth_LogSalinity,SVR_RBF,LOG1P,16,0.311885,10.647269,7.570915
WQI,E3,E3_Min4_Field_Depth_LogSalinity,SVR_RBF,LOG1P,17,-1.368422,16.382844,12.606897
WQI,E3,E3_Min4_Field_Depth_LogSalinity,SVR_RBF,LOG1P,18,-0.391018,46.531999,31.383284
WQI,E3,E3_Min4_Field_Depth_LogSalinity,SVR_RBF,LOG1P,19,-0.30377,44.02585,21.730258
WQI,E3,E3_Min4_Field_Depth_LogSalinity,SVR_RBF,LOG1P,20,-0.91136,15.189693,12.899452
WQI,E3,E3_Min4_Field_Depth_LogSalinity,SVR_RBF,LOG1P,21,-0.426819,16.012901,12.261373
WQI,E3,E3_Min4_Field_Depth_LogSalinity,SVR_RBF,LOG1P,22,-0.415057,39.562558,27.304305
WQI,E3,E3_Min4_Field_Depth_LogSalinity,SVR_RBF,LOG1P,23,-0.386348,44.619237,25.163128
WQI,E3,E3_Min4_Field_Depth_LogSalinity,SVR_RBF,LOG1P,24,-0.198603,10.303762,6.915816
WQI,E3,E3_Min4_Field_Depth_LogSalinity,SVR_RBF,LOG1P,25,-0.132621,30.788515,18.228619
WQI,E3,E3_Min4_Field_Depth_LogSalinity,PLS,RAW,1,-2.347628,27.913618,22.712675
WQI,E3,E3_Min4_Field_Depth_LogSalinity,PLS,RAW,2,-0.496693,54.821579,37.937816
WQI,E3,E3_Min4_Field_Depth_LogSalinity,PLS,RAW,3,-0.310918,12.561473,10.238674
WQI,E3,E3_Min4_Field_Depth_LogSalinity,PLS,RAW,4,-4.207333,19.571755,19.141426
WQI,E3,E3_Min4_Field_Depth_LogSalinity,PLS,RAW,5,-0.203299,31.304765,22.079303
WQI,E3,E3_Min4_Field_Depth_LogSalinity,PLS,RAW,6,-4.457027,23.675541,19.572271
WQI,E3,E3_Min4_Field_Depth_LogSalinity,PLS,RAW,7,-0.207168,35.493043,24.776728
WQI,E3,E3_Min4_Field_Depth_LogSalinity,PLS,RAW,8,-0.034135,13.797847,13.204807
WQI,E3,E3_Min4_Field_Depth_LogSalinity,PLS,RAW,9,-0.875513,18.785356,16.578287
WQI,E3,E3_Min4_Field_Depth_LogSalinity,PLS,RAW,10,-0.106973,47.36819,32.872821
WQI,E3,E3_Min4_Field_Depth_LogSalinity,PLS,RAW,11,-0.152944,32.42694,17.897991
WQI,E3,E3_Min4_Field_Depth_LogSalinity,PLS,RAW,12,-0.896833,16.191071,15.487817
WQI,E3,E3_Min4_Field_Depth_LogSalinity,PLS,RAW,13,-0.630834,35.291715,28.05493
WQI,E3,E3_Min4_Field_Depth_LogSalinity,PLS,RAW,14,0.000982,40.226421,27.29845
WQI,E3,E3_Min4_Field_Depth_LogSalinity,PLS,RAW,15,0.035296,14.541489,13.66845
WQI,E3,E3_Min4_Field_Depth_LogSalinity,PLS,RAW,16,-0.94357,17.894015,14.758581
WQI,E3,E3_Min4_Field_Depth_LogSalinity,PLS,RAW,17,-0.619034,13.545274,12.017536
WQI,E3,E3_Min4_Field_Depth_LogSalinity,PLS,RAW,18,-0.191535,43.066416,32.541871
WQI,E3,E3_Min4_Field_Depth_LogSalinity,PLS,RAW,19,-0.047384,39.460284,25.491907
WQI,E3,E3_Min4_Field_Depth_LogSalinity,PLS,RAW,20,-2.594593,20.830637,17.503399
WQI,E3,E3_Min4_Field_Depth_LogSalinity,PLS,RAW,21,-0.317859,15.389345,14.189043
WQI,E3,E3_Min4_Field_Depth_LogSalinity,PLS,RAW,22,-0.175288,36.055344,28.009385
WQI,E3,E3_Min4_Field_Depth_LogSalinity,PLS,RAW,23,-0.135398,40.37943,25.724295
WQI,E3,E3_Min4_Field_Depth_LogSalinity,PLS,RAW,24,-7.652242,27.683592,24.075447
WQI,E3,E3_Min4_Field_Depth_LogSalinity,PLS,RAW,25,-0.129562,30.746913,18.806828
WQI,E3,E3_Min4_Field_Depth_LogSalinity,PLS,LOG1P,1,-0.090629,15.93258,14.108569
WQI,E3,E3_Min4_Field_Depth_LogSalinity,PLS,LOG1P,2,-0.60233,56.723258,38.661843
WQI,E3,E3_Min4_Field_Depth_LogSalinity,PLS,LOG1P,3,-0.130479,11.664985,8.935157
WQI,E3,E3_Min4_Field_Depth_LogSalinity,PLS,LOG1P,4,-1.268864,12.918924,12.545433
WQI,E3,E3_Min4_Field_Depth_LogSalinity,PLS,LOG1P,5,-0.097528,29.897258,20.132915
WQI,E3,E3_Min4_Field_Depth_LogSalinity,PLS,LOG1P,6,-0.476633,12.315673,10.962853
WQI,E3,E3_Min4_Field_Depth_LogSalinity,PLS,LOG1P,7,-0.318455,37.093011,24.884101
WQI,E3,E3_Min4_Field_Depth_LogSalinity,PLS,LOG1P,8,0.037591,13.310751,10.791266
WQI,E3,E3_Min4_Field_Depth_LogSalinity,PLS,LOG1P,9,0.085835,13.115098,9.955982
WQI,E3,E3_Min4_Field_Depth_LogSalinity,PLS,LOG1P,10,-0.152633,48.33525,29.592768
WQI,E3,E3_Min4_Field_Depth_LogSalinity,PLS,LOG1P,11,-0.256428,33.850932,16.167635
WQI,E3,E3_Min4_Field_Depth_LogSalinity,PLS,LOG1P,12,-0.695737,15.308769,13.433561
WQI,E3,E3_Min4_Field_Depth_LogSalinity,PLS,LOG1P,13,-0.009253,27.763094,17.560547
WQI,E3,E3_Min4_Field_Depth_LogSalinity,PLS,LOG1P,14,-0.045448,41.15057,24.323154
WQI,E3,E3_Min4_Field_Depth_LogSalinity,PLS,LOG1P,15,0.091906,14.108383,11.788235
WQI,E3,E3_Min4_Field_Depth_LogSalinity,PLS,LOG1P,16,0.245404,11.149741,9.272467
WQI,E3,E3_Min4_Field_Depth_LogSalinity,PLS,LOG1P,17,-0.716295,13.946195,10.472468
WQI,E3,E3_Min4_Field_Depth_LogSalinity,PLS,LOG1P,18,-0.277375,44.590732,30.986699
WQI,E3,E3_Min4_Field_Depth_LogSalinity,PLS,LOG1P,19,-0.142605,41.214997,22.478541
WQI,E3,E3_Min4_Field_Depth_LogSalinity,PLS,LOG1P,20,-0.316263,12.605179,10.855873
WQI,E3,E3_Min4_Field_Depth_LogSalinity,PLS,LOG1P,21,-0.069393,13.862907,11.17086
WQI,E3,E3_Min4_Field_Depth_LogSalinity,PLS,LOG1P,22,-0.257234,37.29113,27.058123
WQI,E3,E3_Min4_Field_Depth_LogSalinity,PLS,LOG1P,23,-0.242225,42.236341,24.192063
WQI,E3,E3_Min4_Field_Depth_LogSalinity,PLS,LOG1P,24,-0.880947,12.907627,10.979465
WQI,E3,E3_Min4_Field_Depth_LogSalinity,PLS,LOG1P,25,0.096165,27.503696,14.809717
WQI,E3,E3_Min4_Field_Depth_LogSalinity,Lasso,RAW,1,-1.887436,25.924103,21.162919
WQI,E3,E3_Min4_Field_Depth_LogSalinity,Lasso,RAW,2,-0.527162,55.376795,38.135406
WQI,E3,E3_Min4_Field_Depth_LogSalinity,Lasso,RAW,3,0.013111,10.899008,9.398953
WQI,E3,E3_Min4_Field_Depth_LogSalinity,Lasso,RAW,4,-3.377377,17.944406,17.04303
WQI,E3,E3_Min4_Field_Depth_LogSalinity,Lasso,RAW,5,-0.28813,32.389448,24.377882
WQI,E3,E3_Min4_Field_Depth_LogSalinity,Lasso,RAW,6,-3.595266,21.72587,18.219626
WQI,E3,E3_Min4_Field_Depth_LogSalinity,Lasso,RAW,7,-0.162813,34.834882,23.519554
WQI,E3,E3_Min4_Field_Depth_LogSalinity,Lasso,RAW,8,-0.006974,13.61545,12.470625
WQI,E3,E3_Min4_Field_Depth_LogSalinity,Lasso,RAW,9,-1.607523,22.149984,19.267414
WQI,E3,E3_Min4_Field_Depth_LogSalinity,Lasso,RAW,10,-0.090402,47.012314,32.909158
WQI,E3,E3_Min4_Field_Depth_LogSalinity,Lasso,RAW,11,-0.143692,32.296575,18.21388
WQI,E3,E3_Min4_Field_Depth_LogSalinity,Lasso,RAW,12,-0.726013,15.444827,14.398134
WQI,E3,E3_Min4_Field_Depth_LogSalinity,Lasso,RAW,13,-0.488878,33.720764,25.585018
WQI,E3,E3_Min4_Field_Depth_LogSalinity,Lasso,RAW,14,0.03112,39.615012,27.422205
WQI,E3,E3_Min4_Field_Depth_LogSalinity,Lasso,RAW,15,-0.055782,15.212443,14.057256
WQI,E3,E3_Min4_Field_Depth_LogSalinity,Lasso,RAW,16,-0.995309,18.130622,14.001524
WQI,E3,E3_Min4_Field_Depth_LogSalinity,Lasso,RAW,17,-0.331983,12.285961,11.149146
WQI,E3,E3_Min4_Field_Depth_LogSalinity,Lasso,RAW,18,-0.248031,44.075592,31.979844
WQI,E3,E3_Min4_Field_Depth_LogSalinity,Lasso,RAW,19,-0.027333,39.080737,25.511222
WQI,E3,E3_Min4_Field_Depth_LogSalinity,Lasso,RAW,20,-2.031225,19.12876,16.126346
WQI,E3,E3_Min4_Field_Depth_LogSalinity,Lasso,RAW,21,-0.280395,15.169025,13.937825
WQI,E3,E3_Min4_Field_Depth_LogSalinity,Lasso,RAW,22,-0.168222,35.946797,27.473208
WQI,E3,E3_Min4_Field_Depth_LogSalinity,Lasso,RAW,23,-0.148423,40.610384,25.774383
WQI,E3,E3_Min4_Field_Depth_LogSalinity,Lasso,RAW,24,-6.240507,25.3246,21.61587
WQI,E3,E3_Min4_Field_Depth_LogSalinity,Lasso,RAW,25,-0.167609,31.260447,19.967762
WQI,E3,E3_Min4_Field_Depth_LogSalinity,Lasso,LOG1P,1,0.040601,14.943321,12.614716
WQI,E3,E3_Min4_Field_Depth_LogSalinity,Lasso,LOG1P,2,-0.381027,52.660663,33.669216
WQI,E3,E3_Min4_Field_Depth_LogSalinity,Lasso,LOG1P,3,-0.355547,12.773509,10.01912
WQI,E3,E3_Min4_Field_Depth_LogSalinity,Lasso,LOG1P,4,-0.508273,10.533243,9.414981
WQI,E3,E3_Min4_Field_Depth_LogSalinity,Lasso,LOG1P,5,-0.243148,31.818898,21.069475
WQI,E3,E3_Min4_Field_Depth_LogSalinity,Lasso,LOG1P,6,-0.311688,11.607459,10.799246
WQI,E3,E3_Min4_Field_Depth_LogSalinity,Lasso,LOG1P,7,-0.134081,34.401822,21.430579
WQI,E3,E3_Min4_Field_Depth_LogSalinity,Lasso,LOG1P,8,-0.022795,13.721988,10.544845
WQI,E3,E3_Min4_Field_Depth_LogSalinity,Lasso,LOG1P,9,-0.139643,14.643463,11.560185
WQI,E3,E3_Min4_Field_Depth_LogSalinity,Lasso,LOG1P,10,-0.154284,48.369835,30.497657
WQI,E3,E3_Min4_Field_Depth_LogSalinity,Lasso,LOG1P,11,-0.202443,33.115709,16.621542
WQI,E3,E3_Min4_Field_Depth_LogSalinity,Lasso,LOG1P,12,-0.265733,13.226111,10.80196
WQI,E3,E3_Min4_Field_Depth_LogSalinity,Lasso,LOG1P,13,-0.180153,30.021814,18.292138
WQI,E3,E3_Min4_Field_Depth_LogSalinity,Lasso,LOG1P,14,-0.019134,40.629399,27.044494
WQI,E3,E3_Min4_Field_Depth_LogSalinity,Lasso,LOG1P,15,0.056944,14.377403,11.37863
WQI,E3,E3_Min4_Field_Depth_LogSalinity,Lasso,LOG1P,16,-0.003054,12.854934,10.2855
WQI,E3,E3_Min4_Field_Depth_LogSalinity,Lasso,LOG1P,17,-0.252808,11.915218,8.491721
WQI,E3,E3_Min4_Field_Depth_LogSalinity,Lasso,LOG1P,18,-0.320415,45.335736,32.603116
WQI,E3,E3_Min4_Field_Depth_LogSalinity,Lasso,LOG1P,19,-0.051646,39.54048,23.290438
WQI,E3,E3_Min4_Field_Depth_LogSalinity,Lasso,LOG1P,20,-0.104016,11.544242,10.4145
WQI,E3,E3_Min4_Field_Depth_LogSalinity,Lasso,LOG1P,21,-0.102879,14.078277,10.973446
WQI,E3,E3_Min4_Field_Depth_LogSalinity,Lasso,LOG1P,22,-0.205758,36.51973,27.092545
WQI,E3,E3_Min4_Field_Depth_LogSalinity,Lasso,LOG1P,23,-0.0921,39.60202,22.325462
WQI,E3,E3_Min4_Field_Depth_LogSalinity,Lasso,LOG1P,24,-0.18281,10.235655,8.427568
WQI,E3,E3_Min4_Field_Depth_LogSalinity,Lasso,LOG1P,25,-0.059539,29.778646,17.917317
WQI,E3,E3_Min4_Field_Depth_LogSalinity,Ridge,RAW,1,-1.959226,26.244398,21.505995
WQI,E3,E3_Min4_Field_Depth_LogSalinity,Ridge,RAW,2,-0.504642,54.966976,37.864299
WQI,E3,E3_Min4_Field_Depth_LogSalinity,Ridge,RAW,3,-0.022828,11.095686,9.244507
WQI,E3,E3_Min4_Field_Depth_LogSalinity,Ridge,RAW,4,-3.556442,18.307751,17.60438
WQI,E3,E3_Min4_Field_Depth_LogSalinity,Ridge,RAW,5,-0.178377,30.978887,22.455247
WQI,E3,E3_Min4_Field_Depth_LogSalinity,Ridge,RAW,6,-3.679004,21.922929,18.373711
WQI,E3,E3_Min4_Field_Depth_LogSalinity,Ridge,RAW,7,-0.178289,35.06592,23.992485
WQI,E3,E3_Min4_Field_Depth_LogSalinity,Ridge,RAW,8,0.021539,13.421301,12.452485
WQI,E3,E3_Min4_Field_Depth_LogSalinity,Ridge,RAW,9,-1.02762,19.532267,17.08996
WQI,E3,E3_Min4_Field_Depth_LogSalinity,Ridge,RAW,10,-0.088879,46.979465,32.86485
WQI,E3,E3_Min4_Field_Depth_LogSalinity,Ridge,RAW,11,-0.137635,32.210939,18.042973
WQI,E3,E3_Min4_Field_Depth_LogSalinity,Ridge,RAW,12,-0.746803,15.537568,14.664827
WQI,E3,E3_Min4_Field_Depth_LogSalinity,Ridge,RAW,13,-0.505498,33.908454,26.134197
WQI,E3,E3_Min4_Field_Depth_LogSalinity,Ridge,RAW,14,0.025155,39.736767,27.407813
WQI,E3,E3_Min4_Field_Depth_LogSalinity,Ridge,RAW,15,0.040332,14.503481,13.60183
WQI,E3,E3_Min4_Field_Depth_LogSalinity,Ridge,RAW,16,-0.805108,17.244845,12.877336
WQI,E3,E3_Min4_Field_Depth_LogSalinity,Ridge,RAW,17,-0.348735,12.362979,11.1946
WQI,E3,E3_Min4_Field_Depth_LogSalinity,Ridge,RAW,18,-0.202531,43.264679,31.914707
WQI,E3,E3_Min4_Field_Depth_LogSalinity,Ridge,RAW,19,-0.025777,39.051126,25.520933
WQI,E3,E3_Min4_Field_Depth_LogSalinity,Ridge,RAW,20,-2.096031,19.332158,16.379959
WQI,E3,E3_Min4_Field_Depth_LogSalinity,Ridge,RAW,21,-0.192637,14.639954,13.494175
WQI,E3,E3_Min4_Field_Depth_LogSalinity,Ridge,RAW,22,-0.158941,35.803714,27.489445
WQI,E3,E3_Min4_Field_Depth_LogSalinity,Ridge,RAW,23,-0.155204,40.730086,25.86471
WQI,E3,E3_Min4_Field_Depth_LogSalinity,Ridge,RAW,24,-6.364518,25.540553,21.994449
WQI,E3,E3_Min4_Field_Depth_LogSalinity,Ridge,RAW,25,-0.116019,30.562035,19.02042
WQI,E3,E3_Min4_Field_Depth_LogSalinity,Ridge,LOG1P,1,0.068577,14.723842,12.787064
WQI,E3,E3_Min4_Field_Depth_LogSalinity,Ridge,LOG1P,2,-0.587028,56.451759,38.322748
WQI,E3,E3_Min4_Field_Depth_LogSalinity,Ridge,LOG1P,3,-0.026834,11.117395,8.453941
WQI,E3,E3_Min4_Field_Depth_LogSalinity,Ridge,LOG1P,4,-1.044423,12.263304,11.748382
WQI,E3,E3_Min4_Field_Depth_LogSalinity,Ridge,LOG1P,5,-0.169279,30.859059,21.668038
WQI,E3,E3_Min4_Field_Depth_LogSalinity,Ridge,LOG1P,6,-0.423248,12.090997,10.636802
WQI,E3,E3_Min4_Field_Depth_LogSalinity,Ridge,LOG1P,7,-0.38514,38.019492,26.884115
WQI,E3,E3_Min4_Field_Depth_LogSalinity,Ridge,LOG1P,8,-0.003721,13.593439,10.762577
WQI,E3,E3_Min4_Field_Depth_LogSalinity,Ridge,LOG1P,9,-0.163198,14.794016,11.630356
WQI,E3,E3_Min4_Field_Depth_LogSalinity,Ridge,LOG1P,10,-0.134565,47.954896,29.612308
WQI,E3,E3_Min4_Field_Depth_LogSalinity,Ridge,LOG1P,11,-0.252939,33.803905,16.339714
WQI,E3,E3_Min4_Field_Depth_LogSalinity,Ridge,LOG1P,12,-0.53382,14.559559,12.523187
WQI,E3,E3_Min4_Field_Depth_LogSalinity,Ridge,LOG1P,13,-0.00236,27.668131,16.87538
WQI,E3,E3_Min4_Field_Depth_LogSalinity,Ridge,LOG1P,14,-0.015364,40.554181,24.561078
WQI,E3,E3_Min4_Field_Depth_LogSalinity,Ridge,LOG1P,15,0.086233,14.152382,12.060751
WQI,E3,E3_Min4_Field_Depth_LogSalinity,Ridge,LOG1P,16,0.273407,10.940904,8.221686
WQI,E3,E3_Min4_Field_Depth_LogSalinity,Ridge,LOG1P,17,-0.40348,12.61139,10.084532
WQI,E3,E3_Min4_Field_Depth_LogSalinity,Ridge,LOG1P,18,-0.299461,44.974571,31.085608
WQI,E3,E3_Min4_Field_Depth_LogSalinity,Ridge,LOG1P,19,-0.115498,40.723166,22.566476
WQI,E3,E3_Min4_Field_Depth_LogSalinity,Ridge,LOG1P,20,-0.282536,12.442638,10.726506
WQI,E3,E3_Min4_Field_Depth_LogSalinity,Ridge,LOG1P,21,-0.075728,13.903906,11.430698
WQI,E3,E3_Min4_Field_Depth_LogSalinity,Ridge,LOG1P,22,-0.249631,37.178204,26.94646
WQI,E3,E3_Min4_Field_Depth_LogSalinity,Ridge,LOG1P,23,-0.260132,42.539676,24.337395
WQI,E3,E3_Min4_Field_Depth_LogSalinity,Ridge,LOG1P,24,-0.484117,11.465479,9.096931
WQI,E3,E3_Min4_Field_Depth_LogSalinity,Ridge,LOG1P,25,0.054251,28.134198,15.328988
WQI,E3,E3_Min4_Field_Depth_LogSalinity,ElasticNet,RAW,1,-1.971934,26.300689,21.585751
WQI,E3,E3_Min4_Field_Depth_LogSalinity,ElasticNet,RAW,2,-0.48494,54.605923,37.564056
WQI,E3,E3_Min4_Field_Depth_LogSalinity,ElasticNet,RAW,3,-0.053579,11.261248,9.138817
WQI,E3,E3_Min4_Field_Depth_LogSalinity,ElasticNet,RAW,4,-3.721385,18.636175,18.038321
WQI,E3,E3_Min4_Field_Depth_LogSalinity,ElasticNet,RAW,5,-0.143463,30.516492,21.763341
WQI,E3,E3_Min4_Field_Depth_LogSalinity,ElasticNet,RAW,6,-3.663037,21.885491,18.34252
WQI,E3,E3_Min4_Field_Depth_LogSalinity,ElasticNet,RAW,7,-0.174655,35.011808,24.049493
WQI,E3,E3_Min4_Field_Depth_LogSalinity,ElasticNet,RAW,8,0.028413,13.374071,12.492111
WQI,E3,E3_Min4_Field_Depth_LogSalinity,ElasticNet,RAW,9,-0.863639,18.725792,16.328989
WQI,E3,E3_Min4_Field_Depth_LogSalinity,ElasticNet,RAW,10,-0.093289,47.074504,32.832253
WQI,E3,E3_Min4_Field_Depth_LogSalinity,ElasticNet,RAW,11,-0.135134,32.175513,17.925355
WQI,E3,E3_Min4_Field_Depth_LogSalinity,ElasticNet,RAW,12,-0.758145,15.587928,14.776046
WQI,E3,E3_Min4_Field_Depth_LogSalinity,ElasticNet,RAW,13,-0.494211,33.781101,26.26998
WQI,E3,E3_Min4_Field_Depth_LogSalinity,ElasticNet,RAW,14,0.018479,39.872599,27.447324
WQI,E3,E3_Min4_Field_Depth_LogSalinity,ElasticNet,RAW,15,0.056268,14.382554,13.425849
WQI,E3,E3_Min4_Field_Depth_LogSalinity,ElasticNet,RAW,16,-0.747627,16.968055,12.915676
WQI,E3,E3_Min4_Field_Depth_LogSalinity,ElasticNet,RAW,17,-0.360893,12.418575,11.18235
WQI,E3,E3_Min4_Field_Depth_LogSalinity,ElasticNet,RAW,18,-0.191195,43.060271,31.947062
WQI,E3,E3_Min4_Field_Depth_LogSalinity,ElasticNet,RAW,19,-0.030294,39.137011,25.568007
WQI,E3,E3_Min4_Field_Depth_LogSalinity,ElasticNet,RAW,20,-2.109176,19.373156,16.46749
WQI,E3,E3_Min4_Field_Depth_LogSalinity,ElasticNet,RAW,21,-0.165218,14.470686,13.357433
WQI,E3,E3_Min4_Field_Depth_LogSalinity,ElasticNet,RAW,22,-0.156507,35.766106,27.541333
WQI,E3,E3_Min4_Field_Depth_LogSalinity,ElasticNet,RAW,23,-0.137406,40.415112,25.668975
WQI,E3,E3_Min4_Field_Depth_LogSalinity,ElasticNet,RAW,24,-6.442184,25.674875,22.313212
WQI,E3,E3_Min4_Field_Depth_LogSalinity,ElasticNet,RAW,25,-0.093119,30.246861,18.60982
WQI,E3,E3_Min4_Field_Depth_LogSalinity,ElasticNet,LOG1P,1,0.105793,14.426684,12.299708
WQI,E3,E3_Min4_Field_Depth_LogSalinity,ElasticNet,LOG1P,2,-0.458459,54.116838,35.48703
WQI,E3,E3_Min4_Field_Depth_LogSalinity,ElasticNet,LOG1P,3,-0.275672,12.391459,9.428522
WQI,E3,E3_Min4_Field_Depth_LogSalinity,ElasticNet,LOG1P,4,-0.631748,10.955913,10.2508
WQI,E3,E3_Min4_Field_Depth_LogSalinity,ElasticNet,LOG1P,5,-0.179189,30.989561,20.668134
WQI,E3,E3_Min4_Field_Depth_LogSalinity,ElasticNet,LOG1P,6,-0.451451,12.210209,11.32748
WQI,E3,E3_Min4_Field_Depth_LogSalinity,ElasticNet,LOG1P,7,-0.189321,35.229703,22.55415
WQI,E3,E3_Min4_Field_Depth_LogSalinity,ElasticNet,LOG1P,8,0.046466,13.249238,10.003923
WQI,E3,E3_Min4_Field_Depth_LogSalinity,ElasticNet,LOG1P,9,-0.091721,14.332278,11.131821
WQI,E3,E3_Min4_Field_Depth_LogSalinity,ElasticNet,LOG1P,10,-0.152753,48.337748,30.294135
WQI,E3,E3_Min4_Field_Depth_LogSalinity,ElasticNet,LOG1P,11,-0.222991,33.397468,16.409868
WQI,E3,E3_Min4_Field_Depth_LogSalinity,ElasticNet,LOG1P,12,-0.405056,13.935028,11.865022
WQI,E3,E3_Min4_Field_Depth_LogSalinity,ElasticNet,LOG1P,13,-0.111286,29.132706,18.428542
WQI,E3,E3_Min4_Field_Depth_LogSalinity,ElasticNet,LOG1P,14,-0.002894,40.304384,25.550502
WQI,E3,E3_Min4_Field_Depth_LogSalinity,ElasticNet,LOG1P,15,0.070736,14.271886,11.492987
WQI,E3,E3_Min4_Field_Depth_LogSalinity,ElasticNet,LOG1P,16,0.119043,12.047168,9.271269
WQI,E3,E3_Min4_Field_Depth_LogSalinity,ElasticNet,LOG1P,17,-0.238881,11.848807,8.561947
WQI,E3,E3_Min4_Field_Depth_LogSalinity,ElasticNet,LOG1P,18,-0.300551,44.993437,31.920163
WQI,E3,E3_Min4_Field_Depth_LogSalinity,ElasticNet,LOG1P,19,-0.083336,40.13181,22.920509
WQI,E3,E3_Min4_Field_Depth_LogSalinity,ElasticNet,LOG1P,20,-0.171382,11.891235,10.65704
WQI,E3,E3_Min4_Field_Depth_LogSalinity,ElasticNet,LOG1P,21,-0.121325,14.195524,11.121129
WQI,E3,E3_Min4_Field_Depth_LogSalinity,ElasticNet,LOG1P,22,-0.224454,36.801773,26.977442
WQI,E3,E3_Min4_Field_Depth_LogSalinity,ElasticNet,LOG1P,23,-0.151968,40.672999,22.989109
WQI,E3,E3_Min4_Field_Depth_LogSalinity,ElasticNet,LOG1P,24,-0.48017,11.450222,9.821535
WQI,E3,E3_Min4_Field_Depth_LogSalinity,ElasticNet,LOG1P,25,0.006708,28.832678,16.770948
WQI,E4,E4_Min5_Field_Depth_Interactions,SVR_RBF,RAW,1,0.045455,14.905474,12.148561
WQI,E4,E4_Min5_Field_Depth_Interactions,SVR_RBF,RAW,2,-0.296077,51.015317,32.336957
WQI,E4,E4_Min5_Field_Depth_Interactions,SVR_RBF,RAW,3,-0.618267,13.956547,11.614397
WQI,E4,E4_Min5_Field_Depth_Interactions,SVR_RBF,RAW,4,-0.323472,9.866873,8.250782
WQI,E4,E4_Min5_Field_Depth_Interactions,SVR_RBF,RAW,5,-0.282832,32.322769,21.363887
WQI,E4,E4_Min5_Field_Depth_Interactions,SVR_RBF,RAW,6,0.010057,10.083862,8.718076
WQI,E4,E4_Min5_Field_Depth_Interactions,SVR_RBF,RAW,7,-0.173484,34.994358,22.413572
WQI,E4,E4_Min5_Field_Depth_Interactions,SVR_RBF,RAW,8,-0.256838,15.211163,11.552565
WQI,E4,E4_Min5_Field_Depth_Interactions,SVR_RBF,RAW,9,0.068166,13.241237,10.401051
WQI,E4,E4_Min5_Field_Depth_Interactions,SVR_RBF,RAW,10,-0.153262,48.348432,29.855826
WQI,E4,E4_Min5_Field_Depth_Interactions,SVR_RBF,RAW,11,-0.175802,32.746807,16.839435
WQI,E4,E4_Min5_Field_Depth_Interactions,SVR_RBF,RAW,12,-0.121015,12.447057,10.670285
WQI,E4,E4_Min5_Field_Depth_Interactions,SVR_RBF,RAW,13,-0.263346,31.061974,17.797815
WQI,E4,E4_Min5_Field_Depth_Interactions,SVR_RBF,RAW,14,-0.059042,41.417261,27.209781
WQI,E4,E4_Min5_Field_Depth_Interactions,SVR_RBF,RAW,15,0.014857,14.69472,11.342813
WQI,E4,E4_Min5_Field_Depth_Interactions,SVR_RBF,RAW,16,0.056195,12.469494,9.665319
WQI,E4,E4_Min5_Field_Depth_Interactions,SVR_RBF,RAW,17,-0.662308,13.725099,10.225157
WQI,E4,E4_Min5_Field_Depth_Interactions,SVR_RBF,RAW,18,-0.319113,45.313368,32.868622
WQI,E4,E4_Min5_Field_Depth_Interactions,SVR_RBF,RAW,19,-0.056842,39.638034,23.348872
WQI,E4,E4_Min5_Field_Depth_Interactions,SVR_RBF,RAW,20,-0.029351,11.147038,8.660391
WQI,E4,E4_Min5_Field_Depth_Interactions,SVR_RBF,RAW,21,0.006141,13.364356,10.032643
WQI,E4,E4_Min5_Field_Depth_Interactions,SVR_RBF,RAW,22,-0.235534,36.96791,27.084688
WQI,E4,E4_Min5_Field_Depth_Interactions,SVR_RBF,RAW,23,-0.080228,39.386166,20.718662
WQI,E4,E4_Min5_Field_Depth_Interactions,SVR_RBF,RAW,24,0.007731,9.375034,7.305801
WQI,E4,E4_Min5_Field_Depth_Interactions,SVR_RBF,RAW,25,-0.156452,31.110738,19.376766
WQI,E4,E4_Min5_Field_Depth_Interactions,SVR_RBF,LOG1P,1,0.238172,13.316068,9.274092
WQI,E4,E4_Min5_Field_Depth_Interactions,SVR_RBF,LOG1P,2,-0.629693,57.205543,35.301344
WQI,E4,E4_Min5_Field_Depth_Interactions,SVR_RBF,LOG1P,3,-0.46513,13.279783,9.571477
WQI,E4,E4_Min5_Field_Depth_Interactions,SVR_RBF,LOG1P,4,-0.734102,11.294301,10.391375
WQI,E4,E4_Min5_Field_Depth_Interactions,SVR_RBF,LOG1P,5,-0.182212,31.029251,20.848173
WQI,E4,E4_Min5_Field_Depth_Interactions,SVR_RBF,LOG1P,6,-0.162948,10.929543,8.293975
WQI,E4,E4_Min5_Field_Depth_Interactions,SVR_RBF,LOG1P,7,-0.373559,37.86022,23.58686
WQI,E4,E4_Min5_Field_Depth_Interactions,SVR_RBF,LOG1P,8,-0.376078,15.91638,12.399228
WQI,E4,E4_Min5_Field_Depth_Interactions,SVR_RBF,LOG1P,9,0.156482,12.598144,10.24418
WQI,E4,E4_Min5_Field_Depth_Interactions,SVR_RBF,LOG1P,10,-0.299189,51.316202,29.076242
WQI,E4,E4_Min5_Field_Depth_Interactions,SVR_RBF,LOG1P,11,-0.446764,36.324585,18.678023
WQI,E4,E4_Min5_Field_Depth_Interactions,SVR_RBF,LOG1P,12,-0.545169,14.613324,10.516908
WQI,E4,E4_Min5_Field_Depth_Interactions,SVR_RBF,LOG1P,13,-0.184415,30.075976,16.930741
WQI,E4,E4_Min5_Field_Depth_Interactions,SVR_RBF,LOG1P,14,-0.152087,43.198366,23.619521
WQI,E4,E4_Min5_Field_Depth_Interactions,SVR_RBF,LOG1P,15,-0.228774,16.411479,13.380776
WQI,E4,E4_Min5_Field_Depth_Interactions,SVR_RBF,LOG1P,16,0.266861,10.990081,7.758323
WQI,E4,E4_Min5_Field_Depth_Interactions,SVR_RBF,LOG1P,17,-0.710937,13.924408,10.479011
WQI,E4,E4_Min5_Field_Depth_Interactions,SVR_RBF,LOG1P,18,-0.383964,46.413876,31.257298
WQI,E4,E4_Min5_Field_Depth_Interactions,SVR_RBF,LOG1P,19,-0.283756,43.686622,20.909621
WQI,E4,E4_Min5_Field_Depth_Interactions,SVR_RBF,LOG1P,20,-0.8738,15.039705,12.173022
WQI,E4,E4_Min5_Field_Depth_Interactions,SVR_RBF,LOG1P,21,-0.103522,14.082383,10.763516
WQI,E4,E4_Min5_Field_Depth_Interactions,SVR_RBF,LOG1P,22,-0.423564,39.681302,27.217059
WQI,E4,E4_Min5_Field_Depth_Interactions,SVR_RBF,LOG1P,23,-0.334704,43.780278,23.800602
WQI,E4,E4_Min5_Field_Depth_Interactions,SVR_RBF,LOG1P,24,0.088195,8.986885,5.560509
WQI,E4,E4_Min5_Field_Depth_Interactions,SVR_RBF,LOG1P,25,-0.169435,31.284878,18.664472
WQI,E4,E4_Min5_Field_Depth_Interactions,PLS,RAW,1,-2.8189,29.813758,24.102072
WQI,E4,E4_Min5_Field_Depth_Interactions,PLS,RAW,2,-0.553079,55.844703,38.338369
WQI,E4,E4_Min5_Field_Depth_Interactions,PLS,RAW,3,-0.022693,11.094954,8.783125
WQI,E4,E4_Min5_Field_Depth_Interactions,PLS,RAW,4,-4.120065,19.407064,19.170825
WQI,E4,E4_Min5_Field_Depth_Interactions,PLS,RAW,5,-0.101959,29.957553,19.764816
WQI,E4,E4_Min5_Field_Depth_Interactions,PLS,RAW,6,-5.437537,25.714715,19.998252
WQI,E4,E4_Min5_Field_Depth_Interactions,PLS,RAW,7,-0.233568,35.879054,25.795515
WQI,E4,E4_Min5_Field_Depth_Interactions,PLS,RAW,8,0.091967,12.929261,11.888945
WQI,E4,E4_Min5_Field_Depth_Interactions,PLS,RAW,9,-0.438193,16.450074,14.725117
WQI,E4,E4_Min5_Field_Depth_Interactions,PLS,RAW,10,-0.100072,47.220325,32.479967
WQI,E4,E4_Min5_Field_Depth_Interactions,PLS,RAW,11,-0.129056,32.089253,18.097626
WQI,E4,E4_Min5_Field_Depth_Interactions,PLS,RAW,12,-0.79215,15.737954,15.011693
WQI,E4,E4_Min5_Field_Depth_Interactions,PLS,RAW,13,-0.891672,38.009381,30.160797
WQI,E4,E4_Min5_Field_Depth_Interactions,PLS,RAW,14,-0.012922,40.505382,27.347647
WQI,E4,E4_Min5_Field_Depth_Interactions,PLS,RAW,15,0.025556,14.614709,13.000258
WQI,E4,E4_Min5_Field_Depth_Interactions,PLS,RAW,16,-0.638054,16.42751,13.825766
WQI,E4,E4_Min5_Field_Depth_Interactions,PLS,RAW,17,-0.413724,12.657329,10.596233
WQI,E4,E4_Min5_Field_Depth_Interactions,PLS,RAW,18,-0.18812,43.004669,32.53852
WQI,E4,E4_Min5_Field_Depth_Interactions,PLS,RAW,19,-0.067065,39.829291,25.495227
WQI,E4,E4_Min5_Field_Depth_Interactions,PLS,RAW,20,-3.570402,23.48848,18.725435
WQI,E4,E4_Min5_Field_Depth_Interactions,PLS,RAW,21,-0.24555,14.961195,13.908761
WQI,E4,E4_Min5_Field_Depth_Interactions,PLS,RAW,22,-0.134876,35.430039,26.996235
WQI,E4,E4_Min5_Field_Depth_Interactions,PLS,RAW,23,-0.15758,40.771953,25.784666
WQI,E4,E4_Min5_Field_Depth_Interactions,PLS,RAW,24,-11.478135,33.245506,27.361781
WQI,E4,E4_Min5_Field_Depth_Interactions,PLS,RAW,25,-0.128972,30.738884,18.859375
WQI,E4,E4_Min5_Field_Depth_Interactions,PLS,LOG1P,1,-0.241673,17.000086,14.761829
WQI,E4,E4_Min5_Field_Depth_Interactions,PLS,LOG1P,2,-0.660491,57.743544,39.39021
WQI,E4,E4_Min5_Field_Depth_Interactions,PLS,LOG1P,3,-0.065699,11.325834,8.149274
WQI,E4,E4_Min5_Field_Depth_Interactions,PLS,LOG1P,4,-1.314322,13.0477,12.752966
WQI,E4,E4_Min5_Field_Depth_Interactions,PLS,LOG1P,5,-0.107406,30.031497,19.768977
WQI,E4,E4_Min5_Field_Depth_Interactions,PLS,LOG1P,6,-0.978055,14.25414,12.689855
WQI,E4,E4_Min5_Field_Depth_Interactions,PLS,LOG1P,7,-0.378457,37.927661,26.362101
WQI,E4,E4_Min5_Field_Depth_Interactions,PLS,LOG1P,8,0.069696,13.086852,10.529943
WQI,E4,E4_Min5_Field_Depth_Interactions,PLS,LOG1P,9,0.206316,12.220337,9.295841
WQI,E4,E4_Min5_Field_Depth_Interactions,PLS,LOG1P,10,-0.15602,48.406199,29.13926
WQI,E4,E4_Min5_Field_Depth_Interactions,PLS,LOG1P,11,-0.254284,33.822044,16.106954
WQI,E4,E4_Min5_Field_Depth_Interactions,PLS,LOG1P,12,-0.698009,15.319022,13.546262
WQI,E4,E4_Min5_Field_Depth_Interactions,PLS,LOG1P,13,-0.105852,29.061393,20.372704
WQI,E4,E4_Min5_Field_Depth_Interactions,PLS,LOG1P,14,-0.057072,41.378715,24.212351
WQI,E4,E4_Min5_Field_Depth_Interactions,PLS,LOG1P,15,0.091017,14.115283,11.651457
WQI,E4,E4_Min5_Field_Depth_Interactions,PLS,LOG1P,16,0.360731,10.262414,8.23952
WQI,E4,E4_Min5_Field_Depth_Interactions,PLS,LOG1P,17,-0.799728,14.281152,10.533301
WQI,E4,E4_Min5_Field_Depth_Interactions,PLS,LOG1P,18,-0.277485,44.592653,31.005578
WQI,E4,E4_Min5_Field_Depth_Interactions,PLS,LOG1P,19,-0.16161,41.556348,22.354932
WQI,E4,E4_Min5_Field_Depth_Interactions,PLS,LOG1P,20,-0.377983,12.897327,11.387788
WQI,E4,E4_Min5_Field_Depth_Interactions,PLS,LOG1P,21,-0.061677,13.812801,10.897411
WQI,E4,E4_Min5_Field_Depth_Interactions,PLS,LOG1P,22,-0.243089,37.080758,26.490983
WQI,E4,E4_Min5_Field_Depth_Interactions,PLS,LOG1P,23,-0.27918,42.859969,24.431453
WQI,E4,E4_Min5_Field_Depth_Interactions,PLS,LOG1P,24,-2.848816,18.463826,15.676429
WQI,E4,E4_Min5_Field_Depth_Interactions,PLS,LOG1P,25,0.047024,28.241479,15.822219
WQI,E4,E4_Min5_Field_Depth_Interactions,Lasso,RAW,1,-3.935147,33.892033,25.984334
WQI,E4,E4_Min5_Field_Depth_Interactions,Lasso,RAW,2,-0.57399,56.219402,38.146027
WQI,E4,E4_Min5_Field_Depth_Interactions,Lasso,RAW,3,-0.804697,14.738559,11.687348
WQI,E4,E4_Min5_Field_Depth_Interactions,Lasso,RAW,4,-4.933679,20.892196,20.567399
WQI,E4,E4_Min5_Field_Depth_Interactions,Lasso,RAW,5,-0.089329,29.78538,19.770118
WQI,E4,E4_Min5_Field_Depth_Interactions,Lasso,RAW,6,-8.041655,30.475147,21.447231
WQI,E4,E4_Min5_Field_Depth_Interactions,Lasso,RAW,7,-0.241346,35.991992,26.081451
WQI,E4,E4_Min5_Field_Depth_Interactions,Lasso,RAW,8,0.015352,13.463662,12.621515
WQI,E4,E4_Min5_Field_Depth_Interactions,Lasso,RAW,9,-0.614796,17.430835,14.899663
WQI,E4,E4_Min5_Field_Depth_Interactions,Lasso,RAW,10,-0.118527,47.614757,32.569599
WQI,E4,E4_Min5_Field_Depth_Interactions,Lasso,RAW,11,-0.128263,32.077985,18.150038
WQI,E4,E4_Min5_Field_Depth_Interactions,Lasso,RAW,12,-0.961313,16.46397,15.454276
WQI,E4,E4_Min5_Field_Depth_Interactions,Lasso,RAW,13,-1.745179,45.788162,33.002416
WQI,E4,E4_Min5_Field_Depth_Interactions,Lasso,RAW,14,-0.008548,40.41784,27.598918
WQI,E4,E4_Min5_Field_Depth_Interactions,Lasso,RAW,15,0.030327,14.57889,12.942252
WQI,E4,E4_Min5_Field_Depth_Interactions,Lasso,RAW,16,-1.338024,19.626014,15.453844
WQI,E4,E4_Min5_Field_Depth_Interactions,Lasso,RAW,17,-0.546614,13.238865,11.298978
WQI,E4,E4_Min5_Field_Depth_Interactions,Lasso,RAW,18,-0.198608,43.194055,33.32108
WQI,E4,E4_Min5_Field_Depth_Interactions,Lasso,RAW,19,-0.075682,39.989796,25.449518
WQI,E4,E4_Min5_Field_Depth_Interactions,Lasso,RAW,20,-7.618556,32.254847,22.023959
WQI,E4,E4_Min5_Field_Depth_Interactions,Lasso,RAW,21,-0.451162,16.148925,14.313471
WQI,E4,E4_Min5_Field_Depth_Interactions,Lasso,RAW,22,-0.148385,35.640282,27.719615
WQI,E4,E4_Min5_Field_Depth_Interactions,Lasso,RAW,23,-0.157232,40.765833,25.58584
WQI,E4,E4_Min5_Field_Depth_Interactions,Lasso,RAW,24,-19.618315,42.735098,31.070263
WQI,E4,E4_Min5_Field_Depth_Interactions,Lasso,RAW,25,-0.130305,30.757022,19.121344
WQI,E4,E4_Min5_Field_Depth_Interactions,Lasso,LOG1P,1,-0.063261,15.731404,13.839833
WQI,E4,E4_Min5_Field_Depth_Interactions,Lasso,LOG1P,2,-0.403529,53.087938,34.057818
WQI,E4,E4_Min5_Field_Depth_Interactions,Lasso,LOG1P,3,-0.372279,12.852101,10.076805
WQI,E4,E4_Min5_Field_Depth_Interactions,Lasso,LOG1P,4,-0.583079,10.791292,9.483244
WQI,E4,E4_Min5_Field_Depth_Interactions,Lasso,LOG1P,5,-0.286495,32.368886,21.025433
WQI,E4,E4_Min5_Field_Depth_Interactions,Lasso,LOG1P,6,-0.898159,13.963301,12.743674
WQI,E4,E4_Min5_Field_Depth_Interactions,Lasso,LOG1P,7,-0.134081,34.401822,21.430579
WQI,E4,E4_Min5_Field_Depth_Interactions,Lasso,LOG1P,8,-0.128156,14.41144,11.366686
WQI,E4,E4_Min5_Field_Depth_Interactions,Lasso,LOG1P,9,-0.003622,13.741823,10.90608
WQI,E4,E4_Min5_Field_Depth_Interactions,Lasso,LOG1P,10,-0.154284,48.369835,30.497657
WQI,E4,E4_Min5_Field_Depth_Interactions,Lasso,LOG1P,11,-0.21217,33.249389,17.832635
WQI,E4,E4_Min5_Field_Depth_Interactions,Lasso,LOG1P,12,-0.259383,13.19289,10.846203
WQI,E4,E4_Min5_Field_Depth_Interactions,Lasso,LOG1P,13,-0.303632,31.553347,20.845968
WQI,E4,E4_Min5_Field_Depth_Interactions,Lasso,LOG1P,14,-0.027371,40.793249,27.243026
WQI,E4,E4_Min5_Field_Depth_Interactions,Lasso,LOG1P,15,0.042912,14.483974,11.363376
WQI,E4,E4_Min5_Field_Depth_Interactions,Lasso,LOG1P,16,0.075714,12.339877,9.567653
WQI,E4,E4_Min5_Field_Depth_Interactions,Lasso,LOG1P,17,-0.343818,12.340423,8.857602
WQI,E4,E4_Min5_Field_Depth_Interactions,Lasso,LOG1P,18,-0.328056,45.466724,32.907919
WQI,E4,E4_Min5_Field_Depth_Interactions,Lasso,LOG1P,19,-0.064794,39.786896,23.40663
WQI,E4,E4_Min5_Field_Depth_Interactions,Lasso,LOG1P,20,-0.259826,12.331987,11.259669
WQI,E4,E4_Min5_Field_Depth_Interactions,Lasso,LOG1P,21,-0.193785,14.647,11.43956
WQI,E4,E4_Min5_Field_Depth_Interactions,Lasso,LOG1P,22,-0.196083,36.372915,26.856074
WQI,E4,E4_Min5_Field_Depth_Interactions,Lasso,LOG1P,23,-0.094471,39.644979,22.345711
WQI,E4,E4_Min5_Field_Depth_Interactions,Lasso,LOG1P,24,-1.983253,16.255606,12.597335
WQI,E4,E4_Min5_Field_Depth_Interactions,Lasso,LOG1P,25,-0.09333,30.24978,18.165979
WQI,E4,E4_Min5_Field_Depth_Interactions,Ridge,RAW,1,-3.469579,32.253798,25.204697
WQI,E4,E4_Min5_Field_Depth_Interactions,Ridge,RAW,2,-0.559021,55.951436,38.00772
WQI,E4,E4_Min5_Field_Depth_Interactions,Ridge,RAW,3,-0.582845,13.802956,10.740596
WQI,E4,E4_Min5_Field_Depth_Interactions,Ridge,RAW,4,-4.718137,20.50923,20.217335
WQI,E4,E4_Min5_Field_Depth_Interactions,Ridge,RAW,5,-0.085742,29.736303,19.796169
WQI,E4,E4_Min5_Field_Depth_Interactions,Ridge,RAW,6,-7.176086,28.979747,20.960098
WQI,E4,E4_Min5_Field_Depth_Interactions,Ridge,RAW,7,-0.234398,35.891125,25.959108
WQI,E4,E4_Min5_Field_Depth_Interactions,Ridge,RAW,8,0.030066,13.362689,12.482886
WQI,E4,E4_Min5_Field_Depth_Interactions,Ridge,RAW,9,-0.589829,17.29556,14.933429
WQI,E4,E4_Min5_Field_Depth_Interactions,Ridge,RAW,10,-0.121671,47.681636,32.457002
WQI,E4,E4_Min5_Field_Depth_Interactions,Ridge,RAW,11,-0.127099,32.061437,18.209276
WQI,E4,E4_Min5_Field_Depth_Interactions,Ridge,RAW,12,-0.920124,16.290172,15.326498
WQI,E4,E4_Min5_Field_Depth_Interactions,Ridge,RAW,13,-1.325386,42.142024,31.252536
WQI,E4,E4_Min5_Field_Depth_Interactions,Ridge,RAW,14,-0.007528,40.397395,27.733945
WQI,E4,E4_Min5_Field_Depth_Interactions,Ridge,RAW,15,0.042114,14.490009,12.908802
WQI,E4,E4_Min5_Field_Depth_Interactions,Ridge,RAW,16,-1.112779,18.656695,14.806037
WQI,E4,E4_Min5_Field_Depth_Interactions,Ridge,RAW,17,-0.499813,13.037019,11.075665
WQI,E4,E4_Min5_Field_Depth_Interactions,Ridge,RAW,18,-0.198632,43.19449,33.351161
WQI,E4,E4_Min5_Field_Depth_Interactions,Ridge,RAW,19,-0.074567,39.969055,25.455792
WQI,E4,E4_Min5_Field_Depth_Interactions,Ridge,RAW,20,-6.092164,29.259514,20.905116
WQI,E4,E4_Min5_Field_Depth_Interactions,Ridge,RAW,21,-0.427079,16.014361,14.299836
WQI,E4,E4_Min5_Field_Depth_Interactions,Ridge,RAW,22,-0.142976,35.556256,27.59442
WQI,E4,E4_Min5_Field_Depth_Interactions,Ridge,RAW,23,-0.157081,40.763165,25.547248
WQI,E4,E4_Min5_Field_Depth_Interactions,Ridge,RAW,24,-16.807396,39.715344,29.763302
WQI,E4,E4_Min5_Field_Depth_Interactions,Ridge,RAW,25,-0.125298,30.688823,18.965899
WQI,E4,E4_Min5_Field_Depth_Interactions,Ridge,LOG1P,1,-1.668497,24.921888,19.034591
WQI,E4,E4_Min5_Field_Depth_Interactions,Ridge,LOG1P,2,-0.631012,57.228691,38.419081
WQI,E4,E4_Min5_Field_Depth_Interactions,Ridge,LOG1P,3,-0.047114,11.22664,8.017484
WQI,E4,E4_Min5_Field_Depth_Interactions,Ridge,LOG1P,4,-1.129837,12.516857,12.006394
WQI,E4,E4_Min5_Field_Depth_Interactions,Ridge,LOG1P,5,-0.118028,30.175185,19.669395
WQI,E4,E4_Min5_Field_Depth_Interactions,Ridge,LOG1P,6,-3.082103,20.476882,15.235901
WQI,E4,E4_Min5_Field_Depth_Interactions,Ridge,LOG1P,7,-0.345161,37.466801,26.019346
WQI,E4,E4_Min5_Field_Depth_Interactions,Ridge,LOG1P,8,0.081907,13.000685,10.222538
WQI,E4,E4_Min5_Field_Depth_Interactions,Ridge,LOG1P,9,0.191002,12.33767,9.410005
WQI,E4,E4_Min5_Field_Depth_Interactions,Ridge,LOG1P,10,-0.199969,49.317769,28.873613
WQI,E4,E4_Min5_Field_Depth_Interactions,Ridge,LOG1P,11,-0.25858,33.879909,15.930654
WQI,E4,E4_Min5_Field_Depth_Interactions,Ridge,LOG1P,12,-0.619936,14.962701,13.195639
WQI,E4,E4_Min5_Field_Depth_Interactions,Ridge,LOG1P,13,-0.449652,33.273595,22.957194
WQI,E4,E4_Min5_Field_Depth_Interactions,Ridge,LOG1P,14,-0.062248,41.479892,23.949686
WQI,E4,E4_Min5_Field_Depth_Interactions,Ridge,LOG1P,15,0.092362,14.104841,11.803574
WQI,E4,E4_Min5_Field_Depth_Interactions,Ridge,LOG1P,16,0.295754,10.771343,8.735854
WQI,E4,E4_Min5_Field_Depth_Interactions,Ridge,LOG1P,17,-0.652533,13.684685,10.100944
WQI,E4,E4_Min5_Field_Depth_Interactions,Ridge,LOG1P,18,-0.2848,44.720148,30.955124
WQI,E4,E4_Min5_Field_Depth_Interactions,Ridge,LOG1P,19,-0.178989,41.866064,22.202097
WQI,E4,E4_Min5_Field_Depth_Interactions,Ridge,LOG1P,20,-2.34036,20.080493,16.618444
WQI,E4,E4_Min5_Field_Depth_Interactions,Ridge,LOG1P,21,-0.08677,13.975081,11.047952
WQI,E4,E4_Min5_Field_Depth_Interactions,Ridge,LOG1P,22,-0.235498,36.967371,26.277474
WQI,E4,E4_Min5_Field_Depth_Interactions,Ridge,LOG1P,23,-0.271818,42.736467,23.72151
WQI,E4,E4_Min5_Field_Depth_Interactions,Ridge,LOG1P,24,-15.437055,38.15664,23.449081
WQI,E4,E4_Min5_Field_Depth_Interactions,Ridge,LOG1P,25,0.034361,28.428498,15.931156
WQI,E4,E4_Min5_Field_Depth_Interactions,ElasticNet,RAW,1,-3.145368,31.061977,24.566248
WQI,E4,E4_Min5_Field_Depth_Interactions,ElasticNet,RAW,2,-0.538531,55.582543,37.750804
WQI,E4,E4_Min5_Field_Depth_Interactions,ElasticNet,RAW,3,-0.397669,12.970451,10.037085
WQI,E4,E4_Min5_Field_Depth_Interactions,ElasticNet,RAW,4,-4.483391,20.083837,19.811988
WQI,E4,E4_Min5_Field_Depth_Interactions,ElasticNet,RAW,5,-0.088207,29.770041,19.746509
WQI,E4,E4_Min5_Field_Depth_Interactions,ElasticNet,RAW,6,-6.445244,27.654214,20.517086
WQI,E4,E4_Min5_Field_Depth_Interactions,ElasticNet,RAW,7,-0.220949,35.695066,25.703053
WQI,E4,E4_Min5_Field_Depth_Interactions,ElasticNet,RAW,8,0.053249,13.20203,12.262446
WQI,E4,E4_Min5_Field_Depth_Interactions,ElasticNet,RAW,9,-0.530891,16.971939,14.842001
WQI,E4,E4_Min5_Field_Depth_Interactions,ElasticNet,RAW,10,-0.111522,47.465434,32.61037
WQI,E4,E4_Min5_Field_Depth_Interactions,ElasticNet,RAW,11,-0.123592,32.011509,18.017938
WQI,E4,E4_Min5_Field_Depth_Interactions,ElasticNet,RAW,12,-0.855204,16.012416,15.121572
WQI,E4,E4_Min5_Field_Depth_Interactions,ElasticNet,RAW,13,-1.119511,40.233306,30.43347
WQI,E4,E4_Min5_Field_Depth_Interactions,ElasticNet,RAW,14,-0.007409,40.394995,27.676418
WQI,E4,E4_Min5_Field_Depth_Interactions,ElasticNet,RAW,15,0.028407,14.593313,12.94723
WQI,E4,E4_Min5_Field_Depth_Interactions,ElasticNet,RAW,16,-0.934168,17.85068,14.289622
WQI,E4,E4_Min5_Field_Depth_Interactions,ElasticNet,RAW,17,-0.439782,12.773448,10.812987
WQI,E4,E4_Min5_Field_Depth_Interactions,ElasticNet,RAW,18,-0.196208,43.150783,33.114333
WQI,E4,E4_Min5_Field_Depth_Interactions,ElasticNet,RAW,19,-0.067697,39.841079,25.537595
WQI,E4,E4_Min5_Field_Depth_Interactions,ElasticNet,RAW,20,-5.202832,27.363568,20.184899
WQI,E4,E4_Min5_Field_Depth_Interactions,ElasticNet,RAW,21,-0.368902,15.684539,14.210587
WQI,E4,E4_Min5_Field_Depth_Interactions,ElasticNet,RAW,22,-0.138753,35.490507,27.481691
WQI,E4,E4_Min5_Field_Depth_Interactions,ElasticNet,RAW,23,-0.147443,40.593044,25.537709
WQI,E4,E4_Min5_Field_Depth_Interactions,ElasticNet,RAW,24,-14.915733,37.546671,28.904185
WQI,E4,E4_Min5_Field_Depth_Interactions,ElasticNet,RAW,25,-0.115568,30.555867,18.780385
WQI,E4,E4_Min5_Field_Depth_Interactions,ElasticNet,LOG1P,1,-0.199363,16.707942,14.765774
WQI,E4,E4_Min5_Field_Depth_Interactions,ElasticNet,LOG1P,2,-0.490018,54.699195,35.955278
WQI,E4,E4_Min5_Field_Depth_Interactions,ElasticNet,LOG1P,3,-0.301816,12.517791,9.410932
WQI,E4,E4_Min5_Field_Depth_Interactions,ElasticNet,LOG1P,4,-0.721799,11.254166,10.564011
WQI,E4,E4_Min5_Field_Depth_Interactions,ElasticNet,LOG1P,5,-0.219098,31.5096,20.503697
WQI,E4,E4_Min5_Field_Depth_Interactions,ElasticNet,LOG1P,6,-1.405946,15.720445,13.872613
WQI,E4,E4_Min5_Field_Depth_Interactions,ElasticNet,LOG1P,7,-0.190703,35.250156,22.596217
WQI,E4,E4_Min5_Field_Depth_Interactions,ElasticNet,LOG1P,8,-0.016937,13.68264,10.307414
WQI,E4,E4_Min5_Field_Depth_Interactions,ElasticNet,LOG1P,9,0.056913,13.320952,10.448448
WQI,E4,E4_Min5_Field_Depth_Interactions,ElasticNet,LOG1P,10,-0.165517,48.60464,30.64907
WQI,E4,E4_Min5_Field_Depth_Interactions,ElasticNet,LOG1P,11,-0.230498,33.499805,17.489964
WQI,E4,E4_Min5_Field_Depth_Interactions,ElasticNet,LOG1P,12,-0.402394,13.921822,11.993175
WQI,E4,E4_Min5_Field_Depth_Interactions,ElasticNet,LOG1P,13,-0.285074,31.327949,21.61107
WQI,E4,E4_Min5_Field_Depth_Interactions,ElasticNet,LOG1P,14,-0.019701,40.640697,25.999208
WQI,E4,E4_Min5_Field_Depth_Interactions,ElasticNet,LOG1P,15,0.058021,14.369196,11.412631
WQI,E4,E4_Min5_Field_Depth_Interactions,ElasticNet,LOG1P,16,0.194593,11.519017,8.529393
WQI,E4,E4_Min5_Field_Depth_Interactions,ElasticNet,LOG1P,17,-0.366155,12.44256,8.878538
WQI,E4,E4_Min5_Field_Depth_Interactions,ElasticNet,LOG1P,18,-0.316895,45.275259,32.605462
WQI,E4,E4_Min5_Field_Depth_Interactions,ElasticNet,LOG1P,19,-0.103455,40.502739,22.987415
WQI,E4,E4_Min5_Field_Depth_Interactions,ElasticNet,LOG1P,20,-0.617871,13.97493,12.516338
WQI,E4,E4_Min5_Field_Depth_Interactions,ElasticNet,LOG1P,21,-0.214635,14.774357,11.552259
WQI,E4,E4_Min5_Field_Depth_Interactions,ElasticNet,LOG1P,22,-0.217636,36.699172,26.783319
WQI,E4,E4_Min5_Field_Depth_Interactions,ElasticNet,LOG1P,23,-0.157775,40.775396,23.058757
WQI,E4,E4_Min5_Field_Depth_Interactions,ElasticNet,LOG1P,24,-3.837111,20.699085,15.626959
WQI,E4,E4_Min5_Field_Depth_Interactions,ElasticNet,LOG1P,25,-0.034697,29.427488,17.232636
WQI,E5,E5_Full_Parsimonious_Easy_Panel,SVR_RBF,RAW,1,0.03291,15.003099,12.241948
WQI,E5,E5_Full_Parsimonious_Easy_Panel,SVR_RBF,RAW,2,-0.284563,50.788204,32.289937
WQI,E5,E5_Full_Parsimonious_Easy_Panel,SVR_RBF,RAW,3,-0.702337,14.314483,11.984648
WQI,E5,E5_Full_Parsimonious_Easy_Panel,SVR_RBF,RAW,4,-0.347349,9.955477,8.424348
WQI,E5,E5_Full_Parsimonious_Easy_Panel,SVR_RBF,RAW,5,-0.291378,32.430248,21.605897
WQI,E5,E5_Full_Parsimonious_Easy_Panel,SVR_RBF,RAW,6,-0.050455,10.387487,9.006823
WQI,E5,E5_Full_Parsimonious_Easy_Panel,SVR_RBF,RAW,7,-0.170714,34.953027,22.5138
WQI,E5,E5_Full_Parsimonious_Easy_Panel,SVR_RBF,RAW,8,-0.239565,15.106274,11.543085
WQI,E5,E5_Full_Parsimonious_Easy_Panel,SVR_RBF,RAW,9,0.027998,13.523616,10.677209
WQI,E5,E5_Full_Parsimonious_Easy_Panel,SVR_RBF,RAW,10,-0.150732,48.295355,29.895328
WQI,E5,E5_Full_Parsimonious_Easy_Panel,SVR_RBF,RAW,11,-0.171101,32.681277,16.863047
WQI,E5,E5_Full_Parsimonious_Easy_Panel,SVR_RBF,RAW,12,-0.127594,12.483533,10.721005
WQI,E5,E5_Full_Parsimonious_Easy_Panel,SVR_RBF,RAW,13,-0.25952,31.014899,17.869705
WQI,E5,E5_Full_Parsimonious_Easy_Panel,SVR_RBF,RAW,14,-0.056954,41.376405,27.284003
WQI,E5,E5_Full_Parsimonious_Easy_Panel,SVR_RBF,RAW,15,0.019179,14.662456,11.361822
WQI,E5,E5_Full_Parsimonious_Easy_Panel,SVR_RBF,RAW,16,0.03503,12.60853,9.833502
WQI,E5,E5_Full_Parsimonious_Easy_Panel,SVR_RBF,RAW,17,-0.698247,13.872674,10.438992
WQI,E5,E5_Full_Parsimonious_Easy_Panel,SVR_RBF,RAW,18,-0.316489,45.268277,33.005131
WQI,E5,E5_Full_Parsimonious_Easy_Panel,SVR_RBF,RAW,19,-0.052343,39.553586,23.435093
WQI,E5,E5_Full_Parsimonious_Easy_Panel,SVR_RBF,RAW,20,-0.033683,11.17047,8.702271
WQI,E5,E5_Full_Parsimonious_Easy_Panel,SVR_RBF,RAW,21,0.000205,13.404203,10.034742
WQI,E5,E5_Full_Parsimonious_Easy_Panel,SVR_RBF,RAW,22,-0.244647,37.103993,27.241677
WQI,E5,E5_Full_Parsimonious_Easy_Panel,SVR_RBF,RAW,23,-0.077593,39.338103,20.732142
WQI,E5,E5_Full_Parsimonious_Easy_Panel,SVR_RBF,RAW,24,-0.009305,9.455171,7.39817
WQI,E5,E5_Full_Parsimonious_Easy_Panel,SVR_RBF,RAW,25,-0.154283,31.081553,19.449652
WQI,E5,E5_Full_Parsimonious_Easy_Panel,SVR_RBF,LOG1P,1,0.18929,13.73663,9.760702
WQI,E5,E5_Full_Parsimonious_Easy_Panel,SVR_RBF,LOG1P,2,-0.623136,57.090351,34.92293
WQI,E5,E5_Full_Parsimonious_Easy_Panel,SVR_RBF,LOG1P,3,-0.473029,13.315532,9.631631
WQI,E5,E5_Full_Parsimonious_Easy_Panel,SVR_RBF,LOG1P,4,-0.878133,11.753988,10.670239
WQI,E5,E5_Full_Parsimonious_Easy_Panel,SVR_RBF,LOG1P,5,-0.264359,32.089192,21.915021
WQI,E5,E5_Full_Parsimonious_Easy_Panel,SVR_RBF,LOG1P,6,-0.253856,11.348689,8.459463
WQI,E5,E5_Full_Parsimonious_Easy_Panel,SVR_RBF,LOG1P,7,-0.369781,37.808115,24.209166
WQI,E5,E5_Full_Parsimonious_Easy_Panel,SVR_RBF,LOG1P,8,-0.384884,15.967228,12.67244
WQI,E5,E5_Full_Parsimonious_Easy_Panel,SVR_RBF,LOG1P,9,0.041377,13.430226,10.876057
WQI,E5,E5_Full_Parsimonious_Easy_Panel,SVR_RBF,LOG1P,10,-0.291544,51.164997,28.958119
WQI,E5,E5_Full_Parsimonious_Easy_Panel,SVR_RBF,LOG1P,11,-0.442834,36.275227,18.51857
WQI,E5,E5_Full_Parsimonious_Easy_Panel,SVR_RBF,LOG1P,12,-0.552761,14.649182,11.157015
WQI,E5,E5_Full_Parsimonious_Easy_Panel,SVR_RBF,LOG1P,13,-0.198463,30.253812,16.83728
WQI,E5,E5_Full_Parsimonious_Easy_Panel,SVR_RBF,LOG1P,14,-0.13368,42.851886,23.804822
WQI,E5,E5_Full_Parsimonious_Easy_Panel,SVR_RBF,LOG1P,15,-0.279024,16.74369,13.714341
WQI,E5,E5_Full_Parsimonious_Easy_Panel,SVR_RBF,LOG1P,16,0.280198,10.889655,7.832751
WQI,E5,E5_Full_Parsimonious_Easy_Panel,SVR_RBF,LOG1P,17,-0.940511,14.829204,10.884365
WQI,E5,E5_Full_Parsimonious_Easy_Panel,SVR_RBF,LOG1P,18,-0.387452,46.472325,31.528105
WQI,E5,E5_Full_Parsimonious_Easy_Panel,SVR_RBF,LOG1P,19,-0.263214,43.335679,21.401721
WQI,E5,E5_Full_Parsimonious_Easy_Panel,SVR_RBF,LOG1P,20,-0.891666,15.111236,12.258006
WQI,E5,E5_Full_Parsimonious_Easy_Panel,SVR_RBF,LOG1P,21,-0.216808,14.787564,10.973624
WQI,E5,E5_Full_Parsimonious_Easy_Panel,SVR_RBF,LOG1P,22,-0.433887,39.824917,27.420719
WQI,E5,E5_Full_Parsimonious_Easy_Panel,SVR_RBF,LOG1P,23,-0.356316,44.133314,24.335117
WQI,E5,E5_Full_Parsimonious_Easy_Panel,SVR_RBF,LOG1P,24,0.135018,8.753096,5.202197
WQI,E5,E5_Full_Parsimonious_Easy_Panel,SVR_RBF,LOG1P,25,-0.164051,31.212784,18.462679
WQI,E5,E5_Full_Parsimonious_Easy_Panel,PLS,RAW,1,-2.681497,29.2725,23.578226
WQI,E5,E5_Full_Parsimonious_Easy_Panel,PLS,RAW,2,-0.486874,54.641468,37.316244
WQI,E5,E5_Full_Parsimonious_Easy_Panel,PLS,RAW,3,-0.079015,11.396374,9.254415
WQI,E5,E5_Full_Parsimonious_Easy_Panel,PLS,RAW,4,-4.2261,19.606991,19.181275
WQI,E5,E5_Full_Parsimonious_Easy_Panel,PLS,RAW,5,-0.136233,30.419873,23.104306
WQI,E5,E5_Full_Parsimonious_Easy_Panel,PLS,RAW,6,-5.701465,26.23655,20.72156
WQI,E5,E5_Full_Parsimonious_Easy_Panel,PLS,RAW,7,-0.210816,35.546633,24.626073
WQI,E5,E5_Full_Parsimonious_Easy_Panel,PLS,RAW,8,-0.012496,13.652725,13.023299
WQI,E5,E5_Full_Parsimonious_Easy_Panel,PLS,RAW,9,-0.647321,17.605506,15.76264
WQI,E5,E5_Full_Parsimonious_Easy_Panel,PLS,RAW,10,-0.096581,47.145325,32.395767
WQI,E5,E5_Full_Parsimonious_Easy_Panel,PLS,RAW,11,-0.149541,32.379044,17.716899
WQI,E5,E5_Full_Parsimonious_Easy_Panel,PLS,RAW,12,-0.876167,16.102631,15.40252
WQI,E5,E5_Full_Parsimonious_Easy_Panel,PLS,RAW,13,-0.832522,37.410407,29.422969
WQI,E5,E5_Full_Parsimonious_Easy_Panel,PLS,RAW,14,0.000125,40.243664,27.464321
WQI,E5,E5_Full_Parsimonious_Easy_Panel,PLS,RAW,15,0.057616,14.372279,13.122921
WQI,E5,E5_Full_Parsimonious_Easy_Panel,PLS,RAW,16,-0.807046,17.254098,14.477477
WQI,E5,E5_Full_Parsimonious_Easy_Panel,PLS,RAW,17,-0.609118,13.503729,11.976128
WQI,E5,E5_Full_Parsimonious_Easy_Panel,PLS,RAW,18,-0.174154,42.751162,31.985311
WQI,E5,E5_Full_Parsimonious_Easy_Panel,PLS,RAW,19,-0.044748,39.410595,25.465285
WQI,E5,E5_Full_Parsimonious_Easy_Panel,PLS,RAW,20,-5.03218,26.98453,20.025045
WQI,E5,E5_Full_Parsimonious_Easy_Panel,PLS,RAW,21,-0.148659,14.367497,13.483447
WQI,E5,E5_Full_Parsimonious_Easy_Panel,PLS,RAW,22,-0.165054,35.898023,27.62437
WQI,E5,E5_Full_Parsimonious_Easy_Panel,PLS,RAW,23,-0.131695,40.313532,25.275253
WQI,E5,E5_Full_Parsimonious_Easy_Panel,PLS,RAW,24,-11.727832,33.576493,27.560396
WQI,E5,E5_Full_Parsimonious_Easy_Panel,PLS,RAW,25,-0.188721,31.541793,19.687942
WQI,E5,E5_Full_Parsimonious_Easy_Panel,PLS,LOG1P,1,-0.108057,16.059375,14.048696
WQI,E5,E5_Full_Parsimonious_Easy_Panel,PLS,LOG1P,2,-0.603921,56.751411,38.302867
WQI,E5,E5_Full_Parsimonious_Easy_Panel,PLS,LOG1P,3,-0.191241,11.974373,9.235015
WQI,E5,E5_Full_Parsimonious_Easy_Panel,PLS,LOG1P,4,-1.429922,13.369594,12.780726
WQI,E5,E5_Full_Parsimonious_Easy_Panel,PLS,LOG1P,5,-0.091183,29.810719,20.224239
WQI,E5,E5_Full_Parsimonious_Easy_Panel,PLS,LOG1P,6,-0.529598,12.534601,11.337389
WQI,E5,E5_Full_Parsimonious_Easy_Panel,PLS,LOG1P,7,-0.341767,37.4195,25.68011
WQI,E5,E5_Full_Parsimonious_Easy_Panel,PLS,LOG1P,8,0.049099,13.230936,10.858211
WQI,E5,E5_Full_Parsimonious_Easy_Panel,PLS,LOG1P,9,0.060336,13.296756,10.103072
WQI,E5,E5_Full_Parsimonious_Easy_Panel,PLS,LOG1P,10,-0.135456,47.97374,28.596344
WQI,E5,E5_Full_Parsimonious_Easy_Panel,PLS,LOG1P,11,-0.263782,33.949861,16.411148
WQI,E5,E5_Full_Parsimonious_Easy_Panel,PLS,LOG1P,12,-0.709815,15.372188,13.371608
WQI,E5,E5_Full_Parsimonious_Easy_Panel,PLS,LOG1P,13,-0.057515,28.419146,19.39987
WQI,E5,E5_Full_Parsimonious_Easy_Panel,PLS,LOG1P,14,-0.044382,41.12959,24.405983
WQI,E5,E5_Full_Parsimonious_Easy_Panel,PLS,LOG1P,15,0.108405,13.979625,11.698321
WQI,E5,E5_Full_Parsimonious_Easy_Panel,PLS,LOG1P,16,0.223382,11.31127,9.416498
WQI,E5,E5_Full_Parsimonious_Easy_Panel,PLS,LOG1P,17,-0.821645,14.367847,10.894207
WQI,E5,E5_Full_Parsimonious_Easy_Panel,PLS,LOG1P,18,-0.270898,44.477545,30.567217
WQI,E5,E5_Full_Parsimonious_Easy_Panel,PLS,LOG1P,19,-0.139854,41.16535,22.334507
WQI,E5,E5_Full_Parsimonious_Easy_Panel,PLS,LOG1P,20,-0.29867,12.520657,10.636286
WQI,E5,E5_Full_Parsimonious_Easy_Panel,PLS,LOG1P,21,0.005777,13.366804,10.50256
WQI,E5,E5_Full_Parsimonious_Easy_Panel,PLS,LOG1P,22,-0.260422,37.338383,27.187323
WQI,E5,E5_Full_Parsimonious_Easy_Panel,PLS,LOG1P,23,-0.259784,42.533795,24.001872
WQI,E5,E5_Full_Parsimonious_Easy_Panel,PLS,LOG1P,24,-1.536631,14.989488,13.154838
WQI,E5,E5_Full_Parsimonious_Easy_Panel,PLS,LOG1P,25,0.094559,27.528114,15.129726
WQI,E5,E5_Full_Parsimonious_Easy_Panel,Lasso,RAW,1,-3.236422,31.401265,23.888602
WQI,E5,E5_Full_Parsimonious_Easy_Panel,Lasso,RAW,2,-0.573952,56.218716,38.146121
WQI,E5,E5_Full_Parsimonious_Easy_Panel,Lasso,RAW,3,-0.594284,13.852741,12.424838
WQI,E5,E5_Full_Parsimonious_Easy_Panel,Lasso,RAW,4,-3.976218,19.132502,18.239013
WQI,E5,E5_Full_Parsimonious_Easy_Panel,Lasso,RAW,5,-0.297152,32.502675,24.621714
WQI,E5,E5_Full_Parsimonious_Easy_Panel,Lasso,RAW,6,-7.023207,28.707532,20.596872
WQI,E5,E5_Full_Parsimonious_Easy_Panel,Lasso,RAW,7,-0.167086,34.898831,23.834645
WQI,E5,E5_Full_Parsimonious_Easy_Panel,Lasso,RAW,8,-0.067157,14.016412,13.038167
WQI,E5,E5_Full_Parsimonious_Easy_Panel,Lasso,RAW,9,-1.983799,23.694312,20.362604
WQI,E5,E5_Full_Parsimonious_Easy_Panel,Lasso,RAW,10,-0.101528,47.251553,32.475792
WQI,E5,E5_Full_Parsimonious_Easy_Panel,Lasso,RAW,11,-0.141838,32.270384,18.342816
WQI,E5,E5_Full_Parsimonious_Easy_Panel,Lasso,RAW,12,-0.860155,16.033768,14.791617
WQI,E5,E5_Full_Parsimonious_Easy_Panel,Lasso,RAW,13,-1.717025,45.552757,32.56521
WQI,E5,E5_Full_Parsimonious_Easy_Panel,Lasso,RAW,14,0.036776,39.499198,28.039442
WQI,E5,E5_Full_Parsimonious_Easy_Panel,Lasso,RAW,15,-0.075318,15.352542,13.99514
WQI,E5,E5_Full_Parsimonious_Easy_Panel,Lasso,RAW,16,-1.717772,21.159928,17.152276
WQI,E5,E5_Full_Parsimonious_Easy_Panel,Lasso,RAW,17,-0.373898,12.477771,11.439634
WQI,E5,E5_Full_Parsimonious_Easy_Panel,Lasso,RAW,18,-0.249462,44.100842,32.02717
WQI,E5,E5_Full_Parsimonious_Easy_Panel,Lasso,RAW,19,-0.033446,39.196847,25.425045
WQI,E5,E5_Full_Parsimonious_Easy_Panel,Lasso,RAW,20,-6.465754,30.020268,20.622213
WQI,E5,E5_Full_Parsimonious_Easy_Panel,Lasso,RAW,21,-0.436929,16.069534,14.802975
WQI,E5,E5_Full_Parsimonious_Easy_Panel,Lasso,RAW,22,-0.174116,36.03736,27.755579
WQI,E5,E5_Full_Parsimonious_Easy_Panel,Lasso,RAW,23,-0.157646,40.773122,25.588145
WQI,E5,E5_Full_Parsimonious_Easy_Panel,Lasso,RAW,24,-17.223528,40.176708,28.002259
WQI,E5,E5_Full_Parsimonious_Easy_Panel,Lasso,RAW,25,-0.203924,31.742863,20.687227
WQI,E5,E5_Full_Parsimonious_Easy_Panel,Lasso,LOG1P,1,-0.063274,15.731504,13.839934
WQI,E5,E5_Full_Parsimonious_Easy_Panel,Lasso,LOG1P,2,-0.384197,52.721064,33.711742
WQI,E5,E5_Full_Parsimonious_Easy_Panel,Lasso,LOG1P,3,-0.355547,12.773509,10.01912
WQI,E5,E5_Full_Parsimonious_Easy_Panel,Lasso,LOG1P,4,-0.508273,10.533243,9.414981
WQI,E5,E5_Full_Parsimonious_Easy_Panel,Lasso,LOG1P,5,-0.243148,31.818898,21.069475
WQI,E5,E5_Full_Parsimonious_Easy_Panel,Lasso,LOG1P,6,-0.311688,11.607459,10.799246
WQI,E5,E5_Full_Parsimonious_Easy_Panel,Lasso,LOG1P,7,-0.134081,34.401822,21.430579
WQI,E5,E5_Full_Parsimonious_Easy_Panel,Lasso,LOG1P,8,-0.022795,13.721988,10.544845
WQI,E5,E5_Full_Parsimonious_Easy_Panel,Lasso,LOG1P,9,-0.139643,14.643463,11.560185
WQI,E5,E5_Full_Parsimonious_Easy_Panel,Lasso,LOG1P,10,-0.154284,48.369835,30.497657
WQI,E5,E5_Full_Parsimonious_Easy_Panel,Lasso,LOG1P,11,-0.202443,33.115709,16.621542
WQI,E5,E5_Full_Parsimonious_Easy_Panel,Lasso,LOG1P,12,-0.265733,13.226111,10.80196
WQI,E5,E5_Full_Parsimonious_Easy_Panel,Lasso,LOG1P,13,-0.201703,30.294679,19.049833
WQI,E5,E5_Full_Parsimonious_Easy_Panel,Lasso,LOG1P,14,-0.019134,40.629399,27.044494
WQI,E5,E5_Full_Parsimonious_Easy_Panel,Lasso,LOG1P,15,0.056944,14.377403,11.37863
WQI,E5,E5_Full_Parsimonious_Easy_Panel,Lasso,LOG1P,16,-0.003054,12.854934,10.2855
WQI,E5,E5_Full_Parsimonious_Easy_Panel,Lasso,LOG1P,17,-0.252808,11.915218,8.491721
WQI,E5,E5_Full_Parsimonious_Easy_Panel,Lasso,LOG1P,18,-0.320415,45.335736,32.603116
WQI,E5,E5_Full_Parsimonious_Easy_Panel,Lasso,LOG1P,19,-0.051646,39.54048,23.290438
WQI,E5,E5_Full_Parsimonious_Easy_Panel,Lasso,LOG1P,20,-0.104016,11.544242,10.4145
WQI,E5,E5_Full_Parsimonious_Easy_Panel,Lasso,LOG1P,21,-0.102879,14.078277,10.973446
WQI,E5,E5_Full_Parsimonious_Easy_Panel,Lasso,LOG1P,22,-0.205759,36.519739,27.092576
WQI,E5,E5_Full_Parsimonious_Easy_Panel,Lasso,LOG1P,23,-0.094471,39.644979,22.345711
WQI,E5,E5_Full_Parsimonious_Easy_Panel,Lasso,LOG1P,24,-0.354935,10.955127,9.239542
WQI,E5,E5_Full_Parsimonious_Easy_Panel,Lasso,LOG1P,25,-0.059539,29.778646,17.917317
WQI,E5,E5_Full_Parsimonious_Easy_Panel,Ridge,RAW,1,-2.774787,29.641063,23.300917
WQI,E5,E5_Full_Parsimonious_Easy_Panel,Ridge,RAW,2,-0.556434,55.904987,37.993645
WQI,E5,E5_Full_Parsimonious_Easy_Panel,Ridge,RAW,3,-0.486049,13.374251,11.685811
WQI,E5,E5_Full_Parsimonious_Easy_Panel,Ridge,RAW,4,-3.979975,19.139724,18.396897
WQI,E5,E5_Full_Parsimonious_Easy_Panel,Ridge,RAW,5,-0.191301,31.1483,22.888877
WQI,E5,E5_Full_Parsimonious_Easy_Panel,Ridge,RAW,6,-5.709421,26.25212,20.032748
WQI,E5,E5_Full_Parsimonious_Easy_Panel,Ridge,RAW,7,-0.17755,35.054922,24.15482
WQI,E5,E5_Full_Parsimonious_Easy_Panel,Ridge,RAW,8,-0.046986,13.883315,13.025135
WQI,E5,E5_Full_Parsimonious_Easy_Panel,Ridge,RAW,9,-1.341902,20.991512,18.217065
WQI,E5,E5_Full_Parsimonious_Easy_Panel,Ridge,RAW,10,-0.103455,47.292879,32.389306
WQI,E5,E5_Full_Parsimonious_Easy_Panel,Ridge,RAW,11,-0.134009,32.159567,18.657665
WQI,E5,E5_Full_Parsimonious_Easy_Panel,Ridge,RAW,12,-0.871822,16.083972,14.99106
WQI,E5,E5_Full_Parsimonious_Easy_Panel,Ridge,RAW,13,-1.148456,40.507093,30.113385
WQI,E5,E5_Full_Parsimonious_Easy_Panel,Ridge,RAW,14,0.030428,39.629156,27.911621
WQI,E5,E5_Full_Parsimonious_Easy_Panel,Ridge,RAW,15,0.036416,14.533041,13.52819
WQI,E5,E5_Full_Parsimonious_Easy_Panel,Ridge,RAW,16,-1.400965,19.888432,15.614798
WQI,E5,E5_Full_Parsimonious_Easy_Panel,Ridge,RAW,17,-0.405621,12.621002,11.52619
WQI,E5,E5_Full_Parsimonious_Easy_Panel,Ridge,RAW,18,-0.202917,43.271631,32.582662
WQI,E5,E5_Full_Parsimonious_Easy_Panel,Ridge,RAW,19,-0.039813,39.317397,25.401472
WQI,E5,E5_Full_Parsimonious_Easy_Panel,Ridge,RAW,20,-4.882088,26.646702,19.597253
WQI,E5,E5_Full_Parsimonious_Easy_Panel,Ridge,RAW,21,-0.360402,15.635772,14.407877
WQI,E5,E5_Full_Parsimonious_Easy_Panel,Ridge,RAW,22,-0.165148,35.899461,27.817707
WQI,E5,E5_Full_Parsimonious_Easy_Panel,Ridge,RAW,23,-0.169243,40.976842,25.702926
WQI,E5,E5_Full_Parsimonious_Easy_Panel,Ridge,RAW,24,-14.067836,36.53285,27.318583
WQI,E5,E5_Full_Parsimonious_Easy_Panel,Ridge,RAW,25,-0.153877,31.076083,19.755636
WQI,E5,E5_Full_Parsimonious_Easy_Panel,Ridge,LOG1P,1,-0.822988,20.598685,16.454745
WQI,E5,E5_Full_Parsimonious_Easy_Panel,Ridge,LOG1P,2,-0.612464,56.902361,38.142039
WQI,E5,E5_Full_Parsimonious_Easy_Panel,Ridge,LOG1P,3,0.0223,10.848149,8.156693
WQI,E5,E5_Full_Parsimonious_Easy_Panel,Ridge,LOG1P,4,-0.885917,11.778321,11.068605
WQI,E5,E5_Full_Parsimonious_Easy_Panel,Ridge,LOG1P,5,-0.164361,30.79409,21.524414
WQI,E5,E5_Full_Parsimonious_Easy_Panel,Ridge,LOG1P,6,-1.445193,15.848144,13.212452
WQI,E5,E5_Full_Parsimonious_Easy_Panel,Ridge,LOG1P,7,-0.367598,37.777966,26.643194
WQI,E5,E5_Full_Parsimonious_Easy_Panel,Ridge,LOG1P,8,0.03692,13.315391,10.559396
WQI,E5,E5_Full_Parsimonious_Easy_Panel,Ridge,LOG1P,9,-0.204101,15.051879,11.771222
WQI,E5,E5_Full_Parsimonious_Easy_Panel,Ridge,LOG1P,10,-0.17626,48.828121,28.768749
WQI,E5,E5_Full_Parsimonious_Easy_Panel,Ridge,LOG1P,11,-0.267963,34.005975,15.816474
WQI,E5,E5_Full_Parsimonious_Easy_Panel,Ridge,LOG1P,12,-0.496846,14.383006,12.429227
WQI,E5,E5_Full_Parsimonious_Easy_Panel,Ridge,LOG1P,13,-0.265758,31.091605,20.726559
WQI,E5,E5_Full_Parsimonious_Easy_Panel,Ridge,LOG1P,14,-0.022259,40.691644,24.285018
WQI,E5,E5_Full_Parsimonious_Easy_Panel,Ridge,LOG1P,15,0.104259,14.012093,12.147394
WQI,E5,E5_Full_Parsimonious_Easy_Panel,Ridge,LOG1P,16,0.256199,11.069702,8.332928
WQI,E5,E5_Full_Parsimonious_Easy_Panel,Ridge,LOG1P,17,-0.315211,12.208367,9.869132
WQI,E5,E5_Full_Parsimonious_Easy_Panel,Ridge,LOG1P,18,-0.301942,45.017484,30.678378
WQI,E5,E5_Full_Parsimonious_Easy_Panel,Ridge,LOG1P,19,-0.147985,41.311916,22.265029
WQI,E5,E5_Full_Parsimonious_Easy_Panel,Ridge,LOG1P,20,-1.591865,17.68821,15.497939
WQI,E5,E5_Full_Parsimonious_Easy_Panel,Ridge,LOG1P,21,-0.04651,13.713782,11.225417
WQI,E5,E5_Full_Parsimonious_Easy_Panel,Ridge,LOG1P,22,-0.240442,37.041261,26.524945
WQI,E5,E5_Full_Parsimonious_Easy_Panel,Ridge,LOG1P,23,-0.277438,42.83078,23.811025
WQI,E5,E5_Full_Parsimonious_Easy_Panel,Ridge,LOG1P,24,-7.850224,27.998532,18.426415
WQI,E5,E5_Full_Parsimonious_Easy_Panel,Ridge,LOG1P,25,0.05146,28.175672,15.161874
WQI,E5,E5_Full_Parsimonious_Easy_Panel,ElasticNet,RAW,1,-2.605353,28.968196,23.029631
WQI,E5,E5_Full_Parsimonious_Easy_Panel,ElasticNet,RAW,2,-0.530765,55.442083,37.712251
WQI,E5,E5_Full_Parsimonious_Easy_Panel,ElasticNet,RAW,3,-0.402221,12.991553,11.051386
WQI,E5,E5_Full_Parsimonious_Easy_Panel,ElasticNet,RAW,4,-3.991613,19.162074,18.549262
WQI,E5,E5_Full_Parsimonious_Easy_Panel,ElasticNet,RAW,5,-0.155118,30.671631,22.155688
WQI,E5,E5_Full_Parsimonious_Easy_Panel,ElasticNet,RAW,6,-5.231075,25.298999,19.741192
WQI,E5,E5_Full_Parsimonious_Easy_Panel,ElasticNet,RAW,7,-0.173951,35.001317,24.1331
WQI,E5,E5_Full_Parsimonious_Easy_Panel,ElasticNet,RAW,8,-0.029574,13.767388,12.959494
WQI,E5,E5_Full_Parsimonious_Easy_Panel,ElasticNet,RAW,9,-1.092305,19.84138,17.235928
WQI,E5,E5_Full_Parsimonious_Easy_Panel,ElasticNet,RAW,10,-0.101212,47.244769,32.567085
WQI,E5,E5_Full_Parsimonious_Easy_Panel,ElasticNet,RAW,11,-0.13304,32.14582,18.379765
WQI,E5,E5_Full_Parsimonious_Easy_Panel,ElasticNet,RAW,12,-0.853607,16.005526,15.016194
WQI,E5,E5_Full_Parsimonious_Easy_Panel,ElasticNet,RAW,13,-0.974629,38.83386,29.083985
WQI,E5,E5_Full_Parsimonious_Easy_Panel,ElasticNet,RAW,14,0.022409,39.792688,27.863413
WQI,E5,E5_Full_Parsimonious_Easy_Panel,ElasticNet,RAW,15,0.060602,14.349493,13.377162
WQI,E5,E5_Full_Parsimonious_Easy_Panel,ElasticNet,RAW,16,-1.198277,19.030443,14.731469
WQI,E5,E5_Full_Parsimonious_Easy_Panel,ElasticNet,RAW,17,-0.422092,12.694735,11.513312
WQI,E5,E5_Full_Parsimonious_Easy_Panel,ElasticNet,RAW,18,-0.193104,43.094774,32.545295
WQI,E5,E5_Full_Parsimonious_Easy_Panel,ElasticNet,RAW,19,-0.039406,39.309711,25.494718
WQI,E5,E5_Full_Parsimonious_Easy_Panel,ElasticNet,RAW,20,-4.255215,25.186798,19.114564
WQI,E5,E5_Full_Parsimonious_Easy_Panel,ElasticNet,RAW,21,-0.293876,15.248667,13.99669
WQI,E5,E5_Full_Parsimonious_Easy_Panel,ElasticNet,RAW,22,-0.161621,35.845087,27.812479
WQI,E5,E5_Full_Parsimonious_Easy_Panel,ElasticNet,RAW,23,-0.147443,40.593048,25.537865
WQI,E5,E5_Full_Parsimonious_Easy_Panel,ElasticNet,RAW,24,-12.736261,34.881278,26.978229
WQI,E5,E5_Full_Parsimonious_Easy_Panel,ElasticNet,RAW,25,-0.125382,30.689972,19.200439
WQI,E5,E5_Full_Parsimonious_Easy_Panel,ElasticNet,LOG1P,1,-0.127639,16.200654,14.308845
WQI,E5,E5_Full_Parsimonious_Easy_Panel,ElasticNet,LOG1P,2,-0.463089,54.202668,35.555677
WQI,E5,E5_Full_Parsimonious_Easy_Panel,ElasticNet,LOG1P,3,-0.275672,12.391459,9.428522
WQI,E5,E5_Full_Parsimonious_Easy_Panel,ElasticNet,LOG1P,4,-0.633612,10.96217,10.260551
WQI,E5,E5_Full_Parsimonious_Easy_Panel,ElasticNet,LOG1P,5,-0.178975,30.986747,20.668702
WQI,E5,E5_Full_Parsimonious_Easy_Panel,ElasticNet,LOG1P,6,-0.477847,12.320733,11.458556
WQI,E5,E5_Full_Parsimonious_Easy_Panel,ElasticNet,LOG1P,7,-0.190702,35.250153,22.596211
WQI,E5,E5_Full_Parsimonious_Easy_Panel,ElasticNet,LOG1P,8,0.046253,13.250717,10.009865
WQI,E5,E5_Full_Parsimonious_Easy_Panel,ElasticNet,LOG1P,9,-0.091721,14.332278,11.131821
WQI,E5,E5_Full_Parsimonious_Easy_Panel,ElasticNet,LOG1P,10,-0.153299,48.349209,30.279436
WQI,E5,E5_Full_Parsimonious_Easy_Panel,ElasticNet,LOG1P,11,-0.223156,33.399714,16.404817
WQI,E5,E5_Full_Parsimonious_Easy_Panel,ElasticNet,LOG1P,12,-0.404775,13.933637,11.863504
WQI,E5,E5_Full_Parsimonious_Easy_Panel,ElasticNet,LOG1P,13,-0.154625,29.695336,19.682123
WQI,E5,E5_Full_Parsimonious_Easy_Panel,ElasticNet,LOG1P,14,-0.003274,40.312007,25.543043
WQI,E5,E5_Full_Parsimonious_Easy_Panel,ElasticNet,LOG1P,15,0.071788,14.263807,11.500729
WQI,E5,E5_Full_Parsimonious_Easy_Panel,ElasticNet,LOG1P,16,0.119043,12.047168,9.271269
WQI,E5,E5_Full_Parsimonious_Easy_Panel,ElasticNet,LOG1P,17,-0.238072,11.844936,8.567947
WQI,E5,E5_Full_Parsimonious_Easy_Panel,ElasticNet,LOG1P,18,-0.300551,44.993437,31.920163
WQI,E5,E5_Full_Parsimonious_Easy_Panel,ElasticNet,LOG1P,19,-0.084988,40.162393,22.912636
WQI,E5,E5_Full_Parsimonious_Easy_Panel,ElasticNet,LOG1P,20,-0.274275,12.402501,11.33547
WQI,E5,E5_Full_Parsimonious_Easy_Panel,ElasticNet,LOG1P,21,-0.121325,14.195524,11.121129
WQI,E5,E5_Full_Parsimonious_Easy_Panel,ElasticNet,LOG1P,22,-0.225775,36.821613,27.002478
WQI,E5,E5_Full_Parsimonious_Easy_Panel,ElasticNet,LOG1P,23,-0.155207,40.730142,23.013576
WQI,E5,E5_Full_Parsimonious_Easy_Panel,ElasticNet,LOG1P,24,-1.2791,14.208225,12.167218
WQI,E5,E5_Full_Parsimonious_Easy_Panel,ElasticNet,LOG1P,25,0.006708,28.832678,16.770948
Cd,E1,E1_Min2_FieldOnly,SVR_RBF,RAW,1,-0.230213,7.509205,6.31879
Cd,E1,E1_Min2_FieldOnly,SVR_RBF,RAW,2,-0.275797,35.914659,18.908866
Cd,E1,E1_Min2_FieldOnly,SVR_RBF,RAW,3,0.060068,8.392069,6.575281
Cd,E1,E1_Min2_FieldOnly,SVR_RBF,RAW,4,-2.102493,3.844937,3.246654
Cd,E1,E1_Min2_FieldOnly,SVR_RBF,RAW,5,-1.474812,18.333105,14.511406
Cd,E1,E1_Min2_FieldOnly,SVR_RBF,RAW,6,-0.118597,7.563906,6.089129
Cd,E1,E1_Min2_FieldOnly,SVR_RBF,RAW,7,-0.077243,20.285934,11.133084
Cd,E1,E1_Min2_FieldOnly,SVR_RBF,RAW,8,-0.401261,8.163959,5.974417
Cd,E1,E1_Min2_FieldOnly,SVR_RBF,RAW,9,-0.189952,13.610329,9.470426
Cd,E1,E1_Min2_FieldOnly,SVR_RBF,RAW,10,-0.17106,31.412454,15.993445
Cd,E1,E1_Min2_FieldOnly,SVR_RBF,RAW,11,-0.304902,21.625108,11.988251
Cd,E1,E1_Min2_FieldOnly,SVR_RBF,RAW,12,-0.011285,6.199541,4.877473
Cd,E1,E1_Min2_FieldOnly,SVR_RBF,RAW,13,-0.067332,11.895666,7.004464
Cd,E1,E1_Min2_FieldOnly,SVR_RBF,RAW,14,-0.159009,30.428216,16.264962
Cd,E1,E1_Min2_FieldOnly,SVR_RBF,RAW,15,-0.43256,13.372799,9.30156
Cd,E1,E1_Min2_FieldOnly,SVR_RBF,RAW,16,0.066749,6.744553,4.527604
Cd,E1,E1_Min2_FieldOnly,SVR_RBF,RAW,17,-0.68934,8.563388,7.081358
Cd,E1,E1_Min2_FieldOnly,SVR_RBF,RAW,18,-0.68954,26.339667,18.496175
Cd,E1,E1_Min2_FieldOnly,SVR_RBF,RAW,19,-0.083051,29.938567,15.350807
Cd,E1,E1_Min2_FieldOnly,SVR_RBF,RAW,20,0.050186,4.176865,3.355378
Cd,E1,E1_Min2_FieldOnly,SVR_RBF,RAW,21,-0.582061,14.370495,9.868132
Cd,E1,E1_Min2_FieldOnly,SVR_RBF,RAW,22,-0.089502,20.49179,11.117686
Cd,E1,E1_Min2_FieldOnly,SVR_RBF,RAW,23,-0.154792,30.298641,15.085851
Cd,E1,E1_Min2_FieldOnly,SVR_RBF,RAW,24,0.125362,5.557011,4.344715
Cd,E1,E1_Min2_FieldOnly,SVR_RBF,RAW,25,-0.282809,13.20841,10.148973
Cd,E1,E1_Min2_FieldOnly,PLS,RAW,1,-1.348082,10.374341,9.373423
Cd,E1,E1_Min2_FieldOnly,PLS,RAW,2,-0.165086,34.321003,20.23895
Cd,E1,E1_Min2_FieldOnly,PLS,RAW,3,-0.106898,9.106985,8.488553
Cd,E1,E1_Min2_FieldOnly,PLS,RAW,4,-27.741329,11.702732,10.849012
Cd,E1,E1_Min2_FieldOnly,PLS,RAW,5,-0.746822,15.402429,11.623986
Cd,E1,E1_Min2_FieldOnly,PLS,RAW,6,-0.353919,8.321576,7.705954
Cd,E1,E1_Min2_FieldOnly,PLS,RAW,7,-0.039059,19.923166,13.862129
Cd,E1,E1_Min2_FieldOnly,PLS,RAW,8,-0.296571,7.85307,6.602083
Cd,E1,E1_Min2_FieldOnly,PLS,RAW,9,-0.325718,14.365787,12.109612
Cd,E1,E1_Min2_FieldOnly,PLS,RAW,10,-0.08542,30.242057,18.37042
Cd,E1,E1_Min2_FieldOnly,PLS,RAW,11,-0.09695,19.827265,11.512005
Cd,E1,E1_Min2_FieldOnly,PLS,RAW,12,-1.600068,9.940656,9.530408
Cd,E1,E1_Min2_FieldOnly,PLS,RAW,13,-0.17256,12.468276,10.031755
Cd,E1,E1_Min2_FieldOnly,PLS,RAW,14,-0.072542,29.271185,18.146811
Cd,E1,E1_Min2_FieldOnly,PLS,RAW,15,-0.088946,11.659209,8.530095
Cd,E1,E1_Min2_FieldOnly,PLS,RAW,16,-0.836501,9.461273,8.526598
Cd,E1,E1_Min2_FieldOnly,PLS,RAW,17,-0.36813,7.706386,6.400712
Cd,E1,E1_Min2_FieldOnly,PLS,RAW,18,-0.411662,24.076397,17.531968
Cd,E1,E1_Min2_FieldOnly,PLS,RAW,19,-0.00843,28.888803,17.731663
Cd,E1,E1_Min2_FieldOnly,PLS,RAW,20,-3.961907,9.546746,8.641633
Cd,E1,E1_Min2_FieldOnly,PLS,RAW,21,-0.06369,11.78332,8.468217
Cd,E1,E1_Min2_FieldOnly,PLS,RAW,22,-0.034635,19.969141,14.273203
Cd,E1,E1_Min2_FieldOnly,PLS,RAW,23,-0.033252,28.659872,15.082657
Cd,E1,E1_Min2_FieldOnly,PLS,RAW,24,-3.619604,12.771134,12.067513
Cd,E1,E1_Min2_FieldOnly,PLS,RAW,25,-0.186771,12.704368,10.060206
Cd,E1,E1_Min2_FieldOnly,Lasso,RAW,1,-1.336599,10.348942,9.32824
Cd,E1,E1_Min2_FieldOnly,Lasso,RAW,2,-0.166926,34.348093,20.236193
Cd,E1,E1_Min2_FieldOnly,Lasso,RAW,3,-0.142198,9.251062,8.63224
Cd,E1,E1_Min2_FieldOnly,Lasso,RAW,4,-27.157495,11.583261,10.803788
Cd,E1,E1_Min2_FieldOnly,Lasso,RAW,5,-0.744619,15.392717,11.585363
Cd,E1,E1_Min2_FieldOnly,Lasso,RAW,6,-0.349421,8.307741,7.675866
Cd,E1,E1_Min2_FieldOnly,Lasso,RAW,7,-0.038115,19.914115,13.869092
Cd,E1,E1_Min2_FieldOnly,Lasso,RAW,8,-0.289959,7.833021,6.557381
Cd,E1,E1_Min2_FieldOnly,Lasso,RAW,9,-0.310849,14.284998,12.07611
Cd,E1,E1_Min2_FieldOnly,Lasso,RAW,10,-0.084727,30.232396,18.347202
Cd,E1,E1_Min2_FieldOnly,Lasso,RAW,11,-0.092773,19.789474,11.508887
Cd,E1,E1_Min2_FieldOnly,Lasso,RAW,12,-1.597601,9.935938,9.523974
Cd,E1,E1_Min2_FieldOnly,Lasso,RAW,13,-0.168588,12.447142,10.015821
Cd,E1,E1_Min2_FieldOnly,Lasso,RAW,14,-0.070677,29.245724,18.048796
Cd,E1,E1_Min2_FieldOnly,Lasso,RAW,15,-0.081269,11.618039,8.52346
Cd,E1,E1_Min2_FieldOnly,Lasso,RAW,16,-0.812835,9.400114,8.538037
Cd,E1,E1_Min2_FieldOnly,Lasso,RAW,17,-0.350183,7.655672,6.324608
Cd,E1,E1_Min2_FieldOnly,Lasso,RAW,18,-0.410723,24.068384,17.485932
Cd,E1,E1_Min2_FieldOnly,Lasso,RAW,19,-0.010825,28.923083,17.735681
Cd,E1,E1_Min2_FieldOnly,Lasso,RAW,20,-3.927401,9.513494,8.631637
Cd,E1,E1_Min2_FieldOnly,Lasso,RAW,21,-0.054966,11.7349,8.54795
Cd,E1,E1_Min2_FieldOnly,Lasso,RAW,22,-0.03244,19.947952,14.254908
Cd,E1,E1_Min2_FieldOnly,Lasso,RAW,23,-0.033658,28.665513,15.114761
Cd,E1,E1_Min2_FieldOnly,Lasso,RAW,24,-3.505547,12.612491,11.948409
Cd,E1,E1_Min2_FieldOnly,Lasso,RAW,25,-0.185341,12.696707,10.094771
Cd,E1,E1_Min2_FieldOnly,Ridge,RAW,1,-1.336518,10.348763,9.338171
Cd,E1,E1_Min2_FieldOnly,Ridge,RAW,2,-0.165415,34.325855,20.238215
Cd,E1,E1_Min2_FieldOnly,Ridge,RAW,3,-0.116539,9.146558,8.52891
Cd,E1,E1_Min2_FieldOnly,Ridge,RAW,4,-27.25451,11.603199,10.81179
Cd,E1,E1_Min2_FieldOnly,Ridge,RAW,5,-0.741208,15.377662,11.571943
Cd,E1,E1_Min2_FieldOnly,Ridge,RAW,6,-0.351617,8.314498,7.688402
Cd,E1,E1_Min2_FieldOnly,Ridge,RAW,7,-0.037443,19.907663,13.851985
Cd,E1,E1_Min2_FieldOnly,Ridge,RAW,8,-0.289402,7.831331,6.565228
Cd,E1,E1_Min2_FieldOnly,Ridge,RAW,9,-0.310472,14.282943,12.068723
Cd,E1,E1_Min2_FieldOnly,Ridge,RAW,10,-0.085387,30.241585,18.367978
Cd,E1,E1_Min2_FieldOnly,Ridge,RAW,11,-0.09307,19.792167,11.491393
Cd,E1,E1_Min2_FieldOnly,Ridge,RAW,12,-1.599743,9.940035,9.529514
Cd,E1,E1_Min2_FieldOnly,Ridge,RAW,13,-0.167055,12.438976,10.037132
Cd,E1,E1_Min2_FieldOnly,Ridge,RAW,14,-0.072451,29.269947,18.109237
Cd,E1,E1_Min2_FieldOnly,Ridge,RAW,15,-0.08316,11.628191,8.517546
Cd,E1,E1_Min2_FieldOnly,Ridge,RAW,16,-0.82069,9.420459,8.536321
Cd,E1,E1_Min2_FieldOnly,Ridge,RAW,17,-0.356487,7.673524,6.354586
Cd,E1,E1_Min2_FieldOnly,Ridge,RAW,18,-0.411091,24.071527,17.495569
Cd,E1,E1_Min2_FieldOnly,Ridge,RAW,19,-0.009008,28.897074,17.727875
Cd,E1,E1_Min2_FieldOnly,Ridge,RAW,20,-3.940386,9.526021,8.635088
Cd,E1,E1_Min2_FieldOnly,Ridge,RAW,21,-0.057373,11.748282,8.523853
Cd,E1,E1_Min2_FieldOnly,Ridge,RAW,22,-0.033079,19.95412,14.2541
Cd,E1,E1_Min2_FieldOnly,Ridge,RAW,23,-0.033386,28.66174,15.087484
Cd,E1,E1_Min2_FieldOnly,Ridge,RAW,24,-3.508431,12.616526,11.950648
Cd,E1,E1_Min2_FieldOnly,Ridge,RAW,25,-0.180696,12.671808,10.054052
Cd,E1,E1_Min2_FieldOnly,ElasticNet,RAW,1,-1.325006,10.323238,9.29742
Cd,E1,E1_Min2_FieldOnly,ElasticNet,RAW,2,-0.166463,34.341274,20.236514
Cd,E1,E1_Min2_FieldOnly,ElasticNet,RAW,3,-0.138178,9.234766,8.616637
Cd,E1,E1_Min2_FieldOnly,ElasticNet,RAW,4,-26.733039,11.495624,10.769945
Cd,E1,E1_Min2_FieldOnly,ElasticNet,RAW,5,-0.737044,15.359261,11.552149
Cd,E1,E1_Min2_FieldOnly,ElasticNet,RAW,6,-0.348744,8.305658,7.672807
Cd,E1,E1_Min2_FieldOnly,ElasticNet,RAW,7,-0.036129,19.895051,13.849262
Cd,E1,E1_Min2_FieldOnly,ElasticNet,RAW,8,-0.282707,7.810974,6.523665
Cd,E1,E1_Min2_FieldOnly,ElasticNet,RAW,9,-0.295277,14.199898,12.030073
Cd,E1,E1_Min2_FieldOnly,ElasticNet,RAW,10,-0.085042,30.236791,18.355522
Cd,E1,E1_Min2_FieldOnly,ElasticNet,RAW,11,-0.089448,19.75935,11.522382
Cd,E1,E1_Min2_FieldOnly,ElasticNet,RAW,12,-1.59864,9.937927,9.526029
Cd,E1,E1_Min2_FieldOnly,ElasticNet,RAW,13,-0.162411,12.414201,10.032846
Cd,E1,E1_Min2_FieldOnly,ElasticNet,RAW,14,-0.071503,29.257005,18.04033
Cd,E1,E1_Min2_FieldOnly,ElasticNet,RAW,15,-0.076526,11.592531,8.507317
Cd,E1,E1_Min2_FieldOnly,ElasticNet,RAW,16,-0.802785,9.374023,8.546749
Cd,E1,E1_Min2_FieldOnly,ElasticNet,RAW,17,-0.341821,7.63193,6.293143
Cd,E1,E1_Min2_FieldOnly,ElasticNet,RAW,18,-0.410394,24.065575,17.453674
Cd,E1,E1_Min2_FieldOnly,ElasticNet,RAW,19,-0.010452,28.917745,17.727556
Cd,E1,E1_Min2_FieldOnly,ElasticNet,RAW,20,-3.914476,9.501009,8.626789
Cd,E1,E1_Min2_FieldOnly,ElasticNet,RAW,21,-0.050402,11.709491,8.591067
Cd,E1,E1_Min2_FieldOnly,ElasticNet,RAW,22,-0.031245,19.936403,14.234757
Cd,E1,E1_Min2_FieldOnly,ElasticNet,RAW,23,-0.033658,28.665504,15.105724
Cd,E1,E1_Min2_FieldOnly,ElasticNet,RAW,24,-3.395338,12.45728,11.829305
Cd,E1,E1_Min2_FieldOnly,ElasticNet,RAW,25,-0.17692,12.651529,10.066201
Cd,E2,E2_Min3_Field_Plus_Depth,SVR_RBF,RAW,1,0.007857,6.743589,5.417237
Cd,E2,E2_Min3_Field_Plus_Depth,SVR_RBF,RAW,2,-0.323645,36.581947,19.149751
Cd,E2,E2_Min3_Field_Plus_Depth,SVR_RBF,RAW,3,0.101835,8.203492,6.551615
Cd,E2,E2_Min3_Field_Plus_Depth,SVR_RBF,RAW,4,-2.133238,3.863941,3.163252
Cd,E2,E2_Min3_Field_Plus_Depth,SVR_RBF,RAW,5,-1.403003,18.065172,14.224929
Cd,E2,E2_Min3_Field_Plus_Depth,SVR_RBF,RAW,6,0.000546,7.149745,5.620947
Cd,E2,E2_Min3_Field_Plus_Depth,SVR_RBF,RAW,7,-0.112963,20.619525,11.123933
Cd,E2,E2_Min3_Field_Plus_Depth,SVR_RBF,RAW,8,-0.459103,8.330754,5.930464
Cd,E2,E2_Min3_Field_Plus_Depth,SVR_RBF,RAW,9,-0.13096,13.268675,9.219101
Cd,E2,E2_Min3_Field_Plus_Depth,SVR_RBF,RAW,10,-0.223003,32.101556,15.90845
Cd,E2,E2_Min3_Field_Plus_Depth,SVR_RBF,RAW,11,-0.299163,21.5775,11.635745
Cd,E2,E2_Min3_Field_Plus_Depth,SVR_RBF,RAW,12,0.056123,5.98936,4.639915
Cd,E2,E2_Min3_Field_Plus_Depth,SVR_RBF,RAW,13,-0.121879,12.195845,7.253578
Cd,E2,E2_Min3_Field_Plus_Depth,SVR_RBF,RAW,14,-0.194746,30.893771,16.030809
Cd,E2,E2_Min3_Field_Plus_Depth,SVR_RBF,RAW,15,-0.3404,12.935497,9.00098
Cd,E2,E2_Min3_Field_Plus_Depth,SVR_RBF,RAW,16,0.12382,6.535078,4.247824
Cd,E2,E2_Min3_Field_Plus_Depth,SVR_RBF,RAW,17,-0.571063,8.258171,6.974361
Cd,E2,E2_Min3_Field_Plus_Depth,SVR_RBF,RAW,18,-0.681466,26.276655,18.272511
Cd,E2,E2_Min3_Field_Plus_Depth,SVR_RBF,RAW,19,-0.125145,30.514823,15.158939
Cd,E2,E2_Min3_Field_Plus_Depth,SVR_RBF,RAW,20,-0.037534,4.365483,3.34498
Cd,E2,E2_Min3_Field_Plus_Depth,SVR_RBF,RAW,21,-0.529603,14.130241,9.620901
Cd,E2,E2_Min3_Field_Plus_Depth,SVR_RBF,RAW,22,-0.167,21.208077,11.396845
Cd,E2,E2_Min3_Field_Plus_Depth,SVR_RBF,RAW,23,-0.192109,30.784288,14.687839
Cd,E2,E2_Min3_Field_Plus_Depth,SVR_RBF,RAW,24,0.171843,5.407337,3.710676
Cd,E2,E2_Min3_Field_Plus_Depth,SVR_RBF,RAW,25,-0.26285,13.105252,9.769723
Cd,E2,E2_Min3_Field_Plus_Depth,PLS,RAW,1,-7.269764,19.469303,15.540558
Cd,E2,E2_Min3_Field_Plus_Depth,PLS,RAW,2,-0.244809,35.475813,20.961832
Cd,E2,E2_Min3_Field_Plus_Depth,PLS,RAW,3,-0.15465,9.301348,8.650934
Cd,E2,E2_Min3_Field_Plus_Depth,PLS,RAW,4,-23.301438,10.76093,10.464763
Cd,E2,E2_Min3_Field_Plus_Depth,PLS,RAW,5,-0.868526,15.929955,11.64556
Cd,E2,E2_Min3_Field_Plus_Depth,PLS,RAW,6,-4.265803,16.411247,12.26564
Cd,E2,E2_Min3_Field_Plus_Depth,PLS,RAW,7,0.003071,19.515076,13.471583
Cd,E2,E2_Min3_Field_Plus_Depth,PLS,RAW,8,-0.076374,7.15522,6.332102
Cd,E2,E2_Min3_Field_Plus_Depth,PLS,RAW,9,-0.4158,14.845843,11.935088
Cd,E2,E2_Min3_Field_Plus_Depth,PLS,RAW,10,-0.085238,30.239513,18.352568
Cd,E2,E2_Min3_Field_Plus_Depth,PLS,RAW,11,-0.06766,19.560767,12.373306
Cd,E2,E2_Min3_Field_Plus_Depth,PLS,RAW,12,-1.386065,9.522781,9.165845
Cd,E2,E2_Min3_Field_Plus_Depth,PLS,RAW,13,-1.652474,18.75273,14.895698
Cd,E2,E2_Min3_Field_Plus_Depth,PLS,RAW,14,-0.083614,29.421878,17.995815
Cd,E2,E2_Min3_Field_Plus_Depth,PLS,RAW,15,-0.114768,11.796634,8.057265
Cd,E2,E2_Min3_Field_Plus_Depth,PLS,RAW,16,-1.296611,10.580294,9.181477
Cd,E2,E2_Min3_Field_Plus_Depth,PLS,RAW,17,-0.104028,6.922725,5.836748
Cd,E2,E2_Min3_Field_Plus_Depth,PLS,RAW,18,-0.412685,24.085113,17.930929
Cd,E2,E2_Min3_Field_Plus_Depth,PLS,RAW,19,-0.020046,29.0547,17.680559
Cd,E2,E2_Min3_Field_Plus_Depth,PLS,RAW,20,-8.957181,13.523817,9.315381
Cd,E2,E2_Min3_Field_Plus_Depth,PLS,RAW,21,-0.232066,12.68169,9.252678
Cd,E2,E2_Min3_Field_Plus_Depth,PLS,RAW,22,-0.004428,19.675473,13.889744
Cd,E2,E2_Min3_Field_Plus_Depth,PLS,RAW,23,-0.056487,28.980331,15.163345
Cd,E2,E2_Min3_Field_Plus_Depth,PLS,RAW,24,-9.8128,19.538722,16.357369
Cd,E2,E2_Min3_Field_Plus_Depth,PLS,RAW,25,-0.625774,14.869611,12.58315
Cd,E2,E2_Min3_Field_Plus_Depth,Lasso,RAW,1,-7.025957,19.180162,15.358613
Cd,E2,E2_Min3_Field_Plus_Depth,Lasso,RAW,2,-0.242747,35.446413,20.919243
Cd,E2,E2_Min3_Field_Plus_Depth,Lasso,RAW,3,-0.16298,9.334842,8.706883
Cd,E2,E2_Min3_Field_Plus_Depth,Lasso,RAW,4,-24.028166,10.920647,10.593044
Cd,E2,E2_Min3_Field_Plus_Depth,Lasso,RAW,5,-0.861257,15.898939,11.63107
Cd,E2,E2_Min3_Field_Plus_Depth,Lasso,RAW,6,-4.081147,16.120932,12.097083
Cd,E2,E2_Min3_Field_Plus_Depth,Lasso,RAW,7,0.00123,19.533092,13.49894
Cd,E2,E2_Min3_Field_Plus_Depth,Lasso,RAW,8,-0.092551,7.208789,6.360184
Cd,E2,E2_Min3_Field_Plus_Depth,Lasso,RAW,9,-0.397942,14.751917,11.893614
Cd,E2,E2_Min3_Field_Plus_Depth,Lasso,RAW,10,-0.084727,30.232396,18.347202
Cd,E2,E2_Min3_Field_Plus_Depth,Lasso,RAW,11,-0.069462,19.577265,12.28787
Cd,E2,E2_Min3_Field_Plus_Depth,Lasso,RAW,12,-1.394816,9.540228,9.176288
Cd,E2,E2_Min3_Field_Plus_Depth,Lasso,RAW,13,-1.573101,18.470021,14.551702
Cd,E2,E2_Min3_Field_Plus_Depth,Lasso,RAW,14,-0.079577,29.367026,17.940543
Cd,E2,E2_Min3_Field_Plus_Depth,Lasso,RAW,15,-0.108156,11.761599,8.085905
Cd,E2,E2_Min3_Field_Plus_Depth,Lasso,RAW,16,-1.265246,10.507797,9.170284
Cd,E2,E2_Min3_Field_Plus_Depth,Lasso,RAW,17,-0.093135,6.88849,5.820338
Cd,E2,E2_Min3_Field_Plus_Depth,Lasso,RAW,18,-0.413144,24.089032,17.994768
Cd,E2,E2_Min3_Field_Plus_Depth,Lasso,RAW,19,-0.020106,29.055554,17.691303
Cd,E2,E2_Min3_Field_Plus_Depth,Lasso,RAW,20,-8.643336,13.308979,9.279695
Cd,E2,E2_Min3_Field_Plus_Depth,Lasso,RAW,21,-0.220865,12.623912,9.227916
Cd,E2,E2_Min3_Field_Plus_Depth,Lasso,RAW,22,-0.004464,19.675823,13.89669
Cd,E2,E2_Min3_Field_Plus_Depth,Lasso,RAW,23,-0.05526,28.963488,15.197854
Cd,E2,E2_Min3_Field_Plus_Depth,Lasso,RAW,24,-9.465206,19.222106,16.141499
Cd,E2,E2_Min3_Field_Plus_Depth,Lasso,RAW,25,-0.615102,14.820726,12.567281
Cd,E2,E2_Min3_Field_Plus_Depth,Ridge,RAW,1,-6.875527,18.999565,15.222694
Cd,E2,E2_Min3_Field_Plus_Depth,Ridge,RAW,2,-0.242086,35.436989,20.932872
Cd,E2,E2_Min3_Field_Plus_Depth,Ridge,RAW,3,-0.149758,9.281626,8.640465
Cd,E2,E2_Min3_Field_Plus_Depth,Ridge,RAW,4,-24.146415,10.946414,10.613338
Cd,E2,E2_Min3_Field_Plus_Depth,Ridge,RAW,5,-0.856828,15.88001,11.623632
Cd,E2,E2_Min3_Field_Plus_Depth,Ridge,RAW,6,-4.026917,16.034674,12.043939
Cd,E2,E2_Min3_Field_Plus_Depth,Ridge,RAW,7,0.002118,19.524401,13.484962
Cd,E2,E2_Min3_Field_Plus_Depth,Ridge,RAW,8,-0.087281,7.19138,6.332127
Cd,E2,E2_Min3_Field_Plus_Depth,Ridge,RAW,9,-0.397228,14.748147,11.880638
Cd,E2,E2_Min3_Field_Plus_Depth,Ridge,RAW,10,-0.085764,30.246845,18.362944
Cd,E2,E2_Min3_Field_Plus_Depth,Ridge,RAW,11,-0.068481,19.568284,12.230599
Cd,E2,E2_Min3_Field_Plus_Depth,Ridge,RAW,12,-1.396329,9.543241,9.186313
Cd,E2,E2_Min3_Field_Plus_Depth,Ridge,RAW,13,-1.53233,18.323105,14.388528
Cd,E2,E2_Min3_Field_Plus_Depth,Ridge,RAW,14,-0.083439,29.4195,17.977284
Cd,E2,E2_Min3_Field_Plus_Depth,Ridge,RAW,15,-0.110861,11.775949,8.077025
Cd,E2,E2_Min3_Field_Plus_Depth,Ridge,RAW,16,-1.26634,10.510335,9.172016
Cd,E2,E2_Min3_Field_Plus_Depth,Ridge,RAW,17,-0.095706,6.896585,5.823621
Cd,E2,E2_Min3_Field_Plus_Depth,Ridge,RAW,18,-0.412667,24.084965,17.937791
Cd,E2,E2_Min3_Field_Plus_Depth,Ridge,RAW,19,-0.021659,29.077673,17.668412
Cd,E2,E2_Min3_Field_Plus_Depth,Ridge,RAW,20,-8.645922,13.310763,9.277914
Cd,E2,E2_Min3_Field_Plus_Depth,Ridge,RAW,21,-0.222376,12.631721,9.189461
Cd,E2,E2_Min3_Field_Plus_Depth,Ridge,RAW,22,-0.003606,19.667422,13.872291
Cd,E2,E2_Min3_Field_Plus_Depth,Ridge,RAW,23,-0.055794,28.970825,15.164275
Cd,E2,E2_Min3_Field_Plus_Depth,Ridge,RAW,24,-9.355472,19.121063,16.063448
Cd,E2,E2_Min3_Field_Plus_Depth,Ridge,RAW,25,-0.61823,14.835072,12.589826
Cd,E2,E2_Min3_Field_Plus_Depth,ElasticNet,RAW,1,-6.587832,18.649308,15.030934
Cd,E2,E2_Min3_Field_Plus_Depth,ElasticNet,RAW,2,-0.238591,35.387097,20.891955
Cd,E2,E2_Min3_Field_Plus_Depth,ElasticNet,RAW,3,-0.161908,9.33054,8.710915
Cd,E2,E2_Min3_Field_Plus_Depth,ElasticNet,RAW,4,-23.889233,10.890294,10.584923
Cd,E2,E2_Min3_Field_Plus_Depth,ElasticNet,RAW,5,-0.847341,15.839392,11.602409
Cd,E2,E2_Min3_Field_Plus_Depth,ElasticNet,RAW,6,-3.794685,15.659911,11.762991
Cd,E2,E2_Min3_Field_Plus_Depth,ElasticNet,RAW,7,0.000958,19.535748,13.501991
Cd,E2,E2_Min3_Field_Plus_Depth,ElasticNet,RAW,8,-0.090167,7.200917,6.336466
Cd,E2,E2_Min3_Field_Plus_Depth,ElasticNet,RAW,9,-0.377118,14.641634,11.845953
Cd,E2,E2_Min3_Field_Plus_Depth,ElasticNet,RAW,10,-0.085042,30.236791,18.355522
Cd,E2,E2_Min3_Field_Plus_Depth,ElasticNet,RAW,11,-0.069368,19.576405,12.286857
Cd,E2,E2_Min3_Field_Plus_Depth,ElasticNet,RAW,12,-1.405272,9.561032,9.199614
Cd,E2,E2_Min3_Field_Plus_Depth,ElasticNet,RAW,13,-1.418645,17.907088,13.921553
Cd,E2,E2_Min3_Field_Plus_Depth,ElasticNet,RAW,14,-0.08178,29.396972,17.919048
Cd,E2,E2_Min3_Field_Plus_Depth,ElasticNet,RAW,15,-0.102769,11.732977,8.105048
Cd,E2,E2_Min3_Field_Plus_Depth,ElasticNet,RAW,16,-1.237248,10.44266,9.166439
Cd,E2,E2_Min3_Field_Plus_Depth,ElasticNet,RAW,17,-0.093358,6.889191,5.818052
Cd,E2,E2_Min3_Field_Plus_Depth,ElasticNet,RAW,18,-0.412581,24.084226,17.951442
Cd,E2,E2_Min3_Field_Plus_Depth,ElasticNet,RAW,19,-0.021178,29.070816,17.677594
Cd,E2,E2_Min3_Field_Plus_Depth,ElasticNet,RAW,20,-8.210004,13.006517,9.243707
Cd,E2,E2_Min3_Field_Plus_Depth,ElasticNet,RAW,21,-0.213891,12.587804,9.231683
Cd,E2,E2_Min3_Field_Plus_Depth,ElasticNet,RAW,22,-0.003387,19.665276,13.874074
Cd,E2,E2_Min3_Field_Plus_Depth,ElasticNet,RAW,23,-0.054886,28.958363,15.182174
Cd,E2,E2_Min3_Field_Plus_Depth,ElasticNet,RAW,24,-8.870087,18.667561,15.667683
Cd,E2,E2_Min3_Field_Plus_Depth,ElasticNet,RAW,25,-0.579558,14.656735,12.424156
Cd,E3,E3_Min4_Field_Depth_LogSalinity,SVR_RBF,RAW,1,-0.043094,6.914575,5.545287
Cd,E3,E3_Min4_Field_Depth_LogSalinity,SVR_RBF,RAW,2,-0.312887,36.432976,19.146906
Cd,E3,E3_Min4_Field_Depth_LogSalinity,SVR_RBF,RAW,3,0.081126,8.29753,6.651182
Cd,E3,E3_Min4_Field_Depth_LogSalinity,SVR_RBF,RAW,4,-2.493091,4.079799,3.404366
Cd,E3,E3_Min4_Field_Depth_LogSalinity,SVR_RBF,RAW,5,-1.428454,18.160589,14.292161
Cd,E3,E3_Min4_Field_Depth_LogSalinity,SVR_RBF,RAW,6,-0.056737,7.351785,5.738366
Cd,E3,E3_Min4_Field_Depth_LogSalinity,SVR_RBF,RAW,7,-0.120301,20.687382,11.186951
Cd,E3,E3_Min4_Field_Depth_LogSalinity,SVR_RBF,RAW,8,-0.480423,8.391397,6.043762
Cd,E3,E3_Min4_Field_Depth_LogSalinity,SVR_RBF,RAW,9,-0.160229,13.43927,9.341008
Cd,E3,E3_Min4_Field_Depth_LogSalinity,SVR_RBF,RAW,10,-0.209162,31.919392,15.925208
Cd,E3,E3_Min4_Field_Depth_LogSalinity,SVR_RBF,RAW,11,-0.30947,21.662925,11.770664
Cd,E3,E3_Min4_Field_Depth_LogSalinity,SVR_RBF,RAW,12,0.067465,5.953265,4.599885
Cd,E3,E3_Min4_Field_Depth_LogSalinity,SVR_RBF,RAW,13,-0.108301,12.121817,7.295205
Cd,E3,E3_Min4_Field_Depth_LogSalinity,SVR_RBF,RAW,14,-0.194902,30.895783,15.995746
Cd,E3,E3_Min4_Field_Depth_LogSalinity,SVR_RBF,RAW,15,-0.376264,13.10741,9.160259
Cd,E3,E3_Min4_Field_Depth_LogSalinity,SVR_RBF,RAW,16,0.0998,6.624049,4.317567
Cd,E3,E3_Min4_Field_Depth_LogSalinity,SVR_RBF,RAW,17,-0.619159,8.383625,7.033511
Cd,E3,E3_Min4_Field_Depth_LogSalinity,SVR_RBF,RAW,18,-0.701398,26.43194,18.357171
Cd,E3,E3_Min4_Field_Depth_LogSalinity,SVR_RBF,RAW,19,-0.119144,30.433334,15.168454
Cd,E3,E3_Min4_Field_Depth_LogSalinity,SVR_RBF,RAW,20,-0.033828,4.357678,3.388953
Cd,E3,E3_Min4_Field_Depth_LogSalinity,SVR_RBF,RAW,21,-0.577683,14.3506,9.800963
Cd,E3,E3_Min4_Field_Depth_LogSalinity,SVR_RBF,RAW,22,-0.15151,21.066857,11.439464
Cd,E3,E3_Min4_Field_Depth_LogSalinity,SVR_RBF,RAW,23,-0.188608,30.739054,14.732608
Cd,E3,E3_Min4_Field_Depth_LogSalinity,SVR_RBF,RAW,24,0.126238,5.554227,3.967452
Cd,E3,E3_Min4_Field_Depth_LogSalinity,SVR_RBF,RAW,25,-0.250799,13.042573,9.73432
Cd,E3,E3_Min4_Field_Depth_LogSalinity,PLS,RAW,1,-7.298154,19.502694,15.497373
Cd,E3,E3_Min4_Field_Depth_LogSalinity,PLS,RAW,2,-0.232934,35.306186,20.907352
Cd,E3,E3_Min4_Field_Depth_LogSalinity,PLS,RAW,3,-0.145619,9.264904,8.522037
Cd,E3,E3_Min4_Field_Depth_LogSalinity,PLS,RAW,4,-23.442563,10.792131,10.427081
Cd,E3,E3_Min4_Field_Depth_LogSalinity,PLS,RAW,5,-0.925634,16.171555,11.84188
Cd,E3,E3_Min4_Field_Depth_LogSalinity,PLS,RAW,6,-4.445022,16.688184,12.52426
Cd,E3,E3_Min4_Field_Depth_LogSalinity,PLS,RAW,7,0.011386,19.433521,13.202917
Cd,E3,E3_Min4_Field_Depth_LogSalinity,PLS,RAW,8,-0.106028,7.253112,6.331877
Cd,E3,E3_Min4_Field_Depth_LogSalinity,PLS,RAW,9,-0.553118,15.549132,12.483402
Cd,E3,E3_Min4_Field_Depth_LogSalinity,PLS,RAW,10,-0.090935,30.318779,18.483987
Cd,E3,E3_Min4_Field_Depth_LogSalinity,PLS,RAW,11,-0.077002,19.646153,12.116127
Cd,E3,E3_Min4_Field_Depth_LogSalinity,PLS,RAW,12,-1.41433,9.579019,9.213281
Cd,E3,E3_Min4_Field_Depth_LogSalinity,PLS,RAW,13,-1.676816,18.838581,14.945352
Cd,E3,E3_Min4_Field_Depth_LogSalinity,PLS,RAW,14,-0.094105,29.563969,18.036801
Cd,E3,E3_Min4_Field_Depth_LogSalinity,PLS,RAW,15,-0.164171,12.0552,8.087389
Cd,E3,E3_Min4_Field_Depth_LogSalinity,PLS,RAW,16,-1.374605,10.75845,9.268012
Cd,E3,E3_Min4_Field_Depth_LogSalinity,PLS,RAW,17,-0.199021,7.214405,5.895502
Cd,E3,E3_Min4_Field_Depth_LogSalinity,PLS,RAW,18,-0.423807,24.179741,17.664502
Cd,E3,E3_Min4_Field_Depth_LogSalinity,PLS,RAW,19,-0.024303,29.115263,17.69964
Cd,E3,E3_Min4_Field_Depth_LogSalinity,PLS,RAW,20,-9.273491,13.736943,9.247257
Cd,E3,E3_Min4_Field_Depth_LogSalinity,PLS,RAW,21,-0.327178,13.162085,9.071851
Cd,E3,E3_Min4_Field_Depth_LogSalinity,PLS,RAW,22,-0.015925,19.787757,14.044007
Cd,E3,E3_Min4_Field_Depth_LogSalinity,PLS,RAW,23,-0.09297,29.47646,15.456317
Cd,E3,E3_Min4_Field_Depth_LogSalinity,PLS,RAW,24,-9.60265,19.34792,16.116255
Cd,E3,E3_Min4_Field_Depth_LogSalinity,PLS,RAW,25,-0.575651,14.638597,12.343219
Cd,E3,E3_Min4_Field_Depth_LogSalinity,Lasso,RAW,1,-6.794383,18.901433,15.0683
Cd,E3,E3_Min4_Field_Depth_LogSalinity,Lasso,RAW,2,-0.305395,36.328879,21.400073
Cd,E3,E3_Min4_Field_Depth_LogSalinity,Lasso,RAW,3,-0.461837,10.465747,9.600358
Cd,E3,E3_Min4_Field_Depth_LogSalinity,Lasso,RAW,4,-22.831946,10.656475,10.266024
Cd,E3,E3_Min4_Field_Depth_LogSalinity,Lasso,RAW,5,-1.304073,17.689398,13.493987
Cd,E3,E3_Min4_Field_Depth_LogSalinity,Lasso,RAW,6,-3.952074,15.914859,12.063632
Cd,E3,E3_Min4_Field_Depth_LogSalinity,Lasso,RAW,7,0.016289,19.385278,13.094569
Cd,E3,E3_Min4_Field_Depth_LogSalinity,Lasso,RAW,8,-0.111306,7.270398,6.306683
Cd,E3,E3_Min4_Field_Depth_LogSalinity,Lasso,RAW,9,-1.192334,18.473843,15.52793
Cd,E3,E3_Min4_Field_Depth_LogSalinity,Lasso,RAW,10,-0.101797,30.469351,18.537691
Cd,E3,E3_Min4_Field_Depth_LogSalinity,Lasso,RAW,11,-0.099862,19.853559,12.317372
Cd,E3,E3_Min4_Field_Depth_LogSalinity,Lasso,RAW,12,-1.470997,9.690782,9.130665
Cd,E3,E3_Min4_Field_Depth_LogSalinity,Lasso,RAW,13,-1.522583,18.287808,14.446082
Cd,E3,E3_Min4_Field_Depth_LogSalinity,Lasso,RAW,14,-0.104797,29.708072,18.122
Cd,E3,E3_Min4_Field_Depth_LogSalinity,Lasso,RAW,15,-0.37076,13.081174,8.59067
Cd,E3,E3_Min4_Field_Depth_LogSalinity,Lasso,RAW,16,-1.806007,11.69495,9.826587
Cd,E3,E3_Min4_Field_Depth_LogSalinity,Lasso,RAW,17,-0.290289,7.483945,5.758246
Cd,E3,E3_Min4_Field_Depth_LogSalinity,Lasso,RAW,18,-0.594286,25.586402,18.440422
Cd,E3,E3_Min4_Field_Depth_LogSalinity,Lasso,RAW,19,-0.050852,29.490171,17.734439
Cd,E3,E3_Min4_Field_Depth_LogSalinity,Lasso,RAW,20,-8.55424,13.247354,9.125714
Cd,E3,E3_Min4_Field_Depth_LogSalinity,Lasso,RAW,21,-0.839029,15.493677,10.1985
Cd,E3,E3_Min4_Field_Depth_LogSalinity,Lasso,RAW,22,-0.022259,19.849351,14.261648
Cd,E3,E3_Min4_Field_Depth_LogSalinity,Lasso,RAW,23,-0.162691,30.402084,16.834006
Cd,E3,E3_Min4_Field_Depth_LogSalinity,Lasso,RAW,24,-9.11908,18.901558,15.793765
Cd,E3,E3_Min4_Field_Depth_LogSalinity,Lasso,RAW,25,-0.746585,15.412191,13.081809
Cd,E3,E3_Min4_Field_Depth_LogSalinity,Ridge,RAW,1,-6.568402,18.625415,14.891813
Cd,E3,E3_Min4_Field_Depth_LogSalinity,Ridge,RAW,2,-0.28655,36.065694,21.276823
Cd,E3,E3_Min4_Field_Depth_LogSalinity,Ridge,RAW,3,-0.341932,10.027347,9.237994
Cd,E3,E3_Min4_Field_Depth_LogSalinity,Ridge,RAW,4,-22.404974,10.560584,10.160581
Cd,E3,E3_Min4_Field_Depth_LogSalinity,Ridge,RAW,5,-1.134228,17.024931,12.779685
Cd,E3,E3_Min4_Field_Depth_LogSalinity,Ridge,RAW,6,-3.856858,15.761116,11.951179
Cd,E3,E3_Min4_Field_Depth_LogSalinity,Ridge,RAW,7,0.015148,19.396517,13.125746
Cd,E3,E3_Min4_Field_Depth_LogSalinity,Ridge,RAW,8,-0.105881,7.252632,6.305275
Cd,E3,E3_Min4_Field_Depth_LogSalinity,Ridge,RAW,9,-0.850552,16.972841,14.113812
Cd,E3,E3_Min4_Field_Depth_LogSalinity,Ridge,RAW,10,-0.112972,30.623471,18.477263
Cd,E3,E3_Min4_Field_Depth_LogSalinity,Ridge,RAW,11,-0.093257,19.793864,12.249944
Cd,E3,E3_Min4_Field_Depth_LogSalinity,Ridge,RAW,12,-1.455525,9.660394,9.13304
Cd,E3,E3_Min4_Field_Depth_LogSalinity,Ridge,RAW,13,-1.455857,18.044318,14.206556
Cd,E3,E3_Min4_Field_Depth_LogSalinity,Ridge,RAW,14,-0.118668,29.893988,18.111365
Cd,E3,E3_Min4_Field_Depth_LogSalinity,Ridge,RAW,15,-0.276946,12.625608,8.422851
Cd,E3,E3_Min4_Field_Depth_LogSalinity,Ridge,RAW,16,-1.596846,11.250637,9.633594
Cd,E3,E3_Min4_Field_Depth_LogSalinity,Ridge,RAW,17,-0.244698,7.350536,5.664884
Cd,E3,E3_Min4_Field_Depth_LogSalinity,Ridge,RAW,18,-0.51685,24.957286,17.746391
Cd,E3,E3_Min4_Field_Depth_LogSalinity,Ridge,RAW,19,-0.056533,29.569782,17.733332
Cd,E3,E3_Min4_Field_Depth_LogSalinity,Ridge,RAW,20,-8.328172,13.08969,9.063913
Cd,E3,E3_Min4_Field_Depth_LogSalinity,Ridge,RAW,21,-0.612317,14.507261,9.549295
Cd,E3,E3_Min4_Field_Depth_LogSalinity,Ridge,RAW,22,-0.017869,19.806683,14.188222
Cd,E3,E3_Min4_Field_Depth_LogSalinity,Ridge,RAW,23,-0.133688,30.020504,16.389481
Cd,E3,E3_Min4_Field_Depth_LogSalinity,Ridge,RAW,24,-8.981231,18.772371,15.684972
Cd,E3,E3_Min4_Field_Depth_LogSalinity,Ridge,RAW,25,-0.679638,15.113929,12.813462
Cd,E3,E3_Min4_Field_Depth_LogSalinity,ElasticNet,RAW,1,-6.401194,18.41852,14.788109
Cd,E3,E3_Min4_Field_Depth_LogSalinity,ElasticNet,RAW,2,-0.261753,35.716441,21.074032
Cd,E3,E3_Min4_Field_Depth_LogSalinity,ElasticNet,RAW,3,-0.274202,9.771022,9.025769
Cd,E3,E3_Min4_Field_Depth_LogSalinity,ElasticNet,RAW,4,-22.738219,10.6355,10.269235
Cd,E3,E3_Min4_Field_Depth_LogSalinity,ElasticNet,RAW,5,-1.032934,16.616002,12.350443
Cd,E3,E3_Min4_Field_Depth_LogSalinity,ElasticNet,RAW,6,-3.729043,15.552346,11.777998
Cd,E3,E3_Min4_Field_Depth_LogSalinity,ElasticNet,RAW,7,0.012101,19.426492,13.186028
Cd,E3,E3_Min4_Field_Depth_LogSalinity,ElasticNet,RAW,8,-0.099786,7.232618,6.271151
Cd,E3,E3_Min4_Field_Depth_LogSalinity,ElasticNet,RAW,9,-0.70323,16.283228,13.46608
Cd,E3,E3_Min4_Field_Depth_LogSalinity,ElasticNet,RAW,10,-0.102152,30.474256,18.517
Cd,E3,E3_Min4_Field_Depth_LogSalinity,ElasticNet,RAW,11,-0.090375,19.767753,12.196055
Cd,E3,E3_Min4_Field_Depth_LogSalinity,ElasticNet,RAW,12,-1.457986,9.665235,9.214189
Cd,E3,E3_Min4_Field_Depth_LogSalinity,ElasticNet,RAW,13,-1.378047,17.756162,13.835679
Cd,E3,E3_Min4_Field_Depth_LogSalinity,ElasticNet,RAW,14,-0.102622,29.678814,18.069596
Cd,E3,E3_Min4_Field_Depth_LogSalinity,ElasticNet,RAW,15,-0.218189,12.331711,8.332761
Cd,E3,E3_Min4_Field_Depth_LogSalinity,ElasticNet,RAW,16,-1.446608,10.920342,9.503512
Cd,E3,E3_Min4_Field_Depth_LogSalinity,ElasticNet,RAW,17,-0.205454,7.233731,5.700933
Cd,E3,E3_Min4_Field_Depth_LogSalinity,ElasticNet,RAW,18,-0.480178,24.653753,17.511608
Cd,E3,E3_Min4_Field_Depth_LogSalinity,ElasticNet,RAW,19,-0.040822,29.349103,17.720476
Cd,E3,E3_Min4_Field_Depth_LogSalinity,ElasticNet,RAW,20,-8.120395,12.943088,9.102145
Cd,E3,E3_Min4_Field_Depth_LogSalinity,ElasticNet,RAW,21,-0.493799,13.963885,9.37475
Cd,E3,E3_Min4_Field_Depth_LogSalinity,ElasticNet,RAW,22,-0.015761,19.786158,14.093281
Cd,E3,E3_Min4_Field_Depth_LogSalinity,ElasticNet,RAW,23,-0.104307,29.628938,15.988023
Cd,E3,E3_Min4_Field_Depth_LogSalinity,ElasticNet,RAW,24,-8.565985,18.377733,15.34998
Cd,E3,E3_Min4_Field_Depth_LogSalinity,ElasticNet,RAW,25,-0.60926,14.793897,12.521192
Cd,E4,E4_Min5_Field_Depth_Interactions,SVR_RBF,RAW,1,0.056692,6.575527,5.237891
Cd,E4,E4_Min5_Field_Depth_Interactions,SVR_RBF,RAW,2,-0.321842,36.557023,19.354383
Cd,E4,E4_Min5_Field_Depth_Interactions,SVR_RBF,RAW,3,0.073975,8.329752,6.666009
Cd,E4,E4_Min5_Field_Depth_Interactions,SVR_RBF,RAW,4,-2.193676,3.90103,3.089678
Cd,E4,E4_Min5_Field_Depth_Interactions,SVR_RBF,RAW,5,-1.441897,18.210781,14.344047
Cd,E4,E4_Min5_Field_Depth_Interactions,SVR_RBF,RAW,6,-0.01019,7.188047,5.577623
Cd,E4,E4_Min5_Field_Depth_Interactions,SVR_RBF,RAW,7,-0.137674,20.847174,11.135055
Cd,E4,E4_Min5_Field_Depth_Interactions,SVR_RBF,RAW,8,-0.449774,8.304079,5.908393
Cd,E4,E4_Min5_Field_Depth_Interactions,SVR_RBF,RAW,9,-0.135457,13.295028,9.226837
Cd,E4,E4_Min5_Field_Depth_Interactions,SVR_RBF,RAW,10,-0.231307,32.210352,16.01108
Cd,E4,E4_Min5_Field_Depth_Interactions,SVR_RBF,RAW,11,-0.307073,21.643093,11.578238
Cd,E4,E4_Min5_Field_Depth_Interactions,SVR_RBF,RAW,12,0.056768,5.987313,4.639156
Cd,E4,E4_Min5_Field_Depth_Interactions,SVR_RBF,RAW,13,-0.119689,12.183939,7.423856
Cd,E4,E4_Min5_Field_Depth_Interactions,SVR_RBF,RAW,14,-0.202998,31.000278,15.902175
Cd,E4,E4_Min5_Field_Depth_Interactions,SVR_RBF,RAW,15,-0.341325,12.939962,9.040645
Cd,E4,E4_Min5_Field_Depth_Interactions,SVR_RBF,RAW,16,0.117693,6.557887,4.309911
Cd,E4,E4_Min5_Field_Depth_Interactions,SVR_RBF,RAW,17,-0.583277,8.29021,7.057968
Cd,E4,E4_Min5_Field_Depth_Interactions,SVR_RBF,RAW,18,-0.697745,26.403548,18.350331
Cd,E4,E4_Min5_Field_Depth_Interactions,SVR_RBF,RAW,19,-0.131243,30.597397,15.208734
Cd,E4,E4_Min5_Field_Depth_Interactions,SVR_RBF,RAW,20,-0.124866,4.545499,3.588764
Cd,E4,E4_Min5_Field_Depth_Interactions,SVR_RBF,RAW,21,-0.541982,14.187301,9.620921
Cd,E4,E4_Min5_Field_Depth_Interactions,SVR_RBF,RAW,22,-0.184963,21.370671,11.626632
Cd,E4,E4_Min5_Field_Depth_Interactions,SVR_RBF,RAW,23,-0.187775,30.728282,14.544892
Cd,E4,E4_Min5_Field_Depth_Interactions,SVR_RBF,RAW,24,0.11877,5.577913,3.907758
Cd,E4,E4_Min5_Field_Depth_Interactions,SVR_RBF,RAW,25,-0.257153,13.07566,9.59568
Cd,E4,E4_Min5_Field_Depth_Interactions,PLS,RAW,1,-8.034926,20.350082,16.057265
Cd,E4,E4_Min5_Field_Depth_Interactions,PLS,RAW,2,-0.260224,35.694793,21.022966
Cd,E4,E4_Min5_Field_Depth_Interactions,PLS,RAW,3,-0.205888,9.505485,8.882735
Cd,E4,E4_Min5_Field_Depth_Interactions,PLS,RAW,4,-21.615551,10.380958,10.062576
Cd,E4,E4_Min5_Field_Depth_Interactions,PLS,RAW,5,-0.904134,16.081025,11.708217
Cd,E4,E4_Min5_Field_Depth_Interactions,PLS,RAW,6,-5.355144,18.029013,12.920819
Cd,E4,E4_Min5_Field_Depth_Interactions,PLS,RAW,7,0.015508,19.392966,13.23283
Cd,E4,E4_Min5_Field_Depth_Interactions,PLS,RAW,8,-0.10538,7.250987,6.509746
Cd,E4,E4_Min5_Field_Depth_Interactions,PLS,RAW,9,-0.391461,14.717684,11.983772
Cd,E4,E4_Min5_Field_Depth_Interactions,PLS,RAW,10,-0.082204,30.197218,18.35645
Cd,E4,E4_Min5_Field_Depth_Interactions,PLS,RAW,11,-0.052586,19.422191,12.403781
Cd,E4,E4_Min5_Field_Depth_Interactions,PLS,RAW,12,-1.330549,9.411348,8.989716
Cd,E4,E4_Min5_Field_Depth_Interactions,PLS,RAW,13,-2.219533,20.660239,16.016359
Cd,E4,E4_Min5_Field_Depth_Interactions,PLS,RAW,14,-0.083138,29.415419,18.101915
Cd,E4,E4_Min5_Field_Depth_Interactions,PLS,RAW,15,-0.096656,11.70041,8.134272
Cd,E4,E4_Min5_Field_Depth_Interactions,PLS,RAW,16,-1.331882,10.66123,9.122932
Cd,E4,E4_Min5_Field_Depth_Interactions,PLS,RAW,17,-0.0762,6.834921,5.798117
Cd,E4,E4_Min5_Field_Depth_Interactions,PLS,RAW,18,-0.416432,24.11704,18.275501
Cd,E4,E4_Min5_Field_Depth_Interactions,PLS,RAW,19,-0.02095,29.067575,17.672063
Cd,E4,E4_Min5_Field_Depth_Interactions,PLS,RAW,20,-12.805932,15.924432,10.280834
Cd,E4,E4_Min5_Field_Depth_Interactions,PLS,RAW,21,-0.208072,12.557598,9.418742
Cd,E4,E4_Min5_Field_Depth_Interactions,PLS,RAW,22,0.002189,19.610558,13.917223
Cd,E4,E4_Min5_Field_Depth_Interactions,PLS,RAW,23,-0.056091,28.9749,15.125354
Cd,E4,E4_Min5_Field_Depth_Interactions,PLS,RAW,24,-14.535333,23.420025,18.440724
Cd,E4,E4_Min5_Field_Depth_Interactions,PLS,RAW,25,-0.707144,15.237181,12.972421
Cd,E4,E4_Min5_Field_Depth_Interactions,Lasso,RAW,1,-10.757177,23.214289,17.089482
Cd,E4,E4_Min5_Field_Depth_Interactions,Lasso,RAW,2,-0.279084,35.960894,21.069023
Cd,E4,E4_Min5_Field_Depth_Interactions,Lasso,RAW,3,-0.427723,10.342911,8.893807
Cd,E4,E4_Min5_Field_Depth_Interactions,Lasso,RAW,4,-26.476809,11.442396,11.278796
Cd,E4,E4_Min5_Field_Depth_Interactions,Lasso,RAW,5,-1.008052,16.514005,12.082078
Cd,E4,E4_Min5_Field_Depth_Interactions,Lasso,RAW,6,-8.122708,21.600865,13.945528
Cd,E4,E4_Min5_Field_Depth_Interactions,Lasso,RAW,7,0.002418,19.521472,13.67347
Cd,E4,E4_Min5_Field_Depth_Interactions,Lasso,RAW,8,-0.165784,7.446471,6.332079
Cd,E4,E4_Min5_Field_Depth_Interactions,Lasso,RAW,9,-0.616653,15.863984,12.33266
Cd,E4,E4_Min5_Field_Depth_Interactions,Lasso,RAW,10,-0.084258,30.225862,18.349494
Cd,E4,E4_Min5_Field_Depth_Interactions,Lasso,RAW,11,-0.097505,19.832276,13.170587
Cd,E4,E4_Min5_Field_Depth_Interactions,Lasso,RAW,12,-1.511031,9.768969,9.331053
Cd,E4,E4_Min5_Field_Depth_Interactions,Lasso,RAW,13,-6.048893,30.570279,20.762748
Cd,E4,E4_Min5_Field_Depth_Interactions,Lasso,RAW,14,-0.081133,29.388182,18.079008
Cd,E4,E4_Min5_Field_Depth_Interactions,Lasso,RAW,15,-0.176563,12.119187,7.936007
Cd,E4,E4_Min5_Field_Depth_Interactions,Lasso,RAW,16,-2.541265,13.138121,10.95237
Cd,E4,E4_Min5_Field_Depth_Interactions,Lasso,RAW,17,-0.084838,6.862296,5.771913
Cd,E4,E4_Min5_Field_Depth_Interactions,Lasso,RAW,18,-0.454692,24.440587,19.072346
Cd,E4,E4_Min5_Field_Depth_Interactions,Lasso,RAW,19,-0.023503,29.103903,17.661267
Cd,E4,E4_Min5_Field_Depth_Interactions,Lasso,RAW,20,-28.58122,23.309831,14.162979
Cd,E4,E4_Min5_Field_Depth_Interactions,Lasso,RAW,21,-0.727681,15.017304,10.697301
Cd,E4,E4_Min5_Field_Depth_Interactions,Lasso,RAW,22,-0.000191,19.63393,13.876548
Cd,E4,E4_Min5_Field_Depth_Interactions,Lasso,RAW,23,-0.056049,28.974315,15.199454
Cd,E4,E4_Min5_Field_Depth_Interactions,Lasso,RAW,24,-25.966125,30.855767,21.552663
Cd,E4,E4_Min5_Field_Depth_Interactions,Lasso,RAW,25,-0.79358,15.618162,13.224809
Cd,E4,E4_Min5_Field_Depth_Interactions,Ridge,RAW,1,-9.831669,22.281865,16.689146
Cd,E4,E4_Min5_Field_Depth_Interactions,Ridge,RAW,2,-0.280342,35.978571,21.075302
Cd,E4,E4_Min5_Field_Depth_Interactions,Ridge,RAW,3,-0.362621,10.10435,8.805105
Cd,E4,E4_Min5_Field_Depth_Interactions,Ridge,RAW,4,-26.177651,11.379935,11.214118
Cd,E4,E4_Min5_Field_Depth_Interactions,Ridge,RAW,5,-0.987927,16.431046,12.025962
Cd,E4,E4_Min5_Field_Depth_Interactions,Ridge,RAW,6,-7.365726,20.685264,13.602565
Cd,E4,E4_Min5_Field_Depth_Interactions,Ridge,RAW,7,0.003774,19.508201,13.721396
Cd,E4,E4_Min5_Field_Depth_Interactions,Ridge,RAW,8,-0.168294,7.454482,6.322441
Cd,E4,E4_Min5_Field_Depth_Interactions,Ridge,RAW,9,-0.556077,15.563937,12.146023
Cd,E4,E4_Min5_Field_Depth_Interactions,Ridge,RAW,10,-0.102407,30.477781,18.085524
Cd,E4,E4_Min5_Field_Depth_Interactions,Ridge,RAW,11,-0.092282,19.78503,13.093319
Cd,E4,E4_Min5_Field_Depth_Interactions,Ridge,RAW,12,-1.50901,9.765037,9.328659
Cd,E4,E4_Min5_Field_Depth_Interactions,Ridge,RAW,13,-4.251191,26.385652,18.564187
Cd,E4,E4_Min5_Field_Depth_Interactions,Ridge,RAW,14,-0.077042,29.332523,18.251038
Cd,E4,E4_Min5_Field_Depth_Interactions,Ridge,RAW,15,-0.170513,12.087991,7.949382
Cd,E4,E4_Min5_Field_Depth_Interactions,Ridge,RAW,16,-2.184848,12.459435,10.492236
Cd,E4,E4_Min5_Field_Depth_Interactions,Ridge,RAW,17,-0.087773,6.871573,5.763534
Cd,E4,E4_Min5_Field_Depth_Interactions,Ridge,RAW,18,-0.447749,24.382189,18.939352
Cd,E4,E4_Min5_Field_Depth_Interactions,Ridge,RAW,19,-0.030659,29.205468,17.604315
Cd,E4,E4_Min5_Field_Depth_Interactions,Ridge,RAW,20,-22.461946,20.759319,12.873919
Cd,E4,E4_Min5_Field_Depth_Interactions,Ridge,RAW,21,-0.573383,14.331028,10.202898
Cd,E4,E4_Min5_Field_Depth_Interactions,Ridge,RAW,22,0.00269,19.605633,13.846898
Cd,E4,E4_Min5_Field_Depth_Interactions,Ridge,RAW,23,-0.064253,29.086647,15.089508
Cd,E4,E4_Min5_Field_Depth_Interactions,Ridge,RAW,24,-21.672288,28.292723,20.324913
Cd,E4,E4_Min5_Field_Depth_Interactions,Ridge,RAW,25,-0.757605,15.460736,13.098137
Cd,E4,E4_Min5_Field_Depth_Interactions,ElasticNet,RAW,1,-8.728527,21.116766,16.130107
Cd,E4,E4_Min5_Field_Depth_Interactions,ElasticNet,RAW,2,-0.268799,35.816031,21.011401
Cd,E4,E4_Min5_Field_Depth_Interactions,ElasticNet,RAW,3,-0.290901,9.834839,8.857305
Cd,E4,E4_Min5_Field_Depth_Interactions,ElasticNet,RAW,4,-24.950942,11.120144,10.941991
Cd,E4,E4_Min5_Field_Depth_Interactions,ElasticNet,RAW,5,-0.939746,16.230706,11.885115
Cd,E4,E4_Min5_Field_Depth_Interactions,ElasticNet,RAW,6,-6.354543,19.394881,13.139637
Cd,E4,E4_Min5_Field_Depth_Interactions,ElasticNet,RAW,7,0.00332,19.512645,13.60881
Cd,E4,E4_Min5_Field_Depth_Interactions,ElasticNet,RAW,8,-0.136172,7.351287,6.336792
Cd,E4,E4_Min5_Field_Depth_Interactions,ElasticNet,RAW,9,-0.476581,15.161164,11.874299
Cd,E4,E4_Min5_Field_Depth_Interactions,ElasticNet,RAW,10,-0.090594,30.314042,18.252606
Cd,E4,E4_Min5_Field_Depth_Interactions,ElasticNet,RAW,11,-0.081982,19.691528,12.83256
Cd,E4,E4_Min5_Field_Depth_Interactions,ElasticNet,RAW,12,-1.468047,9.684995,9.27601
Cd,E4,E4_Min5_Field_Depth_Interactions,ElasticNet,RAW,13,-3.377033,24.08956,17.262917
Cd,E4,E4_Min5_Field_Depth_Interactions,ElasticNet,RAW,14,-0.081924,29.398926,18.06253
Cd,E4,E4_Min5_Field_Depth_Interactions,ElasticNet,RAW,15,-0.137309,11.915305,8.023047
Cd,E4,E4_Min5_Field_Depth_Interactions,ElasticNet,RAW,16,-1.858502,11.803838,10.098058
Cd,E4,E4_Min5_Field_Depth_Interactions,ElasticNet,RAW,17,-0.081507,6.851754,5.778097
Cd,E4,E4_Min5_Field_Depth_Interactions,ElasticNet,RAW,18,-0.434844,24.273275,18.657615
Cd,E4,E4_Min5_Field_Depth_Interactions,ElasticNet,RAW,19,-0.025174,29.127649,17.637985
Cd,E4,E4_Min5_Field_Depth_Interactions,ElasticNet,RAW,20,-18.41068,18.882151,12.01154
Cd,E4,E4_Min5_Field_Depth_Interactions,ElasticNet,RAW,21,-0.445904,13.7382,9.941404
Cd,E4,E4_Min5_Field_Depth_Interactions,ElasticNet,RAW,22,0.000431,19.627826,13.857488
Cd,E4,E4_Min5_Field_Depth_Interactions,ElasticNet,RAW,23,-0.057196,28.990049,15.166832
Cd,E4,E4_Min5_Field_Depth_Interactions,ElasticNet,RAW,24,-18.708987,26.379054,19.442173
Cd,E4,E4_Min5_Field_Depth_Interactions,ElasticNet,RAW,25,-0.697021,15.191938,12.903895
Cd,E5,E5_Full_Parsimonious_Easy_Panel,SVR_RBF,RAW,1,0.02493,6.685312,5.330413
Cd,E5,E5_Full_Parsimonious_Easy_Panel,SVR_RBF,RAW,2,-0.322304,36.563408,19.350049
Cd,E5,E5_Full_Parsimonious_Easy_Panel,SVR_RBF,RAW,3,0.058313,8.399899,6.734124
Cd,E5,E5_Full_Parsimonious_Easy_Panel,SVR_RBF,RAW,4,-2.494184,4.080437,3.335165
Cd,E5,E5_Full_Parsimonious_Easy_Panel,SVR_RBF,RAW,5,-1.457969,18.270616,14.395492
Cd,E5,E5_Full_Parsimonious_Easy_Panel,SVR_RBF,RAW,6,-0.065061,7.380684,5.674649
Cd,E5,E5_Full_Parsimonious_Easy_Panel,SVR_RBF,RAW,7,-0.144014,20.905179,11.189397
Cd,E5,E5_Full_Parsimonious_Easy_Panel,SVR_RBF,RAW,8,-0.478494,8.385928,6.001641
Cd,E5,E5_Full_Parsimonious_Easy_Panel,SVR_RBF,RAW,9,-0.167524,13.481454,9.35607
Cd,E5,E5_Full_Parsimonious_Easy_Panel,SVR_RBF,RAW,10,-0.22281,32.099017,16.016732
Cd,E5,E5_Full_Parsimonious_Easy_Panel,SVR_RBF,RAW,11,-0.314051,21.700784,11.686456
Cd,E5,E5_Full_Parsimonious_Easy_Panel,SVR_RBF,RAW,12,0.061973,5.970769,4.619687
Cd,E5,E5_Full_Parsimonious_Easy_Panel,SVR_RBF,RAW,13,-0.119731,12.184168,7.456954
Cd,E5,E5_Full_Parsimonious_Easy_Panel,SVR_RBF,RAW,14,-0.203223,31.003177,15.887328
Cd,E5,E5_Full_Parsimonious_Easy_Panel,SVR_RBF,RAW,15,-0.354894,13.005245,9.091262
Cd,E5,E5_Full_Parsimonious_Easy_Panel,SVR_RBF,RAW,16,0.092006,6.652664,4.381444
Cd,E5,E5_Full_Parsimonious_Easy_Panel,SVR_RBF,RAW,17,-0.601205,8.337013,7.062902
Cd,E5,E5_Full_Parsimonious_Easy_Panel,SVR_RBF,RAW,18,-0.717935,26.560081,18.469384
Cd,E5,E5_Full_Parsimonious_Easy_Panel,SVR_RBF,RAW,19,-0.124973,30.512485,15.236951
Cd,E5,E5_Full_Parsimonious_Easy_Panel,SVR_RBF,RAW,20,-0.133345,4.562598,3.628992
Cd,E5,E5_Full_Parsimonious_Easy_Panel,SVR_RBF,RAW,21,-0.570956,14.319972,9.743621
Cd,E5,E5_Full_Parsimonious_Easy_Panel,SVR_RBF,RAW,22,-0.174268,21.274016,11.669939
Cd,E5,E5_Full_Parsimonious_Easy_Panel,SVR_RBF,RAW,23,-0.188163,30.733303,14.565012
Cd,E5,E5_Full_Parsimonious_Easy_Panel,SVR_RBF,RAW,24,0.096084,5.649253,4.01759
Cd,E5,E5_Full_Parsimonious_Easy_Panel,SVR_RBF,RAW,25,-0.246369,13.019457,9.540315
Cd,E5,E5_Full_Parsimonious_Easy_Panel,PLS,RAW,1,-8.196229,20.530935,16.169788
Cd,E5,E5_Full_Parsimonious_Easy_Panel,PLS,RAW,2,-0.247527,35.514517,20.857992
Cd,E5,E5_Full_Parsimonious_Easy_Panel,PLS,RAW,3,-0.209515,9.519768,8.824583
Cd,E5,E5_Full_Parsimonious_Easy_Panel,PLS,RAW,4,-21.838155,10.431922,10.105973
Cd,E5,E5_Full_Parsimonious_Easy_Panel,PLS,RAW,5,-0.945353,16.254147,11.842495
Cd,E5,E5_Full_Parsimonious_Easy_Panel,PLS,RAW,6,-5.313694,17.970122,12.945039
Cd,E5,E5_Full_Parsimonious_Easy_Panel,PLS,RAW,7,0.018775,19.360769,13.09411
Cd,E5,E5_Full_Parsimonious_Easy_Panel,PLS,RAW,8,-0.101927,7.239652,6.457052
Cd,E5,E5_Full_Parsimonious_Easy_Panel,PLS,RAW,9,-0.544089,15.503868,12.498995
Cd,E5,E5_Full_Parsimonious_Easy_Panel,PLS,RAW,10,-0.091495,30.326568,18.560089
Cd,E5,E5_Full_Parsimonious_Easy_Panel,PLS,RAW,11,-0.053931,19.43459,12.213088
Cd,E5,E5_Full_Parsimonious_Easy_Panel,PLS,RAW,12,-1.348592,9.447708,9.03257
Cd,E5,E5_Full_Parsimonious_Easy_Panel,PLS,RAW,13,-2.180284,20.533919,15.714988
Cd,E5,E5_Full_Parsimonious_Easy_Panel,PLS,RAW,14,-0.089474,29.501325,18.15658
Cd,E5,E5_Full_Parsimonious_Easy_Panel,PLS,RAW,15,-0.144003,11.95032,8.097171
Cd,E5,E5_Full_Parsimonious_Easy_Panel,PLS,RAW,16,-1.432242,10.888233,9.253406
Cd,E5,E5_Full_Parsimonious_Easy_Panel,PLS,RAW,17,-0.142567,7.042517,5.819946
Cd,E5,E5_Full_Parsimonious_Easy_Panel,PLS,RAW,18,-0.422849,24.171604,18.148355
Cd,E5,E5_Full_Parsimonious_Easy_Panel,PLS,RAW,19,-0.024291,29.115092,17.689374
Cd,E5,E5_Full_Parsimonious_Easy_Panel,PLS,RAW,20,-12.429805,15.706013,10.09774
Cd,E5,E5_Full_Parsimonious_Easy_Panel,PLS,RAW,21,-0.292893,12.990966,9.320322
Cd,E5,E5_Full_Parsimonious_Easy_Panel,PLS,RAW,22,-0.013612,19.765219,14.067957
Cd,E5,E5_Full_Parsimonious_Easy_Panel,PLS,RAW,23,-0.095335,29.508336,15.246491
Cd,E5,E5_Full_Parsimonious_Easy_Panel,PLS,RAW,24,-13.718175,22.795759,17.847797
Cd,E5,E5_Full_Parsimonious_Easy_Panel,PLS,RAW,25,-0.695298,15.184221,12.945874
Cd,E5,E5_Full_Parsimonious_Easy_Panel,Lasso,RAW,1,-10.393992,22.852926,16.834145
Cd,E5,E5_Full_Parsimonious_Easy_Panel,Lasso,RAW,2,-0.355075,37.013715,21.577554
Cd,E5,E5_Full_Parsimonious_Easy_Panel,Lasso,RAW,3,-0.706504,11.307705,9.722464
Cd,E5,E5_Full_Parsimonious_Easy_Panel,Lasso,RAW,4,-24.265675,10.972341,10.750783
Cd,E5,E5_Full_Parsimonious_Easy_Panel,Lasso,RAW,5,-1.531349,18.541333,14.053753
Cd,E5,E5_Full_Parsimonious_Easy_Panel,Lasso,RAW,6,-7.715843,21.113681,13.953021
Cd,E5,E5_Full_Parsimonious_Easy_Panel,Lasso,RAW,7,0.013015,19.417508,13.389917
Cd,E5,E5_Full_Parsimonious_Easy_Panel,Lasso,RAW,8,-0.212867,7.595353,6.334233
Cd,E5,E5_Full_Parsimonious_Easy_Panel,Lasso,RAW,9,-1.642721,20.282878,15.826133
Cd,E5,E5_Full_Parsimonious_Easy_Panel,Lasso,RAW,10,-0.116943,30.678061,18.350174
Cd,E5,E5_Full_Parsimonious_Easy_Panel,Lasso,RAW,11,-0.125025,20.079386,13.4189
Cd,E5,E5_Full_Parsimonious_Easy_Panel,Lasso,RAW,12,-1.612903,9.965162,9.3501
Cd,E5,E5_Full_Parsimonious_Easy_Panel,Lasso,RAW,13,-6.034388,30.538808,21.127661
Cd,E5,E5_Full_Parsimonious_Easy_Panel,Lasso,RAW,14,-0.10492,29.709725,18.180004
Cd,E5,E5_Full_Parsimonious_Easy_Panel,Lasso,RAW,15,-0.5864,14.072533,8.676763
Cd,E5,E5_Full_Parsimonious_Easy_Panel,Lasso,RAW,16,-3.313158,14.499456,11.86651
Cd,E5,E5_Full_Parsimonious_Easy_Panel,Lasso,RAW,17,-0.263403,7.405563,5.62502
Cd,E5,E5_Full_Parsimonious_Easy_Panel,Lasso,RAW,18,-0.578308,25.457867,18.421621
Cd,E5,E5_Full_Parsimonious_Easy_Panel,Lasso,RAW,19,-0.061236,29.635522,17.683284
Cd,E5,E5_Full_Parsimonious_Easy_Panel,Lasso,RAW,20,-27.983334,23.073063,14.001281
Cd,E5,E5_Full_Parsimonious_Easy_Panel,Lasso,RAW,21,-1.353039,17.525674,11.785904
Cd,E5,E5_Full_Parsimonious_Easy_Panel,Lasso,RAW,22,-0.017576,19.803832,14.24445
Cd,E5,E5_Full_Parsimonious_Easy_Panel,Lasso,RAW,23,-0.165309,30.436295,16.87073
Cd,E5,E5_Full_Parsimonious_Easy_Panel,Lasso,RAW,24,-25.975012,30.860851,21.554858
Cd,E5,E5_Full_Parsimonious_Easy_Panel,Lasso,RAW,25,-0.946358,16.269751,13.699021
Cd,E5,E5_Full_Parsimonious_Easy_Panel,Ridge,RAW,1,-9.302673,21.730955,16.348183
Cd,E5,E5_Full_Parsimonious_Easy_Panel,Ridge,RAW,2,-0.339587,36.801577,21.500882
Cd,E5,E5_Full_Parsimonious_Easy_Panel,Ridge,RAW,3,-0.582738,10.889935,9.47722
Cd,E5,E5_Full_Parsimonious_Easy_Panel,Ridge,RAW,4,-24.217081,10.961784,10.73265
Cd,E5,E5_Full_Parsimonious_Easy_Panel,Ridge,RAW,5,-1.356728,17.890387,13.408037
Cd,E5,E5_Full_Parsimonious_Easy_Panel,Ridge,RAW,6,-6.717907,19.868224,13.439161
Cd,E5,E5_Full_Parsimonious_Easy_Panel,Ridge,RAW,7,0.018935,19.359189,13.319168
Cd,E5,E5_Full_Parsimonious_Easy_Panel,Ridge,RAW,8,-0.199537,7.553499,6.304115
Cd,E5,E5_Full_Parsimonious_Easy_Panel,Ridge,RAW,9,-1.212966,18.56057,14.523412
Cd,E5,E5_Full_Parsimonious_Easy_Panel,Ridge,RAW,10,-0.135324,30.929454,18.161121
Cd,E5,E5_Full_Parsimonious_Easy_Panel,Ridge,RAW,11,-0.111682,19.959963,13.173427
Cd,E5,E5_Full_Parsimonious_Easy_Panel,Ridge,RAW,12,-1.579778,9.901793,9.289471
Cd,E5,E5_Full_Parsimonious_Easy_Panel,Ridge,RAW,13,-4.091574,25.981545,18.429642
Cd,E5,E5_Full_Parsimonious_Easy_Panel,Ridge,RAW,14,-0.112256,29.808187,18.287375
Cd,E5,E5_Full_Parsimonious_Easy_Panel,Ridge,RAW,15,-0.445409,13.432639,8.460021
Cd,E5,E5_Full_Parsimonious_Easy_Panel,Ridge,RAW,16,-2.768454,13.553007,11.202834
Cd,E5,E5_Full_Parsimonious_Easy_Panel,Ridge,RAW,17,-0.228858,7.303617,5.61363
Cd,E5,E5_Full_Parsimonious_Easy_Panel,Ridge,RAW,18,-0.530657,25.070619,18.501288
Cd,E5,E5_Full_Parsimonious_Easy_Panel,Ridge,RAW,19,-0.073886,29.811632,17.645505
Cd,E5,E5_Full_Parsimonious_Easy_Panel,Ridge,RAW,20,-21.345414,20.25934,12.582006
Cd,E5,E5_Full_Parsimonious_Easy_Panel,Ridge,RAW,21,-1.045073,16.338591,11.073603
Cd,E5,E5_Full_Parsimonious_Easy_Panel,Ridge,RAW,22,-0.012801,19.75731,14.177695
Cd,E5,E5_Full_Parsimonious_Easy_Panel,Ridge,RAW,23,-0.145796,30.180387,16.312937
Cd,E5,E5_Full_Parsimonious_Easy_Panel,Ridge,RAW,24,-21.495011,28.181894,20.252256
Cd,E5,E5_Full_Parsimonious_Easy_Panel,Ridge,RAW,25,-0.861024,15.909096,13.426007
Cd,E5,E5_Full_Parsimonious_Easy_Panel,ElasticNet,RAW,1,-8.491011,20.857396,15.969554
Cd,E5,E5_Full_Parsimonious_Easy_Panel,ElasticNet,RAW,2,-0.304907,36.322083,21.267771
Cd,E5,E5_Full_Parsimonious_Easy_Panel,ElasticNet,RAW,3,-0.460339,10.460383,9.266033
Cd,E5,E5_Full_Parsimonious_Easy_Panel,ElasticNet,RAW,4,-23.405222,10.783884,10.550648
Cd,E5,E5_Full_Parsimonious_Easy_Panel,ElasticNet,RAW,5,-1.213468,17.338101,12.891429
Cd,E5,E5_Full_Parsimonious_Easy_Panel,ElasticNet,RAW,6,-5.919562,18.812589,12.994624
Cd,E5,E5_Full_Parsimonious_Easy_Panel,ElasticNet,RAW,7,0.016473,19.383457,13.251475
Cd,E5,E5_Full_Parsimonious_Easy_Panel,ElasticNet,RAW,8,-0.171292,7.464042,6.268604
Cd,E5,E5_Full_Parsimonious_Easy_Panel,ElasticNet,RAW,9,-0.97068,17.515074,13.819431
Cd,E5,E5_Full_Parsimonious_Easy_Panel,ElasticNet,RAW,10,-0.115733,30.661431,18.319448
Cd,E5,E5_Full_Parsimonious_Easy_Panel,ElasticNet,RAW,11,-0.102094,19.873703,12.900285
Cd,E5,E5_Full_Parsimonious_Easy_Panel,ElasticNet,RAW,12,-1.547366,9.839395,9.32
Cd,E5,E5_Full_Parsimonious_Easy_Panel,ElasticNet,RAW,13,-3.31275,23.912008,17.195713
Cd,E5,E5_Full_Parsimonious_Easy_Panel,ElasticNet,RAW,14,-0.099976,29.643173,18.147585
Cd,E5,E5_Full_Parsimonious_Easy_Panel,ElasticNet,RAW,15,-0.332578,12.8977,8.254901
Cd,E5,E5_Full_Parsimonious_Easy_Panel,ElasticNet,RAW,16,-2.32849,12.737308,10.743027
Cd,E5,E5_Full_Parsimonious_Easy_Panel,ElasticNet,RAW,17,-0.196418,7.20657,5.659569
Cd,E5,E5_Full_Parsimonious_Easy_Panel,ElasticNet,RAW,18,-0.496919,24.792781,18.34103
Cd,E5,E5_Full_Parsimonious_Easy_Panel,ElasticNet,RAW,19,-0.051996,29.506219,17.663506
Cd,E5,E5_Full_Parsimonious_Easy_Panel,ElasticNet,RAW,20,-17.897488,18.63087,11.864121
Cd,E5,E5_Full_Parsimonious_Easy_Panel,ElasticNet,RAW,21,-0.830583,15.458058,10.51202
Cd,E5,E5_Full_Parsimonious_Easy_Panel,ElasticNet,RAW,22,-0.011058,19.7403,14.087381
Cd,E5,E5_Full_Parsimonious_Easy_Panel,ElasticNet,RAW,23,-0.113646,29.753964,15.946918
Cd,E5,E5_Full_Parsimonious_Easy_Panel,ElasticNet,RAW,24,-18.709028,26.379082,19.442185
Cd,E5,E5_Full_Parsimonious_Easy_Panel,ElasticNet,RAW,25,-0.753862,15.444266,13.054297
