target,fold,config,model,observed,predicted,residual,abs_residual
As_num,0,M1_Core,Ridge,0.25,1.5398,-1.2898,1.2898
As_num,0,M1_Core,Ridge,0.25,1.6759,-1.4259,1.4259
As_num,0,M1_Core,Ridge,0.25,1.5367,-1.2867,1.2867
As_num,0,M1_Core,Ridge,0.6,1.6303,-1.0303,1.0303
As_num,0,M1_Core,Ridge,0.25,1.4601,-1.2101,1.2101
As_num,0,M1_Core,Ridge,0.6,3.2866,-2.6866,2.6866
As_num,0,M1_Core,Ridge,0.5,1.6998,-1.1998,1.1998
As_num,0,M1_Core,Ridge,1.1,1.5538,-0.4538,0.4538
As_num,0,M1_Core,HuberRegressor,0.25,0.8403,-0.5903,0.5903
As_num,0,M1_Core,HuberRegressor,0.25,0.9057,-0.6557,0.6557
As_num,0,M1_Core,HuberRegressor,0.25,0.9787,-0.7287,0.7287
As_num,0,M1_Core,HuberRegressor,0.6,0.9259,-0.3259,0.3259
As_num,0,M1_Core,HuberRegressor,0.25,0.9365,-0.6865,0.6865
As_num,0,M1_Core,HuberRegressor,0.6,1.706,-1.106,1.106
As_num,0,M1_Core,HuberRegressor,0.5,0.9675,-0.4675,0.4675
As_num,0,M1_Core,HuberRegressor,1.1,1.161,-0.061,0.061
As_num,0,M1_Core,ExtraTrees,0.25,0.5055,-0.2555,0.2555
As_num,0,M1_Core,ExtraTrees,0.25,2.4397,-2.1897,2.1897
As_num,0,M1_Core,ExtraTrees,0.25,0.6461,-0.3961,0.3961
As_num,0,M1_Core,ExtraTrees,0.6,2.1626,-1.5626,1.5626
As_num,0,M1_Core,ExtraTrees,0.25,1.3896,-1.1396,1.1396
As_num,0,M1_Core,ExtraTrees,0.6,2.9528,-2.3528,2.3528
As_num,0,M1_Core,ExtraTrees,0.5,1.9144,-1.4144,1.4144
As_num,0,M1_Core,ExtraTrees,1.1,1.7355,-0.6355,0.6355
As_num,0,M7_TargetSpecific_Selected,Ridge,0.25,2.1927,-1.9427,1.9427
As_num,0,M7_TargetSpecific_Selected,Ridge,0.25,0.9009,-0.6509,0.6509
As_num,0,M7_TargetSpecific_Selected,Ridge,0.25,2.0485,-1.7985,1.7985
As_num,0,M7_TargetSpecific_Selected,Ridge,0.6,2.3774,-1.7774,1.7774
As_num,0,M7_TargetSpecific_Selected,Ridge,0.25,1.7042,-1.4542,1.4542
As_num,0,M7_TargetSpecific_Selected,Ridge,0.6,6.2689,-5.6689,5.6689
As_num,0,M7_TargetSpecific_Selected,Ridge,0.5,1.6329,-1.1329,1.1329
As_num,0,M7_TargetSpecific_Selected,Ridge,1.1,2.1676,-1.0676,1.0676
As_num,0,M7_TargetSpecific_Selected,HuberRegressor,0.25,1.036,-0.786,0.786
As_num,0,M7_TargetSpecific_Selected,HuberRegressor,0.25,0.5507,-0.3007,0.3007
As_num,0,M7_TargetSpecific_Selected,HuberRegressor,0.25,1.3034,-1.0534,1.0534
As_num,0,M7_TargetSpecific_Selected,HuberRegressor,0.6,1.2653,-0.6653,0.6653
As_num,0,M7_TargetSpecific_Selected,HuberRegressor,0.25,1.1424,-0.8924,0.8924
As_num,0,M7_TargetSpecific_Selected,HuberRegressor,0.6,3.8916,-3.2916,3.2916
As_num,0,M7_TargetSpecific_Selected,HuberRegressor,0.5,1.0197,-0.5197,0.5197
As_num,0,M7_TargetSpecific_Selected,HuberRegressor,1.1,1.5169,-0.4169,0.4169
As_num,0,M7_TargetSpecific_Selected,ExtraTrees,0.25,0.8751,-0.6251,0.6251
As_num,0,M7_TargetSpecific_Selected,ExtraTrees,0.25,1.1565,-0.9065,0.9065
As_num,0,M7_TargetSpecific_Selected,ExtraTrees,0.25,0.71,-0.46,0.46
As_num,0,M7_TargetSpecific_Selected,ExtraTrees,0.6,2.42,-1.82,1.82
As_num,0,M7_TargetSpecific_Selected,ExtraTrees,0.25,1.0861,-0.8361,0.8361
As_num,0,M7_TargetSpecific_Selected,ExtraTrees,0.6,2.8592,-2.2592,2.2592
As_num,0,M7_TargetSpecific_Selected,ExtraTrees,0.5,1.0013,-0.5013,0.5013
As_num,0,M7_TargetSpecific_Selected,ExtraTrees,1.1,1.8976,-0.7976,0.7976
As_num,1,M1_Core,Ridge,0.25,0.0,0.25,0.25
As_num,1,M1_Core,Ridge,0.9,1.0124,-0.1124,0.1124
As_num,1,M1_Core,Ridge,0.25,0.8306,-0.5806,0.5806
As_num,1,M1_Core,Ridge,0.25,1.0862,-0.8362,0.8362
As_num,1,M1_Core,Ridge,1.0,0.3169,0.6831,0.6831
As_num,1,M1_Core,Ridge,0.25,4.4678,-4.2178,4.2178
As_num,1,M1_Core,Ridge,15.4,0.9642,14.4358,14.4358
As_num,1,M1_Core,Ridge,27.8,0.8153,26.9847,26.9847
As_num,1,M1_Core,HuberRegressor,0.25,0.0,0.25,0.25
As_num,1,M1_Core,HuberRegressor,0.9,0.621,0.279,0.279
As_num,1,M1_Core,HuberRegressor,0.25,0.4723,-0.2223,0.2223
As_num,1,M1_Core,HuberRegressor,0.25,1.56,-1.31,1.31
As_num,1,M1_Core,HuberRegressor,1.0,0.9646,0.0354,0.0354
As_num,1,M1_Core,HuberRegressor,0.25,2.7302,-2.4802,2.4802
As_num,1,M1_Core,HuberRegressor,15.4,0.6529,14.7471,14.7471
As_num,1,M1_Core,HuberRegressor,27.8,0.3219,27.4781,27.4781
As_num,1,M1_Core,ExtraTrees,0.25,0.7159,-0.4659,0.4659
As_num,1,M1_Core,ExtraTrees,0.9,1.0296,-0.1296,0.1296
As_num,1,M1_Core,ExtraTrees,0.25,0.9797,-0.7297,0.7297
As_num,1,M1_Core,ExtraTrees,0.25,0.961,-0.711,0.711
As_num,1,M1_Core,ExtraTrees,1.0,0.9614,0.0386,0.0386
As_num,1,M1_Core,ExtraTrees,0.25,3.602,-3.352,3.352
As_num,1,M1_Core,ExtraTrees,15.4,1.3706,14.0294,14.0294
As_num,1,M1_Core,ExtraTrees,27.8,0.6927,27.1073,27.1073
As_num,1,M7_TargetSpecific_Selected,Ridge,0.25,0.0,0.25,0.25
As_num,1,M7_TargetSpecific_Selected,Ridge,0.9,1.1777,-0.2777,0.2777
As_num,1,M7_TargetSpecific_Selected,Ridge,0.25,0.8547,-0.6047,0.6047
As_num,1,M7_TargetSpecific_Selected,Ridge,0.25,1.3016,-1.0516,1.0516
As_num,1,M7_TargetSpecific_Selected,Ridge,1.0,0.1213,0.8787,0.8787
As_num,1,M7_TargetSpecific_Selected,Ridge,0.25,4.599,-4.349,4.349
As_num,1,M7_TargetSpecific_Selected,Ridge,15.4,1.8708,13.5292,13.5292
As_num,1,M7_TargetSpecific_Selected,Ridge,27.8,0.6825,27.1175,27.1175
As_num,1,M7_TargetSpecific_Selected,HuberRegressor,0.25,0.0,0.25,0.25
As_num,1,M7_TargetSpecific_Selected,HuberRegressor,0.9,0.7412,0.1588,0.1588
As_num,1,M7_TargetSpecific_Selected,HuberRegressor,0.25,0.5302,-0.2802,0.2802
As_num,1,M7_TargetSpecific_Selected,HuberRegressor,0.25,2.9074,-2.6574,2.6574
As_num,1,M7_TargetSpecific_Selected,HuberRegressor,1.0,0.7024,0.2976,0.2976
As_num,1,M7_TargetSpecific_Selected,HuberRegressor,0.25,5.7462,-5.4962,5.4962
As_num,1,M7_TargetSpecific_Selected,HuberRegressor,15.4,1.5277,13.8723,13.8723
As_num,1,M7_TargetSpecific_Selected,HuberRegressor,27.8,0.6094,27.1906,27.1906
As_num,1,M7_TargetSpecific_Selected,ExtraTrees,0.25,0.7903,-0.5403,0.5403
As_num,1,M7_TargetSpecific_Selected,ExtraTrees,0.9,0.6688,0.2312,0.2312
As_num,1,M7_TargetSpecific_Selected,ExtraTrees,0.25,0.685,-0.435,0.435
As_num,1,M7_TargetSpecific_Selected,ExtraTrees,0.25,0.6211,-0.3711,0.3711
As_num,1,M7_TargetSpecific_Selected,ExtraTrees,1.0,0.7873,0.2127,0.2127
As_num,1,M7_TargetSpecific_Selected,ExtraTrees,0.25,2.9388,-2.6888,2.6888
As_num,1,M7_TargetSpecific_Selected,ExtraTrees,15.4,2.1196,13.2804,13.2804
As_num,1,M7_TargetSpecific_Selected,ExtraTrees,27.8,0.6219,27.1781,27.1781
As_num,2,M1_Core,Ridge,1.0,0.0,1.0,1.0
As_num,2,M1_Core,Ridge,2.2,1.5433,0.6567,0.6567
As_num,2,M1_Core,Ridge,0.8,0.0,0.8,0.8
As_num,2,M1_Core,Ridge,0.25,0.0,0.25,0.25
As_num,2,M1_Core,Ridge,0.25,1.877,-1.627,1.627
As_num,2,M1_Core,Ridge,0.5,0.9426,-0.4426,0.4426
As_num,2,M1_Core,Ridge,0.25,0.9602,-0.7102,0.7102
As_num,2,M1_Core,Ridge,12.3,1.2914,11.0086,11.0086
As_num,2,M1_Core,HuberRegressor,1.0,0.0,1.0,1.0
As_num,2,M1_Core,HuberRegressor,2.2,0.8517,1.3483,1.3483
As_num,2,M1_Core,HuberRegressor,0.8,0.0,0.8,0.8
As_num,2,M1_Core,HuberRegressor,0.25,0.0,0.25,0.25
As_num,2,M1_Core,HuberRegressor,0.25,1.1719,-0.9219,0.9219
As_num,2,M1_Core,HuberRegressor,0.5,0.3595,0.1405,0.1405
As_num,2,M1_Core,HuberRegressor,0.25,2.0655,-1.8155,1.8155
As_num,2,M1_Core,HuberRegressor,12.3,0.819,11.481,11.481
As_num,2,M1_Core,ExtraTrees,1.0,0.5626,0.4374,0.4374
As_num,2,M1_Core,ExtraTrees,2.2,1.373,0.827,0.827
As_num,2,M1_Core,ExtraTrees,0.8,0.2848,0.5152,0.5152
As_num,2,M1_Core,ExtraTrees,0.25,0.3682,-0.1182,0.1182
As_num,2,M1_Core,ExtraTrees,0.25,4.1929,-3.9429,3.9429
As_num,2,M1_Core,ExtraTrees,0.5,0.5882,-0.0882,0.0882
As_num,2,M1_Core,ExtraTrees,0.25,1.7246,-1.4746,1.4746
As_num,2,M1_Core,ExtraTrees,12.3,1.0837,11.2163,11.2163
As_num,2,M7_TargetSpecific_Selected,Ridge,1.0,0.0,1.0,1.0
As_num,2,M7_TargetSpecific_Selected,Ridge,2.2,1.8443,0.3557,0.3557
As_num,2,M7_TargetSpecific_Selected,Ridge,0.8,0.0,0.8,0.8
As_num,2,M7_TargetSpecific_Selected,Ridge,0.25,0.0,0.25,0.25
As_num,2,M7_TargetSpecific_Selected,Ridge,0.25,1.9255,-1.6755,1.6755
As_num,2,M7_TargetSpecific_Selected,Ridge,0.5,0.9343,-0.4343,0.4343
As_num,2,M7_TargetSpecific_Selected,Ridge,0.25,1.5534,-1.3034,1.3034
As_num,2,M7_TargetSpecific_Selected,Ridge,12.3,1.694,10.606,10.606
As_num,2,M7_TargetSpecific_Selected,HuberRegressor,1.0,0.0,1.0,1.0
As_num,2,M7_TargetSpecific_Selected,HuberRegressor,2.2,0.806,1.394,1.394
As_num,2,M7_TargetSpecific_Selected,HuberRegressor,0.8,0.0,0.8,0.8
As_num,2,M7_TargetSpecific_Selected,HuberRegressor,0.25,0.0,0.25,0.25
As_num,2,M7_TargetSpecific_Selected,HuberRegressor,0.25,1.0816,-0.8316,0.8316
As_num,2,M7_TargetSpecific_Selected,HuberRegressor,0.5,0.5618,-0.0618,0.0618
As_num,2,M7_TargetSpecific_Selected,HuberRegressor,0.25,1.195,-0.945,0.945
As_num,2,M7_TargetSpecific_Selected,HuberRegressor,12.3,0.813,11.487,11.487
As_num,2,M7_TargetSpecific_Selected,ExtraTrees,1.0,0.4324,0.5676,0.5676
As_num,2,M7_TargetSpecific_Selected,ExtraTrees,2.2,1.7469,0.4531,0.4531
As_num,2,M7_TargetSpecific_Selected,ExtraTrees,0.8,0.7091,0.0909,0.0909
As_num,2,M7_TargetSpecific_Selected,ExtraTrees,0.25,0.3659,-0.1159,0.1159
As_num,2,M7_TargetSpecific_Selected,ExtraTrees,0.25,5.4433,-5.1933,5.1933
As_num,2,M7_TargetSpecific_Selected,ExtraTrees,0.5,0.7978,-0.2978,0.2978
As_num,2,M7_TargetSpecific_Selected,ExtraTrees,0.25,1.366,-1.116,1.116
As_num,2,M7_TargetSpecific_Selected,ExtraTrees,12.3,1.2648,11.0352,11.0352
As_num,3,M1_Core,Ridge,1.1,1.1508,-0.0508,0.0508
As_num,3,M1_Core,Ridge,0.25,1.303,-1.053,1.053
As_num,3,M1_Core,Ridge,0.25,1.4376,-1.1876,1.1876
As_num,3,M1_Core,Ridge,0.5,0.7976,-0.2976,0.2976
As_num,3,M1_Core,Ridge,5.5,2.545,2.955,2.955
As_num,3,M1_Core,Ridge,0.9,2.0654,-1.1654,1.1654
As_num,3,M1_Core,Ridge,3.5,1.0582,2.4418,2.4418
As_num,3,M1_Core,Ridge,1.9,0.7415,1.1585,1.1585
As_num,3,M1_Core,HuberRegressor,1.1,0.7392,0.3608,0.3608
As_num,3,M1_Core,HuberRegressor,0.25,1.085,-0.835,0.835
As_num,3,M1_Core,HuberRegressor,0.25,0.5555,-0.3055,0.3055
As_num,3,M1_Core,HuberRegressor,0.5,0.4673,0.0327,0.0327
As_num,3,M1_Core,HuberRegressor,5.5,0.9929,4.5071,4.5071
As_num,3,M1_Core,HuberRegressor,0.9,0.8524,0.0476,0.0476
As_num,3,M1_Core,HuberRegressor,3.5,0.4669,3.0331,3.0331
As_num,3,M1_Core,HuberRegressor,1.9,0.6777,1.2223,1.2223
As_num,3,M1_Core,ExtraTrees,1.1,0.5433,0.5567,0.5567
As_num,3,M1_Core,ExtraTrees,0.25,1.1414,-0.8914,0.8914
As_num,3,M1_Core,ExtraTrees,0.25,1.1759,-0.9259,0.9259
As_num,3,M1_Core,ExtraTrees,0.5,0.9516,-0.4516,0.4516
As_num,3,M1_Core,ExtraTrees,5.5,1.9921,3.5079,3.5079
As_num,3,M1_Core,ExtraTrees,0.9,1.8392,-0.9392,0.9392
As_num,3,M1_Core,ExtraTrees,3.5,1.1251,2.3749,2.3749
As_num,3,M1_Core,ExtraTrees,1.9,0.8765,1.0235,1.0235
As_num,3,M7_TargetSpecific_Selected,Ridge,1.1,1.1808,-0.0808,0.0808
As_num,3,M7_TargetSpecific_Selected,Ridge,0.25,1.2463,-0.9963,0.9963
As_num,3,M7_TargetSpecific_Selected,Ridge,0.25,1.342,-1.092,1.092
As_num,3,M7_TargetSpecific_Selected,Ridge,0.5,0.76,-0.26,0.26
As_num,3,M7_TargetSpecific_Selected,Ridge,5.5,2.1726,3.3274,3.3274
As_num,3,M7_TargetSpecific_Selected,Ridge,0.9,2.0994,-1.1994,1.1994
As_num,3,M7_TargetSpecific_Selected,Ridge,3.5,1.3381,2.1619,2.1619
As_num,3,M7_TargetSpecific_Selected,Ridge,1.9,0.7899,1.1101,1.1101
As_num,3,M7_TargetSpecific_Selected,HuberRegressor,1.1,0.6694,0.4306,0.4306
As_num,3,M7_TargetSpecific_Selected,HuberRegressor,0.25,0.6917,-0.4417,0.4417
As_num,3,M7_TargetSpecific_Selected,HuberRegressor,0.25,0.6768,-0.4268,0.4268
As_num,3,M7_TargetSpecific_Selected,HuberRegressor,0.5,0.5907,-0.0907,0.0907
As_num,3,M7_TargetSpecific_Selected,HuberRegressor,5.5,0.7516,4.7484,4.7484
As_num,3,M7_TargetSpecific_Selected,HuberRegressor,0.9,0.8692,0.0308,0.0308
As_num,3,M7_TargetSpecific_Selected,HuberRegressor,3.5,0.7253,2.7747,2.7747
As_num,3,M7_TargetSpecific_Selected,HuberRegressor,1.9,0.6097,1.2903,1.2903
As_num,3,M7_TargetSpecific_Selected,ExtraTrees,1.1,0.5637,0.5363,0.5363
As_num,3,M7_TargetSpecific_Selected,ExtraTrees,0.25,1.6375,-1.3875,1.3875
As_num,3,M7_TargetSpecific_Selected,ExtraTrees,0.25,0.4592,-0.2092,0.2092
As_num,3,M7_TargetSpecific_Selected,ExtraTrees,0.5,0.9713,-0.4713,0.4713
As_num,3,M7_TargetSpecific_Selected,ExtraTrees,5.5,3.4754,2.0246,2.0246
As_num,3,M7_TargetSpecific_Selected,ExtraTrees,0.9,2.5648,-1.6648,1.6648
As_num,3,M7_TargetSpecific_Selected,ExtraTrees,3.5,1.2499,2.2501,2.2501
As_num,3,M7_TargetSpecific_Selected,ExtraTrees,1.9,0.7338,1.1662,1.1662
As_num,4,M1_Core,Ridge,0.8,1.5898,-0.7898,0.7898
As_num,4,M1_Core,Ridge,1.9,1.3012,0.5988,0.5988
As_num,4,M1_Core,Ridge,4.0,1.3389,2.6611,2.6611
As_num,4,M1_Core,Ridge,0.25,1.7028,-1.4528,1.4528
As_num,4,M1_Core,Ridge,0.25,1.5141,-1.2641,1.2641
As_num,4,M1_Core,Ridge,0.25,1.4338,-1.1838,1.1838
As_num,4,M1_Core,Ridge,1.7,1.9437,-0.2437,0.2437
As_num,4,M1_Core,Ridge,28.7,1.6471,27.0529,27.0529
As_num,4,M1_Core,HuberRegressor,0.8,0.6266,0.1734,0.1734
As_num,4,M1_Core,HuberRegressor,1.9,0.5837,1.3163,1.3163
As_num,4,M1_Core,HuberRegressor,4.0,0.5807,3.4193,3.4193
As_num,4,M1_Core,HuberRegressor,0.25,0.6489,-0.3989,0.3989
As_num,4,M1_Core,HuberRegressor,0.25,0.6348,-0.3848,0.3848
As_num,4,M1_Core,HuberRegressor,0.25,0.6299,-0.3799,0.3799
As_num,4,M1_Core,HuberRegressor,1.7,0.7761,0.9239,0.9239
As_num,4,M1_Core,HuberRegressor,28.7,0.7698,27.9302,27.9302
As_num,4,M1_Core,ExtraTrees,0.8,1.4885,-0.6885,0.6885
As_num,4,M1_Core,ExtraTrees,1.9,1.2949,0.6051,0.6051
As_num,4,M1_Core,ExtraTrees,4.0,1.4309,2.5691,2.5691
As_num,4,M1_Core,ExtraTrees,0.25,2.6899,-2.4399,2.4399
As_num,4,M1_Core,ExtraTrees,0.25,2.2356,-1.9856,1.9856
As_num,4,M1_Core,ExtraTrees,0.25,1.2442,-0.9942,0.9942
As_num,4,M1_Core,ExtraTrees,1.7,2.9136,-1.2136,1.2136
As_num,4,M1_Core,ExtraTrees,28.7,0.6812,28.0188,28.0188
As_num,4,M7_TargetSpecific_Selected,Ridge,0.8,1.8247,-1.0247,1.0247
As_num,4,M7_TargetSpecific_Selected,Ridge,1.9,0.3283,1.5717,1.5717
As_num,4,M7_TargetSpecific_Selected,Ridge,4.0,1.0928,2.9072,2.9072
As_num,4,M7_TargetSpecific_Selected,Ridge,0.25,3.0525,-2.8025,2.8025
As_num,4,M7_TargetSpecific_Selected,Ridge,0.25,2.8968,-2.6468,2.6468
As_num,4,M7_TargetSpecific_Selected,Ridge,0.25,2.2242,-1.9742,1.9742
As_num,4,M7_TargetSpecific_Selected,Ridge,1.7,1.2707,0.4293,0.4293
As_num,4,M7_TargetSpecific_Selected,Ridge,28.7,1.724,26.976,26.976
As_num,4,M7_TargetSpecific_Selected,HuberRegressor,0.8,0.7421,0.0579,0.0579
As_num,4,M7_TargetSpecific_Selected,HuberRegressor,1.9,0.2202,1.6798,1.6798
As_num,4,M7_TargetSpecific_Selected,HuberRegressor,4.0,0.6126,3.3874,3.3874
As_num,4,M7_TargetSpecific_Selected,HuberRegressor,0.25,1.0984,-0.8484,0.8484
As_num,4,M7_TargetSpecific_Selected,HuberRegressor,0.25,1.1727,-0.9227,0.9227
As_num,4,M7_TargetSpecific_Selected,HuberRegressor,0.25,1.0704,-0.8204,0.8204
As_num,4,M7_TargetSpecific_Selected,HuberRegressor,1.7,0.5533,1.1467,1.1467
As_num,4,M7_TargetSpecific_Selected,HuberRegressor,28.7,0.6922,28.0078,28.0078
As_num,4,M7_TargetSpecific_Selected,ExtraTrees,0.8,1.4169,-0.6169,0.6169
As_num,4,M7_TargetSpecific_Selected,ExtraTrees,1.9,0.6073,1.2927,1.2927
As_num,4,M7_TargetSpecific_Selected,ExtraTrees,4.0,0.6219,3.3781,3.3781
As_num,4,M7_TargetSpecific_Selected,ExtraTrees,0.25,11.622,-11.372,11.372
As_num,4,M7_TargetSpecific_Selected,ExtraTrees,0.25,8.1498,-7.8998,7.8998
As_num,4,M7_TargetSpecific_Selected,ExtraTrees,0.25,1.6983,-1.4483,1.4483
As_num,4,M7_TargetSpecific_Selected,ExtraTrees,1.7,1.0387,0.6613,0.6613
As_num,4,M7_TargetSpecific_Selected,ExtraTrees,28.7,1.1465,27.5535,27.5535
As_num,5,M1_Core,Ridge,1.0,0.0,1.0,1.0
As_num,5,M1_Core,Ridge,0.25,1.3914,-1.1414,1.1414
As_num,5,M1_Core,Ridge,1.9,1.1372,0.7628,0.7628
As_num,5,M1_Core,Ridge,0.25,1.6354,-1.3854,1.3854
As_num,5,M1_Core,Ridge,0.25,1.0587,-0.8087,0.8087
As_num,5,M1_Core,Ridge,0.6,5.5884,-4.9884,4.9884
As_num,5,M1_Core,Ridge,0.9,2.7629,-1.8629,1.8629
As_num,5,M1_Core,Ridge,12.3,0.9264,11.3736,11.3736
As_num,5,M1_Core,HuberRegressor,1.0,0.1674,0.8326,0.8326
As_num,5,M1_Core,HuberRegressor,0.25,0.7128,-0.4628,0.4628
As_num,5,M1_Core,HuberRegressor,1.9,0.5628,1.3372,1.3372
As_num,5,M1_Core,HuberRegressor,0.25,0.7572,-0.5072,0.5072
As_num,5,M1_Core,HuberRegressor,0.25,0.5383,-0.2883,0.2883
As_num,5,M1_Core,HuberRegressor,0.6,3.0222,-2.4222,2.4222
As_num,5,M1_Core,HuberRegressor,0.9,1.3938,-0.4938,0.4938
As_num,5,M1_Core,HuberRegressor,12.3,0.5076,11.7924,11.7924
As_num,5,M1_Core,ExtraTrees,1.0,0.4923,0.5077,0.5077
As_num,5,M1_Core,ExtraTrees,0.25,0.7384,-0.4884,0.4884
As_num,5,M1_Core,ExtraTrees,1.9,1.2508,0.6492,0.6492
As_num,5,M1_Core,ExtraTrees,0.25,1.3134,-1.0634,1.0634
As_num,5,M1_Core,ExtraTrees,0.25,0.8672,-0.6172,0.6172
As_num,5,M1_Core,ExtraTrees,0.6,3.3327,-2.7327,2.7327
As_num,5,M1_Core,ExtraTrees,0.9,1.6802,-0.7802,0.7802
As_num,5,M1_Core,ExtraTrees,12.3,1.5083,10.7917,10.7917
As_num,5,M7_TargetSpecific_Selected,Ridge,1.0,0.0,1.0,1.0
As_num,5,M7_TargetSpecific_Selected,Ridge,0.25,2.0148,-1.7648,1.7648
As_num,5,M7_TargetSpecific_Selected,Ridge,1.9,0.0931,1.8069,1.8069
As_num,5,M7_TargetSpecific_Selected,Ridge,0.25,2.6316,-2.3816,2.3816
As_num,5,M7_TargetSpecific_Selected,Ridge,0.25,1.518,-1.268,1.268
As_num,5,M7_TargetSpecific_Selected,Ridge,0.6,10.284,-9.684,9.684
As_num,5,M7_TargetSpecific_Selected,Ridge,0.9,3.1005,-2.2005,2.2005
As_num,5,M7_TargetSpecific_Selected,Ridge,12.3,1.7817,10.5183,10.5183
As_num,5,M7_TargetSpecific_Selected,HuberRegressor,1.0,0.0163,0.9837,0.9837
As_num,5,M7_TargetSpecific_Selected,HuberRegressor,0.25,0.6052,-0.3552,0.3552
As_num,5,M7_TargetSpecific_Selected,HuberRegressor,1.9,0.0,1.9,1.9
As_num,5,M7_TargetSpecific_Selected,HuberRegressor,0.25,1.1874,-0.9374,0.9374
As_num,5,M7_TargetSpecific_Selected,HuberRegressor,0.25,1.0256,-0.7756,0.7756
As_num,5,M7_TargetSpecific_Selected,HuberRegressor,0.6,5.8844,-5.2844,5.2844
As_num,5,M7_TargetSpecific_Selected,HuberRegressor,0.9,1.6128,-0.7128,0.7128
As_num,5,M7_TargetSpecific_Selected,HuberRegressor,12.3,0.9909,11.3091,11.3091
As_num,5,M7_TargetSpecific_Selected,ExtraTrees,1.0,0.5551,0.4449,0.4449
As_num,5,M7_TargetSpecific_Selected,ExtraTrees,0.25,1.5235,-1.2735,1.2735
As_num,5,M7_TargetSpecific_Selected,ExtraTrees,1.9,0.7065,1.1935,1.1935
As_num,5,M7_TargetSpecific_Selected,ExtraTrees,0.25,1.8195,-1.5695,1.5695
As_num,5,M7_TargetSpecific_Selected,ExtraTrees,0.25,0.9058,-0.6558,0.6558
As_num,5,M7_TargetSpecific_Selected,ExtraTrees,0.6,2.5555,-1.9555,1.9555
As_num,5,M7_TargetSpecific_Selected,ExtraTrees,0.9,3.2947,-2.3947,2.3947
As_num,5,M7_TargetSpecific_Selected,ExtraTrees,12.3,1.8346,10.4654,10.4654
As_num,6,M1_Core,Ridge,0.8,0.0,0.8,0.8
As_num,6,M1_Core,Ridge,0.25,1.7639,-1.5139,1.5139
As_num,6,M1_Core,Ridge,0.25,1.2186,-0.9686,0.9686
As_num,6,M1_Core,Ridge,0.25,1.6397,-1.3897,1.3897
As_num,6,M1_Core,Ridge,0.25,2.1943,-1.9443,1.9443
As_num,6,M1_Core,Ridge,0.5,0.9825,-0.4825,0.4825
As_num,6,M1_Core,Ridge,5.5,4.4643,1.0357,1.0357
As_num,6,M1_Core,Ridge,0.25,4.7821,-4.5321,4.5321
As_num,6,M1_Core,HuberRegressor,0.8,0.0,0.8,0.8
As_num,6,M1_Core,HuberRegressor,0.25,0.8428,-0.5928,0.5928
As_num,6,M1_Core,HuberRegressor,0.25,0.6776,-0.4276,0.4276
As_num,6,M1_Core,HuberRegressor,0.25,0.9824,-0.7324,0.7324
As_num,6,M1_Core,HuberRegressor,0.25,1.3167,-1.0667,1.0667
As_num,6,M1_Core,HuberRegressor,0.5,0.6735,-0.1735,0.1735
As_num,6,M1_Core,HuberRegressor,5.5,2.4444,3.0556,3.0556
As_num,6,M1_Core,HuberRegressor,0.25,2.8496,-2.5996,2.5996
As_num,6,M1_Core,ExtraTrees,0.8,0.2968,0.5032,0.5032
As_num,6,M1_Core,ExtraTrees,0.25,2.2083,-1.9583,1.9583
As_num,6,M1_Core,ExtraTrees,0.25,2.4936,-2.2436,2.2436
As_num,6,M1_Core,ExtraTrees,0.25,0.661,-0.411,0.411
As_num,6,M1_Core,ExtraTrees,0.25,1.9046,-1.6546,1.6546
As_num,6,M1_Core,ExtraTrees,0.5,0.786,-0.286,0.286
As_num,6,M1_Core,ExtraTrees,5.5,2.6644,2.8356,2.8356
As_num,6,M1_Core,ExtraTrees,0.25,2.3293,-2.0793,2.0793
As_num,6,M7_TargetSpecific_Selected,Ridge,0.8,0.0507,0.7493,0.7493
As_num,6,M7_TargetSpecific_Selected,Ridge,0.25,1.8813,-1.6313,1.6313
As_num,6,M7_TargetSpecific_Selected,Ridge,0.25,1.1161,-0.8661,0.8661
As_num,6,M7_TargetSpecific_Selected,Ridge,0.25,1.9962,-1.7462,1.7462
As_num,6,M7_TargetSpecific_Selected,Ridge,0.25,2.2319,-1.9819,1.9819
As_num,6,M7_TargetSpecific_Selected,Ridge,0.5,0.7287,-0.2287,0.2287
As_num,6,M7_TargetSpecific_Selected,Ridge,5.5,3.6203,1.8797,1.8797
As_num,6,M7_TargetSpecific_Selected,Ridge,0.25,3.5915,-3.3415,3.3415
As_num,6,M7_TargetSpecific_Selected,HuberRegressor,0.8,0.0,0.8,0.8
As_num,6,M7_TargetSpecific_Selected,HuberRegressor,0.25,0.9288,-0.6788,0.6788
As_num,6,M7_TargetSpecific_Selected,HuberRegressor,0.25,0.6944,-0.4444,0.4444
As_num,6,M7_TargetSpecific_Selected,HuberRegressor,0.25,1.0963,-0.8463,0.8463
As_num,6,M7_TargetSpecific_Selected,HuberRegressor,0.25,1.3816,-1.1316,1.1316
As_num,6,M7_TargetSpecific_Selected,HuberRegressor,0.5,0.7195,-0.2195,0.2195
As_num,6,M7_TargetSpecific_Selected,HuberRegressor,5.5,2.2789,3.2211,3.2211
As_num,6,M7_TargetSpecific_Selected,HuberRegressor,0.25,2.6012,-2.3512,2.3512
As_num,6,M7_TargetSpecific_Selected,ExtraTrees,0.8,0.8535,-0.0535,0.0535
As_num,6,M7_TargetSpecific_Selected,ExtraTrees,0.25,1.4991,-1.2491,1.2491
As_num,6,M7_TargetSpecific_Selected,ExtraTrees,0.25,1.0242,-0.7742,0.7742
As_num,6,M7_TargetSpecific_Selected,ExtraTrees,0.25,0.8159,-0.5659,0.5659
As_num,6,M7_TargetSpecific_Selected,ExtraTrees,0.25,0.9844,-0.7344,0.7344
As_num,6,M7_TargetSpecific_Selected,ExtraTrees,0.5,0.8744,-0.3744,0.3744
As_num,6,M7_TargetSpecific_Selected,ExtraTrees,5.5,5.3965,0.1035,0.1035
As_num,6,M7_TargetSpecific_Selected,ExtraTrees,0.25,5.3487,-5.0987,5.0987
As_num,7,M1_Core,Ridge,1.1,0.9146,0.1854,0.1854
As_num,7,M1_Core,Ridge,0.6,1.1418,-0.5418,0.5418
As_num,7,M1_Core,Ridge,1.7,2.7197,-1.0197,1.0197
As_num,7,M1_Core,Ridge,0.25,0.5869,-0.3369,0.3369
As_num,7,M1_Core,Ridge,15.4,1.1075,14.2925,14.2925
As_num,7,M1_Core,Ridge,3.5,1.2091,2.2909,2.2909
As_num,7,M1_Core,Ridge,1.9,0.8486,1.0514,1.0514
As_num,7,M1_Core,Ridge,1.1,1.1354,-0.0354,0.0354
As_num,7,M1_Core,HuberRegressor,1.1,0.5989,0.5011,0.5011
As_num,7,M1_Core,HuberRegressor,0.6,0.5597,0.0403,0.0403
As_num,7,M1_Core,HuberRegressor,1.7,0.7984,0.9016,0.9016
As_num,7,M1_Core,HuberRegressor,0.25,1.1233,-0.8733,0.8733
As_num,7,M1_Core,HuberRegressor,15.4,0.5724,14.8276,14.8276
As_num,7,M1_Core,HuberRegressor,3.5,0.7264,2.7736,2.7736
As_num,7,M1_Core,HuberRegressor,1.9,0.8979,1.0021,1.0021
As_num,7,M1_Core,HuberRegressor,1.1,0.7476,0.3524,0.3524
As_num,7,M1_Core,ExtraTrees,1.1,0.5303,0.5697,0.5697
As_num,7,M1_Core,ExtraTrees,0.6,1.14,-0.54,0.54
As_num,7,M1_Core,ExtraTrees,1.7,2.3838,-0.6838,0.6838
As_num,7,M1_Core,ExtraTrees,0.25,0.9926,-0.7426,0.7426
As_num,7,M1_Core,ExtraTrees,15.4,1.2503,14.1497,14.1497
As_num,7,M1_Core,ExtraTrees,3.5,1.2906,2.2094,2.2094
As_num,7,M1_Core,ExtraTrees,1.9,0.9918,0.9082,0.9082
As_num,7,M1_Core,ExtraTrees,1.1,1.1588,-0.0588,0.0588
As_num,7,M7_TargetSpecific_Selected,Ridge,1.1,0.9645,0.1355,0.1355
As_num,7,M7_TargetSpecific_Selected,Ridge,0.6,1.5092,-0.9092,0.9092
As_num,7,M7_TargetSpecific_Selected,Ridge,1.7,2.4527,-0.7527,0.7527
As_num,7,M7_TargetSpecific_Selected,Ridge,0.25,0.8827,-0.6327,0.6327
As_num,7,M7_TargetSpecific_Selected,Ridge,15.4,1.7592,13.6408,13.6408
As_num,7,M7_TargetSpecific_Selected,Ridge,3.5,1.4398,2.0602,2.0602
As_num,7,M7_TargetSpecific_Selected,Ridge,1.9,0.9842,0.9158,0.9158
As_num,7,M7_TargetSpecific_Selected,Ridge,1.1,1.3857,-0.2857,0.2857
As_num,7,M7_TargetSpecific_Selected,HuberRegressor,1.1,0.5151,0.5849,0.5849
As_num,7,M7_TargetSpecific_Selected,HuberRegressor,0.6,0.6185,-0.0185,0.0185
As_num,7,M7_TargetSpecific_Selected,HuberRegressor,1.7,0.6918,1.0082,1.0082
As_num,7,M7_TargetSpecific_Selected,HuberRegressor,0.25,0.7156,-0.4656,0.4656
As_num,7,M7_TargetSpecific_Selected,HuberRegressor,15.4,0.6933,14.7067,14.7067
As_num,7,M7_TargetSpecific_Selected,HuberRegressor,3.5,0.6864,2.8136,2.8136
As_num,7,M7_TargetSpecific_Selected,HuberRegressor,1.9,0.6784,1.2216,1.2216
As_num,7,M7_TargetSpecific_Selected,HuberRegressor,1.1,0.6616,0.4384,0.4384
As_num,7,M7_TargetSpecific_Selected,ExtraTrees,1.1,0.5039,0.5961,0.5961
As_num,7,M7_TargetSpecific_Selected,ExtraTrees,0.6,1.487,-0.887,0.887
As_num,7,M7_TargetSpecific_Selected,ExtraTrees,1.7,2.2104,-0.5104,0.5104
As_num,7,M7_TargetSpecific_Selected,ExtraTrees,0.25,2.0824,-1.8324,1.8324
As_num,7,M7_TargetSpecific_Selected,ExtraTrees,15.4,3.1127,12.2873,12.2873
As_num,7,M7_TargetSpecific_Selected,ExtraTrees,3.5,1.6038,1.8962,1.8962
As_num,7,M7_TargetSpecific_Selected,ExtraTrees,1.9,1.6913,0.2087,0.2087
As_num,7,M7_TargetSpecific_Selected,ExtraTrees,1.1,1.5223,-0.4223,0.4223
As_num,8,M1_Core,Ridge,2.2,1.5012,0.6988,0.6988
As_num,8,M1_Core,Ridge,0.25,1.2358,-0.9858,0.9858
As_num,8,M1_Core,Ridge,0.8,1.7498,-0.9498,0.9498
As_num,8,M1_Core,Ridge,0.25,0.5144,-0.2644,0.2644
As_num,8,M1_Core,Ridge,4.0,1.3672,2.6328,2.6328
As_num,8,M1_Core,Ridge,0.25,1.6594,-1.4094,1.4094
As_num,8,M1_Core,Ridge,0.25,1.6633,-1.4133,1.4133
As_num,8,M1_Core,Ridge,0.5,1.2901,-0.7901,0.7901
As_num,8,M1_Core,HuberRegressor,2.2,0.6429,1.5571,1.5571
As_num,8,M1_Core,HuberRegressor,0.25,0.5018,-0.2518,0.2518
As_num,8,M1_Core,HuberRegressor,0.8,0.7672,0.0328,0.0328
As_num,8,M1_Core,HuberRegressor,0.25,0.65,-0.4,0.4
As_num,8,M1_Core,HuberRegressor,4.0,0.6253,3.3747,3.3747
As_num,8,M1_Core,HuberRegressor,0.25,0.8734,-0.6234,0.6234
As_num,8,M1_Core,HuberRegressor,0.25,0.7184,-0.4684,0.4684
As_num,8,M1_Core,HuberRegressor,0.5,0.6867,-0.1867,0.1867
As_num,8,M1_Core,ExtraTrees,2.2,1.5087,0.6913,0.6913
As_num,8,M1_Core,ExtraTrees,0.25,0.6064,-0.3564,0.3564
As_num,8,M1_Core,ExtraTrees,0.8,1.5834,-0.7834,0.7834
As_num,8,M1_Core,ExtraTrees,0.25,0.7976,-0.5476,0.5476
As_num,8,M1_Core,ExtraTrees,4.0,1.4027,2.5973,2.5973
As_num,8,M1_Core,ExtraTrees,0.25,1.335,-1.085,1.085
As_num,8,M1_Core,ExtraTrees,0.25,2.292,-2.042,2.042
As_num,8,M1_Core,ExtraTrees,0.5,1.5582,-1.0582,1.0582
As_num,8,M7_TargetSpecific_Selected,Ridge,2.2,2.276,-0.076,0.076
As_num,8,M7_TargetSpecific_Selected,Ridge,0.25,0.0,0.25,0.25
As_num,8,M7_TargetSpecific_Selected,Ridge,0.8,1.8348,-1.0348,1.0348
As_num,8,M7_TargetSpecific_Selected,Ridge,0.25,0.0425,0.2075,0.2075
As_num,8,M7_TargetSpecific_Selected,Ridge,4.0,1.3133,2.6867,2.6867
As_num,8,M7_TargetSpecific_Selected,Ridge,0.25,1.463,-1.213,1.213
As_num,8,M7_TargetSpecific_Selected,Ridge,0.25,2.9941,-2.7441,2.7441
As_num,8,M7_TargetSpecific_Selected,Ridge,0.5,0.8055,-0.3055,0.3055
As_num,8,M7_TargetSpecific_Selected,HuberRegressor,2.2,0.9536,1.2464,1.2464
As_num,8,M7_TargetSpecific_Selected,HuberRegressor,0.25,0.0,0.25,0.25
As_num,8,M7_TargetSpecific_Selected,HuberRegressor,0.8,0.866,-0.066,0.066
As_num,8,M7_TargetSpecific_Selected,HuberRegressor,0.25,0.3323,-0.0823,0.0823
As_num,8,M7_TargetSpecific_Selected,HuberRegressor,4.0,0.6825,3.3175,3.3175
As_num,8,M7_TargetSpecific_Selected,HuberRegressor,0.25,0.8293,-0.5793,0.5793
As_num,8,M7_TargetSpecific_Selected,HuberRegressor,0.25,1.201,-0.951,0.951
As_num,8,M7_TargetSpecific_Selected,HuberRegressor,0.5,0.6156,-0.1156,0.1156
As_num,8,M7_TargetSpecific_Selected,ExtraTrees,2.2,1.1624,1.0376,1.0376
As_num,8,M7_TargetSpecific_Selected,ExtraTrees,0.25,0.7492,-0.4992,0.4992
As_num,8,M7_TargetSpecific_Selected,ExtraTrees,0.8,0.7459,0.0541,0.0541
As_num,8,M7_TargetSpecific_Selected,ExtraTrees,0.25,0.6637,-0.4137,0.4137
As_num,8,M7_TargetSpecific_Selected,ExtraTrees,4.0,0.4853,3.5147,3.5147
As_num,8,M7_TargetSpecific_Selected,ExtraTrees,0.25,0.6546,-0.4046,0.4046
As_num,8,M7_TargetSpecific_Selected,ExtraTrees,0.25,3.1474,-2.8974,2.8974
As_num,8,M7_TargetSpecific_Selected,ExtraTrees,0.5,0.7681,-0.2681,0.2681
As_num,9,M1_Core,Ridge,0.25,1.2213,-0.9713,0.9713
As_num,9,M1_Core,Ridge,0.9,1.1165,-0.2165,0.2165
As_num,9,M1_Core,Ridge,0.25,1.504,-1.254,1.254
As_num,9,M1_Core,Ridge,0.25,1.3529,-1.1029,1.1029
As_num,9,M1_Core,Ridge,0.5,0.7307,-0.2307,0.2307
As_num,9,M1_Core,Ridge,1.0,0.8684,0.1316,0.1316
As_num,9,M1_Core,Ridge,28.7,1.3837,27.3163,27.3163
As_num,9,M1_Core,Ridge,27.8,0.8227,26.9773,26.9773
As_num,9,M1_Core,HuberRegressor,0.25,1.3006,-1.0506,1.0506
As_num,9,M1_Core,HuberRegressor,0.9,0.6899,0.2101,0.2101
As_num,9,M1_Core,HuberRegressor,0.25,1.705,-1.455,1.455
As_num,9,M1_Core,HuberRegressor,0.25,0.9369,-0.6869,0.6869
As_num,9,M1_Core,HuberRegressor,0.5,0.3846,0.1154,0.1154
As_num,9,M1_Core,HuberRegressor,1.0,1.0736,-0.0736,0.0736
As_num,9,M1_Core,HuberRegressor,28.7,1.0486,27.6514,27.6514
As_num,9,M1_Core,HuberRegressor,27.8,0.3927,27.4073,27.4073
As_num,9,M1_Core,ExtraTrees,0.25,0.6483,-0.3983,0.3983
As_num,9,M1_Core,ExtraTrees,0.9,0.6175,0.2825,0.2825
As_num,9,M1_Core,ExtraTrees,0.25,0.7008,-0.4508,0.4508
As_num,9,M1_Core,ExtraTrees,0.25,0.7937,-0.5437,0.5437
As_num,9,M1_Core,ExtraTrees,0.5,0.5007,-0.0007,0.0007
As_num,9,M1_Core,ExtraTrees,1.0,0.879,0.121,0.121
As_num,9,M1_Core,ExtraTrees,28.7,1.0368,27.6632,27.6632
As_num,9,M1_Core,ExtraTrees,27.8,1.0791,26.7209,26.7209
As_num,9,M7_TargetSpecific_Selected,Ridge,0.25,2.1101,-1.8601,1.8601
As_num,9,M7_TargetSpecific_Selected,Ridge,0.9,1.3489,-0.4489,0.4489
As_num,9,M7_TargetSpecific_Selected,Ridge,0.25,1.1892,-0.9392,0.9392
As_num,9,M7_TargetSpecific_Selected,Ridge,0.25,0.8336,-0.5836,0.5836
As_num,9,M7_TargetSpecific_Selected,Ridge,0.5,0.9869,-0.4869,0.4869
As_num,9,M7_TargetSpecific_Selected,Ridge,1.0,0.5259,0.4741,0.4741
As_num,9,M7_TargetSpecific_Selected,Ridge,28.7,1.2829,27.4171,27.4171
As_num,9,M7_TargetSpecific_Selected,Ridge,27.8,1.0504,26.7496,26.7496
As_num,9,M7_TargetSpecific_Selected,HuberRegressor,0.25,3.2834,-3.0334,3.0334
As_num,9,M7_TargetSpecific_Selected,HuberRegressor,0.9,0.6622,0.2378,0.2378
As_num,9,M7_TargetSpecific_Selected,HuberRegressor,0.25,1.7701,-1.5201,1.5201
As_num,9,M7_TargetSpecific_Selected,HuberRegressor,0.25,1.1289,-0.8789,0.8789
As_num,9,M7_TargetSpecific_Selected,HuberRegressor,0.5,0.3975,0.1025,0.1025
As_num,9,M7_TargetSpecific_Selected,HuberRegressor,1.0,0.3129,0.6871,0.6871
As_num,9,M7_TargetSpecific_Selected,HuberRegressor,28.7,1.218,27.482,27.482
As_num,9,M7_TargetSpecific_Selected,HuberRegressor,27.8,0.4962,27.3038,27.3038
As_num,9,M7_TargetSpecific_Selected,ExtraTrees,0.25,0.6785,-0.4285,0.4285
As_num,9,M7_TargetSpecific_Selected,ExtraTrees,0.9,0.6669,0.2331,0.2331
As_num,9,M7_TargetSpecific_Selected,ExtraTrees,0.25,0.472,-0.222,0.222
As_num,9,M7_TargetSpecific_Selected,ExtraTrees,0.25,0.7825,-0.5325,0.5325
As_num,9,M7_TargetSpecific_Selected,ExtraTrees,0.5,0.6287,-0.1287,0.1287
As_num,9,M7_TargetSpecific_Selected,ExtraTrees,1.0,0.9087,0.0913,0.0913
As_num,9,M7_TargetSpecific_Selected,ExtraTrees,28.7,1.5337,27.1663,27.1663
As_num,9,M7_TargetSpecific_Selected,ExtraTrees,27.8,0.8228,26.9772,26.9772
As_num,10,M1_Core,Ridge,2.2,2.0834,0.1166,0.1166
As_num,10,M1_Core,Ridge,0.25,1.2856,-1.0356,1.0356
As_num,10,M1_Core,Ridge,0.8,0.0,0.8,0.8
As_num,10,M1_Core,Ridge,0.25,2.0982,-1.8482,1.8482
As_num,10,M1_Core,Ridge,0.6,1.7412,-1.1412,1.1412
As_num,10,M1_Core,Ridge,0.25,2.0768,-1.8268,1.8268
As_num,10,M1_Core,Ridge,3.5,1.0356,2.4644,2.4644
As_num,10,M1_Core,Ridge,1.1,1.1496,-0.0496,0.0496
As_num,10,M1_Core,HuberRegressor,2.2,1.0142,1.1858,1.1858
As_num,10,M1_Core,HuberRegressor,0.25,1.1763,-0.9263,0.9263
As_num,10,M1_Core,HuberRegressor,0.8,0.0,0.8,0.8
As_num,10,M1_Core,HuberRegressor,0.25,0.9633,-0.7133,0.7133
As_num,10,M1_Core,HuberRegressor,0.6,0.8337,-0.2337,0.2337
As_num,10,M1_Core,HuberRegressor,0.25,0.8654,-0.6154,0.6154
As_num,10,M1_Core,HuberRegressor,3.5,0.5288,2.9712,2.9712
As_num,10,M1_Core,HuberRegressor,1.1,0.6523,0.4477,0.4477
As_num,10,M1_Core,ExtraTrees,2.2,1.9169,0.2831,0.2831
As_num,10,M1_Core,ExtraTrees,0.25,1.0511,-0.8011,0.8011
As_num,10,M1_Core,ExtraTrees,0.8,0.5393,0.2607,0.2607
As_num,10,M1_Core,ExtraTrees,0.25,2.0255,-1.7755,1.7755
As_num,10,M1_Core,ExtraTrees,0.6,2.2454,-1.6454,1.6454
As_num,10,M1_Core,ExtraTrees,0.25,2.0075,-1.7575,1.7575
As_num,10,M1_Core,ExtraTrees,3.5,0.9644,2.5356,2.5356
As_num,10,M1_Core,ExtraTrees,1.1,1.0002,0.0998,0.0998
As_num,10,M7_TargetSpecific_Selected,Ridge,2.2,2.6388,-0.4388,0.4388
As_num,10,M7_TargetSpecific_Selected,Ridge,0.25,1.2899,-1.0399,1.0399
As_num,10,M7_TargetSpecific_Selected,Ridge,0.8,0.2569,0.5431,0.5431
As_num,10,M7_TargetSpecific_Selected,Ridge,0.25,1.905,-1.655,1.655
As_num,10,M7_TargetSpecific_Selected,Ridge,0.6,2.4723,-1.8723,1.8723
As_num,10,M7_TargetSpecific_Selected,Ridge,0.25,3.0845,-2.8345,2.8345
As_num,10,M7_TargetSpecific_Selected,Ridge,3.5,1.462,2.038,2.038
As_num,10,M7_TargetSpecific_Selected,Ridge,1.1,1.5735,-0.4735,0.4735
As_num,10,M7_TargetSpecific_Selected,HuberRegressor,2.2,1.1466,1.0534,1.0534
As_num,10,M7_TargetSpecific_Selected,HuberRegressor,0.25,0.6914,-0.4414,0.4414
As_num,10,M7_TargetSpecific_Selected,HuberRegressor,0.8,0.1435,0.6565,0.6565
As_num,10,M7_TargetSpecific_Selected,HuberRegressor,0.25,1.0211,-0.7711,0.7711
As_num,10,M7_TargetSpecific_Selected,HuberRegressor,0.6,1.0942,-0.4942,0.4942
As_num,10,M7_TargetSpecific_Selected,HuberRegressor,0.25,1.2164,-0.9664,0.9664
As_num,10,M7_TargetSpecific_Selected,HuberRegressor,3.5,0.9431,2.5569,2.5569
As_num,10,M7_TargetSpecific_Selected,HuberRegressor,1.1,0.9528,0.1472,0.1472
As_num,10,M7_TargetSpecific_Selected,ExtraTrees,2.2,2.2854,-0.0854,0.0854
As_num,10,M7_TargetSpecific_Selected,ExtraTrees,0.25,0.6221,-0.3721,0.3721
As_num,10,M7_TargetSpecific_Selected,ExtraTrees,0.8,0.9321,-0.1321,0.1321
As_num,10,M7_TargetSpecific_Selected,ExtraTrees,0.25,1.8599,-1.6099,1.6099
As_num,10,M7_TargetSpecific_Selected,ExtraTrees,0.6,2.7142,-2.1142,2.1142
As_num,10,M7_TargetSpecific_Selected,ExtraTrees,0.25,4.3633,-4.1133,4.1133
As_num,10,M7_TargetSpecific_Selected,ExtraTrees,3.5,1.7198,1.7802,1.7802
As_num,10,M7_TargetSpecific_Selected,ExtraTrees,1.1,1.5177,-0.4177,0.4177
As_num,11,M1_Core,Ridge,1.1,0.8048,0.2952,0.2952
As_num,11,M1_Core,Ridge,0.25,0.9503,-0.7003,0.7003
As_num,11,M1_Core,Ridge,0.25,1.2165,-0.9665,0.9665
As_num,11,M1_Core,Ridge,0.25,2.0155,-1.7655,1.7655
As_num,11,M1_Core,Ridge,5.5,3.2013,2.2987,2.2987
As_num,11,M1_Core,Ridge,0.9,2.1558,-1.2558,1.2558
As_num,11,M1_Core,Ridge,12.3,0.861,11.439,11.439
As_num,11,M1_Core,Ridge,15.4,0.9583,14.4417,14.4417
As_num,11,M1_Core,HuberRegressor,1.1,0.5578,0.5422,0.5422
As_num,11,M1_Core,HuberRegressor,0.25,0.4816,-0.2316,0.2316
As_num,11,M1_Core,HuberRegressor,0.25,0.7437,-0.4937,0.4937
As_num,11,M1_Core,HuberRegressor,0.25,1.1239,-0.8739,0.8739
As_num,11,M1_Core,HuberRegressor,5.5,1.5203,3.9797,3.9797
As_num,11,M1_Core,HuberRegressor,0.9,1.0391,-0.1391,0.1391
As_num,11,M1_Core,HuberRegressor,12.3,0.5892,11.7108,11.7108
As_num,11,M1_Core,HuberRegressor,15.4,0.57,14.83,14.83
As_num,11,M1_Core,ExtraTrees,1.1,0.7147,0.3853,0.3853
As_num,11,M1_Core,ExtraTrees,0.25,0.8049,-0.5549,0.5549
As_num,11,M1_Core,ExtraTrees,0.25,1.0411,-0.7911,0.7911
As_num,11,M1_Core,ExtraTrees,0.25,3.1704,-2.9204,2.9204
As_num,11,M1_Core,ExtraTrees,5.5,1.4776,4.0224,4.0224
As_num,11,M1_Core,ExtraTrees,0.9,2.1297,-1.2297,1.2297
As_num,11,M1_Core,ExtraTrees,12.3,0.541,11.759,11.759
As_num,11,M1_Core,ExtraTrees,15.4,0.5848,14.8152,14.8152
As_num,11,M7_TargetSpecific_Selected,Ridge,1.1,0.9139,0.1861,0.1861
As_num,11,M7_TargetSpecific_Selected,Ridge,0.25,1.2431,-0.9931,0.9931
As_num,11,M7_TargetSpecific_Selected,Ridge,0.25,1.4236,-1.1736,1.1736
As_num,11,M7_TargetSpecific_Selected,Ridge,0.25,2.1114,-1.8614,1.8614
As_num,11,M7_TargetSpecific_Selected,Ridge,5.5,2.4622,3.0378,3.0378
As_num,11,M7_TargetSpecific_Selected,Ridge,0.9,2.3848,-1.4848,1.4848
As_num,11,M7_TargetSpecific_Selected,Ridge,12.3,1.1711,11.1289,11.1289
As_num,11,M7_TargetSpecific_Selected,Ridge,15.4,1.3654,14.0346,14.0346
As_num,11,M7_TargetSpecific_Selected,HuberRegressor,1.1,0.599,0.501,0.501
As_num,11,M7_TargetSpecific_Selected,HuberRegressor,0.25,0.6326,-0.3826,0.3826
As_num,11,M7_TargetSpecific_Selected,HuberRegressor,0.25,0.7717,-0.5217,0.5217
As_num,11,M7_TargetSpecific_Selected,HuberRegressor,0.25,1.2083,-0.9583,0.9583
As_num,11,M7_TargetSpecific_Selected,HuberRegressor,5.5,1.2244,4.2756,4.2756
As_num,11,M7_TargetSpecific_Selected,HuberRegressor,0.9,1.0514,-0.1514,0.1514
As_num,11,M7_TargetSpecific_Selected,HuberRegressor,12.3,0.7242,11.5758,11.5758
As_num,11,M7_TargetSpecific_Selected,HuberRegressor,15.4,0.7562,14.6438,14.6438
As_num,11,M7_TargetSpecific_Selected,ExtraTrees,1.1,0.7062,0.3938,0.3938
As_num,11,M7_TargetSpecific_Selected,ExtraTrees,0.25,0.9341,-0.6841,0.6841
As_num,11,M7_TargetSpecific_Selected,ExtraTrees,0.25,0.9516,-0.7016,0.7016
As_num,11,M7_TargetSpecific_Selected,ExtraTrees,0.25,1.8994,-1.6494,1.6494
As_num,11,M7_TargetSpecific_Selected,ExtraTrees,5.5,2.3508,3.1492,3.1492
As_num,11,M7_TargetSpecific_Selected,ExtraTrees,0.9,1.4111,-0.5111,0.5111
As_num,11,M7_TargetSpecific_Selected,ExtraTrees,12.3,0.5161,11.7839,11.7839
As_num,11,M7_TargetSpecific_Selected,ExtraTrees,15.4,0.7918,14.6082,14.6082
As_num,12,M1_Core,Ridge,1.0,0.0854,0.9146,0.9146
As_num,12,M1_Core,Ridge,0.25,0.8533,-0.6033,0.6033
As_num,12,M1_Core,Ridge,1.9,1.1109,0.7891,0.7891
As_num,12,M1_Core,Ridge,0.25,0.1786,0.0714,0.0714
As_num,12,M1_Core,Ridge,0.6,3.0394,-2.4394,2.4394
As_num,12,M1_Core,Ridge,0.25,1.9613,-1.7113,1.7113
As_num,12,M1_Core,Ridge,1.9,1.1218,0.7782,0.7782
As_num,12,M1_Core,Ridge,28.7,1.7793,26.9207,26.9207
As_num,12,M1_Core,HuberRegressor,1.0,0.3067,0.6933,0.6933
As_num,12,M1_Core,HuberRegressor,0.25,0.4568,-0.2068,0.2068
As_num,12,M1_Core,HuberRegressor,1.9,0.4983,1.4017,1.4017
As_num,12,M1_Core,HuberRegressor,0.25,0.3851,-0.1351,0.1351
As_num,12,M1_Core,HuberRegressor,0.6,1.9402,-1.3402,1.3402
As_num,12,M1_Core,HuberRegressor,0.25,1.4239,-1.1739,1.1739
As_num,12,M1_Core,HuberRegressor,1.9,0.9328,0.9672,0.9672
As_num,12,M1_Core,HuberRegressor,28.7,1.1416,27.5584,27.5584
As_num,12,M1_Core,ExtraTrees,1.0,0.686,0.314,0.314
As_num,12,M1_Core,ExtraTrees,0.25,0.4731,-0.2231,0.2231
As_num,12,M1_Core,ExtraTrees,1.9,1.1691,0.7309,0.7309
As_num,12,M1_Core,ExtraTrees,0.25,0.6392,-0.3892,0.3892
As_num,12,M1_Core,ExtraTrees,0.6,3.1833,-2.5833,2.5833
As_num,12,M1_Core,ExtraTrees,0.25,3.1166,-2.8666,2.8666
As_num,12,M1_Core,ExtraTrees,1.9,1.0175,0.8825,0.8825
As_num,12,M1_Core,ExtraTrees,28.7,0.7834,27.9166,27.9166
As_num,12,M7_TargetSpecific_Selected,Ridge,1.0,0.0,1.0,1.0
As_num,12,M7_TargetSpecific_Selected,Ridge,0.25,0.0,0.25,0.25
As_num,12,M7_TargetSpecific_Selected,Ridge,1.9,0.0,1.9,1.9
As_num,12,M7_TargetSpecific_Selected,Ridge,0.25,0.0,0.25,0.25
As_num,12,M7_TargetSpecific_Selected,Ridge,0.6,11.6904,-11.0904,11.0904
As_num,12,M7_TargetSpecific_Selected,Ridge,0.25,1.4374,-1.1874,1.1874
As_num,12,M7_TargetSpecific_Selected,Ridge,1.9,1.5518,0.3482,0.3482
As_num,12,M7_TargetSpecific_Selected,Ridge,28.7,2.1175,26.5825,26.5825
As_num,12,M7_TargetSpecific_Selected,HuberRegressor,1.0,0.0,1.0,1.0
As_num,12,M7_TargetSpecific_Selected,HuberRegressor,0.25,0.0,0.25,0.25
As_num,12,M7_TargetSpecific_Selected,HuberRegressor,1.9,0.0,1.9,1.9
As_num,12,M7_TargetSpecific_Selected,HuberRegressor,0.25,0.3299,-0.0799,0.0799
As_num,12,M7_TargetSpecific_Selected,HuberRegressor,0.6,14.9231,-14.3231,14.3231
As_num,12,M7_TargetSpecific_Selected,HuberRegressor,0.25,1.7734,-1.5234,1.5234
As_num,12,M7_TargetSpecific_Selected,HuberRegressor,1.9,1.5101,0.3899,0.3899
As_num,12,M7_TargetSpecific_Selected,HuberRegressor,28.7,1.5101,27.1899,27.1899
As_num,12,M7_TargetSpecific_Selected,ExtraTrees,1.0,0.4933,0.5067,0.5067
As_num,12,M7_TargetSpecific_Selected,ExtraTrees,0.25,0.396,-0.146,0.146
As_num,12,M7_TargetSpecific_Selected,ExtraTrees,1.9,0.5868,1.3132,1.3132
As_num,12,M7_TargetSpecific_Selected,ExtraTrees,0.25,0.4355,-0.1855,0.1855
As_num,12,M7_TargetSpecific_Selected,ExtraTrees,0.6,2.885,-2.285,2.285
As_num,12,M7_TargetSpecific_Selected,ExtraTrees,0.25,2.977,-2.727,2.727
As_num,12,M7_TargetSpecific_Selected,ExtraTrees,1.9,1.242,0.658,0.658
As_num,12,M7_TargetSpecific_Selected,ExtraTrees,28.7,2.791,25.909,25.909
As_num,13,M1_Core,Ridge,0.9,1.0645,-0.1645,0.1645
As_num,13,M1_Core,Ridge,0.25,0.9917,-0.7417,0.7417
As_num,13,M1_Core,Ridge,0.5,0.6483,-0.1483,0.1483
As_num,13,M1_Core,Ridge,1.0,1.3159,-0.3159,0.3159
As_num,13,M1_Core,Ridge,0.5,0.9723,-0.4723,0.4723
As_num,13,M1_Core,Ridge,1.7,1.5653,0.1347,0.1347
As_num,13,M1_Core,Ridge,0.25,2.8405,-2.5905,2.5905
As_num,13,M1_Core,Ridge,27.8,0.7507,27.0493,27.0493
As_num,13,M1_Core,HuberRegressor,0.9,0.5568,0.3432,0.3432
As_num,13,M1_Core,HuberRegressor,0.25,0.6452,-0.3952,0.3952
As_num,13,M1_Core,HuberRegressor,0.5,0.4388,0.0612,0.0612
As_num,13,M1_Core,HuberRegressor,1.0,1.8287,-0.8287,0.8287
As_num,13,M1_Core,HuberRegressor,0.5,0.7127,-0.2127,0.2127
As_num,13,M1_Core,HuberRegressor,1.7,0.7372,0.9628,0.9628
As_num,13,M1_Core,HuberRegressor,0.25,3.4326,-3.1826,3.1826
As_num,13,M1_Core,HuberRegressor,27.8,0.1915,27.6085,27.6085
As_num,13,M1_Core,ExtraTrees,0.9,0.9016,-0.0016,0.0016
As_num,13,M1_Core,ExtraTrees,0.25,1.6067,-1.3567,1.3567
As_num,13,M1_Core,ExtraTrees,0.5,0.701,-0.201,0.201
As_num,13,M1_Core,ExtraTrees,1.0,1.6062,-0.6062,0.6062
As_num,13,M1_Core,ExtraTrees,0.5,1.1888,-0.6888,0.6888
As_num,13,M1_Core,ExtraTrees,1.7,1.302,0.398,0.398
As_num,13,M1_Core,ExtraTrees,0.25,1.5837,-1.3337,1.3337
As_num,13,M1_Core,ExtraTrees,27.8,0.9076,26.8924,26.8924
As_num,13,M7_TargetSpecific_Selected,Ridge,0.9,1.4133,-0.5133,0.5133
As_num,13,M7_TargetSpecific_Selected,Ridge,0.25,0.5845,-0.3345,0.3345
As_num,13,M7_TargetSpecific_Selected,Ridge,0.5,0.4748,0.0252,0.0252
As_num,13,M7_TargetSpecific_Selected,Ridge,1.0,2.0091,-1.0091,1.0091
As_num,13,M7_TargetSpecific_Selected,Ridge,0.5,0.7924,-0.2924,0.2924
As_num,13,M7_TargetSpecific_Selected,Ridge,1.7,1.2832,0.4168,0.4168
As_num,13,M7_TargetSpecific_Selected,Ridge,0.25,3.6238,-3.3738,3.3738
As_num,13,M7_TargetSpecific_Selected,Ridge,27.8,0.7663,27.0337,27.0337
As_num,13,M7_TargetSpecific_Selected,HuberRegressor,0.9,0.7445,0.1555,0.1555
As_num,13,M7_TargetSpecific_Selected,HuberRegressor,0.25,0.0225,0.2275,0.2275
As_num,13,M7_TargetSpecific_Selected,HuberRegressor,0.5,0.0,0.5,0.5
As_num,13,M7_TargetSpecific_Selected,HuberRegressor,1.0,1.7911,-0.7911,0.7911
As_num,13,M7_TargetSpecific_Selected,HuberRegressor,0.5,0.1001,0.3999,0.3999
As_num,13,M7_TargetSpecific_Selected,HuberRegressor,1.7,1.1963,0.5037,0.5037
As_num,13,M7_TargetSpecific_Selected,HuberRegressor,0.25,4.4152,-4.1652,4.1652
As_num,13,M7_TargetSpecific_Selected,HuberRegressor,27.8,0.0,27.8,27.8
As_num,13,M7_TargetSpecific_Selected,ExtraTrees,0.9,0.684,0.216,0.216
As_num,13,M7_TargetSpecific_Selected,ExtraTrees,0.25,1.1009,-0.8509,0.8509
As_num,13,M7_TargetSpecific_Selected,ExtraTrees,0.5,0.623,-0.123,0.123
As_num,13,M7_TargetSpecific_Selected,ExtraTrees,1.0,0.9324,0.0676,0.0676
As_num,13,M7_TargetSpecific_Selected,ExtraTrees,0.5,0.8209,-0.3209,0.3209
As_num,13,M7_TargetSpecific_Selected,ExtraTrees,1.7,1.7988,-0.0988,0.0988
As_num,13,M7_TargetSpecific_Selected,ExtraTrees,0.25,3.3871,-3.1371,3.1371
As_num,13,M7_TargetSpecific_Selected,ExtraTrees,27.8,0.7235,27.0765,27.0765
As_num,14,M1_Core,Ridge,0.8,1.9901,-1.1901,1.1901
As_num,14,M1_Core,Ridge,0.25,0.5854,-0.3354,0.3354
As_num,14,M1_Core,Ridge,4.0,1.6588,2.3412,2.3412
As_num,14,M1_Core,Ridge,0.25,1.6739,-1.4239,1.4239
As_num,14,M1_Core,Ridge,0.25,2.2439,-1.9939,1.9939
As_num,14,M1_Core,Ridge,0.25,1.8609,-1.6109,1.6109
As_num,14,M1_Core,Ridge,0.25,1.5158,-1.2658,1.2658
As_num,14,M1_Core,Ridge,0.5,1.2015,-0.7015,0.7015
As_num,14,M1_Core,HuberRegressor,0.8,1.0183,-0.2183,0.2183
As_num,14,M1_Core,HuberRegressor,0.25,0.9232,-0.6732,0.6732
As_num,14,M1_Core,HuberRegressor,4.0,0.9588,3.0412,3.0412
As_num,14,M1_Core,HuberRegressor,0.25,1.0331,-0.7831,0.7831
As_num,14,M1_Core,HuberRegressor,0.25,1.4047,-1.1547,1.1547
As_num,14,M1_Core,HuberRegressor,0.25,0.9325,-0.6825,0.6825
As_num,14,M1_Core,HuberRegressor,0.25,0.6651,-0.4151,0.4151
As_num,14,M1_Core,HuberRegressor,0.5,0.6158,-0.1158,0.1158
As_num,14,M1_Core,ExtraTrees,0.8,1.7019,-0.9019,0.9019
As_num,14,M1_Core,ExtraTrees,0.25,0.6949,-0.4449,0.4449
As_num,14,M1_Core,ExtraTrees,4.0,1.599,2.401,2.401
As_num,14,M1_Core,ExtraTrees,0.25,0.4754,-0.2254,0.2254
As_num,14,M1_Core,ExtraTrees,0.25,3.5127,-3.2627,3.2627
As_num,14,M1_Core,ExtraTrees,0.25,2.2143,-1.9643,1.9643
As_num,14,M1_Core,ExtraTrees,0.25,1.6695,-1.4195,1.4195
As_num,14,M1_Core,ExtraTrees,0.5,1.5085,-1.0085,1.0085
As_num,14,M7_TargetSpecific_Selected,Ridge,0.8,2.3702,-1.5702,1.5702
As_num,14,M7_TargetSpecific_Selected,Ridge,0.25,0.0,0.25,0.25
As_num,14,M7_TargetSpecific_Selected,Ridge,4.0,1.1488,2.8512,2.8512
As_num,14,M7_TargetSpecific_Selected,Ridge,0.25,2.0022,-1.7522,1.7522
As_num,14,M7_TargetSpecific_Selected,Ridge,0.25,1.872,-1.622,1.622
As_num,14,M7_TargetSpecific_Selected,Ridge,0.25,2.8763,-2.6263,2.6263
As_num,14,M7_TargetSpecific_Selected,Ridge,0.25,1.9542,-1.7042,1.7042
As_num,14,M7_TargetSpecific_Selected,Ridge,0.5,1.0826,-0.5826,0.5826
As_num,14,M7_TargetSpecific_Selected,HuberRegressor,0.8,1.2959,-0.4959,0.4959
As_num,14,M7_TargetSpecific_Selected,HuberRegressor,0.25,0.7132,-0.4632,0.4632
As_num,14,M7_TargetSpecific_Selected,HuberRegressor,4.0,0.9271,3.0729,3.0729
As_num,14,M7_TargetSpecific_Selected,HuberRegressor,0.25,1.0533,-0.8033,0.8033
As_num,14,M7_TargetSpecific_Selected,HuberRegressor,0.25,1.2981,-1.0481,1.0481
As_num,14,M7_TargetSpecific_Selected,HuberRegressor,0.25,1.4972,-1.2472,1.2472
As_num,14,M7_TargetSpecific_Selected,HuberRegressor,0.25,1.1376,-0.8876,0.8876
As_num,14,M7_TargetSpecific_Selected,HuberRegressor,0.5,0.918,-0.418,0.418
As_num,14,M7_TargetSpecific_Selected,ExtraTrees,0.8,1.2464,-0.4464,0.4464
As_num,14,M7_TargetSpecific_Selected,ExtraTrees,0.25,0.6421,-0.3921,0.3921
As_num,14,M7_TargetSpecific_Selected,ExtraTrees,4.0,0.8396,3.1604,3.1604
As_num,14,M7_TargetSpecific_Selected,ExtraTrees,0.25,0.7927,-0.5427,0.5427
As_num,14,M7_TargetSpecific_Selected,ExtraTrees,0.25,1.1738,-0.9238,0.9238
As_num,14,M7_TargetSpecific_Selected,ExtraTrees,0.25,2.6365,-2.3865,2.3865
As_num,14,M7_TargetSpecific_Selected,ExtraTrees,0.25,0.9929,-0.7429,0.7429
As_num,14,M7_TargetSpecific_Selected,ExtraTrees,0.5,1.1287,-0.6287,0.6287
As_num,15,M1_Core,Ridge,2.2,1.7587,0.4413,0.4413
As_num,15,M1_Core,Ridge,0.8,0.0,0.8,0.8
As_num,15,M1_Core,Ridge,0.8,1.8507,-1.0507,1.0507
As_num,15,M1_Core,Ridge,0.25,0.0,0.25,0.25
As_num,15,M1_Core,Ridge,0.5,1.1945,-0.6945,0.6945
As_num,15,M1_Core,Ridge,0.5,1.2458,-0.7458,0.7458
As_num,15,M1_Core,Ridge,5.5,2.242,3.258,3.258
As_num,15,M1_Core,Ridge,3.5,1.1865,2.3135,2.3135
As_num,15,M1_Core,HuberRegressor,2.2,0.7891,1.4109,1.4109
As_num,15,M1_Core,HuberRegressor,0.8,0.0,0.8,0.8
As_num,15,M1_Core,HuberRegressor,0.8,0.793,0.007,0.007
As_num,15,M1_Core,HuberRegressor,0.25,0.2072,0.0428,0.0428
As_num,15,M1_Core,HuberRegressor,0.5,0.6018,-0.1018,0.1018
As_num,15,M1_Core,HuberRegressor,0.5,0.6881,-0.1881,0.1881
As_num,15,M1_Core,HuberRegressor,5.5,1.0251,4.4749,4.4749
As_num,15,M1_Core,HuberRegressor,3.5,0.6969,2.8031,2.8031
As_num,15,M1_Core,ExtraTrees,2.2,1.5329,0.6671,0.6671
As_num,15,M1_Core,ExtraTrees,0.8,0.5864,0.2136,0.2136
As_num,15,M1_Core,ExtraTrees,0.8,1.5647,-0.7647,0.7647
As_num,15,M1_Core,ExtraTrees,0.25,0.8308,-0.5808,0.5808
As_num,15,M1_Core,ExtraTrees,0.5,1.0987,-0.5987,0.5987
As_num,15,M1_Core,ExtraTrees,0.5,1.6672,-1.1672,1.1672
As_num,15,M1_Core,ExtraTrees,5.5,1.3457,4.1543,4.1543
As_num,15,M1_Core,ExtraTrees,3.5,1.1932,2.3068,2.3068
As_num,15,M7_TargetSpecific_Selected,Ridge,2.2,1.9707,0.2293,0.2293
As_num,15,M7_TargetSpecific_Selected,Ridge,0.8,0.0,0.8,0.8
As_num,15,M7_TargetSpecific_Selected,Ridge,0.8,1.8689,-1.0689,1.0689
As_num,15,M7_TargetSpecific_Selected,Ridge,0.25,0.0,0.25,0.25
As_num,15,M7_TargetSpecific_Selected,Ridge,0.5,1.2378,-0.7378,0.7378
As_num,15,M7_TargetSpecific_Selected,Ridge,0.5,1.0928,-0.5928,0.5928
As_num,15,M7_TargetSpecific_Selected,Ridge,5.5,1.7121,3.7879,3.7879
As_num,15,M7_TargetSpecific_Selected,Ridge,3.5,1.6018,1.8982,1.8982
As_num,15,M7_TargetSpecific_Selected,HuberRegressor,2.2,0.7751,1.4249,1.4249
As_num,15,M7_TargetSpecific_Selected,HuberRegressor,0.8,0.1158,0.6842,0.6842
As_num,15,M7_TargetSpecific_Selected,HuberRegressor,0.8,0.7593,0.0407,0.0407
As_num,15,M7_TargetSpecific_Selected,HuberRegressor,0.25,0.0475,0.2025,0.2025
As_num,15,M7_TargetSpecific_Selected,HuberRegressor,0.5,0.7899,-0.2899,0.2899
As_num,15,M7_TargetSpecific_Selected,HuberRegressor,0.5,0.7124,-0.2124,0.2124
As_num,15,M7_TargetSpecific_Selected,HuberRegressor,5.5,0.7116,4.7884,4.7884
As_num,15,M7_TargetSpecific_Selected,HuberRegressor,3.5,0.7943,2.7057,2.7057
As_num,15,M7_TargetSpecific_Selected,ExtraTrees,2.2,1.4422,0.7578,0.7578
As_num,15,M7_TargetSpecific_Selected,ExtraTrees,0.8,1.304,-0.504,0.504
As_num,15,M7_TargetSpecific_Selected,ExtraTrees,0.8,1.3675,-0.5675,0.5675
As_num,15,M7_TargetSpecific_Selected,ExtraTrees,0.25,0.6289,-0.3789,0.3789
As_num,15,M7_TargetSpecific_Selected,ExtraTrees,0.5,0.6188,-0.1188,0.1188
As_num,15,M7_TargetSpecific_Selected,ExtraTrees,0.5,0.7522,-0.2522,0.2522
As_num,15,M7_TargetSpecific_Selected,ExtraTrees,5.5,1.9394,3.5606,3.5606
As_num,15,M7_TargetSpecific_Selected,ExtraTrees,3.5,2.0936,1.4064,1.4064
As_num,16,M1_Core,Ridge,1.9,2.1448,-0.2448,0.2448
As_num,16,M1_Core,Ridge,0.25,2.0613,-1.8113,1.8113
As_num,16,M1_Core,Ridge,0.25,3.1828,-2.9328,2.9328
As_num,16,M1_Core,Ridge,0.25,2.3287,-2.0787,2.0787
As_num,16,M1_Core,Ridge,0.25,1.9933,-1.7433,1.7433
As_num,16,M1_Core,Ridge,0.25,1.8347,-1.5847,1.5847
As_num,16,M1_Core,Ridge,0.25,6.7159,-6.4659,6.4659
As_num,16,M1_Core,Ridge,1.1,2.678,-1.578,1.578
As_num,16,M1_Core,HuberRegressor,1.9,1.3046,0.5954,0.5954
As_num,16,M1_Core,HuberRegressor,0.25,1.3751,-1.1251,1.1251
As_num,16,M1_Core,HuberRegressor,0.25,2.0793,-1.8293,1.8293
As_num,16,M1_Core,HuberRegressor,0.25,1.5215,-1.2715,1.2715
As_num,16,M1_Core,HuberRegressor,0.25,1.0895,-0.8395,0.8395
As_num,16,M1_Core,HuberRegressor,0.25,3.0805,-2.8305,2.8305
As_num,16,M1_Core,HuberRegressor,0.25,5.3846,-5.1346,5.1346
As_num,16,M1_Core,HuberRegressor,1.1,2.497,-1.397,1.397
As_num,16,M1_Core,ExtraTrees,1.9,1.6448,0.2552,0.2552
As_num,16,M1_Core,ExtraTrees,0.25,1.0166,-0.7666,0.7666
As_num,16,M1_Core,ExtraTrees,0.25,4.5196,-4.2696,4.2696
As_num,16,M1_Core,ExtraTrees,0.25,1.4109,-1.1609,1.1609
As_num,16,M1_Core,ExtraTrees,0.25,2.7333,-2.4833,2.4833
As_num,16,M1_Core,ExtraTrees,0.25,2.0897,-1.8397,1.8397
As_num,16,M1_Core,ExtraTrees,0.25,3.158,-2.908,2.908
As_num,16,M1_Core,ExtraTrees,1.1,2.0785,-0.9785,0.9785
As_num,16,M7_TargetSpecific_Selected,Ridge,1.9,1.1077,0.7923,0.7923
As_num,16,M7_TargetSpecific_Selected,Ridge,0.25,2.3022,-2.0522,2.0522
As_num,16,M7_TargetSpecific_Selected,Ridge,0.25,2.6871,-2.4371,2.4371
As_num,16,M7_TargetSpecific_Selected,Ridge,0.25,2.1918,-1.9418,1.9418
As_num,16,M7_TargetSpecific_Selected,Ridge,0.25,2.8363,-2.5863,2.5863
As_num,16,M7_TargetSpecific_Selected,Ridge,0.25,2.8584,-2.6084,2.6084
As_num,16,M7_TargetSpecific_Selected,Ridge,0.25,5.798,-5.548,5.548
As_num,16,M7_TargetSpecific_Selected,Ridge,1.1,3.2527,-2.1527,2.1527
As_num,16,M7_TargetSpecific_Selected,HuberRegressor,1.9,0.605,1.295,1.295
As_num,16,M7_TargetSpecific_Selected,HuberRegressor,0.25,1.4268,-1.1768,1.1768
As_num,16,M7_TargetSpecific_Selected,HuberRegressor,0.25,1.5713,-1.3213,1.3213
As_num,16,M7_TargetSpecific_Selected,HuberRegressor,0.25,1.3496,-1.0996,1.0996
As_num,16,M7_TargetSpecific_Selected,HuberRegressor,0.25,1.3452,-1.0952,1.0952
As_num,16,M7_TargetSpecific_Selected,HuberRegressor,0.25,2.2993,-2.0493,2.0493
As_num,16,M7_TargetSpecific_Selected,HuberRegressor,0.25,5.8342,-5.5842,5.5842
As_num,16,M7_TargetSpecific_Selected,HuberRegressor,1.1,2.6245,-1.5245,1.5245
As_num,16,M7_TargetSpecific_Selected,ExtraTrees,1.9,0.8007,1.0993,1.0993
As_num,16,M7_TargetSpecific_Selected,ExtraTrees,0.25,1.3877,-1.1377,1.1377
As_num,16,M7_TargetSpecific_Selected,ExtraTrees,0.25,1.4139,-1.1639,1.1639
As_num,16,M7_TargetSpecific_Selected,ExtraTrees,0.25,1.4038,-1.1538,1.1538
As_num,16,M7_TargetSpecific_Selected,ExtraTrees,0.25,2.9685,-2.7185,2.7185
As_num,16,M7_TargetSpecific_Selected,ExtraTrees,0.25,3.0483,-2.7983,2.7983
As_num,16,M7_TargetSpecific_Selected,ExtraTrees,0.25,4.103,-3.853,3.853
As_num,16,M7_TargetSpecific_Selected,ExtraTrees,1.1,2.4302,-1.3302,1.3302
As_num,17,M1_Core,Ridge,0.25,1.7345,-1.4845,1.4845
As_num,17,M1_Core,Ridge,0.25,1.9626,-1.7126,1.7126
As_num,17,M1_Core,Ridge,0.25,1.8807,-1.6307,1.6307
As_num,17,M1_Core,Ridge,4.0,1.6108,2.3892,2.3892
As_num,17,M1_Core,Ridge,0.6,1.549,-0.949,0.949
As_num,17,M1_Core,Ridge,0.25,1.7087,-1.4587,1.4587
As_num,17,M1_Core,Ridge,1.7,2.3728,-0.6728,0.6728
As_num,17,M1_Core,Ridge,28.7,1.6028,27.0972,27.0972
As_num,17,M1_Core,HuberRegressor,0.25,1.2513,-1.0013,1.0013
As_num,17,M1_Core,HuberRegressor,0.25,0.9077,-0.6577,0.6577
As_num,17,M1_Core,HuberRegressor,0.25,1.0126,-0.7626,0.7626
As_num,17,M1_Core,HuberRegressor,4.0,0.9453,3.0547,3.0547
As_num,17,M1_Core,HuberRegressor,0.6,0.8057,-0.2057,0.2057
As_num,17,M1_Core,HuberRegressor,0.25,0.7811,-0.5311,0.5311
As_num,17,M1_Core,HuberRegressor,1.7,1.0916,0.6084,0.6084
As_num,17,M1_Core,HuberRegressor,28.7,0.8526,27.8474,27.8474
As_num,17,M1_Core,ExtraTrees,0.25,1.1189,-0.8689,0.8689
As_num,17,M1_Core,ExtraTrees,0.25,2.6512,-2.4012,2.4012
As_num,17,M1_Core,ExtraTrees,0.25,1.9621,-1.7121,1.7121
As_num,17,M1_Core,ExtraTrees,4.0,1.6113,2.3887,2.3887
As_num,17,M1_Core,ExtraTrees,0.6,2.8354,-2.2354,2.2354
As_num,17,M1_Core,ExtraTrees,0.25,2.5002,-2.2502,2.2502
As_num,17,M1_Core,ExtraTrees,1.7,4.573,-2.873,2.873
As_num,17,M1_Core,ExtraTrees,28.7,0.8777,27.8223,27.8223
As_num,17,M7_TargetSpecific_Selected,Ridge,0.25,1.4586,-1.2086,1.2086
As_num,17,M7_TargetSpecific_Selected,Ridge,0.25,1.462,-1.212,1.212
As_num,17,M7_TargetSpecific_Selected,Ridge,0.25,0.3444,-0.0944,0.0944
As_num,17,M7_TargetSpecific_Selected,Ridge,4.0,1.2213,2.7787,2.7787
As_num,17,M7_TargetSpecific_Selected,Ridge,0.6,2.1605,-1.5605,1.5605
As_num,17,M7_TargetSpecific_Selected,Ridge,0.25,2.5427,-2.2927,2.2927
As_num,17,M7_TargetSpecific_Selected,Ridge,1.7,1.7133,-0.0133,0.0133
As_num,17,M7_TargetSpecific_Selected,Ridge,28.7,1.6258,27.0742,27.0742
As_num,17,M7_TargetSpecific_Selected,HuberRegressor,0.25,0.8021,-0.5521,0.5521
As_num,17,M7_TargetSpecific_Selected,HuberRegressor,0.25,0.8721,-0.6221,0.6221
As_num,17,M7_TargetSpecific_Selected,HuberRegressor,0.25,0.6197,-0.3697,0.3697
As_num,17,M7_TargetSpecific_Selected,HuberRegressor,4.0,0.8574,3.1426,3.1426
As_num,17,M7_TargetSpecific_Selected,HuberRegressor,0.6,1.0701,-0.4701,0.4701
As_num,17,M7_TargetSpecific_Selected,HuberRegressor,0.25,1.0905,-0.8405,0.8405
As_num,17,M7_TargetSpecific_Selected,HuberRegressor,1.7,0.8615,0.8385,0.8385
As_num,17,M7_TargetSpecific_Selected,HuberRegressor,28.7,0.89,27.81,27.81
As_num,17,M7_TargetSpecific_Selected,ExtraTrees,0.25,1.083,-0.833,0.833
As_num,17,M7_TargetSpecific_Selected,ExtraTrees,0.25,1.0219,-0.7719,0.7719
As_num,17,M7_TargetSpecific_Selected,ExtraTrees,0.25,1.0054,-0.7554,0.7554
As_num,17,M7_TargetSpecific_Selected,ExtraTrees,4.0,0.9966,3.0034,3.0034
As_num,17,M7_TargetSpecific_Selected,ExtraTrees,0.6,2.0752,-1.4752,1.4752
As_num,17,M7_TargetSpecific_Selected,ExtraTrees,0.25,3.764,-3.514,3.514
As_num,17,M7_TargetSpecific_Selected,ExtraTrees,1.7,3.7655,-2.0655,2.0655
As_num,17,M7_TargetSpecific_Selected,ExtraTrees,28.7,1.3763,27.3237,27.3237
As_num,18,M1_Core,Ridge,1.1,0.911,0.189,0.189
As_num,18,M1_Core,Ridge,0.25,0.6789,-0.4289,0.4289
As_num,18,M1_Core,Ridge,0.25,0.2825,-0.0325,0.0325
As_num,18,M1_Core,Ridge,0.9,1.0371,-0.1371,0.1371
As_num,18,M1_Core,Ridge,1.0,0.326,0.674,0.674
As_num,18,M1_Core,Ridge,0.9,1.7058,-0.8058,0.8058
As_num,18,M1_Core,Ridge,12.3,0.9778,11.3222,11.3222
As_num,18,M1_Core,Ridge,27.8,1.1127,26.6873,26.6873
As_num,18,M1_Core,HuberRegressor,1.1,0.6251,0.4749,0.4749
As_num,18,M1_Core,HuberRegressor,0.25,0.479,-0.229,0.229
As_num,18,M1_Core,HuberRegressor,0.25,0.1538,0.0962,0.0962
As_num,18,M1_Core,HuberRegressor,0.9,0.6355,0.2645,0.2645
As_num,18,M1_Core,HuberRegressor,1.0,0.5459,0.4541,0.4541
As_num,18,M1_Core,HuberRegressor,0.9,1.0585,-0.1585,0.1585
As_num,18,M1_Core,HuberRegressor,12.3,0.6176,11.6824,11.6824
As_num,18,M1_Core,HuberRegressor,27.8,0.6591,27.1409,27.1409
As_num,18,M1_Core,ExtraTrees,1.1,0.6342,0.4658,0.4658
As_num,18,M1_Core,ExtraTrees,0.25,0.478,-0.228,0.228
As_num,18,M1_Core,ExtraTrees,0.25,0.4404,-0.1904,0.1904
As_num,18,M1_Core,ExtraTrees,0.9,0.9193,-0.0193,0.0193
As_num,18,M1_Core,ExtraTrees,1.0,0.8775,0.1225,0.1225
As_num,18,M1_Core,ExtraTrees,0.9,1.1578,-0.2578,0.2578
As_num,18,M1_Core,ExtraTrees,12.3,1.1907,11.1093,11.1093
As_num,18,M1_Core,ExtraTrees,27.8,0.7591,27.0409,27.0409
As_num,18,M7_TargetSpecific_Selected,Ridge,1.1,1.164,-0.064,0.064
As_num,18,M7_TargetSpecific_Selected,Ridge,0.25,0.9549,-0.7049,0.7049
As_num,18,M7_TargetSpecific_Selected,Ridge,0.25,0.0,0.25,0.25
As_num,18,M7_TargetSpecific_Selected,Ridge,0.9,1.5101,-0.6101,0.6101
As_num,18,M7_TargetSpecific_Selected,Ridge,1.0,0.1131,0.8869,0.8869
As_num,18,M7_TargetSpecific_Selected,Ridge,0.9,2.3448,-1.4448,1.4448
As_num,18,M7_TargetSpecific_Selected,Ridge,12.3,1.9926,10.3074,10.3074
As_num,18,M7_TargetSpecific_Selected,Ridge,27.8,1.2711,26.5289,26.5289
As_num,18,M7_TargetSpecific_Selected,HuberRegressor,1.1,0.8064,0.2936,0.2936
As_num,18,M7_TargetSpecific_Selected,HuberRegressor,0.25,0.4895,-0.2395,0.2395
As_num,18,M7_TargetSpecific_Selected,HuberRegressor,0.25,0.0,0.25,0.25
As_num,18,M7_TargetSpecific_Selected,HuberRegressor,0.9,0.8282,0.0718,0.0718
As_num,18,M7_TargetSpecific_Selected,HuberRegressor,1.0,0.3575,0.6425,0.6425
As_num,18,M7_TargetSpecific_Selected,HuberRegressor,0.9,1.1632,-0.2632,0.2632
As_num,18,M7_TargetSpecific_Selected,HuberRegressor,12.3,1.1409,11.1591,11.1591
As_num,18,M7_TargetSpecific_Selected,HuberRegressor,27.8,0.525,27.275,27.275
As_num,18,M7_TargetSpecific_Selected,ExtraTrees,1.1,0.5515,0.5485,0.5485
As_num,18,M7_TargetSpecific_Selected,ExtraTrees,0.25,0.5809,-0.3309,0.3309
As_num,18,M7_TargetSpecific_Selected,ExtraTrees,0.25,0.7565,-0.5065,0.5065
As_num,18,M7_TargetSpecific_Selected,ExtraTrees,0.9,0.7918,0.1082,0.1082
As_num,18,M7_TargetSpecific_Selected,ExtraTrees,1.0,0.855,0.145,0.145
As_num,18,M7_TargetSpecific_Selected,ExtraTrees,0.9,2.7466,-1.8466,1.8466
As_num,18,M7_TargetSpecific_Selected,ExtraTrees,12.3,1.5453,10.7547,10.7547
As_num,18,M7_TargetSpecific_Selected,ExtraTrees,27.8,0.7821,27.0179,27.0179
As_num,19,M1_Core,Ridge,1.0,0.2057,0.7943,0.7943
As_num,19,M1_Core,Ridge,0.25,0.255,-0.005,0.005
As_num,19,M1_Core,Ridge,0.25,1.8638,-1.6138,1.6138
As_num,19,M1_Core,Ridge,0.25,0.9912,-0.7412,0.7412
As_num,19,M1_Core,Ridge,0.5,0.6534,-0.1534,0.1534
As_num,19,M1_Core,Ridge,0.6,3.2995,-2.6995,2.6995
As_num,19,M1_Core,Ridge,15.4,1.0844,14.3156,14.3156
As_num,19,M1_Core,Ridge,1.9,1.1092,0.7908,0.7908
As_num,19,M1_Core,HuberRegressor,1.0,0.3778,0.6222,0.6222
As_num,19,M1_Core,HuberRegressor,0.25,0.43,-0.18,0.18
As_num,19,M1_Core,HuberRegressor,0.25,1.1629,-0.9129,0.9129
As_num,19,M1_Core,HuberRegressor,0.25,0.5025,-0.2525,0.2525
As_num,19,M1_Core,HuberRegressor,0.5,0.373,0.127,0.127
As_num,19,M1_Core,HuberRegressor,0.6,1.7527,-1.1527,1.1527
As_num,19,M1_Core,HuberRegressor,15.4,0.6011,14.7989,14.7989
As_num,19,M1_Core,HuberRegressor,1.9,0.9793,0.9207,0.9207
As_num,19,M1_Core,ExtraTrees,1.0,0.7631,0.2369,0.2369
As_num,19,M1_Core,ExtraTrees,0.25,0.7669,-0.5169,0.5169
As_num,19,M1_Core,ExtraTrees,0.25,3.6343,-3.3843,3.3843
As_num,19,M1_Core,ExtraTrees,0.25,0.9469,-0.6969,0.6969
As_num,19,M1_Core,ExtraTrees,0.5,1.7833,-1.2833,1.2833
As_num,19,M1_Core,ExtraTrees,0.6,2.5905,-1.9905,1.9905
As_num,19,M1_Core,ExtraTrees,15.4,1.0904,14.3096,14.3096
As_num,19,M1_Core,ExtraTrees,1.9,1.2071,0.6929,0.6929
As_num,19,M7_TargetSpecific_Selected,Ridge,1.0,0.0325,0.9675,0.9675
As_num,19,M7_TargetSpecific_Selected,Ridge,0.25,0.0,0.25,0.25
As_num,19,M7_TargetSpecific_Selected,Ridge,0.25,1.7604,-1.5104,1.5104
As_num,19,M7_TargetSpecific_Selected,Ridge,0.25,1.2505,-1.0005,1.0005
As_num,19,M7_TargetSpecific_Selected,Ridge,0.5,0.6897,-0.1897,0.1897
As_num,19,M7_TargetSpecific_Selected,Ridge,0.6,7.0437,-6.4437,6.4437
As_num,19,M7_TargetSpecific_Selected,Ridge,15.4,1.7823,13.6177,13.6177
As_num,19,M7_TargetSpecific_Selected,Ridge,1.9,1.191,0.709,0.709
As_num,19,M7_TargetSpecific_Selected,HuberRegressor,1.0,0.8007,0.1993,0.1993
As_num,19,M7_TargetSpecific_Selected,HuberRegressor,0.25,0.6941,-0.4441,0.4441
As_num,19,M7_TargetSpecific_Selected,HuberRegressor,0.25,1.0021,-0.7521,0.7521
As_num,19,M7_TargetSpecific_Selected,HuberRegressor,0.25,0.5904,-0.3404,0.3404
As_num,19,M7_TargetSpecific_Selected,HuberRegressor,0.5,0.4436,0.0564,0.0564
As_num,19,M7_TargetSpecific_Selected,HuberRegressor,0.6,5.9526,-5.3526,5.3526
As_num,19,M7_TargetSpecific_Selected,HuberRegressor,15.4,0.6801,14.7199,14.7199
As_num,19,M7_TargetSpecific_Selected,HuberRegressor,1.9,1.2587,0.6413,0.6413
As_num,19,M7_TargetSpecific_Selected,ExtraTrees,1.0,0.9163,0.0837,0.0837
As_num,19,M7_TargetSpecific_Selected,ExtraTrees,0.25,0.7162,-0.4662,0.4662
As_num,19,M7_TargetSpecific_Selected,ExtraTrees,0.25,2.6472,-2.3972,2.3972
As_num,19,M7_TargetSpecific_Selected,ExtraTrees,0.25,1.0484,-0.7984,0.7984
As_num,19,M7_TargetSpecific_Selected,ExtraTrees,0.5,1.2587,-0.7587,0.7587
As_num,19,M7_TargetSpecific_Selected,ExtraTrees,0.6,1.9605,-1.3605,1.3605
As_num,19,M7_TargetSpecific_Selected,ExtraTrees,15.4,1.7931,13.6069,13.6069
As_num,19,M7_TargetSpecific_Selected,ExtraTrees,1.9,1.1264,0.7736,0.7736
As_num,20,M1_Core,Ridge,2.2,1.6452,0.5548,0.5548
As_num,20,M1_Core,Ridge,0.25,1.1364,-0.8864,0.8864
As_num,20,M1_Core,Ridge,0.25,0.7254,-0.4754,0.4754
As_num,20,M1_Core,Ridge,4.0,1.551,2.449,2.449
As_num,20,M1_Core,Ridge,0.25,1.5263,-1.2763,1.2763
As_num,20,M1_Core,Ridge,0.6,1.515,-0.915,0.915
As_num,20,M1_Core,Ridge,0.25,2.1323,-1.8823,1.8823
As_num,20,M1_Core,Ridge,0.25,1.5936,-1.3436,1.3436
As_num,20,M1_Core,HuberRegressor,2.2,0.8209,1.3791,1.3791
As_num,20,M1_Core,HuberRegressor,0.25,0.898,-0.648,0.648
As_num,20,M1_Core,HuberRegressor,0.25,1.1414,-0.8914,0.8914
As_num,20,M1_Core,HuberRegressor,4.0,0.8652,3.1348,3.1348
As_num,20,M1_Core,HuberRegressor,0.25,0.8351,-0.5851,0.5851
As_num,20,M1_Core,HuberRegressor,0.6,0.7132,-0.1132,0.1132
As_num,20,M1_Core,HuberRegressor,0.25,1.1906,-0.9406,0.9406
As_num,20,M1_Core,HuberRegressor,0.25,0.7282,-0.4782,0.4782
As_num,20,M1_Core,ExtraTrees,2.2,1.1287,1.0713,1.0713
As_num,20,M1_Core,ExtraTrees,0.25,1.2649,-1.0149,1.0149
As_num,20,M1_Core,ExtraTrees,0.25,0.7576,-0.5076,0.5076
As_num,20,M1_Core,ExtraTrees,4.0,1.1388,2.8612,2.8612
As_num,20,M1_Core,ExtraTrees,0.25,1.1058,-0.8558,0.8558
As_num,20,M1_Core,ExtraTrees,0.6,2.6979,-2.0979,2.0979
As_num,20,M1_Core,ExtraTrees,0.25,2.6281,-2.3781,2.3781
As_num,20,M1_Core,ExtraTrees,0.25,2.2132,-1.9632,1.9632
As_num,20,M7_TargetSpecific_Selected,Ridge,2.2,2.0023,0.1977,0.1977
As_num,20,M7_TargetSpecific_Selected,Ridge,0.25,1.1004,-0.8504,0.8504
As_num,20,M7_TargetSpecific_Selected,Ridge,0.25,0.1295,0.1205,0.1205
As_num,20,M7_TargetSpecific_Selected,Ridge,4.0,1.1934,2.8066,2.8066
As_num,20,M7_TargetSpecific_Selected,Ridge,0.25,1.7214,-1.4714,1.4714
As_num,20,M7_TargetSpecific_Selected,Ridge,0.6,2.1899,-1.5899,1.5899
As_num,20,M7_TargetSpecific_Selected,Ridge,0.25,1.7617,-1.5117,1.5117
As_num,20,M7_TargetSpecific_Selected,Ridge,0.25,2.4635,-2.2135,2.2135
As_num,20,M7_TargetSpecific_Selected,HuberRegressor,2.2,0.7668,1.4332,1.4332
As_num,20,M7_TargetSpecific_Selected,HuberRegressor,0.25,0.5393,-0.2893,0.2893
As_num,20,M7_TargetSpecific_Selected,HuberRegressor,0.25,0.4004,-0.1504,0.1504
As_num,20,M7_TargetSpecific_Selected,HuberRegressor,4.0,0.5747,3.4253,3.4253
As_num,20,M7_TargetSpecific_Selected,HuberRegressor,0.25,1.0611,-0.8111,0.8111
As_num,20,M7_TargetSpecific_Selected,HuberRegressor,0.6,0.9351,-0.3351,0.3351
As_num,20,M7_TargetSpecific_Selected,HuberRegressor,0.25,1.0615,-0.8115,0.8115
As_num,20,M7_TargetSpecific_Selected,HuberRegressor,0.25,1.0051,-0.7551,0.7551
As_num,20,M7_TargetSpecific_Selected,ExtraTrees,2.2,1.0948,1.1052,1.1052
As_num,20,M7_TargetSpecific_Selected,ExtraTrees,0.25,0.6349,-0.3849,0.3849
As_num,20,M7_TargetSpecific_Selected,ExtraTrees,0.25,0.4771,-0.2271,0.2271
As_num,20,M7_TargetSpecific_Selected,ExtraTrees,4.0,0.6067,3.3933,3.3933
As_num,20,M7_TargetSpecific_Selected,ExtraTrees,0.25,0.9382,-0.6882,0.6882
As_num,20,M7_TargetSpecific_Selected,ExtraTrees,0.6,2.113,-1.513,1.513
As_num,20,M7_TargetSpecific_Selected,ExtraTrees,0.25,1.6241,-1.3741,1.3741
As_num,20,M7_TargetSpecific_Selected,ExtraTrees,0.25,3.3727,-3.1227,3.1227
As_num,21,M1_Core,Ridge,0.25,1.4933,-1.2433,1.2433
As_num,21,M1_Core,Ridge,0.25,0.5545,-0.3045,0.3045
As_num,21,M1_Core,Ridge,0.25,1.865,-1.615,1.615
As_num,21,M1_Core,Ridge,0.25,2.2679,-2.0179,2.0179
As_num,21,M1_Core,Ridge,0.5,0.6176,-0.1176,0.1176
As_num,21,M1_Core,Ridge,1.0,0.0959,0.9041,0.9041
As_num,21,M1_Core,Ridge,1.7,3.45,-1.75,1.75
As_num,21,M1_Core,Ridge,15.4,1.2452,14.1548,14.1548
As_num,21,M1_Core,HuberRegressor,0.25,0.767,-0.517,0.517
As_num,21,M1_Core,HuberRegressor,0.25,0.6914,-0.4414,0.4414
As_num,21,M1_Core,HuberRegressor,0.25,1.0934,-0.8434,0.8434
As_num,21,M1_Core,HuberRegressor,0.25,1.7749,-1.5249,1.5249
As_num,21,M1_Core,HuberRegressor,0.5,0.344,0.156,0.156
As_num,21,M1_Core,HuberRegressor,1.0,0.1785,0.8215,0.8215
As_num,21,M1_Core,HuberRegressor,1.7,2.1737,-0.4737,0.4737
As_num,21,M1_Core,HuberRegressor,15.4,0.7526,14.6474,14.6474
As_num,21,M1_Core,ExtraTrees,0.25,1.4127,-1.1627,1.1627
As_num,21,M1_Core,ExtraTrees,0.25,0.8571,-0.6071,0.6071
As_num,21,M1_Core,ExtraTrees,0.25,1.6942,-1.4442,1.4442
As_num,21,M1_Core,ExtraTrees,0.25,3.4914,-3.2414,3.2414
As_num,21,M1_Core,ExtraTrees,0.5,1.0436,-0.5436,0.5436
As_num,21,M1_Core,ExtraTrees,1.0,1.7763,-0.7763,0.7763
As_num,21,M1_Core,ExtraTrees,1.7,2.9234,-1.2234,1.2234
As_num,21,M1_Core,ExtraTrees,15.4,1.4635,13.9365,13.9365
As_num,21,M7_TargetSpecific_Selected,Ridge,0.25,1.6441,-1.3941,1.3941
As_num,21,M7_TargetSpecific_Selected,Ridge,0.25,0.6635,-0.4135,0.4135
As_num,21,M7_TargetSpecific_Selected,Ridge,0.25,2.4798,-2.2298,2.2298
As_num,21,M7_TargetSpecific_Selected,Ridge,0.25,2.0972,-1.8472,1.8472
As_num,21,M7_TargetSpecific_Selected,Ridge,0.5,0.4965,0.0035,0.0035
As_num,21,M7_TargetSpecific_Selected,Ridge,1.0,0.2591,0.7409,0.7409
As_num,21,M7_TargetSpecific_Selected,Ridge,1.7,3.1394,-1.4394,1.4394
As_num,21,M7_TargetSpecific_Selected,Ridge,15.4,1.932,13.468,13.468
As_num,21,M7_TargetSpecific_Selected,HuberRegressor,0.25,0.6324,-0.3824,0.3824
As_num,21,M7_TargetSpecific_Selected,HuberRegressor,0.25,0.2151,0.0349,0.0349
As_num,21,M7_TargetSpecific_Selected,HuberRegressor,0.25,0.909,-0.659,0.659
As_num,21,M7_TargetSpecific_Selected,HuberRegressor,0.25,2.0192,-1.7692,1.7692
As_num,21,M7_TargetSpecific_Selected,HuberRegressor,0.5,0.6943,-0.1943,0.1943
As_num,21,M7_TargetSpecific_Selected,HuberRegressor,1.0,0.0081,0.9919,0.9919
As_num,21,M7_TargetSpecific_Selected,HuberRegressor,1.7,1.9226,-0.2226,0.2226
As_num,21,M7_TargetSpecific_Selected,HuberRegressor,15.4,0.9194,14.4806,14.4806
As_num,21,M7_TargetSpecific_Selected,ExtraTrees,0.25,1.2884,-1.0384,1.0384
As_num,21,M7_TargetSpecific_Selected,ExtraTrees,0.25,0.5991,-0.3491,0.3491
As_num,21,M7_TargetSpecific_Selected,ExtraTrees,0.25,1.7895,-1.5395,1.5395
As_num,21,M7_TargetSpecific_Selected,ExtraTrees,0.25,3.1982,-2.9482,2.9482
As_num,21,M7_TargetSpecific_Selected,ExtraTrees,0.5,0.6217,-0.1217,0.1217
As_num,21,M7_TargetSpecific_Selected,ExtraTrees,1.0,2.4166,-1.4166,1.4166
As_num,21,M7_TargetSpecific_Selected,ExtraTrees,1.7,2.2974,-0.5974,0.5974
As_num,21,M7_TargetSpecific_Selected,ExtraTrees,15.4,1.9549,13.4451,13.4451
As_num,22,M1_Core,Ridge,1.1,1.1515,-0.0515,0.0515
As_num,22,M1_Core,Ridge,0.25,0.7058,-0.4558,0.4558
As_num,22,M1_Core,Ridge,0.8,1.6741,-0.8741,0.8741
As_num,22,M1_Core,Ridge,0.9,1.2979,-0.3979,0.3979
As_num,22,M1_Core,Ridge,0.25,0.9864,-0.7364,0.7364
As_num,22,M1_Core,Ridge,0.25,0.9849,-0.7349,0.7349
As_num,22,M1_Core,Ridge,0.25,3.8782,-3.6282,3.6282
As_num,22,M1_Core,Ridge,27.8,1.1902,26.6098,26.6098
As_num,22,M1_Core,HuberRegressor,1.1,0.7361,0.3639,0.3639
As_num,22,M1_Core,HuberRegressor,0.25,0.4551,-0.2051,0.2051
As_num,22,M1_Core,HuberRegressor,0.8,0.9284,-0.1284,0.1284
As_num,22,M1_Core,HuberRegressor,0.9,0.7465,0.1535,0.1535
As_num,22,M1_Core,HuberRegressor,0.25,0.59,-0.34,0.34
As_num,22,M1_Core,HuberRegressor,0.25,0.5444,-0.2944,0.2944
As_num,22,M1_Core,HuberRegressor,0.25,2.4347,-2.1847,2.1847
As_num,22,M1_Core,HuberRegressor,27.8,0.6855,27.1145,27.1145
As_num,22,M1_Core,ExtraTrees,1.1,0.5267,0.5733,0.5733
As_num,22,M1_Core,ExtraTrees,0.25,0.4373,-0.1873,0.1873
As_num,22,M1_Core,ExtraTrees,0.8,1.3711,-0.5711,0.5711
As_num,22,M1_Core,ExtraTrees,0.9,1.0659,-0.1659,0.1659
As_num,22,M1_Core,ExtraTrees,0.25,1.4739,-1.2239,1.2239
As_num,22,M1_Core,ExtraTrees,0.25,1.5794,-1.3294,1.3294
As_num,22,M1_Core,ExtraTrees,0.25,3.3265,-3.0765,3.0765
As_num,22,M1_Core,ExtraTrees,27.8,0.9118,26.8882,26.8882
As_num,22,M7_TargetSpecific_Selected,Ridge,1.1,1.2613,-0.1613,0.1613
As_num,22,M7_TargetSpecific_Selected,Ridge,0.25,1.05,-0.8,0.8
As_num,22,M7_TargetSpecific_Selected,Ridge,0.8,1.7897,-0.9897,0.9897
As_num,22,M7_TargetSpecific_Selected,Ridge,0.9,1.7496,-0.8496,0.8496
As_num,22,M7_TargetSpecific_Selected,Ridge,0.25,0.5513,-0.3013,0.3013
As_num,22,M7_TargetSpecific_Selected,Ridge,0.25,1.2461,-0.9961,0.9961
As_num,22,M7_TargetSpecific_Selected,Ridge,0.25,3.1149,-2.8649,2.8649
As_num,22,M7_TargetSpecific_Selected,Ridge,27.8,1.4157,26.3843,26.3843
As_num,22,M7_TargetSpecific_Selected,HuberRegressor,1.1,0.8487,0.2513,0.2513
As_num,22,M7_TargetSpecific_Selected,HuberRegressor,0.25,0.5226,-0.2726,0.2726
As_num,22,M7_TargetSpecific_Selected,HuberRegressor,0.8,1.0943,-0.2943,0.2943
As_num,22,M7_TargetSpecific_Selected,HuberRegressor,0.9,0.9728,-0.0728,0.0728
As_num,22,M7_TargetSpecific_Selected,HuberRegressor,0.25,0.2761,-0.0261,0.0261
As_num,22,M7_TargetSpecific_Selected,HuberRegressor,0.25,0.7867,-0.5367,0.5367
As_num,22,M7_TargetSpecific_Selected,HuberRegressor,0.25,1.9593,-1.7093,1.7093
As_num,22,M7_TargetSpecific_Selected,HuberRegressor,27.8,0.5346,27.2654,27.2654
As_num,22,M7_TargetSpecific_Selected,ExtraTrees,1.1,0.4648,0.6352,0.6352
As_num,22,M7_TargetSpecific_Selected,ExtraTrees,0.25,0.5931,-0.3431,0.3431
As_num,22,M7_TargetSpecific_Selected,ExtraTrees,0.8,1.0858,-0.2858,0.2858
As_num,22,M7_TargetSpecific_Selected,ExtraTrees,0.9,0.9274,-0.0274,0.0274
As_num,22,M7_TargetSpecific_Selected,ExtraTrees,0.25,0.8287,-0.5787,0.5787
As_num,22,M7_TargetSpecific_Selected,ExtraTrees,0.25,0.9783,-0.7283,0.7283
As_num,22,M7_TargetSpecific_Selected,ExtraTrees,0.25,5.9607,-5.7107,5.7107
As_num,22,M7_TargetSpecific_Selected,ExtraTrees,27.8,1.1148,26.6852,26.6852
As_num,23,M1_Core,Ridge,1.0,0.0189,0.9811,0.9811
As_num,23,M1_Core,Ridge,0.25,0.5694,-0.3194,0.3194
As_num,23,M1_Core,Ridge,0.6,3.6539,-3.0539,3.0539
As_num,23,M1_Core,Ridge,5.5,2.7019,2.7981,2.7981
As_num,23,M1_Core,Ridge,0.9,2.1848,-1.2848,1.2848
As_num,23,M1_Core,Ridge,12.3,0.8478,11.4522,11.4522
As_num,23,M1_Core,Ridge,3.5,1.0704,2.4296,2.4296
As_num,23,M1_Core,Ridge,1.9,0.938,0.962,0.962
As_num,23,M1_Core,HuberRegressor,1.0,0.2386,0.7614,0.7614
As_num,23,M1_Core,HuberRegressor,0.25,0.3936,-0.1436,0.1436
As_num,23,M1_Core,HuberRegressor,0.6,1.3999,-0.7999,0.7999
As_num,23,M1_Core,HuberRegressor,5.5,0.924,4.576,4.576
As_num,23,M1_Core,HuberRegressor,0.9,0.8296,0.0704,0.0704
As_num,23,M1_Core,HuberRegressor,12.3,0.5147,11.7853,11.7853
As_num,23,M1_Core,HuberRegressor,3.5,0.5789,2.9211,2.9211
As_num,23,M1_Core,HuberRegressor,1.9,0.7212,1.1788,1.1788
As_num,23,M1_Core,ExtraTrees,1.0,0.7109,0.2891,0.2891
As_num,23,M1_Core,ExtraTrees,0.25,0.4823,-0.2323,0.2323
As_num,23,M1_Core,ExtraTrees,0.6,1.9947,-1.3947,1.3947
As_num,23,M1_Core,ExtraTrees,5.5,1.8016,3.6984,3.6984
As_num,23,M1_Core,ExtraTrees,0.9,1.4188,-0.5188,0.5188
As_num,23,M1_Core,ExtraTrees,12.3,1.1986,11.1014,11.1014
As_num,23,M1_Core,ExtraTrees,3.5,1.0695,2.4305,2.4305
As_num,23,M1_Core,ExtraTrees,1.9,1.1315,0.7685,0.7685
As_num,23,M7_TargetSpecific_Selected,Ridge,1.0,0.0,1.0,1.0
As_num,23,M7_TargetSpecific_Selected,Ridge,0.25,0.0,0.25,0.25
As_num,23,M7_TargetSpecific_Selected,Ridge,0.6,5.1779,-4.5779,4.5779
As_num,23,M7_TargetSpecific_Selected,Ridge,5.5,3.0328,2.4672,2.4672
As_num,23,M7_TargetSpecific_Selected,Ridge,0.9,3.1674,-2.2674,2.2674
As_num,23,M7_TargetSpecific_Selected,Ridge,12.3,1.6598,10.6402,10.6402
As_num,23,M7_TargetSpecific_Selected,Ridge,3.5,1.5631,1.9369,1.9369
As_num,23,M7_TargetSpecific_Selected,Ridge,1.9,1.3685,0.5315,0.5315
As_num,23,M7_TargetSpecific_Selected,HuberRegressor,1.0,0.0871,0.9129,0.9129
As_num,23,M7_TargetSpecific_Selected,HuberRegressor,0.25,0.0,0.25,0.25
As_num,23,M7_TargetSpecific_Selected,HuberRegressor,0.6,2.8568,-2.2568,2.2568
As_num,23,M7_TargetSpecific_Selected,HuberRegressor,5.5,1.0622,4.4378,4.4378
As_num,23,M7_TargetSpecific_Selected,HuberRegressor,0.9,1.0577,-0.1577,0.1577
As_num,23,M7_TargetSpecific_Selected,HuberRegressor,12.3,0.6352,11.6648,11.6648
As_num,23,M7_TargetSpecific_Selected,HuberRegressor,3.5,0.8515,2.6485,2.6485
As_num,23,M7_TargetSpecific_Selected,HuberRegressor,1.9,0.901,0.999,0.999
As_num,23,M7_TargetSpecific_Selected,ExtraTrees,1.0,0.7905,0.2095,0.2095
As_num,23,M7_TargetSpecific_Selected,ExtraTrees,0.25,0.6413,-0.3913,0.3913
As_num,23,M7_TargetSpecific_Selected,ExtraTrees,0.6,2.501,-1.901,1.901
As_num,23,M7_TargetSpecific_Selected,ExtraTrees,5.5,2.3582,3.1418,3.1418
As_num,23,M7_TargetSpecific_Selected,ExtraTrees,0.9,3.861,-2.961,2.961
As_num,23,M7_TargetSpecific_Selected,ExtraTrees,12.3,1.2674,11.0326,11.0326
As_num,23,M7_TargetSpecific_Selected,ExtraTrees,3.5,1.3237,2.1763,2.1763
As_num,23,M7_TargetSpecific_Selected,ExtraTrees,1.9,1.5754,0.3246,0.3246
As_num,24,M1_Core,Ridge,0.8,0.0,0.8,0.8
As_num,24,M1_Core,Ridge,1.9,1.5948,0.3052,0.3052
As_num,24,M1_Core,Ridge,0.25,1.2358,-0.9858,0.9858
As_num,24,M1_Core,Ridge,0.5,1.313,-0.813,0.813
As_num,24,M1_Core,Ridge,0.5,1.3765,-0.8765,0.8765
As_num,24,M1_Core,Ridge,0.25,1.235,-0.985,0.985
As_num,24,M1_Core,Ridge,1.1,1.4822,-0.3822,0.3822
As_num,24,M1_Core,Ridge,28.7,1.6163,27.0837,27.0837
As_num,24,M1_Core,HuberRegressor,0.8,0.0,0.8,0.8
As_num,24,M1_Core,HuberRegressor,1.9,1.1037,0.7963,0.7963
As_num,24,M1_Core,HuberRegressor,0.25,0.8343,-0.5843,0.5843
As_num,24,M1_Core,HuberRegressor,0.5,0.4104,0.0896,0.0896
As_num,24,M1_Core,HuberRegressor,0.5,0.6994,-0.1994,0.1994
As_num,24,M1_Core,HuberRegressor,0.25,2.3516,-2.1016,2.1016
As_num,24,M1_Core,HuberRegressor,1.1,1.4283,-0.3283,0.3283
As_num,24,M1_Core,HuberRegressor,28.7,1.3403,27.3597,27.3597
As_num,24,M1_Core,ExtraTrees,0.8,0.3063,0.4937,0.4937
As_num,24,M1_Core,ExtraTrees,1.9,1.3796,0.5204,0.5204
As_num,24,M1_Core,ExtraTrees,0.25,0.9347,-0.6847,0.6847
As_num,24,M1_Core,ExtraTrees,0.5,0.976,-0.476,0.476
As_num,24,M1_Core,ExtraTrees,0.5,2.0957,-1.5957,1.5957
As_num,24,M1_Core,ExtraTrees,0.25,1.7551,-1.5051,1.5051
As_num,24,M1_Core,ExtraTrees,1.1,1.9609,-0.8609,0.8609
As_num,24,M1_Core,ExtraTrees,28.7,0.6323,28.0677,28.0677
As_num,24,M7_TargetSpecific_Selected,Ridge,0.8,0.3585,0.4415,0.4415
As_num,24,M7_TargetSpecific_Selected,Ridge,1.9,0.5951,1.3049,1.3049
As_num,24,M7_TargetSpecific_Selected,Ridge,0.25,1.2615,-1.0115,1.0115
As_num,24,M7_TargetSpecific_Selected,Ridge,0.5,1.4611,-0.9611,0.9611
As_num,24,M7_TargetSpecific_Selected,Ridge,0.5,1.2357,-0.7357,0.7357
As_num,24,M7_TargetSpecific_Selected,Ridge,0.25,1.4197,-1.1697,1.1697
As_num,24,M7_TargetSpecific_Selected,Ridge,1.1,1.9519,-0.8519,0.8519
As_num,24,M7_TargetSpecific_Selected,Ridge,28.7,1.5992,27.1008,27.1008
As_num,24,M7_TargetSpecific_Selected,HuberRegressor,0.8,0.2318,0.5682,0.5682
As_num,24,M7_TargetSpecific_Selected,HuberRegressor,1.9,0.6611,1.2389,1.2389
As_num,24,M7_TargetSpecific_Selected,HuberRegressor,0.25,0.7572,-0.5072,0.5072
As_num,24,M7_TargetSpecific_Selected,HuberRegressor,0.5,0.7679,-0.2679,0.2679
As_num,24,M7_TargetSpecific_Selected,HuberRegressor,0.5,0.8008,-0.3008,0.3008
As_num,24,M7_TargetSpecific_Selected,HuberRegressor,0.25,1.0485,-0.7985,0.7985
As_num,24,M7_TargetSpecific_Selected,HuberRegressor,1.1,1.0406,0.0594,0.0594
As_num,24,M7_TargetSpecific_Selected,HuberRegressor,28.7,1.0401,27.6599,27.6599
As_num,24,M7_TargetSpecific_Selected,ExtraTrees,0.8,0.6272,0.1728,0.1728
As_num,24,M7_TargetSpecific_Selected,ExtraTrees,1.9,0.6472,1.2528,1.2528
As_num,24,M7_TargetSpecific_Selected,ExtraTrees,0.25,0.721,-0.471,0.471
As_num,24,M7_TargetSpecific_Selected,ExtraTrees,0.5,0.6217,-0.1217,0.1217
As_num,24,M7_TargetSpecific_Selected,ExtraTrees,0.5,0.892,-0.392,0.392
As_num,24,M7_TargetSpecific_Selected,ExtraTrees,0.25,2.252,-2.002,2.002
As_num,24,M7_TargetSpecific_Selected,ExtraTrees,1.1,2.2623,-1.1623,1.1623
As_num,24,M7_TargetSpecific_Selected,ExtraTrees,28.7,2.2406,26.4594,26.4594
Fe_num,0,M1_Core,Ridge,0.17,1.3574,-1.1874,1.1874
Fe_num,0,M1_Core,Ridge,0.018,1.861,-1.843,1.843
Fe_num,0,M1_Core,Ridge,0.182,0.4404,-0.2584,0.2584
Fe_num,0,M1_Core,Ridge,2.13,1.1359,0.9941,0.9941
Fe_num,0,M1_Core,Ridge,0.016,0.5869,-0.5709,0.5709
Fe_num,0,M1_Core,Ridge,0.03,0.8533,-0.8233,0.8233
Fe_num,0,M1_Core,Ridge,0.174,0.9425,-0.7685,0.7685
Fe_num,0,M1_Core,Ridge,0.061,0.1661,-0.1051,0.1051
Fe_num,0,M1_Core,HuberRegressor,0.17,0.5942,-0.4242,0.4242
Fe_num,0,M1_Core,HuberRegressor,0.018,0.8208,-0.8028,0.8028
Fe_num,0,M1_Core,HuberRegressor,0.182,0.14,0.042,0.042
Fe_num,0,M1_Core,HuberRegressor,2.13,0.4724,1.6576,1.6576
Fe_num,0,M1_Core,HuberRegressor,0.016,0.2363,-0.2203,0.2203
Fe_num,0,M1_Core,HuberRegressor,0.03,0.168,-0.138,0.138
Fe_num,0,M1_Core,HuberRegressor,0.174,0.3566,-0.1826,0.1826
Fe_num,0,M1_Core,HuberRegressor,0.061,0.0226,0.0384,0.0384
Fe_num,0,M1_Core,ExtraTrees,0.17,0.7258,-0.5558,0.5558
Fe_num,0,M1_Core,ExtraTrees,0.018,1.3642,-1.3462,1.3462
Fe_num,0,M1_Core,ExtraTrees,0.182,0.8052,-0.6232,0.6232
Fe_num,0,M1_Core,ExtraTrees,2.13,0.7927,1.3373,1.3373
Fe_num,0,M1_Core,ExtraTrees,0.016,1.4036,-1.3876,1.3876
Fe_num,0,M1_Core,ExtraTrees,0.03,0.4092,-0.3792,0.3792
Fe_num,0,M1_Core,ExtraTrees,0.174,0.8458,-0.6718,0.6718
Fe_num,0,M1_Core,ExtraTrees,0.061,0.3086,-0.2476,0.2476
Fe_num,0,M7_TargetSpecific_Selected,Ridge,0.17,1.7423,-1.5723,1.5723
Fe_num,0,M7_TargetSpecific_Selected,Ridge,0.018,4.0379,-4.0199,4.0199
Fe_num,0,M7_TargetSpecific_Selected,Ridge,0.182,0.6192,-0.4372,0.4372
Fe_num,0,M7_TargetSpecific_Selected,Ridge,2.13,1.2829,0.8471,0.8471
Fe_num,0,M7_TargetSpecific_Selected,Ridge,0.016,0.5793,-0.5633,0.5633
Fe_num,0,M7_TargetSpecific_Selected,Ridge,0.03,0.6263,-0.5963,0.5963
Fe_num,0,M7_TargetSpecific_Selected,Ridge,0.174,1.1051,-0.9311,0.9311
Fe_num,0,M7_TargetSpecific_Selected,Ridge,0.061,0.1692,-0.1082,0.1082
Fe_num,0,M7_TargetSpecific_Selected,HuberRegressor,0.17,0.5987,-0.4287,0.4287
Fe_num,0,M7_TargetSpecific_Selected,HuberRegressor,0.018,1.022,-1.004,1.004
Fe_num,0,M7_TargetSpecific_Selected,HuberRegressor,0.182,0.1938,-0.0118,0.0118
Fe_num,0,M7_TargetSpecific_Selected,HuberRegressor,2.13,0.5831,1.5469,1.5469
Fe_num,0,M7_TargetSpecific_Selected,HuberRegressor,0.016,0.2935,-0.2775,0.2775
Fe_num,0,M7_TargetSpecific_Selected,HuberRegressor,0.03,0.0,0.03,0.03
Fe_num,0,M7_TargetSpecific_Selected,HuberRegressor,0.174,0.4097,-0.2357,0.2357
Fe_num,0,M7_TargetSpecific_Selected,HuberRegressor,0.061,0.0415,0.0195,0.0195
Fe_num,0,M7_TargetSpecific_Selected,ExtraTrees,0.17,0.7854,-0.6154,0.6154
Fe_num,0,M7_TargetSpecific_Selected,ExtraTrees,0.018,1.9652,-1.9472,1.9472
Fe_num,0,M7_TargetSpecific_Selected,ExtraTrees,0.182,0.8118,-0.6298,0.6298
Fe_num,0,M7_TargetSpecific_Selected,ExtraTrees,2.13,0.6276,1.5024,1.5024
Fe_num,0,M7_TargetSpecific_Selected,ExtraTrees,0.016,1.1481,-1.1321,1.1321
Fe_num,0,M7_TargetSpecific_Selected,ExtraTrees,0.03,0.7098,-0.6798,0.6798
Fe_num,0,M7_TargetSpecific_Selected,ExtraTrees,0.174,0.9218,-0.7478,0.7478
Fe_num,0,M7_TargetSpecific_Selected,ExtraTrees,0.061,0.2896,-0.2286,0.2286
Fe_num,1,M1_Core,Ridge,0.027,0.0274,-0.0004,0.0004
Fe_num,1,M1_Core,Ridge,0.224,0.9222,-0.6982,0.6982
Fe_num,1,M1_Core,Ridge,0.356,1.036,-0.68,0.68
Fe_num,1,M1_Core,Ridge,0.988,1.0549,-0.0669,0.0669
Fe_num,1,M1_Core,Ridge,1.24,0.0,1.24,1.24
Fe_num,1,M1_Core,Ridge,0.037,0.5198,-0.4828,0.4828
Fe_num,1,M1_Core,Ridge,0.397,0.9726,-0.5756,0.5756
Fe_num,1,M1_Core,Ridge,19.6,0.4428,19.1572,19.1572
Fe_num,1,M1_Core,HuberRegressor,0.027,0.0,0.027,0.027
Fe_num,1,M1_Core,HuberRegressor,0.224,0.4785,-0.2545,0.2545
Fe_num,1,M1_Core,HuberRegressor,0.356,0.5444,-0.1884,0.1884
Fe_num,1,M1_Core,HuberRegressor,0.988,0.7068,0.2812,0.2812
Fe_num,1,M1_Core,HuberRegressor,1.24,0.0079,1.2321,1.2321
Fe_num,1,M1_Core,HuberRegressor,0.037,0.138,-0.101,0.101
Fe_num,1,M1_Core,HuberRegressor,0.397,0.4715,-0.0745,0.0745
Fe_num,1,M1_Core,HuberRegressor,19.6,0.2699,19.3301,19.3301
Fe_num,1,M1_Core,ExtraTrees,0.027,0.2785,-0.2515,0.2515
Fe_num,1,M1_Core,ExtraTrees,0.224,0.9577,-0.7337,0.7337
Fe_num,1,M1_Core,ExtraTrees,0.356,0.9733,-0.6173,0.6173
Fe_num,1,M1_Core,ExtraTrees,0.988,0.3763,0.6117,0.6117
Fe_num,1,M1_Core,ExtraTrees,1.24,0.1801,1.0599,1.0599
Fe_num,1,M1_Core,ExtraTrees,0.037,0.2224,-0.1854,0.1854
Fe_num,1,M1_Core,ExtraTrees,0.397,1.1492,-0.7522,0.7522
Fe_num,1,M1_Core,ExtraTrees,19.6,0.219,19.381,19.381
Fe_num,1,M7_TargetSpecific_Selected,Ridge,0.027,0.0,0.027,0.027
Fe_num,1,M7_TargetSpecific_Selected,Ridge,0.224,1.1922,-0.9682,0.9682
Fe_num,1,M7_TargetSpecific_Selected,Ridge,0.356,0.9002,-0.5442,0.5442
Fe_num,1,M7_TargetSpecific_Selected,Ridge,0.988,0.976,0.012,0.012
Fe_num,1,M7_TargetSpecific_Selected,Ridge,1.24,0.0,1.24,1.24
Fe_num,1,M7_TargetSpecific_Selected,Ridge,0.037,0.6608,-0.6238,0.6238
Fe_num,1,M7_TargetSpecific_Selected,Ridge,0.397,2.1025,-1.7055,1.7055
Fe_num,1,M7_TargetSpecific_Selected,Ridge,19.6,0.3804,19.2196,19.2196
Fe_num,1,M7_TargetSpecific_Selected,HuberRegressor,0.027,0.0,0.027,0.027
Fe_num,1,M7_TargetSpecific_Selected,HuberRegressor,0.224,1.0238,-0.7998,0.7998
Fe_num,1,M7_TargetSpecific_Selected,HuberRegressor,0.356,0.632,-0.276,0.276
Fe_num,1,M7_TargetSpecific_Selected,HuberRegressor,0.988,0.4966,0.4914,0.4914
Fe_num,1,M7_TargetSpecific_Selected,HuberRegressor,1.24,0.0,1.24,1.24
Fe_num,1,M7_TargetSpecific_Selected,HuberRegressor,0.037,0.2968,-0.2598,0.2598
Fe_num,1,M7_TargetSpecific_Selected,HuberRegressor,0.397,1.4486,-1.0516,1.0516
Fe_num,1,M7_TargetSpecific_Selected,HuberRegressor,19.6,0.7371,18.8629,18.8629
Fe_num,1,M7_TargetSpecific_Selected,ExtraTrees,0.027,0.2751,-0.2481,0.2481
Fe_num,1,M7_TargetSpecific_Selected,ExtraTrees,0.224,0.8705,-0.6465,0.6465
Fe_num,1,M7_TargetSpecific_Selected,ExtraTrees,0.356,0.7599,-0.4039,0.4039
Fe_num,1,M7_TargetSpecific_Selected,ExtraTrees,0.988,0.3712,0.6168,0.6168
Fe_num,1,M7_TargetSpecific_Selected,ExtraTrees,1.24,0.1397,1.1003,1.1003
Fe_num,1,M7_TargetSpecific_Selected,ExtraTrees,0.037,0.419,-0.382,0.382
Fe_num,1,M7_TargetSpecific_Selected,ExtraTrees,0.397,1.2196,-0.8226,0.8226
Fe_num,1,M7_TargetSpecific_Selected,ExtraTrees,19.6,0.1982,19.4018,19.4018
Fe_num,2,M1_Core,Ridge,0.06,0.0,0.06,0.06
Fe_num,2,M1_Core,Ridge,6.21,1.1398,5.0702,5.0702
Fe_num,2,M1_Core,Ridge,0.293,0.0,0.293,0.293
Fe_num,2,M1_Core,Ridge,0.271,0.0,0.271,0.271
Fe_num,2,M1_Core,Ridge,0.084,0.6129,-0.5289,0.5289
Fe_num,2,M1_Core,Ridge,0.354,0.8072,-0.4532,0.4532
Fe_num,2,M1_Core,Ridge,0.03,0.1046,-0.0746,0.0746
Fe_num,2,M1_Core,Ridge,3.99,0.7834,3.2066,3.2066
Fe_num,2,M1_Core,HuberRegressor,0.06,0.4558,-0.3958,0.3958
Fe_num,2,M1_Core,HuberRegressor,6.21,0.4815,5.7285,5.7285
Fe_num,2,M1_Core,HuberRegressor,0.293,0.3807,-0.0877,0.0877
Fe_num,2,M1_Core,HuberRegressor,0.271,0.4457,-0.1747,0.1747
Fe_num,2,M1_Core,HuberRegressor,0.084,0.2173,-0.1333,0.1333
Fe_num,2,M1_Core,HuberRegressor,0.354,0.2502,0.1038,0.1038
Fe_num,2,M1_Core,HuberRegressor,0.03,0.5909,-0.5609,0.5609
Fe_num,2,M1_Core,HuberRegressor,3.99,0.3597,3.6303,3.6303
Fe_num,2,M1_Core,ExtraTrees,0.06,0.756,-0.696,0.696
Fe_num,2,M1_Core,ExtraTrees,6.21,0.9798,5.2302,5.2302
Fe_num,2,M1_Core,ExtraTrees,0.293,0.6291,-0.3361,0.3361
Fe_num,2,M1_Core,ExtraTrees,0.271,0.6657,-0.3947,0.3947
Fe_num,2,M1_Core,ExtraTrees,0.084,0.74,-0.656,0.656
Fe_num,2,M1_Core,ExtraTrees,0.354,0.1947,0.1593,0.1593
Fe_num,2,M1_Core,ExtraTrees,0.03,0.4311,-0.4011,0.4011
Fe_num,2,M1_Core,ExtraTrees,3.99,0.7703,3.2197,3.2197
Fe_num,2,M7_TargetSpecific_Selected,Ridge,0.06,0.0,0.06,0.06
Fe_num,2,M7_TargetSpecific_Selected,Ridge,6.21,1.2533,4.9567,4.9567
Fe_num,2,M7_TargetSpecific_Selected,Ridge,0.293,0.0,0.293,0.293
Fe_num,2,M7_TargetSpecific_Selected,Ridge,0.271,0.0,0.271,0.271
Fe_num,2,M7_TargetSpecific_Selected,Ridge,0.084,0.6273,-0.5433,0.5433
Fe_num,2,M7_TargetSpecific_Selected,Ridge,0.354,0.8844,-0.5304,0.5304
Fe_num,2,M7_TargetSpecific_Selected,Ridge,0.03,0.2255,-0.1955,0.1955
Fe_num,2,M7_TargetSpecific_Selected,Ridge,3.99,0.9758,3.0142,3.0142
Fe_num,2,M7_TargetSpecific_Selected,HuberRegressor,0.06,0.6799,-0.6199,0.6199
Fe_num,2,M7_TargetSpecific_Selected,HuberRegressor,6.21,0.4682,5.7418,5.7418
Fe_num,2,M7_TargetSpecific_Selected,HuberRegressor,0.293,0.5572,-0.2642,0.2642
Fe_num,2,M7_TargetSpecific_Selected,HuberRegressor,0.271,0.3194,-0.0484,0.0484
Fe_num,2,M7_TargetSpecific_Selected,HuberRegressor,0.084,0.2524,-0.1684,0.1684
Fe_num,2,M7_TargetSpecific_Selected,HuberRegressor,0.354,0.4382,-0.0842,0.0842
Fe_num,2,M7_TargetSpecific_Selected,HuberRegressor,0.03,0.6099,-0.5799,0.5799
Fe_num,2,M7_TargetSpecific_Selected,HuberRegressor,3.99,0.4158,3.5742,3.5742
Fe_num,2,M7_TargetSpecific_Selected,ExtraTrees,0.06,0.8374,-0.7774,0.7774
Fe_num,2,M7_TargetSpecific_Selected,ExtraTrees,6.21,0.8142,5.3958,5.3958
Fe_num,2,M7_TargetSpecific_Selected,ExtraTrees,0.293,0.4379,-0.1449,0.1449
Fe_num,2,M7_TargetSpecific_Selected,ExtraTrees,0.271,0.6831,-0.4121,0.4121
Fe_num,2,M7_TargetSpecific_Selected,ExtraTrees,0.084,0.6247,-0.5407,0.5407
Fe_num,2,M7_TargetSpecific_Selected,ExtraTrees,0.354,0.414,-0.06,0.06
Fe_num,2,M7_TargetSpecific_Selected,ExtraTrees,0.03,0.3873,-0.3573,0.3573
Fe_num,2,M7_TargetSpecific_Selected,ExtraTrees,3.99,0.62,3.37,3.37
Fe_num,3,M1_Core,Ridge,0.24,0.9754,-0.7354,0.7354
Fe_num,3,M1_Core,Ridge,1.38,1.5132,-0.1332,0.1332
Fe_num,3,M1_Core,Ridge,0.04,0.1735,-0.1335,0.1335
Fe_num,3,M1_Core,Ridge,0.08,0.7316,-0.6516,0.6516
Fe_num,3,M1_Core,Ridge,0.032,0.6139,-0.5819,0.5819
Fe_num,3,M1_Core,Ridge,0.036,0.7985,-0.7625,0.7625
Fe_num,3,M1_Core,Ridge,0.044,0.035,0.009,0.009
Fe_num,3,M1_Core,Ridge,0.151,0.3374,-0.1864,0.1864
Fe_num,3,M1_Core,HuberRegressor,0.24,0.5844,-0.3444,0.3444
Fe_num,3,M1_Core,HuberRegressor,1.38,1.0208,0.3592,0.3592
Fe_num,3,M1_Core,HuberRegressor,0.04,0.0,0.04,0.04
Fe_num,3,M1_Core,HuberRegressor,0.08,0.4022,-0.3222,0.3222
Fe_num,3,M1_Core,HuberRegressor,0.032,0.0912,-0.0592,0.0592
Fe_num,3,M1_Core,HuberRegressor,0.036,0.2165,-0.1805,0.1805
Fe_num,3,M1_Core,HuberRegressor,0.044,0.0,0.044,0.044
Fe_num,3,M1_Core,HuberRegressor,0.151,0.2823,-0.1313,0.1313
Fe_num,3,M1_Core,ExtraTrees,0.24,0.3922,-0.1522,0.1522
Fe_num,3,M1_Core,ExtraTrees,1.38,0.5447,0.8353,0.8353
Fe_num,3,M1_Core,ExtraTrees,0.04,0.4901,-0.4501,0.4501
Fe_num,3,M1_Core,ExtraTrees,0.08,0.7356,-0.6556,0.6556
Fe_num,3,M1_Core,ExtraTrees,0.032,0.2007,-0.1687,0.1687
Fe_num,3,M1_Core,ExtraTrees,0.036,0.6093,-0.5733,0.5733
Fe_num,3,M1_Core,ExtraTrees,0.044,0.3312,-0.2872,0.2872
Fe_num,3,M1_Core,ExtraTrees,0.151,0.3608,-0.2098,0.2098
Fe_num,3,M7_TargetSpecific_Selected,Ridge,0.24,0.9556,-0.7156,0.7156
Fe_num,3,M7_TargetSpecific_Selected,Ridge,1.38,1.1276,0.2524,0.2524
Fe_num,3,M7_TargetSpecific_Selected,Ridge,0.04,0.2214,-0.1814,0.1814
Fe_num,3,M7_TargetSpecific_Selected,Ridge,0.08,0.8572,-0.7772,0.7772
Fe_num,3,M7_TargetSpecific_Selected,Ridge,0.032,0.5948,-0.5628,0.5628
Fe_num,3,M7_TargetSpecific_Selected,Ridge,0.036,0.6996,-0.6636,0.6636
Fe_num,3,M7_TargetSpecific_Selected,Ridge,0.044,0.2812,-0.2372,0.2372
Fe_num,3,M7_TargetSpecific_Selected,Ridge,0.151,0.2907,-0.1397,0.1397
Fe_num,3,M7_TargetSpecific_Selected,HuberRegressor,0.24,0.5486,-0.3086,0.3086
Fe_num,3,M7_TargetSpecific_Selected,HuberRegressor,1.38,0.5555,0.8245,0.8245
Fe_num,3,M7_TargetSpecific_Selected,HuberRegressor,0.04,0.0263,0.0137,0.0137
Fe_num,3,M7_TargetSpecific_Selected,HuberRegressor,0.08,0.5286,-0.4486,0.4486
Fe_num,3,M7_TargetSpecific_Selected,HuberRegressor,0.032,0.0602,-0.0282,0.0282
Fe_num,3,M7_TargetSpecific_Selected,HuberRegressor,0.036,0.2968,-0.2608,0.2608
Fe_num,3,M7_TargetSpecific_Selected,HuberRegressor,0.044,0.0995,-0.0555,0.0555
Fe_num,3,M7_TargetSpecific_Selected,HuberRegressor,0.151,0.2984,-0.1474,0.1474
Fe_num,3,M7_TargetSpecific_Selected,ExtraTrees,0.24,0.5623,-0.3223,0.3223
Fe_num,3,M7_TargetSpecific_Selected,ExtraTrees,1.38,1.5602,-0.1802,0.1802
Fe_num,3,M7_TargetSpecific_Selected,ExtraTrees,0.04,0.6457,-0.6057,0.6057
Fe_num,3,M7_TargetSpecific_Selected,ExtraTrees,0.08,0.5257,-0.4457,0.4457
Fe_num,3,M7_TargetSpecific_Selected,ExtraTrees,0.032,0.3131,-0.2811,0.2811
Fe_num,3,M7_TargetSpecific_Selected,ExtraTrees,0.036,0.7977,-0.7617,0.7617
Fe_num,3,M7_TargetSpecific_Selected,ExtraTrees,0.044,0.2134,-0.1694,0.1694
Fe_num,3,M7_TargetSpecific_Selected,ExtraTrees,0.151,0.2753,-0.1243,0.1243
Fe_num,4,M1_Core,Ridge,1.65,0.9247,0.7253,0.7253
Fe_num,4,M1_Core,Ridge,0.837,1.1083,-0.2713,0.2713
Fe_num,4,M1_Core,Ridge,9.07,1.0506,8.0194,8.0194
Fe_num,4,M1_Core,Ridge,0.054,0.8032,-0.7492,0.7492
Fe_num,4,M1_Core,Ridge,0.976,0.8041,0.1719,0.1719
Fe_num,4,M1_Core,Ridge,0.023,0.811,-0.788,0.788
Fe_num,4,M1_Core,Ridge,0.014,0.5578,-0.5438,0.5438
Fe_num,4,M1_Core,Ridge,3.75,0.3345,3.4155,3.4155
Fe_num,4,M1_Core,HuberRegressor,1.65,0.3176,1.3324,1.3324
Fe_num,4,M1_Core,HuberRegressor,0.837,0.5286,0.3084,0.3084
Fe_num,4,M1_Core,HuberRegressor,9.07,0.446,8.624,8.624
Fe_num,4,M1_Core,HuberRegressor,0.054,0.2211,-0.1671,0.1671
Fe_num,4,M1_Core,HuberRegressor,0.976,0.261,0.715,0.715
Fe_num,4,M1_Core,HuberRegressor,0.023,0.2439,-0.2209,0.2209
Fe_num,4,M1_Core,HuberRegressor,0.014,0.1351,-0.1211,0.1211
Fe_num,4,M1_Core,HuberRegressor,3.75,0.0818,3.6682,3.6682
Fe_num,4,M1_Core,ExtraTrees,1.65,0.8289,0.8211,0.8211
Fe_num,4,M1_Core,ExtraTrees,0.837,0.7564,0.0806,0.0806
Fe_num,4,M1_Core,ExtraTrees,9.07,1.1145,7.9555,7.9555
Fe_num,4,M1_Core,ExtraTrees,0.054,1.1059,-1.0519,1.0519
Fe_num,4,M1_Core,ExtraTrees,0.976,1.1658,-0.1898,0.1898
Fe_num,4,M1_Core,ExtraTrees,0.023,0.6346,-0.6116,0.6116
Fe_num,4,M1_Core,ExtraTrees,0.014,1.1152,-1.1012,1.1012
Fe_num,4,M1_Core,ExtraTrees,3.75,0.1005,3.6495,3.6495
Fe_num,4,M7_TargetSpecific_Selected,Ridge,1.65,1.119,0.531,0.531
Fe_num,4,M7_TargetSpecific_Selected,Ridge,0.837,0.632,0.205,0.205
Fe_num,4,M7_TargetSpecific_Selected,Ridge,9.07,0.8492,8.2208,8.2208
Fe_num,4,M7_TargetSpecific_Selected,Ridge,0.054,1.3262,-1.2722,1.2722
Fe_num,4,M7_TargetSpecific_Selected,Ridge,0.976,1.2889,-0.3129,0.3129
Fe_num,4,M7_TargetSpecific_Selected,Ridge,0.023,1.1239,-1.1009,1.1009
Fe_num,4,M7_TargetSpecific_Selected,Ridge,0.014,0.3121,-0.2981,0.2981
Fe_num,4,M7_TargetSpecific_Selected,Ridge,3.75,0.325,3.425,3.425
Fe_num,4,M7_TargetSpecific_Selected,HuberRegressor,1.65,0.3399,1.3101,1.3101
Fe_num,4,M7_TargetSpecific_Selected,HuberRegressor,0.837,0.3154,0.5216,0.5216
Fe_num,4,M7_TargetSpecific_Selected,HuberRegressor,9.07,0.3805,8.6895,8.6895
Fe_num,4,M7_TargetSpecific_Selected,HuberRegressor,0.054,0.3469,-0.2929,0.2929
Fe_num,4,M7_TargetSpecific_Selected,HuberRegressor,0.976,0.3796,0.5964,0.5964
Fe_num,4,M7_TargetSpecific_Selected,HuberRegressor,0.023,0.3387,-0.3157,0.3157
Fe_num,4,M7_TargetSpecific_Selected,HuberRegressor,0.014,0.1186,-0.1046,0.1046
Fe_num,4,M7_TargetSpecific_Selected,HuberRegressor,3.75,0.1088,3.6412,3.6412
Fe_num,4,M7_TargetSpecific_Selected,ExtraTrees,1.65,0.4499,1.2001,1.2001
Fe_num,4,M7_TargetSpecific_Selected,ExtraTrees,0.837,0.2966,0.5404,0.5404
Fe_num,4,M7_TargetSpecific_Selected,ExtraTrees,9.07,0.8523,8.2177,8.2177
Fe_num,4,M7_TargetSpecific_Selected,ExtraTrees,0.054,1.2681,-1.2141,1.2141
Fe_num,4,M7_TargetSpecific_Selected,ExtraTrees,0.976,2.2432,-1.2672,1.2672
Fe_num,4,M7_TargetSpecific_Selected,ExtraTrees,0.023,0.745,-0.722,0.722
Fe_num,4,M7_TargetSpecific_Selected,ExtraTrees,0.014,1.1175,-1.1035,1.1035
Fe_num,4,M7_TargetSpecific_Selected,ExtraTrees,3.75,0.1006,3.6494,3.6494
Fe_num,5,M1_Core,Ridge,0.06,0.085,-0.025,0.025
Fe_num,5,M1_Core,Ridge,0.17,1.2648,-1.0948,1.0948
Fe_num,5,M1_Core,Ridge,0.837,1.5453,-0.7083,0.7083
Fe_num,5,M1_Core,Ridge,0.054,1.0455,-0.9915,0.9915
Fe_num,5,M1_Core,Ridge,0.023,0.9081,-0.8851,0.8851
Fe_num,5,M1_Core,Ridge,0.03,0.7278,-0.6978,0.6978
Fe_num,5,M1_Core,Ridge,0.036,0.8595,-0.8235,0.8235
Fe_num,5,M1_Core,Ridge,3.99,0.9049,3.0851,3.0851
Fe_num,5,M1_Core,HuberRegressor,0.06,0.3114,-0.2514,0.2514
Fe_num,5,M1_Core,HuberRegressor,0.17,0.5895,-0.4195,0.4195
Fe_num,5,M1_Core,HuberRegressor,0.837,0.8909,-0.0539,0.0539
Fe_num,5,M1_Core,HuberRegressor,0.054,0.3912,-0.3372,0.3372
Fe_num,5,M1_Core,HuberRegressor,0.023,0.3833,-0.3603,0.3603
Fe_num,5,M1_Core,HuberRegressor,0.03,0.0394,-0.0094,0.0094
Fe_num,5,M1_Core,HuberRegressor,0.036,0.254,-0.218,0.218
Fe_num,5,M1_Core,HuberRegressor,3.99,0.4804,3.5096,3.5096
Fe_num,5,M1_Core,ExtraTrees,0.06,0.4744,-0.4144,0.4144
Fe_num,5,M1_Core,ExtraTrees,0.17,0.397,-0.227,0.227
Fe_num,5,M1_Core,ExtraTrees,0.837,1.0334,-0.1964,0.1964
Fe_num,5,M1_Core,ExtraTrees,0.054,1.1612,-1.1072,1.1072
Fe_num,5,M1_Core,ExtraTrees,0.023,0.4827,-0.4597,0.4597
Fe_num,5,M1_Core,ExtraTrees,0.03,0.4025,-0.3725,0.3725
Fe_num,5,M1_Core,ExtraTrees,0.036,0.5322,-0.4962,0.4962
Fe_num,5,M1_Core,ExtraTrees,3.99,0.9938,2.9962,2.9962
Fe_num,5,M7_TargetSpecific_Selected,Ridge,0.06,0.0,0.06,0.06
Fe_num,5,M7_TargetSpecific_Selected,Ridge,0.17,1.9409,-1.7709,1.7709
Fe_num,5,M7_TargetSpecific_Selected,Ridge,0.837,0.8641,-0.0271,0.0271
Fe_num,5,M7_TargetSpecific_Selected,Ridge,0.054,1.6327,-1.5787,1.5787
Fe_num,5,M7_TargetSpecific_Selected,Ridge,0.023,1.2219,-1.1989,1.1989
Fe_num,5,M7_TargetSpecific_Selected,Ridge,0.03,0.5662,-0.5362,0.5362
Fe_num,5,M7_TargetSpecific_Selected,Ridge,0.036,0.7813,-0.7453,0.7453
Fe_num,5,M7_TargetSpecific_Selected,Ridge,3.99,1.4405,2.5495,2.5495
Fe_num,5,M7_TargetSpecific_Selected,HuberRegressor,0.06,0.0,0.06,0.06
Fe_num,5,M7_TargetSpecific_Selected,HuberRegressor,0.17,1.0714,-0.9014,0.9014
Fe_num,5,M7_TargetSpecific_Selected,HuberRegressor,0.837,0.4127,0.4243,0.4243
Fe_num,5,M7_TargetSpecific_Selected,HuberRegressor,0.054,0.7927,-0.7387,0.7387
Fe_num,5,M7_TargetSpecific_Selected,HuberRegressor,0.023,0.6407,-0.6177,0.6177
Fe_num,5,M7_TargetSpecific_Selected,HuberRegressor,0.03,0.0756,-0.0456,0.0456
Fe_num,5,M7_TargetSpecific_Selected,HuberRegressor,0.036,0.1872,-0.1512,0.1512
Fe_num,5,M7_TargetSpecific_Selected,HuberRegressor,3.99,0.7702,3.2198,3.2198
Fe_num,5,M7_TargetSpecific_Selected,ExtraTrees,0.06,0.6748,-0.6148,0.6148
Fe_num,5,M7_TargetSpecific_Selected,ExtraTrees,0.17,0.7824,-0.6124,0.6124
Fe_num,5,M7_TargetSpecific_Selected,ExtraTrees,0.837,0.616,0.221,0.221
Fe_num,5,M7_TargetSpecific_Selected,ExtraTrees,0.054,1.2046,-1.1506,1.1506
Fe_num,5,M7_TargetSpecific_Selected,ExtraTrees,0.023,0.4668,-0.4438,0.4438
Fe_num,5,M7_TargetSpecific_Selected,ExtraTrees,0.03,0.4596,-0.4296,0.4296
Fe_num,5,M7_TargetSpecific_Selected,ExtraTrees,0.036,0.5054,-0.4694,0.4694
Fe_num,5,M7_TargetSpecific_Selected,ExtraTrees,3.99,1.0102,2.9798,2.9798
Fe_num,6,M1_Core,Ridge,0.293,0.0,0.293,0.293
Fe_num,6,M1_Core,Ridge,0.356,1.682,-1.326,1.326
Fe_num,6,M1_Core,Ridge,0.018,1.8549,-1.8369,1.8369
Fe_num,6,M1_Core,Ridge,0.182,0.3778,-0.1958,0.1958
Fe_num,6,M1_Core,Ridge,0.04,0.0074,0.0326,0.0326
Fe_num,6,M1_Core,Ridge,0.08,0.906,-0.826,0.826
Fe_num,6,M1_Core,Ridge,0.032,0.586,-0.554,0.554
Fe_num,6,M1_Core,Ridge,0.037,0.4799,-0.4429,0.4429
Fe_num,6,M1_Core,HuberRegressor,0.293,0.0,0.293,0.293
Fe_num,6,M1_Core,HuberRegressor,0.356,0.7969,-0.4409,0.4409
Fe_num,6,M1_Core,HuberRegressor,0.018,1.0704,-1.0524,1.0524
Fe_num,6,M1_Core,HuberRegressor,0.182,0.0988,0.0832,0.0832
Fe_num,6,M1_Core,HuberRegressor,0.04,0.0,0.04,0.04
Fe_num,6,M1_Core,HuberRegressor,0.08,0.5685,-0.4885,0.4885
Fe_num,6,M1_Core,HuberRegressor,0.032,0.0727,-0.0407,0.0407
Fe_num,6,M1_Core,HuberRegressor,0.037,0.0452,-0.0082,0.0082
Fe_num,6,M1_Core,ExtraTrees,0.293,0.4341,-0.1411,0.1411
Fe_num,6,M1_Core,ExtraTrees,0.356,1.2467,-0.8907,0.8907
Fe_num,6,M1_Core,ExtraTrees,0.018,2.0595,-2.0415,2.0415
Fe_num,6,M1_Core,ExtraTrees,0.182,0.6555,-0.4735,0.4735
Fe_num,6,M1_Core,ExtraTrees,0.04,0.8099,-0.7699,0.7699
Fe_num,6,M1_Core,ExtraTrees,0.08,1.0609,-0.9809,0.9809
Fe_num,6,M1_Core,ExtraTrees,0.032,0.3184,-0.2864,0.2864
Fe_num,6,M1_Core,ExtraTrees,0.037,0.2926,-0.2556,0.2556
Fe_num,6,M7_TargetSpecific_Selected,Ridge,0.293,0.0,0.293,0.293
Fe_num,6,M7_TargetSpecific_Selected,Ridge,0.356,3.3215,-2.9655,2.9655
Fe_num,6,M7_TargetSpecific_Selected,Ridge,0.018,9.1604,-9.1424,9.1424
Fe_num,6,M7_TargetSpecific_Selected,Ridge,0.182,0.4173,-0.2353,0.2353
Fe_num,6,M7_TargetSpecific_Selected,Ridge,0.04,0.0,0.04,0.04
Fe_num,6,M7_TargetSpecific_Selected,Ridge,0.08,0.8585,-0.7785,0.7785
Fe_num,6,M7_TargetSpecific_Selected,Ridge,0.032,0.7278,-0.6958,0.6958
Fe_num,6,M7_TargetSpecific_Selected,Ridge,0.037,0.4177,-0.3807,0.3807
Fe_num,6,M7_TargetSpecific_Selected,HuberRegressor,0.293,0.0,0.293,0.293
Fe_num,6,M7_TargetSpecific_Selected,HuberRegressor,0.356,3.3133,-2.9573,2.9573
Fe_num,6,M7_TargetSpecific_Selected,HuberRegressor,0.018,23.9811,-23.9631,23.9631
Fe_num,6,M7_TargetSpecific_Selected,HuberRegressor,0.182,0.0,0.182,0.182
Fe_num,6,M7_TargetSpecific_Selected,HuberRegressor,0.04,0.0,0.04,0.04
Fe_num,6,M7_TargetSpecific_Selected,HuberRegressor,0.08,1.8069,-1.7269,1.7269
Fe_num,6,M7_TargetSpecific_Selected,HuberRegressor,0.032,0.9108,-0.8788,0.8788
Fe_num,6,M7_TargetSpecific_Selected,HuberRegressor,0.037,0.7777,-0.7407,0.7407
Fe_num,6,M7_TargetSpecific_Selected,ExtraTrees,0.293,0.6061,-0.3131,0.3131
Fe_num,6,M7_TargetSpecific_Selected,ExtraTrees,0.356,1.094,-0.738,0.738
Fe_num,6,M7_TargetSpecific_Selected,ExtraTrees,0.018,3.3258,-3.3078,3.3078
Fe_num,6,M7_TargetSpecific_Selected,ExtraTrees,0.182,1.0035,-0.8215,0.8215
Fe_num,6,M7_TargetSpecific_Selected,ExtraTrees,0.04,0.4445,-0.4045,0.4045
Fe_num,6,M7_TargetSpecific_Selected,ExtraTrees,0.08,1.823,-1.743,1.743
Fe_num,6,M7_TargetSpecific_Selected,ExtraTrees,0.032,0.772,-0.74,0.74
Fe_num,6,M7_TargetSpecific_Selected,ExtraTrees,0.037,0.6673,-0.6303,0.6303
Fe_num,7,M1_Core,Ridge,0.24,0.9335,-0.6935,0.6935
Fe_num,7,M1_Core,Ridge,2.13,1.0189,1.1111,1.1111
Fe_num,7,M1_Core,Ridge,0.014,0.7699,-0.7559,0.7559
Fe_num,7,M1_Core,Ridge,0.03,0.21,-0.18,0.18
Fe_num,7,M1_Core,Ridge,0.397,1.0504,-0.6534,0.6534
Fe_num,7,M1_Core,Ridge,0.044,0.0,0.044,0.044
Fe_num,7,M1_Core,Ridge,0.151,0.3711,-0.2201,0.2201
Fe_num,7,M1_Core,Ridge,0.061,0.2179,-0.1569,0.1569
Fe_num,7,M1_Core,HuberRegressor,0.24,0.5463,-0.3063,0.3063
Fe_num,7,M1_Core,HuberRegressor,2.13,0.3972,1.7328,1.7328
Fe_num,7,M1_Core,HuberRegressor,0.014,0.1373,-0.1233,0.1233
Fe_num,7,M1_Core,HuberRegressor,0.03,0.8386,-0.8086,0.8086
Fe_num,7,M1_Core,HuberRegressor,0.397,0.4415,-0.0445,0.0445
Fe_num,7,M1_Core,HuberRegressor,0.044,0.0,0.044,0.044
Fe_num,7,M1_Core,HuberRegressor,0.151,0.5866,-0.4356,0.4356
Fe_num,7,M1_Core,HuberRegressor,0.061,0.1524,-0.0914,0.0914
Fe_num,7,M1_Core,ExtraTrees,0.24,0.3342,-0.0942,0.0942
Fe_num,7,M1_Core,ExtraTrees,2.13,0.8066,1.3234,1.3234
Fe_num,7,M1_Core,ExtraTrees,0.014,2.0549,-2.0409,2.0409
Fe_num,7,M1_Core,ExtraTrees,0.03,0.6213,-0.5913,0.5913
Fe_num,7,M1_Core,ExtraTrees,0.397,0.8648,-0.4678,0.4678
Fe_num,7,M1_Core,ExtraTrees,0.044,0.5845,-0.5405,0.5405
Fe_num,7,M1_Core,ExtraTrees,0.151,0.4694,-0.3184,0.3184
Fe_num,7,M1_Core,ExtraTrees,0.061,0.7417,-0.6807,0.6807
Fe_num,7,M7_TargetSpecific_Selected,Ridge,0.24,0.9511,-0.7111,0.7111
Fe_num,7,M7_TargetSpecific_Selected,Ridge,2.13,1.4385,0.6915,0.6915
Fe_num,7,M7_TargetSpecific_Selected,Ridge,0.014,0.461,-0.447,0.447
Fe_num,7,M7_TargetSpecific_Selected,Ridge,0.03,0.5081,-0.4781,0.4781
Fe_num,7,M7_TargetSpecific_Selected,Ridge,0.397,1.8539,-1.4569,1.4569
Fe_num,7,M7_TargetSpecific_Selected,Ridge,0.044,0.2986,-0.2546,0.2546
Fe_num,7,M7_TargetSpecific_Selected,Ridge,0.151,0.435,-0.284,0.284
Fe_num,7,M7_TargetSpecific_Selected,Ridge,0.061,0.4895,-0.4285,0.4285
Fe_num,7,M7_TargetSpecific_Selected,HuberRegressor,0.24,0.6156,-0.3756,0.3756
Fe_num,7,M7_TargetSpecific_Selected,HuberRegressor,2.13,0.6815,1.4485,1.4485
Fe_num,7,M7_TargetSpecific_Selected,HuberRegressor,0.014,0.1881,-0.1741,0.1741
Fe_num,7,M7_TargetSpecific_Selected,HuberRegressor,0.03,0.3133,-0.2833,0.2833
Fe_num,7,M7_TargetSpecific_Selected,HuberRegressor,0.397,0.8132,-0.4162,0.4162
Fe_num,7,M7_TargetSpecific_Selected,HuberRegressor,0.044,0.0872,-0.0432,0.0432
Fe_num,7,M7_TargetSpecific_Selected,HuberRegressor,0.151,0.2887,-0.1377,0.1377
Fe_num,7,M7_TargetSpecific_Selected,HuberRegressor,0.061,0.2036,-0.1426,0.1426
Fe_num,7,M7_TargetSpecific_Selected,ExtraTrees,0.24,0.7692,-0.5292,0.5292
Fe_num,7,M7_TargetSpecific_Selected,ExtraTrees,2.13,1.7252,0.4048,0.4048
Fe_num,7,M7_TargetSpecific_Selected,ExtraTrees,0.014,0.4204,-0.4064,0.4064
Fe_num,7,M7_TargetSpecific_Selected,ExtraTrees,0.03,0.8108,-0.7808,0.7808
Fe_num,7,M7_TargetSpecific_Selected,ExtraTrees,0.397,1.7119,-1.3149,1.3149
Fe_num,7,M7_TargetSpecific_Selected,ExtraTrees,0.044,0.4818,-0.4378,0.4378
Fe_num,7,M7_TargetSpecific_Selected,ExtraTrees,0.151,0.9689,-0.8179,0.8179
Fe_num,7,M7_TargetSpecific_Selected,ExtraTrees,0.061,0.8751,-0.8141,0.8141
Fe_num,8,M1_Core,Ridge,6.21,0.7583,5.4517,5.4517
Fe_num,8,M1_Core,Ridge,0.027,0.5098,-0.4828,0.4828
Fe_num,8,M1_Core,Ridge,1.65,0.7345,0.9155,0.9155
Fe_num,8,M1_Core,Ridge,0.271,0.2299,0.0411,0.0411
Fe_num,8,M1_Core,Ridge,9.07,0.7345,8.3355,8.3355
Fe_num,8,M1_Core,Ridge,0.016,0.4508,-0.4348,0.4348
Fe_num,8,M1_Core,Ridge,0.976,0.6513,0.3247,0.3247
Fe_num,8,M1_Core,Ridge,0.174,0.6411,-0.4671,0.4671
Fe_num,8,M1_Core,HuberRegressor,6.21,0.4239,5.7861,5.7861
Fe_num,8,M1_Core,HuberRegressor,0.027,0.0,0.027,0.027
Fe_num,8,M1_Core,HuberRegressor,1.65,0.3161,1.3339,1.3339
Fe_num,8,M1_Core,HuberRegressor,0.271,0.2875,-0.0165,0.0165
Fe_num,8,M1_Core,HuberRegressor,9.07,0.4792,8.5908,8.5908
Fe_num,8,M1_Core,HuberRegressor,0.016,0.1587,-0.1427,0.1427
Fe_num,8,M1_Core,HuberRegressor,0.976,0.248,0.728,0.728
Fe_num,8,M1_Core,HuberRegressor,0.174,0.2309,-0.0569,0.0569
Fe_num,8,M1_Core,ExtraTrees,6.21,0.5477,5.6623,5.6623
Fe_num,8,M1_Core,ExtraTrees,0.027,0.4843,-0.4573,0.4573
Fe_num,8,M1_Core,ExtraTrees,1.65,0.4192,1.2308,1.2308
Fe_num,8,M1_Core,ExtraTrees,0.271,0.4236,-0.1526,0.1526
Fe_num,8,M1_Core,ExtraTrees,9.07,0.6154,8.4546,8.4546
Fe_num,8,M1_Core,ExtraTrees,0.016,0.7471,-0.7311,0.7311
Fe_num,8,M1_Core,ExtraTrees,0.976,0.9088,0.0672,0.0672
Fe_num,8,M1_Core,ExtraTrees,0.174,0.6581,-0.4841,0.4841
Fe_num,8,M7_TargetSpecific_Selected,Ridge,6.21,0.8106,5.3994,5.3994
Fe_num,8,M7_TargetSpecific_Selected,Ridge,0.027,0.0,0.027,0.027
Fe_num,8,M7_TargetSpecific_Selected,Ridge,1.65,0.7873,0.8627,0.8627
Fe_num,8,M7_TargetSpecific_Selected,Ridge,0.271,0.0,0.271,0.271
Fe_num,8,M7_TargetSpecific_Selected,Ridge,9.07,0.5119,8.5581,8.5581
Fe_num,8,M7_TargetSpecific_Selected,Ridge,0.016,0.3308,-0.3148,0.3148
Fe_num,8,M7_TargetSpecific_Selected,Ridge,0.976,0.9044,0.0716,0.0716
Fe_num,8,M7_TargetSpecific_Selected,Ridge,0.174,0.5759,-0.4019,0.4019
Fe_num,8,M7_TargetSpecific_Selected,HuberRegressor,6.21,0.2887,5.9213,5.9213
Fe_num,8,M7_TargetSpecific_Selected,HuberRegressor,0.027,0.2071,-0.1801,0.1801
Fe_num,8,M7_TargetSpecific_Selected,HuberRegressor,1.65,0.3439,1.3061,1.3061
Fe_num,8,M7_TargetSpecific_Selected,HuberRegressor,0.271,0.0,0.271,0.271
Fe_num,8,M7_TargetSpecific_Selected,HuberRegressor,9.07,0.3062,8.7638,8.7638
Fe_num,8,M7_TargetSpecific_Selected,HuberRegressor,0.016,0.2082,-0.1922,0.1922
Fe_num,8,M7_TargetSpecific_Selected,HuberRegressor,0.976,0.3331,0.6429,0.6429
Fe_num,8,M7_TargetSpecific_Selected,HuberRegressor,0.174,0.1839,-0.0099,0.0099
Fe_num,8,M7_TargetSpecific_Selected,ExtraTrees,6.21,0.4881,5.7219,5.7219
Fe_num,8,M7_TargetSpecific_Selected,ExtraTrees,0.027,0.3375,-0.3105,0.3105
Fe_num,8,M7_TargetSpecific_Selected,ExtraTrees,1.65,0.3945,1.2555,1.2555
Fe_num,8,M7_TargetSpecific_Selected,ExtraTrees,0.271,0.4273,-0.1563,0.1563
Fe_num,8,M7_TargetSpecific_Selected,ExtraTrees,9.07,0.489,8.581,8.581
Fe_num,8,M7_TargetSpecific_Selected,ExtraTrees,0.016,0.7932,-0.7772,0.7772
Fe_num,8,M7_TargetSpecific_Selected,ExtraTrees,0.976,1.0696,-0.0936,0.0936
Fe_num,8,M7_TargetSpecific_Selected,ExtraTrees,0.174,0.4276,-0.2536,0.2536
Fe_num,9,M1_Core,Ridge,1.38,1.1171,0.2629,0.2629
Fe_num,9,M1_Core,Ridge,0.224,0.7941,-0.5701,0.5701
Fe_num,9,M1_Core,Ridge,0.988,1.0562,-0.0682,0.0682
Fe_num,9,M1_Core,Ridge,0.084,0.5329,-0.4489,0.4489
Fe_num,9,M1_Core,Ridge,0.354,0.4641,-0.1101,0.1101
Fe_num,9,M1_Core,Ridge,1.24,0.0,1.24,1.24
Fe_num,9,M1_Core,Ridge,3.75,0.2896,3.4604,3.4604
Fe_num,9,M1_Core,Ridge,19.6,0.3205,19.2795,19.2795
Fe_num,9,M1_Core,HuberRegressor,1.38,0.6581,0.7219,0.7219
Fe_num,9,M1_Core,HuberRegressor,0.224,0.3602,-0.1362,0.1362
Fe_num,9,M1_Core,HuberRegressor,0.988,0.5233,0.4647,0.4647
Fe_num,9,M1_Core,HuberRegressor,0.084,0.2273,-0.1433,0.1433
Fe_num,9,M1_Core,HuberRegressor,0.354,0.25,0.104,0.104
Fe_num,9,M1_Core,HuberRegressor,1.24,0.0453,1.1947,1.1947
Fe_num,9,M1_Core,HuberRegressor,3.75,0.1298,3.6202,3.6202
Fe_num,9,M1_Core,HuberRegressor,19.6,0.1963,19.4037,19.4037
Fe_num,9,M1_Core,ExtraTrees,1.38,0.3197,1.0603,1.0603
Fe_num,9,M1_Core,ExtraTrees,0.224,0.653,-0.429,0.429
Fe_num,9,M1_Core,ExtraTrees,0.988,0.2327,0.7553,0.7553
Fe_num,9,M1_Core,ExtraTrees,0.084,0.2377,-0.1537,0.1537
Fe_num,9,M1_Core,ExtraTrees,0.354,0.2066,0.1474,0.1474
Fe_num,9,M1_Core,ExtraTrees,1.24,0.1603,1.0797,1.0797
Fe_num,9,M1_Core,ExtraTrees,3.75,0.0717,3.6783,3.6783
Fe_num,9,M1_Core,ExtraTrees,19.6,0.2321,19.3679,19.3679
Fe_num,9,M7_TargetSpecific_Selected,Ridge,1.38,1.5245,-0.1445,0.1445
Fe_num,9,M7_TargetSpecific_Selected,Ridge,0.224,0.8796,-0.6556,0.6556
Fe_num,9,M7_TargetSpecific_Selected,Ridge,0.988,0.841,0.147,0.147
Fe_num,9,M7_TargetSpecific_Selected,Ridge,0.084,0.2274,-0.1434,0.1434
Fe_num,9,M7_TargetSpecific_Selected,Ridge,0.354,0.6001,-0.2461,0.2461
Fe_num,9,M7_TargetSpecific_Selected,Ridge,1.24,0.0,1.24,1.24
Fe_num,9,M7_TargetSpecific_Selected,Ridge,3.75,0.2147,3.5353,3.5353
Fe_num,9,M7_TargetSpecific_Selected,Ridge,19.6,0.2871,19.3129,19.3129
Fe_num,9,M7_TargetSpecific_Selected,HuberRegressor,1.38,0.7746,0.6054,0.6054
Fe_num,9,M7_TargetSpecific_Selected,HuberRegressor,0.224,0.5321,-0.3081,0.3081
Fe_num,9,M7_TargetSpecific_Selected,HuberRegressor,0.988,0.217,0.771,0.771
Fe_num,9,M7_TargetSpecific_Selected,HuberRegressor,0.084,0.3868,-0.3028,0.3028
Fe_num,9,M7_TargetSpecific_Selected,HuberRegressor,0.354,0.3331,0.0209,0.0209
Fe_num,9,M7_TargetSpecific_Selected,HuberRegressor,1.24,0.1335,1.1065,1.1065
Fe_num,9,M7_TargetSpecific_Selected,HuberRegressor,3.75,0.1224,3.6276,3.6276
Fe_num,9,M7_TargetSpecific_Selected,HuberRegressor,19.6,0.4312,19.1688,19.1688
Fe_num,9,M7_TargetSpecific_Selected,ExtraTrees,1.38,0.4016,0.9784,0.9784
Fe_num,9,M7_TargetSpecific_Selected,ExtraTrees,0.224,0.6968,-0.4728,0.4728
Fe_num,9,M7_TargetSpecific_Selected,ExtraTrees,0.988,0.1869,0.8011,0.8011
Fe_num,9,M7_TargetSpecific_Selected,ExtraTrees,0.084,0.2052,-0.1212,0.1212
Fe_num,9,M7_TargetSpecific_Selected,ExtraTrees,0.354,0.1532,0.2008,0.2008
Fe_num,9,M7_TargetSpecific_Selected,ExtraTrees,1.24,0.1792,1.0608,1.0608
Fe_num,9,M7_TargetSpecific_Selected,ExtraTrees,3.75,0.0758,3.6742,3.6742
Fe_num,9,M7_TargetSpecific_Selected,ExtraTrees,19.6,0.2734,19.3266,19.3266
Fe_num,10,M1_Core,Ridge,6.21,1.2526,4.9574,4.9574
Fe_num,10,M1_Core,Ridge,1.38,1.0096,0.3704,0.3704
Fe_num,10,M1_Core,Ridge,0.293,0.0,0.293,0.293
Fe_num,10,M1_Core,Ridge,0.356,1.2363,-0.8803,0.8803
Fe_num,10,M1_Core,Ridge,2.13,0.9768,1.1532,1.1532
Fe_num,10,M1_Core,Ridge,0.054,0.9436,-0.8896,0.8896
Fe_num,10,M1_Core,Ridge,0.044,0.0371,0.0069,0.0069
Fe_num,10,M1_Core,Ridge,0.061,0.2226,-0.1616,0.1616
Fe_num,10,M1_Core,HuberRegressor,6.21,0.5342,5.6758,5.6758
Fe_num,10,M1_Core,HuberRegressor,1.38,0.7374,0.6426,0.6426
Fe_num,10,M1_Core,HuberRegressor,0.293,0.0222,0.2708,0.2708
Fe_num,10,M1_Core,HuberRegressor,0.356,0.4487,-0.0927,0.0927
Fe_num,10,M1_Core,HuberRegressor,2.13,0.3768,1.7532,1.7532
Fe_num,10,M1_Core,HuberRegressor,0.054,0.2843,-0.2303,0.2303
Fe_num,10,M1_Core,HuberRegressor,0.044,0.0,0.044,0.044
Fe_num,10,M1_Core,HuberRegressor,0.061,0.0282,0.0328,0.0328
Fe_num,10,M1_Core,ExtraTrees,6.21,1.4575,4.7525,4.7525
Fe_num,10,M1_Core,ExtraTrees,1.38,0.7667,0.6133,0.6133
Fe_num,10,M1_Core,ExtraTrees,0.293,0.3111,-0.0181,0.0181
Fe_num,10,M1_Core,ExtraTrees,0.356,0.8928,-0.5368,0.5368
Fe_num,10,M1_Core,ExtraTrees,2.13,0.869,1.261,1.261
Fe_num,10,M1_Core,ExtraTrees,0.054,1.1406,-1.0866,1.0866
Fe_num,10,M1_Core,ExtraTrees,0.044,0.4731,-0.4291,0.4291
Fe_num,10,M1_Core,ExtraTrees,0.061,0.5776,-0.5166,0.5166
Fe_num,10,M7_TargetSpecific_Selected,Ridge,6.21,1.5091,4.7009,4.7009
Fe_num,10,M7_TargetSpecific_Selected,Ridge,1.38,0.6689,0.7111,0.7111
Fe_num,10,M7_TargetSpecific_Selected,Ridge,0.293,0.0,0.293,0.293
Fe_num,10,M7_TargetSpecific_Selected,Ridge,0.356,1.2045,-0.8485,0.8485
Fe_num,10,M7_TargetSpecific_Selected,Ridge,2.13,1.2568,0.8732,0.8732
Fe_num,10,M7_TargetSpecific_Selected,Ridge,0.054,1.3282,-1.2742,1.2742
Fe_num,10,M7_TargetSpecific_Selected,Ridge,0.044,0.2672,-0.2232,0.2232
Fe_num,10,M7_TargetSpecific_Selected,Ridge,0.061,0.4195,-0.3585,0.3585
Fe_num,10,M7_TargetSpecific_Selected,HuberRegressor,6.21,0.541,5.669,5.669
Fe_num,10,M7_TargetSpecific_Selected,HuberRegressor,1.38,0.9295,0.4505,0.4505
Fe_num,10,M7_TargetSpecific_Selected,HuberRegressor,0.293,0.3552,-0.0622,0.0622
Fe_num,10,M7_TargetSpecific_Selected,HuberRegressor,0.356,0.3613,-0.0053,0.0053
Fe_num,10,M7_TargetSpecific_Selected,HuberRegressor,2.13,0.4643,1.6657,1.6657
Fe_num,10,M7_TargetSpecific_Selected,HuberRegressor,0.054,0.3949,-0.3409,0.3409
Fe_num,10,M7_TargetSpecific_Selected,HuberRegressor,0.044,0.0,0.044,0.044
Fe_num,10,M7_TargetSpecific_Selected,HuberRegressor,0.061,0.0786,-0.0176,0.0176
Fe_num,10,M7_TargetSpecific_Selected,ExtraTrees,6.21,1.5066,4.7034,4.7034
Fe_num,10,M7_TargetSpecific_Selected,ExtraTrees,1.38,0.5347,0.8453,0.8453
Fe_num,10,M7_TargetSpecific_Selected,ExtraTrees,0.293,0.4317,-0.1387,0.1387
Fe_num,10,M7_TargetSpecific_Selected,ExtraTrees,0.356,1.5139,-1.1579,1.1579
Fe_num,10,M7_TargetSpecific_Selected,ExtraTrees,2.13,1.4351,0.6949,0.6949
Fe_num,10,M7_TargetSpecific_Selected,ExtraTrees,0.054,3.028,-2.974,2.974
Fe_num,10,M7_TargetSpecific_Selected,ExtraTrees,0.044,0.9286,-0.8846,0.8846
Fe_num,10,M7_TargetSpecific_Selected,ExtraTrees,0.061,0.8786,-0.8176,0.8176
Fe_num,11,M1_Core,Ridge,0.24,0.9979,-0.7579,0.7579
Fe_num,11,M1_Core,Ridge,0.17,1.1334,-0.9634,0.9634
Fe_num,11,M1_Core,Ridge,0.016,0.7178,-0.7018,0.7018
Fe_num,11,M1_Core,Ridge,0.04,0.2395,-0.1995,0.1995
Fe_num,11,M1_Core,Ridge,0.032,0.7303,-0.6983,0.6983
Fe_num,11,M1_Core,Ridge,0.036,0.8762,-0.8402,0.8402
Fe_num,11,M1_Core,Ridge,3.99,0.914,3.076,3.076
Fe_num,11,M1_Core,Ridge,0.397,1.08,-0.683,0.683
Fe_num,11,M1_Core,HuberRegressor,0.24,0.6074,-0.3674,0.3674
Fe_num,11,M1_Core,HuberRegressor,0.17,0.5812,-0.4112,0.4112
Fe_num,11,M1_Core,HuberRegressor,0.016,0.2835,-0.2675,0.2675
Fe_num,11,M1_Core,HuberRegressor,0.04,0.0,0.04,0.04
Fe_num,11,M1_Core,HuberRegressor,0.032,0.1717,-0.1397,0.1397
Fe_num,11,M1_Core,HuberRegressor,0.036,0.2693,-0.2333,0.2333
Fe_num,11,M1_Core,HuberRegressor,3.99,0.4643,3.5257,3.5257
Fe_num,11,M1_Core,HuberRegressor,0.397,0.5147,-0.1177,0.1177
Fe_num,11,M1_Core,ExtraTrees,0.24,0.7436,-0.5036,0.5036
Fe_num,11,M1_Core,ExtraTrees,0.17,1.0017,-0.8317,0.8317
Fe_num,11,M1_Core,ExtraTrees,0.016,1.275,-1.259,1.259
Fe_num,11,M1_Core,ExtraTrees,0.04,0.8533,-0.8133,0.8133
Fe_num,11,M1_Core,ExtraTrees,0.032,0.4701,-0.4381,0.4381
Fe_num,11,M1_Core,ExtraTrees,0.036,0.7137,-0.6777,0.6777
Fe_num,11,M1_Core,ExtraTrees,3.99,0.7537,3.2363,3.2363
Fe_num,11,M1_Core,ExtraTrees,0.397,0.8579,-0.4609,0.4609
Fe_num,11,M7_TargetSpecific_Selected,Ridge,0.24,1.0357,-0.7957,0.7957
Fe_num,11,M7_TargetSpecific_Selected,Ridge,0.17,1.76,-1.59,1.59
Fe_num,11,M7_TargetSpecific_Selected,Ridge,0.016,0.6977,-0.6817,0.6817
Fe_num,11,M7_TargetSpecific_Selected,Ridge,0.04,0.2091,-0.1691,0.1691
Fe_num,11,M7_TargetSpecific_Selected,Ridge,0.032,0.6226,-0.5906,0.5906
Fe_num,11,M7_TargetSpecific_Selected,Ridge,0.036,0.8052,-0.7692,0.7692
Fe_num,11,M7_TargetSpecific_Selected,Ridge,3.99,1.433,2.557,2.557
Fe_num,11,M7_TargetSpecific_Selected,Ridge,0.397,1.8447,-1.4477,1.4477
Fe_num,11,M7_TargetSpecific_Selected,HuberRegressor,0.24,0.6815,-0.4415,0.4415
Fe_num,11,M7_TargetSpecific_Selected,HuberRegressor,0.17,0.9837,-0.8137,0.8137
Fe_num,11,M7_TargetSpecific_Selected,HuberRegressor,0.016,0.4211,-0.4051,0.4051
Fe_num,11,M7_TargetSpecific_Selected,HuberRegressor,0.04,0.0418,-0.0018,0.0018
Fe_num,11,M7_TargetSpecific_Selected,HuberRegressor,0.032,0.1568,-0.1248,0.1248
Fe_num,11,M7_TargetSpecific_Selected,HuberRegressor,0.036,0.337,-0.301,0.301
Fe_num,11,M7_TargetSpecific_Selected,HuberRegressor,3.99,0.8649,3.1251,3.1251
Fe_num,11,M7_TargetSpecific_Selected,HuberRegressor,0.397,1.0362,-0.6392,0.6392
Fe_num,11,M7_TargetSpecific_Selected,ExtraTrees,0.24,0.7741,-0.5341,0.5341
Fe_num,11,M7_TargetSpecific_Selected,ExtraTrees,0.17,1.3268,-1.1568,1.1568
Fe_num,11,M7_TargetSpecific_Selected,ExtraTrees,0.016,1.568,-1.552,1.552
Fe_num,11,M7_TargetSpecific_Selected,ExtraTrees,0.04,0.6701,-0.6301,0.6301
Fe_num,11,M7_TargetSpecific_Selected,ExtraTrees,0.032,0.4612,-0.4292,0.4292
Fe_num,11,M7_TargetSpecific_Selected,ExtraTrees,0.036,0.8579,-0.8219,0.8219
Fe_num,11,M7_TargetSpecific_Selected,ExtraTrees,3.99,0.8631,3.1269,3.1269
Fe_num,11,M7_TargetSpecific_Selected,ExtraTrees,0.397,1.0886,-0.6916,0.6916
Fe_num,12,M1_Core,Ridge,0.06,0.0923,-0.0323,0.0323
Fe_num,12,M1_Core,Ridge,0.027,0.3763,-0.3493,0.3493
Fe_num,12,M1_Core,Ridge,0.837,1.4034,-0.5664,0.5664
Fe_num,12,M1_Core,Ridge,0.271,0.1615,0.1095,0.1095
Fe_num,12,M1_Core,Ridge,0.03,0.4149,-0.3849,0.3849
Fe_num,12,M1_Core,Ridge,0.037,0.1092,-0.0722,0.0722
Fe_num,12,M1_Core,Ridge,0.151,0.3373,-0.1863,0.1863
Fe_num,12,M1_Core,Ridge,3.75,0.3135,3.4365,3.4365
Fe_num,12,M1_Core,HuberRegressor,0.06,0.3444,-0.2844,0.2844
Fe_num,12,M1_Core,HuberRegressor,0.027,0.0215,0.0055,0.0055
Fe_num,12,M1_Core,HuberRegressor,0.837,0.8183,0.0187,0.0187
Fe_num,12,M1_Core,HuberRegressor,0.271,0.3469,-0.0759,0.0759
Fe_num,12,M1_Core,HuberRegressor,0.03,0.0133,0.0167,0.0167
Fe_num,12,M1_Core,HuberRegressor,0.037,0.0563,-0.0193,0.0193
Fe_num,12,M1_Core,HuberRegressor,0.151,0.3213,-0.1703,0.1703
Fe_num,12,M1_Core,HuberRegressor,3.75,0.1103,3.6397,3.6397
Fe_num,12,M1_Core,ExtraTrees,0.06,0.7765,-0.7165,0.7165
Fe_num,12,M1_Core,ExtraTrees,0.027,0.4817,-0.4547,0.4547
Fe_num,12,M1_Core,ExtraTrees,0.837,0.6492,0.1878,0.1878
Fe_num,12,M1_Core,ExtraTrees,0.271,0.5438,-0.2728,0.2728
Fe_num,12,M1_Core,ExtraTrees,0.03,0.4048,-0.3748,0.3748
Fe_num,12,M1_Core,ExtraTrees,0.037,0.054,-0.017,0.017
Fe_num,12,M1_Core,ExtraTrees,0.151,0.188,-0.037,0.037
Fe_num,12,M1_Core,ExtraTrees,3.75,0.1219,3.6281,3.6281
Fe_num,12,M7_TargetSpecific_Selected,Ridge,0.06,0.0,0.06,0.06
Fe_num,12,M7_TargetSpecific_Selected,Ridge,0.027,0.0,0.027,0.027
Fe_num,12,M7_TargetSpecific_Selected,Ridge,0.837,0.3362,0.5008,0.5008
Fe_num,12,M7_TargetSpecific_Selected,Ridge,0.271,0.0,0.271,0.271
Fe_num,12,M7_TargetSpecific_Selected,Ridge,0.03,0.3865,-0.3565,0.3565
Fe_num,12,M7_TargetSpecific_Selected,Ridge,0.037,0.0,0.037,0.037
Fe_num,12,M7_TargetSpecific_Selected,Ridge,0.151,0.3482,-0.1972,0.1972
Fe_num,12,M7_TargetSpecific_Selected,Ridge,3.75,0.4176,3.3324,3.3324
Fe_num,12,M7_TargetSpecific_Selected,HuberRegressor,0.06,0.0043,0.0557,0.0557
Fe_num,12,M7_TargetSpecific_Selected,HuberRegressor,0.027,0.0,0.027,0.027
Fe_num,12,M7_TargetSpecific_Selected,HuberRegressor,0.837,0.5283,0.3087,0.3087
Fe_num,12,M7_TargetSpecific_Selected,HuberRegressor,0.271,0.0,0.271,0.271
Fe_num,12,M7_TargetSpecific_Selected,HuberRegressor,0.03,0.093,-0.063,0.063
Fe_num,12,M7_TargetSpecific_Selected,HuberRegressor,0.037,0.0,0.037,0.037
Fe_num,12,M7_TargetSpecific_Selected,HuberRegressor,0.151,0.3219,-0.1709,0.1709
Fe_num,12,M7_TargetSpecific_Selected,HuberRegressor,3.75,0.0748,3.6752,3.6752
Fe_num,12,M7_TargetSpecific_Selected,ExtraTrees,0.06,1.0566,-0.9966,0.9966
Fe_num,12,M7_TargetSpecific_Selected,ExtraTrees,0.027,0.4365,-0.4095,0.4095
Fe_num,12,M7_TargetSpecific_Selected,ExtraTrees,0.837,0.5381,0.2989,0.2989
Fe_num,12,M7_TargetSpecific_Selected,ExtraTrees,0.271,0.4845,-0.2135,0.2135
Fe_num,12,M7_TargetSpecific_Selected,ExtraTrees,0.03,0.6611,-0.6311,0.6311
Fe_num,12,M7_TargetSpecific_Selected,ExtraTrees,0.037,0.1715,-0.1345,0.1345
Fe_num,12,M7_TargetSpecific_Selected,ExtraTrees,0.151,0.2551,-0.1041,0.1041
Fe_num,12,M7_TargetSpecific_Selected,ExtraTrees,3.75,0.0978,3.6522,3.6522
Fe_num,13,M1_Core,Ridge,0.224,0.9235,-0.6995,0.6995
Fe_num,13,M1_Core,Ridge,0.018,1.2911,-1.2731,1.2731
Fe_num,13,M1_Core,Ridge,0.354,0.5279,-0.1739,0.1739
Fe_num,13,M1_Core,Ridge,1.24,0.0323,1.2077,1.2077
Fe_num,13,M1_Core,Ridge,0.174,0.4104,-0.2364,0.2364
Fe_num,13,M1_Core,Ridge,0.014,0.3454,-0.3314,0.3314
Fe_num,13,M1_Core,Ridge,0.03,0.3737,-0.3437,0.3437
Fe_num,13,M1_Core,Ridge,19.6,0.4746,19.1254,19.1254
Fe_num,13,M1_Core,HuberRegressor,0.224,0.4676,-0.2436,0.2436
Fe_num,13,M1_Core,HuberRegressor,0.018,0.7431,-0.7251,0.7251
Fe_num,13,M1_Core,HuberRegressor,0.354,0.3357,0.0183,0.0183
Fe_num,13,M1_Core,HuberRegressor,1.24,0.1782,1.0618,1.0618
Fe_num,13,M1_Core,HuberRegressor,0.174,0.2747,-0.1007,0.1007
Fe_num,13,M1_Core,HuberRegressor,0.014,0.1773,-0.1633,0.1633
Fe_num,13,M1_Core,HuberRegressor,0.03,0.3824,-0.3524,0.3524
Fe_num,13,M1_Core,HuberRegressor,19.6,0.221,19.379,19.379
Fe_num,13,M1_Core,ExtraTrees,0.224,0.7567,-0.5327,0.5327
Fe_num,13,M1_Core,ExtraTrees,0.018,1.5905,-1.5725,1.5725
Fe_num,13,M1_Core,ExtraTrees,0.354,0.1744,0.1796,0.1796
Fe_num,13,M1_Core,ExtraTrees,1.24,0.1872,1.0528,1.0528
Fe_num,13,M1_Core,ExtraTrees,0.174,0.2408,-0.0668,0.0668
Fe_num,13,M1_Core,ExtraTrees,0.014,0.3872,-0.3732,0.3732
Fe_num,13,M1_Core,ExtraTrees,0.03,0.2882,-0.2582,0.2582
Fe_num,13,M1_Core,ExtraTrees,19.6,0.3619,19.2381,19.2381
Fe_num,13,M7_TargetSpecific_Selected,Ridge,0.224,0.8877,-0.6637,0.6637
Fe_num,13,M7_TargetSpecific_Selected,Ridge,0.018,4.0703,-4.0523,4.0523
Fe_num,13,M7_TargetSpecific_Selected,Ridge,0.354,0.6009,-0.2469,0.2469
Fe_num,13,M7_TargetSpecific_Selected,Ridge,1.24,0.0,1.24,1.24
Fe_num,13,M7_TargetSpecific_Selected,Ridge,0.174,0.4126,-0.2386,0.2386
Fe_num,13,M7_TargetSpecific_Selected,Ridge,0.014,0.3804,-0.3664,0.3664
Fe_num,13,M7_TargetSpecific_Selected,Ridge,0.03,0.2015,-0.1715,0.1715
Fe_num,13,M7_TargetSpecific_Selected,Ridge,19.6,0.335,19.265,19.265
Fe_num,13,M7_TargetSpecific_Selected,HuberRegressor,0.224,0.5766,-0.3526,0.3526
Fe_num,13,M7_TargetSpecific_Selected,HuberRegressor,0.018,2.2541,-2.2361,2.2361
Fe_num,13,M7_TargetSpecific_Selected,HuberRegressor,0.354,0.5754,-0.2214,0.2214
Fe_num,13,M7_TargetSpecific_Selected,HuberRegressor,1.24,0.0665,1.1735,1.1735
Fe_num,13,M7_TargetSpecific_Selected,HuberRegressor,0.174,0.3386,-0.1646,0.1646
Fe_num,13,M7_TargetSpecific_Selected,HuberRegressor,0.014,0.2176,-0.2036,0.2036
Fe_num,13,M7_TargetSpecific_Selected,HuberRegressor,0.03,0.1144,-0.0844,0.0844
Fe_num,13,M7_TargetSpecific_Selected,HuberRegressor,19.6,0.2723,19.3277,19.3277
Fe_num,13,M7_TargetSpecific_Selected,ExtraTrees,0.224,0.6458,-0.4218,0.4218
Fe_num,13,M7_TargetSpecific_Selected,ExtraTrees,0.018,2.4729,-2.4549,2.4549
Fe_num,13,M7_TargetSpecific_Selected,ExtraTrees,0.354,0.4081,-0.0541,0.0541
Fe_num,13,M7_TargetSpecific_Selected,ExtraTrees,1.24,0.2208,1.0192,1.0192
Fe_num,13,M7_TargetSpecific_Selected,ExtraTrees,0.174,0.2869,-0.1129,0.1129
Fe_num,13,M7_TargetSpecific_Selected,ExtraTrees,0.014,0.2217,-0.2077,0.2077
Fe_num,13,M7_TargetSpecific_Selected,ExtraTrees,0.03,0.2405,-0.2105,0.2105
Fe_num,13,M7_TargetSpecific_Selected,ExtraTrees,19.6,0.3952,19.2048,19.2048
Fe_num,14,M1_Core,Ridge,1.65,0.982,0.668,0.668
Fe_num,14,M1_Core,Ridge,0.988,0.4575,0.5305,0.5305
Fe_num,14,M1_Core,Ridge,9.07,1.0724,7.9976,7.9976
Fe_num,14,M1_Core,Ridge,0.182,0.4698,-0.2878,0.2878
Fe_num,14,M1_Core,Ridge,0.084,0.6362,-0.5522,0.5522
Fe_num,14,M1_Core,Ridge,0.976,0.9097,0.0663,0.0663
Fe_num,14,M1_Core,Ridge,0.023,0.8979,-0.8749,0.8749
Fe_num,14,M1_Core,Ridge,0.08,0.7689,-0.6889,0.6889
Fe_num,14,M1_Core,HuberRegressor,1.65,0.3538,1.2962,1.2962
Fe_num,14,M1_Core,HuberRegressor,0.988,0.5512,0.4368,0.4368
Fe_num,14,M1_Core,HuberRegressor,9.07,0.5015,8.5685,8.5685
Fe_num,14,M1_Core,HuberRegressor,0.182,0.1228,0.0592,0.0592
Fe_num,14,M1_Core,HuberRegressor,0.084,0.1962,-0.1122,0.1122
Fe_num,14,M1_Core,HuberRegressor,0.976,0.3051,0.6709,0.6709
Fe_num,14,M1_Core,HuberRegressor,0.023,0.2854,-0.2624,0.2624
Fe_num,14,M1_Core,HuberRegressor,0.08,0.2893,-0.2093,0.2093
Fe_num,14,M1_Core,ExtraTrees,1.65,0.6454,1.0046,1.0046
Fe_num,14,M1_Core,ExtraTrees,0.988,0.3004,0.6876,0.6876
Fe_num,14,M1_Core,ExtraTrees,9.07,1.6,7.47,7.47
Fe_num,14,M1_Core,ExtraTrees,0.182,0.4388,-0.2568,0.2568
Fe_num,14,M1_Core,ExtraTrees,0.084,0.8061,-0.7221,0.7221
Fe_num,14,M1_Core,ExtraTrees,0.976,1.7118,-0.7358,0.7358
Fe_num,14,M1_Core,ExtraTrees,0.023,0.5399,-0.5169,0.5169
Fe_num,14,M1_Core,ExtraTrees,0.08,0.9583,-0.8783,0.8783
Fe_num,14,M7_TargetSpecific_Selected,Ridge,1.65,1.2775,0.3725,0.3725
Fe_num,14,M7_TargetSpecific_Selected,Ridge,0.988,0.0,0.988,0.988
Fe_num,14,M7_TargetSpecific_Selected,Ridge,9.07,0.7635,8.3065,8.3065
Fe_num,14,M7_TargetSpecific_Selected,Ridge,0.182,0.5866,-0.4046,0.4046
Fe_num,14,M7_TargetSpecific_Selected,Ridge,0.084,0.7058,-0.6218,0.6218
Fe_num,14,M7_TargetSpecific_Selected,Ridge,0.976,1.3274,-0.3514,0.3514
Fe_num,14,M7_TargetSpecific_Selected,Ridge,0.023,1.1097,-1.0867,1.0867
Fe_num,14,M7_TargetSpecific_Selected,Ridge,0.08,0.7521,-0.6721,0.6721
Fe_num,14,M7_TargetSpecific_Selected,HuberRegressor,1.65,0.4763,1.1737,1.1737
Fe_num,14,M7_TargetSpecific_Selected,HuberRegressor,0.988,0.341,0.647,0.647
Fe_num,14,M7_TargetSpecific_Selected,HuberRegressor,9.07,0.4473,8.6227,8.6227
Fe_num,14,M7_TargetSpecific_Selected,HuberRegressor,0.182,0.1107,0.0713,0.0713
Fe_num,14,M7_TargetSpecific_Selected,HuberRegressor,0.084,0.2356,-0.1516,0.1516
Fe_num,14,M7_TargetSpecific_Selected,HuberRegressor,0.976,0.4621,0.5139,0.5139
Fe_num,14,M7_TargetSpecific_Selected,HuberRegressor,0.023,0.4482,-0.4252,0.4252
Fe_num,14,M7_TargetSpecific_Selected,HuberRegressor,0.08,0.4118,-0.3318,0.3318
Fe_num,14,M7_TargetSpecific_Selected,ExtraTrees,1.65,0.727,0.923,0.923
Fe_num,14,M7_TargetSpecific_Selected,ExtraTrees,0.988,0.2334,0.7546,0.7546
Fe_num,14,M7_TargetSpecific_Selected,ExtraTrees,9.07,1.0106,8.0594,8.0594
Fe_num,14,M7_TargetSpecific_Selected,ExtraTrees,0.182,0.5473,-0.3653,0.3653
Fe_num,14,M7_TargetSpecific_Selected,ExtraTrees,0.084,0.7682,-0.6842,0.6842
Fe_num,14,M7_TargetSpecific_Selected,ExtraTrees,0.976,1.502,-0.526,0.526
Fe_num,14,M7_TargetSpecific_Selected,ExtraTrees,0.023,0.5598,-0.5368,0.5368
Fe_num,14,M7_TargetSpecific_Selected,ExtraTrees,0.08,0.9953,-0.9153,0.9153
Fe_num,15,M1_Core,Ridge,6.21,1.2111,4.9989,4.9989
Fe_num,15,M1_Core,Ridge,0.293,0.0,0.293,0.293
Fe_num,15,M1_Core,Ridge,1.65,1.0601,0.5899,0.5899
Fe_num,15,M1_Core,Ridge,0.271,0.0,0.271,0.271
Fe_num,15,M1_Core,Ridge,0.354,0.8773,-0.5233,0.5233
Fe_num,15,M1_Core,Ridge,0.174,0.6894,-0.5154,0.5154
Fe_num,15,M1_Core,Ridge,0.032,0.5065,-0.4745,0.4745
Fe_num,15,M1_Core,Ridge,0.044,0.0353,0.0087,0.0087
Fe_num,15,M1_Core,HuberRegressor,6.21,0.5437,5.6663,5.6663
Fe_num,15,M1_Core,HuberRegressor,0.293,0.096,0.197,0.197
Fe_num,15,M1_Core,HuberRegressor,1.65,0.4047,1.2453,1.2453
Fe_num,15,M1_Core,HuberRegressor,0.271,0.2071,0.0639,0.0639
Fe_num,15,M1_Core,HuberRegressor,0.354,0.3155,0.0385,0.0385
Fe_num,15,M1_Core,HuberRegressor,0.174,0.2476,-0.0736,0.0736
Fe_num,15,M1_Core,HuberRegressor,0.032,0.0951,-0.0631,0.0631
Fe_num,15,M1_Core,HuberRegressor,0.044,0.0,0.044,0.044
Fe_num,15,M1_Core,ExtraTrees,6.21,1.2368,4.9732,4.9732
Fe_num,15,M1_Core,ExtraTrees,0.293,0.4654,-0.1724,0.1724
Fe_num,15,M1_Core,ExtraTrees,1.65,0.8021,0.8479,0.8479
Fe_num,15,M1_Core,ExtraTrees,0.271,0.2998,-0.0288,0.0288
Fe_num,15,M1_Core,ExtraTrees,0.354,0.4558,-0.1018,0.1018
Fe_num,15,M1_Core,ExtraTrees,0.174,1.0891,-0.9151,0.9151
Fe_num,15,M1_Core,ExtraTrees,0.032,0.323,-0.291,0.291
Fe_num,15,M1_Core,ExtraTrees,0.044,0.2926,-0.2486,0.2486
Fe_num,15,M7_TargetSpecific_Selected,Ridge,6.21,1.308,4.902,4.902
Fe_num,15,M7_TargetSpecific_Selected,Ridge,0.293,0.0333,0.2597,0.2597
Fe_num,15,M7_TargetSpecific_Selected,Ridge,1.65,1.0707,0.5793,0.5793
Fe_num,15,M7_TargetSpecific_Selected,Ridge,0.271,0.0196,0.2514,0.2514
Fe_num,15,M7_TargetSpecific_Selected,Ridge,0.354,0.987,-0.633,0.633
Fe_num,15,M7_TargetSpecific_Selected,Ridge,0.174,0.6574,-0.4834,0.4834
Fe_num,15,M7_TargetSpecific_Selected,Ridge,0.032,0.3954,-0.3634,0.3634
Fe_num,15,M7_TargetSpecific_Selected,Ridge,0.044,0.1352,-0.0912,0.0912
Fe_num,15,M7_TargetSpecific_Selected,HuberRegressor,6.21,0.6379,5.5721,5.5721
Fe_num,15,M7_TargetSpecific_Selected,HuberRegressor,0.293,0.4536,-0.1606,0.1606
Fe_num,15,M7_TargetSpecific_Selected,HuberRegressor,1.65,0.4332,1.2168,1.2168
Fe_num,15,M7_TargetSpecific_Selected,HuberRegressor,0.271,0.4631,-0.1921,0.1921
Fe_num,15,M7_TargetSpecific_Selected,HuberRegressor,0.354,0.4949,-0.1409,0.1409
Fe_num,15,M7_TargetSpecific_Selected,HuberRegressor,0.174,0.382,-0.208,0.208
Fe_num,15,M7_TargetSpecific_Selected,HuberRegressor,0.032,0.0747,-0.0427,0.0427
Fe_num,15,M7_TargetSpecific_Selected,HuberRegressor,0.044,0.0,0.044,0.044
Fe_num,15,M7_TargetSpecific_Selected,ExtraTrees,6.21,1.0101,5.1999,5.1999
Fe_num,15,M7_TargetSpecific_Selected,ExtraTrees,0.293,0.6926,-0.3996,0.3996
Fe_num,15,M7_TargetSpecific_Selected,ExtraTrees,1.65,0.5737,1.0763,1.0763
Fe_num,15,M7_TargetSpecific_Selected,ExtraTrees,0.271,0.5332,-0.2622,0.2622
Fe_num,15,M7_TargetSpecific_Selected,ExtraTrees,0.354,0.5846,-0.2306,0.2306
Fe_num,15,M7_TargetSpecific_Selected,ExtraTrees,0.174,0.4839,-0.3099,0.3099
Fe_num,15,M7_TargetSpecific_Selected,ExtraTrees,0.032,0.4315,-0.3995,0.3995
Fe_num,15,M7_TargetSpecific_Selected,ExtraTrees,0.044,0.1604,-0.1164,0.1164
Fe_num,16,M1_Core,Ridge,0.837,1.8072,-0.9702,0.9702
Fe_num,16,M1_Core,Ridge,0.182,0.5521,-0.3701,0.3701
Fe_num,16,M1_Core,Ridge,0.084,0.953,-0.869,0.869
Fe_num,16,M1_Core,Ridge,0.016,0.8405,-0.8245,0.8245
Fe_num,16,M1_Core,Ridge,0.976,1.1287,-0.1527,0.1527
Fe_num,16,M1_Core,Ridge,0.03,0.3032,-0.2732,0.2732
Fe_num,16,M1_Core,Ridge,0.037,0.7263,-0.6893,0.6893
Fe_num,16,M1_Core,Ridge,0.061,0.3461,-0.2851,0.2851
Fe_num,16,M1_Core,HuberRegressor,0.837,0.8963,-0.0593,0.0593
Fe_num,16,M1_Core,HuberRegressor,0.182,0.134,0.048,0.048
Fe_num,16,M1_Core,HuberRegressor,0.084,0.2978,-0.2138,0.2138
Fe_num,16,M1_Core,HuberRegressor,0.016,0.2671,-0.2511,0.2511
Fe_num,16,M1_Core,HuberRegressor,0.976,0.3838,0.5922,0.5922
Fe_num,16,M1_Core,HuberRegressor,0.03,0.6341,-0.6041,0.6041
Fe_num,16,M1_Core,HuberRegressor,0.037,0.1862,-0.1492,0.1492
Fe_num,16,M1_Core,HuberRegressor,0.061,0.1432,-0.0822,0.0822
Fe_num,16,M1_Core,ExtraTrees,0.837,1.0336,-0.1966,0.1966
Fe_num,16,M1_Core,ExtraTrees,0.182,0.5884,-0.4064,0.4064
Fe_num,16,M1_Core,ExtraTrees,0.084,1.0891,-1.0051,1.0051
Fe_num,16,M1_Core,ExtraTrees,0.016,1.5089,-1.4929,1.4929
Fe_num,16,M1_Core,ExtraTrees,0.976,1.9058,-0.9298,0.9298
Fe_num,16,M1_Core,ExtraTrees,0.03,0.5019,-0.4719,0.4719
Fe_num,16,M1_Core,ExtraTrees,0.037,0.277,-0.24,0.24
Fe_num,16,M1_Core,ExtraTrees,0.061,0.331,-0.27,0.27
Fe_num,16,M7_TargetSpecific_Selected,Ridge,0.837,0.9204,-0.0834,0.0834
Fe_num,16,M7_TargetSpecific_Selected,Ridge,0.182,0.6626,-0.4806,0.4806
Fe_num,16,M7_TargetSpecific_Selected,Ridge,0.084,0.7689,-0.6849,0.6849
Fe_num,16,M7_TargetSpecific_Selected,Ridge,0.016,0.7558,-0.7398,0.7398
Fe_num,16,M7_TargetSpecific_Selected,Ridge,0.976,1.4597,-0.4837,0.4837
Fe_num,16,M7_TargetSpecific_Selected,Ridge,0.03,0.332,-0.302,0.302
Fe_num,16,M7_TargetSpecific_Selected,Ridge,0.037,0.5298,-0.4928,0.4928
Fe_num,16,M7_TargetSpecific_Selected,Ridge,0.061,0.4199,-0.3589,0.3589
Fe_num,16,M7_TargetSpecific_Selected,HuberRegressor,0.837,0.3548,0.4822,0.4822
Fe_num,16,M7_TargetSpecific_Selected,HuberRegressor,0.182,0.2695,-0.0875,0.0875
Fe_num,16,M7_TargetSpecific_Selected,HuberRegressor,0.084,0.3093,-0.2253,0.2253
Fe_num,16,M7_TargetSpecific_Selected,HuberRegressor,0.016,0.2485,-0.2325,0.2325
Fe_num,16,M7_TargetSpecific_Selected,HuberRegressor,0.976,0.548,0.428,0.428
Fe_num,16,M7_TargetSpecific_Selected,HuberRegressor,0.03,0.5437,-0.5137,0.5137
Fe_num,16,M7_TargetSpecific_Selected,HuberRegressor,0.037,0.103,-0.066,0.066
Fe_num,16,M7_TargetSpecific_Selected,HuberRegressor,0.061,0.1982,-0.1372,0.1372
Fe_num,16,M7_TargetSpecific_Selected,ExtraTrees,0.837,0.5216,0.3154,0.3154
Fe_num,16,M7_TargetSpecific_Selected,ExtraTrees,0.182,1.8705,-1.6885,1.6885
Fe_num,16,M7_TargetSpecific_Selected,ExtraTrees,0.084,1.9347,-1.8507,1.8507
Fe_num,16,M7_TargetSpecific_Selected,ExtraTrees,0.016,1.3308,-1.3148,1.3148
Fe_num,16,M7_TargetSpecific_Selected,ExtraTrees,0.976,1.2749,-0.2989,0.2989
Fe_num,16,M7_TargetSpecific_Selected,ExtraTrees,0.03,0.3346,-0.3046,0.3046
Fe_num,16,M7_TargetSpecific_Selected,ExtraTrees,0.037,0.3471,-0.3101,0.3101
Fe_num,16,M7_TargetSpecific_Selected,ExtraTrees,0.061,0.3672,-0.3062,0.3062
Fe_num,17,M1_Core,Ridge,1.38,1.7272,-0.3472,0.3472
Fe_num,17,M1_Core,Ridge,0.356,1.3604,-1.0044,1.0044
Fe_num,17,M1_Core,Ridge,0.018,1.5813,-1.5633,1.5633
Fe_num,17,M1_Core,Ridge,9.07,1.1848,7.8852,7.8852
Fe_num,17,M1_Core,Ridge,2.13,0.9434,1.1866,1.1866
Fe_num,17,M1_Core,Ridge,0.054,0.8466,-0.7926,0.7926
Fe_num,17,M1_Core,Ridge,0.014,0.6826,-0.6686,0.6686
Fe_num,17,M1_Core,Ridge,3.75,0.334,3.416,3.416
Fe_num,17,M1_Core,HuberRegressor,1.38,0.8452,0.5348,0.5348
Fe_num,17,M1_Core,HuberRegressor,0.356,0.4625,-0.1065,0.1065
Fe_num,17,M1_Core,HuberRegressor,0.018,0.6171,-0.5991,0.5991
Fe_num,17,M1_Core,HuberRegressor,9.07,0.5651,8.5049,8.5049
Fe_num,17,M1_Core,HuberRegressor,2.13,0.3769,1.7531,1.7531
Fe_num,17,M1_Core,HuberRegressor,0.054,0.2795,-0.2255,0.2255
Fe_num,17,M1_Core,HuberRegressor,0.014,0.158,-0.144,0.144
Fe_num,17,M1_Core,HuberRegressor,3.75,0.1095,3.6405,3.6405
Fe_num,17,M1_Core,ExtraTrees,1.38,1.5375,-0.1575,0.1575
Fe_num,17,M1_Core,ExtraTrees,0.356,0.9918,-0.6358,0.6358
Fe_num,17,M1_Core,ExtraTrees,0.018,1.0897,-1.0717,1.0717
Fe_num,17,M1_Core,ExtraTrees,9.07,1.315,7.755,7.755
Fe_num,17,M1_Core,ExtraTrees,2.13,0.9242,1.2058,1.2058
Fe_num,17,M1_Core,ExtraTrees,0.054,1.0818,-1.0278,1.0278
Fe_num,17,M1_Core,ExtraTrees,0.014,0.9044,-0.8904,0.8904
Fe_num,17,M1_Core,ExtraTrees,3.75,0.145,3.605,3.605
Fe_num,17,M7_TargetSpecific_Selected,Ridge,1.38,1.4747,-0.0947,0.0947
Fe_num,17,M7_TargetSpecific_Selected,Ridge,0.356,1.4843,-1.1283,1.1283
Fe_num,17,M7_TargetSpecific_Selected,Ridge,0.018,1.3695,-1.3515,1.3515
Fe_num,17,M7_TargetSpecific_Selected,Ridge,9.07,1.099,7.971,7.971
Fe_num,17,M7_TargetSpecific_Selected,Ridge,2.13,1.0993,1.0307,1.0307
Fe_num,17,M7_TargetSpecific_Selected,Ridge,0.054,1.1344,-1.0804,1.0804
Fe_num,17,M7_TargetSpecific_Selected,Ridge,0.014,0.5147,-0.5007,0.5007
Fe_num,17,M7_TargetSpecific_Selected,Ridge,3.75,0.4314,3.3186,3.3186
Fe_num,17,M7_TargetSpecific_Selected,HuberRegressor,1.38,0.8562,0.5238,0.5238
Fe_num,17,M7_TargetSpecific_Selected,HuberRegressor,0.356,0.516,-0.16,0.16
Fe_num,17,M7_TargetSpecific_Selected,HuberRegressor,0.018,0.6145,-0.5965,0.5965
Fe_num,17,M7_TargetSpecific_Selected,HuberRegressor,9.07,0.5662,8.5038,8.5038
Fe_num,17,M7_TargetSpecific_Selected,HuberRegressor,2.13,0.4422,1.6878,1.6878
Fe_num,17,M7_TargetSpecific_Selected,HuberRegressor,0.054,0.3588,-0.3048,0.3048
Fe_num,17,M7_TargetSpecific_Selected,HuberRegressor,0.014,0.1408,-0.1268,0.1268
Fe_num,17,M7_TargetSpecific_Selected,HuberRegressor,3.75,0.1321,3.6179,3.6179
Fe_num,17,M7_TargetSpecific_Selected,ExtraTrees,1.38,3.9793,-2.5993,2.5993
Fe_num,17,M7_TargetSpecific_Selected,ExtraTrees,0.356,0.8287,-0.4727,0.4727
Fe_num,17,M7_TargetSpecific_Selected,ExtraTrees,0.018,0.6987,-0.6807,0.6807
Fe_num,17,M7_TargetSpecific_Selected,ExtraTrees,9.07,1.2757,7.7943,7.7943
Fe_num,17,M7_TargetSpecific_Selected,ExtraTrees,2.13,0.7333,1.3967,1.3967
Fe_num,17,M7_TargetSpecific_Selected,ExtraTrees,0.054,1.011,-0.957,0.957
Fe_num,17,M7_TargetSpecific_Selected,ExtraTrees,0.014,0.7801,-0.7661,0.7661
Fe_num,17,M7_TargetSpecific_Selected,ExtraTrees,3.75,0.0665,3.6835,3.6835
Fe_num,18,M1_Core,Ridge,0.24,0.9648,-0.7248,0.7248
Fe_num,18,M1_Core,Ridge,0.17,0.7474,-0.5774,0.5774
Fe_num,18,M1_Core,Ridge,0.027,0.0,0.027,0.027
Fe_num,18,M1_Core,Ridge,0.224,0.871,-0.647,0.647
Fe_num,18,M1_Core,Ridge,1.24,0.0,1.24,1.24
Fe_num,18,M1_Core,Ridge,0.036,0.4882,-0.4522,0.4522
Fe_num,18,M1_Core,Ridge,3.99,0.7794,3.2106,3.2106
Fe_num,18,M1_Core,Ridge,19.6,0.4699,19.1301,19.1301
Fe_num,18,M1_Core,HuberRegressor,0.24,0.5781,-0.3381,0.3381
Fe_num,18,M1_Core,HuberRegressor,0.17,0.5457,-0.3757,0.3757
Fe_num,18,M1_Core,HuberRegressor,0.027,0.0,0.027,0.027
Fe_num,18,M1_Core,HuberRegressor,0.224,0.471,-0.247,0.247
Fe_num,18,M1_Core,HuberRegressor,1.24,0.0068,1.2332,1.2332
Fe_num,18,M1_Core,HuberRegressor,0.036,0.2167,-0.1807,0.1807
Fe_num,18,M1_Core,HuberRegressor,3.99,0.3867,3.6033,3.6033
Fe_num,18,M1_Core,HuberRegressor,19.6,0.2693,19.3307,19.3307
Fe_num,18,M1_Core,ExtraTrees,0.24,1.0327,-0.7927,0.7927
Fe_num,18,M1_Core,ExtraTrees,0.17,0.8707,-0.7007,0.7007
Fe_num,18,M1_Core,ExtraTrees,0.027,0.7994,-0.7724,0.7724
Fe_num,18,M1_Core,ExtraTrees,0.224,0.6741,-0.4501,0.4501
Fe_num,18,M1_Core,ExtraTrees,1.24,0.1467,1.0933,1.0933
Fe_num,18,M1_Core,ExtraTrees,0.036,0.2835,-0.2475,0.2475
Fe_num,18,M1_Core,ExtraTrees,3.99,0.6052,3.3848,3.3848
Fe_num,18,M1_Core,ExtraTrees,19.6,0.2612,19.3388,19.3388
Fe_num,18,M7_TargetSpecific_Selected,Ridge,0.24,1.1669,-0.9269,0.9269
Fe_num,18,M7_TargetSpecific_Selected,Ridge,0.17,1.2213,-1.0513,1.0513
Fe_num,18,M7_TargetSpecific_Selected,Ridge,0.027,0.0,0.027,0.027
Fe_num,18,M7_TargetSpecific_Selected,Ridge,0.224,1.1118,-0.8878,0.8878
Fe_num,18,M7_TargetSpecific_Selected,Ridge,1.24,0.0,1.24,1.24
Fe_num,18,M7_TargetSpecific_Selected,Ridge,0.036,0.5762,-0.5402,0.5402
Fe_num,18,M7_TargetSpecific_Selected,Ridge,3.99,1.3195,2.6705,2.6705
Fe_num,18,M7_TargetSpecific_Selected,Ridge,19.6,0.4334,19.1666,19.1666
Fe_num,18,M7_TargetSpecific_Selected,HuberRegressor,0.24,0.806,-0.566,0.566
Fe_num,18,M7_TargetSpecific_Selected,HuberRegressor,0.17,1.1431,-0.9731,0.9731
Fe_num,18,M7_TargetSpecific_Selected,HuberRegressor,0.027,0.0,0.027,0.027
Fe_num,18,M7_TargetSpecific_Selected,HuberRegressor,0.224,0.894,-0.67,0.67
Fe_num,18,M7_TargetSpecific_Selected,HuberRegressor,1.24,0.0,1.24,1.24
Fe_num,18,M7_TargetSpecific_Selected,HuberRegressor,0.036,0.3818,-0.3458,0.3458
Fe_num,18,M7_TargetSpecific_Selected,HuberRegressor,3.99,0.8566,3.1334,3.1334
Fe_num,18,M7_TargetSpecific_Selected,HuberRegressor,19.6,0.678,18.922,18.922
Fe_num,18,M7_TargetSpecific_Selected,ExtraTrees,0.24,1.1668,-0.9268,0.9268
Fe_num,18,M7_TargetSpecific_Selected,ExtraTrees,0.17,1.4515,-1.2815,1.2815
Fe_num,18,M7_TargetSpecific_Selected,ExtraTrees,0.027,0.5701,-0.5431,0.5431
Fe_num,18,M7_TargetSpecific_Selected,ExtraTrees,0.224,0.7586,-0.5346,0.5346
Fe_num,18,M7_TargetSpecific_Selected,ExtraTrees,1.24,0.1484,1.0916,1.0916
Fe_num,18,M7_TargetSpecific_Selected,ExtraTrees,0.036,0.4247,-0.3887,0.3887
Fe_num,18,M7_TargetSpecific_Selected,ExtraTrees,3.99,0.8485,3.1415,3.1415
Fe_num,18,M7_TargetSpecific_Selected,ExtraTrees,19.6,0.3227,19.2773,19.2773
Fe_num,19,M1_Core,Ridge,0.06,0.1546,-0.0946,0.0946
Fe_num,19,M1_Core,Ridge,0.988,0.727,0.261,0.261
Fe_num,19,M1_Core,Ridge,0.04,0.1216,-0.0816,0.0816
Fe_num,19,M1_Core,Ridge,0.023,1.1051,-1.0821,1.0821
Fe_num,19,M1_Core,Ridge,0.08,0.9947,-0.9147,0.9147
Fe_num,19,M1_Core,Ridge,0.03,0.3286,-0.2986,0.2986
Fe_num,19,M1_Core,Ridge,0.397,1.2116,-0.8146,0.8146
Fe_num,19,M1_Core,Ridge,0.151,0.3333,-0.1823,0.1823
Fe_num,19,M1_Core,HuberRegressor,0.06,0.3377,-0.2777,0.2777
Fe_num,19,M1_Core,HuberRegressor,0.988,0.918,0.07,0.07
Fe_num,19,M1_Core,HuberRegressor,0.04,0.0,0.04,0.04
Fe_num,19,M1_Core,HuberRegressor,0.023,0.5043,-0.4813,0.4813
Fe_num,19,M1_Core,HuberRegressor,0.08,0.5499,-0.4699,0.4699
Fe_num,19,M1_Core,HuberRegressor,0.03,0.0,0.03,0.03
Fe_num,19,M1_Core,HuberRegressor,0.397,0.6289,-0.2319,0.2319
Fe_num,19,M1_Core,HuberRegressor,0.151,0.3053,-0.1543,0.1543
Fe_num,19,M1_Core,ExtraTrees,0.06,0.5275,-0.4675,0.4675
Fe_num,19,M1_Core,ExtraTrees,0.988,0.2971,0.6909,0.6909
Fe_num,19,M1_Core,ExtraTrees,0.04,0.5774,-0.5374,0.5374
Fe_num,19,M1_Core,ExtraTrees,0.023,0.7705,-0.7475,0.7475
Fe_num,19,M1_Core,ExtraTrees,0.08,1.5084,-1.4284,1.4284
Fe_num,19,M1_Core,ExtraTrees,0.03,0.5492,-0.5192,0.5192
Fe_num,19,M1_Core,ExtraTrees,0.397,1.0227,-0.6257,0.6257
Fe_num,19,M1_Core,ExtraTrees,0.151,0.2922,-0.1412,0.1412
Fe_num,19,M7_TargetSpecific_Selected,Ridge,0.06,0.0,0.06,0.06
Fe_num,19,M7_TargetSpecific_Selected,Ridge,0.988,0.0576,0.9304,0.9304
Fe_num,19,M7_TargetSpecific_Selected,Ridge,0.04,0.0548,-0.0148,0.0148
Fe_num,19,M7_TargetSpecific_Selected,Ridge,0.023,1.4919,-1.4689,1.4689
Fe_num,19,M7_TargetSpecific_Selected,Ridge,0.08,1.1686,-1.0886,1.0886
Fe_num,19,M7_TargetSpecific_Selected,Ridge,0.03,0.14,-0.11,0.11
Fe_num,19,M7_TargetSpecific_Selected,Ridge,0.397,2.1889,-1.7919,1.7919
Fe_num,19,M7_TargetSpecific_Selected,Ridge,0.151,0.1673,-0.0163,0.0163
Fe_num,19,M7_TargetSpecific_Selected,HuberRegressor,0.06,0.0336,0.0264,0.0264
Fe_num,19,M7_TargetSpecific_Selected,HuberRegressor,0.988,0.0831,0.9049,0.9049
Fe_num,19,M7_TargetSpecific_Selected,HuberRegressor,0.04,0.05,-0.01,0.01
Fe_num,19,M7_TargetSpecific_Selected,HuberRegressor,0.023,1.0786,-1.0556,1.0556
Fe_num,19,M7_TargetSpecific_Selected,HuberRegressor,0.08,0.974,-0.894,0.894
Fe_num,19,M7_TargetSpecific_Selected,HuberRegressor,0.03,0.0,0.03,0.03
Fe_num,19,M7_TargetSpecific_Selected,HuberRegressor,0.397,1.4685,-1.0715,1.0715
Fe_num,19,M7_TargetSpecific_Selected,HuberRegressor,0.151,0.0,0.151,0.151
Fe_num,19,M7_TargetSpecific_Selected,ExtraTrees,0.06,1.0757,-1.0157,1.0157
Fe_num,19,M7_TargetSpecific_Selected,ExtraTrees,0.988,0.4166,0.5714,0.5714
Fe_num,19,M7_TargetSpecific_Selected,ExtraTrees,0.04,0.5721,-0.5321,0.5321
Fe_num,19,M7_TargetSpecific_Selected,ExtraTrees,0.023,0.8575,-0.8345,0.8345
Fe_num,19,M7_TargetSpecific_Selected,ExtraTrees,0.08,2.4804,-2.4004,2.4004
Fe_num,19,M7_TargetSpecific_Selected,ExtraTrees,0.03,0.7609,-0.7309,0.7309
Fe_num,19,M7_TargetSpecific_Selected,ExtraTrees,0.397,0.9747,-0.5777,0.5777
Fe_num,19,M7_TargetSpecific_Selected,ExtraTrees,0.151,0.29,-0.139,0.139
Fe_num,20,M1_Core,Ridge,6.21,0.6362,5.5738,5.5738
Fe_num,20,M1_Core,Ridge,1.38,0.7294,0.6506,0.6506
Fe_num,20,M1_Core,Ridge,0.988,0.2304,0.7576,0.7576
Fe_num,20,M1_Core,Ridge,9.07,0.5996,8.4704,8.4704
Fe_num,20,M1_Core,Ridge,0.182,0.38,-0.198,0.198
Fe_num,20,M1_Core,Ridge,2.13,0.5905,1.5395,1.5395
Fe_num,20,M1_Core,Ridge,0.084,0.4825,-0.3985,0.3985
Fe_num,20,M1_Core,Ridge,0.976,0.5595,0.4165,0.4165
Fe_num,20,M1_Core,HuberRegressor,6.21,0.2903,5.9197,5.9197
Fe_num,20,M1_Core,HuberRegressor,1.38,0.4781,0.9019,0.9019
Fe_num,20,M1_Core,HuberRegressor,0.988,0.3592,0.6288,0.6288
Fe_num,20,M1_Core,HuberRegressor,9.07,0.3118,8.7582,8.7582
Fe_num,20,M1_Core,HuberRegressor,0.182,0.1084,0.0736,0.0736
Fe_num,20,M1_Core,HuberRegressor,2.13,0.2288,1.9012,1.9012
Fe_num,20,M1_Core,HuberRegressor,0.084,0.1423,-0.0583,0.0583
Fe_num,20,M1_Core,HuberRegressor,0.976,0.2014,0.7746,0.7746
Fe_num,20,M1_Core,ExtraTrees,6.21,0.5053,5.7047,5.7047
Fe_num,20,M1_Core,ExtraTrees,1.38,0.7438,0.6362,0.6362
Fe_num,20,M1_Core,ExtraTrees,0.988,0.1736,0.8144,0.8144
Fe_num,20,M1_Core,ExtraTrees,9.07,0.4495,8.6205,8.6205
Fe_num,20,M1_Core,ExtraTrees,0.182,0.3583,-0.1763,0.1763
Fe_num,20,M1_Core,ExtraTrees,2.13,0.6012,1.5288,1.5288
Fe_num,20,M1_Core,ExtraTrees,0.084,0.6972,-0.6132,0.6132
Fe_num,20,M1_Core,ExtraTrees,0.976,0.8649,0.1111,0.1111
Fe_num,20,M7_TargetSpecific_Selected,Ridge,6.21,0.8572,5.3528,5.3528
Fe_num,20,M7_TargetSpecific_Selected,Ridge,1.38,0.5002,0.8798,0.8798
Fe_num,20,M7_TargetSpecific_Selected,Ridge,0.988,0.0,0.988,0.988
Fe_num,20,M7_TargetSpecific_Selected,Ridge,9.07,0.4006,8.6694,8.6694
Fe_num,20,M7_TargetSpecific_Selected,Ridge,0.182,0.5462,-0.3642,0.3642
Fe_num,20,M7_TargetSpecific_Selected,Ridge,2.13,0.7922,1.3378,1.3378
Fe_num,20,M7_TargetSpecific_Selected,Ridge,0.084,0.551,-0.467,0.467
Fe_num,20,M7_TargetSpecific_Selected,Ridge,0.976,0.8433,0.1327,0.1327
Fe_num,20,M7_TargetSpecific_Selected,HuberRegressor,6.21,0.3267,5.8833,5.8833
Fe_num,20,M7_TargetSpecific_Selected,HuberRegressor,1.38,0.4078,0.9722,0.9722
Fe_num,20,M7_TargetSpecific_Selected,HuberRegressor,0.988,0.1081,0.8799,0.8799
Fe_num,20,M7_TargetSpecific_Selected,HuberRegressor,9.07,0.2522,8.8178,8.8178
Fe_num,20,M7_TargetSpecific_Selected,HuberRegressor,0.182,0.1619,0.0201,0.0201
Fe_num,20,M7_TargetSpecific_Selected,HuberRegressor,2.13,0.2771,1.8529,1.8529
Fe_num,20,M7_TargetSpecific_Selected,HuberRegressor,0.084,0.1684,-0.0844,0.0844
Fe_num,20,M7_TargetSpecific_Selected,HuberRegressor,0.976,0.2741,0.7019,0.7019
Fe_num,20,M7_TargetSpecific_Selected,ExtraTrees,6.21,0.4734,5.7366,5.7366
Fe_num,20,M7_TargetSpecific_Selected,ExtraTrees,1.38,0.6232,0.7568,0.7568
Fe_num,20,M7_TargetSpecific_Selected,ExtraTrees,0.988,0.2288,0.7592,0.7592
Fe_num,20,M7_TargetSpecific_Selected,ExtraTrees,9.07,0.2868,8.7832,8.7832
Fe_num,20,M7_TargetSpecific_Selected,ExtraTrees,0.182,0.6763,-0.4943,0.4943
Fe_num,20,M7_TargetSpecific_Selected,ExtraTrees,2.13,0.6514,1.4786,1.4786
Fe_num,20,M7_TargetSpecific_Selected,ExtraTrees,0.084,0.6447,-0.5607,0.5607
Fe_num,20,M7_TargetSpecific_Selected,ExtraTrees,0.976,0.7602,0.2158,0.2158
Fe_num,21,M1_Core,Ridge,0.356,1.697,-1.341,1.341
Fe_num,21,M1_Core,Ridge,0.271,0.1588,0.1122,0.1122
Fe_num,21,M1_Core,Ridge,0.054,1.3032,-1.2492,1.2492
Fe_num,21,M1_Core,Ridge,0.04,0.2092,-0.1692,0.1692
Fe_num,21,M1_Core,Ridge,0.08,0.684,-0.604,0.604
Fe_num,21,M1_Core,Ridge,1.24,0.0,1.24,1.24
Fe_num,21,M1_Core,Ridge,0.014,0.9214,-0.9074,0.9074
Fe_num,21,M1_Core,Ridge,0.397,1.2563,-0.8593,0.8593
Fe_num,21,M1_Core,HuberRegressor,0.356,0.7654,-0.4094,0.4094
Fe_num,21,M1_Core,HuberRegressor,0.271,0.2298,0.0412,0.0412
Fe_num,21,M1_Core,HuberRegressor,0.054,0.5118,-0.4578,0.4578
Fe_num,21,M1_Core,HuberRegressor,0.04,0.0,0.04,0.04
Fe_num,21,M1_Core,HuberRegressor,0.08,0.4108,-0.3308,0.3308
Fe_num,21,M1_Core,HuberRegressor,1.24,0.0175,1.2225,1.2225
Fe_num,21,M1_Core,HuberRegressor,0.014,0.267,-0.253,0.253
Fe_num,21,M1_Core,HuberRegressor,0.397,0.6403,-0.2433,0.2433
Fe_num,21,M1_Core,ExtraTrees,0.356,1.1483,-0.7923,0.7923
Fe_num,21,M1_Core,ExtraTrees,0.271,0.3937,-0.1227,0.1227
Fe_num,21,M1_Core,ExtraTrees,0.054,1.452,-1.398,1.398
Fe_num,21,M1_Core,ExtraTrees,0.04,0.6094,-0.5694,0.5694
Fe_num,21,M1_Core,ExtraTrees,0.08,1.0314,-0.9514,0.9514
Fe_num,21,M1_Core,ExtraTrees,1.24,0.2964,0.9436,0.9436
Fe_num,21,M1_Core,ExtraTrees,0.014,1.386,-1.372,1.372
Fe_num,21,M1_Core,ExtraTrees,0.397,1.145,-0.748,0.748
Fe_num,21,M7_TargetSpecific_Selected,Ridge,0.356,1.5752,-1.2192,1.2192
Fe_num,21,M7_TargetSpecific_Selected,Ridge,0.271,0.0,0.271,0.271
Fe_num,21,M7_TargetSpecific_Selected,Ridge,0.054,1.875,-1.821,1.821
Fe_num,21,M7_TargetSpecific_Selected,Ridge,0.04,0.1725,-0.1325,0.1325
Fe_num,21,M7_TargetSpecific_Selected,Ridge,0.08,0.8607,-0.7807,0.7807
Fe_num,21,M7_TargetSpecific_Selected,Ridge,1.24,0.0,1.24,1.24
Fe_num,21,M7_TargetSpecific_Selected,Ridge,0.014,0.6706,-0.6566,0.6566
Fe_num,21,M7_TargetSpecific_Selected,Ridge,0.397,2.2207,-1.8237,1.8237
Fe_num,21,M7_TargetSpecific_Selected,HuberRegressor,0.356,1.0318,-0.6758,0.6758
Fe_num,21,M7_TargetSpecific_Selected,HuberRegressor,0.271,0.0,0.271,0.271
Fe_num,21,M7_TargetSpecific_Selected,HuberRegressor,0.054,1.0251,-0.9711,0.9711
Fe_num,21,M7_TargetSpecific_Selected,HuberRegressor,0.04,0.0,0.04,0.04
Fe_num,21,M7_TargetSpecific_Selected,HuberRegressor,0.08,1.153,-1.073,1.073
Fe_num,21,M7_TargetSpecific_Selected,HuberRegressor,1.24,0.0,1.24,1.24
Fe_num,21,M7_TargetSpecific_Selected,HuberRegressor,0.014,0.1326,-0.1186,0.1186
Fe_num,21,M7_TargetSpecific_Selected,HuberRegressor,0.397,1.5726,-1.1756,1.1756
Fe_num,21,M7_TargetSpecific_Selected,ExtraTrees,0.356,0.9206,-0.5646,0.5646
Fe_num,21,M7_TargetSpecific_Selected,ExtraTrees,0.271,0.5653,-0.2943,0.2943
Fe_num,21,M7_TargetSpecific_Selected,ExtraTrees,0.054,1.6576,-1.6036,1.6036
Fe_num,21,M7_TargetSpecific_Selected,ExtraTrees,0.04,0.8306,-0.7906,0.7906
Fe_num,21,M7_TargetSpecific_Selected,ExtraTrees,0.08,1.0032,-0.9232,0.9232
Fe_num,21,M7_TargetSpecific_Selected,ExtraTrees,1.24,0.2609,0.9791,0.9791
Fe_num,21,M7_TargetSpecific_Selected,ExtraTrees,0.014,1.3299,-1.3159,1.3159
Fe_num,21,M7_TargetSpecific_Selected,ExtraTrees,0.397,1.4041,-1.0071,1.0071
Fe_num,22,M1_Core,Ridge,0.24,1.0942,-0.8542,0.8542
Fe_num,22,M1_Core,Ridge,0.17,0.8314,-0.6614,0.6614
Fe_num,22,M1_Core,Ridge,1.65,1.0917,0.5583,0.5583
Fe_num,22,M1_Core,Ridge,0.224,0.9854,-0.7614,0.7614
Fe_num,22,M1_Core,Ridge,0.018,1.4376,-1.4196,1.4196
Fe_num,22,M1_Core,Ridge,0.023,0.8329,-0.8099,0.8099
Fe_num,22,M1_Core,Ridge,0.037,0.2929,-0.2559,0.2559
Fe_num,22,M1_Core,Ridge,19.6,0.4916,19.1084,19.1084
Fe_num,22,M1_Core,HuberRegressor,0.24,0.6182,-0.3782,0.3782
Fe_num,22,M1_Core,HuberRegressor,0.17,0.5718,-0.4018,0.4018
Fe_num,22,M1_Core,HuberRegressor,1.65,0.5127,1.1373,1.1373
Fe_num,22,M1_Core,HuberRegressor,0.224,0.5097,-0.2857,0.2857
Fe_num,22,M1_Core,HuberRegressor,0.018,0.8222,-0.8042,0.8042
Fe_num,22,M1_Core,HuberRegressor,0.023,0.3853,-0.3623,0.3623
Fe_num,22,M1_Core,HuberRegressor,0.037,0.0197,0.0173,0.0173
Fe_num,22,M1_Core,HuberRegressor,19.6,0.2733,19.3267,19.3267
Fe_num,22,M1_Core,ExtraTrees,0.24,0.7316,-0.4916,0.4916
Fe_num,22,M1_Core,ExtraTrees,0.17,0.7989,-0.6289,0.6289
Fe_num,22,M1_Core,ExtraTrees,1.65,0.5348,1.1152,1.1152
Fe_num,22,M1_Core,ExtraTrees,0.224,0.7105,-0.4865,0.4865
Fe_num,22,M1_Core,ExtraTrees,0.018,2.5044,-2.4864,2.4864
Fe_num,22,M1_Core,ExtraTrees,0.023,0.7158,-0.6928,0.6928
Fe_num,22,M1_Core,ExtraTrees,0.037,0.1862,-0.1492,0.1492
Fe_num,22,M1_Core,ExtraTrees,19.6,0.3178,19.2822,19.2822
Fe_num,22,M7_TargetSpecific_Selected,Ridge,0.24,1.3328,-1.0928,1.0928
Fe_num,22,M7_TargetSpecific_Selected,Ridge,0.17,1.1055,-0.9355,0.9355
Fe_num,22,M7_TargetSpecific_Selected,Ridge,1.65,0.795,0.855,0.855
Fe_num,22,M7_TargetSpecific_Selected,Ridge,0.224,1.0321,-0.8081,0.8081
Fe_num,22,M7_TargetSpecific_Selected,Ridge,0.018,3.9645,-3.9465,3.9465
Fe_num,22,M7_TargetSpecific_Selected,Ridge,0.023,0.989,-0.966,0.966
Fe_num,22,M7_TargetSpecific_Selected,Ridge,0.037,0.3773,-0.3403,0.3403
Fe_num,22,M7_TargetSpecific_Selected,Ridge,19.6,0.3206,19.2794,19.2794
Fe_num,22,M7_TargetSpecific_Selected,HuberRegressor,0.24,0.8271,-0.5871,0.5871
Fe_num,22,M7_TargetSpecific_Selected,HuberRegressor,0.17,0.8048,-0.6348,0.6348
Fe_num,22,M7_TargetSpecific_Selected,HuberRegressor,1.65,0.5025,1.1475,1.1475
Fe_num,22,M7_TargetSpecific_Selected,HuberRegressor,0.224,0.6339,-0.4099,0.4099
Fe_num,22,M7_TargetSpecific_Selected,HuberRegressor,0.018,1.53,-1.512,1.512
Fe_num,22,M7_TargetSpecific_Selected,HuberRegressor,0.023,0.7452,-0.7222,0.7222
Fe_num,22,M7_TargetSpecific_Selected,HuberRegressor,0.037,0.0762,-0.0392,0.0392
Fe_num,22,M7_TargetSpecific_Selected,HuberRegressor,19.6,0.1668,19.4332,19.4332
Fe_num,22,M7_TargetSpecific_Selected,ExtraTrees,0.24,0.9509,-0.7109,0.7109
Fe_num,22,M7_TargetSpecific_Selected,ExtraTrees,0.17,0.7116,-0.5416,0.5416
Fe_num,22,M7_TargetSpecific_Selected,ExtraTrees,1.65,0.4878,1.1622,1.1622
Fe_num,22,M7_TargetSpecific_Selected,ExtraTrees,0.224,0.7946,-0.5706,0.5706
Fe_num,22,M7_TargetSpecific_Selected,ExtraTrees,0.018,1.7916,-1.7736,1.7736
Fe_num,22,M7_TargetSpecific_Selected,ExtraTrees,0.023,0.7202,-0.6972,0.6972
Fe_num,22,M7_TargetSpecific_Selected,ExtraTrees,0.037,0.2879,-0.2509,0.2509
Fe_num,22,M7_TargetSpecific_Selected,ExtraTrees,19.6,0.2731,19.3269,19.3269
Fe_num,23,M1_Core,Ridge,0.06,0.0384,0.0216,0.0216
Fe_num,23,M1_Core,Ridge,0.027,0.1908,-0.1638,0.1638
Fe_num,23,M1_Core,Ridge,0.03,1.0154,-0.9854,0.9854
Fe_num,23,M1_Core,Ridge,0.032,0.7849,-0.7529,0.7529
Fe_num,23,M1_Core,Ridge,0.036,0.8988,-0.8628,0.8628
Fe_num,23,M1_Core,Ridge,3.99,0.7293,3.2607,3.2607
Fe_num,23,M1_Core,Ridge,0.044,0.0407,0.0033,0.0033
Fe_num,23,M1_Core,Ridge,0.151,0.4388,-0.2878,0.2878
Fe_num,23,M1_Core,HuberRegressor,0.06,0.2716,-0.2116,0.2116
Fe_num,23,M1_Core,HuberRegressor,0.027,0.0,0.027,0.027
Fe_num,23,M1_Core,HuberRegressor,0.03,0.0781,-0.0481,0.0481
Fe_num,23,M1_Core,HuberRegressor,0.032,0.159,-0.127,0.127
Fe_num,23,M1_Core,HuberRegressor,0.036,0.22,-0.184,0.184
Fe_num,23,M1_Core,HuberRegressor,3.99,0.3686,3.6214,3.6214
Fe_num,23,M1_Core,HuberRegressor,0.044,0.0,0.044,0.044
Fe_num,23,M1_Core,HuberRegressor,0.151,0.2562,-0.1052,0.1052
Fe_num,23,M1_Core,ExtraTrees,0.06,0.5329,-0.4729,0.4729
Fe_num,23,M1_Core,ExtraTrees,0.027,0.4514,-0.4244,0.4244
Fe_num,23,M1_Core,ExtraTrees,0.03,0.5627,-0.5327,0.5327
Fe_num,23,M1_Core,ExtraTrees,0.032,0.4586,-0.4266,0.4266
Fe_num,23,M1_Core,ExtraTrees,0.036,0.6586,-0.6226,0.6226
Fe_num,23,M1_Core,ExtraTrees,3.99,1.209,2.781,2.781
Fe_num,23,M1_Core,ExtraTrees,0.044,0.2971,-0.2531,0.2531
Fe_num,23,M1_Core,ExtraTrees,0.151,0.4547,-0.3037,0.3037
Fe_num,23,M7_TargetSpecific_Selected,Ridge,0.06,0.0,0.06,0.06
Fe_num,23,M7_TargetSpecific_Selected,Ridge,0.027,0.0,0.027,0.027
Fe_num,23,M7_TargetSpecific_Selected,Ridge,0.03,0.618,-0.588,0.588
Fe_num,23,M7_TargetSpecific_Selected,Ridge,0.032,0.8401,-0.8081,0.8081
Fe_num,23,M7_TargetSpecific_Selected,Ridge,0.036,0.9759,-0.9399,0.9399
Fe_num,23,M7_TargetSpecific_Selected,Ridge,3.99,1.2041,2.7859,2.7859
Fe_num,23,M7_TargetSpecific_Selected,Ridge,0.044,0.1351,-0.0911,0.0911
Fe_num,23,M7_TargetSpecific_Selected,Ridge,0.151,0.4413,-0.2903,0.2903
Fe_num,23,M7_TargetSpecific_Selected,HuberRegressor,0.06,0.0281,0.0319,0.0319
Fe_num,23,M7_TargetSpecific_Selected,HuberRegressor,0.027,0.0,0.027,0.027
Fe_num,23,M7_TargetSpecific_Selected,HuberRegressor,0.03,0.0208,0.0092,0.0092
Fe_num,23,M7_TargetSpecific_Selected,HuberRegressor,0.032,0.2143,-0.1823,0.1823
Fe_num,23,M7_TargetSpecific_Selected,HuberRegressor,0.036,0.2713,-0.2353,0.2353
Fe_num,23,M7_TargetSpecific_Selected,HuberRegressor,3.99,0.6104,3.3796,3.3796
Fe_num,23,M7_TargetSpecific_Selected,HuberRegressor,0.044,0.0,0.044,0.044
Fe_num,23,M7_TargetSpecific_Selected,HuberRegressor,0.151,0.2898,-0.1388,0.1388
Fe_num,23,M7_TargetSpecific_Selected,ExtraTrees,0.06,0.5049,-0.4449,0.4449
Fe_num,23,M7_TargetSpecific_Selected,ExtraTrees,0.027,0.5163,-0.4893,0.4893
Fe_num,23,M7_TargetSpecific_Selected,ExtraTrees,0.03,0.5933,-0.5633,0.5633
Fe_num,23,M7_TargetSpecific_Selected,ExtraTrees,0.032,0.5846,-0.5526,0.5526
Fe_num,23,M7_TargetSpecific_Selected,ExtraTrees,0.036,0.5633,-0.5273,0.5273
Fe_num,23,M7_TargetSpecific_Selected,ExtraTrees,3.99,1.3216,2.6684,2.6684
Fe_num,23,M7_TargetSpecific_Selected,ExtraTrees,0.044,0.2803,-0.2363,0.2363
Fe_num,23,M7_TargetSpecific_Selected,ExtraTrees,0.151,0.4879,-0.3369,0.3369
Fe_num,24,M1_Core,Ridge,0.293,0.0,0.293,0.293
Fe_num,24,M1_Core,Ridge,0.837,1.687,-0.85,0.85
Fe_num,24,M1_Core,Ridge,0.016,0.5941,-0.5781,0.5781
Fe_num,24,M1_Core,Ridge,0.354,1.1135,-0.7595,0.7595
Fe_num,24,M1_Core,Ridge,0.174,0.7819,-0.6079,0.6079
Fe_num,24,M1_Core,Ridge,0.03,0.2419,-0.2119,0.2119
Fe_num,24,M1_Core,Ridge,0.061,0.1904,-0.1294,0.1294
Fe_num,24,M1_Core,Ridge,3.75,0.3407,3.4093,3.4093
Fe_num,24,M1_Core,HuberRegressor,0.293,0.0,0.293,0.293
Fe_num,24,M1_Core,HuberRegressor,0.837,1.0444,-0.2074,0.2074
Fe_num,24,M1_Core,HuberRegressor,0.016,0.2973,-0.2813,0.2813
Fe_num,24,M1_Core,HuberRegressor,0.354,0.5038,-0.1498,0.1498
Fe_num,24,M1_Core,HuberRegressor,0.174,0.4134,-0.2394,0.2394
Fe_num,24,M1_Core,HuberRegressor,0.03,0.7751,-0.7451,0.7451
Fe_num,24,M1_Core,HuberRegressor,0.061,0.182,-0.121,0.121
Fe_num,24,M1_Core,HuberRegressor,3.75,0.1263,3.6237,3.6237
Fe_num,24,M1_Core,ExtraTrees,0.293,0.4384,-0.1454,0.1454
Fe_num,24,M1_Core,ExtraTrees,0.837,0.7433,0.0937,0.0937
Fe_num,24,M1_Core,ExtraTrees,0.016,0.9785,-0.9625,0.9625
Fe_num,24,M1_Core,ExtraTrees,0.354,0.4571,-0.1031,0.1031
Fe_num,24,M1_Core,ExtraTrees,0.174,1.2133,-1.0393,1.0393
Fe_num,24,M1_Core,ExtraTrees,0.03,0.2557,-0.2257,0.2257
Fe_num,24,M1_Core,ExtraTrees,0.061,0.2899,-0.2289,0.2289
Fe_num,24,M1_Core,ExtraTrees,3.75,0.1107,3.6393,3.6393
Fe_num,24,M7_TargetSpecific_Selected,Ridge,0.293,0.1346,0.1584,0.1584
Fe_num,24,M7_TargetSpecific_Selected,Ridge,0.837,0.8371,-0.0001,0.0001
Fe_num,24,M7_TargetSpecific_Selected,Ridge,0.016,0.5695,-0.5535,0.5535
Fe_num,24,M7_TargetSpecific_Selected,Ridge,0.354,1.2666,-0.9126,0.9126
Fe_num,24,M7_TargetSpecific_Selected,Ridge,0.174,0.7328,-0.5588,0.5588
Fe_num,24,M7_TargetSpecific_Selected,Ridge,0.03,0.2447,-0.2147,0.2147
Fe_num,24,M7_TargetSpecific_Selected,Ridge,0.061,0.2915,-0.2305,0.2305
Fe_num,24,M7_TargetSpecific_Selected,Ridge,3.75,0.3415,3.4085,3.4085
Fe_num,24,M7_TargetSpecific_Selected,HuberRegressor,0.293,0.1619,0.1311,0.1311
Fe_num,24,M7_TargetSpecific_Selected,HuberRegressor,0.837,0.4308,0.4062,0.4062
Fe_num,24,M7_TargetSpecific_Selected,HuberRegressor,0.016,0.378,-0.362,0.362
Fe_num,24,M7_TargetSpecific_Selected,HuberRegressor,0.354,0.5876,-0.2336,0.2336
Fe_num,24,M7_TargetSpecific_Selected,HuberRegressor,0.174,0.437,-0.263,0.263
Fe_num,24,M7_TargetSpecific_Selected,HuberRegressor,0.03,0.2734,-0.2434,0.2434
Fe_num,24,M7_TargetSpecific_Selected,HuberRegressor,0.061,0.2138,-0.1528,0.1528
Fe_num,24,M7_TargetSpecific_Selected,HuberRegressor,3.75,0.1918,3.5582,3.5582
Fe_num,24,M7_TargetSpecific_Selected,ExtraTrees,0.293,0.4816,-0.1886,0.1886
Fe_num,24,M7_TargetSpecific_Selected,ExtraTrees,0.837,0.5914,0.2456,0.2456
Fe_num,24,M7_TargetSpecific_Selected,ExtraTrees,0.016,1.1807,-1.1647,1.1647
Fe_num,24,M7_TargetSpecific_Selected,ExtraTrees,0.354,0.6261,-0.2721,0.2721
Fe_num,24,M7_TargetSpecific_Selected,ExtraTrees,0.174,0.8163,-0.6423,0.6423
Fe_num,24,M7_TargetSpecific_Selected,ExtraTrees,0.03,0.2607,-0.2307,0.2307
Fe_num,24,M7_TargetSpecific_Selected,ExtraTrees,0.061,0.2768,-0.2158,0.2158
Fe_num,24,M7_TargetSpecific_Selected,ExtraTrees,3.75,0.1168,3.6332,3.6332
Mn_num,0,M1_Core,Ridge,0.142,0.6769,-0.5349,0.5349
Mn_num,0,M1_Core,Ridge,0.222,0.8416,-0.6196,0.6196
Mn_num,0,M1_Core,Ridge,1.96,0.549,1.411,1.411
Mn_num,0,M1_Core,Ridge,0.242,0.7065,-0.4645,0.4645
Mn_num,0,M1_Core,Ridge,0.067,0.5397,-0.4727,0.4727
Mn_num,0,M1_Core,Ridge,0.662,1.6226,-0.9606,0.9606
Mn_num,0,M1_Core,Ridge,0.103,0.7872,-0.6842,0.6842
Mn_num,0,M1_Core,Ridge,1.5,0.6123,0.8877,0.8877
Mn_num,0,M1_Core,HuberRegressor,0.142,0.4901,-0.3481,0.3481
Mn_num,0,M1_Core,HuberRegressor,0.222,0.5775,-0.3555,0.3555
Mn_num,0,M1_Core,HuberRegressor,1.96,0.4577,1.5023,1.5023
Mn_num,0,M1_Core,HuberRegressor,0.242,0.5218,-0.2798,0.2798
Mn_num,0,M1_Core,HuberRegressor,0.067,0.4486,-0.3816,0.3816
Mn_num,0,M1_Core,HuberRegressor,0.662,1.0191,-0.3571,0.3571
Mn_num,0,M1_Core,HuberRegressor,0.103,0.522,-0.419,0.419
Mn_num,0,M1_Core,HuberRegressor,1.5,0.4905,1.0095,1.0095
Mn_num,0,M1_Core,ExtraTrees,0.142,0.2028,-0.0608,0.0608
Mn_num,0,M1_Core,ExtraTrees,0.222,0.9492,-0.7272,0.7272
Mn_num,0,M1_Core,ExtraTrees,1.96,0.2565,1.7035,1.7035
Mn_num,0,M1_Core,ExtraTrees,0.242,0.814,-0.572,0.572
Mn_num,0,M1_Core,ExtraTrees,0.067,0.4685,-0.4015,0.4015
Mn_num,0,M1_Core,ExtraTrees,0.662,1.378,-0.716,0.716
Mn_num,0,M1_Core,ExtraTrees,0.103,0.6029,-0.4999,0.4999
Mn_num,0,M1_Core,ExtraTrees,1.5,0.7549,0.7451,0.7451
Mn_num,0,M7_TargetSpecific_Selected,Ridge,0.142,0.6753,-0.5333,0.5333
Mn_num,0,M7_TargetSpecific_Selected,Ridge,0.222,2.1662,-1.9442,1.9442
Mn_num,0,M7_TargetSpecific_Selected,Ridge,1.96,0.653,1.307,1.307
Mn_num,0,M7_TargetSpecific_Selected,Ridge,0.242,0.7103,-0.4683,0.4683
Mn_num,0,M7_TargetSpecific_Selected,Ridge,0.067,0.5734,-0.5064,0.5064
Mn_num,0,M7_TargetSpecific_Selected,Ridge,0.662,2.0031,-1.3411,1.3411
Mn_num,0,M7_TargetSpecific_Selected,Ridge,0.103,1.0273,-0.9243,0.9243
Mn_num,0,M7_TargetSpecific_Selected,Ridge,1.5,0.556,0.944,0.944
Mn_num,0,M7_TargetSpecific_Selected,HuberRegressor,0.142,0.5184,-0.3764,0.3764
Mn_num,0,M7_TargetSpecific_Selected,HuberRegressor,0.222,1.0359,-0.8139,0.8139
Mn_num,0,M7_TargetSpecific_Selected,HuberRegressor,1.96,0.6125,1.3475,1.3475
Mn_num,0,M7_TargetSpecific_Selected,HuberRegressor,0.242,0.6166,-0.3746,0.3746
Mn_num,0,M7_TargetSpecific_Selected,HuberRegressor,0.067,0.5365,-0.4695,0.4695
Mn_num,0,M7_TargetSpecific_Selected,HuberRegressor,0.662,4.083,-3.421,3.421
Mn_num,0,M7_TargetSpecific_Selected,HuberRegressor,0.103,0.766,-0.663,0.663
Mn_num,0,M7_TargetSpecific_Selected,HuberRegressor,1.5,0.5394,0.9606,0.9606
Mn_num,0,M7_TargetSpecific_Selected,ExtraTrees,0.142,0.2462,-0.1042,0.1042
Mn_num,0,M7_TargetSpecific_Selected,ExtraTrees,0.222,0.9864,-0.7644,0.7644
Mn_num,0,M7_TargetSpecific_Selected,ExtraTrees,1.96,0.3194,1.6406,1.6406
Mn_num,0,M7_TargetSpecific_Selected,ExtraTrees,0.242,0.706,-0.464,0.464
Mn_num,0,M7_TargetSpecific_Selected,ExtraTrees,0.067,0.582,-0.515,0.515
Mn_num,0,M7_TargetSpecific_Selected,ExtraTrees,0.662,1.5155,-0.8535,0.8535
Mn_num,0,M7_TargetSpecific_Selected,ExtraTrees,0.103,0.6946,-0.5916,0.5916
Mn_num,0,M7_TargetSpecific_Selected,ExtraTrees,1.5,0.7013,0.7987,0.7987
Mn_num,1,M1_Core,Ridge,0.008,0.152,-0.144,0.144
Mn_num,1,M1_Core,Ridge,0.469,0.4604,0.0086,0.0086
Mn_num,1,M1_Core,Ridge,6.2,0.4451,5.7549,5.7549
Mn_num,1,M1_Core,Ridge,0.133,0.3603,-0.2273,0.2273
Mn_num,1,M1_Core,Ridge,0.072,0.4737,-0.4017,0.4017
Mn_num,1,M1_Core,Ridge,0.846,1.4957,-0.6497,0.6497
Mn_num,1,M1_Core,Ridge,0.626,0.4853,0.1407,0.1407
Mn_num,1,M1_Core,Ridge,2.27,0.5785,1.6915,1.6915
Mn_num,1,M1_Core,HuberRegressor,0.008,0.0925,-0.0845,0.0845
Mn_num,1,M1_Core,HuberRegressor,0.469,0.3619,0.1071,0.1071
Mn_num,1,M1_Core,HuberRegressor,6.2,0.3449,5.8551,5.8551
Mn_num,1,M1_Core,HuberRegressor,0.133,0.4153,-0.2823,0.2823
Mn_num,1,M1_Core,HuberRegressor,0.072,0.5585,-0.4865,0.4865
Mn_num,1,M1_Core,HuberRegressor,0.846,1.1646,-0.3186,0.3186
Mn_num,1,M1_Core,HuberRegressor,0.626,0.4087,0.2173,0.2173
Mn_num,1,M1_Core,HuberRegressor,2.27,0.3911,1.8789,1.8789
Mn_num,1,M1_Core,ExtraTrees,0.008,0.2308,-0.2228,0.2228
Mn_num,1,M1_Core,ExtraTrees,0.469,0.4387,0.0303,0.0303
Mn_num,1,M1_Core,ExtraTrees,6.2,0.4779,5.7221,5.7221
Mn_num,1,M1_Core,ExtraTrees,0.133,0.1871,-0.0541,0.0541
Mn_num,1,M1_Core,ExtraTrees,0.072,0.5406,-0.4686,0.4686
Mn_num,1,M1_Core,ExtraTrees,0.846,1.093,-0.247,0.247
Mn_num,1,M1_Core,ExtraTrees,0.626,0.5715,0.0545,0.0545
Mn_num,1,M1_Core,ExtraTrees,2.27,0.5878,1.6822,1.6822
Mn_num,1,M7_TargetSpecific_Selected,Ridge,0.008,0.0031,0.0049,0.0049
Mn_num,1,M7_TargetSpecific_Selected,Ridge,0.469,0.5208,-0.0518,0.0518
Mn_num,1,M7_TargetSpecific_Selected,Ridge,6.2,0.4714,5.7286,5.7286
Mn_num,1,M7_TargetSpecific_Selected,Ridge,0.133,0.2171,-0.0841,0.0841
Mn_num,1,M7_TargetSpecific_Selected,Ridge,0.072,0.6189,-0.5469,0.5469
Mn_num,1,M7_TargetSpecific_Selected,Ridge,0.846,1.3499,-0.5039,0.5039
Mn_num,1,M7_TargetSpecific_Selected,Ridge,0.626,0.5908,0.0352,0.0352
Mn_num,1,M7_TargetSpecific_Selected,Ridge,2.27,0.679,1.591,1.591
Mn_num,1,M7_TargetSpecific_Selected,HuberRegressor,0.008,0.0,0.008,0.008
Mn_num,1,M7_TargetSpecific_Selected,HuberRegressor,0.469,0.3998,0.0692,0.0692
Mn_num,1,M7_TargetSpecific_Selected,HuberRegressor,6.2,0.3506,5.8494,5.8494
Mn_num,1,M7_TargetSpecific_Selected,HuberRegressor,0.133,0.2848,-0.1518,0.1518
Mn_num,1,M7_TargetSpecific_Selected,HuberRegressor,0.072,0.4839,-0.4119,0.4119
Mn_num,1,M7_TargetSpecific_Selected,HuberRegressor,0.846,1.0559,-0.2099,0.2099
Mn_num,1,M7_TargetSpecific_Selected,HuberRegressor,0.626,0.5685,0.0575,0.0575
Mn_num,1,M7_TargetSpecific_Selected,HuberRegressor,2.27,0.4492,1.8208,1.8208
Mn_num,1,M7_TargetSpecific_Selected,ExtraTrees,0.008,0.3685,-0.3605,0.3605
Mn_num,1,M7_TargetSpecific_Selected,ExtraTrees,0.469,0.3635,0.1055,0.1055
Mn_num,1,M7_TargetSpecific_Selected,ExtraTrees,6.2,0.4455,5.7545,5.7545
Mn_num,1,M7_TargetSpecific_Selected,ExtraTrees,0.133,0.2801,-0.1471,0.1471
Mn_num,1,M7_TargetSpecific_Selected,ExtraTrees,0.072,0.5395,-0.4675,0.4675
Mn_num,1,M7_TargetSpecific_Selected,ExtraTrees,0.846,0.9994,-0.1534,0.1534
Mn_num,1,M7_TargetSpecific_Selected,ExtraTrees,0.626,0.5878,0.0382,0.0382
Mn_num,1,M7_TargetSpecific_Selected,ExtraTrees,2.27,0.7522,1.5178,1.5178
Mn_num,2,M1_Core,Ridge,0.05,0.0,0.05,0.05
Mn_num,2,M1_Core,Ridge,0.323,0.8491,-0.5261,0.5261
Mn_num,2,M1_Core,Ridge,0.029,0.0,0.029,0.029
Mn_num,2,M1_Core,Ridge,0.212,0.0,0.212,0.212
Mn_num,2,M1_Core,Ridge,0.179,0.9714,-0.7924,0.7924
Mn_num,2,M1_Core,Ridge,0.381,0.5692,-0.1882,0.1882
Mn_num,2,M1_Core,Ridge,1.28,0.0958,1.1842,1.1842
Mn_num,2,M1_Core,Ridge,0.648,0.6669,-0.0189,0.0189
Mn_num,2,M1_Core,HuberRegressor,0.05,0.0,0.05,0.05
Mn_num,2,M1_Core,HuberRegressor,0.323,0.5824,-0.2594,0.2594
Mn_num,2,M1_Core,HuberRegressor,0.029,0.0,0.029,0.029
Mn_num,2,M1_Core,HuberRegressor,0.212,0.0,0.212,0.212
Mn_num,2,M1_Core,HuberRegressor,0.179,0.7401,-0.5611,0.5611
Mn_num,2,M1_Core,HuberRegressor,0.381,0.3371,0.0439,0.0439
Mn_num,2,M1_Core,HuberRegressor,1.28,0.2643,1.0157,1.0157
Mn_num,2,M1_Core,HuberRegressor,0.648,0.475,0.173,0.173
Mn_num,2,M1_Core,ExtraTrees,0.05,0.16,-0.11,0.11
Mn_num,2,M1_Core,ExtraTrees,0.323,0.8597,-0.5367,0.5367
Mn_num,2,M1_Core,ExtraTrees,0.029,0.2004,-0.1714,0.1714
Mn_num,2,M1_Core,ExtraTrees,0.212,0.2025,0.0095,0.0095
Mn_num,2,M1_Core,ExtraTrees,0.179,1.0874,-0.9084,0.9084
Mn_num,2,M1_Core,ExtraTrees,0.381,0.5073,-0.1263,0.1263
Mn_num,2,M1_Core,ExtraTrees,1.28,0.5556,0.7244,0.7244
Mn_num,2,M1_Core,ExtraTrees,0.648,0.6533,-0.0053,0.0053
Mn_num,2,M7_TargetSpecific_Selected,Ridge,0.05,0.0,0.05,0.05
Mn_num,2,M7_TargetSpecific_Selected,Ridge,0.323,0.7991,-0.4761,0.4761
Mn_num,2,M7_TargetSpecific_Selected,Ridge,0.029,0.0,0.029,0.029
Mn_num,2,M7_TargetSpecific_Selected,Ridge,0.212,0.0,0.212,0.212
Mn_num,2,M7_TargetSpecific_Selected,Ridge,0.179,1.0472,-0.8682,0.8682
Mn_num,2,M7_TargetSpecific_Selected,Ridge,0.381,0.5033,-0.1223,0.1223
Mn_num,2,M7_TargetSpecific_Selected,Ridge,1.28,0.1662,1.1138,1.1138
Mn_num,2,M7_TargetSpecific_Selected,Ridge,0.648,0.6663,-0.0183,0.0183
Mn_num,2,M7_TargetSpecific_Selected,HuberRegressor,0.05,0.0,0.05,0.05
Mn_num,2,M7_TargetSpecific_Selected,HuberRegressor,0.323,0.5269,-0.2039,0.2039
Mn_num,2,M7_TargetSpecific_Selected,HuberRegressor,0.029,0.0,0.029,0.029
Mn_num,2,M7_TargetSpecific_Selected,HuberRegressor,0.212,0.0,0.212,0.212
Mn_num,2,M7_TargetSpecific_Selected,HuberRegressor,0.179,0.8279,-0.6489,0.6489
Mn_num,2,M7_TargetSpecific_Selected,HuberRegressor,0.381,0.3654,0.0156,0.0156
Mn_num,2,M7_TargetSpecific_Selected,HuberRegressor,1.28,0.1888,1.0912,1.0912
Mn_num,2,M7_TargetSpecific_Selected,HuberRegressor,0.648,0.4878,0.1602,0.1602
Mn_num,2,M7_TargetSpecific_Selected,ExtraTrees,0.05,0.1895,-0.1395,0.1395
Mn_num,2,M7_TargetSpecific_Selected,ExtraTrees,0.323,0.9577,-0.6347,0.6347
Mn_num,2,M7_TargetSpecific_Selected,ExtraTrees,0.029,0.2732,-0.2442,0.2442
Mn_num,2,M7_TargetSpecific_Selected,ExtraTrees,0.212,0.2881,-0.0761,0.0761
Mn_num,2,M7_TargetSpecific_Selected,ExtraTrees,0.179,1.0545,-0.8755,0.8755
Mn_num,2,M7_TargetSpecific_Selected,ExtraTrees,0.381,0.3251,0.0559,0.0559
Mn_num,2,M7_TargetSpecific_Selected,ExtraTrees,1.28,0.6706,0.6094,0.6094
Mn_num,2,M7_TargetSpecific_Selected,ExtraTrees,0.648,0.7283,-0.0803,0.0803
Mn_num,3,M1_Core,Ridge,0.032,0.5141,-0.4821,0.4821
Mn_num,3,M1_Core,Ridge,0.085,0.5964,-0.5114,0.5114
Mn_num,3,M1_Core,Ridge,0.435,0.9144,-0.4794,0.4794
Mn_num,3,M1_Core,Ridge,0.131,0.3464,-0.2154,0.2154
Mn_num,3,M1_Core,Ridge,0.766,1.8643,-1.0983,1.0983
Mn_num,3,M1_Core,Ridge,0.492,1.3196,-0.8276,0.8276
Mn_num,3,M1_Core,Ridge,0.602,0.8777,-0.2757,0.2757
Mn_num,3,M1_Core,Ridge,0.493,0.646,-0.153,0.153
Mn_num,3,M1_Core,HuberRegressor,0.032,0.4118,-0.3798,0.3798
Mn_num,3,M1_Core,HuberRegressor,0.085,0.3219,-0.2369,0.2369
Mn_num,3,M1_Core,HuberRegressor,0.435,1.2181,-0.7831,0.7831
Mn_num,3,M1_Core,HuberRegressor,0.131,0.1872,-0.0562,0.0562
Mn_num,3,M1_Core,HuberRegressor,0.766,2.47,-1.704,1.704
Mn_num,3,M1_Core,HuberRegressor,0.492,1.4085,-0.9165,0.9165
Mn_num,3,M1_Core,HuberRegressor,0.602,1.2492,-0.6472,0.6472
Mn_num,3,M1_Core,HuberRegressor,0.493,0.7287,-0.2357,0.2357
Mn_num,3,M1_Core,ExtraTrees,0.032,0.3431,-0.3111,0.3111
Mn_num,3,M1_Core,ExtraTrees,0.085,0.4406,-0.3556,0.3556
Mn_num,3,M1_Core,ExtraTrees,0.435,1.3501,-0.9151,0.9151
Mn_num,3,M1_Core,ExtraTrees,0.131,0.6515,-0.5205,0.5205
Mn_num,3,M1_Core,ExtraTrees,0.766,1.0794,-0.3134,0.3134
Mn_num,3,M1_Core,ExtraTrees,0.492,1.1542,-0.6622,0.6622
Mn_num,3,M1_Core,ExtraTrees,0.602,1.1963,-0.5943,0.5943
Mn_num,3,M1_Core,ExtraTrees,0.493,0.857,-0.364,0.364
Mn_num,3,M7_TargetSpecific_Selected,Ridge,0.032,0.5052,-0.4732,0.4732
Mn_num,3,M7_TargetSpecific_Selected,Ridge,0.085,0.4925,-0.4075,0.4075
Mn_num,3,M7_TargetSpecific_Selected,Ridge,0.435,0.8998,-0.4648,0.4648
Mn_num,3,M7_TargetSpecific_Selected,Ridge,0.131,0.2824,-0.1514,0.1514
Mn_num,3,M7_TargetSpecific_Selected,Ridge,0.766,1.7616,-0.9956,0.9956
Mn_num,3,M7_TargetSpecific_Selected,Ridge,0.492,1.3633,-0.8713,0.8713
Mn_num,3,M7_TargetSpecific_Selected,Ridge,0.602,0.921,-0.319,0.319
Mn_num,3,M7_TargetSpecific_Selected,Ridge,0.493,0.6694,-0.1764,0.1764
Mn_num,3,M7_TargetSpecific_Selected,HuberRegressor,0.032,0.398,-0.366,0.366
Mn_num,3,M7_TargetSpecific_Selected,HuberRegressor,0.085,0.2943,-0.2093,0.2093
Mn_num,3,M7_TargetSpecific_Selected,HuberRegressor,0.435,1.24,-0.805,0.805
Mn_num,3,M7_TargetSpecific_Selected,HuberRegressor,0.131,0.2365,-0.1055,0.1055
Mn_num,3,M7_TargetSpecific_Selected,HuberRegressor,0.766,2.5357,-1.7697,1.7697
Mn_num,3,M7_TargetSpecific_Selected,HuberRegressor,0.492,1.3551,-0.8631,0.8631
Mn_num,3,M7_TargetSpecific_Selected,HuberRegressor,0.602,1.428,-0.826,0.826
Mn_num,3,M7_TargetSpecific_Selected,HuberRegressor,0.493,0.7287,-0.2357,0.2357
Mn_num,3,M7_TargetSpecific_Selected,ExtraTrees,0.032,0.4479,-0.4159,0.4159
Mn_num,3,M7_TargetSpecific_Selected,ExtraTrees,0.085,0.6052,-0.5202,0.5202
Mn_num,3,M7_TargetSpecific_Selected,ExtraTrees,0.435,1.1362,-0.7012,0.7012
Mn_num,3,M7_TargetSpecific_Selected,ExtraTrees,0.131,0.5681,-0.4371,0.4371
Mn_num,3,M7_TargetSpecific_Selected,ExtraTrees,0.766,1.4495,-0.6835,0.6835
Mn_num,3,M7_TargetSpecific_Selected,ExtraTrees,0.492,1.5751,-1.0831,1.0831
Mn_num,3,M7_TargetSpecific_Selected,ExtraTrees,0.602,1.2942,-0.6922,0.6922
Mn_num,3,M7_TargetSpecific_Selected,ExtraTrees,0.493,0.9246,-0.4316,0.4316
Mn_num,4,M1_Core,Ridge,0.647,0.6586,-0.0116,0.0116
Mn_num,4,M1_Core,Ridge,1.48,0.5653,0.9147,0.9147
Mn_num,4,M1_Core,Ridge,0.691,0.5142,0.1768,0.1768
Mn_num,4,M1_Core,Ridge,0.478,0.6831,-0.2051,0.2051
Mn_num,4,M1_Core,Ridge,0.566,0.5811,-0.0151,0.0151
Mn_num,4,M1_Core,Ridge,1.53,0.5003,1.0297,1.0297
Mn_num,4,M1_Core,Ridge,2.54,1.0654,1.4746,1.4746
Mn_num,4,M1_Core,Ridge,2.21,0.8642,1.3458,1.3458
Mn_num,4,M1_Core,HuberRegressor,0.647,0.3894,0.2576,0.2576
Mn_num,4,M1_Core,HuberRegressor,1.48,0.3491,1.1309,1.1309
Mn_num,4,M1_Core,HuberRegressor,0.691,0.2871,0.4039,0.4039
Mn_num,4,M1_Core,HuberRegressor,0.478,0.3979,0.0801,0.0801
Mn_num,4,M1_Core,HuberRegressor,0.566,0.3326,0.2334,0.2334
Mn_num,4,M1_Core,HuberRegressor,1.53,0.2622,1.2678,1.2678
Mn_num,4,M1_Core,HuberRegressor,2.54,0.7699,1.7701,1.7701
Mn_num,4,M1_Core,HuberRegressor,2.21,0.6503,1.5597,1.5597
Mn_num,4,M1_Core,ExtraTrees,0.647,0.8512,-0.2042,0.2042
Mn_num,4,M1_Core,ExtraTrees,1.48,0.6879,0.7921,0.7921
Mn_num,4,M1_Core,ExtraTrees,0.691,0.5684,0.1226,0.1226
Mn_num,4,M1_Core,ExtraTrees,0.478,0.8563,-0.3783,0.3783
Mn_num,4,M1_Core,ExtraTrees,0.566,0.6666,-0.1006,0.1006
Mn_num,4,M1_Core,ExtraTrees,1.53,0.4722,1.0578,1.0578
Mn_num,4,M1_Core,ExtraTrees,2.54,0.9144,1.6256,1.6256
Mn_num,4,M1_Core,ExtraTrees,2.21,0.5647,1.6453,1.6453
Mn_num,4,M7_TargetSpecific_Selected,Ridge,0.647,0.697,-0.05,0.05
Mn_num,4,M7_TargetSpecific_Selected,Ridge,1.48,0.2821,1.1979,1.1979
Mn_num,4,M7_TargetSpecific_Selected,Ridge,0.691,0.4394,0.2516,0.2516
Mn_num,4,M7_TargetSpecific_Selected,Ridge,0.478,0.8471,-0.3691,0.3691
Mn_num,4,M7_TargetSpecific_Selected,Ridge,0.566,0.7107,-0.1447,0.1447
Mn_num,4,M7_TargetSpecific_Selected,Ridge,1.53,0.4985,1.0315,1.0315
Mn_num,4,M7_TargetSpecific_Selected,Ridge,2.54,0.8074,1.7326,1.7326
Mn_num,4,M7_TargetSpecific_Selected,Ridge,2.21,0.9324,1.2776,1.2776
Mn_num,4,M7_TargetSpecific_Selected,HuberRegressor,0.647,0.4671,0.1799,0.1799
Mn_num,4,M7_TargetSpecific_Selected,HuberRegressor,1.48,0.2509,1.2291,1.2291
Mn_num,4,M7_TargetSpecific_Selected,HuberRegressor,0.691,0.2658,0.4252,0.4252
Mn_num,4,M7_TargetSpecific_Selected,HuberRegressor,0.478,0.5391,-0.0611,0.0611
Mn_num,4,M7_TargetSpecific_Selected,HuberRegressor,0.566,0.4552,0.1108,0.1108
Mn_num,4,M7_TargetSpecific_Selected,HuberRegressor,1.53,0.3188,1.2112,1.2112
Mn_num,4,M7_TargetSpecific_Selected,HuberRegressor,2.54,0.6983,1.8417,1.8417
Mn_num,4,M7_TargetSpecific_Selected,HuberRegressor,2.21,0.7026,1.5074,1.5074
Mn_num,4,M7_TargetSpecific_Selected,ExtraTrees,0.647,0.9729,-0.3259,0.3259
Mn_num,4,M7_TargetSpecific_Selected,ExtraTrees,1.48,0.3744,1.1056,1.1056
Mn_num,4,M7_TargetSpecific_Selected,ExtraTrees,0.691,0.5514,0.1396,0.1396
Mn_num,4,M7_TargetSpecific_Selected,ExtraTrees,0.478,0.8959,-0.4179,0.4179
Mn_num,4,M7_TargetSpecific_Selected,ExtraTrees,0.566,0.9284,-0.3624,0.3624
Mn_num,4,M7_TargetSpecific_Selected,ExtraTrees,1.53,0.3566,1.1734,1.1734
Mn_num,4,M7_TargetSpecific_Selected,ExtraTrees,2.54,0.8152,1.7248,1.7248
Mn_num,4,M7_TargetSpecific_Selected,ExtraTrees,2.21,0.6178,1.5922,1.5922
Mn_num,5,M1_Core,Ridge,0.05,0.0,0.05,0.05
Mn_num,5,M1_Core,Ridge,0.142,0.5555,-0.4135,0.4135
Mn_num,5,M1_Core,Ridge,1.48,0.6012,0.8788,0.8788
Mn_num,5,M1_Core,Ridge,0.478,0.7563,-0.2783,0.2783
Mn_num,5,M1_Core,Ridge,1.53,0.4665,1.0635,1.0635
Mn_num,5,M1_Core,Ridge,0.662,1.7766,-1.1146,1.1146
Mn_num,5,M1_Core,Ridge,0.492,1.2182,-0.7262,0.7262
Mn_num,5,M1_Core,Ridge,0.648,0.4637,0.1843,0.1843
Mn_num,5,M1_Core,HuberRegressor,0.05,0.0095,0.0405,0.0405
Mn_num,5,M1_Core,HuberRegressor,0.142,0.3854,-0.2434,0.2434
Mn_num,5,M1_Core,HuberRegressor,1.48,0.4649,1.0151,1.0151
Mn_num,5,M1_Core,HuberRegressor,0.478,0.5745,-0.0965,0.0965
Mn_num,5,M1_Core,HuberRegressor,1.53,0.3193,1.2107,1.2107
Mn_num,5,M1_Core,HuberRegressor,0.662,1.266,-0.604,0.604
Mn_num,5,M1_Core,HuberRegressor,0.492,0.9693,-0.4773,0.4773
Mn_num,5,M1_Core,HuberRegressor,0.648,0.3458,0.3022,0.3022
Mn_num,5,M1_Core,ExtraTrees,0.05,0.2029,-0.1529,0.1529
Mn_num,5,M1_Core,ExtraTrees,0.142,0.4068,-0.2648,0.2648
Mn_num,5,M1_Core,ExtraTrees,1.48,0.5421,0.9379,0.9379
Mn_num,5,M1_Core,ExtraTrees,0.478,0.7793,-0.3013,0.3013
Mn_num,5,M1_Core,ExtraTrees,1.53,0.434,1.096,1.096
Mn_num,5,M1_Core,ExtraTrees,0.662,1.6892,-1.0272,1.0272
Mn_num,5,M1_Core,ExtraTrees,0.492,0.6904,-0.1984,0.1984
Mn_num,5,M1_Core,ExtraTrees,0.648,0.523,0.125,0.125
Mn_num,5,M7_TargetSpecific_Selected,Ridge,0.05,0.0,0.05,0.05
Mn_num,5,M7_TargetSpecific_Selected,Ridge,0.142,0.6885,-0.5465,0.5465
Mn_num,5,M7_TargetSpecific_Selected,Ridge,1.48,0.3126,1.1674,1.1674
Mn_num,5,M7_TargetSpecific_Selected,Ridge,0.478,0.9581,-0.4801,0.4801
Mn_num,5,M7_TargetSpecific_Selected,Ridge,1.53,0.4967,1.0333,1.0333
Mn_num,5,M7_TargetSpecific_Selected,Ridge,0.662,2.3066,-1.6446,1.6446
Mn_num,5,M7_TargetSpecific_Selected,Ridge,0.492,1.3725,-0.8805,0.8805
Mn_num,5,M7_TargetSpecific_Selected,Ridge,0.648,0.6358,0.0122,0.0122
Mn_num,5,M7_TargetSpecific_Selected,HuberRegressor,0.05,0.1322,-0.0822,0.0822
Mn_num,5,M7_TargetSpecific_Selected,HuberRegressor,0.142,0.4366,-0.2946,0.2946
Mn_num,5,M7_TargetSpecific_Selected,HuberRegressor,1.48,0.2298,1.2502,1.2502
Mn_num,5,M7_TargetSpecific_Selected,HuberRegressor,0.478,0.6714,-0.1934,0.1934
Mn_num,5,M7_TargetSpecific_Selected,HuberRegressor,1.53,0.3888,1.1412,1.1412
Mn_num,5,M7_TargetSpecific_Selected,HuberRegressor,0.662,4.5066,-3.8446,3.8446
Mn_num,5,M7_TargetSpecific_Selected,HuberRegressor,0.492,1.3714,-0.8794,0.8794
Mn_num,5,M7_TargetSpecific_Selected,HuberRegressor,0.648,0.4378,0.2102,0.2102
Mn_num,5,M7_TargetSpecific_Selected,ExtraTrees,0.05,0.2223,-0.1723,0.1723
Mn_num,5,M7_TargetSpecific_Selected,ExtraTrees,0.142,0.4228,-0.2808,0.2808
Mn_num,5,M7_TargetSpecific_Selected,ExtraTrees,1.48,0.365,1.115,1.115
Mn_num,5,M7_TargetSpecific_Selected,ExtraTrees,0.478,0.8146,-0.3366,0.3366
Mn_num,5,M7_TargetSpecific_Selected,ExtraTrees,1.53,0.3105,1.2195,1.2195
Mn_num,5,M7_TargetSpecific_Selected,ExtraTrees,0.662,1.2303,-0.5683,0.5683
Mn_num,5,M7_TargetSpecific_Selected,ExtraTrees,0.492,1.1757,-0.6837,0.6837
Mn_num,5,M7_TargetSpecific_Selected,ExtraTrees,0.648,0.5016,0.1464,0.1464
Mn_num,6,M1_Core,Ridge,0.029,0.0,0.029,0.029
Mn_num,6,M1_Core,Ridge,6.2,0.5566,5.6434,5.6434
Mn_num,6,M1_Core,Ridge,0.222,0.4173,-0.1953,0.1953
Mn_num,6,M1_Core,Ridge,1.96,0.5483,1.4117,1.4117
Mn_num,6,M1_Core,Ridge,0.435,0.805,-0.37,0.37
Mn_num,6,M1_Core,Ridge,0.131,0.2467,-0.1157,0.1157
Mn_num,6,M1_Core,Ridge,0.766,1.8624,-1.0964,1.0964
Mn_num,6,M1_Core,Ridge,0.846,1.8934,-1.0474,1.0474
Mn_num,6,M1_Core,HuberRegressor,0.029,0.0,0.029,0.029
Mn_num,6,M1_Core,HuberRegressor,6.2,0.467,5.733,5.733
Mn_num,6,M1_Core,HuberRegressor,0.222,0.2997,-0.0777,0.0777
Mn_num,6,M1_Core,HuberRegressor,1.96,0.6044,1.3556,1.3556
Mn_num,6,M1_Core,HuberRegressor,0.435,0.983,-0.548,0.548
Mn_num,6,M1_Core,HuberRegressor,0.131,0.1571,-0.0261,0.0261
Mn_num,6,M1_Core,HuberRegressor,0.766,2.278,-1.512,1.512
Mn_num,6,M1_Core,HuberRegressor,0.846,2.4361,-1.5901,1.5901
Mn_num,6,M1_Core,ExtraTrees,0.029,0.183,-0.154,0.154
Mn_num,6,M1_Core,ExtraTrees,6.2,0.5641,5.6359,5.6359
Mn_num,6,M1_Core,ExtraTrees,0.222,0.5368,-0.3148,0.3148
Mn_num,6,M1_Core,ExtraTrees,1.96,0.2439,1.7161,1.7161
Mn_num,6,M1_Core,ExtraTrees,0.435,0.6717,-0.2367,0.2367
Mn_num,6,M1_Core,ExtraTrees,0.131,0.5815,-0.4505,0.4505
Mn_num,6,M1_Core,ExtraTrees,0.766,1.8538,-1.0878,1.0878
Mn_num,6,M1_Core,ExtraTrees,0.846,1.7882,-0.9422,0.9422
Mn_num,6,M7_TargetSpecific_Selected,Ridge,0.029,0.0,0.029,0.029
Mn_num,6,M7_TargetSpecific_Selected,Ridge,6.2,0.5825,5.6175,5.6175
Mn_num,6,M7_TargetSpecific_Selected,Ridge,0.222,0.383,-0.161,0.161
Mn_num,6,M7_TargetSpecific_Selected,Ridge,1.96,0.6001,1.3599,1.3599
Mn_num,6,M7_TargetSpecific_Selected,Ridge,0.435,0.855,-0.42,0.42
Mn_num,6,M7_TargetSpecific_Selected,Ridge,0.131,0.2583,-0.1273,0.1273
Mn_num,6,M7_TargetSpecific_Selected,Ridge,0.766,1.8149,-1.0489,1.0489
Mn_num,6,M7_TargetSpecific_Selected,Ridge,0.846,1.7736,-0.9276,0.9276
Mn_num,6,M7_TargetSpecific_Selected,HuberRegressor,0.029,0.0,0.029,0.029
Mn_num,6,M7_TargetSpecific_Selected,HuberRegressor,6.2,0.5151,5.6849,5.6849
Mn_num,6,M7_TargetSpecific_Selected,HuberRegressor,0.222,0.3124,-0.0904,0.0904
Mn_num,6,M7_TargetSpecific_Selected,HuberRegressor,1.96,0.5982,1.3618,1.3618
Mn_num,6,M7_TargetSpecific_Selected,HuberRegressor,0.435,0.8976,-0.4626,0.4626
Mn_num,6,M7_TargetSpecific_Selected,HuberRegressor,0.131,0.1826,-0.0516,0.0516
Mn_num,6,M7_TargetSpecific_Selected,HuberRegressor,0.766,1.8349,-1.0689,1.0689
Mn_num,6,M7_TargetSpecific_Selected,HuberRegressor,0.846,1.8018,-0.9558,0.9558
Mn_num,6,M7_TargetSpecific_Selected,ExtraTrees,0.029,0.2936,-0.2646,0.2646
Mn_num,6,M7_TargetSpecific_Selected,ExtraTrees,6.2,0.6869,5.5131,5.5131
Mn_num,6,M7_TargetSpecific_Selected,ExtraTrees,0.222,0.6964,-0.4744,0.4744
Mn_num,6,M7_TargetSpecific_Selected,ExtraTrees,1.96,0.1991,1.7609,1.7609
Mn_num,6,M7_TargetSpecific_Selected,ExtraTrees,0.435,0.6167,-0.1817,0.1817
Mn_num,6,M7_TargetSpecific_Selected,ExtraTrees,0.131,0.5217,-0.3907,0.3907
Mn_num,6,M7_TargetSpecific_Selected,ExtraTrees,0.766,2.2722,-1.5062,1.5062
Mn_num,6,M7_TargetSpecific_Selected,ExtraTrees,0.846,2.2639,-1.4179,1.4179
Mn_num,7,M1_Core,Ridge,0.032,0.465,-0.433,0.433
Mn_num,7,M1_Core,Ridge,0.242,0.6902,-0.4482,0.4482
Mn_num,7,M1_Core,Ridge,2.54,1.2047,1.3353,1.3353
Mn_num,7,M1_Core,Ridge,1.28,0.0,1.28,1.28
Mn_num,7,M1_Core,Ridge,0.626,0.6618,-0.0358,0.0358
Mn_num,7,M1_Core,Ridge,0.602,0.3923,0.2097,0.2097
Mn_num,7,M1_Core,Ridge,0.493,0.147,0.346,0.346
Mn_num,7,M1_Core,Ridge,1.5,0.3837,1.1163,1.1163
Mn_num,7,M1_Core,HuberRegressor,0.032,0.3376,-0.3056,0.3056
Mn_num,7,M1_Core,HuberRegressor,0.242,0.4594,-0.2174,0.2174
Mn_num,7,M1_Core,HuberRegressor,2.54,0.9069,1.6331,1.6331
Mn_num,7,M1_Core,HuberRegressor,1.28,0.1401,1.1399,1.1399
Mn_num,7,M1_Core,HuberRegressor,0.626,0.4459,0.1801,0.1801
Mn_num,7,M1_Core,HuberRegressor,0.602,0.4328,0.1692,0.1692
Mn_num,7,M1_Core,HuberRegressor,0.493,0.2673,0.2257,0.2257
Mn_num,7,M1_Core,HuberRegressor,1.5,0.4078,1.0922,1.0922
Mn_num,7,M1_Core,ExtraTrees,0.032,0.4025,-0.3705,0.3705
Mn_num,7,M1_Core,ExtraTrees,0.242,0.79,-0.548,0.548
Mn_num,7,M1_Core,ExtraTrees,2.54,1.1419,1.3981,1.3981
Mn_num,7,M1_Core,ExtraTrees,1.28,0.3563,0.9237,0.9237
Mn_num,7,M1_Core,ExtraTrees,0.626,0.8343,-0.2083,0.2083
Mn_num,7,M1_Core,ExtraTrees,0.602,0.4812,0.1208,0.1208
Mn_num,7,M1_Core,ExtraTrees,0.493,0.3173,0.1757,0.1757
Mn_num,7,M1_Core,ExtraTrees,1.5,0.4599,1.0401,1.0401
Mn_num,7,M7_TargetSpecific_Selected,Ridge,0.032,0.5113,-0.4793,0.4793
Mn_num,7,M7_TargetSpecific_Selected,Ridge,0.242,0.78,-0.538,0.538
Mn_num,7,M7_TargetSpecific_Selected,Ridge,2.54,1.1464,1.3936,1.3936
Mn_num,7,M7_TargetSpecific_Selected,Ridge,1.28,0.0,1.28,1.28
Mn_num,7,M7_TargetSpecific_Selected,Ridge,0.626,0.7925,-0.1665,0.1665
Mn_num,7,M7_TargetSpecific_Selected,Ridge,0.602,0.4786,0.1234,0.1234
Mn_num,7,M7_TargetSpecific_Selected,Ridge,0.493,0.2153,0.2777,0.2777
Mn_num,7,M7_TargetSpecific_Selected,Ridge,1.5,0.4799,1.0201,1.0201
Mn_num,7,M7_TargetSpecific_Selected,HuberRegressor,0.032,0.3768,-0.3448,0.3448
Mn_num,7,M7_TargetSpecific_Selected,HuberRegressor,0.242,0.5262,-0.2842,0.2842
Mn_num,7,M7_TargetSpecific_Selected,HuberRegressor,2.54,0.8718,1.6682,1.6682
Mn_num,7,M7_TargetSpecific_Selected,HuberRegressor,1.28,0.1609,1.1191,1.1191
Mn_num,7,M7_TargetSpecific_Selected,HuberRegressor,0.626,0.5561,0.0699,0.0699
Mn_num,7,M7_TargetSpecific_Selected,HuberRegressor,0.602,0.4799,0.1221,0.1221
Mn_num,7,M7_TargetSpecific_Selected,HuberRegressor,0.493,0.2757,0.2173,0.2173
Mn_num,7,M7_TargetSpecific_Selected,HuberRegressor,1.5,0.447,1.053,1.053
Mn_num,7,M7_TargetSpecific_Selected,ExtraTrees,0.032,0.5044,-0.4724,0.4724
Mn_num,7,M7_TargetSpecific_Selected,ExtraTrees,0.242,0.8103,-0.5683,0.5683
Mn_num,7,M7_TargetSpecific_Selected,ExtraTrees,2.54,1.0875,1.4525,1.4525
Mn_num,7,M7_TargetSpecific_Selected,ExtraTrees,1.28,0.4773,0.8027,0.8027
Mn_num,7,M7_TargetSpecific_Selected,ExtraTrees,0.626,0.8516,-0.2256,0.2256
Mn_num,7,M7_TargetSpecific_Selected,ExtraTrees,0.602,0.6035,-0.0015,0.0015
Mn_num,7,M7_TargetSpecific_Selected,ExtraTrees,0.493,0.4523,0.0407,0.0407
Mn_num,7,M7_TargetSpecific_Selected,ExtraTrees,1.5,0.566,0.934,0.934
Mn_num,8,M1_Core,Ridge,0.323,0.7921,-0.4691,0.4691
Mn_num,8,M1_Core,Ridge,0.008,0.5004,-0.4924,0.4924
Mn_num,8,M1_Core,Ridge,0.647,0.9148,-0.2678,0.2678
Mn_num,8,M1_Core,Ridge,0.212,0.0755,0.1365,0.1365
Mn_num,8,M1_Core,Ridge,0.691,0.7309,-0.0399,0.0399
Mn_num,8,M1_Core,Ridge,0.067,0.7631,-0.6961,0.6961
Mn_num,8,M1_Core,Ridge,0.566,0.8389,-0.2729,0.2729
Mn_num,8,M1_Core,Ridge,0.103,0.7054,-0.6024,0.6024
Mn_num,8,M1_Core,HuberRegressor,0.323,0.4963,-0.1733,0.1733
Mn_num,8,M1_Core,HuberRegressor,0.008,0.3113,-0.3033,0.3033
Mn_num,8,M1_Core,HuberRegressor,0.647,0.6037,0.0433,0.0433
Mn_num,8,M1_Core,HuberRegressor,0.212,0.0693,0.1427,0.1427
Mn_num,8,M1_Core,HuberRegressor,0.691,0.4569,0.2341,0.2341
Mn_num,8,M1_Core,HuberRegressor,0.067,0.5418,-0.4748,0.4748
Mn_num,8,M1_Core,HuberRegressor,0.566,0.5481,0.0179,0.0179
Mn_num,8,M1_Core,HuberRegressor,0.103,0.4861,-0.3831,0.3831
Mn_num,8,M1_Core,ExtraTrees,0.323,0.8726,-0.5496,0.5496
Mn_num,8,M1_Core,ExtraTrees,0.008,0.6294,-0.6214,0.6214
Mn_num,8,M1_Core,ExtraTrees,0.647,0.9932,-0.3462,0.3462
Mn_num,8,M1_Core,ExtraTrees,0.212,0.0779,0.1341,0.1341
Mn_num,8,M1_Core,ExtraTrees,0.691,0.6854,0.0056,0.0056
Mn_num,8,M1_Core,ExtraTrees,0.067,0.9066,-0.8396,0.8396
Mn_num,8,M1_Core,ExtraTrees,0.566,0.8444,-0.2784,0.2784
Mn_num,8,M1_Core,ExtraTrees,0.103,0.6911,-0.5881,0.5881
Mn_num,8,M7_TargetSpecific_Selected,Ridge,0.323,0.8207,-0.4977,0.4977
Mn_num,8,M7_TargetSpecific_Selected,Ridge,0.008,0.0428,-0.0348,0.0348
Mn_num,8,M7_TargetSpecific_Selected,Ridge,0.647,0.9724,-0.3254,0.3254
Mn_num,8,M7_TargetSpecific_Selected,Ridge,0.212,0.093,0.119,0.119
Mn_num,8,M7_TargetSpecific_Selected,Ridge,0.691,0.6841,0.0069,0.0069
Mn_num,8,M7_TargetSpecific_Selected,Ridge,0.067,0.847,-0.78,0.78
Mn_num,8,M7_TargetSpecific_Selected,Ridge,0.566,0.9454,-0.3794,0.3794
Mn_num,8,M7_TargetSpecific_Selected,Ridge,0.103,0.6997,-0.5967,0.5967
Mn_num,8,M7_TargetSpecific_Selected,HuberRegressor,0.323,0.4943,-0.1713,0.1713
Mn_num,8,M7_TargetSpecific_Selected,HuberRegressor,0.008,0.0,0.008,0.008
Mn_num,8,M7_TargetSpecific_Selected,HuberRegressor,0.647,0.6267,0.0203,0.0203
Mn_num,8,M7_TargetSpecific_Selected,HuberRegressor,0.212,0.0758,0.1362,0.1362
Mn_num,8,M7_TargetSpecific_Selected,HuberRegressor,0.691,0.3838,0.3072,0.3072
Mn_num,8,M7_TargetSpecific_Selected,HuberRegressor,0.067,0.5597,-0.4927,0.4927
Mn_num,8,M7_TargetSpecific_Selected,HuberRegressor,0.566,0.617,-0.051,0.051
Mn_num,8,M7_TargetSpecific_Selected,HuberRegressor,0.103,0.4993,-0.3963,0.3963
Mn_num,8,M7_TargetSpecific_Selected,ExtraTrees,0.323,0.8594,-0.5364,0.5364
Mn_num,8,M7_TargetSpecific_Selected,ExtraTrees,0.008,0.4812,-0.4732,0.4732
Mn_num,8,M7_TargetSpecific_Selected,ExtraTrees,0.647,0.9723,-0.3253,0.3253
Mn_num,8,M7_TargetSpecific_Selected,ExtraTrees,0.212,0.0621,0.1499,0.1499
Mn_num,8,M7_TargetSpecific_Selected,ExtraTrees,0.691,0.7007,-0.0097,0.0097
Mn_num,8,M7_TargetSpecific_Selected,ExtraTrees,0.067,0.8433,-0.7763,0.7763
Mn_num,8,M7_TargetSpecific_Selected,ExtraTrees,0.566,0.9055,-0.3395,0.3395
Mn_num,8,M7_TargetSpecific_Selected,ExtraTrees,0.103,0.6601,-0.5571,0.5571
Mn_num,9,M1_Core,Ridge,0.085,0.6371,-0.5521,0.5521
Mn_num,9,M1_Core,Ridge,0.469,0.6411,-0.1721,0.1721
Mn_num,9,M1_Core,Ridge,0.133,0.472,-0.339,0.339
Mn_num,9,M1_Core,Ridge,0.179,0.8371,-0.6581,0.6581
Mn_num,9,M1_Core,Ridge,0.381,0.5019,-0.1209,0.1209
Mn_num,9,M1_Core,Ridge,0.072,0.4357,-0.3637,0.3637
Mn_num,9,M1_Core,Ridge,2.21,0.9592,1.2508,1.2508
Mn_num,9,M1_Core,Ridge,2.27,0.8474,1.4226,1.4226
Mn_num,9,M1_Core,HuberRegressor,0.085,0.4521,-0.3671,0.3671
Mn_num,9,M1_Core,HuberRegressor,0.469,0.411,0.058,0.058
Mn_num,9,M1_Core,HuberRegressor,0.133,0.5522,-0.4192,0.4192
Mn_num,9,M1_Core,HuberRegressor,0.179,0.6261,-0.4471,0.4471
Mn_num,9,M1_Core,HuberRegressor,0.381,0.2827,0.0983,0.0983
Mn_num,9,M1_Core,HuberRegressor,0.072,0.5424,-0.4704,0.4704
Mn_num,9,M1_Core,HuberRegressor,2.21,0.7398,1.4702,1.4702
Mn_num,9,M1_Core,HuberRegressor,2.27,0.415,1.855,1.855
Mn_num,9,M1_Core,ExtraTrees,0.085,0.2522,-0.1672,0.1672
Mn_num,9,M1_Core,ExtraTrees,0.469,0.4502,0.0188,0.0188
Mn_num,9,M1_Core,ExtraTrees,0.133,0.1461,-0.0131,0.0131
Mn_num,9,M1_Core,ExtraTrees,0.179,0.649,-0.47,0.47
Mn_num,9,M1_Core,ExtraTrees,0.381,0.5769,-0.1959,0.1959
Mn_num,9,M1_Core,ExtraTrees,0.072,0.659,-0.587,0.587
Mn_num,9,M1_Core,ExtraTrees,2.21,0.6548,1.5552,1.5552
Mn_num,9,M1_Core,ExtraTrees,2.27,0.9994,1.2706,1.2706
Mn_num,9,M7_TargetSpecific_Selected,Ridge,0.085,0.4302,-0.3452,0.3452
Mn_num,9,M7_TargetSpecific_Selected,Ridge,0.469,0.6673,-0.1983,0.1983
Mn_num,9,M7_TargetSpecific_Selected,Ridge,0.133,0.3113,-0.1783,0.1783
Mn_num,9,M7_TargetSpecific_Selected,Ridge,0.179,0.8467,-0.6677,0.6677
Mn_num,9,M7_TargetSpecific_Selected,Ridge,0.381,0.4808,-0.0998,0.0998
Mn_num,9,M7_TargetSpecific_Selected,Ridge,0.072,0.7069,-0.6349,0.6349
Mn_num,9,M7_TargetSpecific_Selected,Ridge,2.21,1.0443,1.1657,1.1657
Mn_num,9,M7_TargetSpecific_Selected,Ridge,2.27,0.8491,1.4209,1.4209
Mn_num,9,M7_TargetSpecific_Selected,HuberRegressor,0.085,0.2432,-0.1582,0.1582
Mn_num,9,M7_TargetSpecific_Selected,HuberRegressor,0.469,0.4725,-0.0035,0.0035
Mn_num,9,M7_TargetSpecific_Selected,HuberRegressor,0.133,0.171,-0.038,0.038
Mn_num,9,M7_TargetSpecific_Selected,HuberRegressor,0.179,0.6518,-0.4728,0.4728
Mn_num,9,M7_TargetSpecific_Selected,HuberRegressor,0.381,0.3252,0.0558,0.0558
Mn_num,9,M7_TargetSpecific_Selected,HuberRegressor,0.072,0.5401,-0.4681,0.4681
Mn_num,9,M7_TargetSpecific_Selected,HuberRegressor,2.21,0.7935,1.4165,1.4165
Mn_num,9,M7_TargetSpecific_Selected,HuberRegressor,2.27,0.6565,1.6135,1.6135
Mn_num,9,M7_TargetSpecific_Selected,ExtraTrees,0.085,0.245,-0.16,0.16
Mn_num,9,M7_TargetSpecific_Selected,ExtraTrees,0.469,0.3484,0.1206,0.1206
Mn_num,9,M7_TargetSpecific_Selected,ExtraTrees,0.133,0.1534,-0.0204,0.0204
Mn_num,9,M7_TargetSpecific_Selected,ExtraTrees,0.179,0.8555,-0.6765,0.6765
Mn_num,9,M7_TargetSpecific_Selected,ExtraTrees,0.381,0.6445,-0.2635,0.2635
Mn_num,9,M7_TargetSpecific_Selected,ExtraTrees,0.072,0.8394,-0.7674,0.7674
Mn_num,9,M7_TargetSpecific_Selected,ExtraTrees,2.21,1.0238,1.1862,1.1862
Mn_num,9,M7_TargetSpecific_Selected,ExtraTrees,2.27,0.7908,1.4792,1.4792
Mn_num,10,M1_Core,Ridge,0.323,0.6361,-0.3131,0.3131
Mn_num,10,M1_Core,Ridge,0.085,0.4488,-0.3638,0.3638
Mn_num,10,M1_Core,Ridge,0.029,0.0,0.029,0.029
Mn_num,10,M1_Core,Ridge,6.2,0.6519,5.5481,5.5481
Mn_num,10,M1_Core,Ridge,0.242,0.5832,-0.3412,0.3412
Mn_num,10,M1_Core,Ridge,0.478,0.7255,-0.2475,0.2475
Mn_num,10,M1_Core,Ridge,0.602,0.7036,-0.1016,0.1016
Mn_num,10,M1_Core,Ridge,1.5,0.6618,0.8382,0.8382
Mn_num,10,M1_Core,HuberRegressor,0.323,0.5553,-0.2323,0.2323
Mn_num,10,M1_Core,HuberRegressor,0.085,0.4176,-0.3326,0.3326
Mn_num,10,M1_Core,HuberRegressor,0.029,0.0,0.029,0.029
Mn_num,10,M1_Core,HuberRegressor,6.2,0.5407,5.6593,5.6593
Mn_num,10,M1_Core,HuberRegressor,0.242,0.4861,-0.2441,0.2441
Mn_num,10,M1_Core,HuberRegressor,0.478,0.5845,-0.1065,0.1065
Mn_num,10,M1_Core,HuberRegressor,0.602,0.5191,0.0829,0.0829
Mn_num,10,M1_Core,HuberRegressor,1.5,0.5153,0.9847,0.9847
Mn_num,10,M1_Core,ExtraTrees,0.323,0.6566,-0.3336,0.3336
Mn_num,10,M1_Core,ExtraTrees,0.085,0.4296,-0.3446,0.3446
Mn_num,10,M1_Core,ExtraTrees,0.029,0.2112,-0.1822,0.1822
Mn_num,10,M1_Core,ExtraTrees,6.2,0.6171,5.5829,5.5829
Mn_num,10,M1_Core,ExtraTrees,0.242,0.5864,-0.3444,0.3444
Mn_num,10,M1_Core,ExtraTrees,0.478,0.6292,-0.1512,0.1512
Mn_num,10,M1_Core,ExtraTrees,0.602,0.6831,-0.0811,0.0811
Mn_num,10,M1_Core,ExtraTrees,1.5,0.6339,0.8661,0.8661
Mn_num,10,M7_TargetSpecific_Selected,Ridge,0.323,0.6569,-0.3339,0.3339
Mn_num,10,M7_TargetSpecific_Selected,Ridge,0.085,0.302,-0.217,0.217
Mn_num,10,M7_TargetSpecific_Selected,Ridge,0.029,0.0,0.029,0.029
Mn_num,10,M7_TargetSpecific_Selected,Ridge,6.2,0.6272,5.5728,5.5728
Mn_num,10,M7_TargetSpecific_Selected,Ridge,0.242,0.6925,-0.4505,0.4505
Mn_num,10,M7_TargetSpecific_Selected,Ridge,0.478,0.9013,-0.4233,0.4233
Mn_num,10,M7_TargetSpecific_Selected,Ridge,0.602,0.7867,-0.1847,0.1847
Mn_num,10,M7_TargetSpecific_Selected,Ridge,1.5,0.7542,0.7458,0.7458
Mn_num,10,M7_TargetSpecific_Selected,HuberRegressor,0.323,0.5668,-0.2438,0.2438
Mn_num,10,M7_TargetSpecific_Selected,HuberRegressor,0.085,0.2915,-0.2065,0.2065
Mn_num,10,M7_TargetSpecific_Selected,HuberRegressor,0.029,0.0,0.029,0.029
Mn_num,10,M7_TargetSpecific_Selected,HuberRegressor,6.2,0.5362,5.6638,5.6638
Mn_num,10,M7_TargetSpecific_Selected,HuberRegressor,0.242,0.5744,-0.3324,0.3324
Mn_num,10,M7_TargetSpecific_Selected,HuberRegressor,0.478,0.7115,-0.2335,0.2335
Mn_num,10,M7_TargetSpecific_Selected,HuberRegressor,0.602,0.572,0.03,0.03
Mn_num,10,M7_TargetSpecific_Selected,HuberRegressor,1.5,0.5585,0.9415,0.9415
Mn_num,10,M7_TargetSpecific_Selected,ExtraTrees,0.323,0.6385,-0.3155,0.3155
Mn_num,10,M7_TargetSpecific_Selected,ExtraTrees,0.085,0.202,-0.117,0.117
Mn_num,10,M7_TargetSpecific_Selected,ExtraTrees,0.029,0.4562,-0.4272,0.4272
Mn_num,10,M7_TargetSpecific_Selected,ExtraTrees,6.2,0.6038,5.5962,5.5962
Mn_num,10,M7_TargetSpecific_Selected,ExtraTrees,0.242,0.5241,-0.2821,0.2821
Mn_num,10,M7_TargetSpecific_Selected,ExtraTrees,0.478,0.8366,-0.3586,0.3586
Mn_num,10,M7_TargetSpecific_Selected,ExtraTrees,0.602,0.8424,-0.2404,0.2404
Mn_num,10,M7_TargetSpecific_Selected,ExtraTrees,1.5,0.7543,0.7457,0.7457
Mn_num,11,M1_Core,Ridge,0.032,0.5179,-0.4859,0.4859
Mn_num,11,M1_Core,Ridge,0.142,0.555,-0.413,0.413
Mn_num,11,M1_Core,Ridge,0.067,0.7801,-0.7131,0.7131
Mn_num,11,M1_Core,Ridge,0.435,1.0224,-0.5874,0.5874
Mn_num,11,M1_Core,Ridge,0.766,1.876,-1.11,1.11
Mn_num,11,M1_Core,Ridge,0.492,1.3401,-0.8481,0.8481
Mn_num,11,M1_Core,Ridge,0.648,0.642,0.006,0.006
Mn_num,11,M1_Core,Ridge,0.626,0.7065,-0.0805,0.0805
Mn_num,11,M1_Core,HuberRegressor,0.032,0.4046,-0.3726,0.3726
Mn_num,11,M1_Core,HuberRegressor,0.142,0.3593,-0.2173,0.2173
Mn_num,11,M1_Core,HuberRegressor,0.067,0.7121,-0.6451,0.6451
Mn_num,11,M1_Core,HuberRegressor,0.435,1.1743,-0.7393,0.7393
Mn_num,11,M1_Core,HuberRegressor,0.766,2.2582,-1.4922,1.4922
Mn_num,11,M1_Core,HuberRegressor,0.492,1.3464,-0.8544,0.8544
Mn_num,11,M1_Core,HuberRegressor,0.648,0.4803,0.1677,0.1677
Mn_num,11,M1_Core,HuberRegressor,0.626,0.5138,0.1122,0.1122
Mn_num,11,M1_Core,ExtraTrees,0.032,0.4865,-0.4545,0.4545
Mn_num,11,M1_Core,ExtraTrees,0.142,0.5069,-0.3649,0.3649
Mn_num,11,M1_Core,ExtraTrees,0.067,0.8531,-0.7861,0.7861
Mn_num,11,M1_Core,ExtraTrees,0.435,1.4763,-1.0413,1.0413
Mn_num,11,M1_Core,ExtraTrees,0.766,1.2368,-0.4708,0.4708
Mn_num,11,M1_Core,ExtraTrees,0.492,1.2666,-0.7746,0.7746
Mn_num,11,M1_Core,ExtraTrees,0.648,0.629,0.019,0.019
Mn_num,11,M1_Core,ExtraTrees,0.626,0.6819,-0.0559,0.0559
Mn_num,11,M7_TargetSpecific_Selected,Ridge,0.032,0.5537,-0.5217,0.5217
Mn_num,11,M7_TargetSpecific_Selected,Ridge,0.142,0.5461,-0.4041,0.4041
Mn_num,11,M7_TargetSpecific_Selected,Ridge,0.067,0.9084,-0.8414,0.8414
Mn_num,11,M7_TargetSpecific_Selected,Ridge,0.435,0.9875,-0.5525,0.5525
Mn_num,11,M7_TargetSpecific_Selected,Ridge,0.766,1.6905,-0.9245,0.9245
Mn_num,11,M7_TargetSpecific_Selected,Ridge,0.492,1.4549,-0.9629,0.9629
Mn_num,11,M7_TargetSpecific_Selected,Ridge,0.648,0.8047,-0.1567,0.1567
Mn_num,11,M7_TargetSpecific_Selected,Ridge,0.626,0.8802,-0.2542,0.2542
Mn_num,11,M7_TargetSpecific_Selected,HuberRegressor,0.032,0.427,-0.395,0.395
Mn_num,11,M7_TargetSpecific_Selected,HuberRegressor,0.142,0.3776,-0.2356,0.2356
Mn_num,11,M7_TargetSpecific_Selected,HuberRegressor,0.067,0.8989,-0.8319,0.8319
Mn_num,11,M7_TargetSpecific_Selected,HuberRegressor,0.435,1.1139,-0.6789,0.6789
Mn_num,11,M7_TargetSpecific_Selected,HuberRegressor,0.766,1.6969,-0.9309,0.9309
Mn_num,11,M7_TargetSpecific_Selected,HuberRegressor,0.492,1.4831,-0.9911,0.9911
Mn_num,11,M7_TargetSpecific_Selected,HuberRegressor,0.648,0.6284,0.0196,0.0196
Mn_num,11,M7_TargetSpecific_Selected,HuberRegressor,0.626,0.669,-0.043,0.043
Mn_num,11,M7_TargetSpecific_Selected,ExtraTrees,0.032,0.6341,-0.6021,0.6021
Mn_num,11,M7_TargetSpecific_Selected,ExtraTrees,0.142,0.3658,-0.2238,0.2238
Mn_num,11,M7_TargetSpecific_Selected,ExtraTrees,0.067,0.9119,-0.8449,0.8449
Mn_num,11,M7_TargetSpecific_Selected,ExtraTrees,0.435,1.0697,-0.6347,0.6347
Mn_num,11,M7_TargetSpecific_Selected,ExtraTrees,0.766,1.3653,-0.5993,0.5993
Mn_num,11,M7_TargetSpecific_Selected,ExtraTrees,0.492,1.1753,-0.6833,0.6833
Mn_num,11,M7_TargetSpecific_Selected,ExtraTrees,0.648,0.7854,-0.1374,0.1374
Mn_num,11,M7_TargetSpecific_Selected,ExtraTrees,0.626,0.921,-0.295,0.295
Mn_num,12,M1_Core,Ridge,0.05,0.0,0.05,0.05
Mn_num,12,M1_Core,Ridge,0.008,0.4485,-0.4405,0.4405
Mn_num,12,M1_Core,Ridge,1.48,0.5075,0.9725,0.9725
Mn_num,12,M1_Core,Ridge,0.212,0.0085,0.2035,0.2035
Mn_num,12,M1_Core,Ridge,0.662,1.5821,-0.9201,0.9201
Mn_num,12,M1_Core,Ridge,0.846,1.0984,-0.2524,0.2524
Mn_num,12,M1_Core,Ridge,0.493,0.618,-0.125,0.125
Mn_num,12,M1_Core,Ridge,2.21,0.9638,1.2462,1.2462
Mn_num,12,M1_Core,HuberRegressor,0.05,0.0674,-0.0174,0.0174
Mn_num,12,M1_Core,HuberRegressor,0.008,0.2935,-0.2855,0.2855
Mn_num,12,M1_Core,HuberRegressor,1.48,0.4144,1.0656,1.0656
Mn_num,12,M1_Core,HuberRegressor,0.212,0.0575,0.1545,0.1545
Mn_num,12,M1_Core,HuberRegressor,0.662,0.7506,-0.0886,0.0886
Mn_num,12,M1_Core,HuberRegressor,0.846,0.9602,-0.1142,0.1142
Mn_num,12,M1_Core,HuberRegressor,0.493,0.4305,0.0625,0.0625
Mn_num,12,M1_Core,HuberRegressor,2.21,0.7855,1.4245,1.4245
Mn_num,12,M1_Core,ExtraTrees,0.05,0.1578,-0.1078,0.1078
Mn_num,12,M1_Core,ExtraTrees,0.008,0.4247,-0.4167,0.4167
Mn_num,12,M1_Core,ExtraTrees,1.48,0.5899,0.8901,0.8901
Mn_num,12,M1_Core,ExtraTrees,0.212,0.1554,0.0566,0.0566
Mn_num,12,M1_Core,ExtraTrees,0.662,1.7275,-1.0655,1.0655
Mn_num,12,M1_Core,ExtraTrees,0.846,0.7908,0.0552,0.0552
Mn_num,12,M1_Core,ExtraTrees,0.493,0.5724,-0.0794,0.0794
Mn_num,12,M1_Core,ExtraTrees,2.21,0.5867,1.6233,1.6233
Mn_num,12,M7_TargetSpecific_Selected,Ridge,0.05,0.0,0.05,0.05
Mn_num,12,M7_TargetSpecific_Selected,Ridge,0.008,0.0,0.008,0.008
Mn_num,12,M7_TargetSpecific_Selected,Ridge,1.48,0.1317,1.3483,1.3483
Mn_num,12,M7_TargetSpecific_Selected,Ridge,0.212,0.0,0.212,0.212
Mn_num,12,M7_TargetSpecific_Selected,Ridge,0.662,2.6294,-1.9674,1.9674
Mn_num,12,M7_TargetSpecific_Selected,Ridge,0.846,0.8677,-0.0217,0.0217
Mn_num,12,M7_TargetSpecific_Selected,Ridge,0.493,0.7415,-0.2485,0.2485
Mn_num,12,M7_TargetSpecific_Selected,Ridge,2.21,1.0216,1.1884,1.1884
Mn_num,12,M7_TargetSpecific_Selected,HuberRegressor,0.05,0.0,0.05,0.05
Mn_num,12,M7_TargetSpecific_Selected,HuberRegressor,0.008,0.0,0.008,0.008
Mn_num,12,M7_TargetSpecific_Selected,HuberRegressor,1.48,0.0262,1.4538,1.4538
Mn_num,12,M7_TargetSpecific_Selected,HuberRegressor,0.212,0.0,0.212,0.212
Mn_num,12,M7_TargetSpecific_Selected,HuberRegressor,0.662,3.8673,-3.2053,3.2053
Mn_num,12,M7_TargetSpecific_Selected,HuberRegressor,0.846,0.9176,-0.0716,0.0716
Mn_num,12,M7_TargetSpecific_Selected,HuberRegressor,0.493,0.6317,-0.1387,0.1387
Mn_num,12,M7_TargetSpecific_Selected,HuberRegressor,2.21,0.9219,1.2881,1.2881
Mn_num,12,M7_TargetSpecific_Selected,ExtraTrees,0.05,0.152,-0.102,0.102
Mn_num,12,M7_TargetSpecific_Selected,ExtraTrees,0.008,0.3718,-0.3638,0.3638
Mn_num,12,M7_TargetSpecific_Selected,ExtraTrees,1.48,0.4619,1.0181,1.0181
Mn_num,12,M7_TargetSpecific_Selected,ExtraTrees,0.212,0.1667,0.0453,0.0453
Mn_num,12,M7_TargetSpecific_Selected,ExtraTrees,0.662,1.9678,-1.3058,1.3058
Mn_num,12,M7_TargetSpecific_Selected,ExtraTrees,0.846,0.6749,0.1711,0.1711
Mn_num,12,M7_TargetSpecific_Selected,ExtraTrees,0.493,0.7297,-0.2367,0.2367
Mn_num,12,M7_TargetSpecific_Selected,ExtraTrees,2.21,0.6739,1.5361,1.5361
Mn_num,13,M1_Core,Ridge,0.469,0.6584,-0.1894,0.1894
Mn_num,13,M1_Core,Ridge,0.222,0.6506,-0.4286,0.4286
Mn_num,13,M1_Core,Ridge,0.381,0.5809,-0.1999,0.1999
Mn_num,13,M1_Core,Ridge,0.072,0.2569,-0.1849,0.1849
Mn_num,13,M1_Core,Ridge,0.103,0.6151,-0.5121,0.5121
Mn_num,13,M1_Core,Ridge,2.54,1.1036,1.4364,1.4364
Mn_num,13,M1_Core,Ridge,1.28,0.2784,1.0016,1.0016
Mn_num,13,M1_Core,Ridge,2.27,1.0061,1.2639,1.2639
Mn_num,13,M1_Core,HuberRegressor,0.469,0.4141,0.0549,0.0549
Mn_num,13,M1_Core,HuberRegressor,0.222,0.3842,-0.1622,0.1622
Mn_num,13,M1_Core,HuberRegressor,0.381,0.3264,0.0546,0.0546
Mn_num,13,M1_Core,HuberRegressor,0.072,0.3471,-0.2751,0.2751
Mn_num,13,M1_Core,HuberRegressor,0.103,0.4266,-0.3236,0.3236
Mn_num,13,M1_Core,HuberRegressor,2.54,0.8065,1.7335,1.7335
Mn_num,13,M1_Core,HuberRegressor,1.28,0.5183,0.7617,0.7617
Mn_num,13,M1_Core,HuberRegressor,2.27,0.5525,1.7175,1.7175
Mn_num,13,M1_Core,ExtraTrees,0.469,0.5719,-0.1029,0.1029
Mn_num,13,M1_Core,ExtraTrees,0.222,1.3763,-1.1543,1.1543
Mn_num,13,M1_Core,ExtraTrees,0.381,1.5415,-1.1605,1.1605
Mn_num,13,M1_Core,ExtraTrees,0.072,0.9431,-0.8711,0.8711
Mn_num,13,M1_Core,ExtraTrees,0.103,1.1368,-1.0338,1.0338
Mn_num,13,M1_Core,ExtraTrees,2.54,0.8166,1.7234,1.7234
Mn_num,13,M1_Core,ExtraTrees,1.28,0.7958,0.4842,0.4842
Mn_num,13,M1_Core,ExtraTrees,2.27,1.0247,1.2453,1.2453
Mn_num,13,M7_TargetSpecific_Selected,Ridge,0.469,0.6801,-0.2111,0.2111
Mn_num,13,M7_TargetSpecific_Selected,Ridge,0.222,1.8122,-1.5902,1.5902
Mn_num,13,M7_TargetSpecific_Selected,Ridge,0.381,0.5016,-0.1206,0.1206
Mn_num,13,M7_TargetSpecific_Selected,Ridge,0.072,0.9567,-0.8847,0.8847
Mn_num,13,M7_TargetSpecific_Selected,Ridge,0.103,0.8888,-0.7858,0.7858
Mn_num,13,M7_TargetSpecific_Selected,Ridge,2.54,0.9056,1.6344,1.6344
Mn_num,13,M7_TargetSpecific_Selected,Ridge,1.28,0.7922,0.4878,0.4878
Mn_num,13,M7_TargetSpecific_Selected,Ridge,2.27,0.7764,1.4936,1.4936
Mn_num,13,M7_TargetSpecific_Selected,HuberRegressor,0.469,0.4746,-0.0056,0.0056
Mn_num,13,M7_TargetSpecific_Selected,HuberRegressor,0.222,0.498,-0.276,0.276
Mn_num,13,M7_TargetSpecific_Selected,HuberRegressor,0.381,0.3368,0.0442,0.0442
Mn_num,13,M7_TargetSpecific_Selected,HuberRegressor,0.072,0.5996,-0.5276,0.5276
Mn_num,13,M7_TargetSpecific_Selected,HuberRegressor,0.103,0.5414,-0.4384,0.4384
Mn_num,13,M7_TargetSpecific_Selected,HuberRegressor,2.54,0.7392,1.8008,1.8008
Mn_num,13,M7_TargetSpecific_Selected,HuberRegressor,1.28,0.6375,0.6425,0.6425
Mn_num,13,M7_TargetSpecific_Selected,HuberRegressor,2.27,0.629,1.641,1.641
Mn_num,13,M7_TargetSpecific_Selected,ExtraTrees,0.469,0.3662,0.1028,0.1028
Mn_num,13,M7_TargetSpecific_Selected,ExtraTrees,0.222,1.3166,-1.0946,1.0946
Mn_num,13,M7_TargetSpecific_Selected,ExtraTrees,0.381,0.5814,-0.2004,0.2004
Mn_num,13,M7_TargetSpecific_Selected,ExtraTrees,0.072,1.4011,-1.3291,1.3291
Mn_num,13,M7_TargetSpecific_Selected,ExtraTrees,0.103,1.2372,-1.1342,1.1342
Mn_num,13,M7_TargetSpecific_Selected,ExtraTrees,2.54,0.8936,1.6464,1.6464
Mn_num,13,M7_TargetSpecific_Selected,ExtraTrees,1.28,0.8904,0.3896,0.3896
Mn_num,13,M7_TargetSpecific_Selected,ExtraTrees,2.27,0.6714,1.5986,1.5986
Mn_num,14,M1_Core,Ridge,0.647,0.7913,-0.1443,0.1443
Mn_num,14,M1_Core,Ridge,0.133,0.2838,-0.1508,0.1508
Mn_num,14,M1_Core,Ridge,0.691,0.6413,0.0497,0.0497
Mn_num,14,M1_Core,Ridge,1.96,0.5472,1.4128,1.4128
Mn_num,14,M1_Core,Ridge,0.179,0.8889,-0.7099,0.7099
Mn_num,14,M1_Core,Ridge,0.566,0.6359,-0.0699,0.0699
Mn_num,14,M1_Core,Ridge,1.53,0.4753,1.0547,1.0547
Mn_num,14,M1_Core,Ridge,0.131,0.333,-0.202,0.202
Mn_num,14,M1_Core,HuberRegressor,0.647,0.5158,0.1312,0.1312
Mn_num,14,M1_Core,HuberRegressor,0.133,0.2528,-0.1198,0.1198
Mn_num,14,M1_Core,HuberRegressor,0.691,0.4161,0.2749,0.2749
Mn_num,14,M1_Core,HuberRegressor,1.96,0.4185,1.5415,1.5415
Mn_num,14,M1_Core,HuberRegressor,0.179,0.6502,-0.4712,0.4712
Mn_num,14,M1_Core,HuberRegressor,0.566,0.4229,0.1431,0.1431
Mn_num,14,M1_Core,HuberRegressor,1.53,0.3007,1.2293,1.2293
Mn_num,14,M1_Core,HuberRegressor,0.131,0.2227,-0.0917,0.0917
Mn_num,14,M1_Core,ExtraTrees,0.647,0.8215,-0.1745,0.1745
Mn_num,14,M1_Core,ExtraTrees,0.133,0.0935,0.0395,0.0395
Mn_num,14,M1_Core,ExtraTrees,0.691,0.713,-0.022,0.022
Mn_num,14,M1_Core,ExtraTrees,1.96,0.3757,1.5843,1.5843
Mn_num,14,M1_Core,ExtraTrees,0.179,0.9107,-0.7317,0.7317
Mn_num,14,M1_Core,ExtraTrees,0.566,0.7112,-0.1452,0.1452
Mn_num,14,M1_Core,ExtraTrees,1.53,0.646,0.884,0.884
Mn_num,14,M1_Core,ExtraTrees,0.131,0.6043,-0.4733,0.4733
Mn_num,14,M7_TargetSpecific_Selected,Ridge,0.647,0.8314,-0.1844,0.1844
Mn_num,14,M7_TargetSpecific_Selected,Ridge,0.133,0.1739,-0.0409,0.0409
Mn_num,14,M7_TargetSpecific_Selected,Ridge,0.691,0.4813,0.2097,0.2097
Mn_num,14,M7_TargetSpecific_Selected,Ridge,1.96,0.6542,1.3058,1.3058
Mn_num,14,M7_TargetSpecific_Selected,Ridge,0.179,0.9776,-0.7986,0.7986
Mn_num,14,M7_TargetSpecific_Selected,Ridge,0.566,0.617,-0.051,0.051
Mn_num,14,M7_TargetSpecific_Selected,Ridge,1.53,0.392,1.138,1.138
Mn_num,14,M7_TargetSpecific_Selected,Ridge,0.131,0.1612,-0.0302,0.0302
Mn_num,14,M7_TargetSpecific_Selected,HuberRegressor,0.647,0.5449,0.1021,0.1021
Mn_num,14,M7_TargetSpecific_Selected,HuberRegressor,0.133,0.1059,0.0271,0.0271
Mn_num,14,M7_TargetSpecific_Selected,HuberRegressor,0.691,0.3211,0.3699,0.3699
Mn_num,14,M7_TargetSpecific_Selected,HuberRegressor,1.96,0.4776,1.4824,1.4824
Mn_num,14,M7_TargetSpecific_Selected,HuberRegressor,0.179,0.6583,-0.4793,0.4793
Mn_num,14,M7_TargetSpecific_Selected,HuberRegressor,0.566,0.4724,0.0936,0.0936
Mn_num,14,M7_TargetSpecific_Selected,HuberRegressor,1.53,0.3186,1.2114,1.2114
Mn_num,14,M7_TargetSpecific_Selected,HuberRegressor,0.131,0.1955,-0.0645,0.0645
Mn_num,14,M7_TargetSpecific_Selected,ExtraTrees,0.647,0.8443,-0.1973,0.1973
Mn_num,14,M7_TargetSpecific_Selected,ExtraTrees,0.133,0.1507,-0.0177,0.0177
Mn_num,14,M7_TargetSpecific_Selected,ExtraTrees,0.691,0.8642,-0.1732,0.1732
Mn_num,14,M7_TargetSpecific_Selected,ExtraTrees,1.96,0.3269,1.6331,1.6331
Mn_num,14,M7_TargetSpecific_Selected,ExtraTrees,0.179,0.8482,-0.6692,0.6692
Mn_num,14,M7_TargetSpecific_Selected,ExtraTrees,0.566,0.755,-0.189,0.189
Mn_num,14,M7_TargetSpecific_Selected,ExtraTrees,1.53,0.6088,0.9212,0.9212
Mn_num,14,M7_TargetSpecific_Selected,ExtraTrees,0.131,0.4724,-0.3414,0.3414
Mn_num,15,M1_Core,Ridge,0.323,0.8146,-0.4916,0.4916
Mn_num,15,M1_Core,Ridge,0.029,0.0,0.029,0.029
Mn_num,15,M1_Core,Ridge,0.647,0.9519,-0.3049,0.3049
Mn_num,15,M1_Core,Ridge,0.212,0.0,0.212,0.212
Mn_num,15,M1_Core,Ridge,0.381,0.542,-0.161,0.161
Mn_num,15,M1_Core,Ridge,0.103,0.6751,-0.5721,0.5721
Mn_num,15,M1_Core,Ridge,0.766,1.6601,-0.8941,0.8941
Mn_num,15,M1_Core,Ridge,0.602,0.8998,-0.2978,0.2978
Mn_num,15,M1_Core,HuberRegressor,0.323,0.6331,-0.3101,0.3101
Mn_num,15,M1_Core,HuberRegressor,0.029,0.0,0.029,0.029
Mn_num,15,M1_Core,HuberRegressor,0.647,0.7631,-0.1161,0.1161
Mn_num,15,M1_Core,HuberRegressor,0.212,0.0,0.212,0.212
Mn_num,15,M1_Core,HuberRegressor,0.381,0.2495,0.1315,0.1315
Mn_num,15,M1_Core,HuberRegressor,0.103,0.4676,-0.3646,0.3646
Mn_num,15,M1_Core,HuberRegressor,0.766,1.8599,-1.0939,1.0939
Mn_num,15,M1_Core,HuberRegressor,0.602,1.0009,-0.3989,0.3989
Mn_num,15,M1_Core,ExtraTrees,0.323,0.735,-0.412,0.412
Mn_num,15,M1_Core,ExtraTrees,0.029,0.1457,-0.1167,0.1167
Mn_num,15,M1_Core,ExtraTrees,0.647,1.0602,-0.4132,0.4132
Mn_num,15,M1_Core,ExtraTrees,0.212,0.1692,0.0428,0.0428
Mn_num,15,M1_Core,ExtraTrees,0.381,0.8234,-0.4424,0.4424
Mn_num,15,M1_Core,ExtraTrees,0.103,0.7446,-0.6416,0.6416
Mn_num,15,M1_Core,ExtraTrees,0.766,1.2159,-0.4499,0.4499
Mn_num,15,M1_Core,ExtraTrees,0.602,1.0508,-0.4488,0.4488
Mn_num,15,M7_TargetSpecific_Selected,Ridge,0.323,0.7838,-0.4608,0.4608
Mn_num,15,M7_TargetSpecific_Selected,Ridge,0.029,0.0,0.029,0.029
Mn_num,15,M7_TargetSpecific_Selected,Ridge,0.647,1.0161,-0.3691,0.3691
Mn_num,15,M7_TargetSpecific_Selected,Ridge,0.212,0.0,0.212,0.212
Mn_num,15,M7_TargetSpecific_Selected,Ridge,0.381,0.5262,-0.1452,0.1452
Mn_num,15,M7_TargetSpecific_Selected,Ridge,0.103,0.7302,-0.6272,0.6272
Mn_num,15,M7_TargetSpecific_Selected,Ridge,0.766,1.5884,-0.8224,0.8224
Mn_num,15,M7_TargetSpecific_Selected,Ridge,0.602,0.8609,-0.2589,0.2589
Mn_num,15,M7_TargetSpecific_Selected,HuberRegressor,0.323,0.5646,-0.2416,0.2416
Mn_num,15,M7_TargetSpecific_Selected,HuberRegressor,0.029,0.0,0.029,0.029
Mn_num,15,M7_TargetSpecific_Selected,HuberRegressor,0.647,0.8487,-0.2017,0.2017
Mn_num,15,M7_TargetSpecific_Selected,HuberRegressor,0.212,0.0,0.212,0.212
Mn_num,15,M7_TargetSpecific_Selected,HuberRegressor,0.381,0.3724,0.0086,0.0086
Mn_num,15,M7_TargetSpecific_Selected,HuberRegressor,0.103,0.6315,-0.5285,0.5285
Mn_num,15,M7_TargetSpecific_Selected,HuberRegressor,0.766,1.4119,-0.6459,0.6459
Mn_num,15,M7_TargetSpecific_Selected,HuberRegressor,0.602,0.8548,-0.2528,0.2528
Mn_num,15,M7_TargetSpecific_Selected,ExtraTrees,0.323,0.7846,-0.4616,0.4616
Mn_num,15,M7_TargetSpecific_Selected,ExtraTrees,0.029,0.3842,-0.3552,0.3552
Mn_num,15,M7_TargetSpecific_Selected,ExtraTrees,0.647,1.0302,-0.3832,0.3832
Mn_num,15,M7_TargetSpecific_Selected,ExtraTrees,0.212,0.2329,-0.0209,0.0209
Mn_num,15,M7_TargetSpecific_Selected,ExtraTrees,0.381,0.5121,-0.1311,0.1311
Mn_num,15,M7_TargetSpecific_Selected,ExtraTrees,0.103,0.7229,-0.6199,0.6199
Mn_num,15,M7_TargetSpecific_Selected,ExtraTrees,0.766,1.2901,-0.5241,0.5241
Mn_num,15,M7_TargetSpecific_Selected,ExtraTrees,0.602,0.9551,-0.3531,0.3531
Mn_num,16,M1_Core,Ridge,1.48,0.647,0.833,0.833
Mn_num,16,M1_Core,Ridge,1.96,0.6378,1.3222,1.3222
Mn_num,16,M1_Core,Ridge,0.179,0.8935,-0.7145,0.7145
Mn_num,16,M1_Core,Ridge,0.067,0.6247,-0.5577,0.5577
Mn_num,16,M1_Core,Ridge,0.566,0.6795,-0.1135,0.1135
Mn_num,16,M1_Core,Ridge,1.28,0.0028,1.2772,1.2772
Mn_num,16,M1_Core,Ridge,0.846,1.2235,-0.3775,0.3775
Mn_num,16,M1_Core,Ridge,1.5,0.5266,0.9734,0.9734
Mn_num,16,M1_Core,HuberRegressor,1.48,0.4927,0.9873,0.9873
Mn_num,16,M1_Core,HuberRegressor,1.96,0.4865,1.4735,1.4735
Mn_num,16,M1_Core,HuberRegressor,0.179,0.6934,-0.5144,0.5144
Mn_num,16,M1_Core,HuberRegressor,0.067,0.4797,-0.4127,0.4127
Mn_num,16,M1_Core,HuberRegressor,0.566,0.4731,0.0929,0.0929
Mn_num,16,M1_Core,HuberRegressor,1.28,0.2299,1.0501,1.0501
Mn_num,16,M1_Core,HuberRegressor,0.846,1.0991,-0.2531,0.2531
Mn_num,16,M1_Core,HuberRegressor,1.5,0.5258,0.9742,0.9742
Mn_num,16,M1_Core,ExtraTrees,1.48,0.702,0.778,0.778
Mn_num,16,M1_Core,ExtraTrees,1.96,0.3379,1.6221,1.6221
Mn_num,16,M1_Core,ExtraTrees,0.179,0.8097,-0.6307,0.6307
Mn_num,16,M1_Core,ExtraTrees,0.067,0.5317,-0.4647,0.4647
Mn_num,16,M1_Core,ExtraTrees,0.566,0.6875,-0.1215,0.1215
Mn_num,16,M1_Core,ExtraTrees,1.28,0.5661,0.7139,0.7139
Mn_num,16,M1_Core,ExtraTrees,0.846,0.9998,-0.1538,0.1538
Mn_num,16,M1_Core,ExtraTrees,1.5,0.529,0.971,0.971
Mn_num,16,M7_TargetSpecific_Selected,Ridge,1.48,0.556,0.924,0.924
Mn_num,16,M7_TargetSpecific_Selected,Ridge,1.96,0.7104,1.2496,1.2496
Mn_num,16,M7_TargetSpecific_Selected,Ridge,0.179,0.9433,-0.7643,0.7643
Mn_num,16,M7_TargetSpecific_Selected,Ridge,0.067,0.6464,-0.5794,0.5794
Mn_num,16,M7_TargetSpecific_Selected,Ridge,0.566,0.7488,-0.1828,0.1828
Mn_num,16,M7_TargetSpecific_Selected,Ridge,1.28,0.0455,1.2345,1.2345
Mn_num,16,M7_TargetSpecific_Selected,Ridge,0.846,1.1424,-0.2964,0.2964
Mn_num,16,M7_TargetSpecific_Selected,Ridge,1.5,0.5356,0.9644,0.9644
Mn_num,16,M7_TargetSpecific_Selected,HuberRegressor,1.48,0.4044,1.0756,1.0756
Mn_num,16,M7_TargetSpecific_Selected,HuberRegressor,1.96,0.5018,1.4582,1.4582
Mn_num,16,M7_TargetSpecific_Selected,HuberRegressor,0.179,0.6665,-0.4875,0.4875
Mn_num,16,M7_TargetSpecific_Selected,HuberRegressor,0.067,0.4774,-0.4104,0.4104
Mn_num,16,M7_TargetSpecific_Selected,HuberRegressor,0.566,0.527,0.039,0.039
Mn_num,16,M7_TargetSpecific_Selected,HuberRegressor,1.28,0.2646,1.0154,1.0154
Mn_num,16,M7_TargetSpecific_Selected,HuberRegressor,0.846,0.9418,-0.0958,0.0958
Mn_num,16,M7_TargetSpecific_Selected,HuberRegressor,1.5,0.489,1.011,1.011
Mn_num,16,M7_TargetSpecific_Selected,ExtraTrees,1.48,0.7321,0.7479,0.7479
Mn_num,16,M7_TargetSpecific_Selected,ExtraTrees,1.96,0.3597,1.6003,1.6003
Mn_num,16,M7_TargetSpecific_Selected,ExtraTrees,0.179,0.8011,-0.6221,0.6221
Mn_num,16,M7_TargetSpecific_Selected,ExtraTrees,0.067,0.5435,-0.4765,0.4765
Mn_num,16,M7_TargetSpecific_Selected,ExtraTrees,0.566,0.7801,-0.2141,0.2141
Mn_num,16,M7_TargetSpecific_Selected,ExtraTrees,1.28,0.6275,0.6525,0.6525
Mn_num,16,M7_TargetSpecific_Selected,ExtraTrees,0.846,0.9573,-0.1113,0.1113
Mn_num,16,M7_TargetSpecific_Selected,ExtraTrees,1.5,0.5984,0.9016,0.9016
Mn_num,17,M1_Core,Ridge,0.085,0.3931,-0.3081,0.3081
Mn_num,17,M1_Core,Ridge,6.2,0.5835,5.6165,5.6165
Mn_num,17,M1_Core,Ridge,0.222,0.5147,-0.2927,0.2927
Mn_num,17,M1_Core,Ridge,0.691,0.55,0.141,0.141
Mn_num,17,M1_Core,Ridge,0.242,0.5471,-0.3051,0.3051
Mn_num,17,M1_Core,Ridge,0.478,0.641,-0.163,0.163
Mn_num,17,M1_Core,Ridge,2.54,0.9983,1.5417,1.5417
Mn_num,17,M1_Core,Ridge,2.21,0.8412,1.3688,1.3688
Mn_num,17,M1_Core,HuberRegressor,0.085,0.3653,-0.2803,0.2803
Mn_num,17,M1_Core,HuberRegressor,6.2,0.4642,5.7358,5.7358
Mn_num,17,M1_Core,HuberRegressor,0.222,0.4144,-0.1924,0.1924
Mn_num,17,M1_Core,HuberRegressor,0.691,0.4556,0.2354,0.2354
Mn_num,17,M1_Core,HuberRegressor,0.242,0.4337,-0.1917,0.1917
Mn_num,17,M1_Core,HuberRegressor,0.478,0.5102,-0.0322,0.0322
Mn_num,17,M1_Core,HuberRegressor,2.54,0.8591,1.6809,1.6809
Mn_num,17,M1_Core,HuberRegressor,2.21,0.7193,1.4907,1.4907
Mn_num,17,M1_Core,ExtraTrees,0.085,0.2452,-0.1602,0.1602
Mn_num,17,M1_Core,ExtraTrees,6.2,0.6305,5.5695,5.5695
Mn_num,17,M1_Core,ExtraTrees,0.222,0.5283,-0.3063,0.3063
Mn_num,17,M1_Core,ExtraTrees,0.691,0.512,0.179,0.179
Mn_num,17,M1_Core,ExtraTrees,0.242,0.6225,-0.3805,0.3805
Mn_num,17,M1_Core,ExtraTrees,0.478,0.6614,-0.1834,0.1834
Mn_num,17,M1_Core,ExtraTrees,2.54,1.0171,1.5229,1.5229
Mn_num,17,M1_Core,ExtraTrees,2.21,0.538,1.672,1.672
Mn_num,17,M7_TargetSpecific_Selected,Ridge,0.085,0.2243,-0.1393,0.1393
Mn_num,17,M7_TargetSpecific_Selected,Ridge,6.2,0.3967,5.8033,5.8033
Mn_num,17,M7_TargetSpecific_Selected,Ridge,0.222,0.0,0.222,0.222
Mn_num,17,M7_TargetSpecific_Selected,Ridge,0.691,0.3052,0.3858,0.3858
Mn_num,17,M7_TargetSpecific_Selected,Ridge,0.242,0.6357,-0.3937,0.3937
Mn_num,17,M7_TargetSpecific_Selected,Ridge,0.478,0.82,-0.342,0.342
Mn_num,17,M7_TargetSpecific_Selected,Ridge,2.54,0.7877,1.7523,1.7523
Mn_num,17,M7_TargetSpecific_Selected,Ridge,2.21,0.7841,1.4259,1.4259
Mn_num,17,M7_TargetSpecific_Selected,HuberRegressor,0.085,0.1974,-0.1124,0.1124
Mn_num,17,M7_TargetSpecific_Selected,HuberRegressor,6.2,0.3657,5.8343,5.8343
Mn_num,17,M7_TargetSpecific_Selected,HuberRegressor,0.222,0.0826,0.1394,0.1394
Mn_num,17,M7_TargetSpecific_Selected,HuberRegressor,0.691,0.2844,0.4066,0.4066
Mn_num,17,M7_TargetSpecific_Selected,HuberRegressor,0.242,0.4971,-0.2551,0.2551
Mn_num,17,M7_TargetSpecific_Selected,HuberRegressor,0.478,0.6295,-0.1515,0.1515
Mn_num,17,M7_TargetSpecific_Selected,HuberRegressor,2.54,0.7018,1.8382,1.8382
Mn_num,17,M7_TargetSpecific_Selected,HuberRegressor,2.21,0.6912,1.5188,1.5188
Mn_num,17,M7_TargetSpecific_Selected,ExtraTrees,0.085,0.1655,-0.0805,0.0805
Mn_num,17,M7_TargetSpecific_Selected,ExtraTrees,6.2,0.5754,5.6246,5.6246
Mn_num,17,M7_TargetSpecific_Selected,ExtraTrees,0.222,0.4109,-0.1889,0.1889
Mn_num,17,M7_TargetSpecific_Selected,ExtraTrees,0.691,0.4046,0.2864,0.2864
Mn_num,17,M7_TargetSpecific_Selected,ExtraTrees,0.242,0.611,-0.369,0.369
Mn_num,17,M7_TargetSpecific_Selected,ExtraTrees,0.478,0.9188,-0.4408,0.4408
Mn_num,17,M7_TargetSpecific_Selected,ExtraTrees,2.54,0.7553,1.7847,1.7847
Mn_num,17,M7_TargetSpecific_Selected,ExtraTrees,2.21,0.6709,1.5391,1.5391
Mn_num,18,M1_Core,Ridge,0.032,0.4825,-0.4505,0.4505
Mn_num,18,M1_Core,Ridge,0.142,0.5043,-0.3623,0.3623
Mn_num,18,M1_Core,Ridge,0.008,0.3613,-0.3533,0.3533
Mn_num,18,M1_Core,Ridge,0.469,0.6721,-0.2031,0.2031
Mn_num,18,M1_Core,Ridge,0.072,0.3653,-0.2933,0.2933
Mn_num,18,M1_Core,Ridge,0.492,1.0539,-0.5619,0.5619
Mn_num,18,M1_Core,Ridge,0.648,0.6437,0.0043,0.0043
Mn_num,18,M1_Core,Ridge,2.27,0.9823,1.2877,1.2877
Mn_num,18,M1_Core,HuberRegressor,0.032,0.3339,-0.3019,0.3019
Mn_num,18,M1_Core,HuberRegressor,0.142,0.2819,-0.1399,0.1399
Mn_num,18,M1_Core,HuberRegressor,0.008,0.2104,-0.2024,0.2024
Mn_num,18,M1_Core,HuberRegressor,0.469,0.4345,0.0345,0.0345
Mn_num,18,M1_Core,HuberRegressor,0.072,0.421,-0.349,0.349
Mn_num,18,M1_Core,HuberRegressor,0.492,0.7587,-0.2667,0.2667
Mn_num,18,M1_Core,HuberRegressor,0.648,0.4646,0.1834,0.1834
Mn_num,18,M1_Core,HuberRegressor,2.27,0.5765,1.6935,1.6935
Mn_num,18,M1_Core,ExtraTrees,0.032,0.625,-0.593,0.593
Mn_num,18,M1_Core,ExtraTrees,0.142,0.5868,-0.4448,0.4448
Mn_num,18,M1_Core,ExtraTrees,0.008,0.7316,-0.7236,0.7236
Mn_num,18,M1_Core,ExtraTrees,0.469,0.7654,-0.2964,0.2964
Mn_num,18,M1_Core,ExtraTrees,0.072,0.4937,-0.4217,0.4217
Mn_num,18,M1_Core,ExtraTrees,0.492,0.9606,-0.4686,0.4686
Mn_num,18,M1_Core,ExtraTrees,0.648,0.5951,0.0529,0.0529
Mn_num,18,M1_Core,ExtraTrees,2.27,0.9999,1.2701,1.2701
Mn_num,18,M7_TargetSpecific_Selected,Ridge,0.032,0.5077,-0.4757,0.4757
Mn_num,18,M7_TargetSpecific_Selected,Ridge,0.142,0.5441,-0.4021,0.4021
Mn_num,18,M7_TargetSpecific_Selected,Ridge,0.008,0.0,0.008,0.008
Mn_num,18,M7_TargetSpecific_Selected,Ridge,0.469,0.7674,-0.2984,0.2984
Mn_num,18,M7_TargetSpecific_Selected,Ridge,0.072,0.3957,-0.3237,0.3237
Mn_num,18,M7_TargetSpecific_Selected,Ridge,0.492,1.1466,-0.6546,0.6546
Mn_num,18,M7_TargetSpecific_Selected,Ridge,0.648,0.7932,-0.1452,0.1452
Mn_num,18,M7_TargetSpecific_Selected,Ridge,2.27,1.0245,1.2455,1.2455
Mn_num,18,M7_TargetSpecific_Selected,HuberRegressor,0.032,0.3287,-0.2967,0.2967
Mn_num,18,M7_TargetSpecific_Selected,HuberRegressor,0.142,0.3469,-0.2049,0.2049
Mn_num,18,M7_TargetSpecific_Selected,HuberRegressor,0.008,0.0,0.008,0.008
Mn_num,18,M7_TargetSpecific_Selected,HuberRegressor,0.469,0.5079,-0.0389,0.0389
Mn_num,18,M7_TargetSpecific_Selected,HuberRegressor,0.072,0.4453,-0.3733,0.3733
Mn_num,18,M7_TargetSpecific_Selected,HuberRegressor,0.492,0.852,-0.36,0.36
Mn_num,18,M7_TargetSpecific_Selected,HuberRegressor,0.648,0.565,0.083,0.083
Mn_num,18,M7_TargetSpecific_Selected,HuberRegressor,2.27,0.7032,1.5668,1.5668
Mn_num,18,M7_TargetSpecific_Selected,ExtraTrees,0.032,0.6102,-0.5782,0.5782
Mn_num,18,M7_TargetSpecific_Selected,ExtraTrees,0.142,0.478,-0.336,0.336
Mn_num,18,M7_TargetSpecific_Selected,ExtraTrees,0.008,0.2526,-0.2446,0.2446
Mn_num,18,M7_TargetSpecific_Selected,ExtraTrees,0.469,0.6193,-0.1503,0.1503
Mn_num,18,M7_TargetSpecific_Selected,ExtraTrees,0.072,0.7358,-0.6638,0.6638
Mn_num,18,M7_TargetSpecific_Selected,ExtraTrees,0.492,1.0291,-0.5371,0.5371
Mn_num,18,M7_TargetSpecific_Selected,ExtraTrees,0.648,0.7316,-0.0836,0.0836
Mn_num,18,M7_TargetSpecific_Selected,ExtraTrees,2.27,1.0179,1.2521,1.2521
Mn_num,19,M1_Core,Ridge,0.05,0.0581,-0.0081,0.0081
Mn_num,19,M1_Core,Ridge,0.133,0.2286,-0.0956,0.0956
Mn_num,19,M1_Core,Ridge,0.435,0.7718,-0.3368,0.3368
Mn_num,19,M1_Core,Ridge,1.53,0.4817,1.0483,1.0483
Mn_num,19,M1_Core,Ridge,0.131,0.3284,-0.1974,0.1974
Mn_num,19,M1_Core,Ridge,0.662,1.3287,-0.6667,0.6667
Mn_num,19,M1_Core,Ridge,0.626,0.5842,0.0418,0.0418
Mn_num,19,M1_Core,Ridge,0.493,0.6542,-0.1612,0.1612
Mn_num,19,M1_Core,HuberRegressor,0.05,0.2019,-0.1519,0.1519
Mn_num,19,M1_Core,HuberRegressor,0.133,0.3195,-0.1865,0.1865
Mn_num,19,M1_Core,HuberRegressor,0.435,0.646,-0.211,0.211
Mn_num,19,M1_Core,HuberRegressor,1.53,0.3307,1.1993,1.1993
Mn_num,19,M1_Core,HuberRegressor,0.131,0.2607,-0.1297,0.1297
Mn_num,19,M1_Core,HuberRegressor,0.662,0.579,0.083,0.083
Mn_num,19,M1_Core,HuberRegressor,0.626,0.4388,0.1872,0.1872
Mn_num,19,M1_Core,HuberRegressor,0.493,0.564,-0.071,0.071
Mn_num,19,M1_Core,ExtraTrees,0.05,0.2356,-0.1856,0.1856
Mn_num,19,M1_Core,ExtraTrees,0.133,0.1607,-0.0277,0.0277
Mn_num,19,M1_Core,ExtraTrees,0.435,1.5452,-1.1102,1.1102
Mn_num,19,M1_Core,ExtraTrees,1.53,0.5574,0.9726,0.9726
Mn_num,19,M1_Core,ExtraTrees,0.131,0.4908,-0.3598,0.3598
Mn_num,19,M1_Core,ExtraTrees,0.662,1.8609,-1.1989,1.1989
Mn_num,19,M1_Core,ExtraTrees,0.626,0.6049,0.0211,0.0211
Mn_num,19,M1_Core,ExtraTrees,0.493,0.6921,-0.1991,0.1991
Mn_num,19,M7_TargetSpecific_Selected,Ridge,0.05,0.1291,-0.0791,0.0791
Mn_num,19,M7_TargetSpecific_Selected,Ridge,0.133,0.2696,-0.1366,0.1366
Mn_num,19,M7_TargetSpecific_Selected,Ridge,0.435,0.7655,-0.3305,0.3305
Mn_num,19,M7_TargetSpecific_Selected,Ridge,1.53,0.5047,1.0253,1.0253
Mn_num,19,M7_TargetSpecific_Selected,Ridge,0.131,0.2967,-0.1657,0.1657
Mn_num,19,M7_TargetSpecific_Selected,Ridge,0.662,1.687,-1.025,1.025
Mn_num,19,M7_TargetSpecific_Selected,Ridge,0.626,0.6839,-0.0579,0.0579
Mn_num,19,M7_TargetSpecific_Selected,Ridge,0.493,0.7213,-0.2283,0.2283
Mn_num,19,M7_TargetSpecific_Selected,HuberRegressor,0.05,0.3774,-0.3274,0.3274
Mn_num,19,M7_TargetSpecific_Selected,HuberRegressor,0.133,0.4777,-0.3447,0.3447
Mn_num,19,M7_TargetSpecific_Selected,HuberRegressor,0.435,0.7644,-0.3294,0.3294
Mn_num,19,M7_TargetSpecific_Selected,HuberRegressor,1.53,0.4129,1.1171,1.1171
Mn_num,19,M7_TargetSpecific_Selected,HuberRegressor,0.131,0.1845,-0.0535,0.0535
Mn_num,19,M7_TargetSpecific_Selected,HuberRegressor,0.662,3.138,-2.476,2.476
Mn_num,19,M7_TargetSpecific_Selected,HuberRegressor,0.626,0.5003,0.1257,0.1257
Mn_num,19,M7_TargetSpecific_Selected,HuberRegressor,0.493,0.7892,-0.2962,0.2962
Mn_num,19,M7_TargetSpecific_Selected,ExtraTrees,0.05,0.2458,-0.1958,0.1958
Mn_num,19,M7_TargetSpecific_Selected,ExtraTrees,0.133,0.115,0.018,0.018
Mn_num,19,M7_TargetSpecific_Selected,ExtraTrees,0.435,1.2661,-0.8311,0.8311
Mn_num,19,M7_TargetSpecific_Selected,ExtraTrees,1.53,0.5572,0.9728,0.9728
Mn_num,19,M7_TargetSpecific_Selected,ExtraTrees,0.131,0.4587,-0.3277,0.3277
Mn_num,19,M7_TargetSpecific_Selected,ExtraTrees,0.662,1.2662,-0.6042,0.6042
Mn_num,19,M7_TargetSpecific_Selected,ExtraTrees,0.626,0.7736,-0.1476,0.1476
Mn_num,19,M7_TargetSpecific_Selected,ExtraTrees,0.493,0.8715,-0.3785,0.3785
Mn_num,20,M1_Core,Ridge,0.323,0.84,-0.517,0.517
Mn_num,20,M1_Core,Ridge,0.085,0.7618,-0.6768,0.6768
Mn_num,20,M1_Core,Ridge,0.133,0.4253,-0.2923,0.2923
Mn_num,20,M1_Core,Ridge,0.691,0.8183,-0.1273,0.1273
Mn_num,20,M1_Core,Ridge,1.96,0.5644,1.3956,1.3956
Mn_num,20,M1_Core,Ridge,0.242,0.7309,-0.4889,0.4889
Mn_num,20,M1_Core,Ridge,0.179,0.9522,-0.7732,0.7732
Mn_num,20,M1_Core,Ridge,0.566,0.731,-0.165,0.165
Mn_num,20,M1_Core,HuberRegressor,0.323,0.5861,-0.2631,0.2631
Mn_num,20,M1_Core,HuberRegressor,0.085,0.5608,-0.4758,0.4758
Mn_num,20,M1_Core,HuberRegressor,0.133,0.4157,-0.2827,0.2827
Mn_num,20,M1_Core,HuberRegressor,0.691,0.5856,0.1054,0.1054
Mn_num,20,M1_Core,HuberRegressor,1.96,0.4312,1.5288,1.5288
Mn_num,20,M1_Core,HuberRegressor,0.242,0.5013,-0.2593,0.2593
Mn_num,20,M1_Core,HuberRegressor,0.179,0.7308,-0.5518,0.5518
Mn_num,20,M1_Core,HuberRegressor,0.566,0.5045,0.0615,0.0615
Mn_num,20,M1_Core,ExtraTrees,0.323,0.9696,-0.6466,0.6466
Mn_num,20,M1_Core,ExtraTrees,0.085,0.2746,-0.1896,0.1896
Mn_num,20,M1_Core,ExtraTrees,0.133,0.1224,0.0106,0.0106
Mn_num,20,M1_Core,ExtraTrees,0.691,0.8461,-0.1551,0.1551
Mn_num,20,M1_Core,ExtraTrees,1.96,0.2906,1.6694,1.6694
Mn_num,20,M1_Core,ExtraTrees,0.242,0.9023,-0.6603,0.6603
Mn_num,20,M1_Core,ExtraTrees,0.179,0.9291,-0.7501,0.7501
Mn_num,20,M1_Core,ExtraTrees,0.566,0.9188,-0.3528,0.3528
Mn_num,20,M7_TargetSpecific_Selected,Ridge,0.323,0.831,-0.508,0.508
Mn_num,20,M7_TargetSpecific_Selected,Ridge,0.085,0.5902,-0.5052,0.5052
Mn_num,20,M7_TargetSpecific_Selected,Ridge,0.133,0.1476,-0.0146,0.0146
Mn_num,20,M7_TargetSpecific_Selected,Ridge,0.691,0.6552,0.0358,0.0358
Mn_num,20,M7_TargetSpecific_Selected,Ridge,1.96,0.6585,1.3015,1.3015
Mn_num,20,M7_TargetSpecific_Selected,Ridge,0.242,0.761,-0.519,0.519
Mn_num,20,M7_TargetSpecific_Selected,Ridge,0.179,0.992,-0.813,0.813
Mn_num,20,M7_TargetSpecific_Selected,Ridge,0.566,0.8019,-0.2359,0.2359
Mn_num,20,M7_TargetSpecific_Selected,HuberRegressor,0.323,0.529,-0.206,0.206
Mn_num,20,M7_TargetSpecific_Selected,HuberRegressor,0.085,0.2934,-0.2084,0.2084
Mn_num,20,M7_TargetSpecific_Selected,HuberRegressor,0.133,0.1149,0.0181,0.0181
Mn_num,20,M7_TargetSpecific_Selected,HuberRegressor,0.691,0.4129,0.2781,0.2781
Mn_num,20,M7_TargetSpecific_Selected,HuberRegressor,1.96,0.5145,1.4455,1.4455
Mn_num,20,M7_TargetSpecific_Selected,HuberRegressor,0.242,0.5033,-0.2613,0.2613
Mn_num,20,M7_TargetSpecific_Selected,HuberRegressor,0.179,0.7218,-0.5428,0.5428
Mn_num,20,M7_TargetSpecific_Selected,HuberRegressor,0.566,0.547,0.019,0.019
Mn_num,20,M7_TargetSpecific_Selected,ExtraTrees,0.323,0.7372,-0.4142,0.4142
Mn_num,20,M7_TargetSpecific_Selected,ExtraTrees,0.085,0.3114,-0.2264,0.2264
Mn_num,20,M7_TargetSpecific_Selected,ExtraTrees,0.133,0.0556,0.0774,0.0774
Mn_num,20,M7_TargetSpecific_Selected,ExtraTrees,0.691,0.6383,0.0527,0.0527
Mn_num,20,M7_TargetSpecific_Selected,ExtraTrees,1.96,0.333,1.627,1.627
Mn_num,20,M7_TargetSpecific_Selected,ExtraTrees,0.242,0.8768,-0.6348,0.6348
Mn_num,20,M7_TargetSpecific_Selected,ExtraTrees,0.179,0.7955,-0.6165,0.6165
Mn_num,20,M7_TargetSpecific_Selected,ExtraTrees,0.566,0.9759,-0.4099,0.4099
Mn_num,21,M1_Core,Ridge,6.2,0.534,5.666,5.666
Mn_num,21,M1_Core,Ridge,0.212,0.0995,0.1125,0.1125
Mn_num,21,M1_Core,Ridge,0.478,0.6713,-0.1933,0.1933
Mn_num,21,M1_Core,Ridge,0.435,0.7444,-0.3094,0.3094
Mn_num,21,M1_Core,Ridge,0.131,0.4467,-0.3157,0.3157
Mn_num,21,M1_Core,Ridge,0.072,0.4819,-0.4099,0.4099
Mn_num,21,M1_Core,Ridge,2.54,1.0211,1.5189,1.5189
Mn_num,21,M1_Core,Ridge,0.626,0.5462,0.0798,0.0798
Mn_num,21,M1_Core,HuberRegressor,6.2,0.3872,5.8128,5.8128
Mn_num,21,M1_Core,HuberRegressor,0.212,0.0694,0.1426,0.1426
Mn_num,21,M1_Core,HuberRegressor,0.478,0.4913,-0.0133,0.0133
Mn_num,21,M1_Core,HuberRegressor,0.435,0.5411,-0.1061,0.1061
Mn_num,21,M1_Core,HuberRegressor,0.131,0.3773,-0.2463,0.2463
Mn_num,21,M1_Core,HuberRegressor,0.072,0.5534,-0.4814,0.4814
Mn_num,21,M1_Core,HuberRegressor,2.54,0.7609,1.7791,1.7791
Mn_num,21,M1_Core,HuberRegressor,0.626,0.4336,0.1924,0.1924
Mn_num,21,M1_Core,ExtraTrees,6.2,0.5445,5.6555,5.6555
Mn_num,21,M1_Core,ExtraTrees,0.212,0.127,0.085,0.085
Mn_num,21,M1_Core,ExtraTrees,0.478,0.5332,-0.0552,0.0552
Mn_num,21,M1_Core,ExtraTrees,0.435,1.6862,-1.2512,1.2512
Mn_num,21,M1_Core,ExtraTrees,0.131,0.6014,-0.4704,0.4704
Mn_num,21,M1_Core,ExtraTrees,0.072,0.8002,-0.7282,0.7282
Mn_num,21,M1_Core,ExtraTrees,2.54,0.8453,1.6947,1.6947
Mn_num,21,M1_Core,ExtraTrees,0.626,0.5775,0.0485,0.0485
Mn_num,21,M7_TargetSpecific_Selected,Ridge,6.2,0.4971,5.7029,5.7029
Mn_num,21,M7_TargetSpecific_Selected,Ridge,0.212,0.0119,0.2001,0.2001
Mn_num,21,M7_TargetSpecific_Selected,Ridge,0.478,0.8458,-0.3678,0.3678
Mn_num,21,M7_TargetSpecific_Selected,Ridge,0.435,0.6837,-0.2487,0.2487
Mn_num,21,M7_TargetSpecific_Selected,Ridge,0.131,0.4003,-0.2693,0.2693
Mn_num,21,M7_TargetSpecific_Selected,Ridge,0.072,0.6455,-0.5735,0.5735
Mn_num,21,M7_TargetSpecific_Selected,Ridge,2.54,0.9444,1.5956,1.5956
Mn_num,21,M7_TargetSpecific_Selected,Ridge,0.626,0.7286,-0.1026,0.1026
Mn_num,21,M7_TargetSpecific_Selected,HuberRegressor,6.2,0.4063,5.7937,5.7937
Mn_num,21,M7_TargetSpecific_Selected,HuberRegressor,0.212,0.0166,0.1954,0.1954
Mn_num,21,M7_TargetSpecific_Selected,HuberRegressor,0.478,0.6352,-0.1572,0.1572
Mn_num,21,M7_TargetSpecific_Selected,HuberRegressor,0.435,0.5158,-0.0808,0.0808
Mn_num,21,M7_TargetSpecific_Selected,HuberRegressor,0.131,0.3072,-0.1762,0.1762
Mn_num,21,M7_TargetSpecific_Selected,HuberRegressor,0.072,0.5514,-0.4794,0.4794
Mn_num,21,M7_TargetSpecific_Selected,HuberRegressor,2.54,0.7539,1.7861,1.7861
Mn_num,21,M7_TargetSpecific_Selected,HuberRegressor,0.626,0.5645,0.0615,0.0615
Mn_num,21,M7_TargetSpecific_Selected,ExtraTrees,6.2,0.5272,5.6728,5.6728
Mn_num,21,M7_TargetSpecific_Selected,ExtraTrees,0.212,0.1586,0.0534,0.0534
Mn_num,21,M7_TargetSpecific_Selected,ExtraTrees,0.478,0.7823,-0.3043,0.3043
Mn_num,21,M7_TargetSpecific_Selected,ExtraTrees,0.435,1.0291,-0.5941,0.5941
Mn_num,21,M7_TargetSpecific_Selected,ExtraTrees,0.131,0.615,-0.484,0.484
Mn_num,21,M7_TargetSpecific_Selected,ExtraTrees,0.072,0.6494,-0.5774,0.5774
Mn_num,21,M7_TargetSpecific_Selected,ExtraTrees,2.54,0.8884,1.6516,1.6516
Mn_num,21,M7_TargetSpecific_Selected,ExtraTrees,0.626,0.72,-0.094,0.094
Mn_num,22,M1_Core,Ridge,0.032,0.4942,-0.4622,0.4622
Mn_num,22,M1_Core,Ridge,0.142,0.4692,-0.3272,0.3272
Mn_num,22,M1_Core,Ridge,0.647,0.8159,-0.1689,0.1689
Mn_num,22,M1_Core,Ridge,0.469,0.6494,-0.1804,0.1804
Mn_num,22,M1_Core,Ridge,0.222,0.5896,-0.3676,0.3676
Mn_num,22,M1_Core,Ridge,1.53,0.4617,1.0683,1.0683
Mn_num,22,M1_Core,Ridge,0.846,1.509,-0.663,0.663
Mn_num,22,M1_Core,Ridge,2.27,0.8982,1.3718,1.3718
Mn_num,22,M1_Core,HuberRegressor,0.032,0.3576,-0.3256,0.3256
Mn_num,22,M1_Core,HuberRegressor,0.142,0.2719,-0.1299,0.1299
Mn_num,22,M1_Core,HuberRegressor,0.647,0.5783,0.0687,0.0687
Mn_num,22,M1_Core,HuberRegressor,0.469,0.4457,0.0233,0.0233
Mn_num,22,M1_Core,HuberRegressor,0.222,0.3663,-0.1443,0.1443
Mn_num,22,M1_Core,HuberRegressor,1.53,0.308,1.222,1.222
Mn_num,22,M1_Core,HuberRegressor,0.846,1.3235,-0.4775,0.4775
Mn_num,22,M1_Core,HuberRegressor,2.27,0.563,1.707,1.707
Mn_num,22,M1_Core,ExtraTrees,0.032,0.4731,-0.4411,0.4411
Mn_num,22,M1_Core,ExtraTrees,0.142,0.4419,-0.2999,0.2999
Mn_num,22,M1_Core,ExtraTrees,0.647,0.6997,-0.0527,0.0527
Mn_num,22,M1_Core,ExtraTrees,0.469,0.6363,-0.1673,0.1673
Mn_num,22,M1_Core,ExtraTrees,0.222,0.8696,-0.6476,0.6476
Mn_num,22,M1_Core,ExtraTrees,1.53,0.5015,1.0285,1.0285
Mn_num,22,M1_Core,ExtraTrees,0.846,0.959,-0.113,0.113
Mn_num,22,M1_Core,ExtraTrees,2.27,0.8176,1.4524,1.4524
Mn_num,22,M7_TargetSpecific_Selected,Ridge,0.032,0.5473,-0.5153,0.5153
Mn_num,22,M7_TargetSpecific_Selected,Ridge,0.142,0.4,-0.258,0.258
Mn_num,22,M7_TargetSpecific_Selected,Ridge,0.647,0.7868,-0.1398,0.1398
Mn_num,22,M7_TargetSpecific_Selected,Ridge,0.469,0.6551,-0.1861,0.1861
Mn_num,22,M7_TargetSpecific_Selected,Ridge,0.222,1.287,-1.065,1.065
Mn_num,22,M7_TargetSpecific_Selected,Ridge,1.53,0.3632,1.1668,1.1668
Mn_num,22,M7_TargetSpecific_Selected,Ridge,0.846,1.5362,-0.6902,0.6902
Mn_num,22,M7_TargetSpecific_Selected,Ridge,2.27,0.8199,1.4501,1.4501
Mn_num,22,M7_TargetSpecific_Selected,HuberRegressor,0.032,0.359,-0.327,0.327
Mn_num,22,M7_TargetSpecific_Selected,HuberRegressor,0.142,0.365,-0.223,0.223
Mn_num,22,M7_TargetSpecific_Selected,HuberRegressor,0.647,0.5585,0.0885,0.0885
Mn_num,22,M7_TargetSpecific_Selected,HuberRegressor,0.469,0.4826,-0.0136,0.0136
Mn_num,22,M7_TargetSpecific_Selected,HuberRegressor,0.222,0.5624,-0.3404,0.3404
Mn_num,22,M7_TargetSpecific_Selected,HuberRegressor,1.53,0.3236,1.2064,1.2064
Mn_num,22,M7_TargetSpecific_Selected,HuberRegressor,0.846,1.2339,-0.3879,0.3879
Mn_num,22,M7_TargetSpecific_Selected,HuberRegressor,2.27,0.6467,1.6233,1.6233
Mn_num,22,M7_TargetSpecific_Selected,ExtraTrees,0.032,0.465,-0.433,0.433
Mn_num,22,M7_TargetSpecific_Selected,ExtraTrees,0.142,0.3148,-0.1728,0.1728
Mn_num,22,M7_TargetSpecific_Selected,ExtraTrees,0.647,0.5458,0.1012,0.1012
Mn_num,22,M7_TargetSpecific_Selected,ExtraTrees,0.469,0.4523,0.0167,0.0167
Mn_num,22,M7_TargetSpecific_Selected,ExtraTrees,0.222,0.7801,-0.5581,0.5581
Mn_num,22,M7_TargetSpecific_Selected,ExtraTrees,1.53,0.4843,1.0457,1.0457
Mn_num,22,M7_TargetSpecific_Selected,ExtraTrees,0.846,1.3308,-0.4848,0.4848
Mn_num,22,M7_TargetSpecific_Selected,ExtraTrees,2.27,0.5826,1.6874,1.6874
Mn_num,23,M1_Core,Ridge,0.05,0.0,0.05,0.05
Mn_num,23,M1_Core,Ridge,0.008,0.3087,-0.3007,0.3007
Mn_num,23,M1_Core,Ridge,0.662,1.8611,-1.1991,1.1991
Mn_num,23,M1_Core,Ridge,0.766,1.8801,-1.1141,1.1141
Mn_num,23,M1_Core,Ridge,0.492,1.3658,-0.8738,0.8738
Mn_num,23,M1_Core,Ridge,0.648,0.5483,0.0997,0.0997
Mn_num,23,M1_Core,Ridge,0.602,1.0445,-0.4425,0.4425
Mn_num,23,M1_Core,Ridge,0.493,0.7495,-0.2565,0.2565
Mn_num,23,M1_Core,HuberRegressor,0.05,0.0611,-0.0111,0.0111
Mn_num,23,M1_Core,HuberRegressor,0.008,0.1148,-0.1068,0.1068
Mn_num,23,M1_Core,HuberRegressor,0.662,1.6808,-1.0188,1.0188
Mn_num,23,M1_Core,HuberRegressor,0.766,2.2874,-1.5214,1.5214
Mn_num,23,M1_Core,HuberRegressor,0.492,1.3833,-0.8913,0.8913
Mn_num,23,M1_Core,HuberRegressor,0.648,0.4333,0.2147,0.2147
Mn_num,23,M1_Core,HuberRegressor,0.602,1.2485,-0.6465,0.6465
Mn_num,23,M1_Core,HuberRegressor,0.493,0.8241,-0.3311,0.3311
Mn_num,23,M1_Core,ExtraTrees,0.05,0.2683,-0.2183,0.2183
Mn_num,23,M1_Core,ExtraTrees,0.008,0.4473,-0.4393,0.4393
Mn_num,23,M1_Core,ExtraTrees,0.662,1.9953,-1.3333,1.3333
Mn_num,23,M1_Core,ExtraTrees,0.766,1.1039,-0.3379,0.3379
Mn_num,23,M1_Core,ExtraTrees,0.492,1.1209,-0.6289,0.6289
Mn_num,23,M1_Core,ExtraTrees,0.648,0.5934,0.0546,0.0546
Mn_num,23,M1_Core,ExtraTrees,0.602,1.234,-0.632,0.632
Mn_num,23,M1_Core,ExtraTrees,0.493,0.9839,-0.4909,0.4909
Mn_num,23,M7_TargetSpecific_Selected,Ridge,0.05,0.0,0.05,0.05
Mn_num,23,M7_TargetSpecific_Selected,Ridge,0.008,0.0,0.008,0.008
Mn_num,23,M7_TargetSpecific_Selected,Ridge,0.662,3.0129,-2.3509,2.3509
Mn_num,23,M7_TargetSpecific_Selected,Ridge,0.766,2.1225,-1.3565,1.3565
Mn_num,23,M7_TargetSpecific_Selected,Ridge,0.492,1.528,-1.036,1.036
Mn_num,23,M7_TargetSpecific_Selected,Ridge,0.648,0.676,-0.028,0.028
Mn_num,23,M7_TargetSpecific_Selected,Ridge,0.602,0.9877,-0.3857,0.3857
Mn_num,23,M7_TargetSpecific_Selected,Ridge,0.493,0.9106,-0.4176,0.4176
Mn_num,23,M7_TargetSpecific_Selected,HuberRegressor,0.05,0.0,0.05,0.05
Mn_num,23,M7_TargetSpecific_Selected,HuberRegressor,0.008,0.0,0.008,0.008
Mn_num,23,M7_TargetSpecific_Selected,HuberRegressor,0.662,4.5811,-3.9191,3.9191
Mn_num,23,M7_TargetSpecific_Selected,HuberRegressor,0.766,2.1218,-1.3558,1.3558
Mn_num,23,M7_TargetSpecific_Selected,HuberRegressor,0.492,1.4587,-0.9667,0.9667
Mn_num,23,M7_TargetSpecific_Selected,HuberRegressor,0.648,0.5599,0.0881,0.0881
Mn_num,23,M7_TargetSpecific_Selected,HuberRegressor,0.602,1.0873,-0.4853,0.4853
Mn_num,23,M7_TargetSpecific_Selected,HuberRegressor,0.493,1.1873,-0.6943,0.6943
Mn_num,23,M7_TargetSpecific_Selected,ExtraTrees,0.05,0.296,-0.246,0.246
Mn_num,23,M7_TargetSpecific_Selected,ExtraTrees,0.008,0.2325,-0.2245,0.2245
Mn_num,23,M7_TargetSpecific_Selected,ExtraTrees,0.662,1.7409,-1.0789,1.0789
Mn_num,23,M7_TargetSpecific_Selected,ExtraTrees,0.766,1.6518,-0.8858,0.8858
Mn_num,23,M7_TargetSpecific_Selected,ExtraTrees,0.492,1.5101,-1.0181,1.0181
Mn_num,23,M7_TargetSpecific_Selected,ExtraTrees,0.648,0.635,0.013,0.013
Mn_num,23,M7_TargetSpecific_Selected,ExtraTrees,0.602,1.2985,-0.6965,0.6965
Mn_num,23,M7_TargetSpecific_Selected,ExtraTrees,0.493,1.1436,-0.6506,0.6506
Mn_num,24,M1_Core,Ridge,0.029,0.0,0.029,0.029
Mn_num,24,M1_Core,Ridge,1.48,0.5719,0.9081,0.9081
Mn_num,24,M1_Core,Ridge,0.067,0.5771,-0.5101,0.5101
Mn_num,24,M1_Core,Ridge,0.381,0.6142,-0.2332,0.2332
Mn_num,24,M1_Core,Ridge,0.103,0.6041,-0.5011,0.5011
Mn_num,24,M1_Core,Ridge,1.28,0.0,1.28,1.28
Mn_num,24,M1_Core,Ridge,1.5,0.482,1.018,1.018
Mn_num,24,M1_Core,Ridge,2.21,0.894,1.316,1.316
Mn_num,24,M1_Core,HuberRegressor,0.029,0.0,0.029,0.029
Mn_num,24,M1_Core,HuberRegressor,1.48,0.4707,1.0093,1.0093
Mn_num,24,M1_Core,HuberRegressor,0.067,0.4535,-0.3865,0.3865
Mn_num,24,M1_Core,HuberRegressor,0.381,0.3294,0.0516,0.0516
Mn_num,24,M1_Core,HuberRegressor,0.103,0.4058,-0.3028,0.3028
Mn_num,24,M1_Core,HuberRegressor,1.28,0.2261,1.0539,1.0539
Mn_num,24,M1_Core,HuberRegressor,1.5,0.5045,0.9955,0.9955
Mn_num,24,M1_Core,HuberRegressor,2.21,0.763,1.447,1.447
Mn_num,24,M1_Core,ExtraTrees,0.029,0.156,-0.127,0.127
Mn_num,24,M1_Core,ExtraTrees,1.48,0.7225,0.7575,0.7575
Mn_num,24,M1_Core,ExtraTrees,0.067,0.714,-0.647,0.647
Mn_num,24,M1_Core,ExtraTrees,0.381,0.8954,-0.5144,0.5144
Mn_num,24,M1_Core,ExtraTrees,0.103,0.6742,-0.5712,0.5712
Mn_num,24,M1_Core,ExtraTrees,1.28,0.5231,0.7569,0.7569
Mn_num,24,M1_Core,ExtraTrees,1.5,0.6147,0.8853,0.8853
Mn_num,24,M1_Core,ExtraTrees,2.21,0.5404,1.6696,1.6696
Mn_num,24,M7_TargetSpecific_Selected,Ridge,0.029,0.0913,-0.0623,0.0623
Mn_num,24,M7_TargetSpecific_Selected,Ridge,1.48,0.2934,1.1866,1.1866
Mn_num,24,M7_TargetSpecific_Selected,Ridge,0.067,0.6359,-0.5689,0.5689
Mn_num,24,M7_TargetSpecific_Selected,Ridge,0.381,0.6081,-0.2271,0.2271
Mn_num,24,M7_TargetSpecific_Selected,Ridge,0.103,0.6756,-0.5726,0.5726
Mn_num,24,M7_TargetSpecific_Selected,Ridge,1.28,0.0,1.28,1.28
Mn_num,24,M7_TargetSpecific_Selected,Ridge,1.5,0.5681,0.9319,0.9319
Mn_num,24,M7_TargetSpecific_Selected,Ridge,2.21,0.9677,1.2423,1.2423
Mn_num,24,M7_TargetSpecific_Selected,HuberRegressor,0.029,0.3998,-0.3708,0.3708
Mn_num,24,M7_TargetSpecific_Selected,HuberRegressor,1.48,0.0,1.48,1.48
Mn_num,24,M7_TargetSpecific_Selected,HuberRegressor,0.067,0.3125,-0.2455,0.2455
Mn_num,24,M7_TargetSpecific_Selected,HuberRegressor,0.381,1.0919,-0.7109,0.7109
Mn_num,24,M7_TargetSpecific_Selected,HuberRegressor,0.103,0.7785,-0.6755,0.6755
Mn_num,24,M7_TargetSpecific_Selected,HuberRegressor,1.28,0.0372,1.2428,1.2428
Mn_num,24,M7_TargetSpecific_Selected,HuberRegressor,1.5,0.4505,1.0495,1.0495
Mn_num,24,M7_TargetSpecific_Selected,HuberRegressor,2.21,0.8053,1.4047,1.4047
Mn_num,24,M7_TargetSpecific_Selected,ExtraTrees,0.029,0.1971,-0.1681,0.1681
Mn_num,24,M7_TargetSpecific_Selected,ExtraTrees,1.48,0.4573,1.0227,1.0227
Mn_num,24,M7_TargetSpecific_Selected,ExtraTrees,0.067,0.6795,-0.6125,0.6125
Mn_num,24,M7_TargetSpecific_Selected,ExtraTrees,0.381,0.5593,-0.1783,0.1783
Mn_num,24,M7_TargetSpecific_Selected,ExtraTrees,0.103,0.5324,-0.4294,0.4294
Mn_num,24,M7_TargetSpecific_Selected,ExtraTrees,1.28,0.5092,0.7708,0.7708
Mn_num,24,M7_TargetSpecific_Selected,ExtraTrees,1.5,0.6495,0.8505,0.8505
Mn_num,24,M7_TargetSpecific_Selected,ExtraTrees,2.21,0.5815,1.6285,1.6285
Pb_num,0,M1_Core,Ridge,0.65,0.9397,-0.2897,0.2897
Pb_num,0,M1_Core,Ridge,0.35,0.4937,-0.1437,0.1437
Pb_num,0,M1_Core,Ridge,0.8,1.0183,-0.2183,0.2183
Pb_num,0,M1_Core,Ridge,0.96,0.6728,0.2872,0.2872
Pb_num,0,M1_Core,Ridge,0.48,0.9574,-0.4774,0.4774
Pb_num,0,M1_Core,Ridge,0.23,0.0,0.23,0.23
Pb_num,0,M1_Core,Ridge,0.19,0.301,-0.111,0.111
Pb_num,0,M1_Core,Ridge,0.19,0.3746,-0.1846,0.1846
Pb_num,0,M1_Core,HuberRegressor,0.65,0.937,-0.287,0.287
Pb_num,0,M1_Core,HuberRegressor,0.35,0.4537,-0.1037,0.1037
Pb_num,0,M1_Core,HuberRegressor,0.8,0.9463,-0.1463,0.1463
Pb_num,0,M1_Core,HuberRegressor,0.96,0.5791,0.3809,0.3809
Pb_num,0,M1_Core,HuberRegressor,0.48,0.8137,-0.3337,0.3337
Pb_num,0,M1_Core,HuberRegressor,0.23,0.0,0.23,0.23
Pb_num,0,M1_Core,HuberRegressor,0.19,0.3263,-0.1363,0.1363
Pb_num,0,M1_Core,HuberRegressor,0.19,0.3451,-0.1551,0.1551
Pb_num,0,M1_Core,ExtraTrees,0.65,1.1192,-0.4692,0.4692
Pb_num,0,M1_Core,ExtraTrees,0.35,0.5368,-0.1868,0.1868
Pb_num,0,M1_Core,ExtraTrees,0.8,1.1037,-0.3037,0.3037
Pb_num,0,M1_Core,ExtraTrees,0.96,0.5381,0.4219,0.4219
Pb_num,0,M1_Core,ExtraTrees,0.48,0.5721,-0.0921,0.0921
Pb_num,0,M1_Core,ExtraTrees,0.23,0.2503,-0.0203,0.0203
Pb_num,0,M1_Core,ExtraTrees,0.19,0.3603,-0.1703,0.1703
Pb_num,0,M1_Core,ExtraTrees,0.19,0.3132,-0.1232,0.1232
Pb_num,0,M7_TargetSpecific_Selected,Ridge,0.65,0.7122,-0.0622,0.0622
Pb_num,0,M7_TargetSpecific_Selected,Ridge,0.35,2.9781,-2.6281,2.6281
Pb_num,0,M7_TargetSpecific_Selected,Ridge,0.8,1.11,-0.31,0.31
Pb_num,0,M7_TargetSpecific_Selected,Ridge,0.96,0.428,0.532,0.532
Pb_num,0,M7_TargetSpecific_Selected,Ridge,0.48,0.9679,-0.4879,0.4879
Pb_num,0,M7_TargetSpecific_Selected,Ridge,0.23,0.0,0.23,0.23
Pb_num,0,M7_TargetSpecific_Selected,Ridge,0.19,0.6299,-0.4399,0.4399
Pb_num,0,M7_TargetSpecific_Selected,Ridge,0.19,0.1917,-0.0017,0.0017
Pb_num,0,M7_TargetSpecific_Selected,HuberRegressor,0.65,0.7437,-0.0937,0.0937
Pb_num,0,M7_TargetSpecific_Selected,HuberRegressor,0.35,4.3641,-4.0141,4.0141
Pb_num,0,M7_TargetSpecific_Selected,HuberRegressor,0.8,1.193,-0.393,0.393
Pb_num,0,M7_TargetSpecific_Selected,HuberRegressor,0.96,0.4149,0.5451,0.5451
Pb_num,0,M7_TargetSpecific_Selected,HuberRegressor,0.48,0.9976,-0.5176,0.5176
Pb_num,0,M7_TargetSpecific_Selected,HuberRegressor,0.23,0.0,0.23,0.23
Pb_num,0,M7_TargetSpecific_Selected,HuberRegressor,0.19,0.8018,-0.6118,0.6118
Pb_num,0,M7_TargetSpecific_Selected,HuberRegressor,0.19,0.1648,0.0252,0.0252
Pb_num,0,M7_TargetSpecific_Selected,ExtraTrees,0.65,0.9636,-0.3136,0.3136
Pb_num,0,M7_TargetSpecific_Selected,ExtraTrees,0.35,0.6711,-0.3211,0.3211
Pb_num,0,M7_TargetSpecific_Selected,ExtraTrees,0.8,1.0193,-0.2193,0.2193
Pb_num,0,M7_TargetSpecific_Selected,ExtraTrees,0.96,0.5154,0.4446,0.4446
Pb_num,0,M7_TargetSpecific_Selected,ExtraTrees,0.48,0.7769,-0.2969,0.2969
Pb_num,0,M7_TargetSpecific_Selected,ExtraTrees,0.23,0.2562,-0.0262,0.0262
Pb_num,0,M7_TargetSpecific_Selected,ExtraTrees,0.19,0.4356,-0.2456,0.2456
Pb_num,0,M7_TargetSpecific_Selected,ExtraTrees,0.19,0.3084,-0.1184,0.1184
Pb_num,1,M1_Core,Ridge,2.37,0.5655,1.8045,1.8045
Pb_num,1,M1_Core,Ridge,0.16,0.7696,-0.6096,0.6096
Pb_num,1,M1_Core,Ridge,0.24,0.5428,-0.3028,0.3028
Pb_num,1,M1_Core,Ridge,0.71,1.2325,-0.5225,0.5225
Pb_num,1,M1_Core,Ridge,0.27,0.0595,0.2105,0.2105
Pb_num,1,M1_Core,Ridge,0.16,0.5422,-0.3822,0.3822
Pb_num,1,M1_Core,Ridge,0.88,0.5613,0.3187,0.3187
Pb_num,1,M1_Core,Ridge,0.47,0.3103,0.1597,0.1597
Pb_num,1,M1_Core,HuberRegressor,2.37,0.5326,1.8374,1.8374
Pb_num,1,M1_Core,HuberRegressor,0.16,0.6549,-0.4949,0.4949
Pb_num,1,M1_Core,HuberRegressor,0.24,0.5066,-0.2666,0.2666
Pb_num,1,M1_Core,HuberRegressor,0.71,0.8567,-0.1467,0.1467
Pb_num,1,M1_Core,HuberRegressor,0.27,0.0665,0.2035,0.2035
Pb_num,1,M1_Core,HuberRegressor,0.16,0.4587,-0.2987,0.2987
Pb_num,1,M1_Core,HuberRegressor,0.88,0.4937,0.3863,0.3863
Pb_num,1,M1_Core,HuberRegressor,0.47,0.3708,0.0992,0.0992
Pb_num,1,M1_Core,ExtraTrees,2.37,1.1834,1.1866,1.1866
Pb_num,1,M1_Core,ExtraTrees,0.16,0.7842,-0.6242,0.6242
Pb_num,1,M1_Core,ExtraTrees,0.24,0.559,-0.319,0.319
Pb_num,1,M1_Core,ExtraTrees,0.71,1.4698,-0.7598,0.7598
Pb_num,1,M1_Core,ExtraTrees,0.27,0.2104,0.0596,0.0596
Pb_num,1,M1_Core,ExtraTrees,0.16,0.368,-0.208,0.208
Pb_num,1,M1_Core,ExtraTrees,0.88,0.4975,0.3825,0.3825
Pb_num,1,M1_Core,ExtraTrees,0.47,0.4853,-0.0153,0.0153
Pb_num,1,M7_TargetSpecific_Selected,Ridge,2.37,1.1136,1.2564,1.2564
Pb_num,1,M7_TargetSpecific_Selected,Ridge,0.16,0.6537,-0.4937,0.4937
Pb_num,1,M7_TargetSpecific_Selected,Ridge,0.24,0.7155,-0.4755,0.4755
Pb_num,1,M7_TargetSpecific_Selected,Ridge,0.71,1.4129,-0.7029,0.7029
Pb_num,1,M7_TargetSpecific_Selected,Ridge,0.27,0.1189,0.1511,0.1511
Pb_num,1,M7_TargetSpecific_Selected,Ridge,0.16,0.5358,-0.3758,0.3758
Pb_num,1,M7_TargetSpecific_Selected,Ridge,0.88,0.3798,0.5002,0.5002
Pb_num,1,M7_TargetSpecific_Selected,Ridge,0.47,0.2323,0.2377,0.2377
Pb_num,1,M7_TargetSpecific_Selected,HuberRegressor,2.37,0.8907,1.4793,1.4793
Pb_num,1,M7_TargetSpecific_Selected,HuberRegressor,0.16,0.6383,-0.4783,0.4783
Pb_num,1,M7_TargetSpecific_Selected,HuberRegressor,0.24,0.7437,-0.5037,0.5037
Pb_num,1,M7_TargetSpecific_Selected,HuberRegressor,0.71,1.1966,-0.4866,0.4866
Pb_num,1,M7_TargetSpecific_Selected,HuberRegressor,0.27,0.141,0.129,0.129
Pb_num,1,M7_TargetSpecific_Selected,HuberRegressor,0.16,0.4385,-0.2785,0.2785
Pb_num,1,M7_TargetSpecific_Selected,HuberRegressor,0.88,0.3844,0.4956,0.4956
Pb_num,1,M7_TargetSpecific_Selected,HuberRegressor,0.47,0.3489,0.1211,0.1211
Pb_num,1,M7_TargetSpecific_Selected,ExtraTrees,2.37,1.0743,1.2957,1.2957
Pb_num,1,M7_TargetSpecific_Selected,ExtraTrees,0.16,0.6304,-0.4704,0.4704
Pb_num,1,M7_TargetSpecific_Selected,ExtraTrees,0.24,0.5676,-0.3276,0.3276
Pb_num,1,M7_TargetSpecific_Selected,ExtraTrees,0.71,2.7782,-2.0682,2.0682
Pb_num,1,M7_TargetSpecific_Selected,ExtraTrees,0.27,0.2358,0.0342,0.0342
Pb_num,1,M7_TargetSpecific_Selected,ExtraTrees,0.16,0.4188,-0.2588,0.2588
Pb_num,1,M7_TargetSpecific_Selected,ExtraTrees,0.88,0.4764,0.4036,0.4036
Pb_num,1,M7_TargetSpecific_Selected,ExtraTrees,0.47,0.4239,0.0461,0.0461
Pb_num,2,M1_Core,Ridge,2.58,1.9844,0.5956,0.5956
Pb_num,2,M1_Core,Ridge,0.5,0.5775,-0.0775,0.0775
Pb_num,2,M1_Core,Ridge,1.23,3.5234,-2.2934,2.2934
Pb_num,2,M1_Core,Ridge,7.58,2.1374,5.4426,5.4426
Pb_num,2,M1_Core,Ridge,1.06,0.4806,0.5794,0.5794
Pb_num,2,M1_Core,Ridge,0.34,0.5293,-0.1893,0.1893
Pb_num,2,M1_Core,Ridge,0.2,0.1278,0.0722,0.0722
Pb_num,2,M1_Core,Ridge,0.39,0.5334,-0.1434,0.1434
Pb_num,2,M1_Core,HuberRegressor,2.58,1.3591,1.2209,1.2209
Pb_num,2,M1_Core,HuberRegressor,0.5,0.4588,0.0412,0.0412
Pb_num,2,M1_Core,HuberRegressor,1.23,2.3551,-1.1251,1.1251
Pb_num,2,M1_Core,HuberRegressor,7.58,1.4892,6.0908,6.0908
Pb_num,2,M1_Core,HuberRegressor,1.06,0.3995,0.6605,0.6605
Pb_num,2,M1_Core,HuberRegressor,0.34,0.4377,-0.0977,0.0977
Pb_num,2,M1_Core,HuberRegressor,0.2,0.1338,0.0662,0.0662
Pb_num,2,M1_Core,HuberRegressor,0.39,0.4193,-0.0293,0.0293
Pb_num,2,M1_Core,ExtraTrees,2.58,0.946,1.634,1.634
Pb_num,2,M1_Core,ExtraTrees,0.5,0.5701,-0.0701,0.0701
Pb_num,2,M1_Core,ExtraTrees,1.23,0.7781,0.4519,0.4519
Pb_num,2,M1_Core,ExtraTrees,7.58,0.8687,6.7113,6.7113
Pb_num,2,M1_Core,ExtraTrees,1.06,0.6034,0.4566,0.4566
Pb_num,2,M1_Core,ExtraTrees,0.34,0.2821,0.0579,0.0579
Pb_num,2,M1_Core,ExtraTrees,0.2,0.2515,-0.0515,0.0515
Pb_num,2,M1_Core,ExtraTrees,0.39,0.5093,-0.1193,0.1193
Pb_num,2,M7_TargetSpecific_Selected,Ridge,2.58,1.9029,0.6771,0.6771
Pb_num,2,M7_TargetSpecific_Selected,Ridge,0.5,0.5609,-0.0609,0.0609
Pb_num,2,M7_TargetSpecific_Selected,Ridge,1.23,2.6018,-1.3718,1.3718
Pb_num,2,M7_TargetSpecific_Selected,Ridge,7.58,1.8584,5.7216,5.7216
Pb_num,2,M7_TargetSpecific_Selected,Ridge,1.06,0.6181,0.4419,0.4419
Pb_num,2,M7_TargetSpecific_Selected,Ridge,0.34,0.5131,-0.1731,0.1731
Pb_num,2,M7_TargetSpecific_Selected,Ridge,0.2,0.1519,0.0481,0.0481
Pb_num,2,M7_TargetSpecific_Selected,Ridge,0.39,0.4555,-0.0655,0.0655
Pb_num,2,M7_TargetSpecific_Selected,HuberRegressor,2.58,1.6285,0.9515,0.9515
Pb_num,2,M7_TargetSpecific_Selected,HuberRegressor,0.5,0.3561,0.1439,0.1439
Pb_num,2,M7_TargetSpecific_Selected,HuberRegressor,1.23,1.9744,-0.7444,0.7444
Pb_num,2,M7_TargetSpecific_Selected,HuberRegressor,7.58,1.5115,6.0685,6.0685
Pb_num,2,M7_TargetSpecific_Selected,HuberRegressor,1.06,0.6845,0.3755,0.3755
Pb_num,2,M7_TargetSpecific_Selected,HuberRegressor,0.34,0.4961,-0.1561,0.1561
Pb_num,2,M7_TargetSpecific_Selected,HuberRegressor,0.2,0.0995,0.1005,0.1005
Pb_num,2,M7_TargetSpecific_Selected,HuberRegressor,0.39,0.305,0.085,0.085
Pb_num,2,M7_TargetSpecific_Selected,ExtraTrees,2.58,0.8317,1.7483,1.7483
Pb_num,2,M7_TargetSpecific_Selected,ExtraTrees,0.5,0.5847,-0.0847,0.0847
Pb_num,2,M7_TargetSpecific_Selected,ExtraTrees,1.23,0.767,0.463,0.463
Pb_num,2,M7_TargetSpecific_Selected,ExtraTrees,7.58,0.8075,6.7725,6.7725
Pb_num,2,M7_TargetSpecific_Selected,ExtraTrees,1.06,0.4951,0.5649,0.5649
Pb_num,2,M7_TargetSpecific_Selected,ExtraTrees,0.34,0.3123,0.0277,0.0277
Pb_num,2,M7_TargetSpecific_Selected,ExtraTrees,0.2,0.2858,-0.0858,0.0858
Pb_num,2,M7_TargetSpecific_Selected,ExtraTrees,0.39,0.5404,-0.1504,0.1504
Pb_num,3,M1_Core,Ridge,2.84,0.9664,1.8736,1.8736
Pb_num,3,M1_Core,Ridge,0.78,0.6667,0.1133,0.1133
Pb_num,3,M1_Core,Ridge,0.39,1.047,-0.657,0.657
Pb_num,3,M1_Core,Ridge,0.2,0.6773,-0.4773,0.4773
Pb_num,3,M1_Core,Ridge,0.21,0.2712,-0.0612,0.0612
Pb_num,3,M1_Core,Ridge,0.72,0.3671,0.3529,0.3529
Pb_num,3,M1_Core,Ridge,0.17,0.4903,-0.3203,0.3203
Pb_num,3,M1_Core,Ridge,0.17,0.2133,-0.0433,0.0433
Pb_num,3,M1_Core,HuberRegressor,2.84,0.8764,1.9636,1.9636
Pb_num,3,M1_Core,HuberRegressor,0.78,0.6944,0.0856,0.0856
Pb_num,3,M1_Core,HuberRegressor,0.39,1.0044,-0.6144,0.6144
Pb_num,3,M1_Core,HuberRegressor,0.2,0.5623,-0.3623,0.3623
Pb_num,3,M1_Core,HuberRegressor,0.21,0.2628,-0.0528,0.0528
Pb_num,3,M1_Core,HuberRegressor,0.72,0.3468,0.3732,0.3732
Pb_num,3,M1_Core,HuberRegressor,0.17,0.4376,-0.2676,0.2676
Pb_num,3,M1_Core,HuberRegressor,0.17,0.202,-0.032,0.032
Pb_num,3,M1_Core,ExtraTrees,2.84,0.7977,2.0423,2.0423
Pb_num,3,M1_Core,ExtraTrees,0.78,0.8902,-0.1102,0.1102
Pb_num,3,M1_Core,ExtraTrees,0.39,0.7756,-0.3856,0.3856
Pb_num,3,M1_Core,ExtraTrees,0.2,0.5761,-0.3761,0.3761
Pb_num,3,M1_Core,ExtraTrees,0.21,0.2628,-0.0528,0.0528
Pb_num,3,M1_Core,ExtraTrees,0.72,0.3744,0.3456,0.3456
Pb_num,3,M1_Core,ExtraTrees,0.17,0.2676,-0.0976,0.0976
Pb_num,3,M1_Core,ExtraTrees,0.17,0.2645,-0.0945,0.0945
Pb_num,3,M7_TargetSpecific_Selected,Ridge,2.84,0.9892,1.8508,1.8508
Pb_num,3,M7_TargetSpecific_Selected,Ridge,0.78,0.9034,-0.1234,0.1234
Pb_num,3,M7_TargetSpecific_Selected,Ridge,0.39,1.0115,-0.6215,0.6215
Pb_num,3,M7_TargetSpecific_Selected,Ridge,0.2,0.638,-0.438,0.438
Pb_num,3,M7_TargetSpecific_Selected,Ridge,0.21,0.3997,-0.1897,0.1897
Pb_num,3,M7_TargetSpecific_Selected,Ridge,0.72,0.3487,0.3713,0.3713
Pb_num,3,M7_TargetSpecific_Selected,Ridge,0.17,0.3148,-0.1448,0.1448
Pb_num,3,M7_TargetSpecific_Selected,Ridge,0.17,0.2319,-0.0619,0.0619
Pb_num,3,M7_TargetSpecific_Selected,HuberRegressor,2.84,0.8176,2.0224,2.0224
Pb_num,3,M7_TargetSpecific_Selected,HuberRegressor,0.78,0.815,-0.035,0.035
Pb_num,3,M7_TargetSpecific_Selected,HuberRegressor,0.39,0.9325,-0.5425,0.5425
Pb_num,3,M7_TargetSpecific_Selected,HuberRegressor,0.2,0.6882,-0.4882,0.4882
Pb_num,3,M7_TargetSpecific_Selected,HuberRegressor,0.21,0.3026,-0.0926,0.0926
Pb_num,3,M7_TargetSpecific_Selected,HuberRegressor,0.72,0.2873,0.4327,0.4327
Pb_num,3,M7_TargetSpecific_Selected,HuberRegressor,0.17,0.2922,-0.1222,0.1222
Pb_num,3,M7_TargetSpecific_Selected,HuberRegressor,0.17,0.1858,-0.0158,0.0158
Pb_num,3,M7_TargetSpecific_Selected,ExtraTrees,2.84,0.6388,2.2012,2.2012
Pb_num,3,M7_TargetSpecific_Selected,ExtraTrees,0.78,0.7191,0.0609,0.0609
Pb_num,3,M7_TargetSpecific_Selected,ExtraTrees,0.39,0.7378,-0.3478,0.3478
Pb_num,3,M7_TargetSpecific_Selected,ExtraTrees,0.2,0.454,-0.254,0.254
Pb_num,3,M7_TargetSpecific_Selected,ExtraTrees,0.21,0.4122,-0.2022,0.2022
Pb_num,3,M7_TargetSpecific_Selected,ExtraTrees,0.72,0.4274,0.2926,0.2926
Pb_num,3,M7_TargetSpecific_Selected,ExtraTrees,0.17,0.3478,-0.1778,0.1778
Pb_num,3,M7_TargetSpecific_Selected,ExtraTrees,0.17,0.279,-0.109,0.109
Pb_num,4,M1_Core,Ridge,0.97,0.5387,0.4313,0.4313
Pb_num,4,M1_Core,Ridge,0.33,0.5489,-0.2189,0.2189
Pb_num,4,M1_Core,Ridge,1.31,0.6452,0.6648,0.6648
Pb_num,4,M1_Core,Ridge,0.34,0.5706,-0.2306,0.2306
Pb_num,4,M1_Core,Ridge,0.23,0.6153,-0.3853,0.3853
Pb_num,4,M1_Core,Ridge,0.58,0.5994,-0.0194,0.0194
Pb_num,4,M1_Core,Ridge,0.26,0.1933,0.0667,0.0667
Pb_num,4,M1_Core,Ridge,0.71,0.4558,0.2542,0.2542
Pb_num,4,M1_Core,HuberRegressor,0.97,0.4025,0.5675,0.5675
Pb_num,4,M1_Core,HuberRegressor,0.33,0.3921,-0.0621,0.0621
Pb_num,4,M1_Core,HuberRegressor,1.31,0.4416,0.8684,0.8684
Pb_num,4,M1_Core,HuberRegressor,0.34,0.4195,-0.0795,0.0795
Pb_num,4,M1_Core,HuberRegressor,0.23,0.4341,-0.2041,0.2041
Pb_num,4,M1_Core,HuberRegressor,0.58,0.4384,0.1416,0.1416
Pb_num,4,M1_Core,HuberRegressor,0.26,0.2295,0.0305,0.0305
Pb_num,4,M1_Core,HuberRegressor,0.71,0.3693,0.3407,0.3407
Pb_num,4,M1_Core,ExtraTrees,0.97,0.4615,0.5085,0.5085
Pb_num,4,M1_Core,ExtraTrees,0.33,0.5113,-0.1813,0.1813
Pb_num,4,M1_Core,ExtraTrees,1.31,0.4816,0.8284,0.8284
Pb_num,4,M1_Core,ExtraTrees,0.34,0.488,-0.148,0.148
Pb_num,4,M1_Core,ExtraTrees,0.23,0.4979,-0.2679,0.2679
Pb_num,4,M1_Core,ExtraTrees,0.58,0.4807,0.0993,0.0993
Pb_num,4,M1_Core,ExtraTrees,0.26,0.2887,-0.0287,0.0287
Pb_num,4,M1_Core,ExtraTrees,0.71,0.5336,0.1764,0.1764
Pb_num,4,M7_TargetSpecific_Selected,Ridge,0.97,0.5028,0.4672,0.4672
Pb_num,4,M7_TargetSpecific_Selected,Ridge,0.33,0.8537,-0.5237,0.5237
Pb_num,4,M7_TargetSpecific_Selected,Ridge,1.31,0.6956,0.6144,0.6144
Pb_num,4,M7_TargetSpecific_Selected,Ridge,0.34,0.3811,-0.0411,0.0411
Pb_num,4,M7_TargetSpecific_Selected,Ridge,0.23,0.396,-0.166,0.166
Pb_num,4,M7_TargetSpecific_Selected,Ridge,0.58,0.4545,0.1255,0.1255
Pb_num,4,M7_TargetSpecific_Selected,Ridge,0.26,0.2869,-0.0269,0.0269
Pb_num,4,M7_TargetSpecific_Selected,Ridge,0.71,0.451,0.259,0.259
Pb_num,4,M7_TargetSpecific_Selected,HuberRegressor,0.97,0.4774,0.4926,0.4926
Pb_num,4,M7_TargetSpecific_Selected,HuberRegressor,0.33,0.7858,-0.4558,0.4558
Pb_num,4,M7_TargetSpecific_Selected,HuberRegressor,1.31,0.4892,0.8208,0.8208
Pb_num,4,M7_TargetSpecific_Selected,HuberRegressor,0.34,0.3772,-0.0372,0.0372
Pb_num,4,M7_TargetSpecific_Selected,HuberRegressor,0.23,0.3733,-0.1433,0.1433
Pb_num,4,M7_TargetSpecific_Selected,HuberRegressor,0.58,0.4919,0.0881,0.0881
Pb_num,4,M7_TargetSpecific_Selected,HuberRegressor,0.26,0.2414,0.0186,0.0186
Pb_num,4,M7_TargetSpecific_Selected,HuberRegressor,0.71,0.3064,0.4036,0.4036
Pb_num,4,M7_TargetSpecific_Selected,ExtraTrees,0.97,0.4339,0.5361,0.5361
Pb_num,4,M7_TargetSpecific_Selected,ExtraTrees,0.33,0.5073,-0.1773,0.1773
Pb_num,4,M7_TargetSpecific_Selected,ExtraTrees,1.31,0.4132,0.8968,0.8968
Pb_num,4,M7_TargetSpecific_Selected,ExtraTrees,0.34,0.4523,-0.1123,0.1123
Pb_num,4,M7_TargetSpecific_Selected,ExtraTrees,0.23,0.459,-0.229,0.229
Pb_num,4,M7_TargetSpecific_Selected,ExtraTrees,0.58,0.468,0.112,0.112
Pb_num,4,M7_TargetSpecific_Selected,ExtraTrees,0.26,0.3004,-0.0404,0.0404
Pb_num,4,M7_TargetSpecific_Selected,ExtraTrees,0.71,0.5948,0.1152,0.1152
Pb_num,5,M1_Core,Ridge,2.58,2.5068,0.0732,0.0732
Pb_num,5,M1_Core,Ridge,0.65,0.9372,-0.2872,0.2872
Pb_num,5,M1_Core,Ridge,0.33,0.7114,-0.3814,0.3814
Pb_num,5,M1_Core,Ridge,0.34,0.6421,-0.3021,0.3021
Pb_num,5,M1_Core,Ridge,0.58,0.6511,-0.0711,0.0711
Pb_num,5,M1_Core,Ridge,0.23,0.0,0.23,0.23
Pb_num,5,M1_Core,Ridge,0.72,0.2992,0.4208,0.4208
Pb_num,5,M1_Core,Ridge,0.39,0.7024,-0.3124,0.3124
Pb_num,5,M1_Core,HuberRegressor,2.58,1.4148,1.1652,1.1652
Pb_num,5,M1_Core,HuberRegressor,0.65,0.776,-0.126,0.126
Pb_num,5,M1_Core,HuberRegressor,0.33,0.6894,-0.3594,0.3594
Pb_num,5,M1_Core,HuberRegressor,0.34,0.5894,-0.2494,0.2494
Pb_num,5,M1_Core,HuberRegressor,0.58,0.5735,0.0065,0.0065
Pb_num,5,M1_Core,HuberRegressor,0.23,0.0,0.23,0.23
Pb_num,5,M1_Core,HuberRegressor,0.72,0.3449,0.3751,0.3751
Pb_num,5,M1_Core,HuberRegressor,0.39,0.6146,-0.2246,0.2246
Pb_num,5,M1_Core,ExtraTrees,2.58,5.2628,-2.6828,2.6828
Pb_num,5,M1_Core,ExtraTrees,0.65,1.0346,-0.3846,0.3846
Pb_num,5,M1_Core,ExtraTrees,0.33,0.6439,-0.3139,0.3139
Pb_num,5,M1_Core,ExtraTrees,0.34,0.5492,-0.2092,0.2092
Pb_num,5,M1_Core,ExtraTrees,0.58,0.4778,0.1022,0.1022
Pb_num,5,M1_Core,ExtraTrees,0.23,0.2437,-0.0137,0.0137
Pb_num,5,M1_Core,ExtraTrees,0.72,0.3718,0.3482,0.3482
Pb_num,5,M1_Core,ExtraTrees,0.39,0.5718,-0.1818,0.1818
Pb_num,5,M7_TargetSpecific_Selected,Ridge,2.58,2.7119,-0.1319,0.1319
Pb_num,5,M7_TargetSpecific_Selected,Ridge,0.65,0.6884,-0.0384,0.0384
Pb_num,5,M7_TargetSpecific_Selected,Ridge,0.33,0.9605,-0.6305,0.6305
Pb_num,5,M7_TargetSpecific_Selected,Ridge,0.34,0.4364,-0.0964,0.0964
Pb_num,5,M7_TargetSpecific_Selected,Ridge,0.58,0.506,0.074,0.074
Pb_num,5,M7_TargetSpecific_Selected,Ridge,0.23,0.0,0.23,0.23
Pb_num,5,M7_TargetSpecific_Selected,Ridge,0.72,0.2729,0.4471,0.4471
Pb_num,5,M7_TargetSpecific_Selected,Ridge,0.39,0.4578,-0.0678,0.0678
Pb_num,5,M7_TargetSpecific_Selected,HuberRegressor,2.58,1.6515,0.9285,0.9285
Pb_num,5,M7_TargetSpecific_Selected,HuberRegressor,0.65,0.6625,-0.0125,0.0125
Pb_num,5,M7_TargetSpecific_Selected,HuberRegressor,0.33,1.0067,-0.6767,0.6767
Pb_num,5,M7_TargetSpecific_Selected,HuberRegressor,0.34,0.4712,-0.1312,0.1312
Pb_num,5,M7_TargetSpecific_Selected,HuberRegressor,0.58,0.5822,-0.0022,0.0022
Pb_num,5,M7_TargetSpecific_Selected,HuberRegressor,0.23,0.0,0.23,0.23
Pb_num,5,M7_TargetSpecific_Selected,HuberRegressor,0.72,0.2603,0.4597,0.4597
Pb_num,5,M7_TargetSpecific_Selected,HuberRegressor,0.39,0.456,-0.066,0.066
Pb_num,5,M7_TargetSpecific_Selected,ExtraTrees,2.58,4.5285,-1.9485,1.9485
Pb_num,5,M7_TargetSpecific_Selected,ExtraTrees,0.65,0.9151,-0.2651,0.2651
Pb_num,5,M7_TargetSpecific_Selected,ExtraTrees,0.33,0.6542,-0.3242,0.3242
Pb_num,5,M7_TargetSpecific_Selected,ExtraTrees,0.34,0.5576,-0.2176,0.2176
Pb_num,5,M7_TargetSpecific_Selected,ExtraTrees,0.58,0.5075,0.0725,0.0725
Pb_num,5,M7_TargetSpecific_Selected,ExtraTrees,0.23,0.2501,-0.0201,0.0201
Pb_num,5,M7_TargetSpecific_Selected,ExtraTrees,0.72,0.2753,0.4447,0.4447
Pb_num,5,M7_TargetSpecific_Selected,ExtraTrees,0.39,0.5191,-0.1291,0.1291
Pb_num,6,M1_Core,Ridge,1.23,8.2313,-7.0013,7.0013
Pb_num,6,M1_Core,Ridge,0.24,0.528,-0.288,0.288
Pb_num,6,M1_Core,Ridge,0.35,0.4262,-0.0762,0.0762
Pb_num,6,M1_Core,Ridge,0.8,1.3916,-0.5916,0.5916
Pb_num,6,M1_Core,Ridge,0.39,1.4918,-1.1018,1.1018
Pb_num,6,M1_Core,Ridge,0.2,0.5667,-0.3667,0.3667
Pb_num,6,M1_Core,Ridge,0.21,0.3377,-0.1277,0.1277
Pb_num,6,M1_Core,Ridge,0.16,0.3909,-0.2309,0.2309
Pb_num,6,M1_Core,HuberRegressor,1.23,6.4625,-5.2325,5.2325
Pb_num,6,M1_Core,HuberRegressor,0.24,0.5247,-0.2847,0.2847
Pb_num,6,M1_Core,HuberRegressor,0.35,0.4114,-0.0614,0.0614
Pb_num,6,M1_Core,HuberRegressor,0.8,1.284,-0.484,0.484
Pb_num,6,M1_Core,HuberRegressor,0.39,1.3892,-0.9992,0.9992
Pb_num,6,M1_Core,HuberRegressor,0.2,0.5627,-0.3627,0.3627
Pb_num,6,M1_Core,HuberRegressor,0.21,0.3347,-0.1247,0.1247
Pb_num,6,M1_Core,HuberRegressor,0.16,0.3753,-0.2153,0.2153
Pb_num,6,M1_Core,ExtraTrees,1.23,6.7955,-5.5655,5.5655
Pb_num,6,M1_Core,ExtraTrees,0.24,0.5414,-0.3014,0.3014
Pb_num,6,M1_Core,ExtraTrees,0.35,0.6465,-0.2965,0.2965
Pb_num,6,M1_Core,ExtraTrees,0.8,1.5702,-0.7702,0.7702
Pb_num,6,M1_Core,ExtraTrees,0.39,1.2061,-0.8161,0.8161
Pb_num,6,M1_Core,ExtraTrees,0.2,0.4903,-0.2903,0.2903
Pb_num,6,M1_Core,ExtraTrees,0.21,0.4713,-0.2613,0.2613
Pb_num,6,M1_Core,ExtraTrees,0.16,0.457,-0.297,0.297
Pb_num,6,M7_TargetSpecific_Selected,Ridge,1.23,4.3205,-3.0905,3.0905
Pb_num,6,M7_TargetSpecific_Selected,Ridge,0.24,1.0548,-0.8148,0.8148
Pb_num,6,M7_TargetSpecific_Selected,Ridge,0.35,2.2998,-1.9498,1.9498
Pb_num,6,M7_TargetSpecific_Selected,Ridge,0.8,1.359,-0.559,0.559
Pb_num,6,M7_TargetSpecific_Selected,Ridge,0.39,1.241,-0.851,0.851
Pb_num,6,M7_TargetSpecific_Selected,Ridge,0.2,0.5127,-0.3127,0.3127
Pb_num,6,M7_TargetSpecific_Selected,Ridge,0.21,0.3067,-0.0967,0.0967
Pb_num,6,M7_TargetSpecific_Selected,Ridge,0.16,0.297,-0.137,0.137
Pb_num,6,M7_TargetSpecific_Selected,HuberRegressor,1.23,3.8546,-2.6246,2.6246
Pb_num,6,M7_TargetSpecific_Selected,HuberRegressor,0.24,1.3089,-1.0689,1.0689
Pb_num,6,M7_TargetSpecific_Selected,HuberRegressor,0.35,3.6338,-3.2838,3.2838
Pb_num,6,M7_TargetSpecific_Selected,HuberRegressor,0.8,1.408,-0.608,0.608
Pb_num,6,M7_TargetSpecific_Selected,HuberRegressor,0.39,1.1956,-0.8056,0.8056
Pb_num,6,M7_TargetSpecific_Selected,HuberRegressor,0.2,0.4755,-0.2755,0.2755
Pb_num,6,M7_TargetSpecific_Selected,HuberRegressor,0.21,0.2453,-0.0353,0.0353
Pb_num,6,M7_TargetSpecific_Selected,HuberRegressor,0.16,0.1989,-0.0389,0.0389
Pb_num,6,M7_TargetSpecific_Selected,ExtraTrees,1.23,5.296,-4.066,4.066
Pb_num,6,M7_TargetSpecific_Selected,ExtraTrees,0.24,0.5656,-0.3256,0.3256
Pb_num,6,M7_TargetSpecific_Selected,ExtraTrees,0.35,0.5569,-0.2069,0.2069
Pb_num,6,M7_TargetSpecific_Selected,ExtraTrees,0.8,1.5152,-0.7152,0.7152
Pb_num,6,M7_TargetSpecific_Selected,ExtraTrees,0.39,1.3498,-0.9598,0.9598
Pb_num,6,M7_TargetSpecific_Selected,ExtraTrees,0.2,0.5058,-0.3058,0.3058
Pb_num,6,M7_TargetSpecific_Selected,ExtraTrees,0.21,0.4502,-0.2402,0.2402
Pb_num,6,M7_TargetSpecific_Selected,ExtraTrees,0.16,0.4626,-0.3026,0.3026
Pb_num,7,M1_Core,Ridge,2.84,0.9403,1.8997,1.8997
Pb_num,7,M1_Core,Ridge,0.96,0.5493,0.4107,0.4107
Pb_num,7,M1_Core,Ridge,0.26,0.2248,0.0352,0.0352
Pb_num,7,M1_Core,Ridge,0.2,0.3555,-0.1555,0.1555
Pb_num,7,M1_Core,Ridge,0.88,0.5196,0.3604,0.3604
Pb_num,7,M1_Core,Ridge,0.17,0.4375,-0.2675,0.2675
Pb_num,7,M1_Core,Ridge,0.17,0.2716,-0.1016,0.1016
Pb_num,7,M1_Core,Ridge,0.19,0.442,-0.252,0.252
Pb_num,7,M1_Core,HuberRegressor,2.84,0.785,2.055,2.055
Pb_num,7,M1_Core,HuberRegressor,0.96,0.4406,0.5194,0.5194
Pb_num,7,M1_Core,HuberRegressor,0.26,0.2733,-0.0133,0.0133
Pb_num,7,M1_Core,HuberRegressor,0.2,0.2497,-0.0497,0.0497
Pb_num,7,M1_Core,HuberRegressor,0.88,0.4125,0.4675,0.4675
Pb_num,7,M1_Core,HuberRegressor,0.17,0.3462,-0.1762,0.1762
Pb_num,7,M1_Core,HuberRegressor,0.17,0.2424,-0.0724,0.0724
Pb_num,7,M1_Core,HuberRegressor,0.19,0.3466,-0.1566,0.1566
Pb_num,7,M1_Core,ExtraTrees,2.84,0.7429,2.0971,2.0971
Pb_num,7,M1_Core,ExtraTrees,0.96,0.4462,0.5138,0.5138
Pb_num,7,M1_Core,ExtraTrees,0.26,0.3491,-0.0891,0.0891
Pb_num,7,M1_Core,ExtraTrees,0.2,0.4206,-0.2206,0.2206
Pb_num,7,M1_Core,ExtraTrees,0.88,0.4377,0.4423,0.4423
Pb_num,7,M1_Core,ExtraTrees,0.17,0.326,-0.156,0.156
Pb_num,7,M1_Core,ExtraTrees,0.17,0.3748,-0.2048,0.2048
Pb_num,7,M1_Core,ExtraTrees,0.19,0.4447,-0.2547,0.2547
Pb_num,7,M7_TargetSpecific_Selected,Ridge,2.84,0.9217,1.9183,1.9183
Pb_num,7,M7_TargetSpecific_Selected,Ridge,0.96,0.3189,0.6411,0.6411
Pb_num,7,M7_TargetSpecific_Selected,Ridge,0.26,0.3328,-0.0728,0.0728
Pb_num,7,M7_TargetSpecific_Selected,Ridge,0.2,0.2152,-0.0152,0.0152
Pb_num,7,M7_TargetSpecific_Selected,Ridge,0.88,0.2013,0.6787,0.6787
Pb_num,7,M7_TargetSpecific_Selected,Ridge,0.17,0.2248,-0.0548,0.0548
Pb_num,7,M7_TargetSpecific_Selected,Ridge,0.17,0.2196,-0.0496,0.0496
Pb_num,7,M7_TargetSpecific_Selected,Ridge,0.19,0.2281,-0.0381,0.0381
Pb_num,7,M7_TargetSpecific_Selected,HuberRegressor,2.84,0.7545,2.0855,2.0855
Pb_num,7,M7_TargetSpecific_Selected,HuberRegressor,0.96,0.3538,0.6062,0.6062
Pb_num,7,M7_TargetSpecific_Selected,HuberRegressor,0.26,0.2727,-0.0127,0.0127
Pb_num,7,M7_TargetSpecific_Selected,HuberRegressor,0.2,0.1093,0.0907,0.0907
Pb_num,7,M7_TargetSpecific_Selected,HuberRegressor,0.88,0.2441,0.6359,0.6359
Pb_num,7,M7_TargetSpecific_Selected,HuberRegressor,0.17,0.2194,-0.0494,0.0494
Pb_num,7,M7_TargetSpecific_Selected,HuberRegressor,0.17,0.1533,0.0167,0.0167
Pb_num,7,M7_TargetSpecific_Selected,HuberRegressor,0.19,0.2324,-0.0424,0.0424
Pb_num,7,M7_TargetSpecific_Selected,ExtraTrees,2.84,0.6476,2.1924,2.1924
Pb_num,7,M7_TargetSpecific_Selected,ExtraTrees,0.96,0.4735,0.4865,0.4865
Pb_num,7,M7_TargetSpecific_Selected,ExtraTrees,0.26,0.401,-0.141,0.141
Pb_num,7,M7_TargetSpecific_Selected,ExtraTrees,0.2,0.3529,-0.1529,0.1529
Pb_num,7,M7_TargetSpecific_Selected,ExtraTrees,0.88,0.4212,0.4588,0.4588
Pb_num,7,M7_TargetSpecific_Selected,ExtraTrees,0.17,0.3441,-0.1741,0.1741
Pb_num,7,M7_TargetSpecific_Selected,ExtraTrees,0.17,0.3068,-0.1368,0.1368
Pb_num,7,M7_TargetSpecific_Selected,ExtraTrees,0.19,0.3487,-0.1587,0.1587
Pb_num,8,M1_Core,Ridge,0.5,0.633,-0.133,0.133
Pb_num,8,M1_Core,Ridge,2.37,0.6528,1.7172,1.7172
Pb_num,8,M1_Core,Ridge,0.97,0.545,0.425,0.425
Pb_num,8,M1_Core,Ridge,7.58,1.4537,6.1263,6.1263
Pb_num,8,M1_Core,Ridge,1.31,0.6462,0.6638,0.6638
Pb_num,8,M1_Core,Ridge,0.48,0.6818,-0.2018,0.2018
Pb_num,8,M1_Core,Ridge,0.23,0.5573,-0.3273,0.3273
Pb_num,8,M1_Core,Ridge,0.19,0.3314,-0.1414,0.1414
Pb_num,8,M1_Core,HuberRegressor,0.5,0.501,-0.001,0.001
Pb_num,8,M1_Core,HuberRegressor,2.37,0.6027,1.7673,1.7673
Pb_num,8,M1_Core,HuberRegressor,0.97,0.4528,0.5172,0.5172
Pb_num,8,M1_Core,HuberRegressor,7.58,1.0962,6.4838,6.4838
Pb_num,8,M1_Core,HuberRegressor,1.31,0.503,0.807,0.807
Pb_num,8,M1_Core,HuberRegressor,0.48,0.5297,-0.0497,0.0497
Pb_num,8,M1_Core,HuberRegressor,0.23,0.457,-0.227,0.227
Pb_num,8,M1_Core,HuberRegressor,0.19,0.3421,-0.1521,0.1521
Pb_num,8,M1_Core,ExtraTrees,0.5,0.4388,0.0612,0.0612
Pb_num,8,M1_Core,ExtraTrees,2.37,0.8854,1.4846,1.4846
Pb_num,8,M1_Core,ExtraTrees,0.97,0.4227,0.5473,0.5473
Pb_num,8,M1_Core,ExtraTrees,7.58,1.4154,6.1646,6.1646
Pb_num,8,M1_Core,ExtraTrees,1.31,0.4388,0.8712,0.8712
Pb_num,8,M1_Core,ExtraTrees,0.48,0.6298,-0.1498,0.1498
Pb_num,8,M1_Core,ExtraTrees,0.23,0.4543,-0.2243,0.2243
Pb_num,8,M1_Core,ExtraTrees,0.19,0.3232,-0.1332,0.1332
Pb_num,8,M7_TargetSpecific_Selected,Ridge,0.5,0.623,-0.123,0.123
Pb_num,8,M7_TargetSpecific_Selected,Ridge,2.37,0.7499,1.6201,1.6201
Pb_num,8,M7_TargetSpecific_Selected,Ridge,0.97,0.5426,0.4274,0.4274
Pb_num,8,M7_TargetSpecific_Selected,Ridge,7.58,1.453,6.127,6.127
Pb_num,8,M7_TargetSpecific_Selected,Ridge,1.31,0.6278,0.6822,0.6822
Pb_num,8,M7_TargetSpecific_Selected,Ridge,0.48,0.7005,-0.2205,0.2205
Pb_num,8,M7_TargetSpecific_Selected,Ridge,0.23,0.5724,-0.3424,0.3424
Pb_num,8,M7_TargetSpecific_Selected,Ridge,0.19,0.3464,-0.1564,0.1564
Pb_num,8,M7_TargetSpecific_Selected,HuberRegressor,0.5,0.4963,0.0037,0.0037
Pb_num,8,M7_TargetSpecific_Selected,HuberRegressor,2.37,0.6368,1.7332,1.7332
Pb_num,8,M7_TargetSpecific_Selected,HuberRegressor,0.97,0.453,0.517,0.517
Pb_num,8,M7_TargetSpecific_Selected,HuberRegressor,7.58,1.1081,6.4719,6.4719
Pb_num,8,M7_TargetSpecific_Selected,HuberRegressor,1.31,0.4952,0.8148,0.8148
Pb_num,8,M7_TargetSpecific_Selected,HuberRegressor,0.48,0.5348,-0.0548,0.0548
Pb_num,8,M7_TargetSpecific_Selected,HuberRegressor,0.23,0.4597,-0.2297,0.2297
Pb_num,8,M7_TargetSpecific_Selected,HuberRegressor,0.19,0.3534,-0.1634,0.1634
Pb_num,8,M7_TargetSpecific_Selected,ExtraTrees,0.5,0.4397,0.0603,0.0603
Pb_num,8,M7_TargetSpecific_Selected,ExtraTrees,2.37,1.0564,1.3136,1.3136
Pb_num,8,M7_TargetSpecific_Selected,ExtraTrees,0.97,0.4104,0.5596,0.5596
Pb_num,8,M7_TargetSpecific_Selected,ExtraTrees,7.58,1.2903,6.2897,6.2897
Pb_num,8,M7_TargetSpecific_Selected,ExtraTrees,1.31,0.508,0.802,0.802
Pb_num,8,M7_TargetSpecific_Selected,ExtraTrees,0.48,0.8896,-0.4096,0.4096
Pb_num,8,M7_TargetSpecific_Selected,ExtraTrees,0.23,0.4799,-0.2499,0.2499
Pb_num,8,M7_TargetSpecific_Selected,ExtraTrees,0.19,0.3246,-0.1346,0.1346
Pb_num,9,M1_Core,Ridge,0.78,1.1897,-0.4097,0.4097
Pb_num,9,M1_Core,Ridge,0.16,0.7913,-0.6313,0.6313
Pb_num,9,M1_Core,Ridge,0.71,1.1387,-0.4287,0.4287
Pb_num,9,M1_Core,Ridge,1.06,0.5321,0.5279,0.5279
Pb_num,9,M1_Core,Ridge,0.34,0.4801,-0.1401,0.1401
Pb_num,9,M1_Core,Ridge,0.27,0.2117,0.0583,0.0583
Pb_num,9,M1_Core,Ridge,0.71,0.4279,0.2821,0.2821
Pb_num,9,M1_Core,Ridge,0.47,0.3751,0.0949,0.0949
Pb_num,9,M1_Core,HuberRegressor,0.78,1.2176,-0.4376,0.4376
Pb_num,9,M1_Core,HuberRegressor,0.16,0.6715,-0.5115,0.5115
Pb_num,9,M1_Core,HuberRegressor,0.71,1.0321,-0.3221,0.3221
Pb_num,9,M1_Core,HuberRegressor,1.06,0.4352,0.6248,0.6248
Pb_num,9,M1_Core,HuberRegressor,0.34,0.4045,-0.0645,0.0645
Pb_num,9,M1_Core,HuberRegressor,0.27,0.2016,0.0684,0.0684
Pb_num,9,M1_Core,HuberRegressor,0.71,0.371,0.339,0.339
Pb_num,9,M1_Core,HuberRegressor,0.47,0.3527,0.1173,0.1173
Pb_num,9,M1_Core,ExtraTrees,0.78,1.112,-0.332,0.332
Pb_num,9,M1_Core,ExtraTrees,0.16,0.7542,-0.5942,0.5942
Pb_num,9,M1_Core,ExtraTrees,0.71,1.9356,-1.2256,1.2256
Pb_num,9,M1_Core,ExtraTrees,1.06,0.5679,0.4921,0.4921
Pb_num,9,M1_Core,ExtraTrees,0.34,0.3113,0.0287,0.0287
Pb_num,9,M1_Core,ExtraTrees,0.27,0.2343,0.0357,0.0357
Pb_num,9,M1_Core,ExtraTrees,0.71,0.4572,0.2528,0.2528
Pb_num,9,M1_Core,ExtraTrees,0.47,0.4377,0.0323,0.0323
Pb_num,9,M7_TargetSpecific_Selected,Ridge,0.78,1.1346,-0.3546,0.3546
Pb_num,9,M7_TargetSpecific_Selected,Ridge,0.16,0.6516,-0.4916,0.4916
Pb_num,9,M7_TargetSpecific_Selected,Ridge,0.71,1.3945,-0.6845,0.6845
Pb_num,9,M7_TargetSpecific_Selected,Ridge,1.06,0.6878,0.3722,0.3722
Pb_num,9,M7_TargetSpecific_Selected,Ridge,0.34,0.4147,-0.0747,0.0747
Pb_num,9,M7_TargetSpecific_Selected,Ridge,0.27,0.2243,0.0457,0.0457
Pb_num,9,M7_TargetSpecific_Selected,Ridge,0.71,0.4483,0.2617,0.2617
Pb_num,9,M7_TargetSpecific_Selected,Ridge,0.47,0.2506,0.2194,0.2194
Pb_num,9,M7_TargetSpecific_Selected,HuberRegressor,0.78,1.1648,-0.3848,0.3848
Pb_num,9,M7_TargetSpecific_Selected,HuberRegressor,0.16,0.5881,-0.4281,0.4281
Pb_num,9,M7_TargetSpecific_Selected,HuberRegressor,0.71,0.992,-0.282,0.282
Pb_num,9,M7_TargetSpecific_Selected,HuberRegressor,1.06,0.6515,0.4085,0.4085
Pb_num,9,M7_TargetSpecific_Selected,HuberRegressor,0.34,0.462,-0.122,0.122
Pb_num,9,M7_TargetSpecific_Selected,HuberRegressor,0.27,0.2388,0.0312,0.0312
Pb_num,9,M7_TargetSpecific_Selected,HuberRegressor,0.71,0.2977,0.4123,0.4123
Pb_num,9,M7_TargetSpecific_Selected,HuberRegressor,0.47,0.2942,0.1758,0.1758
Pb_num,9,M7_TargetSpecific_Selected,ExtraTrees,0.78,1.6704,-0.8904,0.8904
Pb_num,9,M7_TargetSpecific_Selected,ExtraTrees,0.16,0.7761,-0.6161,0.6161
Pb_num,9,M7_TargetSpecific_Selected,ExtraTrees,0.71,3.5831,-2.8731,2.8731
Pb_num,9,M7_TargetSpecific_Selected,ExtraTrees,1.06,0.5603,0.4997,0.4997
Pb_num,9,M7_TargetSpecific_Selected,ExtraTrees,0.34,0.2901,0.0499,0.0499
Pb_num,9,M7_TargetSpecific_Selected,ExtraTrees,0.27,0.2277,0.0423,0.0423
Pb_num,9,M7_TargetSpecific_Selected,ExtraTrees,0.71,0.614,0.096,0.096
Pb_num,9,M7_TargetSpecific_Selected,ExtraTrees,0.47,0.3575,0.1125,0.1125
Pb_num,10,M1_Core,Ridge,0.5,0.5547,-0.0547,0.0547
Pb_num,10,M1_Core,Ridge,0.78,1.6308,-0.8508,0.8508
Pb_num,10,M1_Core,Ridge,1.23,8.1545,-6.9245,6.9245
Pb_num,10,M1_Core,Ridge,0.24,0.5409,-0.3009,0.3009
Pb_num,10,M1_Core,Ridge,0.96,0.5558,0.4042,0.4042
Pb_num,10,M1_Core,Ridge,0.34,0.4986,-0.1586,0.1586
Pb_num,10,M1_Core,Ridge,0.17,0.2129,-0.0429,0.0429
Pb_num,10,M1_Core,Ridge,0.19,0.2653,-0.0753,0.0753
Pb_num,10,M1_Core,HuberRegressor,0.5,0.4502,0.0498,0.0498
Pb_num,10,M1_Core,HuberRegressor,0.78,1.2048,-0.4248,0.4248
Pb_num,10,M1_Core,HuberRegressor,1.23,5.9262,-4.6962,4.6962
Pb_num,10,M1_Core,HuberRegressor,0.24,0.4588,-0.2188,0.2188
Pb_num,10,M1_Core,HuberRegressor,0.96,0.4789,0.4811,0.4811
Pb_num,10,M1_Core,HuberRegressor,0.34,0.4547,-0.1147,0.1147
Pb_num,10,M1_Core,HuberRegressor,0.17,0.2823,-0.1123,0.1123
Pb_num,10,M1_Core,HuberRegressor,0.19,0.2943,-0.1043,0.1043
Pb_num,10,M1_Core,ExtraTrees,0.5,0.5592,-0.0592,0.0592
Pb_num,10,M1_Core,ExtraTrees,0.78,1.275,-0.495,0.495
Pb_num,10,M1_Core,ExtraTrees,1.23,7.58,-6.35,6.35
Pb_num,10,M1_Core,ExtraTrees,0.24,0.5388,-0.2988,0.2988
Pb_num,10,M1_Core,ExtraTrees,0.96,0.5574,0.4026,0.4026
Pb_num,10,M1_Core,ExtraTrees,0.34,0.5633,-0.2233,0.2233
Pb_num,10,M1_Core,ExtraTrees,0.17,0.2976,-0.1276,0.1276
Pb_num,10,M1_Core,ExtraTrees,0.19,0.3219,-0.1319,0.1319
Pb_num,10,M7_TargetSpecific_Selected,Ridge,0.5,0.5225,-0.0225,0.0225
Pb_num,10,M7_TargetSpecific_Selected,Ridge,0.78,1.6463,-0.8663,0.8663
Pb_num,10,M7_TargetSpecific_Selected,Ridge,1.23,6.5525,-5.3225,5.3225
Pb_num,10,M7_TargetSpecific_Selected,Ridge,0.24,0.5958,-0.3558,0.3558
Pb_num,10,M7_TargetSpecific_Selected,Ridge,0.96,0.448,0.512,0.512
Pb_num,10,M7_TargetSpecific_Selected,Ridge,0.34,0.3884,-0.0484,0.0484
Pb_num,10,M7_TargetSpecific_Selected,Ridge,0.17,0.1423,0.0277,0.0277
Pb_num,10,M7_TargetSpecific_Selected,Ridge,0.19,0.1904,-0.0004,0.0004
Pb_num,10,M7_TargetSpecific_Selected,HuberRegressor,0.5,0.4091,0.0909,0.0909
Pb_num,10,M7_TargetSpecific_Selected,HuberRegressor,0.78,1.2633,-0.4833,0.4833
Pb_num,10,M7_TargetSpecific_Selected,HuberRegressor,1.23,4.6549,-3.4249,3.4249
Pb_num,10,M7_TargetSpecific_Selected,HuberRegressor,0.24,0.4653,-0.2253,0.2253
Pb_num,10,M7_TargetSpecific_Selected,HuberRegressor,0.96,0.3939,0.5661,0.5661
Pb_num,10,M7_TargetSpecific_Selected,HuberRegressor,0.34,0.3699,-0.0299,0.0299
Pb_num,10,M7_TargetSpecific_Selected,HuberRegressor,0.17,0.2086,-0.0386,0.0386
Pb_num,10,M7_TargetSpecific_Selected,HuberRegressor,0.19,0.2346,-0.0446,0.0446
Pb_num,10,M7_TargetSpecific_Selected,ExtraTrees,0.5,0.5395,-0.0395,0.0395
Pb_num,10,M7_TargetSpecific_Selected,ExtraTrees,0.78,1.1901,-0.4101,0.4101
Pb_num,10,M7_TargetSpecific_Selected,ExtraTrees,1.23,5.8758,-4.6458,4.6458
Pb_num,10,M7_TargetSpecific_Selected,ExtraTrees,0.24,0.5486,-0.3086,0.3086
Pb_num,10,M7_TargetSpecific_Selected,ExtraTrees,0.96,0.5026,0.4574,0.4574
Pb_num,10,M7_TargetSpecific_Selected,ExtraTrees,0.34,0.4997,-0.1597,0.1597
Pb_num,10,M7_TargetSpecific_Selected,ExtraTrees,0.17,0.2727,-0.1027,0.1027
Pb_num,10,M7_TargetSpecific_Selected,ExtraTrees,0.19,0.3231,-0.1331,0.1331
Pb_num,11,M1_Core,Ridge,2.84,1.0036,1.8364,1.8364
Pb_num,11,M1_Core,Ridge,0.65,0.9402,-0.2902,0.2902
Pb_num,11,M1_Core,Ridge,0.48,0.853,-0.373,0.373
Pb_num,11,M1_Core,Ridge,0.39,1.0029,-0.6129,0.6129
Pb_num,11,M1_Core,Ridge,0.21,0.2924,-0.0824,0.0824
Pb_num,11,M1_Core,Ridge,0.72,0.3753,0.3447,0.3447
Pb_num,11,M1_Core,Ridge,0.39,0.5691,-0.1791,0.1791
Pb_num,11,M1_Core,Ridge,0.88,0.5562,0.3238,0.3238
Pb_num,11,M1_Core,HuberRegressor,2.84,0.9171,1.9229,1.9229
Pb_num,11,M1_Core,HuberRegressor,0.65,0.9691,-0.3191,0.3191
Pb_num,11,M1_Core,HuberRegressor,0.48,0.7027,-0.2227,0.2227
Pb_num,11,M1_Core,HuberRegressor,0.39,0.9782,-0.5882,0.5882
Pb_num,11,M1_Core,HuberRegressor,0.21,0.2604,-0.0504,0.0504
Pb_num,11,M1_Core,HuberRegressor,0.72,0.331,0.389,0.389
Pb_num,11,M1_Core,HuberRegressor,0.39,0.4238,-0.0338,0.0338
Pb_num,11,M1_Core,HuberRegressor,0.88,0.4273,0.4527,0.4527
Pb_num,11,M1_Core,ExtraTrees,2.84,0.8736,1.9664,1.9664
Pb_num,11,M1_Core,ExtraTrees,0.65,0.713,-0.063,0.063
Pb_num,11,M1_Core,ExtraTrees,0.48,0.7034,-0.2234,0.2234
Pb_num,11,M1_Core,ExtraTrees,0.39,0.8455,-0.4555,0.4555
Pb_num,11,M1_Core,ExtraTrees,0.21,0.3009,-0.0909,0.0909
Pb_num,11,M1_Core,ExtraTrees,0.72,0.3633,0.3567,0.3567
Pb_num,11,M1_Core,ExtraTrees,0.39,0.4822,-0.0922,0.0922
Pb_num,11,M1_Core,ExtraTrees,0.88,0.4731,0.4069,0.4069
Pb_num,11,M7_TargetSpecific_Selected,Ridge,2.84,0.9716,1.8684,1.8684
Pb_num,11,M7_TargetSpecific_Selected,Ridge,0.65,0.6908,-0.0408,0.0408
Pb_num,11,M7_TargetSpecific_Selected,Ridge,0.48,0.7801,-0.3001,0.3001
Pb_num,11,M7_TargetSpecific_Selected,Ridge,0.39,0.9685,-0.5785,0.5785
Pb_num,11,M7_TargetSpecific_Selected,Ridge,0.21,0.399,-0.189,0.189
Pb_num,11,M7_TargetSpecific_Selected,Ridge,0.72,0.3325,0.3875,0.3875
Pb_num,11,M7_TargetSpecific_Selected,Ridge,0.39,0.3127,0.0773,0.0773
Pb_num,11,M7_TargetSpecific_Selected,Ridge,0.88,0.2464,0.6336,0.6336
Pb_num,11,M7_TargetSpecific_Selected,HuberRegressor,2.84,0.8323,2.0077,2.0077
Pb_num,11,M7_TargetSpecific_Selected,HuberRegressor,0.65,0.7715,-0.1215,0.1215
Pb_num,11,M7_TargetSpecific_Selected,HuberRegressor,0.48,0.6953,-0.2153,0.2153
Pb_num,11,M7_TargetSpecific_Selected,HuberRegressor,0.39,0.937,-0.547,0.547
Pb_num,11,M7_TargetSpecific_Selected,HuberRegressor,0.21,0.2738,-0.0638,0.0638
Pb_num,11,M7_TargetSpecific_Selected,HuberRegressor,0.72,0.2696,0.4504,0.4504
Pb_num,11,M7_TargetSpecific_Selected,HuberRegressor,0.39,0.3149,0.0751,0.0751
Pb_num,11,M7_TargetSpecific_Selected,HuberRegressor,0.88,0.2709,0.6091,0.6091
Pb_num,11,M7_TargetSpecific_Selected,ExtraTrees,2.84,0.6932,2.1468,2.1468
Pb_num,11,M7_TargetSpecific_Selected,ExtraTrees,0.65,0.6708,-0.0208,0.0208
Pb_num,11,M7_TargetSpecific_Selected,ExtraTrees,0.48,0.7611,-0.2811,0.2811
Pb_num,11,M7_TargetSpecific_Selected,ExtraTrees,0.39,0.8405,-0.4505,0.4505
Pb_num,11,M7_TargetSpecific_Selected,ExtraTrees,0.21,0.3755,-0.1655,0.1655
Pb_num,11,M7_TargetSpecific_Selected,ExtraTrees,0.72,0.3789,0.3411,0.3411
Pb_num,11,M7_TargetSpecific_Selected,ExtraTrees,0.39,0.3704,0.0196,0.0196
Pb_num,11,M7_TargetSpecific_Selected,ExtraTrees,0.88,0.3823,0.4977,0.4977
Pb_num,12,M1_Core,Ridge,2.58,1.3007,1.2793,1.2793
Pb_num,12,M1_Core,Ridge,2.37,0.4104,1.9596,1.9596
Pb_num,12,M1_Core,Ridge,0.33,0.8251,-0.4951,0.4951
Pb_num,12,M1_Core,Ridge,7.58,1.2296,6.3504,6.3504
Pb_num,12,M1_Core,Ridge,0.23,0.0,0.23,0.23
Pb_num,12,M1_Core,Ridge,0.16,0.4861,-0.3261,0.3261
Pb_num,12,M1_Core,Ridge,0.17,0.2053,-0.0353,0.0353
Pb_num,12,M1_Core,Ridge,0.71,0.5174,0.1926,0.1926
Pb_num,12,M1_Core,HuberRegressor,2.58,1.0495,1.5305,1.5305
Pb_num,12,M1_Core,HuberRegressor,2.37,0.4561,1.9139,1.9139
Pb_num,12,M1_Core,HuberRegressor,0.33,0.6302,-0.3002,0.3002
Pb_num,12,M1_Core,HuberRegressor,7.58,1.0522,6.5278,6.5278
Pb_num,12,M1_Core,HuberRegressor,0.23,0.0184,0.2116,0.2116
Pb_num,12,M1_Core,HuberRegressor,0.16,0.361,-0.201,0.201
Pb_num,12,M1_Core,HuberRegressor,0.17,0.2151,-0.0451,0.0451
Pb_num,12,M1_Core,HuberRegressor,0.71,0.422,0.288,0.288
Pb_num,12,M1_Core,ExtraTrees,2.58,1.2084,1.3716,1.3716
Pb_num,12,M1_Core,ExtraTrees,2.37,0.8814,1.4886,1.4886
Pb_num,12,M1_Core,ExtraTrees,0.33,0.767,-0.437,0.437
Pb_num,12,M1_Core,ExtraTrees,7.58,1.1355,6.4445,6.4445
Pb_num,12,M1_Core,ExtraTrees,0.23,0.2544,-0.0244,0.0244
Pb_num,12,M1_Core,ExtraTrees,0.16,0.3379,-0.1779,0.1779
Pb_num,12,M1_Core,ExtraTrees,0.17,0.3049,-0.1349,0.1349
Pb_num,12,M1_Core,ExtraTrees,0.71,0.5306,0.1794,0.1794
Pb_num,12,M7_TargetSpecific_Selected,Ridge,2.58,1.3087,1.2713,1.2713
Pb_num,12,M7_TargetSpecific_Selected,Ridge,2.37,0.4196,1.9504,1.9504
Pb_num,12,M7_TargetSpecific_Selected,Ridge,0.33,0.8212,-0.4912,0.4912
Pb_num,12,M7_TargetSpecific_Selected,Ridge,7.58,1.2349,6.3451,6.3451
Pb_num,12,M7_TargetSpecific_Selected,Ridge,0.23,0.0,0.23,0.23
Pb_num,12,M7_TargetSpecific_Selected,Ridge,0.16,0.4693,-0.3093,0.3093
Pb_num,12,M7_TargetSpecific_Selected,Ridge,0.17,0.2119,-0.0419,0.0419
Pb_num,12,M7_TargetSpecific_Selected,Ridge,0.71,0.5093,0.2007,0.2007
Pb_num,12,M7_TargetSpecific_Selected,HuberRegressor,2.58,1.0836,1.4964,1.4964
Pb_num,12,M7_TargetSpecific_Selected,HuberRegressor,2.37,0.4839,1.8861,1.8861
Pb_num,12,M7_TargetSpecific_Selected,HuberRegressor,0.33,0.6231,-0.2931,0.2931
Pb_num,12,M7_TargetSpecific_Selected,HuberRegressor,7.58,1.0732,6.5068,6.5068
Pb_num,12,M7_TargetSpecific_Selected,HuberRegressor,0.23,0.1366,0.0934,0.0934
Pb_num,12,M7_TargetSpecific_Selected,HuberRegressor,0.16,0.3163,-0.1563,0.1563
Pb_num,12,M7_TargetSpecific_Selected,HuberRegressor,0.17,0.2278,-0.0578,0.0578
Pb_num,12,M7_TargetSpecific_Selected,HuberRegressor,0.71,0.3974,0.3126,0.3126
Pb_num,12,M7_TargetSpecific_Selected,ExtraTrees,2.58,1.1487,1.4313,1.4313
Pb_num,12,M7_TargetSpecific_Selected,ExtraTrees,2.37,0.7691,1.6009,1.6009
Pb_num,12,M7_TargetSpecific_Selected,ExtraTrees,0.33,0.9269,-0.5969,0.5969
Pb_num,12,M7_TargetSpecific_Selected,ExtraTrees,7.58,1.0148,6.5652,6.5652
Pb_num,12,M7_TargetSpecific_Selected,ExtraTrees,0.23,0.2627,-0.0327,0.0327
Pb_num,12,M7_TargetSpecific_Selected,ExtraTrees,0.16,0.359,-0.199,0.199
Pb_num,12,M7_TargetSpecific_Selected,ExtraTrees,0.17,0.2827,-0.1127,0.1127
Pb_num,12,M7_TargetSpecific_Selected,ExtraTrees,0.71,0.5168,0.1932,0.1932
Pb_num,13,M1_Core,Ridge,0.16,0.8148,-0.6548,0.6548
Pb_num,13,M1_Core,Ridge,0.35,0.589,-0.239,0.239
Pb_num,13,M1_Core,Ridge,0.34,0.5038,-0.1638,0.1638
Pb_num,13,M1_Core,Ridge,0.27,0.1832,0.0868,0.0868
Pb_num,13,M1_Core,Ridge,0.19,0.3978,-0.2078,0.2078
Pb_num,13,M1_Core,Ridge,0.26,0.2379,0.0221,0.0221
Pb_num,13,M1_Core,Ridge,0.2,0.1999,0.0001,0.0001
Pb_num,13,M1_Core,Ridge,0.47,0.4389,0.0311,0.0311
Pb_num,13,M1_Core,HuberRegressor,0.16,0.7388,-0.5788,0.5788
Pb_num,13,M1_Core,HuberRegressor,0.35,0.5361,-0.1861,0.1861
Pb_num,13,M1_Core,HuberRegressor,0.34,0.4672,-0.1272,0.1272
Pb_num,13,M1_Core,HuberRegressor,0.27,0.1442,0.1258,0.1258
Pb_num,13,M1_Core,HuberRegressor,0.19,0.3759,-0.1859,0.1859
Pb_num,13,M1_Core,HuberRegressor,0.26,0.2897,-0.0297,0.0297
Pb_num,13,M1_Core,HuberRegressor,0.2,0.1314,0.0686,0.0686
Pb_num,13,M1_Core,HuberRegressor,0.47,0.4703,-0.0003,0.0003
Pb_num,13,M1_Core,ExtraTrees,0.16,0.9505,-0.7905,0.7905
Pb_num,13,M1_Core,ExtraTrees,0.35,0.5838,-0.2338,0.2338
Pb_num,13,M1_Core,ExtraTrees,0.34,0.3218,0.0182,0.0182
Pb_num,13,M1_Core,ExtraTrees,0.27,0.256,0.014,0.014
Pb_num,13,M1_Core,ExtraTrees,0.19,0.3145,-0.1245,0.1245
Pb_num,13,M1_Core,ExtraTrees,0.26,0.3275,-0.0675,0.0675
Pb_num,13,M1_Core,ExtraTrees,0.2,0.2334,-0.0334,0.0334
Pb_num,13,M1_Core,ExtraTrees,0.47,0.5508,-0.0808,0.0808
Pb_num,13,M7_TargetSpecific_Selected,Ridge,0.16,0.7131,-0.5531,0.5531
Pb_num,13,M7_TargetSpecific_Selected,Ridge,0.35,3.2112,-2.8612,2.8612
Pb_num,13,M7_TargetSpecific_Selected,Ridge,0.34,0.4583,-0.1183,0.1183
Pb_num,13,M7_TargetSpecific_Selected,Ridge,0.27,0.2657,0.0043,0.0043
Pb_num,13,M7_TargetSpecific_Selected,Ridge,0.19,0.749,-0.559,0.559
Pb_num,13,M7_TargetSpecific_Selected,Ridge,0.26,0.4204,-0.1604,0.1604
Pb_num,13,M7_TargetSpecific_Selected,Ridge,0.2,0.021,0.179,0.179
Pb_num,13,M7_TargetSpecific_Selected,Ridge,0.47,0.3969,0.0731,0.0731
Pb_num,13,M7_TargetSpecific_Selected,HuberRegressor,0.16,0.7184,-0.5584,0.5584
Pb_num,13,M7_TargetSpecific_Selected,HuberRegressor,0.35,4.0372,-3.6872,3.6872
Pb_num,13,M7_TargetSpecific_Selected,HuberRegressor,0.34,0.4982,-0.1582,0.1582
Pb_num,13,M7_TargetSpecific_Selected,HuberRegressor,0.27,0.2183,0.0517,0.0517
Pb_num,13,M7_TargetSpecific_Selected,HuberRegressor,0.19,0.86,-0.67,0.67
Pb_num,13,M7_TargetSpecific_Selected,HuberRegressor,0.26,0.5328,-0.2728,0.2728
Pb_num,13,M7_TargetSpecific_Selected,HuberRegressor,0.2,0.0,0.2,0.2
Pb_num,13,M7_TargetSpecific_Selected,HuberRegressor,0.47,0.5296,-0.0596,0.0596
Pb_num,13,M7_TargetSpecific_Selected,ExtraTrees,0.16,0.7719,-0.6119,0.6119
Pb_num,13,M7_TargetSpecific_Selected,ExtraTrees,0.35,1.0169,-0.6669,0.6669
Pb_num,13,M7_TargetSpecific_Selected,ExtraTrees,0.34,0.3955,-0.0555,0.0555
Pb_num,13,M7_TargetSpecific_Selected,ExtraTrees,0.27,0.2984,-0.0284,0.0284
Pb_num,13,M7_TargetSpecific_Selected,ExtraTrees,0.19,0.3901,-0.2001,0.2001
Pb_num,13,M7_TargetSpecific_Selected,ExtraTrees,0.26,0.3332,-0.0732,0.0732
Pb_num,13,M7_TargetSpecific_Selected,ExtraTrees,0.2,0.2691,-0.0691,0.0691
Pb_num,13,M7_TargetSpecific_Selected,ExtraTrees,0.47,0.5286,-0.0586,0.0586
Pb_num,14,M1_Core,Ridge,0.97,0.5224,0.4476,0.4476
Pb_num,14,M1_Core,Ridge,0.71,0.9642,-0.2542,0.2542
Pb_num,14,M1_Core,Ridge,1.31,0.6266,0.6834,0.6834
Pb_num,14,M1_Core,Ridge,0.8,0.9423,-0.1423,0.1423
Pb_num,14,M1_Core,Ridge,1.06,0.515,0.545,0.545
Pb_num,14,M1_Core,Ridge,0.23,0.611,-0.381,0.381
Pb_num,14,M1_Core,Ridge,0.58,0.6209,-0.0409,0.0409
Pb_num,14,M1_Core,Ridge,0.2,0.6538,-0.4538,0.4538
Pb_num,14,M1_Core,HuberRegressor,0.97,0.3931,0.5769,0.5769
Pb_num,14,M1_Core,HuberRegressor,0.71,0.7548,-0.0448,0.0448
Pb_num,14,M1_Core,HuberRegressor,1.31,0.4275,0.8825,0.8825
Pb_num,14,M1_Core,HuberRegressor,0.8,0.77,0.03,0.03
Pb_num,14,M1_Core,HuberRegressor,1.06,0.4042,0.6558,0.6558
Pb_num,14,M1_Core,HuberRegressor,0.23,0.4307,-0.2007,0.2007
Pb_num,14,M1_Core,HuberRegressor,0.58,0.4448,0.1352,0.1352
Pb_num,14,M1_Core,HuberRegressor,0.2,0.4471,-0.2471,0.2471
Pb_num,14,M1_Core,ExtraTrees,0.97,0.4161,0.5539,0.5539
Pb_num,14,M1_Core,ExtraTrees,0.71,1.706,-0.996,0.996
Pb_num,14,M1_Core,ExtraTrees,1.31,0.4518,0.8582,0.8582
Pb_num,14,M1_Core,ExtraTrees,0.8,1.1799,-0.3799,0.3799
Pb_num,14,M1_Core,ExtraTrees,1.06,0.485,0.575,0.575
Pb_num,14,M1_Core,ExtraTrees,0.23,0.4847,-0.2547,0.2547
Pb_num,14,M1_Core,ExtraTrees,0.58,0.5014,0.0786,0.0786
Pb_num,14,M1_Core,ExtraTrees,0.2,0.5226,-0.3226,0.3226
Pb_num,14,M7_TargetSpecific_Selected,Ridge,0.97,0.4794,0.4906,0.4906
Pb_num,14,M7_TargetSpecific_Selected,Ridge,0.71,1.3137,-0.6037,0.6037
Pb_num,14,M7_TargetSpecific_Selected,Ridge,1.31,0.7147,0.5953,0.5953
Pb_num,14,M7_TargetSpecific_Selected,Ridge,0.8,0.8751,-0.0751,0.0751
Pb_num,14,M7_TargetSpecific_Selected,Ridge,1.06,0.6883,0.3717,0.3717
Pb_num,14,M7_TargetSpecific_Selected,Ridge,0.23,0.4021,-0.1721,0.1721
Pb_num,14,M7_TargetSpecific_Selected,Ridge,0.58,0.4581,0.1219,0.1219
Pb_num,14,M7_TargetSpecific_Selected,Ridge,0.2,0.6047,-0.4047,0.4047
Pb_num,14,M7_TargetSpecific_Selected,HuberRegressor,0.97,0.4194,0.5506,0.5506
Pb_num,14,M7_TargetSpecific_Selected,HuberRegressor,0.71,0.8369,-0.1269,0.1269
Pb_num,14,M7_TargetSpecific_Selected,HuberRegressor,1.31,0.4378,0.8722,0.8722
Pb_num,14,M7_TargetSpecific_Selected,HuberRegressor,0.8,0.817,-0.017,0.017
Pb_num,14,M7_TargetSpecific_Selected,HuberRegressor,1.06,0.6188,0.4412,0.4412
Pb_num,14,M7_TargetSpecific_Selected,HuberRegressor,0.23,0.3472,-0.1172,0.1172
Pb_num,14,M7_TargetSpecific_Selected,HuberRegressor,0.58,0.4535,0.1265,0.1265
Pb_num,14,M7_TargetSpecific_Selected,HuberRegressor,0.2,0.5708,-0.3708,0.3708
Pb_num,14,M7_TargetSpecific_Selected,ExtraTrees,0.97,0.3804,0.5896,0.5896
Pb_num,14,M7_TargetSpecific_Selected,ExtraTrees,0.71,3.3638,-2.6538,2.6538
Pb_num,14,M7_TargetSpecific_Selected,ExtraTrees,1.31,0.4274,0.8826,0.8826
Pb_num,14,M7_TargetSpecific_Selected,ExtraTrees,0.8,0.9829,-0.1829,0.1829
Pb_num,14,M7_TargetSpecific_Selected,ExtraTrees,1.06,0.6455,0.4145,0.4145
Pb_num,14,M7_TargetSpecific_Selected,ExtraTrees,0.23,0.4498,-0.2198,0.2198
Pb_num,14,M7_TargetSpecific_Selected,ExtraTrees,0.58,0.4344,0.1456,0.1456
Pb_num,14,M7_TargetSpecific_Selected,ExtraTrees,0.2,0.4239,-0.2239,0.2239
Pb_num,15,M1_Core,Ridge,0.5,0.553,-0.053,0.053
Pb_num,15,M1_Core,Ridge,1.23,4.1572,-2.9272,2.9272
Pb_num,15,M1_Core,Ridge,0.97,0.4951,0.4749,0.4749
Pb_num,15,M1_Core,Ridge,7.58,2.4396,5.1404,5.1404
Pb_num,15,M1_Core,Ridge,0.34,0.5076,-0.1676,0.1676
Pb_num,15,M1_Core,Ridge,0.19,0.4084,-0.2184,0.2184
Pb_num,15,M1_Core,Ridge,0.21,0.2256,-0.0156,0.0156
Pb_num,15,M1_Core,Ridge,0.17,0.3301,-0.1601,0.1601
Pb_num,15,M1_Core,HuberRegressor,0.5,0.4108,0.0892,0.0892
Pb_num,15,M1_Core,HuberRegressor,1.23,4.3632,-3.1332,3.1332
Pb_num,15,M1_Core,HuberRegressor,0.97,0.3921,0.5779,0.5779
Pb_num,15,M1_Core,HuberRegressor,7.58,2.4008,5.1792,5.1792
Pb_num,15,M1_Core,HuberRegressor,0.34,0.4211,-0.0811,0.0811
Pb_num,15,M1_Core,HuberRegressor,0.19,0.3566,-0.1666,0.1666
Pb_num,15,M1_Core,HuberRegressor,0.21,0.2382,-0.0282,0.0282
Pb_num,15,M1_Core,HuberRegressor,0.17,0.3435,-0.1735,0.1735
Pb_num,15,M1_Core,ExtraTrees,0.5,0.4776,0.0224,0.0224
Pb_num,15,M1_Core,ExtraTrees,1.23,1.9585,-0.7285,0.7285
Pb_num,15,M1_Core,ExtraTrees,0.97,0.469,0.501,0.501
Pb_num,15,M1_Core,ExtraTrees,7.58,2.093,5.487,5.487
Pb_num,15,M1_Core,ExtraTrees,0.34,0.37,-0.03,0.03
Pb_num,15,M1_Core,ExtraTrees,0.19,0.3384,-0.1484,0.1484
Pb_num,15,M1_Core,ExtraTrees,0.21,0.3195,-0.1095,0.1095
Pb_num,15,M1_Core,ExtraTrees,0.17,0.2694,-0.0994,0.0994
Pb_num,15,M7_TargetSpecific_Selected,Ridge,0.5,0.5229,-0.0229,0.0229
Pb_num,15,M7_TargetSpecific_Selected,Ridge,1.23,3.1212,-1.8912,1.8912
Pb_num,15,M7_TargetSpecific_Selected,Ridge,0.97,0.5289,0.4411,0.4411
Pb_num,15,M7_TargetSpecific_Selected,Ridge,7.58,2.1535,5.4265,5.4265
Pb_num,15,M7_TargetSpecific_Selected,Ridge,0.34,0.4941,-0.1541,0.1541
Pb_num,15,M7_TargetSpecific_Selected,Ridge,0.19,0.4002,-0.2102,0.2102
Pb_num,15,M7_TargetSpecific_Selected,Ridge,0.21,0.2876,-0.0776,0.0776
Pb_num,15,M7_TargetSpecific_Selected,Ridge,0.17,0.2554,-0.0854,0.0854
Pb_num,15,M7_TargetSpecific_Selected,HuberRegressor,0.5,0.3802,0.1198,0.1198
Pb_num,15,M7_TargetSpecific_Selected,HuberRegressor,1.23,2.9523,-1.7223,1.7223
Pb_num,15,M7_TargetSpecific_Selected,HuberRegressor,0.97,0.4437,0.5263,0.5263
Pb_num,15,M7_TargetSpecific_Selected,HuberRegressor,7.58,2.0497,5.5303,5.5303
Pb_num,15,M7_TargetSpecific_Selected,HuberRegressor,0.34,0.4483,-0.1083,0.1083
Pb_num,15,M7_TargetSpecific_Selected,HuberRegressor,0.19,0.3717,-0.1817,0.1817
Pb_num,15,M7_TargetSpecific_Selected,HuberRegressor,0.21,0.2911,-0.0811,0.0811
Pb_num,15,M7_TargetSpecific_Selected,HuberRegressor,0.17,0.2629,-0.0929,0.0929
Pb_num,15,M7_TargetSpecific_Selected,ExtraTrees,0.5,0.4883,0.0117,0.0117
Pb_num,15,M7_TargetSpecific_Selected,ExtraTrees,1.23,1.9034,-0.6734,0.6734
Pb_num,15,M7_TargetSpecific_Selected,ExtraTrees,0.97,0.4551,0.5149,0.5149
Pb_num,15,M7_TargetSpecific_Selected,ExtraTrees,7.58,1.8946,5.6854,5.6854
Pb_num,15,M7_TargetSpecific_Selected,ExtraTrees,0.34,0.343,-0.003,0.003
Pb_num,15,M7_TargetSpecific_Selected,ExtraTrees,0.19,0.3376,-0.1476,0.1476
Pb_num,15,M7_TargetSpecific_Selected,ExtraTrees,0.21,0.4147,-0.2047,0.2047
Pb_num,15,M7_TargetSpecific_Selected,ExtraTrees,0.17,0.2639,-0.0939,0.0939
Pb_num,16,M1_Core,Ridge,0.33,0.6486,-0.3186,0.3186
Pb_num,16,M1_Core,Ridge,0.8,1.0138,-0.2138,0.2138
Pb_num,16,M1_Core,Ridge,1.06,0.6319,0.4281,0.4281
Pb_num,16,M1_Core,Ridge,0.48,0.9145,-0.4345,0.4345
Pb_num,16,M1_Core,Ridge,0.23,0.6835,-0.4535,0.4535
Pb_num,16,M1_Core,Ridge,0.2,0.3123,-0.1123,0.1123
Pb_num,16,M1_Core,Ridge,0.16,0.429,-0.269,0.269
Pb_num,16,M1_Core,Ridge,0.19,0.4233,-0.2333,0.2333
Pb_num,16,M1_Core,HuberRegressor,0.33,0.5756,-0.2456,0.2456
Pb_num,16,M1_Core,HuberRegressor,0.8,0.9056,-0.1056,0.1056
Pb_num,16,M1_Core,HuberRegressor,1.06,0.5805,0.4795,0.4795
Pb_num,16,M1_Core,HuberRegressor,0.48,0.798,-0.318,0.318
Pb_num,16,M1_Core,HuberRegressor,0.23,0.6003,-0.3703,0.3703
Pb_num,16,M1_Core,HuberRegressor,0.2,0.2692,-0.0692,0.0692
Pb_num,16,M1_Core,HuberRegressor,0.16,0.4231,-0.2631,0.2631
Pb_num,16,M1_Core,HuberRegressor,0.19,0.3873,-0.1973,0.1973
Pb_num,16,M1_Core,ExtraTrees,0.33,0.6453,-0.3153,0.3153
Pb_num,16,M1_Core,ExtraTrees,0.8,1.0368,-0.2368,0.2368
Pb_num,16,M1_Core,ExtraTrees,1.06,0.5904,0.4696,0.4696
Pb_num,16,M1_Core,ExtraTrees,0.48,0.667,-0.187,0.187
Pb_num,16,M1_Core,ExtraTrees,0.23,0.5943,-0.3643,0.3643
Pb_num,16,M1_Core,ExtraTrees,0.2,0.2843,-0.0843,0.0843
Pb_num,16,M1_Core,ExtraTrees,0.16,0.3595,-0.1995,0.1995
Pb_num,16,M1_Core,ExtraTrees,0.19,0.3483,-0.1583,0.1583
Pb_num,16,M7_TargetSpecific_Selected,Ridge,0.33,0.9573,-0.6273,0.6273
Pb_num,16,M7_TargetSpecific_Selected,Ridge,0.8,0.9868,-0.1868,0.1868
Pb_num,16,M7_TargetSpecific_Selected,Ridge,1.06,0.8721,0.1879,0.1879
Pb_num,16,M7_TargetSpecific_Selected,Ridge,0.48,0.9134,-0.4334,0.4334
Pb_num,16,M7_TargetSpecific_Selected,Ridge,0.23,0.4853,-0.2553,0.2553
Pb_num,16,M7_TargetSpecific_Selected,Ridge,0.2,0.2344,-0.0344,0.0344
Pb_num,16,M7_TargetSpecific_Selected,Ridge,0.16,0.5565,-0.3965,0.3965
Pb_num,16,M7_TargetSpecific_Selected,Ridge,0.19,0.3065,-0.1165,0.1165
Pb_num,16,M7_TargetSpecific_Selected,HuberRegressor,0.33,0.9737,-0.6437,0.6437
Pb_num,16,M7_TargetSpecific_Selected,HuberRegressor,0.8,0.8708,-0.0708,0.0708
Pb_num,16,M7_TargetSpecific_Selected,HuberRegressor,1.06,0.8966,0.1634,0.1634
Pb_num,16,M7_TargetSpecific_Selected,HuberRegressor,0.48,0.8591,-0.3791,0.3791
Pb_num,16,M7_TargetSpecific_Selected,HuberRegressor,0.23,0.5233,-0.2933,0.2933
Pb_num,16,M7_TargetSpecific_Selected,HuberRegressor,0.2,0.1983,0.0017,0.0017
Pb_num,16,M7_TargetSpecific_Selected,HuberRegressor,0.16,0.527,-0.367,0.367
Pb_num,16,M7_TargetSpecific_Selected,HuberRegressor,0.19,0.3521,-0.1621,0.1621
Pb_num,16,M7_TargetSpecific_Selected,ExtraTrees,0.33,0.6329,-0.3029,0.3029
Pb_num,16,M7_TargetSpecific_Selected,ExtraTrees,0.8,1.1699,-0.3699,0.3699
Pb_num,16,M7_TargetSpecific_Selected,ExtraTrees,1.06,0.6555,0.4045,0.4045
Pb_num,16,M7_TargetSpecific_Selected,ExtraTrees,0.48,0.7569,-0.2769,0.2769
Pb_num,16,M7_TargetSpecific_Selected,ExtraTrees,0.23,0.5871,-0.3571,0.3571
Pb_num,16,M7_TargetSpecific_Selected,ExtraTrees,0.2,0.2754,-0.0754,0.0754
Pb_num,16,M7_TargetSpecific_Selected,ExtraTrees,0.16,0.4891,-0.3291,0.3291
Pb_num,16,M7_TargetSpecific_Selected,ExtraTrees,0.19,0.304,-0.114,0.114
Pb_num,17,M1_Core,Ridge,0.78,1.0493,-0.2693,0.2693
Pb_num,17,M1_Core,Ridge,0.24,0.5772,-0.3372,0.3372
Pb_num,17,M1_Core,Ridge,0.35,0.546,-0.196,0.196
Pb_num,17,M1_Core,Ridge,1.31,0.6469,0.6631,0.6631
Pb_num,17,M1_Core,Ridge,0.96,0.6093,0.3507,0.3507
Pb_num,17,M1_Core,Ridge,0.34,0.5655,-0.2255,0.2255
Pb_num,17,M1_Core,Ridge,0.26,0.2313,0.0287,0.0287
Pb_num,17,M1_Core,Ridge,0.71,0.4479,0.2621,0.2621
Pb_num,17,M1_Core,HuberRegressor,0.78,0.9767,-0.1967,0.1967
Pb_num,17,M1_Core,HuberRegressor,0.24,0.4654,-0.2254,0.2254
Pb_num,17,M1_Core,HuberRegressor,0.35,0.4514,-0.1014,0.1014
Pb_num,17,M1_Core,HuberRegressor,1.31,0.4679,0.8421,0.8421
Pb_num,17,M1_Core,HuberRegressor,0.96,0.4689,0.4911,0.4911
Pb_num,17,M1_Core,HuberRegressor,0.34,0.435,-0.095,0.095
Pb_num,17,M1_Core,HuberRegressor,0.26,0.2552,0.0048,0.0048
Pb_num,17,M1_Core,HuberRegressor,0.71,0.3714,0.3386,0.3386
Pb_num,17,M1_Core,ExtraTrees,0.78,1.1481,-0.3681,0.3681
Pb_num,17,M1_Core,ExtraTrees,0.24,0.4767,-0.2367,0.2367
Pb_num,17,M1_Core,ExtraTrees,0.35,0.478,-0.128,0.128
Pb_num,17,M1_Core,ExtraTrees,1.31,0.4784,0.8316,0.8316
Pb_num,17,M1_Core,ExtraTrees,0.96,0.5315,0.4285,0.4285
Pb_num,17,M1_Core,ExtraTrees,0.34,0.534,-0.194,0.194
Pb_num,17,M1_Core,ExtraTrees,0.26,0.2786,-0.0186,0.0186
Pb_num,17,M1_Core,ExtraTrees,0.71,0.5642,0.1458,0.1458
Pb_num,17,M7_TargetSpecific_Selected,Ridge,0.78,0.704,0.076,0.076
Pb_num,17,M7_TargetSpecific_Selected,Ridge,0.24,1.2902,-1.0502,1.0502
Pb_num,17,M7_TargetSpecific_Selected,Ridge,0.35,3.775,-3.425,3.425
Pb_num,17,M7_TargetSpecific_Selected,Ridge,1.31,1.1134,0.1966,0.1966
Pb_num,17,M7_TargetSpecific_Selected,Ridge,0.96,0.3882,0.5718,0.5718
Pb_num,17,M7_TargetSpecific_Selected,Ridge,0.34,0.3141,0.0259,0.0259
Pb_num,17,M7_TargetSpecific_Selected,Ridge,0.26,0.4313,-0.1713,0.1713
Pb_num,17,M7_TargetSpecific_Selected,Ridge,0.71,0.6317,0.0783,0.0783
Pb_num,17,M7_TargetSpecific_Selected,HuberRegressor,0.78,0.4313,0.3487,0.3487
Pb_num,17,M7_TargetSpecific_Selected,HuberRegressor,0.24,1.1393,-0.8993,0.8993
Pb_num,17,M7_TargetSpecific_Selected,HuberRegressor,0.35,3.1522,-2.8022,2.8022
Pb_num,17,M7_TargetSpecific_Selected,HuberRegressor,1.31,0.9314,0.3786,0.3786
Pb_num,17,M7_TargetSpecific_Selected,HuberRegressor,0.96,0.3426,0.6174,0.6174
Pb_num,17,M7_TargetSpecific_Selected,HuberRegressor,0.34,0.3003,0.0397,0.0397
Pb_num,17,M7_TargetSpecific_Selected,HuberRegressor,0.26,0.4109,-0.1509,0.1509
Pb_num,17,M7_TargetSpecific_Selected,HuberRegressor,0.71,0.6093,0.1007,0.1007
Pb_num,17,M7_TargetSpecific_Selected,ExtraTrees,0.78,1.2825,-0.5025,0.5025
Pb_num,17,M7_TargetSpecific_Selected,ExtraTrees,0.24,0.4497,-0.2097,0.2097
Pb_num,17,M7_TargetSpecific_Selected,ExtraTrees,0.35,0.7459,-0.3959,0.3959
Pb_num,17,M7_TargetSpecific_Selected,ExtraTrees,1.31,0.4583,0.8517,0.8517
Pb_num,17,M7_TargetSpecific_Selected,ExtraTrees,0.96,0.5119,0.4481,0.4481
Pb_num,17,M7_TargetSpecific_Selected,ExtraTrees,0.34,0.4766,-0.1366,0.1366
Pb_num,17,M7_TargetSpecific_Selected,ExtraTrees,0.26,0.3196,-0.0596,0.0596
Pb_num,17,M7_TargetSpecific_Selected,ExtraTrees,0.71,0.4827,0.2273,0.2273
Pb_num,18,M1_Core,Ridge,2.84,1.0374,1.8026,1.8026
Pb_num,18,M1_Core,Ridge,0.65,0.931,-0.281,0.281
Pb_num,18,M1_Core,Ridge,2.37,0.7204,1.6496,1.6496
Pb_num,18,M1_Core,Ridge,0.16,0.7167,-0.5567,0.5567
Pb_num,18,M1_Core,Ridge,0.27,0.0922,0.1778,0.1778
Pb_num,18,M1_Core,Ridge,0.72,0.3623,0.3577,0.3577
Pb_num,18,M1_Core,Ridge,0.39,0.5327,-0.1427,0.1427
Pb_num,18,M1_Core,Ridge,0.47,0.3277,0.1423,0.1423
Pb_num,18,M1_Core,HuberRegressor,2.84,0.8001,2.0399,2.0399
Pb_num,18,M1_Core,HuberRegressor,0.65,0.7886,-0.1386,0.1386
Pb_num,18,M1_Core,HuberRegressor,2.37,0.6314,1.7386,1.7386
Pb_num,18,M1_Core,HuberRegressor,0.16,0.5928,-0.4328,0.4328
Pb_num,18,M1_Core,HuberRegressor,0.27,0.1315,0.1385,0.1385
Pb_num,18,M1_Core,HuberRegressor,0.72,0.3323,0.3877,0.3877
Pb_num,18,M1_Core,HuberRegressor,0.39,0.4378,-0.0478,0.0478
Pb_num,18,M1_Core,HuberRegressor,0.47,0.3555,0.1145,0.1145
Pb_num,18,M1_Core,ExtraTrees,2.84,0.7289,2.1111,2.1111
Pb_num,18,M1_Core,ExtraTrees,0.65,0.6898,-0.0398,0.0398
Pb_num,18,M1_Core,ExtraTrees,2.37,0.6137,1.7563,1.7563
Pb_num,18,M1_Core,ExtraTrees,0.16,0.6685,-0.5085,0.5085
Pb_num,18,M1_Core,ExtraTrees,0.27,0.2406,0.0294,0.0294
Pb_num,18,M1_Core,ExtraTrees,0.72,0.399,0.321,0.321
Pb_num,18,M1_Core,ExtraTrees,0.39,0.5285,-0.1385,0.1385
Pb_num,18,M1_Core,ExtraTrees,0.47,0.4504,0.0196,0.0196
Pb_num,18,M7_TargetSpecific_Selected,Ridge,2.84,1.0267,1.8133,1.8133
Pb_num,18,M7_TargetSpecific_Selected,Ridge,0.65,0.7781,-0.1281,0.1281
Pb_num,18,M7_TargetSpecific_Selected,Ridge,2.37,1.0608,1.3092,1.3092
Pb_num,18,M7_TargetSpecific_Selected,Ridge,0.16,0.6307,-0.4707,0.4707
Pb_num,18,M7_TargetSpecific_Selected,Ridge,0.27,0.1245,0.1455,0.1455
Pb_num,18,M7_TargetSpecific_Selected,Ridge,0.72,0.3574,0.3626,0.3626
Pb_num,18,M7_TargetSpecific_Selected,Ridge,0.39,0.4325,-0.0425,0.0425
Pb_num,18,M7_TargetSpecific_Selected,Ridge,0.47,0.2562,0.2138,0.2138
Pb_num,18,M7_TargetSpecific_Selected,HuberRegressor,2.84,0.8319,2.0081,2.0081
Pb_num,18,M7_TargetSpecific_Selected,HuberRegressor,0.65,0.8752,-0.2252,0.2252
Pb_num,18,M7_TargetSpecific_Selected,HuberRegressor,2.37,0.4294,1.9406,1.9406
Pb_num,18,M7_TargetSpecific_Selected,HuberRegressor,0.16,0.6349,-0.4749,0.4749
Pb_num,18,M7_TargetSpecific_Selected,HuberRegressor,0.27,0.1285,0.1415,0.1415
Pb_num,18,M7_TargetSpecific_Selected,HuberRegressor,0.72,0.3558,0.3642,0.3642
Pb_num,18,M7_TargetSpecific_Selected,HuberRegressor,0.39,0.4749,-0.0849,0.0849
Pb_num,18,M7_TargetSpecific_Selected,HuberRegressor,0.47,0.4099,0.0601,0.0601
Pb_num,18,M7_TargetSpecific_Selected,ExtraTrees,2.84,0.685,2.155,2.155
Pb_num,18,M7_TargetSpecific_Selected,ExtraTrees,0.65,0.6107,0.0393,0.0393
Pb_num,18,M7_TargetSpecific_Selected,ExtraTrees,2.37,0.6318,1.7382,1.7382
Pb_num,18,M7_TargetSpecific_Selected,ExtraTrees,0.16,0.6476,-0.4876,0.4876
Pb_num,18,M7_TargetSpecific_Selected,ExtraTrees,0.27,0.2313,0.0387,0.0387
Pb_num,18,M7_TargetSpecific_Selected,ExtraTrees,0.72,0.2847,0.4353,0.4353
Pb_num,18,M7_TargetSpecific_Selected,ExtraTrees,0.39,0.5446,-0.1546,0.1546
Pb_num,18,M7_TargetSpecific_Selected,ExtraTrees,0.47,0.3777,0.0923,0.0923
Pb_num,19,M1_Core,Ridge,2.58,2.6591,-0.0791,0.0791
Pb_num,19,M1_Core,Ridge,0.71,1.0637,-0.3537,0.3537
Pb_num,19,M1_Core,Ridge,0.39,0.9763,-0.5863,0.5863
Pb_num,19,M1_Core,Ridge,0.58,0.6528,-0.0728,0.0728
Pb_num,19,M1_Core,Ridge,0.2,0.7016,-0.5016,0.5016
Pb_num,19,M1_Core,Ridge,0.23,0.0,0.23,0.23
Pb_num,19,M1_Core,Ridge,0.88,0.6415,0.2385,0.2385
Pb_num,19,M1_Core,Ridge,0.17,0.1205,0.0495,0.0495
Pb_num,19,M1_Core,HuberRegressor,2.58,1.536,1.044,1.044
Pb_num,19,M1_Core,HuberRegressor,0.71,0.7213,-0.0113,0.0113
Pb_num,19,M1_Core,HuberRegressor,0.39,0.7252,-0.3352,0.3352
Pb_num,19,M1_Core,HuberRegressor,0.58,0.5062,0.0738,0.0738
Pb_num,19,M1_Core,HuberRegressor,0.2,0.5033,-0.3033,0.3033
Pb_num,19,M1_Core,HuberRegressor,0.23,0.0,0.23,0.23
Pb_num,19,M1_Core,HuberRegressor,0.88,0.4987,0.3813,0.3813
Pb_num,19,M1_Core,HuberRegressor,0.17,0.1668,0.0032,0.0032
Pb_num,19,M1_Core,ExtraTrees,2.58,4.9399,-2.3599,2.3599
Pb_num,19,M1_Core,ExtraTrees,0.71,2.3223,-1.6123,1.6123
Pb_num,19,M1_Core,ExtraTrees,0.39,1.0774,-0.6874,0.6874
Pb_num,19,M1_Core,ExtraTrees,0.58,0.4197,0.1603,0.1603
Pb_num,19,M1_Core,ExtraTrees,0.2,0.408,-0.208,0.208
Pb_num,19,M1_Core,ExtraTrees,0.23,0.2724,-0.0424,0.0424
Pb_num,19,M1_Core,ExtraTrees,0.88,0.4519,0.4281,0.4281
Pb_num,19,M1_Core,ExtraTrees,0.17,0.3173,-0.1473,0.1473
Pb_num,19,M7_TargetSpecific_Selected,Ridge,2.58,3.0225,-0.4425,0.4425
Pb_num,19,M7_TargetSpecific_Selected,Ridge,0.71,1.4627,-0.7527,0.7527
Pb_num,19,M7_TargetSpecific_Selected,Ridge,0.39,0.9893,-0.5993,0.5993
Pb_num,19,M7_TargetSpecific_Selected,Ridge,0.58,0.4625,0.1175,0.1175
Pb_num,19,M7_TargetSpecific_Selected,Ridge,0.2,0.6588,-0.4588,0.4588
Pb_num,19,M7_TargetSpecific_Selected,Ridge,0.23,0.0,0.23,0.23
Pb_num,19,M7_TargetSpecific_Selected,Ridge,0.88,0.3145,0.5655,0.5655
Pb_num,19,M7_TargetSpecific_Selected,Ridge,0.17,0.1386,0.0314,0.0314
Pb_num,19,M7_TargetSpecific_Selected,HuberRegressor,2.58,1.8319,0.7481,0.7481
Pb_num,19,M7_TargetSpecific_Selected,HuberRegressor,0.71,0.8085,-0.0985,0.0985
Pb_num,19,M7_TargetSpecific_Selected,HuberRegressor,0.39,0.8402,-0.4502,0.4502
Pb_num,19,M7_TargetSpecific_Selected,HuberRegressor,0.58,0.5072,0.0728,0.0728
Pb_num,19,M7_TargetSpecific_Selected,HuberRegressor,0.2,0.6809,-0.4809,0.4809
Pb_num,19,M7_TargetSpecific_Selected,HuberRegressor,0.23,0.0,0.23,0.23
Pb_num,19,M7_TargetSpecific_Selected,HuberRegressor,0.88,0.305,0.575,0.575
Pb_num,19,M7_TargetSpecific_Selected,HuberRegressor,0.17,0.138,0.032,0.032
Pb_num,19,M7_TargetSpecific_Selected,ExtraTrees,2.58,3.413,-0.833,0.833
Pb_num,19,M7_TargetSpecific_Selected,ExtraTrees,0.71,3.1578,-2.4478,2.4478
Pb_num,19,M7_TargetSpecific_Selected,ExtraTrees,0.39,0.8812,-0.4912,0.4912
Pb_num,19,M7_TargetSpecific_Selected,ExtraTrees,0.58,0.4885,0.0915,0.0915
Pb_num,19,M7_TargetSpecific_Selected,ExtraTrees,0.2,0.4904,-0.2904,0.2904
Pb_num,19,M7_TargetSpecific_Selected,ExtraTrees,0.23,0.2653,-0.0353,0.0353
Pb_num,19,M7_TargetSpecific_Selected,ExtraTrees,0.88,0.4388,0.4412,0.4412
Pb_num,19,M7_TargetSpecific_Selected,ExtraTrees,0.17,0.2895,-0.1195,0.1195
Pb_num,20,M1_Core,Ridge,0.5,0.6241,-0.1241,0.1241
Pb_num,20,M1_Core,Ridge,0.78,1.0607,-0.2807,0.2807
Pb_num,20,M1_Core,Ridge,0.71,1.0213,-0.3113,0.3113
Pb_num,20,M1_Core,Ridge,1.31,0.6323,0.6777,0.6777
Pb_num,20,M1_Core,Ridge,0.8,0.9196,-0.1196,0.1196
Pb_num,20,M1_Core,Ridge,0.96,0.5883,0.3717,0.3717
Pb_num,20,M1_Core,Ridge,1.06,0.522,0.538,0.538
Pb_num,20,M1_Core,Ridge,0.23,0.5788,-0.3488,0.3488
Pb_num,20,M1_Core,HuberRegressor,0.5,0.4248,0.0752,0.0752
Pb_num,20,M1_Core,HuberRegressor,0.78,1.0901,-0.3101,0.3101
Pb_num,20,M1_Core,HuberRegressor,0.71,0.9105,-0.2005,0.2005
Pb_num,20,M1_Core,HuberRegressor,1.31,0.4224,0.8876,0.8876
Pb_num,20,M1_Core,HuberRegressor,0.8,0.8588,-0.0588,0.0588
Pb_num,20,M1_Core,HuberRegressor,0.96,0.4341,0.5259,0.5259
Pb_num,20,M1_Core,HuberRegressor,1.06,0.4155,0.6445,0.6445
Pb_num,20,M1_Core,HuberRegressor,0.23,0.407,-0.177,0.177
Pb_num,20,M1_Core,ExtraTrees,0.5,0.4431,0.0569,0.0569
Pb_num,20,M1_Core,ExtraTrees,0.78,1.1211,-0.3411,0.3411
Pb_num,20,M1_Core,ExtraTrees,0.71,1.5897,-0.8797,0.8797
Pb_num,20,M1_Core,ExtraTrees,1.31,0.4477,0.8623,0.8623
Pb_num,20,M1_Core,ExtraTrees,0.8,1.2842,-0.4842,0.4842
Pb_num,20,M1_Core,ExtraTrees,0.96,0.4719,0.4881,0.4881
Pb_num,20,M1_Core,ExtraTrees,1.06,0.511,0.549,0.549
Pb_num,20,M1_Core,ExtraTrees,0.23,0.4566,-0.2266,0.2266
Pb_num,20,M7_TargetSpecific_Selected,Ridge,0.5,0.5454,-0.0454,0.0454
Pb_num,20,M7_TargetSpecific_Selected,Ridge,0.78,1.1058,-0.3258,0.3258
Pb_num,20,M7_TargetSpecific_Selected,Ridge,0.71,1.3108,-0.6008,0.6008
Pb_num,20,M7_TargetSpecific_Selected,Ridge,1.31,0.7023,0.6077,0.6077
Pb_num,20,M7_TargetSpecific_Selected,Ridge,0.8,0.8745,-0.0745,0.0745
Pb_num,20,M7_TargetSpecific_Selected,Ridge,0.96,0.4037,0.5563,0.5563
Pb_num,20,M7_TargetSpecific_Selected,Ridge,1.06,0.6871,0.3729,0.3729
Pb_num,20,M7_TargetSpecific_Selected,Ridge,0.23,0.3717,-0.1417,0.1417
Pb_num,20,M7_TargetSpecific_Selected,HuberRegressor,0.5,0.3277,0.1723,0.1723
Pb_num,20,M7_TargetSpecific_Selected,HuberRegressor,0.78,0.7192,0.0608,0.0608
Pb_num,20,M7_TargetSpecific_Selected,HuberRegressor,0.71,0.7954,-0.0854,0.0854
Pb_num,20,M7_TargetSpecific_Selected,HuberRegressor,1.31,0.3874,0.9226,0.9226
Pb_num,20,M7_TargetSpecific_Selected,HuberRegressor,0.8,0.8343,-0.0343,0.0343
Pb_num,20,M7_TargetSpecific_Selected,HuberRegressor,0.96,0.3316,0.6284,0.6284
Pb_num,20,M7_TargetSpecific_Selected,HuberRegressor,1.06,0.5999,0.4601,0.4601
Pb_num,20,M7_TargetSpecific_Selected,HuberRegressor,0.23,0.302,-0.072,0.072
Pb_num,20,M7_TargetSpecific_Selected,ExtraTrees,0.5,0.4251,0.0749,0.0749
Pb_num,20,M7_TargetSpecific_Selected,ExtraTrees,0.78,1.6018,-0.8218,0.8218
Pb_num,20,M7_TargetSpecific_Selected,ExtraTrees,0.71,3.3989,-2.6889,2.6889
Pb_num,20,M7_TargetSpecific_Selected,ExtraTrees,1.31,0.3909,0.9191,0.9191
Pb_num,20,M7_TargetSpecific_Selected,ExtraTrees,0.8,1.1937,-0.3937,0.3937
Pb_num,20,M7_TargetSpecific_Selected,ExtraTrees,0.96,0.4934,0.4666,0.4666
Pb_num,20,M7_TargetSpecific_Selected,ExtraTrees,1.06,0.4638,0.5962,0.5962
Pb_num,20,M7_TargetSpecific_Selected,ExtraTrees,0.23,0.4701,-0.2401,0.2401
Pb_num,21,M1_Core,Ridge,0.24,0.646,-0.406,0.406
Pb_num,21,M1_Core,Ridge,7.58,1.5826,5.9974,5.9974
Pb_num,21,M1_Core,Ridge,0.34,0.6757,-0.3357,0.3357
Pb_num,21,M1_Core,Ridge,0.39,0.8239,-0.4339,0.4339
Pb_num,21,M1_Core,Ridge,0.2,0.6938,-0.4938,0.4938
Pb_num,21,M1_Core,Ridge,0.27,0.1826,0.0874,0.0874
Pb_num,21,M1_Core,Ridge,0.26,0.255,0.005,0.005
Pb_num,21,M1_Core,Ridge,0.88,0.6543,0.2257,0.2257
Pb_num,21,M1_Core,HuberRegressor,0.24,0.5809,-0.3409,0.3409
Pb_num,21,M1_Core,HuberRegressor,7.58,1.2604,6.3196,6.3196
Pb_num,21,M1_Core,HuberRegressor,0.34,0.5856,-0.2456,0.2456
Pb_num,21,M1_Core,HuberRegressor,0.39,0.694,-0.304,0.304
Pb_num,21,M1_Core,HuberRegressor,0.2,0.5334,-0.3334,0.3334
Pb_num,21,M1_Core,HuberRegressor,0.27,0.1393,0.1307,0.1307
Pb_num,21,M1_Core,HuberRegressor,0.26,0.3218,-0.0618,0.0618
Pb_num,21,M1_Core,HuberRegressor,0.88,0.559,0.321,0.321
Pb_num,21,M1_Core,ExtraTrees,0.24,0.546,-0.306,0.306
Pb_num,21,M1_Core,ExtraTrees,7.58,1.5711,6.0089,6.0089
Pb_num,21,M1_Core,ExtraTrees,0.34,0.5736,-0.2336,0.2336
Pb_num,21,M1_Core,ExtraTrees,0.39,0.8648,-0.4748,0.4748
Pb_num,21,M1_Core,ExtraTrees,0.2,0.444,-0.244,0.244
Pb_num,21,M1_Core,ExtraTrees,0.27,0.2433,0.0267,0.0267
Pb_num,21,M1_Core,ExtraTrees,0.26,0.3222,-0.0622,0.0622
Pb_num,21,M1_Core,ExtraTrees,0.88,0.535,0.345,0.345
Pb_num,21,M7_TargetSpecific_Selected,Ridge,0.24,0.5791,-0.3391,0.3391
Pb_num,21,M7_TargetSpecific_Selected,Ridge,7.58,1.4381,6.1419,6.1419
Pb_num,21,M7_TargetSpecific_Selected,Ridge,0.34,0.5126,-0.1726,0.1726
Pb_num,21,M7_TargetSpecific_Selected,Ridge,0.39,0.9051,-0.5151,0.5151
Pb_num,21,M7_TargetSpecific_Selected,Ridge,0.2,0.7304,-0.5304,0.5304
Pb_num,21,M7_TargetSpecific_Selected,Ridge,0.27,0.0419,0.2281,0.2281
Pb_num,21,M7_TargetSpecific_Selected,Ridge,0.26,0.353,-0.093,0.093
Pb_num,21,M7_TargetSpecific_Selected,Ridge,0.88,0.4122,0.4678,0.4678
Pb_num,21,M7_TargetSpecific_Selected,HuberRegressor,0.24,0.5401,-0.3001,0.3001
Pb_num,21,M7_TargetSpecific_Selected,HuberRegressor,7.58,1.2752,6.3048,6.3048
Pb_num,21,M7_TargetSpecific_Selected,HuberRegressor,0.34,0.5259,-0.1859,0.1859
Pb_num,21,M7_TargetSpecific_Selected,HuberRegressor,0.39,0.8671,-0.4771,0.4771
Pb_num,21,M7_TargetSpecific_Selected,HuberRegressor,0.2,0.6038,-0.4038,0.4038
Pb_num,21,M7_TargetSpecific_Selected,HuberRegressor,0.27,0.0709,0.1991,0.1991
Pb_num,21,M7_TargetSpecific_Selected,HuberRegressor,0.26,0.4308,-0.1708,0.1708
Pb_num,21,M7_TargetSpecific_Selected,HuberRegressor,0.88,0.3367,0.5433,0.5433
Pb_num,21,M7_TargetSpecific_Selected,ExtraTrees,0.24,0.5731,-0.3331,0.3331
Pb_num,21,M7_TargetSpecific_Selected,ExtraTrees,7.58,1.3597,6.2203,6.2203
Pb_num,21,M7_TargetSpecific_Selected,ExtraTrees,0.34,0.5419,-0.2019,0.2019
Pb_num,21,M7_TargetSpecific_Selected,ExtraTrees,0.39,0.828,-0.438,0.438
Pb_num,21,M7_TargetSpecific_Selected,ExtraTrees,0.2,0.4664,-0.2664,0.2664
Pb_num,21,M7_TargetSpecific_Selected,ExtraTrees,0.27,0.2644,0.0056,0.0056
Pb_num,21,M7_TargetSpecific_Selected,ExtraTrees,0.26,0.3675,-0.1075,0.1075
Pb_num,21,M7_TargetSpecific_Selected,ExtraTrees,0.88,0.4851,0.3949,0.3949
Pb_num,22,M1_Core,Ridge,2.84,1.0258,1.8142,1.8142
Pb_num,22,M1_Core,Ridge,0.65,0.9788,-0.3288,0.3288
Pb_num,22,M1_Core,Ridge,0.97,0.5486,0.4214,0.4214
Pb_num,22,M1_Core,Ridge,0.16,0.7443,-0.5843,0.5843
Pb_num,22,M1_Core,Ridge,0.35,0.5028,-0.1528,0.1528
Pb_num,22,M1_Core,Ridge,0.58,0.5814,-0.0014,0.0014
Pb_num,22,M1_Core,Ridge,0.16,0.3456,-0.1856,0.1856
Pb_num,22,M1_Core,Ridge,0.47,0.4031,0.0669,0.0669
Pb_num,22,M1_Core,HuberRegressor,2.84,0.8642,1.9758,1.9758
Pb_num,22,M1_Core,HuberRegressor,0.65,0.8795,-0.2295,0.2295
Pb_num,22,M1_Core,HuberRegressor,0.97,0.4278,0.5422,0.5422
Pb_num,22,M1_Core,HuberRegressor,0.16,0.6105,-0.4505,0.4505
Pb_num,22,M1_Core,HuberRegressor,0.35,0.3978,-0.0478,0.0478
Pb_num,22,M1_Core,HuberRegressor,0.58,0.4234,0.1566,0.1566
Pb_num,22,M1_Core,HuberRegressor,0.16,0.3251,-0.1651,0.1651
Pb_num,22,M1_Core,HuberRegressor,0.47,0.3667,0.1033,0.1033
Pb_num,22,M1_Core,ExtraTrees,2.84,0.8434,1.9966,1.9966
Pb_num,22,M1_Core,ExtraTrees,0.65,0.8,-0.15,0.15
Pb_num,22,M1_Core,ExtraTrees,0.97,0.4732,0.4968,0.4968
Pb_num,22,M1_Core,ExtraTrees,0.16,0.8023,-0.6423,0.6423
Pb_num,22,M1_Core,ExtraTrees,0.35,0.5055,-0.1555,0.1555
Pb_num,22,M1_Core,ExtraTrees,0.58,0.4933,0.0867,0.0867
Pb_num,22,M1_Core,ExtraTrees,0.16,0.3809,-0.2209,0.2209
Pb_num,22,M1_Core,ExtraTrees,0.47,0.4153,0.0547,0.0547
Pb_num,22,M7_TargetSpecific_Selected,Ridge,2.84,1.0776,1.7624,1.7624
Pb_num,22,M7_TargetSpecific_Selected,Ridge,0.65,0.6318,0.0182,0.0182
Pb_num,22,M7_TargetSpecific_Selected,Ridge,0.97,0.466,0.504,0.504
Pb_num,22,M7_TargetSpecific_Selected,Ridge,0.16,0.551,-0.391,0.391
Pb_num,22,M7_TargetSpecific_Selected,Ridge,0.35,1.5338,-1.1838,1.1838
Pb_num,22,M7_TargetSpecific_Selected,Ridge,0.58,0.3544,0.2256,0.2256
Pb_num,22,M7_TargetSpecific_Selected,Ridge,0.16,0.5039,-0.3439,0.3439
Pb_num,22,M7_TargetSpecific_Selected,Ridge,0.47,0.1883,0.2817,0.2817
Pb_num,22,M7_TargetSpecific_Selected,HuberRegressor,2.84,0.9386,1.9014,1.9014
Pb_num,22,M7_TargetSpecific_Selected,HuberRegressor,0.65,0.6287,0.0213,0.0213
Pb_num,22,M7_TargetSpecific_Selected,HuberRegressor,0.97,0.4612,0.5088,0.5088
Pb_num,22,M7_TargetSpecific_Selected,HuberRegressor,0.16,0.5412,-0.3812,0.3812
Pb_num,22,M7_TargetSpecific_Selected,HuberRegressor,0.35,1.5619,-1.2119,1.2119
Pb_num,22,M7_TargetSpecific_Selected,HuberRegressor,0.58,0.3885,0.1915,0.1915
Pb_num,22,M7_TargetSpecific_Selected,HuberRegressor,0.16,0.4703,-0.3103,0.3103
Pb_num,22,M7_TargetSpecific_Selected,HuberRegressor,0.47,0.3898,0.0802,0.0802
Pb_num,22,M7_TargetSpecific_Selected,ExtraTrees,2.84,0.7705,2.0695,2.0695
Pb_num,22,M7_TargetSpecific_Selected,ExtraTrees,0.65,0.7114,-0.0614,0.0614
Pb_num,22,M7_TargetSpecific_Selected,ExtraTrees,0.97,0.4735,0.4965,0.4965
Pb_num,22,M7_TargetSpecific_Selected,ExtraTrees,0.16,0.654,-0.494,0.494
Pb_num,22,M7_TargetSpecific_Selected,ExtraTrees,0.35,0.9067,-0.5567,0.5567
Pb_num,22,M7_TargetSpecific_Selected,ExtraTrees,0.58,0.4332,0.1468,0.1468
Pb_num,22,M7_TargetSpecific_Selected,ExtraTrees,0.16,0.3673,-0.2073,0.2073
Pb_num,22,M7_TargetSpecific_Selected,ExtraTrees,0.47,0.407,0.063,0.063
Pb_num,23,M1_Core,Ridge,2.58,2.3286,0.2514,0.2514
Pb_num,23,M1_Core,Ridge,2.37,0.6982,1.6718,1.6718
Pb_num,23,M1_Core,Ridge,0.23,0.0,0.23,0.23
Pb_num,23,M1_Core,Ridge,0.21,0.2618,-0.0518,0.0518
Pb_num,23,M1_Core,Ridge,0.72,0.2998,0.4202,0.4202
Pb_num,23,M1_Core,Ridge,0.39,0.602,-0.212,0.212
Pb_num,23,M1_Core,Ridge,0.17,0.1955,-0.0255,0.0255
Pb_num,23,M1_Core,Ridge,0.17,0.13,0.04,0.04
Pb_num,23,M1_Core,HuberRegressor,2.58,1.2331,1.3469,1.3469
Pb_num,23,M1_Core,HuberRegressor,2.37,0.5472,1.8228,1.8228
Pb_num,23,M1_Core,HuberRegressor,0.23,0.0,0.23,0.23
Pb_num,23,M1_Core,HuberRegressor,0.21,0.3013,-0.0913,0.0913
Pb_num,23,M1_Core,HuberRegressor,0.72,0.3431,0.3769,0.3769
Pb_num,23,M1_Core,HuberRegressor,0.39,0.4915,-0.1015,0.1015
Pb_num,23,M1_Core,HuberRegressor,0.17,0.2023,-0.0323,0.0323
Pb_num,23,M1_Core,HuberRegressor,0.17,0.1926,-0.0226,0.0226
Pb_num,23,M1_Core,ExtraTrees,2.58,5.3391,-2.7591,2.7591
Pb_num,23,M1_Core,ExtraTrees,2.37,0.8684,1.5016,1.5016
Pb_num,23,M1_Core,ExtraTrees,0.23,0.2798,-0.0498,0.0498
Pb_num,23,M1_Core,ExtraTrees,0.21,0.2747,-0.0647,0.0647
Pb_num,23,M1_Core,ExtraTrees,0.72,0.4298,0.2902,0.2902
Pb_num,23,M1_Core,ExtraTrees,0.39,0.5043,-0.1143,0.1143
Pb_num,23,M1_Core,ExtraTrees,0.17,0.2247,-0.0547,0.0547
Pb_num,23,M1_Core,ExtraTrees,0.17,0.2862,-0.1162,0.1162
Pb_num,23,M7_TargetSpecific_Selected,Ridge,2.58,1.6925,0.8875,0.8875
Pb_num,23,M7_TargetSpecific_Selected,Ridge,2.37,0.2596,2.1104,2.1104
Pb_num,23,M7_TargetSpecific_Selected,Ridge,0.23,0.0,0.23,0.23
Pb_num,23,M7_TargetSpecific_Selected,Ridge,0.21,0.381,-0.171,0.171
Pb_num,23,M7_TargetSpecific_Selected,Ridge,0.72,0.2777,0.4423,0.4423
Pb_num,23,M7_TargetSpecific_Selected,Ridge,0.39,0.5966,-0.2066,0.2066
Pb_num,23,M7_TargetSpecific_Selected,Ridge,0.17,0.1574,0.0126,0.0126
Pb_num,23,M7_TargetSpecific_Selected,Ridge,0.17,0.1242,0.0458,0.0458
Pb_num,23,M7_TargetSpecific_Selected,HuberRegressor,2.58,0.9818,1.5982,1.5982
Pb_num,23,M7_TargetSpecific_Selected,HuberRegressor,2.37,0.2709,2.0991,2.0991
Pb_num,23,M7_TargetSpecific_Selected,HuberRegressor,0.23,0.0,0.23,0.23
Pb_num,23,M7_TargetSpecific_Selected,HuberRegressor,0.21,0.3403,-0.1303,0.1303
Pb_num,23,M7_TargetSpecific_Selected,HuberRegressor,0.72,0.3017,0.4183,0.4183
Pb_num,23,M7_TargetSpecific_Selected,HuberRegressor,0.39,0.5566,-0.1666,0.1666
Pb_num,23,M7_TargetSpecific_Selected,HuberRegressor,0.17,0.1866,-0.0166,0.0166
Pb_num,23,M7_TargetSpecific_Selected,HuberRegressor,0.17,0.1494,0.0206,0.0206
Pb_num,23,M7_TargetSpecific_Selected,ExtraTrees,2.58,3.6441,-1.0641,1.0641
Pb_num,23,M7_TargetSpecific_Selected,ExtraTrees,2.37,1.0228,1.3472,1.3472
Pb_num,23,M7_TargetSpecific_Selected,ExtraTrees,0.23,0.2665,-0.0365,0.0365
Pb_num,23,M7_TargetSpecific_Selected,ExtraTrees,0.21,0.2827,-0.0727,0.0727
Pb_num,23,M7_TargetSpecific_Selected,ExtraTrees,0.72,0.3378,0.3822,0.3822
Pb_num,23,M7_TargetSpecific_Selected,ExtraTrees,0.39,0.5366,-0.1466,0.1466
Pb_num,23,M7_TargetSpecific_Selected,ExtraTrees,0.17,0.2464,-0.0764,0.0764
Pb_num,23,M7_TargetSpecific_Selected,ExtraTrees,0.17,0.2705,-0.1005,0.1005
Pb_num,24,M1_Core,Ridge,1.23,7.2696,-6.0396,6.0396
Pb_num,24,M1_Core,Ridge,0.33,0.4563,-0.1263,0.1263
Pb_num,24,M1_Core,Ridge,0.48,0.8622,-0.3822,0.3822
Pb_num,24,M1_Core,Ridge,0.34,0.4927,-0.1527,0.1527
Pb_num,24,M1_Core,Ridge,0.19,0.389,-0.199,0.199
Pb_num,24,M1_Core,Ridge,0.2,0.1683,0.0317,0.0317
Pb_num,24,M1_Core,Ridge,0.19,0.3203,-0.1303,0.1303
Pb_num,24,M1_Core,Ridge,0.71,0.4483,0.2617,0.2617
Pb_num,24,M1_Core,HuberRegressor,1.23,5.5723,-4.3423,4.3423
Pb_num,24,M1_Core,HuberRegressor,0.33,0.3442,-0.0142,0.0142
Pb_num,24,M1_Core,HuberRegressor,0.48,0.7662,-0.2862,0.2862
Pb_num,24,M1_Core,HuberRegressor,0.34,0.4898,-0.1498,0.1498
Pb_num,24,M1_Core,HuberRegressor,0.19,0.3867,-0.1967,0.1967
Pb_num,24,M1_Core,HuberRegressor,0.2,0.1071,0.0929,0.0929
Pb_num,24,M1_Core,HuberRegressor,0.19,0.3189,-0.1289,0.1289
Pb_num,24,M1_Core,HuberRegressor,0.71,0.4171,0.2929,0.2929
Pb_num,24,M1_Core,ExtraTrees,1.23,6.5011,-5.2711,5.2711
Pb_num,24,M1_Core,ExtraTrees,0.33,0.5485,-0.2185,0.2185
Pb_num,24,M1_Core,ExtraTrees,0.48,0.6329,-0.1529,0.1529
Pb_num,24,M1_Core,ExtraTrees,0.34,0.3653,-0.0253,0.0253
Pb_num,24,M1_Core,ExtraTrees,0.19,0.3689,-0.1789,0.1789
Pb_num,24,M1_Core,ExtraTrees,0.2,0.2883,-0.0883,0.0883
Pb_num,24,M1_Core,ExtraTrees,0.19,0.3249,-0.1349,0.1349
Pb_num,24,M1_Core,ExtraTrees,0.71,0.5767,0.1333,0.1333
Pb_num,24,M7_TargetSpecific_Selected,Ridge,1.23,5.4344,-4.2044,4.2044
Pb_num,24,M7_TargetSpecific_Selected,Ridge,0.33,0.7477,-0.4177,0.4177
Pb_num,24,M7_TargetSpecific_Selected,Ridge,0.48,0.8416,-0.3616,0.3616
Pb_num,24,M7_TargetSpecific_Selected,Ridge,0.34,0.4485,-0.1085,0.1085
Pb_num,24,M7_TargetSpecific_Selected,Ridge,0.19,0.4035,-0.2135,0.2135
Pb_num,24,M7_TargetSpecific_Selected,Ridge,0.2,0.1938,0.0062,0.0062
Pb_num,24,M7_TargetSpecific_Selected,Ridge,0.19,0.2504,-0.0604,0.0604
Pb_num,24,M7_TargetSpecific_Selected,Ridge,0.71,0.4465,0.2635,0.2635
Pb_num,24,M7_TargetSpecific_Selected,HuberRegressor,1.23,3.5232,-2.2932,2.2932
Pb_num,24,M7_TargetSpecific_Selected,HuberRegressor,0.33,0.6584,-0.3284,0.3284
Pb_num,24,M7_TargetSpecific_Selected,HuberRegressor,0.48,0.7254,-0.2454,0.2454
Pb_num,24,M7_TargetSpecific_Selected,HuberRegressor,0.34,0.5861,-0.2461,0.2461
Pb_num,24,M7_TargetSpecific_Selected,HuberRegressor,0.19,0.4334,-0.2434,0.2434
Pb_num,24,M7_TargetSpecific_Selected,HuberRegressor,0.2,0.0902,0.1098,0.1098
Pb_num,24,M7_TargetSpecific_Selected,HuberRegressor,0.19,0.263,-0.073,0.073
Pb_num,24,M7_TargetSpecific_Selected,HuberRegressor,0.71,0.3505,0.3595,0.3595
Pb_num,24,M7_TargetSpecific_Selected,ExtraTrees,1.23,4.483,-3.253,3.253
Pb_num,24,M7_TargetSpecific_Selected,ExtraTrees,0.33,0.5564,-0.2264,0.2264
Pb_num,24,M7_TargetSpecific_Selected,ExtraTrees,0.48,0.748,-0.268,0.268
Pb_num,24,M7_TargetSpecific_Selected,ExtraTrees,0.34,0.362,-0.022,0.022
Pb_num,24,M7_TargetSpecific_Selected,ExtraTrees,0.19,0.3707,-0.1807,0.1807
Pb_num,24,M7_TargetSpecific_Selected,ExtraTrees,0.2,0.2966,-0.0966,0.0966
Pb_num,24,M7_TargetSpecific_Selected,ExtraTrees,0.19,0.3281,-0.1381,0.1381
Pb_num,24,M7_TargetSpecific_Selected,ExtraTrees,0.71,0.607,0.103,0.103
Ni_num,0,M1_Core,Ridge,1.0,1.6083,-0.6083,0.6083
Ni_num,0,M1_Core,Ridge,0.5,1.4312,-0.9312,0.9312
Ni_num,0,M1_Core,Ridge,3.0,2.1341,0.8659,0.8659
Ni_num,0,M1_Core,Ridge,2.0,1.4569,0.5431,0.5431
Ni_num,0,M1_Core,Ridge,1.5,1.5882,-0.0882,0.0882
Ni_num,0,M1_Core,Ridge,3.4,10.1417,-6.7417,6.7417
Ni_num,0,M1_Core,Ridge,1.5,2.792,-1.292,1.292
Ni_num,0,M1_Core,Ridge,3.0,3.6702,-0.6702,0.6702
Ni_num,0,M1_Core,HuberRegressor,1.0,1.2248,-0.2248,0.2248
Ni_num,0,M1_Core,HuberRegressor,0.5,1.0153,-0.5153,0.5153
Ni_num,0,M1_Core,HuberRegressor,3.0,2.0269,0.9731,0.9731
Ni_num,0,M1_Core,HuberRegressor,2.0,1.2251,0.7749,0.7749
Ni_num,0,M1_Core,HuberRegressor,1.5,1.5532,-0.0532,0.0532
Ni_num,0,M1_Core,HuberRegressor,3.4,6.3525,-2.9525,2.9525
Ni_num,0,M1_Core,HuberRegressor,1.5,1.9986,-0.4986,0.4986
Ni_num,0,M1_Core,HuberRegressor,3.0,3.2995,-0.2995,0.2995
Ni_num,0,M1_Core,ExtraTrees,1.0,1.5634,-0.5634,0.5634
Ni_num,0,M1_Core,ExtraTrees,0.5,1.5182,-1.0182,1.0182
Ni_num,0,M1_Core,ExtraTrees,3.0,2.4264,0.5736,0.5736
Ni_num,0,M1_Core,ExtraTrees,2.0,1.2363,0.7637,0.7637
Ni_num,0,M1_Core,ExtraTrees,1.5,1.7168,-0.2168,0.2168
Ni_num,0,M1_Core,ExtraTrees,3.4,5.2252,-1.8252,1.8252
Ni_num,0,M1_Core,ExtraTrees,1.5,3.7438,-2.2438,2.2438
Ni_num,0,M1_Core,ExtraTrees,3.0,3.1967,-0.1967,0.1967
Ni_num,0,M7_TargetSpecific_Selected,Ridge,1.0,1.5776,-0.5776,0.5776
Ni_num,0,M7_TargetSpecific_Selected,Ridge,0.5,1.4583,-0.9583,0.9583
Ni_num,0,M7_TargetSpecific_Selected,Ridge,3.0,2.0522,0.9478,0.9478
Ni_num,0,M7_TargetSpecific_Selected,Ridge,2.0,1.51,0.49,0.49
Ni_num,0,M7_TargetSpecific_Selected,Ridge,1.5,1.5617,-0.0617,0.0617
Ni_num,0,M7_TargetSpecific_Selected,Ridge,3.4,11.7609,-8.3609,8.3609
Ni_num,0,M7_TargetSpecific_Selected,Ridge,1.5,2.76,-1.26,1.26
Ni_num,0,M7_TargetSpecific_Selected,Ridge,3.0,3.5936,-0.5936,0.5936
Ni_num,0,M7_TargetSpecific_Selected,HuberRegressor,1.0,1.1635,-0.1635,0.1635
Ni_num,0,M7_TargetSpecific_Selected,HuberRegressor,0.5,1.03,-0.53,0.53
Ni_num,0,M7_TargetSpecific_Selected,HuberRegressor,3.0,1.9263,1.0737,1.0737
Ni_num,0,M7_TargetSpecific_Selected,HuberRegressor,2.0,1.3468,0.6532,0.6532
Ni_num,0,M7_TargetSpecific_Selected,HuberRegressor,1.5,1.5417,-0.0417,0.0417
Ni_num,0,M7_TargetSpecific_Selected,HuberRegressor,3.4,9.8655,-6.4655,6.4655
Ni_num,0,M7_TargetSpecific_Selected,HuberRegressor,1.5,2.0442,-0.5442,0.5442
Ni_num,0,M7_TargetSpecific_Selected,HuberRegressor,3.0,3.2017,-0.2017,0.2017
Ni_num,0,M7_TargetSpecific_Selected,ExtraTrees,1.0,1.6217,-0.6217,0.6217
Ni_num,0,M7_TargetSpecific_Selected,ExtraTrees,0.5,1.7823,-1.2823,1.2823
Ni_num,0,M7_TargetSpecific_Selected,ExtraTrees,3.0,1.6355,1.3645,1.3645
Ni_num,0,M7_TargetSpecific_Selected,ExtraTrees,2.0,1.3008,0.6992,0.6992
Ni_num,0,M7_TargetSpecific_Selected,ExtraTrees,1.5,1.3506,0.1494,0.1494
Ni_num,0,M7_TargetSpecific_Selected,ExtraTrees,3.4,5.3217,-1.9217,1.9217
Ni_num,0,M7_TargetSpecific_Selected,ExtraTrees,1.5,3.3213,-1.8213,1.8213
Ni_num,0,M7_TargetSpecific_Selected,ExtraTrees,3.0,4.3376,-1.3376,1.3376
Ni_num,1,M1_Core,Ridge,0.9,2.1268,-1.2268,1.2268
Ni_num,1,M1_Core,Ridge,3.3,1.4492,1.8508,1.8508
Ni_num,1,M1_Core,Ridge,0.7,1.3441,-0.6441,0.6441
Ni_num,1,M1_Core,Ridge,2.4,1.2361,1.1639,1.1639
Ni_num,1,M1_Core,Ridge,2.1,4.1573,-2.0573,2.0573
Ni_num,1,M1_Core,Ridge,4.7,4.1185,0.5815,0.5815
Ni_num,1,M1_Core,Ridge,1.0,1.4922,-0.4922,0.4922
Ni_num,1,M1_Core,Ridge,2.2,2.3326,-0.1326,0.1326
Ni_num,1,M1_Core,HuberRegressor,0.9,1.3877,-0.4877,0.4877
Ni_num,1,M1_Core,HuberRegressor,3.3,1.3144,1.9856,1.9856
Ni_num,1,M1_Core,HuberRegressor,0.7,1.0964,-0.3964,0.3964
Ni_num,1,M1_Core,HuberRegressor,2.4,1.0592,1.3408,1.3408
Ni_num,1,M1_Core,HuberRegressor,2.1,2.4551,-0.3551,0.3551
Ni_num,1,M1_Core,HuberRegressor,4.7,5.251,-0.551,0.551
Ni_num,1,M1_Core,HuberRegressor,1.0,1.2372,-0.2372,0.2372
Ni_num,1,M1_Core,HuberRegressor,2.2,1.9772,0.2228,0.2228
Ni_num,1,M1_Core,ExtraTrees,0.9,1.582,-0.682,0.682
Ni_num,1,M1_Core,ExtraTrees,3.3,1.3018,1.9982,1.9982
Ni_num,1,M1_Core,ExtraTrees,0.7,1.2993,-0.5993,0.5993
Ni_num,1,M1_Core,ExtraTrees,2.4,1.778,0.622,0.622
Ni_num,1,M1_Core,ExtraTrees,2.1,3.6342,-1.5342,1.5342
Ni_num,1,M1_Core,ExtraTrees,4.7,4.445,0.255,0.255
Ni_num,1,M1_Core,ExtraTrees,1.0,1.2677,-0.2677,0.2677
Ni_num,1,M1_Core,ExtraTrees,2.2,2.0432,0.1568,0.1568
Ni_num,1,M7_TargetSpecific_Selected,Ridge,0.9,1.559,-0.659,0.659
Ni_num,1,M7_TargetSpecific_Selected,Ridge,3.3,1.565,1.735,1.735
Ni_num,1,M7_TargetSpecific_Selected,Ridge,0.7,1.2631,-0.5631,0.5631
Ni_num,1,M7_TargetSpecific_Selected,Ridge,2.4,1.2646,1.1354,1.1354
Ni_num,1,M7_TargetSpecific_Selected,Ridge,2.1,4.0611,-1.9611,1.9611
Ni_num,1,M7_TargetSpecific_Selected,Ridge,4.7,4.2187,0.4813,0.4813
Ni_num,1,M7_TargetSpecific_Selected,Ridge,1.0,1.6401,-0.6401,0.6401
Ni_num,1,M7_TargetSpecific_Selected,Ridge,2.2,2.4851,-0.2851,0.2851
Ni_num,1,M7_TargetSpecific_Selected,HuberRegressor,0.9,1.2272,-0.3272,0.3272
Ni_num,1,M7_TargetSpecific_Selected,HuberRegressor,3.3,1.3446,1.9554,1.9554
Ni_num,1,M7_TargetSpecific_Selected,HuberRegressor,0.7,1.082,-0.382,0.382
Ni_num,1,M7_TargetSpecific_Selected,HuberRegressor,2.4,1.03,1.37,1.37
Ni_num,1,M7_TargetSpecific_Selected,HuberRegressor,2.1,2.2492,-0.1492,0.1492
Ni_num,1,M7_TargetSpecific_Selected,HuberRegressor,4.7,5.5735,-0.8735,0.8735
Ni_num,1,M7_TargetSpecific_Selected,HuberRegressor,1.0,1.3522,-0.3522,0.3522
Ni_num,1,M7_TargetSpecific_Selected,HuberRegressor,2.2,1.947,0.253,0.253
Ni_num,1,M7_TargetSpecific_Selected,ExtraTrees,0.9,1.6202,-0.7202,0.7202
Ni_num,1,M7_TargetSpecific_Selected,ExtraTrees,3.3,1.338,1.962,1.962
Ni_num,1,M7_TargetSpecific_Selected,ExtraTrees,0.7,1.1932,-0.4932,0.4932
Ni_num,1,M7_TargetSpecific_Selected,ExtraTrees,2.4,1.7637,0.6363,0.6363
Ni_num,1,M7_TargetSpecific_Selected,ExtraTrees,2.1,2.777,-0.677,0.677
Ni_num,1,M7_TargetSpecific_Selected,ExtraTrees,4.7,4.4772,0.2228,0.2228
Ni_num,1,M7_TargetSpecific_Selected,ExtraTrees,1.0,1.319,-0.319,0.319
Ni_num,1,M7_TargetSpecific_Selected,ExtraTrees,2.2,2.3851,-0.1851,0.1851
Ni_num,2,M1_Core,Ridge,1.1,3.0924,-1.9924,1.9924
Ni_num,2,M1_Core,Ridge,1.0,1.1258,-0.1258,0.1258
Ni_num,2,M1_Core,Ridge,1.7,3.4727,-1.7727,1.7727
Ni_num,2,M1_Core,Ridge,1.2,2.9364,-1.7364,1.7364
Ni_num,2,M1_Core,Ridge,1.5,2.6536,-1.1536,1.1536
Ni_num,2,M1_Core,Ridge,8.0,0.9783,7.0217,7.0217
Ni_num,2,M1_Core,Ridge,3.5,4.8027,-1.3027,1.3027
Ni_num,2,M1_Core,Ridge,1.0,1.4237,-0.4237,0.4237
Ni_num,2,M1_Core,HuberRegressor,1.1,2.7979,-1.6979,1.6979
Ni_num,2,M1_Core,HuberRegressor,1.0,1.0177,-0.0177,0.0177
Ni_num,2,M1_Core,HuberRegressor,1.7,3.2209,-1.5209,1.5209
Ni_num,2,M1_Core,HuberRegressor,1.2,2.687,-1.487,1.487
Ni_num,2,M1_Core,HuberRegressor,1.5,2.5632,-1.0632,1.0632
Ni_num,2,M1_Core,HuberRegressor,8.0,0.848,7.152,7.152
Ni_num,2,M1_Core,HuberRegressor,3.5,3.7822,-0.2822,0.2822
Ni_num,2,M1_Core,HuberRegressor,1.0,1.2713,-0.2713,0.2713
Ni_num,2,M1_Core,ExtraTrees,1.1,1.7757,-0.6757,0.6757
Ni_num,2,M1_Core,ExtraTrees,1.0,1.3035,-0.3035,0.3035
Ni_num,2,M1_Core,ExtraTrees,1.7,1.1241,0.5759,0.5759
Ni_num,2,M1_Core,ExtraTrees,1.2,1.7797,-0.5797,0.5797
Ni_num,2,M1_Core,ExtraTrees,1.5,3.3406,-1.8406,1.8406
Ni_num,2,M1_Core,ExtraTrees,8.0,1.2489,6.7511,6.7511
Ni_num,2,M1_Core,ExtraTrees,3.5,5.6116,-2.1116,2.1116
Ni_num,2,M1_Core,ExtraTrees,1.0,1.4094,-0.4094,0.4094
Ni_num,2,M7_TargetSpecific_Selected,Ridge,1.1,3.3135,-2.2135,2.2135
Ni_num,2,M7_TargetSpecific_Selected,Ridge,1.0,1.0579,-0.0579,0.0579
Ni_num,2,M7_TargetSpecific_Selected,Ridge,1.7,4.2929,-2.5929,2.5929
Ni_num,2,M7_TargetSpecific_Selected,Ridge,1.2,3.3244,-2.1244,2.1244
Ni_num,2,M7_TargetSpecific_Selected,Ridge,1.5,2.671,-1.171,1.171
Ni_num,2,M7_TargetSpecific_Selected,Ridge,8.0,0.9198,7.0802,7.0802
Ni_num,2,M7_TargetSpecific_Selected,Ridge,3.5,4.9919,-1.4919,1.4919
Ni_num,2,M7_TargetSpecific_Selected,Ridge,1.0,1.5295,-0.5295,0.5295
Ni_num,2,M7_TargetSpecific_Selected,HuberRegressor,1.1,2.8939,-1.7939,1.7939
Ni_num,2,M7_TargetSpecific_Selected,HuberRegressor,1.0,0.9859,0.0141,0.0141
Ni_num,2,M7_TargetSpecific_Selected,HuberRegressor,1.7,3.9505,-2.2505,2.2505
Ni_num,2,M7_TargetSpecific_Selected,HuberRegressor,1.2,2.968,-1.768,1.768
Ni_num,2,M7_TargetSpecific_Selected,HuberRegressor,1.5,2.4808,-0.9808,0.9808
Ni_num,2,M7_TargetSpecific_Selected,HuberRegressor,8.0,0.81,7.19,7.19
Ni_num,2,M7_TargetSpecific_Selected,HuberRegressor,3.5,3.7145,-0.2145,0.2145
Ni_num,2,M7_TargetSpecific_Selected,HuberRegressor,1.0,1.3555,-0.3555,0.3555
Ni_num,2,M7_TargetSpecific_Selected,ExtraTrees,1.1,1.7256,-0.6256,0.6256
Ni_num,2,M7_TargetSpecific_Selected,ExtraTrees,1.0,1.2749,-0.2749,0.2749
Ni_num,2,M7_TargetSpecific_Selected,ExtraTrees,1.7,1.1025,0.5975,0.5975
Ni_num,2,M7_TargetSpecific_Selected,ExtraTrees,1.2,1.7043,-0.5043,0.5043
Ni_num,2,M7_TargetSpecific_Selected,ExtraTrees,1.5,3.2977,-1.7977,1.7977
Ni_num,2,M7_TargetSpecific_Selected,ExtraTrees,8.0,1.1776,6.8224,6.8224
Ni_num,2,M7_TargetSpecific_Selected,ExtraTrees,3.5,5.3639,-1.8639,1.8639
Ni_num,2,M7_TargetSpecific_Selected,ExtraTrees,1.0,1.4508,-0.4508,0.4508
Ni_num,3,M1_Core,Ridge,1.4,1.3114,0.0886,0.0886
Ni_num,3,M1_Core,Ridge,0.8,1.3465,-0.5465,0.5465
Ni_num,3,M1_Core,Ridge,7.5,2.8499,4.6501,4.6501
Ni_num,3,M1_Core,Ridge,2.1,1.2879,0.8121,0.8121
Ni_num,3,M1_Core,Ridge,5.5,3.9388,1.5612,1.5612
Ni_num,3,M1_Core,Ridge,3.9,2.6994,1.2006,1.2006
Ni_num,3,M1_Core,Ridge,3.1,3.6247,-0.5247,0.5247
Ni_num,3,M1_Core,Ridge,8.9,3.1406,5.7594,5.7594
Ni_num,3,M1_Core,HuberRegressor,1.4,1.1433,0.2567,0.2567
Ni_num,3,M1_Core,HuberRegressor,0.8,1.0098,-0.2098,0.2098
Ni_num,3,M1_Core,HuberRegressor,7.5,3.2677,4.2323,4.2323
Ni_num,3,M1_Core,HuberRegressor,2.1,0.9282,1.1718,1.1718
Ni_num,3,M1_Core,HuberRegressor,5.5,4.7442,0.7558,0.7558
Ni_num,3,M1_Core,HuberRegressor,3.9,2.7772,1.1228,1.1228
Ni_num,3,M1_Core,HuberRegressor,3.1,3.9257,-0.8257,0.8257
Ni_num,3,M1_Core,HuberRegressor,8.9,2.8586,6.0414,6.0414
Ni_num,3,M1_Core,ExtraTrees,1.4,1.3025,0.0975,0.0975
Ni_num,3,M1_Core,ExtraTrees,0.8,1.3233,-0.5233,0.5233
Ni_num,3,M1_Core,ExtraTrees,7.5,3.0517,4.4483,4.4483
Ni_num,3,M1_Core,ExtraTrees,2.1,2.8258,-0.7258,0.7258
Ni_num,3,M1_Core,ExtraTrees,5.5,4.5883,0.9117,0.9117
Ni_num,3,M1_Core,ExtraTrees,3.9,3.027,0.873,0.873
Ni_num,3,M1_Core,ExtraTrees,3.1,3.2495,-0.1495,0.1495
Ni_num,3,M1_Core,ExtraTrees,8.9,3.0547,5.8453,5.8453
Ni_num,3,M7_TargetSpecific_Selected,Ridge,1.4,1.3103,0.0897,0.0897
Ni_num,3,M7_TargetSpecific_Selected,Ridge,0.8,1.6884,-0.8884,0.8884
Ni_num,3,M7_TargetSpecific_Selected,Ridge,7.5,2.6888,4.8112,4.8112
Ni_num,3,M7_TargetSpecific_Selected,Ridge,2.1,1.373,0.727,0.727
Ni_num,3,M7_TargetSpecific_Selected,Ridge,5.5,3.9187,1.5813,1.5813
Ni_num,3,M7_TargetSpecific_Selected,Ridge,3.9,2.5989,1.3011,1.3011
Ni_num,3,M7_TargetSpecific_Selected,Ridge,3.1,3.5748,-0.4748,0.4748
Ni_num,3,M7_TargetSpecific_Selected,Ridge,8.9,3.1368,5.7632,5.7632
Ni_num,3,M7_TargetSpecific_Selected,HuberRegressor,1.4,1.1336,0.2664,0.2664
Ni_num,3,M7_TargetSpecific_Selected,HuberRegressor,0.8,1.2731,-0.4731,0.4731
Ni_num,3,M7_TargetSpecific_Selected,HuberRegressor,7.5,3.0022,4.4978,4.4978
Ni_num,3,M7_TargetSpecific_Selected,HuberRegressor,2.1,1.03,1.07,1.07
Ni_num,3,M7_TargetSpecific_Selected,HuberRegressor,5.5,4.8169,0.6831,0.6831
Ni_num,3,M7_TargetSpecific_Selected,HuberRegressor,3.9,2.6777,1.2223,1.2223
Ni_num,3,M7_TargetSpecific_Selected,HuberRegressor,3.1,3.8774,-0.7774,0.7774
Ni_num,3,M7_TargetSpecific_Selected,HuberRegressor,8.9,2.8515,6.0485,6.0485
Ni_num,3,M7_TargetSpecific_Selected,ExtraTrees,1.4,1.2374,0.1626,0.1626
Ni_num,3,M7_TargetSpecific_Selected,ExtraTrees,0.8,1.4381,-0.6381,0.6381
Ni_num,3,M7_TargetSpecific_Selected,ExtraTrees,7.5,3.2891,4.2109,4.2109
Ni_num,3,M7_TargetSpecific_Selected,ExtraTrees,2.1,2.2451,-0.1451,0.1451
Ni_num,3,M7_TargetSpecific_Selected,ExtraTrees,5.5,4.388,1.112,1.112
Ni_num,3,M7_TargetSpecific_Selected,ExtraTrees,3.9,3.244,0.656,0.656
Ni_num,3,M7_TargetSpecific_Selected,ExtraTrees,3.1,3.3776,-0.2776,0.2776
Ni_num,3,M7_TargetSpecific_Selected,ExtraTrees,8.9,3.1197,5.7803,5.7803
Ni_num,4,M1_Core,Ridge,1.3,1.7336,-0.4336,0.4336
Ni_num,4,M1_Core,Ridge,0.8,1.435,-0.635,0.635
Ni_num,4,M1_Core,Ridge,1.3,1.2667,0.0333,0.0333
Ni_num,4,M1_Core,Ridge,1.1,1.8362,-0.7362,0.7362
Ni_num,4,M1_Core,Ridge,1.6,1.6249,-0.0249,0.0249
Ni_num,4,M1_Core,Ridge,1.1,1.5356,-0.4356,0.4356
Ni_num,4,M1_Core,Ridge,4.5,3.9894,0.5106,0.5106
Ni_num,4,M1_Core,Ridge,3.5,3.4049,0.0951,0.0951
Ni_num,4,M1_Core,HuberRegressor,1.3,1.5091,-0.2091,0.2091
Ni_num,4,M1_Core,HuberRegressor,0.8,1.2681,-0.4681,0.4681
Ni_num,4,M1_Core,HuberRegressor,1.3,1.0444,0.2556,0.2556
Ni_num,4,M1_Core,HuberRegressor,1.1,1.5965,-0.4965,0.4965
Ni_num,4,M1_Core,HuberRegressor,1.6,1.3498,0.2502,0.2502
Ni_num,4,M1_Core,HuberRegressor,1.1,1.1306,-0.0306,0.0306
Ni_num,4,M1_Core,HuberRegressor,4.5,3.9829,0.5171,0.5171
Ni_num,4,M1_Core,HuberRegressor,3.5,3.502,-0.002,0.002
Ni_num,4,M1_Core,ExtraTrees,1.3,1.7803,-0.4803,0.4803
Ni_num,4,M1_Core,ExtraTrees,0.8,1.2642,-0.4642,0.4642
Ni_num,4,M1_Core,ExtraTrees,1.3,0.9941,0.3059,0.3059
Ni_num,4,M1_Core,ExtraTrees,1.1,1.5803,-0.4803,0.4803
Ni_num,4,M1_Core,ExtraTrees,1.6,1.5024,0.0976,0.0976
Ni_num,4,M1_Core,ExtraTrees,1.1,1.5093,-0.4093,0.4093
Ni_num,4,M1_Core,ExtraTrees,4.5,5.0525,-0.5525,0.5525
Ni_num,4,M1_Core,ExtraTrees,3.5,4.5825,-1.0825,1.0825
Ni_num,4,M7_TargetSpecific_Selected,Ridge,1.3,1.9577,-0.6577,0.6577
Ni_num,4,M7_TargetSpecific_Selected,Ridge,0.8,1.418,-0.618,0.618
Ni_num,4,M7_TargetSpecific_Selected,Ridge,1.3,1.1525,0.1475,0.1475
Ni_num,4,M7_TargetSpecific_Selected,Ridge,1.1,2.1972,-1.0972,1.0972
Ni_num,4,M7_TargetSpecific_Selected,Ridge,1.6,1.9208,-0.3208,0.3208
Ni_num,4,M7_TargetSpecific_Selected,Ridge,1.1,1.7289,-0.6289,0.6289
Ni_num,4,M7_TargetSpecific_Selected,Ridge,4.5,3.8212,0.6788,0.6788
Ni_num,4,M7_TargetSpecific_Selected,Ridge,3.5,3.3576,0.1424,0.1424
Ni_num,4,M7_TargetSpecific_Selected,HuberRegressor,1.3,1.7555,-0.4555,0.4555
Ni_num,4,M7_TargetSpecific_Selected,HuberRegressor,0.8,1.2602,-0.4602,0.4602
Ni_num,4,M7_TargetSpecific_Selected,HuberRegressor,1.3,0.9585,0.3415,0.3415
Ni_num,4,M7_TargetSpecific_Selected,HuberRegressor,1.1,1.9415,-0.8415,0.8415
Ni_num,4,M7_TargetSpecific_Selected,HuberRegressor,1.6,1.5891,0.0109,0.0109
Ni_num,4,M7_TargetSpecific_Selected,HuberRegressor,1.1,1.2759,-0.1759,0.1759
Ni_num,4,M7_TargetSpecific_Selected,HuberRegressor,4.5,4.0703,0.4297,0.4297
Ni_num,4,M7_TargetSpecific_Selected,HuberRegressor,3.5,3.5267,-0.0267,0.0267
Ni_num,4,M7_TargetSpecific_Selected,ExtraTrees,1.3,1.7723,-0.4723,0.4723
Ni_num,4,M7_TargetSpecific_Selected,ExtraTrees,0.8,1.3262,-0.5262,0.5262
Ni_num,4,M7_TargetSpecific_Selected,ExtraTrees,1.3,1.0514,0.2486,0.2486
Ni_num,4,M7_TargetSpecific_Selected,ExtraTrees,1.1,1.8439,-0.7439,0.7439
Ni_num,4,M7_TargetSpecific_Selected,ExtraTrees,1.6,1.8354,-0.2354,0.2354
Ni_num,4,M7_TargetSpecific_Selected,ExtraTrees,1.1,1.7803,-0.6803,0.6803
Ni_num,4,M7_TargetSpecific_Selected,ExtraTrees,4.5,4.4842,0.0158,0.0158
Ni_num,4,M7_TargetSpecific_Selected,ExtraTrees,3.5,4.434,-0.934,0.934
Ni_num,5,M1_Core,Ridge,1.1,1.4679,-0.3679,0.3679
Ni_num,5,M1_Core,Ridge,1.0,1.5186,-0.5186,0.5186
Ni_num,5,M1_Core,Ridge,0.8,1.3536,-0.5536,0.5536
Ni_num,5,M1_Core,Ridge,1.1,1.8023,-0.7023,0.7023
Ni_num,5,M1_Core,Ridge,1.1,1.5352,-0.4352,0.4352
Ni_num,5,M1_Core,Ridge,3.4,7.1769,-3.7769,3.7769
Ni_num,5,M1_Core,Ridge,3.9,3.2717,0.6283,0.6283
Ni_num,5,M1_Core,Ridge,1.0,1.5618,-0.5618,0.5618
Ni_num,5,M1_Core,HuberRegressor,1.1,1.6371,-0.5371,0.5371
Ni_num,5,M1_Core,HuberRegressor,1.0,1.1814,-0.1814,0.1814
Ni_num,5,M1_Core,HuberRegressor,0.8,1.3108,-0.5108,0.5108
Ni_num,5,M1_Core,HuberRegressor,1.1,1.6299,-0.5299,0.5299
Ni_num,5,M1_Core,HuberRegressor,1.1,1.1754,-0.0754,0.0754
Ni_num,5,M1_Core,HuberRegressor,3.4,4.3482,-0.9482,0.9482
Ni_num,5,M1_Core,HuberRegressor,3.9,3.0026,0.8974,0.8974
Ni_num,5,M1_Core,HuberRegressor,1.0,1.3585,-0.3585,0.3585
Ni_num,5,M1_Core,ExtraTrees,1.1,1.5609,-0.4609,0.4609
Ni_num,5,M1_Core,ExtraTrees,1.0,1.3535,-0.3535,0.3535
Ni_num,5,M1_Core,ExtraTrees,0.8,1.4387,-0.6387,0.6387
Ni_num,5,M1_Core,ExtraTrees,1.1,1.5926,-0.4926,0.4926
Ni_num,5,M1_Core,ExtraTrees,1.1,1.7802,-0.6802,0.6802
Ni_num,5,M1_Core,ExtraTrees,3.4,4.8023,-1.4023,1.4023
Ni_num,5,M1_Core,ExtraTrees,3.9,4.8234,-0.9234,0.9234
Ni_num,5,M1_Core,ExtraTrees,1.0,1.4572,-0.4572,0.4572
Ni_num,5,M7_TargetSpecific_Selected,Ridge,1.1,1.5827,-0.4827,0.4827
Ni_num,5,M7_TargetSpecific_Selected,Ridge,1.0,1.793,-0.793,0.793
Ni_num,5,M7_TargetSpecific_Selected,Ridge,0.8,1.5553,-0.7553,0.7553
Ni_num,5,M7_TargetSpecific_Selected,Ridge,1.1,2.0818,-0.9818,0.9818
Ni_num,5,M7_TargetSpecific_Selected,Ridge,1.1,1.7796,-0.6796,0.6796
Ni_num,5,M7_TargetSpecific_Selected,Ridge,3.4,11.4391,-8.0391,8.0391
Ni_num,5,M7_TargetSpecific_Selected,Ridge,3.9,3.2689,0.6311,0.6311
Ni_num,5,M7_TargetSpecific_Selected,Ridge,1.0,1.8945,-0.8945,0.8945
Ni_num,5,M7_TargetSpecific_Selected,HuberRegressor,1.1,1.51,-0.41,0.41
Ni_num,5,M7_TargetSpecific_Selected,HuberRegressor,1.0,1.611,-0.611,0.611
Ni_num,5,M7_TargetSpecific_Selected,HuberRegressor,0.8,1.4159,-0.6159,0.6159
Ni_num,5,M7_TargetSpecific_Selected,HuberRegressor,1.1,1.7284,-0.6284,0.6284
Ni_num,5,M7_TargetSpecific_Selected,HuberRegressor,1.1,1.3772,-0.2772,0.2772
Ni_num,5,M7_TargetSpecific_Selected,HuberRegressor,3.4,7.3174,-3.9174,3.9174
Ni_num,5,M7_TargetSpecific_Selected,HuberRegressor,3.9,2.9232,0.9768,0.9768
Ni_num,5,M7_TargetSpecific_Selected,HuberRegressor,1.0,1.528,-0.528,0.528
Ni_num,5,M7_TargetSpecific_Selected,ExtraTrees,1.1,1.433,-0.333,0.333
Ni_num,5,M7_TargetSpecific_Selected,ExtraTrees,1.0,1.8021,-0.8021,0.8021
Ni_num,5,M7_TargetSpecific_Selected,ExtraTrees,0.8,1.3619,-0.5619,0.5619
Ni_num,5,M7_TargetSpecific_Selected,ExtraTrees,1.1,1.8076,-0.7076,0.7076
Ni_num,5,M7_TargetSpecific_Selected,ExtraTrees,1.1,2.0559,-0.9559,0.9559
Ni_num,5,M7_TargetSpecific_Selected,ExtraTrees,3.4,5.1676,-1.7676,1.7676
Ni_num,5,M7_TargetSpecific_Selected,ExtraTrees,3.9,5.0603,-1.1603,1.1603
Ni_num,5,M7_TargetSpecific_Selected,ExtraTrees,1.0,1.7124,-0.7124,0.7124
Ni_num,6,M1_Core,Ridge,1.7,1.0155,0.6845,0.6845
Ni_num,6,M1_Core,Ridge,0.7,1.4771,-0.7771,0.7771
Ni_num,6,M1_Core,Ridge,0.5,1.5094,-1.0094,1.0094
Ni_num,6,M1_Core,Ridge,3.0,1.7532,1.2468,1.2468
Ni_num,6,M1_Core,Ridge,7.5,2.3539,5.1461,5.1461
Ni_num,6,M1_Core,Ridge,2.1,1.5035,0.5965,0.5965
Ni_num,6,M1_Core,Ridge,5.5,3.7181,1.7819,1.7819
Ni_num,6,M1_Core,Ridge,4.7,3.5585,1.1415,1.1415
Ni_num,6,M1_Core,HuberRegressor,1.7,0.9828,0.7172,0.7172
Ni_num,6,M1_Core,HuberRegressor,0.7,1.1669,-0.4669,0.4669
Ni_num,6,M1_Core,HuberRegressor,0.5,1.0269,-0.5269,0.5269
Ni_num,6,M1_Core,HuberRegressor,3.0,1.8576,1.1424,1.1424
Ni_num,6,M1_Core,HuberRegressor,7.5,2.8663,4.6337,4.6337
Ni_num,6,M1_Core,HuberRegressor,2.1,0.9925,1.1075,1.1075
Ni_num,6,M1_Core,HuberRegressor,5.5,4.7634,0.7366,0.7366
Ni_num,6,M1_Core,HuberRegressor,4.7,4.878,-0.178,0.178
Ni_num,6,M1_Core,ExtraTrees,1.7,1.0417,0.6583,0.6583
Ni_num,6,M1_Core,ExtraTrees,0.7,1.5817,-0.8817,0.8817
Ni_num,6,M1_Core,ExtraTrees,0.5,1.6315,-1.1315,1.1315
Ni_num,6,M1_Core,ExtraTrees,3.0,1.582,1.418,1.418
Ni_num,6,M1_Core,ExtraTrees,7.5,2.7274,4.7726,4.7726
Ni_num,6,M1_Core,ExtraTrees,2.1,2.7903,-0.6903,0.6903
Ni_num,6,M1_Core,ExtraTrees,5.5,4.1332,1.3668,1.3668
Ni_num,6,M1_Core,ExtraTrees,4.7,3.6544,1.0456,1.0456
Ni_num,6,M7_TargetSpecific_Selected,Ridge,1.7,0.9152,0.7848,0.7848
Ni_num,6,M7_TargetSpecific_Selected,Ridge,0.7,1.7532,-1.0532,1.0532
Ni_num,6,M7_TargetSpecific_Selected,Ridge,0.5,2.2842,-1.7842,1.7842
Ni_num,6,M7_TargetSpecific_Selected,Ridge,3.0,1.7718,1.2282,1.2282
Ni_num,6,M7_TargetSpecific_Selected,Ridge,7.5,2.1027,5.3973,5.3973
Ni_num,6,M7_TargetSpecific_Selected,Ridge,2.1,1.3161,0.7839,0.7839
Ni_num,6,M7_TargetSpecific_Selected,Ridge,5.5,3.6285,1.8715,1.8715
Ni_num,6,M7_TargetSpecific_Selected,Ridge,4.7,3.3351,1.3649,1.3649
Ni_num,6,M7_TargetSpecific_Selected,HuberRegressor,1.7,0.8194,0.8806,0.8806
Ni_num,6,M7_TargetSpecific_Selected,HuberRegressor,0.7,1.4343,-0.7343,0.7343
Ni_num,6,M7_TargetSpecific_Selected,HuberRegressor,0.5,1.8674,-1.3674,1.3674
Ni_num,6,M7_TargetSpecific_Selected,HuberRegressor,3.0,1.8351,1.1649,1.1649
Ni_num,6,M7_TargetSpecific_Selected,HuberRegressor,7.5,2.6258,4.8742,4.8742
Ni_num,6,M7_TargetSpecific_Selected,HuberRegressor,2.1,0.9517,1.1483,1.1483
Ni_num,6,M7_TargetSpecific_Selected,HuberRegressor,5.5,4.7279,0.7721,0.7721
Ni_num,6,M7_TargetSpecific_Selected,HuberRegressor,4.7,4.6815,0.0185,0.0185
Ni_num,6,M7_TargetSpecific_Selected,ExtraTrees,1.7,1.2841,0.4159,0.4159
Ni_num,6,M7_TargetSpecific_Selected,ExtraTrees,0.7,1.4893,-0.7893,0.7893
Ni_num,6,M7_TargetSpecific_Selected,ExtraTrees,0.5,1.6253,-1.1253,1.1253
Ni_num,6,M7_TargetSpecific_Selected,ExtraTrees,3.0,1.7166,1.2834,1.2834
Ni_num,6,M7_TargetSpecific_Selected,ExtraTrees,7.5,2.757,4.743,4.743
Ni_num,6,M7_TargetSpecific_Selected,ExtraTrees,2.1,2.5423,-0.4423,0.4423
Ni_num,6,M7_TargetSpecific_Selected,ExtraTrees,5.5,4.1359,1.3641,1.3641
Ni_num,6,M7_TargetSpecific_Selected,ExtraTrees,4.7,3.7421,0.9579,0.9579
Ni_num,7,M1_Core,Ridge,1.4,1.273,0.127,0.127
Ni_num,7,M1_Core,Ridge,2.0,1.4738,0.5262,0.5262
Ni_num,7,M1_Core,Ridge,4.5,3.844,0.656,0.656
Ni_num,7,M1_Core,Ridge,3.5,3.4388,0.0612,0.0612
Ni_num,7,M1_Core,Ridge,1.0,1.4366,-0.4366,0.4366
Ni_num,7,M1_Core,Ridge,3.1,4.8299,-1.7299,1.7299
Ni_num,7,M1_Core,Ridge,8.9,3.2212,5.6788,5.6788
Ni_num,7,M1_Core,Ridge,3.0,3.6346,-0.6346,0.6346
Ni_num,7,M1_Core,HuberRegressor,1.4,1.1031,0.2969,0.2969
Ni_num,7,M1_Core,HuberRegressor,2.0,1.204,0.796,0.796
Ni_num,7,M1_Core,HuberRegressor,4.5,3.9538,0.5462,0.5462
Ni_num,7,M1_Core,HuberRegressor,3.5,3.0091,0.4909,0.4909
Ni_num,7,M1_Core,HuberRegressor,1.0,1.1549,-0.1549,0.1549
Ni_num,7,M1_Core,HuberRegressor,3.1,4.5163,-1.4163,1.4163
Ni_num,7,M1_Core,HuberRegressor,8.9,2.7468,6.1532,6.1532
Ni_num,7,M1_Core,HuberRegressor,3.0,3.3189,-0.3189,0.3189
Ni_num,7,M1_Core,ExtraTrees,1.4,1.2108,0.1892,0.1892
Ni_num,7,M1_Core,ExtraTrees,2.0,1.2058,0.7942,0.7942
Ni_num,7,M1_Core,ExtraTrees,4.5,3.9198,0.5802,0.5802
Ni_num,7,M1_Core,ExtraTrees,3.5,3.6467,-0.1467,0.1467
Ni_num,7,M1_Core,ExtraTrees,1.0,1.1558,-0.1558,0.1558
Ni_num,7,M1_Core,ExtraTrees,3.1,3.6979,-0.5979,0.5979
Ni_num,7,M1_Core,ExtraTrees,8.9,3.2972,5.6028,5.6028
Ni_num,7,M1_Core,ExtraTrees,3.0,3.8474,-0.8474,0.8474
Ni_num,7,M7_TargetSpecific_Selected,Ridge,1.4,1.2817,0.1183,0.1183
Ni_num,7,M7_TargetSpecific_Selected,Ridge,2.0,1.7123,0.2877,0.2877
Ni_num,7,M7_TargetSpecific_Selected,Ridge,4.5,3.8788,0.6212,0.6212
Ni_num,7,M7_TargetSpecific_Selected,Ridge,3.5,3.6243,-0.1243,0.1243
Ni_num,7,M7_TargetSpecific_Selected,Ridge,1.0,1.7637,-0.7637,0.7637
Ni_num,7,M7_TargetSpecific_Selected,Ridge,3.1,4.6523,-1.5523,1.5523
Ni_num,7,M7_TargetSpecific_Selected,Ridge,8.9,3.3392,5.5608,5.5608
Ni_num,7,M7_TargetSpecific_Selected,Ridge,3.0,3.7396,-0.7396,0.7396
Ni_num,7,M7_TargetSpecific_Selected,HuberRegressor,1.4,1.1067,0.2933,0.2933
Ni_num,7,M7_TargetSpecific_Selected,HuberRegressor,2.0,1.3798,0.6202,0.6202
Ni_num,7,M7_TargetSpecific_Selected,HuberRegressor,4.5,4.1321,0.3679,0.3679
Ni_num,7,M7_TargetSpecific_Selected,HuberRegressor,3.5,2.9251,0.5749,0.5749
Ni_num,7,M7_TargetSpecific_Selected,HuberRegressor,1.0,1.3875,-0.3875,0.3875
Ni_num,7,M7_TargetSpecific_Selected,HuberRegressor,3.1,4.1867,-1.0867,1.0867
Ni_num,7,M7_TargetSpecific_Selected,HuberRegressor,8.9,2.7989,6.1011,6.1011
Ni_num,7,M7_TargetSpecific_Selected,HuberRegressor,3.0,3.2488,-0.2488,0.2488
Ni_num,7,M7_TargetSpecific_Selected,ExtraTrees,1.4,1.1884,0.2116,0.2116
Ni_num,7,M7_TargetSpecific_Selected,ExtraTrees,2.0,1.4149,0.5851,0.5851
Ni_num,7,M7_TargetSpecific_Selected,ExtraTrees,4.5,4.4504,0.0496,0.0496
Ni_num,7,M7_TargetSpecific_Selected,ExtraTrees,3.5,3.6715,-0.1715,0.1715
Ni_num,7,M7_TargetSpecific_Selected,ExtraTrees,1.0,1.3276,-0.3276,0.3276
Ni_num,7,M7_TargetSpecific_Selected,ExtraTrees,3.1,3.7671,-0.6671,0.6671
Ni_num,7,M7_TargetSpecific_Selected,ExtraTrees,8.9,3.6007,5.2993,5.2993
Ni_num,7,M7_TargetSpecific_Selected,ExtraTrees,3.0,4.1365,-1.1365,1.1365
Ni_num,8,M1_Core,Ridge,1.0,1.2389,-0.2389,0.2389
Ni_num,8,M1_Core,Ridge,0.9,1.9251,-1.0251,1.0251
Ni_num,8,M1_Core,Ridge,1.3,1.6819,-0.3819,0.3819
Ni_num,8,M1_Core,Ridge,1.2,1.7123,-0.5123,0.5123
Ni_num,8,M1_Core,Ridge,1.3,1.1716,0.1284,0.1284
Ni_num,8,M1_Core,Ridge,1.5,1.994,-0.494,0.494
Ni_num,8,M1_Core,Ridge,1.6,1.6364,-0.0364,0.0364
Ni_num,8,M1_Core,Ridge,1.5,2.355,-0.855,0.855
Ni_num,8,M1_Core,HuberRegressor,1.0,1.0199,-0.0199,0.0199
Ni_num,8,M1_Core,HuberRegressor,0.9,1.3752,-0.4752,0.4752
Ni_num,8,M1_Core,HuberRegressor,1.3,1.4615,-0.1615,0.1615
Ni_num,8,M1_Core,HuberRegressor,1.2,1.6804,-0.4804,0.4804
Ni_num,8,M1_Core,HuberRegressor,1.3,0.9515,0.3485,0.3485
Ni_num,8,M1_Core,HuberRegressor,1.5,1.8538,-0.3538,0.3538
Ni_num,8,M1_Core,HuberRegressor,1.6,1.3611,0.2389,0.2389
Ni_num,8,M1_Core,HuberRegressor,1.5,1.7571,-0.2571,0.2571
Ni_num,8,M1_Core,ExtraTrees,1.0,1.1869,-0.1869,0.1869
Ni_num,8,M1_Core,ExtraTrees,0.9,1.7065,-0.8065,0.8065
Ni_num,8,M1_Core,ExtraTrees,1.3,1.6534,-0.3534,0.3534
Ni_num,8,M1_Core,ExtraTrees,1.2,1.3105,-0.1105,0.1105
Ni_num,8,M1_Core,ExtraTrees,1.3,1.0309,0.2691,0.2691
Ni_num,8,M1_Core,ExtraTrees,1.5,1.8522,-0.3522,0.3522
Ni_num,8,M1_Core,ExtraTrees,1.6,1.3939,0.2061,0.2061
Ni_num,8,M1_Core,ExtraTrees,1.5,3.1761,-1.6761,1.6761
Ni_num,8,M7_TargetSpecific_Selected,Ridge,1.0,1.281,-0.281,0.281
Ni_num,8,M7_TargetSpecific_Selected,Ridge,0.9,1.5362,-0.6362,0.6362
Ni_num,8,M7_TargetSpecific_Selected,Ridge,1.3,1.9099,-0.6099,0.6099
Ni_num,8,M7_TargetSpecific_Selected,Ridge,1.2,1.3327,-0.1327,0.1327
Ni_num,8,M7_TargetSpecific_Selected,Ridge,1.3,1.1365,0.1635,0.1635
Ni_num,8,M7_TargetSpecific_Selected,Ridge,1.5,2.0663,-0.5663,0.5663
Ni_num,8,M7_TargetSpecific_Selected,Ridge,1.6,1.7869,-0.1869,0.1869
Ni_num,8,M7_TargetSpecific_Selected,Ridge,1.5,2.3878,-0.8878,0.8878
Ni_num,8,M7_TargetSpecific_Selected,HuberRegressor,1.0,1.0672,-0.0672,0.0672
Ni_num,8,M7_TargetSpecific_Selected,HuberRegressor,0.9,1.0884,-0.1884,0.1884
Ni_num,8,M7_TargetSpecific_Selected,HuberRegressor,1.3,1.7411,-0.4411,0.4411
Ni_num,8,M7_TargetSpecific_Selected,HuberRegressor,1.2,1.3583,-0.1583,0.1583
Ni_num,8,M7_TargetSpecific_Selected,HuberRegressor,1.3,0.9279,0.3721,0.3721
Ni_num,8,M7_TargetSpecific_Selected,HuberRegressor,1.5,1.9318,-0.4318,0.4318
Ni_num,8,M7_TargetSpecific_Selected,HuberRegressor,1.6,1.5009,0.0991,0.0991
Ni_num,8,M7_TargetSpecific_Selected,HuberRegressor,1.5,2.0075,-0.5075,0.5075
Ni_num,8,M7_TargetSpecific_Selected,ExtraTrees,1.0,1.1132,-0.1132,0.1132
Ni_num,8,M7_TargetSpecific_Selected,ExtraTrees,0.9,1.8789,-0.9789,0.9789
Ni_num,8,M7_TargetSpecific_Selected,ExtraTrees,1.3,1.7073,-0.4073,0.4073
Ni_num,8,M7_TargetSpecific_Selected,ExtraTrees,1.2,1.1263,0.0737,0.0737
Ni_num,8,M7_TargetSpecific_Selected,ExtraTrees,1.3,0.9123,0.3877,0.3877
Ni_num,8,M7_TargetSpecific_Selected,ExtraTrees,1.5,1.7377,-0.2377,0.2377
Ni_num,8,M7_TargetSpecific_Selected,ExtraTrees,1.6,1.6849,-0.0849,0.0849
Ni_num,8,M7_TargetSpecific_Selected,ExtraTrees,1.5,3.2286,-1.7286,1.7286
Ni_num,9,M1_Core,Ridge,0.8,0.9618,-0.1618,0.1618
Ni_num,9,M1_Core,Ridge,3.3,1.2833,2.0167,2.0167
Ni_num,9,M1_Core,Ridge,2.4,1.4398,0.9602,0.9602
Ni_num,9,M1_Core,Ridge,1.5,2.4548,-0.9548,0.9548
Ni_num,9,M1_Core,Ridge,8.0,1.0712,6.9288,6.9288
Ni_num,9,M1_Core,Ridge,2.1,3.0069,-0.9069,0.9069
Ni_num,9,M1_Core,Ridge,3.5,3.6009,-0.1009,0.1009
Ni_num,9,M1_Core,Ridge,2.2,1.7561,0.4439,0.4439
Ni_num,9,M1_Core,HuberRegressor,0.8,0.8323,-0.0323,0.0323
Ni_num,9,M1_Core,HuberRegressor,3.3,1.2286,2.0714,2.0714
Ni_num,9,M1_Core,HuberRegressor,2.4,1.141,1.259,1.259
Ni_num,9,M1_Core,HuberRegressor,1.5,2.4049,-0.9049,0.9049
Ni_num,9,M1_Core,HuberRegressor,8.0,0.8831,7.1169,7.1169
Ni_num,9,M1_Core,HuberRegressor,2.1,2.1765,-0.0765,0.0765
Ni_num,9,M1_Core,HuberRegressor,3.5,3.5939,-0.0939,0.0939
Ni_num,9,M1_Core,HuberRegressor,2.2,1.7493,0.4507,0.4507
Ni_num,9,M1_Core,ExtraTrees,0.8,1.1038,-0.3038,0.3038
Ni_num,9,M1_Core,ExtraTrees,3.3,1.2223,2.0777,2.0777
Ni_num,9,M1_Core,ExtraTrees,2.4,1.2264,1.1736,1.1736
Ni_num,9,M1_Core,ExtraTrees,1.5,3.4792,-1.9792,1.9792
Ni_num,9,M1_Core,ExtraTrees,8.0,1.3187,6.6813,6.6813
Ni_num,9,M1_Core,ExtraTrees,2.1,3.5667,-1.4667,1.4667
Ni_num,9,M1_Core,ExtraTrees,3.5,4.7161,-1.2161,1.2161
Ni_num,9,M1_Core,ExtraTrees,2.2,2.5193,-0.3193,0.3193
Ni_num,9,M7_TargetSpecific_Selected,Ridge,0.8,1.0643,-0.2643,0.2643
Ni_num,9,M7_TargetSpecific_Selected,Ridge,3.3,1.3817,1.9183,1.9183
Ni_num,9,M7_TargetSpecific_Selected,Ridge,2.4,1.3766,1.0234,1.0234
Ni_num,9,M7_TargetSpecific_Selected,Ridge,1.5,2.6025,-1.1025,1.1025
Ni_num,9,M7_TargetSpecific_Selected,Ridge,8.0,1.1553,6.8447,6.8447
Ni_num,9,M7_TargetSpecific_Selected,Ridge,2.1,3.1706,-1.0706,1.0706
Ni_num,9,M7_TargetSpecific_Selected,Ridge,3.5,3.6164,-0.1164,0.1164
Ni_num,9,M7_TargetSpecific_Selected,Ridge,2.2,2.1878,0.0122,0.0122
Ni_num,9,M7_TargetSpecific_Selected,HuberRegressor,0.8,1.0923,-0.2923,0.2923
Ni_num,9,M7_TargetSpecific_Selected,HuberRegressor,3.3,1.305,1.995,1.995
Ni_num,9,M7_TargetSpecific_Selected,HuberRegressor,2.4,1.2107,1.1893,1.1893
Ni_num,9,M7_TargetSpecific_Selected,HuberRegressor,1.5,2.4569,-0.9569,0.9569
Ni_num,9,M7_TargetSpecific_Selected,HuberRegressor,8.0,0.9524,7.0476,7.0476
Ni_num,9,M7_TargetSpecific_Selected,HuberRegressor,2.1,2.2582,-0.1582,0.1582
Ni_num,9,M7_TargetSpecific_Selected,HuberRegressor,3.5,3.5078,-0.0078,0.0078
Ni_num,9,M7_TargetSpecific_Selected,HuberRegressor,2.2,2.0485,0.1515,0.1515
Ni_num,9,M7_TargetSpecific_Selected,ExtraTrees,0.8,1.2259,-0.4259,0.4259
Ni_num,9,M7_TargetSpecific_Selected,ExtraTrees,3.3,1.2344,2.0656,2.0656
Ni_num,9,M7_TargetSpecific_Selected,ExtraTrees,2.4,1.2243,1.1757,1.1757
Ni_num,9,M7_TargetSpecific_Selected,ExtraTrees,1.5,3.5048,-2.0048,2.0048
Ni_num,9,M7_TargetSpecific_Selected,ExtraTrees,8.0,1.5974,6.4026,6.4026
Ni_num,9,M7_TargetSpecific_Selected,ExtraTrees,2.1,3.2015,-1.1015,1.1015
Ni_num,9,M7_TargetSpecific_Selected,ExtraTrees,3.5,5.3049,-1.8049,1.8049
Ni_num,9,M7_TargetSpecific_Selected,ExtraTrees,2.2,2.682,-0.482,0.482
Ni_num,10,M1_Core,Ridge,1.0,1.2685,-0.2685,0.2685
Ni_num,10,M1_Core,Ridge,0.8,1.0874,-0.2874,0.2874
Ni_num,10,M1_Core,Ridge,1.7,1.4398,0.2602,0.2602
Ni_num,10,M1_Core,Ridge,0.7,1.3847,-0.6847,0.6847
Ni_num,10,M1_Core,Ridge,2.0,1.561,0.439,0.439
Ni_num,10,M1_Core,Ridge,1.1,1.86,-0.76,0.76
Ni_num,10,M1_Core,Ridge,3.1,5.1318,-2.0318,2.0318
Ni_num,10,M1_Core,Ridge,3.0,3.9346,-0.9346,0.9346
Ni_num,10,M1_Core,HuberRegressor,1.0,1.0815,-0.0815,0.0815
Ni_num,10,M1_Core,HuberRegressor,0.8,0.7901,0.0099,0.0099
Ni_num,10,M1_Core,HuberRegressor,1.7,1.1798,0.5202,0.5202
Ni_num,10,M1_Core,HuberRegressor,0.7,1.1096,-0.4096,0.4096
Ni_num,10,M1_Core,HuberRegressor,2.0,1.3049,0.6951,0.6951
Ni_num,10,M1_Core,HuberRegressor,1.1,1.6775,-0.5775,0.5775
Ni_num,10,M1_Core,HuberRegressor,3.1,4.7913,-1.6913,1.6913
Ni_num,10,M1_Core,HuberRegressor,3.0,3.5708,-0.5708,0.5708
Ni_num,10,M1_Core,ExtraTrees,1.0,1.254,-0.254,0.254
Ni_num,10,M1_Core,ExtraTrees,0.8,1.1847,-0.3847,0.3847
Ni_num,10,M1_Core,ExtraTrees,1.7,1.2306,0.4694,0.4694
Ni_num,10,M1_Core,ExtraTrees,0.7,1.2158,-0.5158,0.5158
Ni_num,10,M1_Core,ExtraTrees,2.0,1.252,0.748,0.748
Ni_num,10,M1_Core,ExtraTrees,1.1,1.4413,-0.3413,0.3413
Ni_num,10,M1_Core,ExtraTrees,3.1,3.3359,-0.2359,0.2359
Ni_num,10,M1_Core,ExtraTrees,3.0,3.2588,-0.2588,0.2588
Ni_num,10,M7_TargetSpecific_Selected,Ridge,1.0,1.3847,-0.3847,0.3847
Ni_num,10,M7_TargetSpecific_Selected,Ridge,0.8,1.1911,-0.3911,0.3911
Ni_num,10,M7_TargetSpecific_Selected,Ridge,1.7,1.5276,0.1724,0.1724
Ni_num,10,M7_TargetSpecific_Selected,Ridge,0.7,1.364,-0.664,0.664
Ni_num,10,M7_TargetSpecific_Selected,Ridge,2.0,1.7839,0.2161,0.2161
Ni_num,10,M7_TargetSpecific_Selected,Ridge,1.1,2.112,-1.012,1.012
Ni_num,10,M7_TargetSpecific_Selected,Ridge,3.1,5.1141,-2.0141,2.0141
Ni_num,10,M7_TargetSpecific_Selected,Ridge,3.0,4.0909,-1.0909,1.0909
Ni_num,10,M7_TargetSpecific_Selected,HuberRegressor,1.0,1.1986,-0.1986,0.1986
Ni_num,10,M7_TargetSpecific_Selected,HuberRegressor,0.8,1.1035,-0.3035,0.3035
Ni_num,10,M7_TargetSpecific_Selected,HuberRegressor,1.7,1.293,0.407,0.407
Ni_num,10,M7_TargetSpecific_Selected,HuberRegressor,0.7,1.1885,-0.4885,0.4885
Ni_num,10,M7_TargetSpecific_Selected,HuberRegressor,2.0,1.4077,0.5923,0.5923
Ni_num,10,M7_TargetSpecific_Selected,HuberRegressor,1.1,1.7173,-0.6173,0.6173
Ni_num,10,M7_TargetSpecific_Selected,HuberRegressor,3.1,4.561,-1.461,1.461
Ni_num,10,M7_TargetSpecific_Selected,HuberRegressor,3.0,3.4396,-0.4396,0.4396
Ni_num,10,M7_TargetSpecific_Selected,ExtraTrees,1.0,1.3609,-0.3609,0.3609
Ni_num,10,M7_TargetSpecific_Selected,ExtraTrees,0.8,1.2421,-0.4421,0.4421
Ni_num,10,M7_TargetSpecific_Selected,ExtraTrees,1.7,1.3905,0.3095,0.3095
Ni_num,10,M7_TargetSpecific_Selected,ExtraTrees,0.7,1.3641,-0.6641,0.6641
Ni_num,10,M7_TargetSpecific_Selected,ExtraTrees,2.0,1.3512,0.6488,0.6488
Ni_num,10,M7_TargetSpecific_Selected,ExtraTrees,1.1,1.7033,-0.6033,0.6033
Ni_num,10,M7_TargetSpecific_Selected,ExtraTrees,3.1,4.5672,-1.4672,1.4672
Ni_num,10,M7_TargetSpecific_Selected,ExtraTrees,3.0,5.4031,-2.4031,2.4031
Ni_num,11,M1_Core,Ridge,1.4,1.3514,0.0486,0.0486
Ni_num,11,M1_Core,Ridge,1.0,1.339,-0.339,0.339
Ni_num,11,M1_Core,Ridge,1.5,1.7311,-0.2311,0.2311
Ni_num,11,M1_Core,Ridge,7.5,2.8314,4.6686,4.6686
Ni_num,11,M1_Core,Ridge,5.5,3.8626,1.6374,1.6374
Ni_num,11,M1_Core,Ridge,3.9,2.7171,1.1829,1.1829
Ni_num,11,M1_Core,Ridge,1.0,1.5948,-0.5948,0.5948
Ni_num,11,M1_Core,Ridge,1.0,1.5122,-0.5122,0.5122
Ni_num,11,M1_Core,HuberRegressor,1.4,1.2104,0.1896,0.1896
Ni_num,11,M1_Core,HuberRegressor,1.0,1.1007,-0.1007,0.1007
Ni_num,11,M1_Core,HuberRegressor,1.5,1.6865,-0.1865,0.1865
Ni_num,11,M1_Core,HuberRegressor,7.5,3.1413,4.3587,4.3587
Ni_num,11,M1_Core,HuberRegressor,5.5,4.4248,1.0752,1.0752
Ni_num,11,M1_Core,HuberRegressor,3.9,2.7219,1.1781,1.1781
Ni_num,11,M1_Core,HuberRegressor,1.0,1.3285,-0.3285,0.3285
Ni_num,11,M1_Core,HuberRegressor,1.0,1.2501,-0.2501,0.2501
Ni_num,11,M1_Core,ExtraTrees,1.4,1.2216,0.1784,0.1784
Ni_num,11,M1_Core,ExtraTrees,1.0,1.2038,-0.2038,0.2038
Ni_num,11,M1_Core,ExtraTrees,1.5,1.7229,-0.2229,0.2229
Ni_num,11,M1_Core,ExtraTrees,7.5,3.0071,4.4929,4.4929
Ni_num,11,M1_Core,ExtraTrees,5.5,4.6802,0.8198,0.8198
Ni_num,11,M1_Core,ExtraTrees,3.9,3.3824,0.5176,0.5176
Ni_num,11,M1_Core,ExtraTrees,1.0,1.3444,-0.3444,0.3444
Ni_num,11,M1_Core,ExtraTrees,1.0,1.2776,-0.2776,0.2776
Ni_num,11,M7_TargetSpecific_Selected,Ridge,1.4,1.3804,0.0196,0.0196
Ni_num,11,M7_TargetSpecific_Selected,Ridge,1.0,1.5762,-0.5762,0.5762
Ni_num,11,M7_TargetSpecific_Selected,Ridge,1.5,1.8398,-0.3398,0.3398
Ni_num,11,M7_TargetSpecific_Selected,Ridge,7.5,2.7523,4.7477,4.7477
Ni_num,11,M7_TargetSpecific_Selected,Ridge,5.5,3.499,2.001,2.001
Ni_num,11,M7_TargetSpecific_Selected,Ridge,3.9,2.7747,1.1253,1.1253
Ni_num,11,M7_TargetSpecific_Selected,Ridge,1.0,2.029,-1.029,1.029
Ni_num,11,M7_TargetSpecific_Selected,Ridge,1.0,2.0184,-1.0184,1.0184
Ni_num,11,M7_TargetSpecific_Selected,HuberRegressor,1.4,1.2218,0.1782,0.1782
Ni_num,11,M7_TargetSpecific_Selected,HuberRegressor,1.0,1.3765,-0.3765,0.3765
Ni_num,11,M7_TargetSpecific_Selected,HuberRegressor,1.5,1.6897,-0.1897,0.1897
Ni_num,11,M7_TargetSpecific_Selected,HuberRegressor,7.5,2.924,4.576,4.576
Ni_num,11,M7_TargetSpecific_Selected,HuberRegressor,5.5,4.1085,1.3915,1.3915
Ni_num,11,M7_TargetSpecific_Selected,HuberRegressor,3.9,2.8165,1.0835,1.0835
Ni_num,11,M7_TargetSpecific_Selected,HuberRegressor,1.0,1.6357,-0.6357,0.6357
Ni_num,11,M7_TargetSpecific_Selected,HuberRegressor,1.0,1.6515,-0.6515,0.6515
Ni_num,11,M7_TargetSpecific_Selected,ExtraTrees,1.4,1.2245,0.1755,0.1755
Ni_num,11,M7_TargetSpecific_Selected,ExtraTrees,1.0,1.4659,-0.4659,0.4659
Ni_num,11,M7_TargetSpecific_Selected,ExtraTrees,1.5,1.5362,-0.0362,0.0362
Ni_num,11,M7_TargetSpecific_Selected,ExtraTrees,7.5,2.6992,4.8008,4.8008
Ni_num,11,M7_TargetSpecific_Selected,ExtraTrees,5.5,4.1787,1.3213,1.3213
Ni_num,11,M7_TargetSpecific_Selected,ExtraTrees,3.9,4.5456,-0.6456,0.6456
Ni_num,11,M7_TargetSpecific_Selected,ExtraTrees,1.0,1.6902,-0.6902,0.6902
Ni_num,11,M7_TargetSpecific_Selected,ExtraTrees,1.0,1.5905,-0.5905,0.5905
Ni_num,12,M1_Core,Ridge,1.1,1.737,-0.637,0.637
Ni_num,12,M1_Core,Ridge,0.9,1.9823,-1.0823,1.0823
Ni_num,12,M1_Core,Ridge,0.8,1.1406,-0.3406,0.3406
Ni_num,12,M1_Core,Ridge,1.2,1.837,-0.637,0.637
Ni_num,12,M1_Core,Ridge,3.4,5.6974,-2.2974,2.2974
Ni_num,12,M1_Core,Ridge,4.7,4.304,0.396,0.396
Ni_num,12,M1_Core,Ridge,8.9,3.2631,5.6369,5.6369
Ni_num,12,M1_Core,Ridge,3.5,3.2898,0.2102,0.2102
Ni_num,12,M1_Core,HuberRegressor,1.1,1.9434,-0.8434,0.8434
Ni_num,12,M1_Core,HuberRegressor,0.9,1.2263,-0.3263,0.3263
Ni_num,12,M1_Core,HuberRegressor,0.8,1.1958,-0.3958,0.3958
Ni_num,12,M1_Core,HuberRegressor,1.2,1.859,-0.659,0.659
Ni_num,12,M1_Core,HuberRegressor,3.4,3.9683,-0.5683,0.5683
Ni_num,12,M1_Core,HuberRegressor,4.7,5.8437,-1.1437,1.1437
Ni_num,12,M1_Core,HuberRegressor,8.9,2.9241,5.9759,5.9759
Ni_num,12,M1_Core,HuberRegressor,3.5,3.8441,-0.3441,0.3441
Ni_num,12,M1_Core,ExtraTrees,1.1,1.5712,-0.4712,0.4712
Ni_num,12,M1_Core,ExtraTrees,0.9,1.7706,-0.8706,0.8706
Ni_num,12,M1_Core,ExtraTrees,0.8,1.3704,-0.5704,0.5704
Ni_num,12,M1_Core,ExtraTrees,1.2,1.5902,-0.3902,0.3902
Ni_num,12,M1_Core,ExtraTrees,3.4,3.9402,-0.5402,0.5402
Ni_num,12,M1_Core,ExtraTrees,4.7,4.6031,0.0969,0.0969
Ni_num,12,M1_Core,ExtraTrees,8.9,3.5938,5.3062,5.3062
Ni_num,12,M1_Core,ExtraTrees,3.5,4.3113,-0.8113,0.8113
Ni_num,12,M7_TargetSpecific_Selected,Ridge,1.1,3.0805,-1.9805,1.9805
Ni_num,12,M7_TargetSpecific_Selected,Ridge,0.9,5.8581,-4.9581,4.9581
Ni_num,12,M7_TargetSpecific_Selected,Ridge,0.8,1.8848,-1.0848,1.0848
Ni_num,12,M7_TargetSpecific_Selected,Ridge,1.2,1.3594,-0.1594,0.1594
Ni_num,12,M7_TargetSpecific_Selected,Ridge,3.4,14.5268,-11.1268,11.1268
Ni_num,12,M7_TargetSpecific_Selected,Ridge,4.7,3.4197,1.2803,1.2803
Ni_num,12,M7_TargetSpecific_Selected,Ridge,8.9,3.6557,5.2443,5.2443
Ni_num,12,M7_TargetSpecific_Selected,Ridge,3.5,2.4269,1.0731,1.0731
Ni_num,12,M7_TargetSpecific_Selected,HuberRegressor,1.1,2.4104,-1.3104,1.3104
Ni_num,12,M7_TargetSpecific_Selected,HuberRegressor,0.9,2.5997,-1.6997,1.6997
Ni_num,12,M7_TargetSpecific_Selected,HuberRegressor,0.8,1.3247,-0.5247,0.5247
Ni_num,12,M7_TargetSpecific_Selected,HuberRegressor,1.2,1.3773,-0.1773,0.1773
Ni_num,12,M7_TargetSpecific_Selected,HuberRegressor,3.4,10.5826,-7.1826,7.1826
Ni_num,12,M7_TargetSpecific_Selected,HuberRegressor,4.7,3.9113,0.7887,0.7887
Ni_num,12,M7_TargetSpecific_Selected,HuberRegressor,8.9,3.6191,5.2809,5.2809
Ni_num,12,M7_TargetSpecific_Selected,HuberRegressor,3.5,2.7938,0.7062,0.7062
Ni_num,12,M7_TargetSpecific_Selected,ExtraTrees,1.1,2.8993,-1.7993,1.7993
Ni_num,12,M7_TargetSpecific_Selected,ExtraTrees,0.9,2.6289,-1.7289,1.7289
Ni_num,12,M7_TargetSpecific_Selected,ExtraTrees,0.8,2.2514,-1.4514,1.4514
Ni_num,12,M7_TargetSpecific_Selected,ExtraTrees,1.2,1.2896,-0.0896,0.0896
Ni_num,12,M7_TargetSpecific_Selected,ExtraTrees,3.4,3.8701,-0.4701,0.4701
Ni_num,12,M7_TargetSpecific_Selected,ExtraTrees,4.7,4.2143,0.4857,0.4857
Ni_num,12,M7_TargetSpecific_Selected,ExtraTrees,8.9,3.2371,5.6629,5.6629
Ni_num,12,M7_TargetSpecific_Selected,ExtraTrees,3.5,4.018,-0.518,0.518
Ni_num,13,M1_Core,Ridge,3.3,1.2212,2.0788,2.0788
Ni_num,13,M1_Core,Ridge,0.5,0.9375,-0.4375,0.4375
Ni_num,13,M1_Core,Ridge,8.0,1.183,6.817,6.817
Ni_num,13,M1_Core,Ridge,2.1,4.3839,-2.2839,2.2839
Ni_num,13,M1_Core,Ridge,1.5,1.9952,-0.4952,0.4952
Ni_num,13,M1_Core,Ridge,4.5,3.5236,0.9764,0.9764
Ni_num,13,M1_Core,Ridge,3.5,6.4171,-2.9171,2.9171
Ni_num,13,M1_Core,Ridge,2.2,1.4288,0.7712,0.7712
Ni_num,13,M1_Core,HuberRegressor,3.3,1.1828,2.1172,2.1172
Ni_num,13,M1_Core,HuberRegressor,0.5,0.8728,-0.3728,0.3728
Ni_num,13,M1_Core,HuberRegressor,8.0,1.0263,6.9737,6.9737
Ni_num,13,M1_Core,HuberRegressor,2.1,3.6099,-1.5099,1.5099
Ni_num,13,M1_Core,HuberRegressor,1.5,1.7713,-0.2713,0.2713
Ni_num,13,M1_Core,HuberRegressor,4.5,3.3625,1.1375,1.1375
Ni_num,13,M1_Core,HuberRegressor,3.5,5.5672,-2.0672,2.0672
Ni_num,13,M1_Core,HuberRegressor,2.2,1.3465,0.8535,0.8535
Ni_num,13,M1_Core,ExtraTrees,3.3,1.1897,2.1103,2.1103
Ni_num,13,M1_Core,ExtraTrees,0.5,1.1988,-0.6988,0.6988
Ni_num,13,M1_Core,ExtraTrees,8.0,1.6705,6.3295,6.3295
Ni_num,13,M1_Core,ExtraTrees,2.1,3.8924,-1.7924,1.7924
Ni_num,13,M1_Core,ExtraTrees,1.5,1.7953,-0.2953,0.2953
Ni_num,13,M1_Core,ExtraTrees,4.5,4.3899,0.1101,0.1101
Ni_num,13,M1_Core,ExtraTrees,3.5,5.4149,-1.9149,1.9149
Ni_num,13,M1_Core,ExtraTrees,2.2,2.1786,0.0214,0.0214
Ni_num,13,M7_TargetSpecific_Selected,Ridge,3.3,1.2618,2.0382,2.0382
Ni_num,13,M7_TargetSpecific_Selected,Ridge,0.5,1.0709,-0.5709,0.5709
Ni_num,13,M7_TargetSpecific_Selected,Ridge,8.0,1.1829,6.8171,6.8171
Ni_num,13,M7_TargetSpecific_Selected,Ridge,2.1,4.7899,-2.6899,2.6899
Ni_num,13,M7_TargetSpecific_Selected,Ridge,1.5,2.2608,-0.7608,0.7608
Ni_num,13,M7_TargetSpecific_Selected,Ridge,4.5,3.6261,0.8739,0.8739
Ni_num,13,M7_TargetSpecific_Selected,Ridge,3.5,6.7886,-3.2886,3.2886
Ni_num,13,M7_TargetSpecific_Selected,Ridge,2.2,1.5465,0.6535,0.6535
Ni_num,13,M7_TargetSpecific_Selected,HuberRegressor,3.3,1.114,2.186,2.186
Ni_num,13,M7_TargetSpecific_Selected,HuberRegressor,0.5,1.3231,-0.8231,0.8231
Ni_num,13,M7_TargetSpecific_Selected,HuberRegressor,8.0,1.1604,6.8396,6.8396
Ni_num,13,M7_TargetSpecific_Selected,HuberRegressor,2.1,3.7178,-1.6178,1.6178
Ni_num,13,M7_TargetSpecific_Selected,HuberRegressor,1.5,1.8776,-0.3776,0.3776
Ni_num,13,M7_TargetSpecific_Selected,HuberRegressor,4.5,3.4304,1.0696,1.0696
Ni_num,13,M7_TargetSpecific_Selected,HuberRegressor,3.5,5.5371,-2.0371,2.0371
Ni_num,13,M7_TargetSpecific_Selected,HuberRegressor,2.2,1.3063,0.8937,0.8937
Ni_num,13,M7_TargetSpecific_Selected,ExtraTrees,3.3,1.2375,2.0625,2.0625
Ni_num,13,M7_TargetSpecific_Selected,ExtraTrees,0.5,1.2881,-0.7881,0.7881
Ni_num,13,M7_TargetSpecific_Selected,ExtraTrees,8.0,1.6418,6.3582,6.3582
Ni_num,13,M7_TargetSpecific_Selected,ExtraTrees,2.1,3.7555,-1.6555,1.6555
Ni_num,13,M7_TargetSpecific_Selected,ExtraTrees,1.5,2.2055,-0.7055,0.7055
Ni_num,13,M7_TargetSpecific_Selected,ExtraTrees,4.5,4.4958,0.0042,0.0042
Ni_num,13,M7_TargetSpecific_Selected,ExtraTrees,3.5,6.6497,-3.1497,3.1497
Ni_num,13,M7_TargetSpecific_Selected,ExtraTrees,2.2,2.6406,-0.4406,0.4406
Ni_num,14,M1_Core,Ridge,1.3,1.6111,-0.3111,0.3111
Ni_num,14,M1_Core,Ridge,2.4,1.2626,1.1374,1.1374
Ni_num,14,M1_Core,Ridge,1.3,1.0702,0.2298,0.2298
Ni_num,14,M1_Core,Ridge,3.0,2.2356,0.7644,0.7644
Ni_num,14,M1_Core,Ridge,1.5,2.4513,-0.9513,0.9513
Ni_num,14,M1_Core,Ridge,1.6,1.4788,0.1212,0.1212
Ni_num,14,M1_Core,Ridge,1.1,1.3947,-0.2947,0.2947
Ni_num,14,M1_Core,Ridge,2.1,1.3104,0.7896,0.7896
Ni_num,14,M1_Core,HuberRegressor,1.3,1.3135,-0.0135,0.0135
Ni_num,14,M1_Core,HuberRegressor,2.4,1.0157,1.3843,1.3843
Ni_num,14,M1_Core,HuberRegressor,1.3,0.7777,0.5223,0.5223
Ni_num,14,M1_Core,HuberRegressor,3.0,2.0467,0.9533,0.9533
Ni_num,14,M1_Core,HuberRegressor,1.5,2.2787,-0.7787,0.7787
Ni_num,14,M1_Core,HuberRegressor,1.6,1.1246,0.4754,0.4754
Ni_num,14,M1_Core,HuberRegressor,1.1,0.9334,0.1666,0.1666
Ni_num,14,M1_Core,HuberRegressor,2.1,0.8018,1.2982,1.2982
Ni_num,14,M1_Core,ExtraTrees,1.3,1.4259,-0.1259,0.1259
Ni_num,14,M1_Core,ExtraTrees,2.4,1.6721,0.7279,0.7279
Ni_num,14,M1_Core,ExtraTrees,1.3,0.9498,0.3502,0.3502
Ni_num,14,M1_Core,ExtraTrees,3.0,2.7369,0.2631,0.2631
Ni_num,14,M1_Core,ExtraTrees,1.5,3.2422,-1.7422,1.7422
Ni_num,14,M1_Core,ExtraTrees,1.6,1.3161,0.2839,0.2839
Ni_num,14,M1_Core,ExtraTrees,1.1,1.8431,-0.7431,0.7431
Ni_num,14,M1_Core,ExtraTrees,2.1,4.119,-2.019,2.019
Ni_num,14,M7_TargetSpecific_Selected,Ridge,1.3,1.8738,-0.5738,0.5738
Ni_num,14,M7_TargetSpecific_Selected,Ridge,2.4,1.0385,1.3615,1.3615
Ni_num,14,M7_TargetSpecific_Selected,Ridge,1.3,0.9058,0.3942,0.3942
Ni_num,14,M7_TargetSpecific_Selected,Ridge,3.0,2.3675,0.6325,0.6325
Ni_num,14,M7_TargetSpecific_Selected,Ridge,1.5,2.6885,-1.1885,1.1885
Ni_num,14,M7_TargetSpecific_Selected,Ridge,1.6,1.6775,-0.0775,0.0775
Ni_num,14,M7_TargetSpecific_Selected,Ridge,1.1,1.4785,-0.3785,0.3785
Ni_num,14,M7_TargetSpecific_Selected,Ridge,2.1,1.2335,0.8665,0.8665
Ni_num,14,M7_TargetSpecific_Selected,HuberRegressor,1.3,1.5994,-0.2994,0.2994
Ni_num,14,M7_TargetSpecific_Selected,HuberRegressor,2.4,0.9132,1.4868,1.4868
Ni_num,14,M7_TargetSpecific_Selected,HuberRegressor,1.3,0.7737,0.5263,0.5263
Ni_num,14,M7_TargetSpecific_Selected,HuberRegressor,3.0,2.2241,0.7759,0.7759
Ni_num,14,M7_TargetSpecific_Selected,HuberRegressor,1.5,2.5834,-1.0834,1.0834
Ni_num,14,M7_TargetSpecific_Selected,HuberRegressor,1.6,1.338,0.262,0.262
Ni_num,14,M7_TargetSpecific_Selected,HuberRegressor,1.1,1.0264,0.0736,0.0736
Ni_num,14,M7_TargetSpecific_Selected,HuberRegressor,2.1,0.7615,1.3385,1.3385
Ni_num,14,M7_TargetSpecific_Selected,ExtraTrees,1.3,1.6038,-0.3038,0.3038
Ni_num,14,M7_TargetSpecific_Selected,ExtraTrees,2.4,1.202,1.198,1.198
Ni_num,14,M7_TargetSpecific_Selected,ExtraTrees,1.3,0.8612,0.4388,0.4388
Ni_num,14,M7_TargetSpecific_Selected,ExtraTrees,3.0,1.8508,1.1492,1.1492
Ni_num,14,M7_TargetSpecific_Selected,ExtraTrees,1.5,2.4217,-0.9217,0.9217
Ni_num,14,M7_TargetSpecific_Selected,ExtraTrees,1.6,1.6037,-0.0037,0.0037
Ni_num,14,M7_TargetSpecific_Selected,ExtraTrees,1.1,1.1567,-0.0567,0.0567
Ni_num,14,M7_TargetSpecific_Selected,ExtraTrees,2.1,2.0216,0.0784,0.0784
Ni_num,15,M1_Core,Ridge,1.0,1.108,-0.108,0.108
Ni_num,15,M1_Core,Ridge,1.7,1.8042,-0.1042,0.1042
Ni_num,15,M1_Core,Ridge,1.3,1.5346,-0.2346,0.2346
Ni_num,15,M1_Core,Ridge,1.2,1.7984,-0.5984,0.5984
Ni_num,15,M1_Core,Ridge,8.0,1.1145,6.8855,6.8855
Ni_num,15,M1_Core,Ridge,1.5,1.8672,-0.3672,0.3672
Ni_num,15,M1_Core,Ridge,5.5,5.3965,0.1035,0.1035
Ni_num,15,M1_Core,Ridge,3.1,5.065,-1.965,1.965
Ni_num,15,M1_Core,HuberRegressor,1.0,1.022,-0.022,0.022
Ni_num,15,M1_Core,HuberRegressor,1.7,1.638,0.062,0.062
Ni_num,15,M1_Core,HuberRegressor,1.3,1.4521,-0.1521,0.1521
Ni_num,15,M1_Core,HuberRegressor,1.2,1.6447,-0.4447,0.4447
Ni_num,15,M1_Core,HuberRegressor,8.0,0.9585,7.0415,7.0415
Ni_num,15,M1_Core,HuberRegressor,1.5,1.6517,-0.1517,0.1517
Ni_num,15,M1_Core,HuberRegressor,5.5,5.2851,0.2149,0.2149
Ni_num,15,M1_Core,HuberRegressor,3.1,4.6866,-1.5866,1.5866
Ni_num,15,M1_Core,ExtraTrees,1.0,1.237,-0.237,0.237
Ni_num,15,M1_Core,ExtraTrees,1.7,1.0486,0.6514,0.6514
Ni_num,15,M1_Core,ExtraTrees,1.3,1.7227,-0.4227,0.4227
Ni_num,15,M1_Core,ExtraTrees,1.2,1.3141,-0.1141,0.1141
Ni_num,15,M1_Core,ExtraTrees,8.0,1.2953,6.7047,6.7047
Ni_num,15,M1_Core,ExtraTrees,1.5,1.6984,-0.1984,0.1984
Ni_num,15,M1_Core,ExtraTrees,5.5,4.3033,1.1967,1.1967
Ni_num,15,M1_Core,ExtraTrees,3.1,3.3145,-0.2145,0.2145
Ni_num,15,M7_TargetSpecific_Selected,Ridge,1.0,1.0953,-0.0953,0.0953
Ni_num,15,M7_TargetSpecific_Selected,Ridge,1.7,2.3748,-0.6748,0.6748
Ni_num,15,M7_TargetSpecific_Selected,Ridge,1.3,1.5699,-0.2699,0.2699
Ni_num,15,M7_TargetSpecific_Selected,Ridge,1.2,2.0342,-0.8342,0.8342
Ni_num,15,M7_TargetSpecific_Selected,Ridge,8.0,1.0996,6.9004,6.9004
Ni_num,15,M7_TargetSpecific_Selected,Ridge,1.5,1.9757,-0.4757,0.4757
Ni_num,15,M7_TargetSpecific_Selected,Ridge,5.5,4.9506,0.5494,0.5494
Ni_num,15,M7_TargetSpecific_Selected,Ridge,3.1,5.1061,-2.0061,2.0061
Ni_num,15,M7_TargetSpecific_Selected,HuberRegressor,1.0,1.0585,-0.0585,0.0585
Ni_num,15,M7_TargetSpecific_Selected,HuberRegressor,1.7,2.3835,-0.6835,0.6835
Ni_num,15,M7_TargetSpecific_Selected,HuberRegressor,1.3,1.3703,-0.0703,0.0703
Ni_num,15,M7_TargetSpecific_Selected,HuberRegressor,1.2,1.9454,-0.7454,0.7454
Ni_num,15,M7_TargetSpecific_Selected,HuberRegressor,8.0,0.9613,7.0387,7.0387
Ni_num,15,M7_TargetSpecific_Selected,HuberRegressor,1.5,1.6175,-0.1175,0.1175
Ni_num,15,M7_TargetSpecific_Selected,HuberRegressor,5.5,5.0801,0.4199,0.4199
Ni_num,15,M7_TargetSpecific_Selected,HuberRegressor,3.1,5.0371,-1.9371,1.9371
Ni_num,15,M7_TargetSpecific_Selected,ExtraTrees,1.0,1.2528,-0.2528,0.2528
Ni_num,15,M7_TargetSpecific_Selected,ExtraTrees,1.7,1.1079,0.5921,0.5921
Ni_num,15,M7_TargetSpecific_Selected,ExtraTrees,1.3,1.6717,-0.3717,0.3717
Ni_num,15,M7_TargetSpecific_Selected,ExtraTrees,1.2,1.2632,-0.0632,0.0632
Ni_num,15,M7_TargetSpecific_Selected,ExtraTrees,8.0,1.3629,6.6371,6.6371
Ni_num,15,M7_TargetSpecific_Selected,ExtraTrees,1.5,1.852,-0.352,0.352
Ni_num,15,M7_TargetSpecific_Selected,ExtraTrees,5.5,4.2793,1.2207,1.2207
Ni_num,15,M7_TargetSpecific_Selected,ExtraTrees,3.1,3.6616,-0.5616,0.5616
Ni_num,16,M1_Core,Ridge,0.8,1.4868,-0.6868,0.6868
Ni_num,16,M1_Core,Ridge,3.0,2.2712,0.7288,0.7288
Ni_num,16,M1_Core,Ridge,1.5,2.6152,-1.1152,1.1152
Ni_num,16,M1_Core,Ridge,1.5,1.9494,-0.4494,0.4494
Ni_num,16,M1_Core,Ridge,1.6,1.5856,0.0144,0.0144
Ni_num,16,M1_Core,Ridge,3.5,4.7694,-1.2694,1.2694
Ni_num,16,M1_Core,Ridge,4.7,5.3775,-0.6775,0.6775
Ni_num,16,M1_Core,Ridge,3.0,3.961,-0.961,0.961
Ni_num,16,M1_Core,HuberRegressor,0.8,1.3383,-0.5383,0.5383
Ni_num,16,M1_Core,HuberRegressor,3.0,2.2026,0.7974,0.7974
Ni_num,16,M1_Core,HuberRegressor,1.5,2.5829,-1.0829,1.0829
Ni_num,16,M1_Core,HuberRegressor,1.5,1.835,-0.335,0.335
Ni_num,16,M1_Core,HuberRegressor,1.6,1.3515,0.2485,0.2485
Ni_num,16,M1_Core,HuberRegressor,3.5,3.8747,-0.3747,0.3747
Ni_num,16,M1_Core,HuberRegressor,4.7,6.0381,-1.3381,1.3381
Ni_num,16,M1_Core,HuberRegressor,3.0,3.52,-0.52,0.52
Ni_num,16,M1_Core,ExtraTrees,0.8,1.2672,-0.4672,0.4672
Ni_num,16,M1_Core,ExtraTrees,3.0,2.7288,0.2712,0.2712
Ni_num,16,M1_Core,ExtraTrees,1.5,2.8323,-1.3323,1.3323
Ni_num,16,M1_Core,ExtraTrees,1.5,1.6389,-0.1389,0.1389
Ni_num,16,M1_Core,ExtraTrees,1.6,1.4014,0.1986,0.1986
Ni_num,16,M1_Core,ExtraTrees,3.5,5.7322,-2.2322,2.2322
Ni_num,16,M1_Core,ExtraTrees,4.7,4.6528,0.0472,0.0472
Ni_num,16,M1_Core,ExtraTrees,3.0,3.8085,-0.8085,0.8085
Ni_num,16,M7_TargetSpecific_Selected,Ridge,0.8,1.4976,-0.6976,0.6976
Ni_num,16,M7_TargetSpecific_Selected,Ridge,3.0,2.3152,0.6848,0.6848
Ni_num,16,M7_TargetSpecific_Selected,Ridge,1.5,2.6517,-1.1517,1.1517
Ni_num,16,M7_TargetSpecific_Selected,Ridge,1.5,1.9564,-0.4564,0.4564
Ni_num,16,M7_TargetSpecific_Selected,Ridge,1.6,1.6854,-0.0854,0.0854
Ni_num,16,M7_TargetSpecific_Selected,Ridge,3.5,4.5416,-1.0416,1.0416
Ni_num,16,M7_TargetSpecific_Selected,Ridge,4.7,4.9602,-0.2602,0.2602
Ni_num,16,M7_TargetSpecific_Selected,Ridge,3.0,3.94,-0.94,0.94
Ni_num,16,M7_TargetSpecific_Selected,HuberRegressor,0.8,1.3023,-0.5023,0.5023
Ni_num,16,M7_TargetSpecific_Selected,HuberRegressor,3.0,2.0955,0.9045,0.9045
Ni_num,16,M7_TargetSpecific_Selected,HuberRegressor,1.5,2.4593,-0.9593,0.9593
Ni_num,16,M7_TargetSpecific_Selected,HuberRegressor,1.5,1.6984,-0.1984,0.1984
Ni_num,16,M7_TargetSpecific_Selected,HuberRegressor,1.6,1.3625,0.2375,0.2375
Ni_num,16,M7_TargetSpecific_Selected,HuberRegressor,3.5,3.2363,0.2637,0.2637
Ni_num,16,M7_TargetSpecific_Selected,HuberRegressor,4.7,5.346,-0.646,0.646
Ni_num,16,M7_TargetSpecific_Selected,HuberRegressor,3.0,3.2033,-0.2033,0.2033
Ni_num,16,M7_TargetSpecific_Selected,ExtraTrees,0.8,1.2539,-0.4539,0.4539
Ni_num,16,M7_TargetSpecific_Selected,ExtraTrees,3.0,2.6536,0.3464,0.3464
Ni_num,16,M7_TargetSpecific_Selected,ExtraTrees,1.5,3.4786,-1.9786,1.9786
Ni_num,16,M7_TargetSpecific_Selected,ExtraTrees,1.5,1.5245,-0.0245,0.0245
Ni_num,16,M7_TargetSpecific_Selected,ExtraTrees,1.6,1.515,0.085,0.085
Ni_num,16,M7_TargetSpecific_Selected,ExtraTrees,3.5,6.8065,-3.3065,3.3065
Ni_num,16,M7_TargetSpecific_Selected,ExtraTrees,4.7,4.6383,0.0617,0.0617
Ni_num,16,M7_TargetSpecific_Selected,ExtraTrees,3.0,4.3097,-1.3097,1.3097
Ni_num,17,M1_Core,Ridge,0.8,1.5211,-0.7211,0.7211
Ni_num,17,M1_Core,Ridge,0.7,1.5086,-0.8086,0.8086
Ni_num,17,M1_Core,Ridge,0.5,1.4117,-0.9117,0.9117
Ni_num,17,M1_Core,Ridge,1.3,1.297,0.003,0.003
Ni_num,17,M1_Core,Ridge,2.0,1.5866,0.4134,0.4134
Ni_num,17,M1_Core,Ridge,1.1,1.8212,-0.7212,0.7212
Ni_num,17,M1_Core,Ridge,4.5,4.2033,0.2967,0.2967
Ni_num,17,M1_Core,Ridge,3.5,3.303,0.197,0.197
Ni_num,17,M1_Core,HuberRegressor,0.8,1.269,-0.469,0.469
Ni_num,17,M1_Core,HuberRegressor,0.7,1.1826,-0.4826,0.4826
Ni_num,17,M1_Core,HuberRegressor,0.5,1.0252,-0.5252,0.5252
Ni_num,17,M1_Core,HuberRegressor,1.3,1.0746,0.2254,0.2254
Ni_num,17,M1_Core,HuberRegressor,2.0,1.286,0.714,0.714
Ni_num,17,M1_Core,HuberRegressor,1.1,1.5684,-0.4684,0.4684
Ni_num,17,M1_Core,HuberRegressor,4.5,4.1077,0.3923,0.3923
Ni_num,17,M1_Core,HuberRegressor,3.5,3.3609,0.1391,0.1391
Ni_num,17,M1_Core,ExtraTrees,0.8,1.3142,-0.5142,0.5142
Ni_num,17,M1_Core,ExtraTrees,0.7,1.4599,-0.7599,0.7599
Ni_num,17,M1_Core,ExtraTrees,0.5,1.5804,-1.0804,1.0804
Ni_num,17,M1_Core,ExtraTrees,1.3,1.2231,0.0769,0.0769
Ni_num,17,M1_Core,ExtraTrees,2.0,1.2528,0.7472,0.7472
Ni_num,17,M1_Core,ExtraTrees,1.1,1.5345,-0.4345,0.4345
Ni_num,17,M1_Core,ExtraTrees,4.5,4.8544,-0.3544,0.3544
Ni_num,17,M1_Core,ExtraTrees,3.5,4.4636,-0.9636,0.9636
Ni_num,17,M7_TargetSpecific_Selected,Ridge,0.8,1.483,-0.683,0.683
Ni_num,17,M7_TargetSpecific_Selected,Ridge,0.7,1.5585,-0.8585,0.8585
Ni_num,17,M7_TargetSpecific_Selected,Ridge,0.5,1.4411,-0.9411,0.9411
Ni_num,17,M7_TargetSpecific_Selected,Ridge,1.3,1.341,-0.041,0.041
Ni_num,17,M7_TargetSpecific_Selected,Ridge,2.0,1.6851,0.3149,0.3149
Ni_num,17,M7_TargetSpecific_Selected,Ridge,1.1,1.9223,-0.8223,0.8223
Ni_num,17,M7_TargetSpecific_Selected,Ridge,4.5,4.1766,0.3234,0.3234
Ni_num,17,M7_TargetSpecific_Selected,Ridge,3.5,3.3847,0.1153,0.1153
Ni_num,17,M7_TargetSpecific_Selected,HuberRegressor,0.8,1.0837,-0.2837,0.2837
Ni_num,17,M7_TargetSpecific_Selected,HuberRegressor,0.7,1.2682,-0.5682,0.5682
Ni_num,17,M7_TargetSpecific_Selected,HuberRegressor,0.5,1.0522,-0.5522,0.5522
Ni_num,17,M7_TargetSpecific_Selected,HuberRegressor,1.3,1.1325,0.1675,0.1675
Ni_num,17,M7_TargetSpecific_Selected,HuberRegressor,2.0,1.4284,0.5716,0.5716
Ni_num,17,M7_TargetSpecific_Selected,HuberRegressor,1.1,1.7465,-0.6465,0.6465
Ni_num,17,M7_TargetSpecific_Selected,HuberRegressor,4.5,4.0183,0.4817,0.4817
Ni_num,17,M7_TargetSpecific_Selected,HuberRegressor,3.5,3.4636,0.0364,0.0364
Ni_num,17,M7_TargetSpecific_Selected,ExtraTrees,0.8,1.7028,-0.9028,0.9028
Ni_num,17,M7_TargetSpecific_Selected,ExtraTrees,0.7,1.6079,-0.9079,0.9079
Ni_num,17,M7_TargetSpecific_Selected,ExtraTrees,0.5,1.6812,-1.1812,1.1812
Ni_num,17,M7_TargetSpecific_Selected,ExtraTrees,1.3,1.3142,-0.0142,0.0142
Ni_num,17,M7_TargetSpecific_Selected,ExtraTrees,2.0,1.3709,0.6291,0.6291
Ni_num,17,M7_TargetSpecific_Selected,ExtraTrees,1.1,1.638,-0.538,0.538
Ni_num,17,M7_TargetSpecific_Selected,ExtraTrees,4.5,4.3385,0.1615,0.1615
Ni_num,17,M7_TargetSpecific_Selected,ExtraTrees,3.5,4.1994,-0.6994,0.6994
Ni_num,18,M1_Core,Ridge,1.4,1.2547,0.1453,0.1453
Ni_num,18,M1_Core,Ridge,1.0,1.2421,-0.2421,0.2421
Ni_num,18,M1_Core,Ridge,0.9,1.91,-1.01,1.01
Ni_num,18,M1_Core,Ridge,3.3,1.4021,1.8979,1.8979
Ni_num,18,M1_Core,Ridge,2.1,4.5093,-2.4093,2.4093
Ni_num,18,M1_Core,Ridge,3.9,2.8058,1.0942,1.0942
Ni_num,18,M1_Core,Ridge,1.0,1.5914,-0.5914,0.5914
Ni_num,18,M1_Core,Ridge,2.2,2.0436,0.1564,0.1564
Ni_num,18,M1_Core,HuberRegressor,1.4,1.1404,0.2596,0.2596
Ni_num,18,M1_Core,HuberRegressor,1.0,1.0015,-0.0015,0.0015
Ni_num,18,M1_Core,HuberRegressor,0.9,1.2453,-0.3453,0.3453
Ni_num,18,M1_Core,HuberRegressor,3.3,1.2387,2.0613,2.0613
Ni_num,18,M1_Core,HuberRegressor,2.1,2.7963,-0.6963,0.6963
Ni_num,18,M1_Core,HuberRegressor,3.9,2.7536,1.1464,1.1464
Ni_num,18,M1_Core,HuberRegressor,1.0,1.304,-0.304,0.304
Ni_num,18,M1_Core,HuberRegressor,2.2,1.7062,0.4938,0.4938
Ni_num,18,M1_Core,ExtraTrees,1.4,1.1892,0.2108,0.2108
Ni_num,18,M1_Core,ExtraTrees,1.0,1.1736,-0.1736,0.1736
Ni_num,18,M1_Core,ExtraTrees,0.9,1.7504,-0.8504,0.8504
Ni_num,18,M1_Core,ExtraTrees,3.3,1.2608,2.0392,2.0392
Ni_num,18,M1_Core,ExtraTrees,2.1,3.6113,-1.5113,1.5113
Ni_num,18,M1_Core,ExtraTrees,3.9,4.2868,-0.3868,0.3868
Ni_num,18,M1_Core,ExtraTrees,1.0,1.157,-0.157,0.157
Ni_num,18,M1_Core,ExtraTrees,2.2,2.0228,0.1772,0.1772
Ni_num,18,M7_TargetSpecific_Selected,Ridge,1.4,1.257,0.143,0.143
Ni_num,18,M7_TargetSpecific_Selected,Ridge,1.0,1.3644,-0.3644,0.3644
Ni_num,18,M7_TargetSpecific_Selected,Ridge,0.9,1.7107,-0.8107,0.8107
Ni_num,18,M7_TargetSpecific_Selected,Ridge,3.3,1.4874,1.8126,1.8126
Ni_num,18,M7_TargetSpecific_Selected,Ridge,2.1,4.4428,-2.3428,2.3428
Ni_num,18,M7_TargetSpecific_Selected,Ridge,3.9,2.7918,1.1082,1.1082
Ni_num,18,M7_TargetSpecific_Selected,Ridge,1.0,1.6844,-0.6844,0.6844
Ni_num,18,M7_TargetSpecific_Selected,Ridge,2.2,2.1694,0.0306,0.0306
Ni_num,18,M7_TargetSpecific_Selected,HuberRegressor,1.4,1.1059,0.2941,0.2941
Ni_num,18,M7_TargetSpecific_Selected,HuberRegressor,1.0,1.267,-0.267,0.267
Ni_num,18,M7_TargetSpecific_Selected,HuberRegressor,0.9,1.4287,-0.5287,0.5287
Ni_num,18,M7_TargetSpecific_Selected,HuberRegressor,3.3,1.2468,2.0532,2.0532
Ni_num,18,M7_TargetSpecific_Selected,HuberRegressor,2.1,2.8306,-0.7306,0.7306
Ni_num,18,M7_TargetSpecific_Selected,HuberRegressor,3.9,2.6572,1.2428,1.2428
Ni_num,18,M7_TargetSpecific_Selected,HuberRegressor,1.0,1.3155,-0.3155,0.3155
Ni_num,18,M7_TargetSpecific_Selected,HuberRegressor,2.2,1.8896,0.3104,0.3104
Ni_num,18,M7_TargetSpecific_Selected,ExtraTrees,1.4,1.1073,0.2927,0.2927
Ni_num,18,M7_TargetSpecific_Selected,ExtraTrees,1.0,1.3119,-0.3119,0.3119
Ni_num,18,M7_TargetSpecific_Selected,ExtraTrees,0.9,1.965,-1.065,1.065
Ni_num,18,M7_TargetSpecific_Selected,ExtraTrees,3.3,1.2642,2.0358,2.0358
Ni_num,18,M7_TargetSpecific_Selected,ExtraTrees,2.1,3.2312,-1.1312,1.1312
Ni_num,18,M7_TargetSpecific_Selected,ExtraTrees,3.9,3.7952,0.1048,0.1048
Ni_num,18,M7_TargetSpecific_Selected,ExtraTrees,1.0,1.3163,-0.3163,0.3163
Ni_num,18,M7_TargetSpecific_Selected,ExtraTrees,2.2,1.9125,0.2875,0.2875
Ni_num,19,M1_Core,Ridge,1.1,1.1252,-0.0252,0.0252
Ni_num,19,M1_Core,Ridge,2.4,1.0762,1.3238,1.3238
Ni_num,19,M1_Core,Ridge,7.5,3.2175,4.2825,4.2825
Ni_num,19,M1_Core,Ridge,1.1,1.3836,-0.2836,0.2836
Ni_num,19,M1_Core,Ridge,2.1,1.2381,0.8619,0.8619
Ni_num,19,M1_Core,Ridge,3.4,6.7634,-3.3634,3.3634
Ni_num,19,M1_Core,Ridge,1.0,1.3546,-0.3546,0.3546
Ni_num,19,M1_Core,Ridge,8.9,3.2402,5.6598,5.6598
Ni_num,19,M1_Core,HuberRegressor,1.1,1.3927,-0.2927,0.2927
Ni_num,19,M1_Core,HuberRegressor,2.4,1.0664,1.3336,1.3336
Ni_num,19,M1_Core,HuberRegressor,7.5,3.5483,3.9517,3.9517
Ni_num,19,M1_Core,HuberRegressor,1.1,1.0105,0.0895,0.0895
Ni_num,19,M1_Core,HuberRegressor,2.1,0.8717,1.2283,1.2283
Ni_num,19,M1_Core,HuberRegressor,3.4,4.8544,-1.4544,1.4544
Ni_num,19,M1_Core,HuberRegressor,1.0,1.1006,-0.1006,0.1006
Ni_num,19,M1_Core,HuberRegressor,8.9,2.8883,6.0117,6.0117
Ni_num,19,M1_Core,ExtraTrees,1.1,1.3895,-0.2895,0.2895
Ni_num,19,M1_Core,ExtraTrees,2.4,1.8708,0.5292,0.5292
Ni_num,19,M1_Core,ExtraTrees,7.5,3.1885,4.3115,4.3115
Ni_num,19,M1_Core,ExtraTrees,1.1,1.7096,-0.6096,0.6096
Ni_num,19,M1_Core,ExtraTrees,2.1,3.7447,-1.6447,1.6447
Ni_num,19,M1_Core,ExtraTrees,3.4,4.0225,-0.6225,0.6225
Ni_num,19,M1_Core,ExtraTrees,1.0,1.3481,-0.3481,0.3481
Ni_num,19,M1_Core,ExtraTrees,8.9,3.3029,5.5971,5.5971
Ni_num,19,M7_TargetSpecific_Selected,Ridge,1.1,1.0625,0.0375,0.0375
Ni_num,19,M7_TargetSpecific_Selected,Ridge,2.4,0.9524,1.4476,1.4476
Ni_num,19,M7_TargetSpecific_Selected,Ridge,7.5,2.965,4.535,4.535
Ni_num,19,M7_TargetSpecific_Selected,Ridge,1.1,1.5739,-0.4739,0.4739
Ni_num,19,M7_TargetSpecific_Selected,Ridge,2.1,1.342,0.758,0.758
Ni_num,19,M7_TargetSpecific_Selected,Ridge,3.4,9.3129,-5.9129,5.9129
Ni_num,19,M7_TargetSpecific_Selected,Ridge,1.0,1.7271,-0.7271,0.7271
Ni_num,19,M7_TargetSpecific_Selected,Ridge,8.9,3.4288,5.4712,5.4712
Ni_num,19,M7_TargetSpecific_Selected,HuberRegressor,1.1,1.2177,-0.1177,0.1177
Ni_num,19,M7_TargetSpecific_Selected,HuberRegressor,2.4,1.0026,1.3974,1.3974
Ni_num,19,M7_TargetSpecific_Selected,HuberRegressor,7.5,3.0603,4.4397,4.4397
Ni_num,19,M7_TargetSpecific_Selected,HuberRegressor,1.1,1.2608,-0.1608,0.1608
Ni_num,19,M7_TargetSpecific_Selected,HuberRegressor,2.1,1.0757,1.0243,1.0243
Ni_num,19,M7_TargetSpecific_Selected,HuberRegressor,3.4,7.8915,-4.4915,4.4915
Ni_num,19,M7_TargetSpecific_Selected,HuberRegressor,1.0,1.4766,-0.4766,0.4766
Ni_num,19,M7_TargetSpecific_Selected,HuberRegressor,8.9,3.0626,5.8374,5.8374
Ni_num,19,M7_TargetSpecific_Selected,ExtraTrees,1.1,1.3142,-0.2142,0.2142
Ni_num,19,M7_TargetSpecific_Selected,ExtraTrees,2.4,1.6342,0.7658,0.7658
Ni_num,19,M7_TargetSpecific_Selected,ExtraTrees,7.5,2.8849,4.6151,4.6151
Ni_num,19,M7_TargetSpecific_Selected,ExtraTrees,1.1,1.5098,-0.4098,0.4098
Ni_num,19,M7_TargetSpecific_Selected,ExtraTrees,2.1,2.612,-0.512,0.512
Ni_num,19,M7_TargetSpecific_Selected,ExtraTrees,3.4,3.7689,-0.3689,0.3689
Ni_num,19,M7_TargetSpecific_Selected,ExtraTrees,1.0,1.3731,-0.3731,0.3731
Ni_num,19,M7_TargetSpecific_Selected,ExtraTrees,8.9,3.4099,5.4901,5.4901
Ni_num,20,M1_Core,Ridge,1.0,1.1435,-0.1435,0.1435
Ni_num,20,M1_Core,Ridge,0.8,1.1603,-0.3603,0.3603
Ni_num,20,M1_Core,Ridge,2.4,1.344,1.056,1.056
Ni_num,20,M1_Core,Ridge,1.3,1.0829,0.2171,0.2171
Ni_num,20,M1_Core,Ridge,3.0,2.2,0.8,0.8
Ni_num,20,M1_Core,Ridge,2.0,1.4222,0.5778,0.5778
Ni_num,20,M1_Core,Ridge,1.5,2.4151,-0.9151,0.9151
Ni_num,20,M1_Core,Ridge,1.6,1.4621,0.1379,0.1379
Ni_num,20,M1_Core,HuberRegressor,1.0,0.8297,0.1703,0.1703
Ni_num,20,M1_Core,HuberRegressor,0.8,0.9081,-0.1081,0.1081
Ni_num,20,M1_Core,HuberRegressor,2.4,1.0122,1.3878,1.3878
Ni_num,20,M1_Core,HuberRegressor,1.3,0.7625,0.5375,0.5375
Ni_num,20,M1_Core,HuberRegressor,3.0,2.0344,0.9656,0.9656
Ni_num,20,M1_Core,HuberRegressor,2.0,1.0674,0.9326,0.9326
Ni_num,20,M1_Core,HuberRegressor,1.5,2.247,-0.747,0.747
Ni_num,20,M1_Core,HuberRegressor,1.6,1.1164,0.4836,0.4836
Ni_num,20,M1_Core,ExtraTrees,1.0,1.0821,-0.0821,0.0821
Ni_num,20,M1_Core,ExtraTrees,0.8,1.1462,-0.3462,0.3462
Ni_num,20,M1_Core,ExtraTrees,2.4,1.4412,0.9588,0.9588
Ni_num,20,M1_Core,ExtraTrees,1.3,1.0112,0.2888,0.2888
Ni_num,20,M1_Core,ExtraTrees,3.0,2.7625,0.2375,0.2375
Ni_num,20,M1_Core,ExtraTrees,2.0,1.1469,0.8531,0.8531
Ni_num,20,M1_Core,ExtraTrees,1.5,2.8214,-1.3214,1.3214
Ni_num,20,M1_Core,ExtraTrees,1.6,1.2958,0.3042,0.3042
Ni_num,20,M7_TargetSpecific_Selected,Ridge,1.0,1.1144,-0.1144,0.1144
Ni_num,20,M7_TargetSpecific_Selected,Ridge,0.8,1.4074,-0.6074,0.6074
Ni_num,20,M7_TargetSpecific_Selected,Ridge,2.4,1.2477,1.1523,1.1523
Ni_num,20,M7_TargetSpecific_Selected,Ridge,1.3,0.9496,0.3504,0.3504
Ni_num,20,M7_TargetSpecific_Selected,Ridge,3.0,2.1557,0.8443,0.8443
Ni_num,20,M7_TargetSpecific_Selected,Ridge,2.0,1.5424,0.4576,0.4576
Ni_num,20,M7_TargetSpecific_Selected,Ridge,1.5,2.4824,-0.9824,0.9824
Ni_num,20,M7_TargetSpecific_Selected,Ridge,1.6,1.5922,0.0078,0.0078
Ni_num,20,M7_TargetSpecific_Selected,HuberRegressor,1.0,0.8654,0.1346,0.1346
Ni_num,20,M7_TargetSpecific_Selected,HuberRegressor,0.8,1.2632,-0.4632,0.4632
Ni_num,20,M7_TargetSpecific_Selected,HuberRegressor,2.4,1.0859,1.3141,1.3141
Ni_num,20,M7_TargetSpecific_Selected,HuberRegressor,1.3,0.7549,0.5451,0.5451
Ni_num,20,M7_TargetSpecific_Selected,HuberRegressor,3.0,1.8833,1.1167,1.1167
Ni_num,20,M7_TargetSpecific_Selected,HuberRegressor,2.0,1.1459,0.8541,0.8541
Ni_num,20,M7_TargetSpecific_Selected,HuberRegressor,1.5,2.2461,-0.7461,0.7461
Ni_num,20,M7_TargetSpecific_Selected,HuberRegressor,1.6,1.1884,0.4116,0.4116
Ni_num,20,M7_TargetSpecific_Selected,ExtraTrees,1.0,1.2268,-0.2268,0.2268
Ni_num,20,M7_TargetSpecific_Selected,ExtraTrees,0.8,1.2365,-0.4365,0.4365
Ni_num,20,M7_TargetSpecific_Selected,ExtraTrees,2.4,1.3792,1.0208,1.0208
Ni_num,20,M7_TargetSpecific_Selected,ExtraTrees,1.3,1.0475,0.2525,0.2525
Ni_num,20,M7_TargetSpecific_Selected,ExtraTrees,3.0,1.927,1.073,1.073
Ni_num,20,M7_TargetSpecific_Selected,ExtraTrees,2.0,1.2491,0.7509,0.7509
Ni_num,20,M7_TargetSpecific_Selected,ExtraTrees,1.5,2.8509,-1.3509,1.3509
Ni_num,20,M7_TargetSpecific_Selected,ExtraTrees,1.6,1.3804,0.2196,0.2196
Ni_num,21,M1_Core,Ridge,0.7,1.3802,-0.6802,0.6802
Ni_num,21,M1_Core,Ridge,1.2,1.4511,-0.2511,0.2511
Ni_num,21,M1_Core,Ridge,1.1,1.6731,-0.5731,0.5731
Ni_num,21,M1_Core,Ridge,7.5,2.9208,4.5792,4.5792
Ni_num,21,M1_Core,Ridge,2.1,1.5654,0.5346,0.5346
Ni_num,21,M1_Core,Ridge,2.1,4.0618,-1.9618,1.9618
Ni_num,21,M1_Core,Ridge,4.5,3.6703,0.8297,0.8297
Ni_num,21,M1_Core,Ridge,1.0,1.5235,-0.5235,0.5235
Ni_num,21,M1_Core,HuberRegressor,0.7,1.1273,-0.4273,0.4273
Ni_num,21,M1_Core,HuberRegressor,1.2,1.5242,-0.3242,0.3242
Ni_num,21,M1_Core,HuberRegressor,1.1,1.5661,-0.4661,0.4661
Ni_num,21,M1_Core,HuberRegressor,7.5,3.3173,4.1827,4.1827
Ni_num,21,M1_Core,HuberRegressor,2.1,1.0276,1.0724,1.0724
Ni_num,21,M1_Core,HuberRegressor,2.1,2.3416,-0.2416,0.2416
Ni_num,21,M1_Core,HuberRegressor,4.5,3.881,0.619,0.619
Ni_num,21,M1_Core,HuberRegressor,1.0,1.2475,-0.2475,0.2475
Ni_num,21,M1_Core,ExtraTrees,0.7,1.3699,-0.6699,0.6699
Ni_num,21,M1_Core,ExtraTrees,1.2,1.4056,-0.2056,0.2056
Ni_num,21,M1_Core,ExtraTrees,1.1,1.5954,-0.4954,0.4954
Ni_num,21,M1_Core,ExtraTrees,7.5,3.1187,4.3813,4.3813
Ni_num,21,M1_Core,ExtraTrees,2.1,3.4592,-1.3592,1.3592
Ni_num,21,M1_Core,ExtraTrees,2.1,3.6915,-1.5915,1.5915
Ni_num,21,M1_Core,ExtraTrees,4.5,4.1146,0.3854,0.3854
Ni_num,21,M1_Core,ExtraTrees,1.0,1.4502,-0.4502,0.4502
Ni_num,21,M7_TargetSpecific_Selected,Ridge,0.7,1.4436,-0.7436,0.7436
Ni_num,21,M7_TargetSpecific_Selected,Ridge,1.2,1.4389,-0.2389,0.2389
Ni_num,21,M7_TargetSpecific_Selected,Ridge,1.1,1.9491,-0.8491,0.8491
Ni_num,21,M7_TargetSpecific_Selected,Ridge,7.5,2.8039,4.6961,4.6961
Ni_num,21,M7_TargetSpecific_Selected,Ridge,2.1,1.3392,0.7608,0.7608
Ni_num,21,M7_TargetSpecific_Selected,Ridge,2.1,4.3256,-2.2256,2.2256
Ni_num,21,M7_TargetSpecific_Selected,Ridge,4.5,3.584,0.916,0.916
Ni_num,21,M7_TargetSpecific_Selected,Ridge,1.0,1.7923,-0.7923,0.7923
Ni_num,21,M7_TargetSpecific_Selected,HuberRegressor,0.7,1.2591,-0.5591,0.5591
Ni_num,21,M7_TargetSpecific_Selected,HuberRegressor,1.2,1.3569,-0.1569,0.1569
Ni_num,21,M7_TargetSpecific_Selected,HuberRegressor,1.1,1.8764,-0.7764,0.7764
Ni_num,21,M7_TargetSpecific_Selected,HuberRegressor,7.5,3.1518,4.3482,4.3482
Ni_num,21,M7_TargetSpecific_Selected,HuberRegressor,2.1,0.9619,1.1381,1.1381
Ni_num,21,M7_TargetSpecific_Selected,HuberRegressor,2.1,2.5047,-0.4047,0.4047
Ni_num,21,M7_TargetSpecific_Selected,HuberRegressor,4.5,3.8454,0.6546,0.6546
Ni_num,21,M7_TargetSpecific_Selected,HuberRegressor,1.0,1.5318,-0.5318,0.5318
Ni_num,21,M7_TargetSpecific_Selected,ExtraTrees,0.7,1.5712,-0.8712,0.8712
Ni_num,21,M7_TargetSpecific_Selected,ExtraTrees,1.2,1.3921,-0.1921,0.1921
Ni_num,21,M7_TargetSpecific_Selected,ExtraTrees,1.1,1.6347,-0.5347,0.5347
Ni_num,21,M7_TargetSpecific_Selected,ExtraTrees,7.5,2.8282,4.6718,4.6718
Ni_num,21,M7_TargetSpecific_Selected,ExtraTrees,2.1,2.9482,-0.8482,0.8482
Ni_num,21,M7_TargetSpecific_Selected,ExtraTrees,2.1,2.9909,-0.8909,0.8909
Ni_num,21,M7_TargetSpecific_Selected,ExtraTrees,4.5,4.4398,0.0602,0.0602
Ni_num,21,M7_TargetSpecific_Selected,ExtraTrees,1.0,1.4647,-0.4647,0.4647
Ni_num,22,M1_Core,Ridge,1.4,1.3286,0.0714,0.0714
Ni_num,22,M1_Core,Ridge,1.0,1.3525,-0.3525,0.3525
Ni_num,22,M1_Core,Ridge,1.3,1.6505,-0.3505,0.3505
Ni_num,22,M1_Core,Ridge,3.3,1.5021,1.7979,1.7979
Ni_num,22,M1_Core,Ridge,0.5,1.2429,-0.7429,0.7429
Ni_num,22,M1_Core,Ridge,1.1,1.485,-0.385,0.385
Ni_num,22,M1_Core,Ridge,4.7,4.5121,0.1879,0.1879
Ni_num,22,M1_Core,Ridge,2.2,2.2369,-0.0369,0.0369
Ni_num,22,M1_Core,HuberRegressor,1.4,1.1765,0.2235,0.2235
Ni_num,22,M1_Core,HuberRegressor,1.0,1.0423,-0.0423,0.0423
Ni_num,22,M1_Core,HuberRegressor,1.3,1.451,-0.151,0.151
Ni_num,22,M1_Core,HuberRegressor,3.3,1.2825,2.0175,2.0175
Ni_num,22,M1_Core,HuberRegressor,0.5,0.8532,-0.3532,0.3532
Ni_num,22,M1_Core,HuberRegressor,1.1,1.0716,0.0284,0.0284
Ni_num,22,M1_Core,HuberRegressor,4.7,5.3682,-0.6682,0.6682
Ni_num,22,M1_Core,HuberRegressor,2.2,1.7949,0.4051,0.4051
Ni_num,22,M1_Core,ExtraTrees,1.4,1.1636,0.2364,0.2364
Ni_num,22,M1_Core,ExtraTrees,1.0,1.1255,-0.1255,0.1255
Ni_num,22,M1_Core,ExtraTrees,1.3,1.292,0.008,0.008
Ni_num,22,M1_Core,ExtraTrees,3.3,1.186,2.114,2.114
Ni_num,22,M1_Core,ExtraTrees,0.5,1.3694,-0.8694,0.8694
Ni_num,22,M1_Core,ExtraTrees,1.1,1.4099,-0.3099,0.3099
Ni_num,22,M1_Core,ExtraTrees,4.7,4.4043,0.2957,0.2957
Ni_num,22,M1_Core,ExtraTrees,2.2,1.9123,0.2877,0.2877
Ni_num,22,M7_TargetSpecific_Selected,Ridge,1.4,1.3623,0.0377,0.0377
Ni_num,22,M7_TargetSpecific_Selected,Ridge,1.0,1.3869,-0.3869,0.3869
Ni_num,22,M7_TargetSpecific_Selected,Ridge,1.3,1.6961,-0.3961,0.3961
Ni_num,22,M7_TargetSpecific_Selected,Ridge,3.3,1.5579,1.7421,1.7421
Ni_num,22,M7_TargetSpecific_Selected,Ridge,0.5,1.3082,-0.8082,0.8082
Ni_num,22,M7_TargetSpecific_Selected,Ridge,1.1,1.4983,-0.3983,0.3983
Ni_num,22,M7_TargetSpecific_Selected,Ridge,4.7,4.5214,0.1786,0.1786
Ni_num,22,M7_TargetSpecific_Selected,Ridge,2.2,2.2735,-0.0735,0.0735
Ni_num,22,M7_TargetSpecific_Selected,HuberRegressor,1.4,1.1994,0.2006,0.2006
Ni_num,22,M7_TargetSpecific_Selected,HuberRegressor,1.0,1.125,-0.125,0.125
Ni_num,22,M7_TargetSpecific_Selected,HuberRegressor,1.3,1.554,-0.254,0.254
Ni_num,22,M7_TargetSpecific_Selected,HuberRegressor,3.3,1.3944,1.9056,1.9056
Ni_num,22,M7_TargetSpecific_Selected,HuberRegressor,0.5,0.9742,-0.4742,0.4742
Ni_num,22,M7_TargetSpecific_Selected,HuberRegressor,1.1,1.2127,-0.1127,0.1127
Ni_num,22,M7_TargetSpecific_Selected,HuberRegressor,4.7,5.0842,-0.3842,0.3842
Ni_num,22,M7_TargetSpecific_Selected,HuberRegressor,2.2,1.998,0.202,0.202
Ni_num,22,M7_TargetSpecific_Selected,ExtraTrees,1.4,1.1526,0.2474,0.2474
Ni_num,22,M7_TargetSpecific_Selected,ExtraTrees,1.0,1.2243,-0.2243,0.2243
Ni_num,22,M7_TargetSpecific_Selected,ExtraTrees,1.3,1.3265,-0.0265,0.0265
Ni_num,22,M7_TargetSpecific_Selected,ExtraTrees,3.3,1.3204,1.9796,1.9796
Ni_num,22,M7_TargetSpecific_Selected,ExtraTrees,0.5,1.7222,-1.2222,1.2222
Ni_num,22,M7_TargetSpecific_Selected,ExtraTrees,1.1,1.5434,-0.4434,0.4434
Ni_num,22,M7_TargetSpecific_Selected,ExtraTrees,4.7,4.3605,0.3395,0.3395
Ni_num,22,M7_TargetSpecific_Selected,ExtraTrees,2.2,2.1788,0.0212,0.0212
Ni_num,23,M1_Core,Ridge,1.1,1.6693,-0.5693,0.5693
Ni_num,23,M1_Core,Ridge,0.9,2.2737,-1.3737,1.3737
Ni_num,23,M1_Core,Ridge,3.4,5.6446,-2.2446,2.2446
Ni_num,23,M1_Core,Ridge,5.5,4.2174,1.2826,1.2826
Ni_num,23,M1_Core,Ridge,3.9,2.9784,0.9216,0.9216
Ni_num,23,M1_Core,Ridge,1.0,1.5605,-0.5605,0.5605
Ni_num,23,M1_Core,Ridge,3.1,5.1804,-2.0804,2.0804
Ni_num,23,M1_Core,Ridge,8.9,3.3447,5.5553,5.5553
Ni_num,23,M1_Core,HuberRegressor,1.1,1.7295,-0.6295,0.6295
Ni_num,23,M1_Core,HuberRegressor,0.9,1.571,-0.671,0.671
Ni_num,23,M1_Core,HuberRegressor,3.4,4.2239,-0.8239,0.8239
Ni_num,23,M1_Core,HuberRegressor,5.5,4.7469,0.7531,0.7531
Ni_num,23,M1_Core,HuberRegressor,3.9,2.9074,0.9926,0.9926
Ni_num,23,M1_Core,HuberRegressor,1.0,1.3359,-0.3359,0.3359
Ni_num,23,M1_Core,HuberRegressor,3.1,4.8698,-1.7698,1.7698
Ni_num,23,M1_Core,HuberRegressor,8.9,2.9057,5.9943,5.9943
Ni_num,23,M1_Core,ExtraTrees,1.1,1.3304,-0.2304,0.2304
Ni_num,23,M1_Core,ExtraTrees,0.9,1.6794,-0.7794,0.7794
Ni_num,23,M1_Core,ExtraTrees,3.4,3.9978,-0.5978,0.5978
Ni_num,23,M1_Core,ExtraTrees,5.5,4.4019,1.0981,1.0981
Ni_num,23,M1_Core,ExtraTrees,3.9,3.0833,0.8167,0.8167
Ni_num,23,M1_Core,ExtraTrees,1.0,1.3816,-0.3816,0.3816
Ni_num,23,M1_Core,ExtraTrees,3.1,3.6039,-0.5039,0.5039
Ni_num,23,M1_Core,ExtraTrees,8.9,3.0362,5.8638,5.8638
Ni_num,23,M7_TargetSpecific_Selected,Ridge,1.1,2.9625,-1.8625,1.8625
Ni_num,23,M7_TargetSpecific_Selected,Ridge,0.9,3.999,-3.099,3.099
Ni_num,23,M7_TargetSpecific_Selected,Ridge,3.4,10.1094,-6.7094,6.7094
Ni_num,23,M7_TargetSpecific_Selected,Ridge,5.5,3.7887,1.7113,1.7113
Ni_num,23,M7_TargetSpecific_Selected,Ridge,3.9,3.1669,0.7331,0.7331
Ni_num,23,M7_TargetSpecific_Selected,Ridge,1.0,1.518,-0.518,0.518
Ni_num,23,M7_TargetSpecific_Selected,Ridge,3.1,5.2409,-2.1409,2.1409
Ni_num,23,M7_TargetSpecific_Selected,Ridge,8.9,3.7242,5.1758,5.1758
Ni_num,23,M7_TargetSpecific_Selected,HuberRegressor,1.1,2.5116,-1.4116,1.4116
Ni_num,23,M7_TargetSpecific_Selected,HuberRegressor,0.9,2.8163,-1.9163,1.9163
Ni_num,23,M7_TargetSpecific_Selected,HuberRegressor,3.4,6.7629,-3.3629,3.3629
Ni_num,23,M7_TargetSpecific_Selected,HuberRegressor,5.5,4.1315,1.3685,1.3685
Ni_num,23,M7_TargetSpecific_Selected,HuberRegressor,3.9,3.0395,0.8605,0.8605
Ni_num,23,M7_TargetSpecific_Selected,HuberRegressor,1.0,1.3211,-0.3211,0.3211
Ni_num,23,M7_TargetSpecific_Selected,HuberRegressor,3.1,5.1574,-2.0574,2.0574
Ni_num,23,M7_TargetSpecific_Selected,HuberRegressor,8.9,3.3899,5.5101,5.5101
Ni_num,23,M7_TargetSpecific_Selected,ExtraTrees,1.1,2.472,-1.372,1.372
Ni_num,23,M7_TargetSpecific_Selected,ExtraTrees,0.9,2.2265,-1.3265,1.3265
Ni_num,23,M7_TargetSpecific_Selected,ExtraTrees,3.4,3.7003,-0.3003,0.3003
Ni_num,23,M7_TargetSpecific_Selected,ExtraTrees,5.5,4.3228,1.1772,1.1772
Ni_num,23,M7_TargetSpecific_Selected,ExtraTrees,3.9,3.0213,0.8787,0.8787
Ni_num,23,M7_TargetSpecific_Selected,ExtraTrees,1.0,1.5076,-0.5076,0.5076
Ni_num,23,M7_TargetSpecific_Selected,ExtraTrees,3.1,3.6661,-0.5661,0.5661
Ni_num,23,M7_TargetSpecific_Selected,ExtraTrees,8.9,2.8662,6.0338,6.0338
Ni_num,24,M1_Core,Ridge,1.7,1.3323,0.3677,0.3677
Ni_num,24,M1_Core,Ridge,0.8,1.4936,-0.6936,0.6936
Ni_num,24,M1_Core,Ridge,1.5,1.9007,-0.4007,0.4007
Ni_num,24,M1_Core,Ridge,8.0,1.0934,6.9066,6.9066
Ni_num,24,M1_Core,Ridge,1.5,1.8711,-0.3711,0.3711
Ni_num,24,M1_Core,Ridge,3.5,4.9164,-1.4164,1.4164
Ni_num,24,M1_Core,Ridge,3.0,3.876,-0.876,0.876
Ni_num,24,M1_Core,Ridge,3.5,3.7882,-0.2882,0.2882
Ni_num,24,M1_Core,HuberRegressor,1.7,1.1761,0.5239,0.5239
Ni_num,24,M1_Core,HuberRegressor,0.8,1.3407,-0.5407,0.5407
Ni_num,24,M1_Core,HuberRegressor,1.5,1.7938,-0.2938,0.2938
Ni_num,24,M1_Core,HuberRegressor,8.0,0.9626,7.0374,7.0374
Ni_num,24,M1_Core,HuberRegressor,1.5,1.6555,-0.1555,0.1555
Ni_num,24,M1_Core,HuberRegressor,3.5,3.6874,-0.1874,0.1874
Ni_num,24,M1_Core,HuberRegressor,3.0,3.4044,-0.4044,0.4044
Ni_num,24,M1_Core,HuberRegressor,3.5,3.657,-0.157,0.157
Ni_num,24,M1_Core,ExtraTrees,1.7,1.0922,0.6078,0.6078
Ni_num,24,M1_Core,ExtraTrees,0.8,1.325,-0.525,0.525
Ni_num,24,M1_Core,ExtraTrees,1.5,1.6677,-0.1677,0.1677
Ni_num,24,M1_Core,ExtraTrees,8.0,1.2531,6.7469,6.7469
Ni_num,24,M1_Core,ExtraTrees,1.5,1.5727,-0.0727,0.0727
Ni_num,24,M1_Core,ExtraTrees,3.5,6.489,-2.989,2.989
Ni_num,24,M1_Core,ExtraTrees,3.0,3.794,-0.794,0.794
Ni_num,24,M1_Core,ExtraTrees,3.5,4.8082,-1.3082,1.3082
Ni_num,24,M7_TargetSpecific_Selected,Ridge,1.7,1.5087,0.1913,0.1913
Ni_num,24,M7_TargetSpecific_Selected,Ridge,0.8,1.4975,-0.6975,0.6975
Ni_num,24,M7_TargetSpecific_Selected,Ridge,1.5,2.0676,-0.5676,0.5676
Ni_num,24,M7_TargetSpecific_Selected,Ridge,8.0,1.0562,6.9438,6.9438
Ni_num,24,M7_TargetSpecific_Selected,Ridge,1.5,2.0563,-0.5563,0.5563
Ni_num,24,M7_TargetSpecific_Selected,Ridge,3.5,5.0085,-1.5085,1.5085
Ni_num,24,M7_TargetSpecific_Selected,Ridge,3.0,3.9566,-0.9566,0.9566
Ni_num,24,M7_TargetSpecific_Selected,Ridge,3.5,3.85,-0.35,0.35
Ni_num,24,M7_TargetSpecific_Selected,HuberRegressor,1.7,1.3297,0.3703,0.3703
Ni_num,24,M7_TargetSpecific_Selected,HuberRegressor,0.8,1.3608,-0.5608,0.5608
Ni_num,24,M7_TargetSpecific_Selected,HuberRegressor,1.5,1.9326,-0.4326,0.4326
Ni_num,24,M7_TargetSpecific_Selected,HuberRegressor,8.0,0.9257,7.0743,7.0743
Ni_num,24,M7_TargetSpecific_Selected,HuberRegressor,1.5,1.773,-0.273,0.273
Ni_num,24,M7_TargetSpecific_Selected,HuberRegressor,3.5,3.6497,-0.1497,0.1497
Ni_num,24,M7_TargetSpecific_Selected,HuberRegressor,3.0,3.4307,-0.4307,0.4307
Ni_num,24,M7_TargetSpecific_Selected,HuberRegressor,3.5,3.7475,-0.2475,0.2475
Ni_num,24,M7_TargetSpecific_Selected,ExtraTrees,1.7,1.0667,0.6333,0.6333
Ni_num,24,M7_TargetSpecific_Selected,ExtraTrees,0.8,1.2912,-0.4912,0.4912
Ni_num,24,M7_TargetSpecific_Selected,ExtraTrees,1.5,1.5077,-0.0077,0.0077
Ni_num,24,M7_TargetSpecific_Selected,ExtraTrees,8.0,1.218,6.782,6.782
Ni_num,24,M7_TargetSpecific_Selected,ExtraTrees,1.5,1.6633,-0.1633,0.1633
Ni_num,24,M7_TargetSpecific_Selected,ExtraTrees,3.5,6.7341,-3.2341,3.2341
Ni_num,24,M7_TargetSpecific_Selected,ExtraTrees,3.0,4.6785,-1.6785,1.6785
Ni_num,24,M7_TargetSpecific_Selected,ExtraTrees,3.5,5.7505,-2.2505,2.2505
Zn_num,0,M1_Core,Ridge,20.0,17.8284,2.1716,2.1716
Zn_num,0,M1_Core,Ridge,10.0,17.4468,-7.4468,7.4468
Zn_num,0,M1_Core,Ridge,42.0,12.7039,29.2961,29.2961
Zn_num,0,M1_Core,Ridge,14.0,23.5267,-9.5267,9.5267
Zn_num,0,M1_Core,Ridge,11.0,14.3959,-3.3959,3.3959
Zn_num,0,M1_Core,Ridge,20.0,10.1677,9.8323,9.8323
Zn_num,0,M1_Core,Ridge,30.0,12.4784,17.5216,17.5216
Zn_num,0,M1_Core,HuberRegressor,20.0,15.0974,4.9026,4.9026
Zn_num,0,M1_Core,HuberRegressor,10.0,15.8284,-5.8284,5.8284
Zn_num,0,M1_Core,HuberRegressor,42.0,14.5775,27.4225,27.4225
Zn_num,0,M1_Core,HuberRegressor,14.0,17.7655,-3.7655,3.7655
Zn_num,0,M1_Core,HuberRegressor,11.0,20.7924,-9.7924,9.7924
Zn_num,0,M1_Core,HuberRegressor,20.0,15.4346,4.5654,4.5654
Zn_num,0,M1_Core,HuberRegressor,30.0,15.492,14.508,14.508
Zn_num,0,M1_Core,ExtraTrees,20.0,15.6502,4.3498,4.3498
Zn_num,0,M1_Core,ExtraTrees,10.0,16.5792,-6.5792,6.5792
Zn_num,0,M1_Core,ExtraTrees,42.0,17.648,24.352,24.352
Zn_num,0,M1_Core,ExtraTrees,14.0,23.521,-9.521,9.521
Zn_num,0,M1_Core,ExtraTrees,11.0,10.0135,0.9865,0.9865
Zn_num,0,M1_Core,ExtraTrees,20.0,13.476,6.524,6.524
Zn_num,0,M1_Core,ExtraTrees,30.0,12.9546,17.0454,17.0454
Zn_num,0,M7_TargetSpecific_Selected,Ridge,20.0,20.0094,-0.0094,0.0094
Zn_num,0,M7_TargetSpecific_Selected,Ridge,10.0,21.3501,-11.3501,11.3501
Zn_num,0,M7_TargetSpecific_Selected,Ridge,42.0,11.4574,30.5426,30.5426
Zn_num,0,M7_TargetSpecific_Selected,Ridge,14.0,27.7806,-13.7806,13.7806
Zn_num,0,M7_TargetSpecific_Selected,Ridge,11.0,12.4188,-1.4188,1.4188
Zn_num,0,M7_TargetSpecific_Selected,Ridge,20.0,7.5702,12.4298,12.4298
Zn_num,0,M7_TargetSpecific_Selected,Ridge,30.0,11.106,18.894,18.894
Zn_num,0,M7_TargetSpecific_Selected,HuberRegressor,20.0,16.3425,3.6575,3.6575
Zn_num,0,M7_TargetSpecific_Selected,HuberRegressor,10.0,20.2264,-10.2264,10.2264
Zn_num,0,M7_TargetSpecific_Selected,HuberRegressor,42.0,13.701,28.299,28.299
Zn_num,0,M7_TargetSpecific_Selected,HuberRegressor,14.0,22.179,-8.179,8.179
Zn_num,0,M7_TargetSpecific_Selected,HuberRegressor,11.0,16.5064,-5.5064,5.5064
Zn_num,0,M7_TargetSpecific_Selected,HuberRegressor,20.0,11.1963,8.8037,8.8037
Zn_num,0,M7_TargetSpecific_Selected,HuberRegressor,30.0,13.8126,16.1874,16.1874
Zn_num,0,M7_TargetSpecific_Selected,ExtraTrees,20.0,16.9051,3.0949,3.0949
Zn_num,0,M7_TargetSpecific_Selected,ExtraTrees,10.0,16.8933,-6.8933,6.8933
Zn_num,0,M7_TargetSpecific_Selected,ExtraTrees,42.0,16.2549,25.7451,25.7451
Zn_num,0,M7_TargetSpecific_Selected,ExtraTrees,14.0,21.6134,-7.6134,7.6134
Zn_num,0,M7_TargetSpecific_Selected,ExtraTrees,11.0,12.4114,-1.4114,1.4114
Zn_num,0,M7_TargetSpecific_Selected,ExtraTrees,20.0,13.2609,6.7391,6.7391
Zn_num,0,M7_TargetSpecific_Selected,ExtraTrees,30.0,13.5422,16.4578,16.4578
Zn_num,1,M1_Core,Ridge,10.0,18.3992,-8.3992,8.3992
Zn_num,1,M1_Core,Ridge,17.0,16.5681,0.4319,0.4319
Zn_num,1,M1_Core,Ridge,13.0,18.547,-5.547,5.547
Zn_num,1,M1_Core,Ridge,3.0,17.6339,-14.6339,14.6339
Zn_num,1,M1_Core,Ridge,96.0,16.3187,79.6813,79.6813
Zn_num,1,M1_Core,Ridge,7.0,20.259,-13.259,13.259
Zn_num,1,M1_Core,Ridge,15.0,19.7052,-4.7052,4.7052
Zn_num,1,M1_Core,HuberRegressor,10.0,15.6415,-5.6415,5.6415
Zn_num,1,M1_Core,HuberRegressor,17.0,14.9399,2.0601,2.0601
Zn_num,1,M1_Core,HuberRegressor,13.0,17.7869,-4.7869,4.7869
Zn_num,1,M1_Core,HuberRegressor,3.0,18.1462,-15.1462,15.1462
Zn_num,1,M1_Core,HuberRegressor,96.0,13.2058,82.7942,82.7942
Zn_num,1,M1_Core,HuberRegressor,7.0,20.3756,-13.3756,13.3756
Zn_num,1,M1_Core,HuberRegressor,15.0,22.3563,-7.3563,7.3563
Zn_num,1,M1_Core,ExtraTrees,10.0,14.3964,-4.3964,4.3964
Zn_num,1,M1_Core,ExtraTrees,17.0,22.11,-5.11,5.11
Zn_num,1,M1_Core,ExtraTrees,13.0,19.1751,-6.1751,6.1751
Zn_num,1,M1_Core,ExtraTrees,3.0,20.3039,-17.3039,17.3039
Zn_num,1,M1_Core,ExtraTrees,96.0,19.9265,76.0735,76.0735
Zn_num,1,M1_Core,ExtraTrees,7.0,19.5039,-12.5039,12.5039
Zn_num,1,M1_Core,ExtraTrees,15.0,21.0302,-6.0302,6.0302
Zn_num,1,M7_TargetSpecific_Selected,Ridge,10.0,12.2039,-2.2039,2.2039
Zn_num,1,M7_TargetSpecific_Selected,Ridge,17.0,23.8655,-6.8655,6.8655
Zn_num,1,M7_TargetSpecific_Selected,Ridge,13.0,19.114,-6.114,6.114
Zn_num,1,M7_TargetSpecific_Selected,Ridge,3.0,15.1407,-12.1407,12.1407
Zn_num,1,M7_TargetSpecific_Selected,Ridge,96.0,10.0816,85.9184,85.9184
Zn_num,1,M7_TargetSpecific_Selected,Ridge,7.0,25.2996,-18.2996,18.2996
Zn_num,1,M7_TargetSpecific_Selected,Ridge,15.0,19.9615,-4.9615,4.9615
Zn_num,1,M7_TargetSpecific_Selected,HuberRegressor,10.0,15.6852,-5.6852,5.6852
Zn_num,1,M7_TargetSpecific_Selected,HuberRegressor,17.0,19.5241,-2.5241,2.5241
Zn_num,1,M7_TargetSpecific_Selected,HuberRegressor,13.0,17.1327,-4.1327,4.1327
Zn_num,1,M7_TargetSpecific_Selected,HuberRegressor,3.0,16.4359,-13.4359,13.4359
Zn_num,1,M7_TargetSpecific_Selected,HuberRegressor,96.0,10.5659,85.4341,85.4341
Zn_num,1,M7_TargetSpecific_Selected,HuberRegressor,7.0,23.4098,-16.4098,16.4098
Zn_num,1,M7_TargetSpecific_Selected,HuberRegressor,15.0,20.9072,-5.9072,5.9072
Zn_num,1,M7_TargetSpecific_Selected,ExtraTrees,10.0,14.2027,-4.2027,4.2027
Zn_num,1,M7_TargetSpecific_Selected,ExtraTrees,17.0,21.6773,-4.6773,4.6773
Zn_num,1,M7_TargetSpecific_Selected,ExtraTrees,13.0,22.876,-9.876,9.876
Zn_num,1,M7_TargetSpecific_Selected,ExtraTrees,3.0,17.3762,-14.3762,14.3762
Zn_num,1,M7_TargetSpecific_Selected,ExtraTrees,96.0,11.7366,84.2634,84.2634
Zn_num,1,M7_TargetSpecific_Selected,ExtraTrees,7.0,21.4855,-14.4855,14.4855
Zn_num,1,M7_TargetSpecific_Selected,ExtraTrees,15.0,20.7941,-5.7941,5.7941
Zn_num,2,M1_Core,Ridge,22.0,16.1212,5.8788,5.8788
Zn_num,2,M1_Core,Ridge,58.0,16.4263,41.5737,41.5737
Zn_num,2,M1_Core,Ridge,14.0,24.1689,-10.1689,10.1689
Zn_num,2,M1_Core,Ridge,11.0,15.3064,-4.3064,4.3064
Zn_num,2,M1_Core,Ridge,7.0,19.1251,-12.1251,12.1251
Zn_num,2,M1_Core,Ridge,13.0,30.1011,-17.1011,17.1011
Zn_num,2,M1_Core,Ridge,23.0,24.7989,-1.7989,1.7989
Zn_num,2,M1_Core,HuberRegressor,22.0,15.8644,6.1356,6.1356
Zn_num,2,M1_Core,HuberRegressor,58.0,14.8937,43.1063,43.1063
Zn_num,2,M1_Core,HuberRegressor,14.0,17.9433,-3.9433,3.9433
Zn_num,2,M1_Core,HuberRegressor,11.0,14.505,-3.505,3.505
Zn_num,2,M1_Core,HuberRegressor,7.0,17.5974,-10.5974,10.5974
Zn_num,2,M1_Core,HuberRegressor,13.0,16.7705,-3.7705,3.7705
Zn_num,2,M1_Core,HuberRegressor,23.0,18.9743,4.0257,4.0257
Zn_num,2,M1_Core,ExtraTrees,22.0,15.6237,6.3763,6.3763
Zn_num,2,M1_Core,ExtraTrees,58.0,15.2368,42.7632,42.7632
Zn_num,2,M1_Core,ExtraTrees,14.0,41.9684,-27.9684,27.9684
Zn_num,2,M1_Core,ExtraTrees,11.0,16.8975,-5.8975,5.8975
Zn_num,2,M1_Core,ExtraTrees,7.0,17.0317,-10.0317,10.0317
Zn_num,2,M1_Core,ExtraTrees,13.0,22.2124,-9.2124,9.2124
Zn_num,2,M1_Core,ExtraTrees,23.0,13.6956,9.3044,9.3044
Zn_num,2,M7_TargetSpecific_Selected,Ridge,22.0,19.5104,2.4896,2.4896
Zn_num,2,M7_TargetSpecific_Selected,Ridge,58.0,18.9259,39.0741,39.0741
Zn_num,2,M7_TargetSpecific_Selected,Ridge,14.0,4.7636,9.2364,9.2364
Zn_num,2,M7_TargetSpecific_Selected,Ridge,11.0,22.8944,-11.8944,11.8944
Zn_num,2,M7_TargetSpecific_Selected,Ridge,7.0,17.8048,-10.8048,10.8048
Zn_num,2,M7_TargetSpecific_Selected,Ridge,13.0,35.9038,-22.9038,22.9038
Zn_num,2,M7_TargetSpecific_Selected,Ridge,23.0,25.6037,-2.6037,2.6037
Zn_num,2,M7_TargetSpecific_Selected,HuberRegressor,22.0,19.8726,2.1274,2.1274
Zn_num,2,M7_TargetSpecific_Selected,HuberRegressor,58.0,17.7272,40.2728,40.2728
Zn_num,2,M7_TargetSpecific_Selected,HuberRegressor,14.0,2.3929,11.6071,11.6071
Zn_num,2,M7_TargetSpecific_Selected,HuberRegressor,11.0,21.2146,-10.2146,10.2146
Zn_num,2,M7_TargetSpecific_Selected,HuberRegressor,7.0,14.6895,-7.6895,7.6895
Zn_num,2,M7_TargetSpecific_Selected,HuberRegressor,13.0,67.4272,-54.4272,54.4272
Zn_num,2,M7_TargetSpecific_Selected,HuberRegressor,23.0,29.9828,-6.9828,6.9828
Zn_num,2,M7_TargetSpecific_Selected,ExtraTrees,22.0,19.6706,2.3294,2.3294
Zn_num,2,M7_TargetSpecific_Selected,ExtraTrees,58.0,16.6939,41.3061,41.3061
Zn_num,2,M7_TargetSpecific_Selected,ExtraTrees,14.0,9.6246,4.3754,4.3754
Zn_num,2,M7_TargetSpecific_Selected,ExtraTrees,11.0,24.3587,-13.3587,13.3587
Zn_num,2,M7_TargetSpecific_Selected,ExtraTrees,7.0,21.5591,-14.5591,14.5591
Zn_num,2,M7_TargetSpecific_Selected,ExtraTrees,13.0,15.6956,-2.6956,2.6956
Zn_num,2,M7_TargetSpecific_Selected,ExtraTrees,23.0,15.6144,7.3856,7.3856
Zn_num,3,M1_Core,Ridge,14.0,24.1812,-10.1812,10.1812
Zn_num,3,M1_Core,Ridge,12.0,32.4545,-20.4545,20.4545
Zn_num,3,M1_Core,Ridge,91.0,13.8371,77.1629,77.1629
Zn_num,3,M1_Core,Ridge,50.0,11.9896,38.0104,38.0104
Zn_num,3,M1_Core,Ridge,78.0,13.9723,64.0277,64.0277
Zn_num,3,M1_Core,Ridge,8.0,13.9677,-5.9677,5.9677
Zn_num,3,M1_Core,Ridge,6.0,16.6714,-10.6714,10.6714
Zn_num,3,M1_Core,HuberRegressor,14.0,16.5486,-2.5486,2.5486
Zn_num,3,M1_Core,HuberRegressor,12.0,20.8741,-8.8741,8.8741
Zn_num,3,M1_Core,HuberRegressor,91.0,16.1782,74.8218,74.8218
Zn_num,3,M1_Core,HuberRegressor,50.0,12.1829,37.8171,37.8171
Zn_num,3,M1_Core,HuberRegressor,78.0,11.0399,66.9601,66.9601
Zn_num,3,M1_Core,HuberRegressor,8.0,15.5028,-7.5028,7.5028
Zn_num,3,M1_Core,HuberRegressor,6.0,13.7483,-7.7483,7.7483
Zn_num,3,M1_Core,ExtraTrees,14.0,28.2249,-14.2249,14.2249
Zn_num,3,M1_Core,ExtraTrees,12.0,17.2303,-5.2303,5.2303
Zn_num,3,M1_Core,ExtraTrees,91.0,11.7905,79.2095,79.2095
Zn_num,3,M1_Core,ExtraTrees,50.0,13.7554,36.2446,36.2446
Zn_num,3,M1_Core,ExtraTrees,78.0,13.2394,64.7606,64.7606
Zn_num,3,M1_Core,ExtraTrees,8.0,12.0001,-4.0001,4.0001
Zn_num,3,M1_Core,ExtraTrees,6.0,15.9959,-9.9959,9.9959
Zn_num,3,M7_TargetSpecific_Selected,Ridge,14.0,27.8846,-13.8846,13.8846
Zn_num,3,M7_TargetSpecific_Selected,Ridge,12.0,42.6919,-30.6919,30.6919
Zn_num,3,M7_TargetSpecific_Selected,Ridge,91.0,14.976,76.024,76.024
Zn_num,3,M7_TargetSpecific_Selected,Ridge,50.0,12.1189,37.8811,37.8811
Zn_num,3,M7_TargetSpecific_Selected,Ridge,78.0,13.9529,64.0471,64.0471
Zn_num,3,M7_TargetSpecific_Selected,Ridge,8.0,16.1238,-8.1238,8.1238
Zn_num,3,M7_TargetSpecific_Selected,Ridge,6.0,16.7034,-10.7034,10.7034
Zn_num,3,M7_TargetSpecific_Selected,HuberRegressor,14.0,25.1096,-11.1096,11.1096
Zn_num,3,M7_TargetSpecific_Selected,HuberRegressor,12.0,24.042,-12.042,12.042
Zn_num,3,M7_TargetSpecific_Selected,HuberRegressor,91.0,17.4191,73.5809,73.5809
Zn_num,3,M7_TargetSpecific_Selected,HuberRegressor,50.0,14.0173,35.9827,35.9827
Zn_num,3,M7_TargetSpecific_Selected,HuberRegressor,78.0,12.9947,65.0053,65.0053
Zn_num,3,M7_TargetSpecific_Selected,HuberRegressor,8.0,17.95,-9.95,9.95
Zn_num,3,M7_TargetSpecific_Selected,HuberRegressor,6.0,15.3238,-9.3238,9.3238
Zn_num,3,M7_TargetSpecific_Selected,ExtraTrees,14.0,32.3662,-18.3662,18.3662
Zn_num,3,M7_TargetSpecific_Selected,ExtraTrees,12.0,59.2608,-47.2608,47.2608
Zn_num,3,M7_TargetSpecific_Selected,ExtraTrees,91.0,11.7725,79.2275,79.2275
Zn_num,3,M7_TargetSpecific_Selected,ExtraTrees,50.0,14.4378,35.5622,35.5622
Zn_num,3,M7_TargetSpecific_Selected,ExtraTrees,78.0,13.6422,64.3578,64.3578
Zn_num,3,M7_TargetSpecific_Selected,ExtraTrees,8.0,13.2578,-5.2578,5.2578
Zn_num,3,M7_TargetSpecific_Selected,ExtraTrees,6.0,18.1532,-12.1532,12.1532
Zn_num,4,M1_Core,Ridge,23.0,15.5131,7.4869,7.4869
Zn_num,4,M1_Core,Ridge,21.0,16.1288,4.8712,4.8712
Zn_num,4,M1_Core,Ridge,17.0,17.142,-0.142,0.142
Zn_num,4,M1_Core,Ridge,19.0,18.985,0.015,0.015
Zn_num,4,M1_Core,Ridge,7.0,19.4269,-12.4269,12.4269
Zn_num,4,M1_Core,Ridge,19.0,14.0343,4.9657,4.9657
Zn_num,4,M1_Core,Ridge,16.0,15.0894,0.9106,0.9106
Zn_num,4,M1_Core,HuberRegressor,23.0,15.1009,7.8991,7.8991
Zn_num,4,M1_Core,HuberRegressor,21.0,14.9634,6.0366,6.0366
Zn_num,4,M1_Core,HuberRegressor,17.0,16.2552,0.7448,0.7448
Zn_num,4,M1_Core,HuberRegressor,19.0,15.9375,3.0625,3.0625
Zn_num,4,M1_Core,HuberRegressor,7.0,16.3075,-9.3075,9.3075
Zn_num,4,M1_Core,HuberRegressor,19.0,17.1371,1.8629,1.8629
Zn_num,4,M1_Core,HuberRegressor,16.0,15.711,0.289,0.289
Zn_num,4,M1_Core,ExtraTrees,23.0,12.8892,10.1108,10.1108
Zn_num,4,M1_Core,ExtraTrees,21.0,12.9559,8.0441,8.0441
Zn_num,4,M1_Core,ExtraTrees,17.0,27.0477,-10.0477,10.0477
Zn_num,4,M1_Core,ExtraTrees,19.0,18.5356,0.4644,0.4644
Zn_num,4,M1_Core,ExtraTrees,7.0,22.2706,-15.2706,15.2706
Zn_num,4,M1_Core,ExtraTrees,19.0,15.2529,3.7471,3.7471
Zn_num,4,M1_Core,ExtraTrees,16.0,15.4022,0.5978,0.5978
Zn_num,4,M7_TargetSpecific_Selected,Ridge,23.0,13.7859,9.2141,9.2141
Zn_num,4,M7_TargetSpecific_Selected,Ridge,21.0,16.9715,4.0285,4.0285
Zn_num,4,M7_TargetSpecific_Selected,Ridge,17.0,17.7235,-0.7235,0.7235
Zn_num,4,M7_TargetSpecific_Selected,Ridge,19.0,22.2615,-3.2615,3.2615
Zn_num,4,M7_TargetSpecific_Selected,Ridge,7.0,21.0184,-14.0184,14.0184
Zn_num,4,M7_TargetSpecific_Selected,Ridge,19.0,9.2285,9.7715,9.7715
Zn_num,4,M7_TargetSpecific_Selected,Ridge,16.0,15.0885,0.9115,0.9115
Zn_num,4,M7_TargetSpecific_Selected,HuberRegressor,23.0,13.9019,9.0981,9.0981
Zn_num,4,M7_TargetSpecific_Selected,HuberRegressor,21.0,16.9023,4.0977,4.0977
Zn_num,4,M7_TargetSpecific_Selected,HuberRegressor,17.0,17.7478,-0.7478,0.7478
Zn_num,4,M7_TargetSpecific_Selected,HuberRegressor,19.0,20.4968,-1.4968,1.4968
Zn_num,4,M7_TargetSpecific_Selected,HuberRegressor,7.0,19.0273,-12.0273,12.0273
Zn_num,4,M7_TargetSpecific_Selected,HuberRegressor,19.0,10.2614,8.7386,8.7386
Zn_num,4,M7_TargetSpecific_Selected,HuberRegressor,16.0,16.789,-0.789,0.789
Zn_num,4,M7_TargetSpecific_Selected,ExtraTrees,23.0,15.8003,7.1997,7.1997
Zn_num,4,M7_TargetSpecific_Selected,ExtraTrees,21.0,12.9785,8.0215,8.0215
Zn_num,4,M7_TargetSpecific_Selected,ExtraTrees,17.0,25.8022,-8.8022,8.8022
Zn_num,4,M7_TargetSpecific_Selected,ExtraTrees,19.0,23.8091,-4.8091,4.8091
Zn_num,4,M7_TargetSpecific_Selected,ExtraTrees,7.0,23.6796,-16.6796,16.6796
Zn_num,4,M7_TargetSpecific_Selected,ExtraTrees,19.0,16.1181,2.8819,2.8819
Zn_num,4,M7_TargetSpecific_Selected,ExtraTrees,16.0,17.1423,-1.1423,1.1423
Zn_num,5,M1_Core,Ridge,17.0,16.4517,0.5483,0.5483
Zn_num,5,M1_Core,Ridge,3.0,23.7726,-20.7726,20.7726
Zn_num,5,M1_Core,Ridge,12.0,19.4409,-7.4409,7.4409
Zn_num,5,M1_Core,Ridge,10.0,21.1889,-11.1889,11.1889
Zn_num,5,M1_Core,Ridge,7.0,19.339,-12.339,12.339
Zn_num,5,M1_Core,Ridge,14.0,24.6846,-10.6846,10.6846
Zn_num,5,M1_Core,Ridge,13.0,37.3879,-24.3879,24.3879
Zn_num,5,M1_Core,HuberRegressor,17.0,13.7569,3.2431,3.2431
Zn_num,5,M1_Core,HuberRegressor,3.0,22.0079,-19.0079,19.0079
Zn_num,5,M1_Core,HuberRegressor,12.0,13.0951,-1.0951,1.0951
Zn_num,5,M1_Core,HuberRegressor,10.0,19.6594,-9.6594,9.6594
Zn_num,5,M1_Core,HuberRegressor,7.0,18.8158,-11.8158,11.8158
Zn_num,5,M1_Core,HuberRegressor,14.0,21.7461,-7.7461,7.7461
Zn_num,5,M1_Core,HuberRegressor,13.0,32.8903,-19.8903,19.8903
Zn_num,5,M1_Core,ExtraTrees,17.0,26.2434,-9.2434,9.2434
Zn_num,5,M1_Core,ExtraTrees,3.0,19.4864,-16.4864,16.4864
Zn_num,5,M1_Core,ExtraTrees,12.0,15.3916,-3.3916,3.3916
Zn_num,5,M1_Core,ExtraTrees,10.0,18.9813,-8.9813,8.9813
Zn_num,5,M1_Core,ExtraTrees,7.0,18.4365,-11.4365,11.4365
Zn_num,5,M1_Core,ExtraTrees,14.0,24.3197,-10.3197,10.3197
Zn_num,5,M1_Core,ExtraTrees,13.0,28.7643,-15.7643,15.7643
Zn_num,5,M7_TargetSpecific_Selected,Ridge,17.0,19.9358,-2.9358,2.9358
Zn_num,5,M7_TargetSpecific_Selected,Ridge,3.0,19.1715,-16.1715,16.1715
Zn_num,5,M7_TargetSpecific_Selected,Ridge,12.0,19.4853,-7.4853,7.4853
Zn_num,5,M7_TargetSpecific_Selected,Ridge,10.0,23.1485,-13.1485,13.1485
Zn_num,5,M7_TargetSpecific_Selected,Ridge,7.0,21.4534,-14.4534,14.4534
Zn_num,5,M7_TargetSpecific_Selected,Ridge,14.0,25.2849,-11.2849,11.2849
Zn_num,5,M7_TargetSpecific_Selected,Ridge,13.0,39.3369,-26.3369,26.3369
Zn_num,5,M7_TargetSpecific_Selected,HuberRegressor,17.0,18.7333,-1.7333,1.7333
Zn_num,5,M7_TargetSpecific_Selected,HuberRegressor,3.0,16.8309,-13.8309,13.8309
Zn_num,5,M7_TargetSpecific_Selected,HuberRegressor,12.0,17.3192,-5.3192,5.3192
Zn_num,5,M7_TargetSpecific_Selected,HuberRegressor,10.0,22.5556,-12.5556,12.5556
Zn_num,5,M7_TargetSpecific_Selected,HuberRegressor,7.0,21.4299,-14.4299,14.4299
Zn_num,5,M7_TargetSpecific_Selected,HuberRegressor,14.0,23.7075,-9.7075,9.7075
Zn_num,5,M7_TargetSpecific_Selected,HuberRegressor,13.0,36.7434,-23.7434,23.7434
Zn_num,5,M7_TargetSpecific_Selected,ExtraTrees,17.0,19.8694,-2.8694,2.8694
Zn_num,5,M7_TargetSpecific_Selected,ExtraTrees,3.0,19.7922,-16.7922,16.7922
Zn_num,5,M7_TargetSpecific_Selected,ExtraTrees,12.0,33.9121,-21.9121,21.9121
Zn_num,5,M7_TargetSpecific_Selected,ExtraTrees,10.0,22.8522,-12.8522,12.8522
Zn_num,5,M7_TargetSpecific_Selected,ExtraTrees,7.0,22.4563,-15.4563,15.4563
Zn_num,5,M7_TargetSpecific_Selected,ExtraTrees,14.0,21.9095,-7.9095,7.9095
Zn_num,5,M7_TargetSpecific_Selected,ExtraTrees,13.0,27.0292,-14.0292,14.0292
Zn_num,6,M1_Core,Ridge,10.0,22.3231,-12.3231,12.3231
Zn_num,6,M1_Core,Ridge,14.0,28.6325,-14.6325,14.6325
Zn_num,6,M1_Core,Ridge,96.0,13.3128,82.6872,82.6872
Zn_num,6,M1_Core,Ridge,91.0,15.3197,75.6803,75.6803
Zn_num,6,M1_Core,Ridge,50.0,17.8757,32.1243,32.1243
Zn_num,6,M1_Core,Ridge,7.0,17.5069,-10.5069,10.5069
Zn_num,6,M1_Core,Ridge,19.0,14.539,4.461,4.461
Zn_num,6,M1_Core,HuberRegressor,10.0,18.2327,-8.2327,8.2327
Zn_num,6,M1_Core,HuberRegressor,14.0,18.6641,-4.6641,4.6641
Zn_num,6,M1_Core,HuberRegressor,96.0,12.1763,83.8237,83.8237
Zn_num,6,M1_Core,HuberRegressor,91.0,16.3835,74.6165,74.6165
Zn_num,6,M1_Core,HuberRegressor,50.0,13.5875,36.4125,36.4125
Zn_num,6,M1_Core,HuberRegressor,7.0,14.4356,-7.4356,7.4356
Zn_num,6,M1_Core,HuberRegressor,19.0,21.3875,-2.3875,2.3875
Zn_num,6,M1_Core,ExtraTrees,10.0,22.6325,-12.6325,12.6325
Zn_num,6,M1_Core,ExtraTrees,14.0,20.6283,-6.6283,6.6283
Zn_num,6,M1_Core,ExtraTrees,96.0,25.2036,70.7964,70.7964
Zn_num,6,M1_Core,ExtraTrees,91.0,12.7834,78.2166,78.2166
Zn_num,6,M1_Core,ExtraTrees,50.0,14.3747,35.6253,35.6253
Zn_num,6,M1_Core,ExtraTrees,7.0,12.3672,-5.3672,5.3672
Zn_num,6,M1_Core,ExtraTrees,19.0,16.0395,2.9605,2.9605
Zn_num,6,M7_TargetSpecific_Selected,Ridge,10.0,13.1355,-3.1355,3.1355
Zn_num,6,M7_TargetSpecific_Selected,Ridge,14.0,10.9593,3.0407,3.0407
Zn_num,6,M7_TargetSpecific_Selected,Ridge,96.0,8.1562,87.8438,87.8438
Zn_num,6,M7_TargetSpecific_Selected,Ridge,91.0,15.8951,75.1049,75.1049
Zn_num,6,M7_TargetSpecific_Selected,Ridge,50.0,14.7164,35.2836,35.2836
Zn_num,6,M7_TargetSpecific_Selected,Ridge,7.0,15.6676,-8.6676,8.6676
Zn_num,6,M7_TargetSpecific_Selected,Ridge,19.0,13.9681,5.0319,5.0319
Zn_num,6,M7_TargetSpecific_Selected,HuberRegressor,10.0,11.2966,-1.2966,1.2966
Zn_num,6,M7_TargetSpecific_Selected,HuberRegressor,14.0,10.142,3.858,3.858
Zn_num,6,M7_TargetSpecific_Selected,HuberRegressor,96.0,8.3229,87.6771,87.6771
Zn_num,6,M7_TargetSpecific_Selected,HuberRegressor,91.0,16.2745,74.7255,74.7255
Zn_num,6,M7_TargetSpecific_Selected,HuberRegressor,50.0,13.5863,36.4137,36.4137
Zn_num,6,M7_TargetSpecific_Selected,HuberRegressor,7.0,14.5491,-7.5491,7.5491
Zn_num,6,M7_TargetSpecific_Selected,HuberRegressor,19.0,16.9505,2.0495,2.0495
Zn_num,6,M7_TargetSpecific_Selected,ExtraTrees,10.0,11.1003,-1.1003,1.1003
Zn_num,6,M7_TargetSpecific_Selected,ExtraTrees,14.0,19.4131,-5.4131,5.4131
Zn_num,6,M7_TargetSpecific_Selected,ExtraTrees,96.0,13.956,82.044,82.044
Zn_num,6,M7_TargetSpecific_Selected,ExtraTrees,91.0,12.1562,78.8438,78.8438
Zn_num,6,M7_TargetSpecific_Selected,ExtraTrees,50.0,15.8137,34.1863,34.1863
Zn_num,6,M7_TargetSpecific_Selected,ExtraTrees,7.0,14.2285,-7.2285,7.2285
Zn_num,6,M7_TargetSpecific_Selected,ExtraTrees,19.0,17.8492,1.1508,1.1508
Zn_num,7,M1_Core,Ridge,21.0,17.9881,3.0119,3.0119
Zn_num,7,M1_Core,Ridge,11.0,16.9699,-5.9699,5.9699
Zn_num,7,M1_Core,Ridge,17.0,18.1978,-1.1978,1.1978
Zn_num,7,M1_Core,Ridge,78.0,14.2127,63.7873,63.7873
Zn_num,7,M1_Core,Ridge,20.0,15.0323,4.9677,4.9677
Zn_num,7,M1_Core,Ridge,8.0,17.9979,-9.9979,9.9979
Zn_num,7,M1_Core,Ridge,16.0,16.0262,-0.0262,0.0262
Zn_num,7,M1_Core,HuberRegressor,21.0,17.2323,3.7677,3.7677
Zn_num,7,M1_Core,HuberRegressor,11.0,15.7587,-4.7587,4.7587
Zn_num,7,M1_Core,HuberRegressor,17.0,17.1329,-0.1329,0.1329
Zn_num,7,M1_Core,HuberRegressor,78.0,10.5544,67.4456,67.4456
Zn_num,7,M1_Core,HuberRegressor,20.0,17.9559,2.0441,2.0441
Zn_num,7,M1_Core,HuberRegressor,8.0,17.2626,-9.2626,9.2626
Zn_num,7,M1_Core,HuberRegressor,16.0,17.5202,-1.5202,1.5202
Zn_num,7,M1_Core,ExtraTrees,21.0,12.7977,8.2023,8.2023
Zn_num,7,M1_Core,ExtraTrees,11.0,18.8097,-7.8097,7.8097
Zn_num,7,M1_Core,ExtraTrees,17.0,28.9677,-11.9677,11.9677
Zn_num,7,M1_Core,ExtraTrees,78.0,10.1991,67.8009,67.8009
Zn_num,7,M1_Core,ExtraTrees,20.0,16.2447,3.7553,3.7553
Zn_num,7,M1_Core,ExtraTrees,8.0,16.92,-8.92,8.92
Zn_num,7,M1_Core,ExtraTrees,16.0,14.9094,1.0906,1.0906
Zn_num,7,M7_TargetSpecific_Selected,Ridge,21.0,18.8969,2.1031,2.1031
Zn_num,7,M7_TargetSpecific_Selected,Ridge,11.0,21.0181,-10.0181,10.0181
Zn_num,7,M7_TargetSpecific_Selected,Ridge,17.0,18.0358,-1.0358,1.0358
Zn_num,7,M7_TargetSpecific_Selected,Ridge,78.0,12.3465,65.6535,65.6535
Zn_num,7,M7_TargetSpecific_Selected,Ridge,20.0,12.6735,7.3265,7.3265
Zn_num,7,M7_TargetSpecific_Selected,Ridge,8.0,23.8943,-15.8943,15.8943
Zn_num,7,M7_TargetSpecific_Selected,Ridge,16.0,15.5368,0.4632,0.4632
Zn_num,7,M7_TargetSpecific_Selected,HuberRegressor,21.0,18.4568,2.5432,2.5432
Zn_num,7,M7_TargetSpecific_Selected,HuberRegressor,11.0,17.1347,-6.1347,6.1347
Zn_num,7,M7_TargetSpecific_Selected,HuberRegressor,17.0,17.7048,-0.7048,0.7048
Zn_num,7,M7_TargetSpecific_Selected,HuberRegressor,78.0,11.122,66.878,66.878
Zn_num,7,M7_TargetSpecific_Selected,HuberRegressor,20.0,16.02,3.98,3.98
Zn_num,7,M7_TargetSpecific_Selected,HuberRegressor,8.0,20.5379,-12.5379,12.5379
Zn_num,7,M7_TargetSpecific_Selected,HuberRegressor,16.0,18.1497,-2.1497,2.1497
Zn_num,7,M7_TargetSpecific_Selected,ExtraTrees,21.0,15.7937,5.2063,5.2063
Zn_num,7,M7_TargetSpecific_Selected,ExtraTrees,11.0,17.9819,-6.9819,6.9819
Zn_num,7,M7_TargetSpecific_Selected,ExtraTrees,17.0,24.3473,-7.3473,7.3473
Zn_num,7,M7_TargetSpecific_Selected,ExtraTrees,78.0,9.4841,68.5159,68.5159
Zn_num,7,M7_TargetSpecific_Selected,ExtraTrees,20.0,17.0495,2.9505,2.9505
Zn_num,7,M7_TargetSpecific_Selected,ExtraTrees,8.0,19.5557,-11.5557,11.5557
Zn_num,7,M7_TargetSpecific_Selected,ExtraTrees,16.0,15.2089,0.7911,0.7911
Zn_num,8,M1_Core,Ridge,22.0,13.3281,8.6719,8.6719
Zn_num,8,M1_Core,Ridge,20.0,13.6966,6.3034,6.3034
Zn_num,8,M1_Core,Ridge,42.0,14.5507,27.4493,27.4493
Zn_num,8,M1_Core,Ridge,11.0,39.1113,-28.1113,28.1113
Zn_num,8,M1_Core,Ridge,30.0,15.479,14.521,14.521
Zn_num,8,M1_Core,Ridge,6.0,30.4382,-24.4382,24.4382
Zn_num,8,M1_Core,Ridge,23.0,19.9721,3.0279,3.0279
Zn_num,8,M1_Core,HuberRegressor,22.0,8.9153,13.0847,13.0847
Zn_num,8,M1_Core,HuberRegressor,20.0,8.825,11.175,11.175
Zn_num,8,M1_Core,HuberRegressor,42.0,16.1162,25.8838,25.8838
Zn_num,8,M1_Core,HuberRegressor,11.0,91.319,-80.319,80.319
Zn_num,8,M1_Core,HuberRegressor,30.0,16.8607,13.1393,13.1393
Zn_num,8,M1_Core,HuberRegressor,6.0,38.7754,-32.7754,32.7754
Zn_num,8,M1_Core,HuberRegressor,23.0,22.6882,0.3118,0.3118
Zn_num,8,M1_Core,ExtraTrees,22.0,16.4959,5.5041,5.5041
Zn_num,8,M1_Core,ExtraTrees,20.0,16.1556,3.8444,3.8444
Zn_num,8,M1_Core,ExtraTrees,42.0,17.1414,24.8586,24.8586
Zn_num,8,M1_Core,ExtraTrees,11.0,17.028,-6.028,6.028
Zn_num,8,M1_Core,ExtraTrees,30.0,14.3911,15.6089,15.6089
Zn_num,8,M1_Core,ExtraTrees,6.0,17.4148,-11.4148,11.4148
Zn_num,8,M1_Core,ExtraTrees,23.0,15.7081,7.2919,7.2919
Zn_num,8,M7_TargetSpecific_Selected,Ridge,22.0,13.7559,8.2441,8.2441
Zn_num,8,M7_TargetSpecific_Selected,Ridge,20.0,14.7113,5.2887,5.2887
Zn_num,8,M7_TargetSpecific_Selected,Ridge,42.0,13.2203,28.7797,28.7797
Zn_num,8,M7_TargetSpecific_Selected,Ridge,11.0,46.7269,-35.7269,35.7269
Zn_num,8,M7_TargetSpecific_Selected,Ridge,30.0,17.5849,12.4151,12.4151
Zn_num,8,M7_TargetSpecific_Selected,Ridge,6.0,33.8142,-27.8142,27.8142
Zn_num,8,M7_TargetSpecific_Selected,Ridge,23.0,22.4643,0.5357,0.5357
Zn_num,8,M7_TargetSpecific_Selected,HuberRegressor,22.0,10.2284,11.7716,11.7716
Zn_num,8,M7_TargetSpecific_Selected,HuberRegressor,20.0,9.106,10.894,10.894
Zn_num,8,M7_TargetSpecific_Selected,HuberRegressor,42.0,14.9354,27.0646,27.0646
Zn_num,8,M7_TargetSpecific_Selected,HuberRegressor,11.0,66.8533,-55.8533,55.8533
Zn_num,8,M7_TargetSpecific_Selected,HuberRegressor,30.0,16.0299,13.9701,13.9701
Zn_num,8,M7_TargetSpecific_Selected,HuberRegressor,6.0,35.5822,-29.5822,29.5822
Zn_num,8,M7_TargetSpecific_Selected,HuberRegressor,23.0,21.3488,1.6512,1.6512
Zn_num,8,M7_TargetSpecific_Selected,ExtraTrees,22.0,22.2181,-0.2181,0.2181
Zn_num,8,M7_TargetSpecific_Selected,ExtraTrees,20.0,16.8686,3.1314,3.1314
Zn_num,8,M7_TargetSpecific_Selected,ExtraTrees,42.0,16.4054,25.5946,25.5946
Zn_num,8,M7_TargetSpecific_Selected,ExtraTrees,11.0,18.9006,-7.9006,7.9006
Zn_num,8,M7_TargetSpecific_Selected,ExtraTrees,30.0,15.9743,14.0257,14.0257
Zn_num,8,M7_TargetSpecific_Selected,ExtraTrees,6.0,17.2262,-11.2262,11.2262
Zn_num,8,M7_TargetSpecific_Selected,ExtraTrees,23.0,15.2965,7.7035,7.7035
Zn_num,9,M1_Core,Ridge,58.0,15.7984,42.2016,42.2016
Zn_num,9,M1_Core,Ridge,14.0,11.6082,2.3918,2.3918
Zn_num,9,M1_Core,Ridge,23.0,15.7903,7.2097,7.2097
Zn_num,9,M1_Core,Ridge,13.0,15.2674,-2.2674,2.2674
Zn_num,9,M1_Core,Ridge,7.0,18.4286,-11.4286,11.4286
Zn_num,9,M1_Core,Ridge,19.0,18.8146,0.1854,0.1854
Zn_num,9,M1_Core,Ridge,15.0,17.0088,-2.0088,2.0088
Zn_num,9,M1_Core,HuberRegressor,58.0,13.9228,44.0772,44.0772
Zn_num,9,M1_Core,HuberRegressor,14.0,9.4502,4.5498,4.5498
Zn_num,9,M1_Core,HuberRegressor,23.0,16.408,6.592,6.592
Zn_num,9,M1_Core,HuberRegressor,13.0,15.1092,-2.1092,2.1092
Zn_num,9,M1_Core,HuberRegressor,7.0,18.5659,-11.5659,11.5659
Zn_num,9,M1_Core,HuberRegressor,19.0,16.3664,2.6336,2.6336
Zn_num,9,M1_Core,HuberRegressor,15.0,20.5986,-5.5986,5.5986
Zn_num,9,M1_Core,ExtraTrees,58.0,20.4053,37.5947,37.5947
Zn_num,9,M1_Core,ExtraTrees,14.0,22.7535,-8.7535,8.7535
Zn_num,9,M1_Core,ExtraTrees,23.0,14.4965,8.5035,8.5035
Zn_num,9,M1_Core,ExtraTrees,13.0,14.8536,-1.8536,1.8536
Zn_num,9,M1_Core,ExtraTrees,7.0,18.2236,-11.2236,11.2236
Zn_num,9,M1_Core,ExtraTrees,19.0,18.3821,0.6179,0.6179
Zn_num,9,M1_Core,ExtraTrees,15.0,18.4237,-3.4237,3.4237
Zn_num,9,M7_TargetSpecific_Selected,Ridge,58.0,17.4536,40.5464,40.5464
Zn_num,9,M7_TargetSpecific_Selected,Ridge,14.0,12.2355,1.7645,1.7645
Zn_num,9,M7_TargetSpecific_Selected,Ridge,23.0,15.3725,7.6275,7.6275
Zn_num,9,M7_TargetSpecific_Selected,Ridge,13.0,16.3504,-3.3504,3.3504
Zn_num,9,M7_TargetSpecific_Selected,Ridge,7.0,18.2299,-11.2299,11.2299
Zn_num,9,M7_TargetSpecific_Selected,Ridge,19.0,20.6467,-1.6467,1.6467
Zn_num,9,M7_TargetSpecific_Selected,Ridge,15.0,16.2441,-1.2441,1.2441
Zn_num,9,M7_TargetSpecific_Selected,HuberRegressor,58.0,16.1977,41.8023,41.8023
Zn_num,9,M7_TargetSpecific_Selected,HuberRegressor,14.0,12.8128,1.1872,1.1872
Zn_num,9,M7_TargetSpecific_Selected,HuberRegressor,23.0,17.0715,5.9285,5.9285
Zn_num,9,M7_TargetSpecific_Selected,HuberRegressor,13.0,17.4314,-4.4314,4.4314
Zn_num,9,M7_TargetSpecific_Selected,HuberRegressor,7.0,17.6434,-10.6434,10.6434
Zn_num,9,M7_TargetSpecific_Selected,HuberRegressor,19.0,18.3087,0.6913,0.6913
Zn_num,9,M7_TargetSpecific_Selected,HuberRegressor,15.0,17.5111,-2.5111,2.5111
Zn_num,9,M7_TargetSpecific_Selected,ExtraTrees,58.0,21.3564,36.6436,36.6436
Zn_num,9,M7_TargetSpecific_Selected,ExtraTrees,14.0,24.7154,-10.7154,10.7154
Zn_num,9,M7_TargetSpecific_Selected,ExtraTrees,23.0,17.4938,5.5062,5.5062
Zn_num,9,M7_TargetSpecific_Selected,ExtraTrees,13.0,16.9219,-3.9219,3.9219
Zn_num,9,M7_TargetSpecific_Selected,ExtraTrees,7.0,20.1451,-13.1451,13.1451
Zn_num,9,M7_TargetSpecific_Selected,ExtraTrees,19.0,20.0187,-1.0187,1.0187
Zn_num,9,M7_TargetSpecific_Selected,ExtraTrees,15.0,15.428,-0.428,0.428
Zn_num,10,M1_Core,Ridge,22.0,15.1601,6.8399,6.8399
Zn_num,10,M1_Core,Ridge,58.0,17.0433,40.9567,40.9567
Zn_num,10,M1_Core,Ridge,17.0,16.9398,0.0602,0.0602
Zn_num,10,M1_Core,Ridge,14.0,27.4677,-13.4677,13.4677
Zn_num,10,M1_Core,Ridge,12.0,22.6801,-10.6801,10.6801
Zn_num,10,M1_Core,Ridge,8.0,16.844,-8.844,8.844
Zn_num,10,M1_Core,Ridge,23.0,20.7719,2.2281,2.2281
Zn_num,10,M1_Core,HuberRegressor,22.0,15.1468,6.8532,6.8532
Zn_num,10,M1_Core,HuberRegressor,58.0,14.6189,43.3811,43.3811
Zn_num,10,M1_Core,HuberRegressor,17.0,14.5476,2.4524,2.4524
Zn_num,10,M1_Core,HuberRegressor,14.0,18.4757,-4.4757,4.4757
Zn_num,10,M1_Core,HuberRegressor,12.0,14.8225,-2.8225,2.8225
Zn_num,10,M1_Core,HuberRegressor,8.0,15.6468,-7.6468,7.6468
Zn_num,10,M1_Core,HuberRegressor,23.0,17.5959,5.4041,5.4041
Zn_num,10,M1_Core,ExtraTrees,22.0,14.1332,7.8668,7.8668
Zn_num,10,M1_Core,ExtraTrees,58.0,13.7469,44.2531,44.2531
Zn_num,10,M1_Core,ExtraTrees,17.0,16.5763,0.4237,0.4237
Zn_num,10,M1_Core,ExtraTrees,14.0,37.1389,-23.1389,23.1389
Zn_num,10,M1_Core,ExtraTrees,12.0,13.3128,-1.3128,1.3128
Zn_num,10,M1_Core,ExtraTrees,8.0,15.7852,-7.7852,7.7852
Zn_num,10,M1_Core,ExtraTrees,23.0,13.7938,9.2062,9.2062
Zn_num,10,M7_TargetSpecific_Selected,Ridge,22.0,19.9604,2.0396,2.0396
Zn_num,10,M7_TargetSpecific_Selected,Ridge,58.0,21.38,36.62,36.62
Zn_num,10,M7_TargetSpecific_Selected,Ridge,17.0,25.9171,-8.9171,8.9171
Zn_num,10,M7_TargetSpecific_Selected,Ridge,14.0,2.897,11.103,11.103
Zn_num,10,M7_TargetSpecific_Selected,Ridge,12.0,29.8596,-17.8596,17.8596
Zn_num,10,M7_TargetSpecific_Selected,Ridge,8.0,28.5038,-20.5038,20.5038
Zn_num,10,M7_TargetSpecific_Selected,Ridge,23.0,22.4897,0.5103,0.5103
Zn_num,10,M7_TargetSpecific_Selected,HuberRegressor,22.0,19.5306,2.4694,2.4694
Zn_num,10,M7_TargetSpecific_Selected,HuberRegressor,58.0,18.3648,39.6352,39.6352
Zn_num,10,M7_TargetSpecific_Selected,HuberRegressor,17.0,23.0246,-6.0246,6.0246
Zn_num,10,M7_TargetSpecific_Selected,HuberRegressor,14.0,1.5798,12.4202,12.4202
Zn_num,10,M7_TargetSpecific_Selected,HuberRegressor,12.0,21.3821,-9.3821,9.3821
Zn_num,10,M7_TargetSpecific_Selected,HuberRegressor,8.0,28.0818,-20.0818,20.0818
Zn_num,10,M7_TargetSpecific_Selected,HuberRegressor,23.0,20.0927,2.9073,2.9073
Zn_num,10,M7_TargetSpecific_Selected,ExtraTrees,22.0,19.2402,2.7598,2.7598
Zn_num,10,M7_TargetSpecific_Selected,ExtraTrees,58.0,20.8797,37.1203,37.1203
Zn_num,10,M7_TargetSpecific_Selected,ExtraTrees,17.0,22.7381,-5.7381,5.7381
Zn_num,10,M7_TargetSpecific_Selected,ExtraTrees,14.0,16.1102,-2.1102,2.1102
Zn_num,10,M7_TargetSpecific_Selected,ExtraTrees,12.0,14.6755,-2.6755,2.6755
Zn_num,10,M7_TargetSpecific_Selected,ExtraTrees,8.0,18.324,-10.324,10.324
Zn_num,10,M7_TargetSpecific_Selected,ExtraTrees,23.0,14.8864,8.1136,8.1136
Zn_num,11,M1_Core,Ridge,10.0,27.0653,-17.0653,17.0653
Zn_num,11,M1_Core,Ridge,23.0,17.9898,5.0102,5.0102
Zn_num,11,M1_Core,Ridge,11.0,15.8953,-4.8953,4.8953
Zn_num,11,M1_Core,Ridge,7.0,18.7163,-11.7163,11.7163
Zn_num,11,M1_Core,Ridge,14.0,17.7313,-3.7313,3.7313
Zn_num,11,M1_Core,Ridge,78.0,13.4796,64.5204,64.5204
Zn_num,11,M1_Core,Ridge,15.0,19.202,-4.202,4.202
Zn_num,11,M1_Core,HuberRegressor,10.0,18.3619,-8.3619,8.3619
Zn_num,11,M1_Core,HuberRegressor,23.0,18.4341,4.5659,4.5659
Zn_num,11,M1_Core,HuberRegressor,11.0,14.3998,-3.3998,3.3998
Zn_num,11,M1_Core,HuberRegressor,7.0,19.4108,-12.4108,12.4108
Zn_num,11,M1_Core,HuberRegressor,14.0,14.8266,-0.8266,0.8266
Zn_num,11,M1_Core,HuberRegressor,78.0,9.6499,68.3501,68.3501
Zn_num,11,M1_Core,HuberRegressor,15.0,22.0071,-7.0071,7.0071
Zn_num,11,M1_Core,ExtraTrees,10.0,15.5671,-5.5671,5.5671
Zn_num,11,M1_Core,ExtraTrees,23.0,15.9551,7.0449,7.0449
Zn_num,11,M1_Core,ExtraTrees,11.0,19.4455,-8.4455,8.4455
Zn_num,11,M1_Core,ExtraTrees,7.0,15.0239,-8.0239,8.0239
Zn_num,11,M1_Core,ExtraTrees,14.0,28.9733,-14.9733,14.9733
Zn_num,11,M1_Core,ExtraTrees,78.0,9.3684,68.6316,68.6316
Zn_num,11,M1_Core,ExtraTrees,15.0,17.3691,-2.3691,2.3691
Zn_num,11,M7_TargetSpecific_Selected,Ridge,10.0,43.2175,-33.2175,33.2175
Zn_num,11,M7_TargetSpecific_Selected,Ridge,23.0,15.7774,7.2226,7.2226
Zn_num,11,M7_TargetSpecific_Selected,Ridge,11.0,15.4799,-4.4799,4.4799
Zn_num,11,M7_TargetSpecific_Selected,Ridge,7.0,19.0386,-12.0386,12.0386
Zn_num,11,M7_TargetSpecific_Selected,Ridge,14.0,17.8665,-3.8665,3.8665
Zn_num,11,M7_TargetSpecific_Selected,Ridge,78.0,9.4554,68.5446,68.5446
Zn_num,11,M7_TargetSpecific_Selected,Ridge,15.0,15.4992,-0.4992,0.4992
Zn_num,11,M7_TargetSpecific_Selected,HuberRegressor,10.0,163.474,-153.474,153.474
Zn_num,11,M7_TargetSpecific_Selected,HuberRegressor,23.0,20.8311,2.1689,2.1689
Zn_num,11,M7_TargetSpecific_Selected,HuberRegressor,11.0,8.3408,2.6592,2.6592
Zn_num,11,M7_TargetSpecific_Selected,HuberRegressor,7.0,17.7048,-10.7048,10.7048
Zn_num,11,M7_TargetSpecific_Selected,HuberRegressor,14.0,14.0089,-0.0089,0.0089
Zn_num,11,M7_TargetSpecific_Selected,HuberRegressor,78.0,4.3576,73.6424,73.6424
Zn_num,11,M7_TargetSpecific_Selected,HuberRegressor,15.0,14.9614,0.0386,0.0386
Zn_num,11,M7_TargetSpecific_Selected,ExtraTrees,10.0,13.1437,-3.1437,3.1437
Zn_num,11,M7_TargetSpecific_Selected,ExtraTrees,23.0,18.2529,4.7471,4.7471
Zn_num,11,M7_TargetSpecific_Selected,ExtraTrees,11.0,20.3779,-9.3779,9.3779
Zn_num,11,M7_TargetSpecific_Selected,ExtraTrees,7.0,18.8123,-11.8123,11.8123
Zn_num,11,M7_TargetSpecific_Selected,ExtraTrees,14.0,26.5111,-12.5111,12.5111
Zn_num,11,M7_TargetSpecific_Selected,ExtraTrees,78.0,9.6536,68.3464,68.3464
Zn_num,11,M7_TargetSpecific_Selected,ExtraTrees,15.0,17.3127,-2.3127,2.3127
Zn_num,12,M1_Core,Ridge,13.0,14.9715,-1.9715,1.9715
Zn_num,12,M1_Core,Ridge,96.0,12.7889,83.2111,83.2111
Zn_num,12,M1_Core,Ridge,91.0,13.6096,77.3904,77.3904
Zn_num,12,M1_Core,Ridge,42.0,16.9605,25.0395,25.0395
Zn_num,12,M1_Core,Ridge,11.0,42.388,-31.388,31.388
Zn_num,12,M1_Core,Ridge,13.0,17.9254,-4.9254,4.9254
Zn_num,12,M1_Core,Ridge,16.0,20.4506,-4.4506,4.4506
Zn_num,12,M1_Core,HuberRegressor,13.0,14.8319,-1.8319,1.8319
Zn_num,12,M1_Core,HuberRegressor,96.0,14.7391,81.2609,81.2609
Zn_num,12,M1_Core,HuberRegressor,91.0,13.5788,77.4212,77.4212
Zn_num,12,M1_Core,HuberRegressor,42.0,16.2689,25.7311,25.7311
Zn_num,12,M1_Core,HuberRegressor,11.0,53.2463,-42.2463,42.2463
Zn_num,12,M1_Core,HuberRegressor,13.0,26.2343,-13.2343,13.2343
Zn_num,12,M1_Core,HuberRegressor,16.0,20.1069,-4.1069,4.1069
Zn_num,12,M1_Core,ExtraTrees,13.0,14.1732,-1.1732,1.1732
Zn_num,12,M1_Core,ExtraTrees,96.0,14.8953,81.1047,81.1047
Zn_num,12,M1_Core,ExtraTrees,91.0,12.6248,78.3752,78.3752
Zn_num,12,M1_Core,ExtraTrees,42.0,17.7512,24.2488,24.2488
Zn_num,12,M1_Core,ExtraTrees,11.0,10.4368,0.5632,0.5632
Zn_num,12,M1_Core,ExtraTrees,13.0,23.1172,-10.1172,10.1172
Zn_num,12,M1_Core,ExtraTrees,16.0,18.1173,-2.1173,2.1173
Zn_num,12,M7_TargetSpecific_Selected,Ridge,13.0,16.2598,-3.2598,3.2598
Zn_num,12,M7_TargetSpecific_Selected,Ridge,96.0,8.834,87.166,87.166
Zn_num,12,M7_TargetSpecific_Selected,Ridge,91.0,15.6131,75.3869,75.3869
Zn_num,12,M7_TargetSpecific_Selected,Ridge,42.0,16.4387,25.5613,25.5613
Zn_num,12,M7_TargetSpecific_Selected,Ridge,11.0,29.4528,-18.4528,18.4528
Zn_num,12,M7_TargetSpecific_Selected,Ridge,13.0,19.6717,-6.6717,6.6717
Zn_num,12,M7_TargetSpecific_Selected,Ridge,16.0,22.3,-6.3,6.3
Zn_num,12,M7_TargetSpecific_Selected,HuberRegressor,13.0,16.0687,-3.0687,3.0687
Zn_num,12,M7_TargetSpecific_Selected,HuberRegressor,96.0,10.1954,85.8046,85.8046
Zn_num,12,M7_TargetSpecific_Selected,HuberRegressor,91.0,15.7507,75.2493,75.2493
Zn_num,12,M7_TargetSpecific_Selected,HuberRegressor,42.0,15.64,26.36,26.36
Zn_num,12,M7_TargetSpecific_Selected,HuberRegressor,11.0,40.1693,-29.1693,29.1693
Zn_num,12,M7_TargetSpecific_Selected,HuberRegressor,13.0,32.1468,-19.1468,19.1468
Zn_num,12,M7_TargetSpecific_Selected,HuberRegressor,16.0,21.9147,-5.9147,5.9147
Zn_num,12,M7_TargetSpecific_Selected,ExtraTrees,13.0,15.7191,-2.7191,2.7191
Zn_num,12,M7_TargetSpecific_Selected,ExtraTrees,96.0,12.7457,83.2543,83.2543
Zn_num,12,M7_TargetSpecific_Selected,ExtraTrees,91.0,13.3141,77.6859,77.6859
Zn_num,12,M7_TargetSpecific_Selected,ExtraTrees,42.0,19.955,22.045,22.045
Zn_num,12,M7_TargetSpecific_Selected,ExtraTrees,11.0,9.1752,1.8248,1.8248
Zn_num,12,M7_TargetSpecific_Selected,ExtraTrees,13.0,16.2988,-3.2988,3.2988
Zn_num,12,M7_TargetSpecific_Selected,ExtraTrees,16.0,15.6246,0.3754,0.3754
Zn_num,13,M1_Core,Ridge,21.0,15.0805,5.9195,5.9195
Zn_num,13,M1_Core,Ridge,17.0,16.8307,0.1693,0.1693
Zn_num,13,M1_Core,Ridge,19.0,16.2497,2.7503,2.7503
Zn_num,13,M1_Core,Ridge,50.0,15.912,34.088,34.088
Zn_num,13,M1_Core,Ridge,20.0,14.6794,5.3206,5.3206
Zn_num,13,M1_Core,Ridge,19.0,18.8922,0.1078,0.1078
Zn_num,13,M1_Core,Ridge,6.0,24.1786,-18.1786,18.1786
Zn_num,13,M1_Core,HuberRegressor,21.0,14.7786,6.2214,6.2214
Zn_num,13,M1_Core,HuberRegressor,17.0,16.3842,0.6158,0.6158
Zn_num,13,M1_Core,HuberRegressor,19.0,14.1561,4.8439,4.8439
Zn_num,13,M1_Core,HuberRegressor,50.0,12.8062,37.1938,37.1938
Zn_num,13,M1_Core,HuberRegressor,20.0,18.087,1.913,1.913
Zn_num,13,M1_Core,HuberRegressor,19.0,22.5891,-3.5891,3.5891
Zn_num,13,M1_Core,HuberRegressor,6.0,17.4035,-11.4035,11.4035
Zn_num,13,M1_Core,ExtraTrees,21.0,13.6302,7.3698,7.3698
Zn_num,13,M1_Core,ExtraTrees,17.0,27.2496,-10.2496,10.2496
Zn_num,13,M1_Core,ExtraTrees,19.0,15.4659,3.5341,3.5341
Zn_num,13,M1_Core,ExtraTrees,50.0,14.9916,35.0084,35.0084
Zn_num,13,M1_Core,ExtraTrees,20.0,14.1929,5.8071,5.8071
Zn_num,13,M1_Core,ExtraTrees,19.0,13.9907,5.0093,5.0093
Zn_num,13,M1_Core,ExtraTrees,6.0,16.4257,-10.4257,10.4257
Zn_num,13,M7_TargetSpecific_Selected,Ridge,21.0,16.3729,4.6271,4.6271
Zn_num,13,M7_TargetSpecific_Selected,Ridge,17.0,17.1749,-0.1749,0.1749
Zn_num,13,M7_TargetSpecific_Selected,Ridge,19.0,17.2779,1.7221,1.7221
Zn_num,13,M7_TargetSpecific_Selected,Ridge,50.0,16.8721,33.1279,33.1279
Zn_num,13,M7_TargetSpecific_Selected,Ridge,20.0,12.2726,7.7274,7.7274
Zn_num,13,M7_TargetSpecific_Selected,Ridge,19.0,15.1052,3.8948,3.8948
Zn_num,13,M7_TargetSpecific_Selected,Ridge,6.0,25.0781,-19.0781,19.0781
Zn_num,13,M7_TargetSpecific_Selected,HuberRegressor,21.0,15.1752,5.8248,5.8248
Zn_num,13,M7_TargetSpecific_Selected,HuberRegressor,17.0,15.3388,1.6612,1.6612
Zn_num,13,M7_TargetSpecific_Selected,HuberRegressor,19.0,15.5978,3.4022,3.4022
Zn_num,13,M7_TargetSpecific_Selected,HuberRegressor,50.0,14.9331,35.0669,35.0669
Zn_num,13,M7_TargetSpecific_Selected,HuberRegressor,20.0,13.892,6.108,6.108
Zn_num,13,M7_TargetSpecific_Selected,HuberRegressor,19.0,15.4189,3.5811,3.5811
Zn_num,13,M7_TargetSpecific_Selected,HuberRegressor,6.0,18.1706,-12.1706,12.1706
Zn_num,13,M7_TargetSpecific_Selected,ExtraTrees,21.0,15.1351,5.8649,5.8649
Zn_num,13,M7_TargetSpecific_Selected,ExtraTrees,17.0,29.0208,-12.0208,12.0208
Zn_num,13,M7_TargetSpecific_Selected,ExtraTrees,19.0,13.7074,5.2926,5.2926
Zn_num,13,M7_TargetSpecific_Selected,ExtraTrees,50.0,10.8489,39.1511,39.1511
Zn_num,13,M7_TargetSpecific_Selected,ExtraTrees,20.0,16.7795,3.2205,3.2205
Zn_num,13,M7_TargetSpecific_Selected,ExtraTrees,19.0,17.6089,1.3911,1.3911
Zn_num,13,M7_TargetSpecific_Selected,ExtraTrees,6.0,15.6544,-9.6544,9.6544
Zn_num,14,M1_Core,Ridge,14.0,20.0062,-6.0062,6.0062
Zn_num,14,M1_Core,Ridge,3.0,23.0487,-20.0487,20.0487
Zn_num,14,M1_Core,Ridge,20.0,23.3043,-3.3043,3.3043
Zn_num,14,M1_Core,Ridge,10.0,21.0698,-11.0698,11.0698
Zn_num,14,M1_Core,Ridge,7.0,20.2009,-13.2009,13.2009
Zn_num,14,M1_Core,Ridge,7.0,19.9325,-12.9325,12.9325
Zn_num,14,M1_Core,Ridge,30.0,17.2425,12.7575,12.7575
Zn_num,14,M1_Core,HuberRegressor,14.0,13.626,0.374,0.374
Zn_num,14,M1_Core,HuberRegressor,3.0,18.7227,-15.7227,15.7227
Zn_num,14,M1_Core,HuberRegressor,20.0,19.1636,0.8364,0.8364
Zn_num,14,M1_Core,HuberRegressor,10.0,18.428,-8.428,8.428
Zn_num,14,M1_Core,HuberRegressor,7.0,18.7025,-11.7025,11.7025
Zn_num,14,M1_Core,HuberRegressor,7.0,16.1407,-9.1407,9.1407
Zn_num,14,M1_Core,HuberRegressor,30.0,18.0057,11.9943,11.9943
Zn_num,14,M1_Core,ExtraTrees,14.0,30.1279,-16.1279,16.1279
Zn_num,14,M1_Core,ExtraTrees,3.0,18.0641,-15.0641,15.0641
Zn_num,14,M1_Core,ExtraTrees,20.0,18.3352,1.6648,1.6648
Zn_num,14,M1_Core,ExtraTrees,10.0,18.3197,-8.3197,8.3197
Zn_num,14,M1_Core,ExtraTrees,7.0,19.9052,-12.9052,12.9052
Zn_num,14,M1_Core,ExtraTrees,7.0,21.4372,-14.4372,14.4372
Zn_num,14,M1_Core,ExtraTrees,30.0,16.0692,13.9308,13.9308
Zn_num,14,M7_TargetSpecific_Selected,Ridge,14.0,19.1809,-5.1809,5.1809
Zn_num,14,M7_TargetSpecific_Selected,Ridge,3.0,18.7425,-15.7425,15.7425
Zn_num,14,M7_TargetSpecific_Selected,Ridge,20.0,22.2099,-2.2099,2.2099
Zn_num,14,M7_TargetSpecific_Selected,Ridge,10.0,22.304,-12.304,12.304
Zn_num,14,M7_TargetSpecific_Selected,Ridge,7.0,20.7084,-13.7084,13.7084
Zn_num,14,M7_TargetSpecific_Selected,Ridge,7.0,21.8922,-14.8922,14.8922
Zn_num,14,M7_TargetSpecific_Selected,Ridge,30.0,18.1874,11.8126,11.8126
Zn_num,14,M7_TargetSpecific_Selected,HuberRegressor,14.0,17.9765,-3.9765,3.9765
Zn_num,14,M7_TargetSpecific_Selected,HuberRegressor,3.0,16.7832,-13.7832,13.7832
Zn_num,14,M7_TargetSpecific_Selected,HuberRegressor,20.0,17.9037,2.0963,2.0963
Zn_num,14,M7_TargetSpecific_Selected,HuberRegressor,10.0,18.0856,-8.0856,8.0856
Zn_num,14,M7_TargetSpecific_Selected,HuberRegressor,7.0,17.5257,-10.5257,10.5257
Zn_num,14,M7_TargetSpecific_Selected,HuberRegressor,7.0,16.99,-9.99,9.99
Zn_num,14,M7_TargetSpecific_Selected,HuberRegressor,30.0,16.841,13.159,13.159
Zn_num,14,M7_TargetSpecific_Selected,ExtraTrees,14.0,19.6323,-5.6323,5.6323
Zn_num,14,M7_TargetSpecific_Selected,ExtraTrees,3.0,19.0655,-16.0655,16.0655
Zn_num,14,M7_TargetSpecific_Selected,ExtraTrees,20.0,20.2491,-0.2491,0.2491
Zn_num,14,M7_TargetSpecific_Selected,ExtraTrees,10.0,23.8456,-13.8456,13.8456
Zn_num,14,M7_TargetSpecific_Selected,ExtraTrees,7.0,21.9277,-14.9277,14.9277
Zn_num,14,M7_TargetSpecific_Selected,ExtraTrees,7.0,29.9724,-22.9724,22.9724
Zn_num,14,M7_TargetSpecific_Selected,ExtraTrees,30.0,16.1894,13.8106,13.8106
Zn_num,15,M1_Core,Ridge,14.0,8.2789,5.7211,5.7211
Zn_num,15,M1_Core,Ridge,14.0,33.7755,-19.7755,19.7755
Zn_num,15,M1_Core,Ridge,12.0,14.6234,-2.6234,2.6234
Zn_num,15,M1_Core,Ridge,96.0,10.691,85.309,85.309
Zn_num,15,M1_Core,Ridge,42.0,21.0378,20.9622,20.9622
Zn_num,15,M1_Core,Ridge,19.0,22.1127,-3.1127,3.1127
Zn_num,15,M1_Core,Ridge,16.0,17.9628,-1.9628,1.9628
Zn_num,15,M1_Core,HuberRegressor,14.0,9.164,4.836,4.836
Zn_num,15,M1_Core,HuberRegressor,14.0,20.2856,-6.2856,6.2856
Zn_num,15,M1_Core,HuberRegressor,12.0,11.9037,0.0963,0.0963
Zn_num,15,M1_Core,HuberRegressor,96.0,9.998,86.002,86.002
Zn_num,15,M1_Core,HuberRegressor,42.0,19.392,22.608,22.608
Zn_num,15,M1_Core,HuberRegressor,19.0,17.5495,1.4505,1.4505
Zn_num,15,M1_Core,HuberRegressor,16.0,17.5572,-1.5572,1.5572
Zn_num,15,M1_Core,ExtraTrees,14.0,18.5034,-4.5034,4.5034
Zn_num,15,M1_Core,ExtraTrees,14.0,25.534,-11.534,11.534
Zn_num,15,M1_Core,ExtraTrees,12.0,10.5891,1.4109,1.4109
Zn_num,15,M1_Core,ExtraTrees,96.0,22.1848,73.8152,73.8152
Zn_num,15,M1_Core,ExtraTrees,42.0,19.3397,22.6603,22.6603
Zn_num,15,M1_Core,ExtraTrees,19.0,26.5615,-7.5615,7.5615
Zn_num,15,M1_Core,ExtraTrees,16.0,15.9006,0.0994,0.0994
Zn_num,15,M7_TargetSpecific_Selected,Ridge,14.0,14.348,-0.348,0.348
Zn_num,15,M7_TargetSpecific_Selected,Ridge,14.0,7.5596,6.4404,6.4404
Zn_num,15,M7_TargetSpecific_Selected,Ridge,12.0,26.0578,-14.0578,14.0578
Zn_num,15,M7_TargetSpecific_Selected,Ridge,96.0,8.2032,87.7968,87.7968
Zn_num,15,M7_TargetSpecific_Selected,Ridge,42.0,17.4942,24.5058,24.5058
Zn_num,15,M7_TargetSpecific_Selected,Ridge,19.0,18.87,0.13,0.13
Zn_num,15,M7_TargetSpecific_Selected,Ridge,16.0,19.7409,-3.7409,3.7409
Zn_num,15,M7_TargetSpecific_Selected,HuberRegressor,14.0,14.6388,-0.6388,0.6388
Zn_num,15,M7_TargetSpecific_Selected,HuberRegressor,14.0,5.7355,8.2645,8.2645
Zn_num,15,M7_TargetSpecific_Selected,HuberRegressor,12.0,26.2203,-14.2203,14.2203
Zn_num,15,M7_TargetSpecific_Selected,HuberRegressor,96.0,6.4431,89.5569,89.5569
Zn_num,15,M7_TargetSpecific_Selected,HuberRegressor,42.0,17.146,24.854,24.854
Zn_num,15,M7_TargetSpecific_Selected,HuberRegressor,19.0,15.8641,3.1359,3.1359
Zn_num,15,M7_TargetSpecific_Selected,HuberRegressor,16.0,19.2674,-3.2674,3.2674
Zn_num,15,M7_TargetSpecific_Selected,ExtraTrees,14.0,22.9483,-8.9483,8.9483
Zn_num,15,M7_TargetSpecific_Selected,ExtraTrees,14.0,10.1162,3.8838,3.8838
Zn_num,15,M7_TargetSpecific_Selected,ExtraTrees,12.0,16.8264,-4.8264,4.8264
Zn_num,15,M7_TargetSpecific_Selected,ExtraTrees,96.0,16.8186,79.1814,79.1814
Zn_num,15,M7_TargetSpecific_Selected,ExtraTrees,42.0,16.7821,25.2179,25.2179
Zn_num,15,M7_TargetSpecific_Selected,ExtraTrees,19.0,23.9463,-4.9463,4.9463
Zn_num,15,M7_TargetSpecific_Selected,ExtraTrees,16.0,16.3454,-0.3454,0.3454
Zn_num,16,M1_Core,Ridge,3.0,25.8106,-22.8106,22.8106
Zn_num,16,M1_Core,Ridge,20.0,26.1873,-6.1873,6.1873
Zn_num,16,M1_Core,Ridge,7.0,21.9467,-14.9467,14.9467
Zn_num,16,M1_Core,Ridge,7.0,22.6068,-15.6068,15.6068
Zn_num,16,M1_Core,Ridge,7.0,22.9088,-15.9088,15.9088
Zn_num,16,M1_Core,Ridge,8.0,24.3276,-16.3276,16.3276
Zn_num,16,M1_Core,Ridge,6.0,27.9338,-21.9338,21.9338
Zn_num,16,M1_Core,HuberRegressor,3.0,21.2543,-18.2543,18.2543
Zn_num,16,M1_Core,HuberRegressor,20.0,21.3413,-1.3413,1.3413
Zn_num,16,M1_Core,HuberRegressor,7.0,20.2931,-13.2931,13.2931
Zn_num,16,M1_Core,HuberRegressor,7.0,19.6414,-12.6414,12.6414
Zn_num,16,M1_Core,HuberRegressor,7.0,17.7865,-10.7865,10.7865
Zn_num,16,M1_Core,HuberRegressor,8.0,20.1683,-12.1683,12.1683
Zn_num,16,M1_Core,HuberRegressor,6.0,18.2304,-12.2304,12.2304
Zn_num,16,M1_Core,ExtraTrees,3.0,21.4471,-18.4471,18.4471
Zn_num,16,M1_Core,ExtraTrees,20.0,20.9058,-0.9058,0.9058
Zn_num,16,M1_Core,ExtraTrees,7.0,21.6142,-14.6142,14.6142
Zn_num,16,M1_Core,ExtraTrees,7.0,23.2872,-16.2872,16.2872
Zn_num,16,M1_Core,ExtraTrees,7.0,23.6678,-16.6678,16.6678
Zn_num,16,M1_Core,ExtraTrees,8.0,21.9134,-13.9134,13.9134
Zn_num,16,M1_Core,ExtraTrees,6.0,22.0708,-16.0708,16.0708
Zn_num,16,M7_TargetSpecific_Selected,Ridge,3.0,18.3344,-15.3344,15.3344
Zn_num,16,M7_TargetSpecific_Selected,Ridge,20.0,20.5638,-0.5638,0.5638
Zn_num,16,M7_TargetSpecific_Selected,Ridge,7.0,24.1726,-17.1726,17.1726
Zn_num,16,M7_TargetSpecific_Selected,Ridge,7.0,25.4176,-18.4176,18.4176
Zn_num,16,M7_TargetSpecific_Selected,Ridge,7.0,28.4822,-21.4822,21.4822
Zn_num,16,M7_TargetSpecific_Selected,Ridge,8.0,27.2435,-19.2435,19.2435
Zn_num,16,M7_TargetSpecific_Selected,Ridge,6.0,30.5031,-24.5031,24.5031
Zn_num,16,M7_TargetSpecific_Selected,HuberRegressor,3.0,17.7239,-14.7239,14.7239
Zn_num,16,M7_TargetSpecific_Selected,HuberRegressor,20.0,14.9252,5.0748,5.0748
Zn_num,16,M7_TargetSpecific_Selected,HuberRegressor,7.0,22.5558,-15.5558,15.5558
Zn_num,16,M7_TargetSpecific_Selected,HuberRegressor,7.0,21.487,-14.487,14.487
Zn_num,16,M7_TargetSpecific_Selected,HuberRegressor,7.0,25.1911,-18.1911,18.1911
Zn_num,16,M7_TargetSpecific_Selected,HuberRegressor,8.0,22.0106,-14.0106,14.0106
Zn_num,16,M7_TargetSpecific_Selected,HuberRegressor,6.0,26.1716,-20.1716,20.1716
Zn_num,16,M7_TargetSpecific_Selected,ExtraTrees,3.0,19.3211,-16.3211,16.3211
Zn_num,16,M7_TargetSpecific_Selected,ExtraTrees,20.0,20.2741,-0.2741,0.2741
Zn_num,16,M7_TargetSpecific_Selected,ExtraTrees,7.0,21.3369,-14.3369,14.3369
Zn_num,16,M7_TargetSpecific_Selected,ExtraTrees,7.0,23.0794,-16.0794,16.0794
Zn_num,16,M7_TargetSpecific_Selected,ExtraTrees,7.0,26.3698,-19.3698,19.3698
Zn_num,16,M7_TargetSpecific_Selected,ExtraTrees,8.0,21.811,-13.811,13.811
Zn_num,16,M7_TargetSpecific_Selected,ExtraTrees,6.0,21.9138,-15.9138,15.9138
Zn_num,17,M1_Core,Ridge,17.0,15.8221,1.1779,1.1779
Zn_num,17,M1_Core,Ridge,91.0,14.8577,76.1423,76.1423
Zn_num,17,M1_Core,Ridge,14.0,16.3726,-2.3726,2.3726
Zn_num,17,M1_Core,Ridge,78.0,15.8308,62.1692,62.1692
Zn_num,17,M1_Core,Ridge,20.0,11.5869,8.4131,8.4131
Zn_num,17,M1_Core,Ridge,19.0,11.686,7.314,7.314
Zn_num,17,M1_Core,Ridge,30.0,12.7134,17.2866,17.2866
Zn_num,17,M1_Core,HuberRegressor,17.0,15.8248,1.1752,1.1752
Zn_num,17,M1_Core,HuberRegressor,91.0,15.4309,75.5691,75.5691
Zn_num,17,M1_Core,HuberRegressor,14.0,13.9198,0.0802,0.0802
Zn_num,17,M1_Core,HuberRegressor,78.0,10.7168,67.2832,67.2832
Zn_num,17,M1_Core,HuberRegressor,20.0,15.2162,4.7838,4.7838
Zn_num,17,M1_Core,HuberRegressor,19.0,16.5338,2.4662,2.4662
Zn_num,17,M1_Core,HuberRegressor,30.0,15.3967,14.6033,14.6033
Zn_num,17,M1_Core,ExtraTrees,17.0,27.8545,-10.8545,10.8545
Zn_num,17,M1_Core,ExtraTrees,91.0,12.5906,78.4094,78.4094
Zn_num,17,M1_Core,ExtraTrees,14.0,27.2653,-13.2653,13.2653
Zn_num,17,M1_Core,ExtraTrees,78.0,9.3581,68.6419,68.6419
Zn_num,17,M1_Core,ExtraTrees,20.0,10.5567,9.4433,9.4433
Zn_num,17,M1_Core,ExtraTrees,19.0,10.9206,8.0794,8.0794
Zn_num,17,M1_Core,ExtraTrees,30.0,10.4852,19.5148,19.5148
Zn_num,17,M7_TargetSpecific_Selected,Ridge,17.0,14.3994,2.6006,2.6006
Zn_num,17,M7_TargetSpecific_Selected,Ridge,91.0,15.7159,75.2841,75.2841
Zn_num,17,M7_TargetSpecific_Selected,Ridge,14.0,16.3569,-2.3569,2.3569
Zn_num,17,M7_TargetSpecific_Selected,Ridge,78.0,14.2925,63.7075,63.7075
Zn_num,17,M7_TargetSpecific_Selected,Ridge,20.0,10.2155,9.7845,9.7845
Zn_num,17,M7_TargetSpecific_Selected,Ridge,19.0,9.4487,9.5513,9.5513
Zn_num,17,M7_TargetSpecific_Selected,Ridge,30.0,12.9077,17.0923,17.0923
Zn_num,17,M7_TargetSpecific_Selected,HuberRegressor,17.0,13.8478,3.1522,3.1522
Zn_num,17,M7_TargetSpecific_Selected,HuberRegressor,91.0,14.4456,76.5544,76.5544
Zn_num,17,M7_TargetSpecific_Selected,HuberRegressor,14.0,14.2387,-0.2387,0.2387
Zn_num,17,M7_TargetSpecific_Selected,HuberRegressor,78.0,12.084,65.916,65.916
Zn_num,17,M7_TargetSpecific_Selected,HuberRegressor,20.0,13.4299,6.5701,6.5701
Zn_num,17,M7_TargetSpecific_Selected,HuberRegressor,19.0,14.3313,4.6687,4.6687
Zn_num,17,M7_TargetSpecific_Selected,HuberRegressor,30.0,13.0039,16.9961,16.9961
Zn_num,17,M7_TargetSpecific_Selected,ExtraTrees,17.0,24.1143,-7.1143,7.1143
Zn_num,17,M7_TargetSpecific_Selected,ExtraTrees,91.0,12.1724,78.8276,78.8276
Zn_num,17,M7_TargetSpecific_Selected,ExtraTrees,14.0,14.7303,-0.7303,0.7303
Zn_num,17,M7_TargetSpecific_Selected,ExtraTrees,78.0,11.0823,66.9177,66.9177
Zn_num,17,M7_TargetSpecific_Selected,ExtraTrees,20.0,12.162,7.838,7.838
Zn_num,17,M7_TargetSpecific_Selected,ExtraTrees,19.0,12.5748,6.4252,6.4252
Zn_num,17,M7_TargetSpecific_Selected,ExtraTrees,30.0,11.8835,18.1165,18.1165
Zn_num,18,M1_Core,Ridge,10.0,23.6328,-13.6328,13.6328
Zn_num,18,M1_Core,Ridge,22.0,13.8448,8.1552,8.1552
Zn_num,18,M1_Core,Ridge,58.0,16.4675,41.5325,41.5325
Zn_num,18,M1_Core,Ridge,10.0,15.0068,-5.0068,5.0068
Zn_num,18,M1_Core,Ridge,50.0,15.703,34.297,34.297
Zn_num,18,M1_Core,Ridge,11.0,19.8857,-8.8857,8.8857
Zn_num,18,M1_Core,Ridge,15.0,17.8306,-2.8306,2.8306
Zn_num,18,M1_Core,HuberRegressor,10.0,16.7509,-6.7509,6.7509
Zn_num,18,M1_Core,HuberRegressor,22.0,14.3568,7.6432,7.6432
Zn_num,18,M1_Core,HuberRegressor,58.0,14.7904,43.2096,43.2096
Zn_num,18,M1_Core,HuberRegressor,10.0,15.118,-5.118,5.118
Zn_num,18,M1_Core,HuberRegressor,50.0,13.8596,36.1404,36.1404
Zn_num,18,M1_Core,HuberRegressor,11.0,18.3023,-7.3023,7.3023
Zn_num,18,M1_Core,HuberRegressor,15.0,20.445,-5.445,5.445
Zn_num,18,M1_Core,ExtraTrees,10.0,12.5956,-2.5956,2.5956
Zn_num,18,M1_Core,ExtraTrees,22.0,16.5238,5.4762,5.4762
Zn_num,18,M1_Core,ExtraTrees,58.0,15.5153,42.4847,42.4847
Zn_num,18,M1_Core,ExtraTrees,10.0,14.8976,-4.8976,4.8976
Zn_num,18,M1_Core,ExtraTrees,50.0,13.853,36.147,36.147
Zn_num,18,M1_Core,ExtraTrees,11.0,11.5507,-0.5507,0.5507
Zn_num,18,M1_Core,ExtraTrees,15.0,18.7662,-3.7662,3.7662
Zn_num,18,M7_TargetSpecific_Selected,Ridge,10.0,33.7186,-23.7186,23.7186
Zn_num,18,M7_TargetSpecific_Selected,Ridge,22.0,12.8425,9.1575,9.1575
Zn_num,18,M7_TargetSpecific_Selected,Ridge,58.0,17.9861,40.0139,40.0139
Zn_num,18,M7_TargetSpecific_Selected,Ridge,10.0,18.2086,-8.2086,8.2086
Zn_num,18,M7_TargetSpecific_Selected,Ridge,50.0,17.841,32.159,32.159
Zn_num,18,M7_TargetSpecific_Selected,Ridge,11.0,29.1347,-18.1347,18.1347
Zn_num,18,M7_TargetSpecific_Selected,Ridge,15.0,16.5691,-1.5691,1.5691
Zn_num,18,M7_TargetSpecific_Selected,HuberRegressor,10.0,43.2919,-33.2919,33.2919
Zn_num,18,M7_TargetSpecific_Selected,HuberRegressor,22.0,13.809,8.191,8.191
Zn_num,18,M7_TargetSpecific_Selected,HuberRegressor,58.0,19.336,38.664,38.664
Zn_num,18,M7_TargetSpecific_Selected,HuberRegressor,10.0,20.5919,-10.5919,10.5919
Zn_num,18,M7_TargetSpecific_Selected,HuberRegressor,50.0,15.2325,34.7675,34.7675
Zn_num,18,M7_TargetSpecific_Selected,HuberRegressor,11.0,25.0879,-14.0879,14.0879
Zn_num,18,M7_TargetSpecific_Selected,HuberRegressor,15.0,18.6178,-3.6178,3.6178
Zn_num,18,M7_TargetSpecific_Selected,ExtraTrees,10.0,9.7022,0.2978,0.2978
Zn_num,18,M7_TargetSpecific_Selected,ExtraTrees,22.0,18.9173,3.0827,3.0827
Zn_num,18,M7_TargetSpecific_Selected,ExtraTrees,58.0,15.9044,42.0956,42.0956
Zn_num,18,M7_TargetSpecific_Selected,ExtraTrees,10.0,19.4399,-9.4399,9.4399
Zn_num,18,M7_TargetSpecific_Selected,ExtraTrees,50.0,14.1149,35.8851,35.8851
Zn_num,18,M7_TargetSpecific_Selected,ExtraTrees,11.0,12.5131,-1.5131,1.5131
Zn_num,18,M7_TargetSpecific_Selected,ExtraTrees,15.0,18.1431,-3.1431,3.1431
Zn_num,19,M1_Core,Ridge,17.0,14.7201,2.2799,2.2799
Zn_num,19,M1_Core,Ridge,23.0,15.7164,7.2836,7.2836
Zn_num,19,M1_Core,Ridge,21.0,15.7411,5.2589,5.2589
Zn_num,19,M1_Core,Ridge,13.0,15.0234,-2.0234,2.0234
Zn_num,19,M1_Core,Ridge,11.0,16.263,-5.263,5.263
Zn_num,19,M1_Core,Ridge,13.0,32.1577,-19.1577,19.1577
Zn_num,19,M1_Core,Ridge,23.0,22.266,0.734,0.734
Zn_num,19,M1_Core,HuberRegressor,17.0,12.7175,4.2825,4.2825
Zn_num,19,M1_Core,HuberRegressor,23.0,14.9785,8.0215,8.0215
Zn_num,19,M1_Core,HuberRegressor,21.0,14.3584,6.6416,6.6416
Zn_num,19,M1_Core,HuberRegressor,13.0,13.7968,-0.7968,0.7968
Zn_num,19,M1_Core,HuberRegressor,11.0,15.0283,-4.0283,4.0283
Zn_num,19,M1_Core,HuberRegressor,13.0,34.7673,-21.7673,21.7673
Zn_num,19,M1_Core,HuberRegressor,23.0,22.4183,0.5817,0.5817
Zn_num,19,M1_Core,ExtraTrees,17.0,28.7872,-11.7872,11.7872
Zn_num,19,M1_Core,ExtraTrees,23.0,14.2017,8.7983,8.7983
Zn_num,19,M1_Core,ExtraTrees,21.0,14.3707,6.6293,6.6293
Zn_num,19,M1_Core,ExtraTrees,13.0,16.7715,-3.7715,3.7715
Zn_num,19,M1_Core,ExtraTrees,11.0,17.1557,-6.1557,6.1557
Zn_num,19,M1_Core,ExtraTrees,13.0,24.9785,-11.9785,11.9785
Zn_num,19,M1_Core,ExtraTrees,23.0,14.5946,8.4054,8.4054
Zn_num,19,M7_TargetSpecific_Selected,Ridge,17.0,16.3661,0.6339,0.6339
Zn_num,19,M7_TargetSpecific_Selected,Ridge,23.0,14.4193,8.5807,8.5807
Zn_num,19,M7_TargetSpecific_Selected,Ridge,21.0,16.8994,4.1006,4.1006
Zn_num,19,M7_TargetSpecific_Selected,Ridge,13.0,22.5954,-9.5954,9.5954
Zn_num,19,M7_TargetSpecific_Selected,Ridge,11.0,43.2661,-32.2661,32.2661
Zn_num,19,M7_TargetSpecific_Selected,Ridge,13.0,27.3023,-14.3023,14.3023
Zn_num,19,M7_TargetSpecific_Selected,Ridge,23.0,19.876,3.124,3.124
Zn_num,19,M7_TargetSpecific_Selected,HuberRegressor,17.0,10.6487,6.3513,6.3513
Zn_num,19,M7_TargetSpecific_Selected,HuberRegressor,23.0,13.9884,9.0116,9.0116
Zn_num,19,M7_TargetSpecific_Selected,HuberRegressor,21.0,13.7498,7.2502,7.2502
Zn_num,19,M7_TargetSpecific_Selected,HuberRegressor,13.0,22.8178,-9.8178,9.8178
Zn_num,19,M7_TargetSpecific_Selected,HuberRegressor,11.0,59.6204,-48.6204,48.6204
Zn_num,19,M7_TargetSpecific_Selected,HuberRegressor,13.0,45.9947,-32.9947,32.9947
Zn_num,19,M7_TargetSpecific_Selected,HuberRegressor,23.0,22.5278,0.4722,0.4722
Zn_num,19,M7_TargetSpecific_Selected,ExtraTrees,17.0,25.8955,-8.8955,8.8955
Zn_num,19,M7_TargetSpecific_Selected,ExtraTrees,23.0,15.0111,7.9889,7.9889
Zn_num,19,M7_TargetSpecific_Selected,ExtraTrees,21.0,15.8321,5.1679,5.1679
Zn_num,19,M7_TargetSpecific_Selected,ExtraTrees,13.0,18.3451,-5.3451,5.3451
Zn_num,19,M7_TargetSpecific_Selected,ExtraTrees,11.0,37.0934,-26.0934,26.0934
Zn_num,19,M7_TargetSpecific_Selected,ExtraTrees,13.0,27.3079,-14.3079,14.3079
Zn_num,19,M7_TargetSpecific_Selected,ExtraTrees,23.0,15.8097,7.1903,7.1903
Zn_num,20,M1_Core,Ridge,10.0,18.4073,-8.4073,8.4073
Zn_num,20,M1_Core,Ridge,58.0,17.2399,40.7601,40.7601
Zn_num,20,M1_Core,Ridge,21.0,16.7234,4.2766,4.2766
Zn_num,20,M1_Core,Ridge,13.0,16.7743,-3.7743,3.7743
Zn_num,20,M1_Core,Ridge,7.0,17.0028,-10.0028,10.0028
Zn_num,20,M1_Core,Ridge,42.0,16.1848,25.8152,25.8152
Zn_num,20,M1_Core,Ridge,8.0,18.2364,-10.2364,10.2364
Zn_num,20,M1_Core,HuberRegressor,10.0,14.0382,-4.0382,4.0382
Zn_num,20,M1_Core,HuberRegressor,58.0,16.1782,41.8218,41.8218
Zn_num,20,M1_Core,HuberRegressor,21.0,17.2312,3.7688,3.7688
Zn_num,20,M1_Core,HuberRegressor,13.0,17.7273,-4.7273,4.7273
Zn_num,20,M1_Core,HuberRegressor,7.0,18.719,-11.719,11.719
Zn_num,20,M1_Core,HuberRegressor,42.0,16.7236,25.2764,25.2764
Zn_num,20,M1_Core,HuberRegressor,8.0,17.9148,-9.9148,9.9148
Zn_num,20,M1_Core,ExtraTrees,10.0,12.9219,-2.9219,2.9219
Zn_num,20,M1_Core,ExtraTrees,58.0,12.1728,45.8272,45.8272
Zn_num,20,M1_Core,ExtraTrees,21.0,13.7308,7.2692,7.2692
Zn_num,20,M1_Core,ExtraTrees,13.0,16.4841,-3.4841,3.4841
Zn_num,20,M1_Core,ExtraTrees,7.0,17.4034,-10.4034,10.4034
Zn_num,20,M1_Core,ExtraTrees,42.0,16.8653,25.1347,25.1347
Zn_num,20,M1_Core,ExtraTrees,8.0,16.8889,-8.8889,8.8889
Zn_num,20,M7_TargetSpecific_Selected,Ridge,10.0,20.8808,-10.8808,10.8808
Zn_num,20,M7_TargetSpecific_Selected,Ridge,58.0,19.5603,38.4397,38.4397
Zn_num,20,M7_TargetSpecific_Selected,Ridge,21.0,19.1751,1.8249,1.8249
Zn_num,20,M7_TargetSpecific_Selected,Ridge,13.0,16.66,-3.66,3.66
Zn_num,20,M7_TargetSpecific_Selected,Ridge,7.0,20.137,-13.137,13.137
Zn_num,20,M7_TargetSpecific_Selected,Ridge,42.0,15.8579,26.1421,26.1421
Zn_num,20,M7_TargetSpecific_Selected,Ridge,8.0,25.9182,-17.9182,17.9182
Zn_num,20,M7_TargetSpecific_Selected,HuberRegressor,10.0,19.0309,-9.0309,9.0309
Zn_num,20,M7_TargetSpecific_Selected,HuberRegressor,58.0,17.8238,40.1762,40.1762
Zn_num,20,M7_TargetSpecific_Selected,HuberRegressor,21.0,18.9768,2.0232,2.0232
Zn_num,20,M7_TargetSpecific_Selected,HuberRegressor,13.0,16.2024,-3.2024,3.2024
Zn_num,20,M7_TargetSpecific_Selected,HuberRegressor,7.0,21.2955,-14.2955,14.2955
Zn_num,20,M7_TargetSpecific_Selected,HuberRegressor,42.0,18.2963,23.7037,23.7037
Zn_num,20,M7_TargetSpecific_Selected,HuberRegressor,8.0,21.5871,-13.5871,13.5871
Zn_num,20,M7_TargetSpecific_Selected,ExtraTrees,10.0,13.372,-3.372,3.372
Zn_num,20,M7_TargetSpecific_Selected,ExtraTrees,58.0,16.2906,41.7094,41.7094
Zn_num,20,M7_TargetSpecific_Selected,ExtraTrees,21.0,17.9611,3.0389,3.0389
Zn_num,20,M7_TargetSpecific_Selected,ExtraTrees,13.0,16.9933,-3.9933,3.9933
Zn_num,20,M7_TargetSpecific_Selected,ExtraTrees,7.0,20.2266,-13.2266,13.2266
Zn_num,20,M7_TargetSpecific_Selected,ExtraTrees,42.0,16.3859,25.6141,25.6141
Zn_num,20,M7_TargetSpecific_Selected,ExtraTrees,8.0,23.1541,-15.1541,15.1541
Zn_num,21,M1_Core,Ridge,20.0,17.3007,2.6993,2.6993
Zn_num,21,M1_Core,Ridge,7.0,19.2906,-12.2906,12.2906
Zn_num,21,M1_Core,Ridge,19.0,18.8352,0.1648,0.1648
Zn_num,21,M1_Core,Ridge,14.0,18.9438,-4.9438,4.9438
Zn_num,21,M1_Core,Ridge,78.0,17.3378,60.6622,60.6622
Zn_num,21,M1_Core,Ridge,11.0,16.3335,-5.3335,5.3335
Zn_num,21,M1_Core,Ridge,7.0,17.726,-10.726,10.726
Zn_num,21,M1_Core,HuberRegressor,20.0,14.552,5.448,5.448
Zn_num,21,M1_Core,HuberRegressor,7.0,17.0813,-10.0813,10.0813
Zn_num,21,M1_Core,HuberRegressor,19.0,15.8324,3.1676,3.1676
Zn_num,21,M1_Core,HuberRegressor,14.0,14.6503,-0.6503,0.6503
Zn_num,21,M1_Core,HuberRegressor,78.0,13.0952,64.9048,64.9048
Zn_num,21,M1_Core,HuberRegressor,11.0,18.8665,-7.8665,7.8665
Zn_num,21,M1_Core,HuberRegressor,7.0,15.8113,-8.8113,8.8113
Zn_num,21,M1_Core,ExtraTrees,20.0,19.1594,0.8406,0.8406
Zn_num,21,M1_Core,ExtraTrees,7.0,20.7353,-13.7353,13.7353
Zn_num,21,M1_Core,ExtraTrees,19.0,26.337,-7.337,7.337
Zn_num,21,M1_Core,ExtraTrees,14.0,38.0066,-24.0066,24.0066
Zn_num,21,M1_Core,ExtraTrees,78.0,8.7968,69.2032,69.2032
Zn_num,21,M1_Core,ExtraTrees,11.0,10.0517,0.9483,0.9483
Zn_num,21,M1_Core,ExtraTrees,7.0,20.9868,-13.9868,13.9868
Zn_num,21,M7_TargetSpecific_Selected,Ridge,20.0,18.4105,1.5895,1.5895
Zn_num,21,M7_TargetSpecific_Selected,Ridge,7.0,22.6702,-15.6702,15.6702
Zn_num,21,M7_TargetSpecific_Selected,Ridge,19.0,22.2367,-3.2367,3.2367
Zn_num,21,M7_TargetSpecific_Selected,Ridge,14.0,18.8044,-4.8044,4.8044
Zn_num,21,M7_TargetSpecific_Selected,Ridge,78.0,12.9782,65.0218,65.0218
Zn_num,21,M7_TargetSpecific_Selected,Ridge,11.0,23.4693,-12.4693,12.4693
Zn_num,21,M7_TargetSpecific_Selected,Ridge,7.0,19.6649,-12.6649,12.6649
Zn_num,21,M7_TargetSpecific_Selected,HuberRegressor,20.0,18.0136,1.9864,1.9864
Zn_num,21,M7_TargetSpecific_Selected,HuberRegressor,7.0,23.3092,-16.3092,16.3092
Zn_num,21,M7_TargetSpecific_Selected,HuberRegressor,19.0,21.5065,-2.5065,2.5065
Zn_num,21,M7_TargetSpecific_Selected,HuberRegressor,14.0,18.0308,-4.0308,4.0308
Zn_num,21,M7_TargetSpecific_Selected,HuberRegressor,78.0,9.8635,68.1365,68.1365
Zn_num,21,M7_TargetSpecific_Selected,HuberRegressor,11.0,24.6824,-13.6824,13.6824
Zn_num,21,M7_TargetSpecific_Selected,HuberRegressor,7.0,17.5102,-10.5102,10.5102
Zn_num,21,M7_TargetSpecific_Selected,ExtraTrees,20.0,15.3612,4.6388,4.6388
Zn_num,21,M7_TargetSpecific_Selected,ExtraTrees,7.0,19.5278,-12.5278,12.5278
Zn_num,21,M7_TargetSpecific_Selected,ExtraTrees,19.0,27.6524,-8.6524,8.6524
Zn_num,21,M7_TargetSpecific_Selected,ExtraTrees,14.0,22.7398,-8.7398,8.7398
Zn_num,21,M7_TargetSpecific_Selected,ExtraTrees,78.0,11.3495,66.6505,66.6505
Zn_num,21,M7_TargetSpecific_Selected,ExtraTrees,11.0,13.4056,-2.4056,2.4056
Zn_num,21,M7_TargetSpecific_Selected,ExtraTrees,7.0,23.987,-16.987,16.987
Zn_num,22,M1_Core,Ridge,22.0,18.2205,3.7795,3.7795
Zn_num,22,M1_Core,Ridge,14.0,16.995,-2.995,2.995
Zn_num,22,M1_Core,Ridge,3.0,19.2329,-16.2329,16.2329
Zn_num,22,M1_Core,Ridge,11.0,19.0241,-8.0241,8.0241
Zn_num,22,M1_Core,Ridge,10.0,17.7494,-7.7494,7.7494
Zn_num,22,M1_Core,Ridge,91.0,17.4308,73.5692,73.5692
Zn_num,22,M1_Core,Ridge,19.0,15.3389,3.6611,3.6611
Zn_num,22,M1_Core,HuberRegressor,22.0,18.4135,3.5865,3.5865
Zn_num,22,M1_Core,HuberRegressor,14.0,14.2194,-0.2194,0.2194
Zn_num,22,M1_Core,HuberRegressor,3.0,18.7692,-15.7692,15.7692
Zn_num,22,M1_Core,HuberRegressor,11.0,16.7792,-5.7792,5.7792
Zn_num,22,M1_Core,HuberRegressor,10.0,17.5152,-7.5152,7.5152
Zn_num,22,M1_Core,HuberRegressor,91.0,17.9086,73.0914,73.0914
Zn_num,22,M1_Core,HuberRegressor,19.0,19.8601,-0.8601,0.8601
Zn_num,22,M1_Core,ExtraTrees,22.0,16.6126,5.3874,5.3874
Zn_num,22,M1_Core,ExtraTrees,14.0,53.5587,-39.5587,39.5587
Zn_num,22,M1_Core,ExtraTrees,3.0,16.9104,-13.9104,13.9104
Zn_num,22,M1_Core,ExtraTrees,11.0,16.9601,-5.9601,5.9601
Zn_num,22,M1_Core,ExtraTrees,10.0,14.0293,-4.0293,4.0293
Zn_num,22,M1_Core,ExtraTrees,91.0,13.6166,77.3834,77.3834
Zn_num,22,M1_Core,ExtraTrees,19.0,16.5415,2.4585,2.4585
Zn_num,22,M7_TargetSpecific_Selected,Ridge,22.0,17.0019,4.9981,4.9981
Zn_num,22,M7_TargetSpecific_Selected,Ridge,14.0,33.9131,-19.9131,19.9131
Zn_num,22,M7_TargetSpecific_Selected,Ridge,3.0,21.5751,-18.5751,18.5751
Zn_num,22,M7_TargetSpecific_Selected,Ridge,11.0,31.8083,-20.8083,20.8083
Zn_num,22,M7_TargetSpecific_Selected,Ridge,10.0,15.9652,-5.9652,5.9652
Zn_num,22,M7_TargetSpecific_Selected,Ridge,91.0,15.3453,75.6547,75.6547
Zn_num,22,M7_TargetSpecific_Selected,Ridge,19.0,14.7929,4.2071,4.2071
Zn_num,22,M7_TargetSpecific_Selected,HuberRegressor,22.0,16.9758,5.0242,5.0242
Zn_num,22,M7_TargetSpecific_Selected,HuberRegressor,14.0,15.6854,-1.6854,1.6854
Zn_num,22,M7_TargetSpecific_Selected,HuberRegressor,3.0,16.4588,-13.4588,13.4588
Zn_num,22,M7_TargetSpecific_Selected,HuberRegressor,11.0,16.7936,-5.7936,5.7936
Zn_num,22,M7_TargetSpecific_Selected,HuberRegressor,10.0,17.0265,-7.0265,7.0265
Zn_num,22,M7_TargetSpecific_Selected,HuberRegressor,91.0,17.0465,73.9535,73.9535
Zn_num,22,M7_TargetSpecific_Selected,HuberRegressor,19.0,15.8931,3.1069,3.1069
Zn_num,22,M7_TargetSpecific_Selected,ExtraTrees,22.0,17.8716,4.1284,4.1284
Zn_num,22,M7_TargetSpecific_Selected,ExtraTrees,14.0,23.5498,-9.5498,9.5498
Zn_num,22,M7_TargetSpecific_Selected,ExtraTrees,3.0,14.2277,-11.2277,11.2277
Zn_num,22,M7_TargetSpecific_Selected,ExtraTrees,11.0,22.1204,-11.1204,11.1204
Zn_num,22,M7_TargetSpecific_Selected,ExtraTrees,10.0,15.8342,-5.8342,5.8342
Zn_num,22,M7_TargetSpecific_Selected,ExtraTrees,91.0,11.842,79.158,79.158
Zn_num,22,M7_TargetSpecific_Selected,ExtraTrees,19.0,17.7893,1.2107,1.2107
Zn_num,23,M1_Core,Ridge,23.0,14.4916,8.5084,8.5084
Zn_num,23,M1_Core,Ridge,12.0,26.3637,-14.3637,14.3637
Zn_num,23,M1_Core,Ridge,17.0,18.0373,-1.0373,1.0373
Zn_num,23,M1_Core,Ridge,20.0,11.8224,8.1776,8.1776
Zn_num,23,M1_Core,Ridge,13.0,33.7601,-20.7601,20.7601
Zn_num,23,M1_Core,Ridge,23.0,21.99,1.01,1.01
Zn_num,23,M1_Core,Ridge,16.0,11.2796,4.7204,4.7204
Zn_num,23,M1_Core,HuberRegressor,23.0,13.3232,9.6768,9.6768
Zn_num,23,M1_Core,HuberRegressor,12.0,32.3958,-20.3958,20.3958
Zn_num,23,M1_Core,HuberRegressor,17.0,17.8284,-0.8284,0.8284
Zn_num,23,M1_Core,HuberRegressor,20.0,11.5076,8.4924,8.4924
Zn_num,23,M1_Core,HuberRegressor,13.0,58.0058,-45.0058,45.0058
Zn_num,23,M1_Core,HuberRegressor,23.0,25.7114,-2.7114,2.7114
Zn_num,23,M1_Core,HuberRegressor,16.0,8.5181,7.4819,7.4819
Zn_num,23,M1_Core,ExtraTrees,23.0,13.1391,9.8609,9.8609
Zn_num,23,M1_Core,ExtraTrees,12.0,15.1803,-3.1803,3.1803
Zn_num,23,M1_Core,ExtraTrees,17.0,25.8171,-8.8171,8.8171
Zn_num,23,M1_Core,ExtraTrees,20.0,15.1467,4.8533,4.8533
Zn_num,23,M1_Core,ExtraTrees,13.0,22.5623,-9.5623,9.5623
Zn_num,23,M1_Core,ExtraTrees,23.0,13.1563,9.8437,9.8437
Zn_num,23,M1_Core,ExtraTrees,16.0,13.497,2.503,2.503
Zn_num,23,M7_TargetSpecific_Selected,Ridge,23.0,13.3768,9.6232,9.6232
Zn_num,23,M7_TargetSpecific_Selected,Ridge,12.0,34.841,-22.841,22.841
Zn_num,23,M7_TargetSpecific_Selected,Ridge,17.0,20.2024,-3.2024,3.2024
Zn_num,23,M7_TargetSpecific_Selected,Ridge,20.0,9.2602,10.7398,10.7398
Zn_num,23,M7_TargetSpecific_Selected,Ridge,13.0,36.3678,-23.3678,23.3678
Zn_num,23,M7_TargetSpecific_Selected,Ridge,23.0,24.384,-1.384,1.384
Zn_num,23,M7_TargetSpecific_Selected,Ridge,16.0,11.8821,4.1179,4.1179
Zn_num,23,M7_TargetSpecific_Selected,HuberRegressor,23.0,12.2358,10.7642,10.7642
Zn_num,23,M7_TargetSpecific_Selected,HuberRegressor,12.0,81.5566,-69.5566,69.5566
Zn_num,23,M7_TargetSpecific_Selected,HuberRegressor,17.0,24.1191,-7.1191,7.1191
Zn_num,23,M7_TargetSpecific_Selected,HuberRegressor,20.0,6.8557,13.1443,13.1443
Zn_num,23,M7_TargetSpecific_Selected,HuberRegressor,13.0,59.3808,-46.3808,46.3808
Zn_num,23,M7_TargetSpecific_Selected,HuberRegressor,23.0,26.5366,-3.5366,3.5366
Zn_num,23,M7_TargetSpecific_Selected,HuberRegressor,16.0,11.8692,4.1308,4.1308
Zn_num,23,M7_TargetSpecific_Selected,ExtraTrees,23.0,14.9067,8.0933,8.0933
Zn_num,23,M7_TargetSpecific_Selected,ExtraTrees,12.0,18.8434,-6.8434,6.8434
Zn_num,23,M7_TargetSpecific_Selected,ExtraTrees,17.0,33.4195,-16.4195,16.4195
Zn_num,23,M7_TargetSpecific_Selected,ExtraTrees,20.0,14.7636,5.2364,5.2364
Zn_num,23,M7_TargetSpecific_Selected,ExtraTrees,13.0,17.7507,-4.7507,4.7507
Zn_num,23,M7_TargetSpecific_Selected,ExtraTrees,23.0,14.2342,8.7658,8.7658
Zn_num,23,M7_TargetSpecific_Selected,ExtraTrees,16.0,15.4779,0.5221,0.5221
Zn_num,24,M1_Core,Ridge,14.0,8.2563,5.7437,5.7437
Zn_num,24,M1_Core,Ridge,17.0,11.8208,5.1792,5.1792
Zn_num,24,M1_Core,Ridge,96.0,12.8575,83.1425,83.1425
Zn_num,24,M1_Core,Ridge,50.0,15.9097,34.0903,34.0903
Zn_num,24,M1_Core,Ridge,30.0,16.4599,13.5401,13.5401
Zn_num,24,M1_Core,Ridge,6.0,19.1509,-13.1509,13.1509
Zn_num,24,M1_Core,Ridge,15.0,18.0352,-3.0352,3.0352
Zn_num,24,M1_Core,HuberRegressor,14.0,8.2837,5.7163,5.7163
Zn_num,24,M1_Core,HuberRegressor,17.0,11.5532,5.4468,5.4468
Zn_num,24,M1_Core,HuberRegressor,96.0,10.6118,85.3882,85.3882
Zn_num,24,M1_Core,HuberRegressor,50.0,12.931,37.069,37.069
Zn_num,24,M1_Core,HuberRegressor,30.0,18.0404,11.9596,11.9596
Zn_num,24,M1_Core,HuberRegressor,6.0,13.9917,-7.9917,7.9917
Zn_num,24,M1_Core,HuberRegressor,15.0,20.4331,-5.4331,5.4331
Zn_num,24,M1_Core,ExtraTrees,14.0,25.1876,-11.1876,11.1876
Zn_num,24,M1_Core,ExtraTrees,17.0,27.1773,-10.1773,10.1773
Zn_num,24,M1_Core,ExtraTrees,96.0,22.6588,73.3412,73.3412
Zn_num,24,M1_Core,ExtraTrees,50.0,12.9078,37.0922,37.0922
Zn_num,24,M1_Core,ExtraTrees,30.0,17.8779,12.1221,12.1221
Zn_num,24,M1_Core,ExtraTrees,6.0,15.2962,-9.2962,9.2962
Zn_num,24,M1_Core,ExtraTrees,15.0,18.3586,-3.3586,3.3586
Zn_num,24,M7_TargetSpecific_Selected,Ridge,14.0,6.0826,7.9174,7.9174
Zn_num,24,M7_TargetSpecific_Selected,Ridge,17.0,17.9912,-0.9912,0.9912
Zn_num,24,M7_TargetSpecific_Selected,Ridge,96.0,6.3189,89.6811,89.6811
Zn_num,24,M7_TargetSpecific_Selected,Ridge,50.0,15.1925,34.8075,34.8075
Zn_num,24,M7_TargetSpecific_Selected,Ridge,30.0,15.0299,14.9701,14.9701
Zn_num,24,M7_TargetSpecific_Selected,Ridge,6.0,17.7763,-11.7763,11.7763
Zn_num,24,M7_TargetSpecific_Selected,Ridge,15.0,20.4118,-5.4118,5.4118
Zn_num,24,M7_TargetSpecific_Selected,HuberRegressor,14.0,6.0638,7.9362,7.9362
Zn_num,24,M7_TargetSpecific_Selected,HuberRegressor,17.0,16.4332,0.5668,0.5668
Zn_num,24,M7_TargetSpecific_Selected,HuberRegressor,96.0,4.9464,91.0536,91.0536
Zn_num,24,M7_TargetSpecific_Selected,HuberRegressor,50.0,8.9891,41.0109,41.0109
Zn_num,24,M7_TargetSpecific_Selected,HuberRegressor,30.0,18.3338,11.6662,11.6662
Zn_num,24,M7_TargetSpecific_Selected,HuberRegressor,6.0,14.1719,-8.1719,8.1719
Zn_num,24,M7_TargetSpecific_Selected,HuberRegressor,15.0,24.0508,-9.0508,9.0508
Zn_num,24,M7_TargetSpecific_Selected,ExtraTrees,14.0,20.2507,-6.2507,6.2507
Zn_num,24,M7_TargetSpecific_Selected,ExtraTrees,17.0,22.9096,-5.9096,5.9096
Zn_num,24,M7_TargetSpecific_Selected,ExtraTrees,96.0,16.4652,79.5348,79.5348
Zn_num,24,M7_TargetSpecific_Selected,ExtraTrees,50.0,13.3046,36.6954,36.6954
Zn_num,24,M7_TargetSpecific_Selected,ExtraTrees,30.0,16.6151,13.3849,13.3849
Zn_num,24,M7_TargetSpecific_Selected,ExtraTrees,6.0,13.1288,-7.1288,7.1288
Zn_num,24,M7_TargetSpecific_Selected,ExtraTrees,15.0,18.0859,-3.0859,3.0859
HPI,0,M1_Core,Ridge,11.0966,41.127,-30.0304,30.0304
HPI,0,M1_Core,Ridge,12.504,51.0351,-38.531,38.531
HPI,0,M1_Core,Ridge,91.7456,37.6318,54.1138,54.1138
HPI,0,M1_Core,Ridge,28.0216,47.0906,-19.0689,19.0689
HPI,0,M1_Core,Ridge,6.3543,40.3662,-34.012,34.012
HPI,0,M1_Core,Ridge,33.1334,57.9241,-24.7906,24.7906
HPI,0,M1_Core,Ridge,8.5282,41.0573,-32.5291,32.5291
HPI,0,M1_Core,Ridge,72.0293,36.6269,35.4025,35.4025
HPI,0,M1_Core,HuberRegressor,11.0966,33.5584,-22.4618,22.4618
HPI,0,M1_Core,HuberRegressor,12.504,44.9366,-32.4325,32.4325
HPI,0,M1_Core,HuberRegressor,91.7456,34.2241,57.5215,57.5215
HPI,0,M1_Core,HuberRegressor,28.0216,43.9055,-15.8839,15.8839
HPI,0,M1_Core,HuberRegressor,6.3543,39.6325,-33.2782,33.2782
HPI,0,M1_Core,HuberRegressor,33.1334,36.4406,-3.3072,3.3072
HPI,0,M1_Core,HuberRegressor,8.5282,34.8681,-26.3399,26.3399
HPI,0,M1_Core,HuberRegressor,72.0293,36.3582,35.6711,35.6711
HPI,0,M1_Core,ExtraTrees,11.0966,20.2739,-9.1773,9.1773
HPI,0,M1_Core,ExtraTrees,12.504,61.5613,-49.0572,49.0572
HPI,0,M1_Core,ExtraTrees,91.7456,25.5965,66.1491,66.1491
HPI,0,M1_Core,ExtraTrees,28.0216,55.6319,-27.6103,27.6103
HPI,0,M1_Core,ExtraTrees,6.3543,35.7579,-29.4036,29.4036
HPI,0,M1_Core,ExtraTrees,33.1334,71.4998,-38.3663,38.3663
HPI,0,M1_Core,ExtraTrees,8.5282,35.9788,-27.4506,27.4506
HPI,0,M1_Core,ExtraTrees,72.0293,44.2754,27.7539,27.7539
HPI,0,M7_TargetSpecific_Selected,Ridge,11.0966,45.6778,-34.5812,34.5812
HPI,0,M7_TargetSpecific_Selected,Ridge,12.504,197.7891,-185.2851,185.2851
HPI,0,M7_TargetSpecific_Selected,Ridge,91.7456,49.4219,42.3237,42.3237
HPI,0,M7_TargetSpecific_Selected,Ridge,28.0216,50.7305,-22.7089,22.7089
HPI,0,M7_TargetSpecific_Selected,Ridge,6.3543,44.1896,-37.8354,37.8354
HPI,0,M7_TargetSpecific_Selected,Ridge,33.1334,61.6596,-28.5262,28.5262
HPI,0,M7_TargetSpecific_Selected,Ridge,8.5282,56.7257,-48.1975,48.1975
HPI,0,M7_TargetSpecific_Selected,Ridge,72.0293,37.103,34.9263,34.9263
HPI,0,M7_TargetSpecific_Selected,HuberRegressor,11.0966,41.3887,-30.2922,30.2922
HPI,0,M7_TargetSpecific_Selected,HuberRegressor,12.504,227.9324,-215.4283,215.4283
HPI,0,M7_TargetSpecific_Selected,HuberRegressor,91.7456,51.2639,40.4817,40.4817
HPI,0,M7_TargetSpecific_Selected,HuberRegressor,28.0216,49.1174,-21.0957,21.0957
HPI,0,M7_TargetSpecific_Selected,HuberRegressor,6.3543,46.338,-39.9837,39.9837
HPI,0,M7_TargetSpecific_Selected,HuberRegressor,33.1334,69.6842,-36.5508,36.5508
HPI,0,M7_TargetSpecific_Selected,HuberRegressor,8.5282,55.5417,-47.0135,47.0135
HPI,0,M7_TargetSpecific_Selected,HuberRegressor,72.0293,35.3702,36.6591,36.6591
HPI,0,M7_TargetSpecific_Selected,ExtraTrees,11.0966,22.0103,-10.9138,10.9138
HPI,0,M7_TargetSpecific_Selected,ExtraTrees,12.504,59.2287,-46.7246,46.7246
HPI,0,M7_TargetSpecific_Selected,ExtraTrees,91.7456,24.9144,66.8312,66.8312
HPI,0,M7_TargetSpecific_Selected,ExtraTrees,28.0216,53.6027,-25.581,25.581
HPI,0,M7_TargetSpecific_Selected,ExtraTrees,6.3543,37.5755,-31.2213,31.2213
HPI,0,M7_TargetSpecific_Selected,ExtraTrees,33.1334,71.3757,-38.2423,38.2423
HPI,0,M7_TargetSpecific_Selected,ExtraTrees,8.5282,37.64,-29.1118,29.1118
HPI,0,M7_TargetSpecific_Selected,ExtraTrees,72.0293,46.4128,25.6165,25.6165
HPI,1,M1_Core,Ridge,12.0574,12.0137,0.0438,0.0438
HPI,1,M1_Core,Ridge,26.6129,30.2002,-3.5873,3.5873
HPI,1,M1_Core,Ridge,275.9348,27.3023,248.6325,248.6325
HPI,1,M1_Core,Ridge,15.0813,33.7467,-18.6653,18.6653
HPI,1,M1_Core,Ridge,14.9659,22.2255,-7.2596,7.2596
HPI,1,M1_Core,Ridge,39.5137,111.0849,-71.5712,71.5712
HPI,1,M1_Core,Ridge,100.9053,30.625,70.2803,70.2803
HPI,1,M1_Core,Ridge,319.3336,26.6293,292.7043,292.7043
HPI,1,M1_Core,HuberRegressor,12.0574,10.5026,1.5548,1.5548
HPI,1,M1_Core,HuberRegressor,26.6129,29.3609,-2.748,2.748
HPI,1,M1_Core,HuberRegressor,275.9348,26.1862,249.7486,249.7486
HPI,1,M1_Core,HuberRegressor,15.0813,34.5219,-19.4406,19.4406
HPI,1,M1_Core,HuberRegressor,14.9659,21.2846,-6.3188,6.3188
HPI,1,M1_Core,HuberRegressor,39.5137,119.0785,-79.5648,79.5648
HPI,1,M1_Core,HuberRegressor,100.9053,29.6877,71.2176,71.2176
HPI,1,M1_Core,HuberRegressor,319.3336,25.1547,294.1789,294.1789
HPI,1,M1_Core,ExtraTrees,12.0574,22.865,-10.8076,10.8076
HPI,1,M1_Core,ExtraTrees,26.6129,31.7577,-5.1448,5.1448
HPI,1,M1_Core,ExtraTrees,275.9348,28.4964,247.4383,247.4383
HPI,1,M1_Core,ExtraTrees,15.0813,26.4383,-11.3569,11.3569
HPI,1,M1_Core,ExtraTrees,14.9659,20.6284,-5.6625,5.6625
HPI,1,M1_Core,ExtraTrees,39.5137,65.4461,-25.9324,25.9324
HPI,1,M1_Core,ExtraTrees,100.9053,41.1221,59.7832,59.7832
HPI,1,M1_Core,ExtraTrees,319.3336,21.4077,297.9259,297.9259
HPI,1,M7_TargetSpecific_Selected,Ridge,12.0574,1.7183,10.3391,10.3391
HPI,1,M7_TargetSpecific_Selected,Ridge,26.6129,34.2163,-7.6034,7.6034
HPI,1,M7_TargetSpecific_Selected,Ridge,275.9348,26.4474,249.4874,249.4874
HPI,1,M7_TargetSpecific_Selected,Ridge,15.0813,33.1986,-18.1173,18.1173
HPI,1,M7_TargetSpecific_Selected,Ridge,14.9659,18.5589,-3.593,3.593
HPI,1,M7_TargetSpecific_Selected,Ridge,39.5137,103.2951,-63.7814,63.7814
HPI,1,M7_TargetSpecific_Selected,Ridge,100.9053,45.182,55.7233,55.7233
HPI,1,M7_TargetSpecific_Selected,Ridge,319.3336,25.7148,293.6188,293.6188
HPI,1,M7_TargetSpecific_Selected,HuberRegressor,12.0574,0.6248,11.4326,11.4326
HPI,1,M7_TargetSpecific_Selected,HuberRegressor,26.6129,30.7509,-4.138,4.138
HPI,1,M7_TargetSpecific_Selected,HuberRegressor,275.9348,23.0062,252.9286,252.9286
HPI,1,M7_TargetSpecific_Selected,HuberRegressor,15.0813,40.7555,-25.6742,25.6742
HPI,1,M7_TargetSpecific_Selected,HuberRegressor,14.9659,13.6263,1.3396,1.3396
HPI,1,M7_TargetSpecific_Selected,HuberRegressor,39.5137,101.4986,-61.9849,61.9849
HPI,1,M7_TargetSpecific_Selected,HuberRegressor,100.9053,44.2002,56.7051,56.7051
HPI,1,M7_TargetSpecific_Selected,HuberRegressor,319.3336,21.4444,297.8891,297.8891
HPI,1,M7_TargetSpecific_Selected,ExtraTrees,12.0574,20.6557,-8.5983,8.5983
HPI,1,M7_TargetSpecific_Selected,ExtraTrees,26.6129,33.0129,-6.4,6.4
HPI,1,M7_TargetSpecific_Selected,ExtraTrees,275.9348,30.1684,245.7663,245.7663
HPI,1,M7_TargetSpecific_Selected,ExtraTrees,15.0813,23.449,-8.3677,8.3677
HPI,1,M7_TargetSpecific_Selected,ExtraTrees,14.9659,18.9815,-4.0157,4.0157
HPI,1,M7_TargetSpecific_Selected,ExtraTrees,39.5137,63.8102,-24.2965,24.2965
HPI,1,M7_TargetSpecific_Selected,ExtraTrees,100.9053,53.4268,47.4785,47.4785
HPI,1,M7_TargetSpecific_Selected,ExtraTrees,319.3336,28.8513,290.4823,290.4823
HPI,2,M1_Core,Ridge,18.2899,3.8368,14.4531,14.4531
HPI,2,M1_Core,Ridge,56.3743,49.0165,7.3578,7.3578
HPI,2,M1_Core,Ridge,11.7579,0.3132,11.4448,11.4448
HPI,2,M1_Core,Ridge,45.0784,3.3631,41.7153,41.7153
HPI,2,M1_Core,Ridge,14.1431,55.5481,-41.405,41.405
HPI,2,M1_Core,Ridge,22.8432,28.7461,-5.9029,5.9029
HPI,2,M1_Core,Ridge,58.5864,16.6186,41.9678,41.9678
HPI,2,M1_Core,Ridge,103.6345,37.711,65.9235,65.9235
HPI,2,M1_Core,HuberRegressor,18.2899,4.0144,14.2755,14.2755
HPI,2,M1_Core,HuberRegressor,56.3743,47.5055,8.8688,8.8688
HPI,2,M1_Core,HuberRegressor,11.7579,0.1099,11.6481,11.6481
HPI,2,M1_Core,HuberRegressor,45.0784,3.1512,41.9272,41.9272
HPI,2,M1_Core,HuberRegressor,14.1431,51.7591,-37.616,37.616
HPI,2,M1_Core,HuberRegressor,22.8432,26.6711,-3.828,3.828
HPI,2,M1_Core,HuberRegressor,58.5864,24.4243,34.1621,34.1621
HPI,2,M1_Core,HuberRegressor,103.6345,38.3687,65.2659,65.2659
HPI,2,M1_Core,ExtraTrees,18.2899,14.2155,4.0744,4.0744
HPI,2,M1_Core,ExtraTrees,56.3743,52.4018,3.9725,3.9725
HPI,2,M1_Core,ExtraTrees,11.7579,16.6835,-4.9256,4.9256
HPI,2,M1_Core,ExtraTrees,45.0784,19.0456,26.0328,26.0328
HPI,2,M1_Core,ExtraTrees,14.1431,70.4468,-56.3037,56.3037
HPI,2,M1_Core,ExtraTrees,22.8432,22.2484,0.5948,0.5948
HPI,2,M1_Core,ExtraTrees,58.5864,32.7543,25.8321,25.8321
HPI,2,M1_Core,ExtraTrees,103.6345,38.6647,64.9699,64.9699
HPI,2,M7_TargetSpecific_Selected,Ridge,18.2899,3.6283,14.6616,14.6616
HPI,2,M7_TargetSpecific_Selected,Ridge,56.3743,49.9444,6.4299,6.4299
HPI,2,M7_TargetSpecific_Selected,Ridge,11.7579,0.865,10.8929,10.8929
HPI,2,M7_TargetSpecific_Selected,Ridge,45.0784,3.9733,41.1051,41.1051
HPI,2,M7_TargetSpecific_Selected,Ridge,14.1431,58.308,-44.1649,44.1649
HPI,2,M7_TargetSpecific_Selected,Ridge,22.8432,28.5169,-5.6738,5.6738
HPI,2,M7_TargetSpecific_Selected,Ridge,58.5864,18.9371,39.6492,39.6492
HPI,2,M7_TargetSpecific_Selected,Ridge,103.6345,41.4146,62.2199,62.2199
HPI,2,M7_TargetSpecific_Selected,HuberRegressor,18.2899,5.3841,12.9058,12.9058
HPI,2,M7_TargetSpecific_Selected,HuberRegressor,56.3743,48.8131,7.5611,7.5611
HPI,2,M7_TargetSpecific_Selected,HuberRegressor,11.7579,0.8844,10.8735,10.8735
HPI,2,M7_TargetSpecific_Selected,HuberRegressor,45.0784,4.2632,40.8152,40.8152
HPI,2,M7_TargetSpecific_Selected,HuberRegressor,14.1431,52.5341,-38.391,38.391
HPI,2,M7_TargetSpecific_Selected,HuberRegressor,22.8432,25.2161,-2.3729,2.3729
HPI,2,M7_TargetSpecific_Selected,HuberRegressor,58.5864,21.6515,36.9348,36.9348
HPI,2,M7_TargetSpecific_Selected,HuberRegressor,103.6345,42.3879,61.2466,61.2466
HPI,2,M7_TargetSpecific_Selected,ExtraTrees,18.2899,14.268,4.0219,4.0219
HPI,2,M7_TargetSpecific_Selected,ExtraTrees,56.3743,56.9342,-0.5599,0.5599
HPI,2,M7_TargetSpecific_Selected,ExtraTrees,11.7579,24.898,-13.14,13.14
HPI,2,M7_TargetSpecific_Selected,ExtraTrees,45.0784,20.0698,25.0086,25.0086
HPI,2,M7_TargetSpecific_Selected,ExtraTrees,14.1431,72.4318,-58.2887,58.2887
HPI,2,M7_TargetSpecific_Selected,ExtraTrees,22.8432,16.1531,6.6901,6.6901
HPI,2,M7_TargetSpecific_Selected,ExtraTrees,58.5864,36.4847,22.1017,22.1017
HPI,2,M7_TargetSpecific_Selected,ExtraTrees,103.6345,53.0355,50.5991,50.5991
HPI,3,M1_Core,Ridge,19.9861,35.5016,-15.5155,15.5155
HPI,3,M1_Core,Ridge,15.0462,37.214,-22.1678,22.1678
HPI,3,M1_Core,Ridge,22.759,48.4537,-25.6947,25.6947
HPI,3,M1_Core,Ridge,9.3963,25.6421,-16.2458,16.2458
HPI,3,M1_Core,Ridge,59.301,106.4342,-47.1332,47.1332
HPI,3,M1_Core,Ridge,29.2163,71.2097,-41.9934,41.9934
HPI,3,M1_Core,Ridge,43.0009,42.6148,0.3861,0.3861
HPI,3,M1_Core,Ridge,32.2413,32.4942,-0.2529,0.2529
HPI,3,M1_Core,HuberRegressor,19.9861,35.3354,-15.3493,15.3493
HPI,3,M1_Core,HuberRegressor,15.0462,27.2835,-12.2373,12.2373
HPI,3,M1_Core,HuberRegressor,22.759,64.0574,-41.2984,41.2984
HPI,3,M1_Core,HuberRegressor,9.3963,25.6533,-16.2571,16.2571
HPI,3,M1_Core,HuberRegressor,59.301,137.5626,-78.2616,78.2616
HPI,3,M1_Core,HuberRegressor,29.2163,77.7638,-48.5475,48.5475
HPI,3,M1_Core,HuberRegressor,43.0009,60.3058,-17.3049,17.3049
HPI,3,M1_Core,HuberRegressor,32.2413,35.2371,-2.9958,2.9958
HPI,3,M1_Core,ExtraTrees,19.9861,24.3051,-4.319,4.319
HPI,3,M1_Core,ExtraTrees,15.0462,25.1483,-10.1021,10.1021
HPI,3,M1_Core,ExtraTrees,22.759,71.6505,-48.8915,48.8915
HPI,3,M1_Core,ExtraTrees,9.3963,37.5832,-28.1869,28.1869
HPI,3,M1_Core,ExtraTrees,59.301,61.6178,-2.3168,2.3168
HPI,3,M1_Core,ExtraTrees,29.2163,48.09,-18.8737,18.8737
HPI,3,M1_Core,ExtraTrees,43.0009,49.9066,-6.9057,6.9057
HPI,3,M1_Core,ExtraTrees,32.2413,33.4502,-1.2089,1.2089
HPI,3,M7_TargetSpecific_Selected,Ridge,19.9861,37.1384,-17.1523,17.1523
HPI,3,M7_TargetSpecific_Selected,Ridge,15.0462,28.64,-13.5938,13.5938
HPI,3,M7_TargetSpecific_Selected,Ridge,22.759,43.1491,-20.3901,20.3901
HPI,3,M7_TargetSpecific_Selected,Ridge,9.3963,24.846,-15.4497,15.4497
HPI,3,M7_TargetSpecific_Selected,Ridge,59.301,108.5568,-49.2558,49.2558
HPI,3,M7_TargetSpecific_Selected,Ridge,29.2163,66.5665,-37.3502,37.3502
HPI,3,M7_TargetSpecific_Selected,Ridge,43.0009,43.8252,-0.8243,0.8243
HPI,3,M7_TargetSpecific_Selected,Ridge,32.2413,32.2122,0.0291,0.0291
HPI,3,M7_TargetSpecific_Selected,HuberRegressor,19.9861,38.9177,-18.9316,18.9316
HPI,3,M7_TargetSpecific_Selected,HuberRegressor,15.0462,13.0251,2.0211,2.0211
HPI,3,M7_TargetSpecific_Selected,HuberRegressor,22.759,42.8971,-20.1381,20.1381
HPI,3,M7_TargetSpecific_Selected,HuberRegressor,9.3963,32.1404,-22.7442,22.7442
HPI,3,M7_TargetSpecific_Selected,HuberRegressor,59.301,108.2584,-48.9574,48.9574
HPI,3,M7_TargetSpecific_Selected,HuberRegressor,29.2163,52.0146,-22.7983,22.7983
HPI,3,M7_TargetSpecific_Selected,HuberRegressor,43.0009,44.3011,-1.3003,1.3003
HPI,3,M7_TargetSpecific_Selected,HuberRegressor,32.2413,29.8758,2.3654,2.3654
HPI,3,M7_TargetSpecific_Selected,ExtraTrees,19.9861,29.5553,-9.5692,9.5692
HPI,3,M7_TargetSpecific_Selected,ExtraTrees,15.0462,43.5664,-28.5202,28.5202
HPI,3,M7_TargetSpecific_Selected,ExtraTrees,22.759,76.8278,-54.0688,54.0688
HPI,3,M7_TargetSpecific_Selected,ExtraTrees,9.3963,31.6313,-22.235,22.235
HPI,3,M7_TargetSpecific_Selected,ExtraTrees,59.301,75.9425,-16.6415,16.6415
HPI,3,M7_TargetSpecific_Selected,ExtraTrees,29.2163,79.3286,-50.1123,50.1123
HPI,3,M7_TargetSpecific_Selected,ExtraTrees,43.0009,55.5627,-12.5618,12.5618
HPI,3,M7_TargetSpecific_Selected,ExtraTrees,32.2413,44.6491,-12.4079,12.4079
HPI,4,M1_Core,Ridge,44.308,39.7001,4.6079,4.6079
HPI,4,M1_Core,Ridge,78.8602,37.7484,41.1117,41.1117
HPI,4,M1_Core,Ridge,97.9351,34.2842,63.6508,63.6508
HPI,4,M1_Core,Ridge,23.9196,40.1204,-16.2008,16.2008
HPI,4,M1_Core,Ridge,31.8405,35.4226,-3.5821,3.5821
HPI,4,M1_Core,Ridge,70.9719,29.73,41.2419,41.2419
HPI,4,M1_Core,Ridge,120.4972,59.0025,61.4946,61.4946
HPI,4,M1_Core,Ridge,244.561,51.1377,193.4233,193.4233
HPI,4,M1_Core,HuberRegressor,44.308,29.1415,15.1665,15.1665
HPI,4,M1_Core,HuberRegressor,78.8602,29.7329,49.1273,49.1273
HPI,4,M1_Core,HuberRegressor,97.9351,26.5904,71.3447,71.3447
HPI,4,M1_Core,HuberRegressor,23.9196,29.2677,-5.3481,5.3481
HPI,4,M1_Core,HuberRegressor,31.8405,27.1637,4.6767,4.6767
HPI,4,M1_Core,HuberRegressor,70.9719,22.3809,48.591,48.591
HPI,4,M1_Core,HuberRegressor,120.4972,43.7704,76.7268,76.7268
HPI,4,M1_Core,HuberRegressor,244.561,44.2254,200.3356,200.3356
HPI,4,M1_Core,ExtraTrees,44.308,37.6331,6.675,6.675
HPI,4,M1_Core,ExtraTrees,78.8602,40.6886,38.1715,38.1715
HPI,4,M1_Core,ExtraTrees,97.9351,34.6548,63.2803,63.2803
HPI,4,M1_Core,ExtraTrees,23.9196,50.427,-26.5075,26.5075
HPI,4,M1_Core,ExtraTrees,31.8405,46.7057,-14.8653,14.8653
HPI,4,M1_Core,ExtraTrees,70.9719,34.3001,36.6718,36.6718
HPI,4,M1_Core,ExtraTrees,120.4972,55.6775,64.8196,64.8196
HPI,4,M1_Core,ExtraTrees,244.561,27.6318,216.9292,216.9292
HPI,4,M7_TargetSpecific_Selected,Ridge,44.308,40.931,3.3771,3.3771
HPI,4,M7_TargetSpecific_Selected,Ridge,78.8602,16.7223,62.1379,62.1379
HPI,4,M7_TargetSpecific_Selected,Ridge,97.9351,28.6307,69.3043,69.3043
HPI,4,M7_TargetSpecific_Selected,Ridge,23.9196,57.1908,-33.2712,33.2712
HPI,4,M7_TargetSpecific_Selected,Ridge,31.8405,48.6755,-16.835,16.835
HPI,4,M7_TargetSpecific_Selected,Ridge,70.9719,33.8889,37.083,37.083
HPI,4,M7_TargetSpecific_Selected,Ridge,120.4972,49.2989,71.1983,71.1983
HPI,4,M7_TargetSpecific_Selected,Ridge,244.561,60.1072,184.4538,184.4538
HPI,4,M7_TargetSpecific_Selected,HuberRegressor,44.308,33.8558,10.4522,10.4522
HPI,4,M7_TargetSpecific_Selected,HuberRegressor,78.8602,14.5117,64.3485,64.3485
HPI,4,M7_TargetSpecific_Selected,HuberRegressor,97.9351,23.9702,73.9649,73.9649
HPI,4,M7_TargetSpecific_Selected,HuberRegressor,23.9196,49.4041,-25.4846,25.4846
HPI,4,M7_TargetSpecific_Selected,HuberRegressor,31.8405,44.6722,-12.8318,12.8318
HPI,4,M7_TargetSpecific_Selected,HuberRegressor,70.9719,33.812,37.1599,37.1599
HPI,4,M7_TargetSpecific_Selected,HuberRegressor,120.4972,48.5629,71.9342,71.9342
HPI,4,M7_TargetSpecific_Selected,HuberRegressor,244.561,52.9111,191.6499,191.6499
HPI,4,M7_TargetSpecific_Selected,ExtraTrees,44.308,44.6666,-0.3586,0.3586
HPI,4,M7_TargetSpecific_Selected,ExtraTrees,78.8602,17.2586,61.6015,61.6015
HPI,4,M7_TargetSpecific_Selected,ExtraTrees,97.9351,27.7712,70.1639,70.1639
HPI,4,M7_TargetSpecific_Selected,ExtraTrees,23.9196,74.8909,-50.9713,50.9713
HPI,4,M7_TargetSpecific_Selected,ExtraTrees,31.8405,68.4631,-36.6226,36.6226
HPI,4,M7_TargetSpecific_Selected,ExtraTrees,70.9719,19.7721,51.1998,51.1998
HPI,4,M7_TargetSpecific_Selected,ExtraTrees,120.4972,47.1209,73.3763,73.3763
HPI,4,M7_TargetSpecific_Selected,ExtraTrees,244.561,40.9888,203.5722,203.5722
HPI,5,M1_Core,Ridge,18.2899,15.3075,2.9825,2.9825
HPI,5,M1_Core,Ridge,11.0966,33.8351,-22.7385,22.7385
HPI,5,M1_Core,Ridge,78.8602,43.3425,35.5176,35.5176
HPI,5,M1_Core,Ridge,23.9196,45.1706,-21.251,21.251
HPI,5,M1_Core,Ridge,70.9719,28.4996,42.4724,42.4724
HPI,5,M1_Core,Ridge,33.1334,68.697,-35.5636,35.5636
HPI,5,M1_Core,Ridge,29.2163,68.9369,-39.7206,39.7206
HPI,5,M1_Core,Ridge,103.6345,31.2128,72.4217,72.4217
HPI,5,M1_Core,HuberRegressor,18.2899,19.8444,-1.5545,1.5545
HPI,5,M1_Core,HuberRegressor,11.0966,25.6462,-14.5496,14.5496
HPI,5,M1_Core,HuberRegressor,78.8602,41.2191,37.6411,37.6411
HPI,5,M1_Core,HuberRegressor,23.9196,40.0787,-16.1591,16.1591
HPI,5,M1_Core,HuberRegressor,70.9719,25.2749,45.697,45.697
HPI,5,M1_Core,HuberRegressor,33.1334,37.5098,-4.3764,4.3764
HPI,5,M1_Core,HuberRegressor,29.2163,58.183,-28.9667,28.9667
HPI,5,M1_Core,HuberRegressor,103.6345,30.5423,73.0923,73.0923
HPI,5,M1_Core,ExtraTrees,18.2899,20.0295,-1.7396,1.7396
HPI,5,M1_Core,ExtraTrees,11.0966,22.1766,-11.08,11.08
HPI,5,M1_Core,ExtraTrees,78.8602,46.3746,32.4855,32.4855
HPI,5,M1_Core,ExtraTrees,23.9196,52.7914,-28.8718,28.8718
HPI,5,M1_Core,ExtraTrees,70.9719,24.1312,46.8408,46.8408
HPI,5,M1_Core,ExtraTrees,33.1334,83.9786,-50.8452,50.8452
HPI,5,M1_Core,ExtraTrees,29.2163,43.8267,-14.6104,14.6104
HPI,5,M1_Core,ExtraTrees,103.6345,37.1257,66.5088,66.5088
HPI,5,M7_TargetSpecific_Selected,Ridge,18.2899,9.6465,8.6434,8.6434
HPI,5,M7_TargetSpecific_Selected,Ridge,11.0966,48.0354,-36.9388,36.9388
HPI,5,M7_TargetSpecific_Selected,Ridge,78.8602,19.8255,59.0347,59.0347
HPI,5,M7_TargetSpecific_Selected,Ridge,23.9196,62.3784,-38.4589,38.4589
HPI,5,M7_TargetSpecific_Selected,Ridge,70.9719,31.1785,39.7934,39.7934
HPI,5,M7_TargetSpecific_Selected,Ridge,33.1334,103.9866,-70.8532,70.8532
HPI,5,M7_TargetSpecific_Selected,Ridge,29.2163,72.267,-43.0507,43.0507
HPI,5,M7_TargetSpecific_Selected,Ridge,103.6345,43.9276,59.7069,59.7069
HPI,5,M7_TargetSpecific_Selected,HuberRegressor,18.2899,14.8428,3.4471,3.4471
HPI,5,M7_TargetSpecific_Selected,HuberRegressor,11.0966,36.4553,-25.3587,25.3587
HPI,5,M7_TargetSpecific_Selected,HuberRegressor,78.8602,18.9272,59.9329,59.9329
HPI,5,M7_TargetSpecific_Selected,HuberRegressor,23.9196,55.2428,-31.3232,31.3232
HPI,5,M7_TargetSpecific_Selected,HuberRegressor,70.9719,30.4062,40.5657,40.5657
HPI,5,M7_TargetSpecific_Selected,HuberRegressor,33.1334,106.3911,-73.2576,73.2576
HPI,5,M7_TargetSpecific_Selected,HuberRegressor,29.2163,68.4163,-39.2,39.2
HPI,5,M7_TargetSpecific_Selected,HuberRegressor,103.6345,42.593,61.0415,61.0415
HPI,5,M7_TargetSpecific_Selected,ExtraTrees,18.2899,14.7921,3.4978,3.4978
HPI,5,M7_TargetSpecific_Selected,ExtraTrees,11.0966,32.0845,-20.9879,20.9879
HPI,5,M7_TargetSpecific_Selected,ExtraTrees,78.8602,23.4537,55.4065,55.4065
HPI,5,M7_TargetSpecific_Selected,ExtraTrees,23.9196,50.2267,-26.3071,26.3071
HPI,5,M7_TargetSpecific_Selected,ExtraTrees,70.9719,17.446,53.5259,53.5259
HPI,5,M7_TargetSpecific_Selected,ExtraTrees,33.1334,54.6837,-21.5503,21.5503
HPI,5,M7_TargetSpecific_Selected,ExtraTrees,29.2163,75.081,-45.8647,45.8647
HPI,5,M7_TargetSpecific_Selected,ExtraTrees,103.6345,41.5279,62.1067,62.1067
HPI,6,M1_Core,Ridge,11.7579,6.3638,5.3941,5.3941
HPI,6,M1_Core,Ridge,275.9348,39.2639,236.6709,236.6709
HPI,6,M1_Core,Ridge,12.504,31.8801,-19.376,19.376
HPI,6,M1_Core,Ridge,91.7456,37.287,54.4586,54.4586
HPI,6,M1_Core,Ridge,22.759,47.5807,-24.8216,24.8216
HPI,6,M1_Core,Ridge,9.3963,24.0249,-14.6286,14.6286
HPI,6,M1_Core,Ridge,59.301,115.8451,-56.5441,56.5441
HPI,6,M1_Core,Ridge,39.5137,124.643,-85.1293,85.1293
HPI,6,M1_Core,HuberRegressor,11.7579,3.3518,8.4061,8.4061
HPI,6,M1_Core,HuberRegressor,275.9348,35.8779,240.0569,240.0569
HPI,6,M1_Core,HuberRegressor,12.504,28.0877,-15.5836,15.5836
HPI,6,M1_Core,HuberRegressor,91.7456,36.0012,55.7444,55.7444
HPI,6,M1_Core,HuberRegressor,22.759,49.1863,-26.4272,26.4272
HPI,6,M1_Core,HuberRegressor,9.3963,23.0774,-13.6811,13.6811
HPI,6,M1_Core,HuberRegressor,59.301,140.1627,-80.8618,80.8618
HPI,6,M1_Core,HuberRegressor,39.5137,167.9375,-128.4238,128.4238
HPI,6,M1_Core,ExtraTrees,11.7579,32.8338,-21.0759,21.0759
HPI,6,M1_Core,ExtraTrees,275.9348,45.8993,230.0355,230.0355
HPI,6,M1_Core,ExtraTrees,12.504,39.6377,-27.1337,27.1337
HPI,6,M1_Core,ExtraTrees,91.7456,21.5605,70.1851,70.1851
HPI,6,M1_Core,ExtraTrees,22.759,45.0209,-22.2619,22.2619
HPI,6,M1_Core,ExtraTrees,9.3963,39.9452,-30.549,30.549
HPI,6,M1_Core,ExtraTrees,59.301,76.4039,-17.1029,17.1029
HPI,6,M1_Core,ExtraTrees,39.5137,75.6837,-36.17,36.17
HPI,6,M7_TargetSpecific_Selected,Ridge,11.7579,10.0369,1.721,1.721
HPI,6,M7_TargetSpecific_Selected,Ridge,275.9348,38.5084,237.4263,237.4263
HPI,6,M7_TargetSpecific_Selected,Ridge,12.504,25.6742,-13.1701,13.1701
HPI,6,M7_TargetSpecific_Selected,Ridge,91.7456,38.5983,53.1473,53.1473
HPI,6,M7_TargetSpecific_Selected,Ridge,22.759,42.4165,-19.6575,19.6575
HPI,6,M7_TargetSpecific_Selected,Ridge,9.3963,23.4845,-14.0883,14.0883
HPI,6,M7_TargetSpecific_Selected,Ridge,59.301,130.1669,-70.8659,70.8659
HPI,6,M7_TargetSpecific_Selected,Ridge,39.5137,116.8837,-77.37,77.37
HPI,6,M7_TargetSpecific_Selected,HuberRegressor,11.7579,4.7422,7.0157,7.0157
HPI,6,M7_TargetSpecific_Selected,HuberRegressor,275.9348,36.3114,239.6233,239.6233
HPI,6,M7_TargetSpecific_Selected,HuberRegressor,12.504,14.6344,-2.1303,2.1303
HPI,6,M7_TargetSpecific_Selected,HuberRegressor,91.7456,30.6003,61.1454,61.1454
HPI,6,M7_TargetSpecific_Selected,HuberRegressor,22.759,40.6822,-17.9232,17.9232
HPI,6,M7_TargetSpecific_Selected,HuberRegressor,9.3963,17.5902,-8.194,8.194
HPI,6,M7_TargetSpecific_Selected,HuberRegressor,59.301,594.2615,-534.9605,534.9605
HPI,6,M7_TargetSpecific_Selected,HuberRegressor,39.5137,669.0979,-629.5842,629.5842
HPI,6,M7_TargetSpecific_Selected,ExtraTrees,11.7579,32.8112,-21.0532,21.0532
HPI,6,M7_TargetSpecific_Selected,ExtraTrees,275.9348,40.4114,235.5233,235.5233
HPI,6,M7_TargetSpecific_Selected,ExtraTrees,12.504,33.9903,-21.4863,21.4863
HPI,6,M7_TargetSpecific_Selected,ExtraTrees,91.7456,18.6987,73.0469,73.0469
HPI,6,M7_TargetSpecific_Selected,ExtraTrees,22.759,27.5963,-4.8373,4.8373
HPI,6,M7_TargetSpecific_Selected,ExtraTrees,9.3963,33.6584,-24.2621,24.2621
HPI,6,M7_TargetSpecific_Selected,ExtraTrees,59.301,98.512,-39.211,39.211
HPI,6,M7_TargetSpecific_Selected,ExtraTrees,39.5137,97.0346,-57.5209,57.5209
HPI,7,M1_Core,Ridge,19.9861,31.0737,-11.0875,11.0875
HPI,7,M1_Core,Ridge,28.0216,38.0997,-10.0781,10.0781
HPI,7,M1_Core,Ridge,120.4972,69.3359,51.1612,51.1612
HPI,7,M1_Core,Ridge,58.5864,10.9855,47.6009,47.6009
HPI,7,M1_Core,Ridge,100.9053,36.7568,64.1485,64.1485
HPI,7,M1_Core,Ridge,43.0009,24.4656,18.5353,18.5353
HPI,7,M1_Core,Ridge,32.2413,16.8058,15.4355,15.4355
HPI,7,M1_Core,Ridge,72.0293,25.0549,46.9744,46.9744
HPI,7,M1_Core,HuberRegressor,19.9861,29.4346,-9.4485,9.4485
HPI,7,M1_Core,HuberRegressor,28.0216,34.0765,-6.0549,6.0549
HPI,7,M1_Core,HuberRegressor,120.4972,54.9498,65.5473,65.5473
HPI,7,M1_Core,HuberRegressor,58.5864,16.2011,42.3853,42.3853
HPI,7,M1_Core,HuberRegressor,100.9053,33.2952,67.6101,67.6101
HPI,7,M1_Core,HuberRegressor,43.0009,26.2985,16.7024,16.7024
HPI,7,M1_Core,HuberRegressor,32.2413,19.2816,12.9597,12.9597
HPI,7,M1_Core,HuberRegressor,72.0293,26.886,45.1433,45.1433
HPI,7,M1_Core,ExtraTrees,19.9861,26.9188,-6.9327,6.9327
HPI,7,M1_Core,ExtraTrees,28.0216,50.1878,-22.1661,22.1661
HPI,7,M1_Core,ExtraTrees,120.4972,75.5221,44.9751,44.9751
HPI,7,M1_Core,ExtraTrees,58.5864,23.1984,35.388,35.388
HPI,7,M1_Core,ExtraTrees,100.9053,49.0294,51.8759,51.8759
HPI,7,M1_Core,ExtraTrees,43.0009,22.5095,20.4914,20.4914
HPI,7,M1_Core,ExtraTrees,32.2413,20.6555,11.5858,11.5858
HPI,7,M1_Core,ExtraTrees,72.0293,21.4017,50.6276,50.6276
HPI,7,M7_TargetSpecific_Selected,Ridge,19.9861,33.0953,-13.1092,13.1092
HPI,7,M7_TargetSpecific_Selected,Ridge,28.0216,43.7317,-15.7101,15.7101
HPI,7,M7_TargetSpecific_Selected,Ridge,120.4972,68.1519,52.3453,52.3453
HPI,7,M7_TargetSpecific_Selected,Ridge,58.5864,12.7142,45.8722,45.8722
HPI,7,M7_TargetSpecific_Selected,Ridge,100.9053,47.3149,53.5904,53.5904
HPI,7,M7_TargetSpecific_Selected,Ridge,43.0009,30.2878,12.7131,12.7131
HPI,7,M7_TargetSpecific_Selected,Ridge,32.2413,18.3096,13.9316,13.9316
HPI,7,M7_TargetSpecific_Selected,Ridge,72.0293,29.3154,42.7139,42.7139
HPI,7,M7_TargetSpecific_Selected,HuberRegressor,19.9861,32.1892,-12.2031,12.2031
HPI,7,M7_TargetSpecific_Selected,HuberRegressor,28.0216,41.1283,-13.1067,13.1067
HPI,7,M7_TargetSpecific_Selected,HuberRegressor,120.4972,59.9695,60.5276,60.5276
HPI,7,M7_TargetSpecific_Selected,HuberRegressor,58.5864,12.4745,46.1118,46.1118
HPI,7,M7_TargetSpecific_Selected,HuberRegressor,100.9053,43.6944,57.2109,57.2109
HPI,7,M7_TargetSpecific_Selected,HuberRegressor,43.0009,28.5748,14.4261,14.4261
HPI,7,M7_TargetSpecific_Selected,HuberRegressor,32.2413,17.9543,14.2869,14.2869
HPI,7,M7_TargetSpecific_Selected,HuberRegressor,72.0293,28.0017,44.0276,44.0276
HPI,7,M7_TargetSpecific_Selected,ExtraTrees,19.9861,27.6427,-7.6566,7.6566
HPI,7,M7_TargetSpecific_Selected,ExtraTrees,28.0216,51.7338,-23.7122,23.7122
HPI,7,M7_TargetSpecific_Selected,ExtraTrees,120.4972,54.5843,65.9129,65.9129
HPI,7,M7_TargetSpecific_Selected,ExtraTrees,58.5864,31.2725,27.3139,27.3139
HPI,7,M7_TargetSpecific_Selected,ExtraTrees,100.9053,59.3443,41.561,41.561
HPI,7,M7_TargetSpecific_Selected,ExtraTrees,43.0009,38.6096,4.3913,4.3913
HPI,7,M7_TargetSpecific_Selected,ExtraTrees,32.2413,30.6915,1.5497,1.5497
HPI,7,M7_TargetSpecific_Selected,ExtraTrees,72.0293,31.4324,40.5969,40.5969
HPI,8,M1_Core,Ridge,56.3743,45.2813,11.093,11.093
HPI,8,M1_Core,Ridge,12.0574,29.0007,-16.9432,16.9432
HPI,8,M1_Core,Ridge,44.308,51.3565,-7.0485,7.0485
HPI,8,M1_Core,Ridge,45.0784,14.5235,30.5549,30.5549
HPI,8,M1_Core,Ridge,97.9351,42.1906,55.7445,55.7445
HPI,8,M1_Core,Ridge,6.3543,44.7373,-38.383,38.383
HPI,8,M1_Core,Ridge,31.8405,47.7164,-15.876,15.876
HPI,8,M1_Core,Ridge,8.5282,37.1852,-28.657,28.657
HPI,8,M1_Core,HuberRegressor,56.3743,40.5035,15.8708,15.8708
HPI,8,M1_Core,HuberRegressor,12.0574,25.0553,-12.9978,12.9978
HPI,8,M1_Core,HuberRegressor,44.308,44.6035,-0.2955,0.2955
HPI,8,M1_Core,HuberRegressor,45.0784,14.824,30.2544,30.2544
HPI,8,M1_Core,HuberRegressor,97.9351,38.6803,59.2547,59.2547
HPI,8,M1_Core,HuberRegressor,6.3543,41.6704,-35.3161,35.3161
HPI,8,M1_Core,HuberRegressor,31.8405,42.5122,-10.6718,10.6718
HPI,8,M1_Core,HuberRegressor,8.5282,32.7969,-24.2687,24.2687
HPI,8,M1_Core,ExtraTrees,56.3743,35.9473,20.4269,20.4269
HPI,8,M1_Core,ExtraTrees,12.0574,26.7987,-14.7413,14.7413
HPI,8,M1_Core,ExtraTrees,44.308,53.2844,-8.9763,8.9763
HPI,8,M1_Core,ExtraTrees,45.0784,17.2914,27.7871,27.7871
HPI,8,M1_Core,ExtraTrees,97.9351,30.4022,67.5328,67.5328
HPI,8,M1_Core,ExtraTrees,6.3543,42.2791,-35.9249,35.9249
HPI,8,M1_Core,ExtraTrees,31.8405,55.6165,-23.7761,23.7761
HPI,8,M1_Core,ExtraTrees,8.5282,37.7213,-29.1931,29.1931
HPI,8,M7_TargetSpecific_Selected,Ridge,56.3743,51.7762,4.5981,4.5981
HPI,8,M7_TargetSpecific_Selected,Ridge,12.0574,3.454,8.6034,8.6034
HPI,8,M7_TargetSpecific_Selected,Ridge,44.308,53.3756,-9.0676,9.0676
HPI,8,M7_TargetSpecific_Selected,Ridge,45.0784,12.4096,32.6688,32.6688
HPI,8,M7_TargetSpecific_Selected,Ridge,97.9351,38.3459,59.5892,59.5892
HPI,8,M7_TargetSpecific_Selected,Ridge,6.3543,45.0573,-38.7031,38.7031
HPI,8,M7_TargetSpecific_Selected,Ridge,31.8405,62.955,-31.1145,31.1145
HPI,8,M7_TargetSpecific_Selected,Ridge,8.5282,33.8698,-25.3416,25.3416
HPI,8,M7_TargetSpecific_Selected,HuberRegressor,56.3743,46.6352,9.7391,9.7391
HPI,8,M7_TargetSpecific_Selected,HuberRegressor,12.0574,1.2443,10.8132,10.8132
HPI,8,M7_TargetSpecific_Selected,HuberRegressor,44.308,44.4114,-0.1034,0.1034
HPI,8,M7_TargetSpecific_Selected,HuberRegressor,45.0784,10.9446,34.1338,34.1338
HPI,8,M7_TargetSpecific_Selected,HuberRegressor,97.9351,32.4773,65.4577,65.4577
HPI,8,M7_TargetSpecific_Selected,HuberRegressor,6.3543,38.3905,-32.0362,32.0362
HPI,8,M7_TargetSpecific_Selected,HuberRegressor,31.8405,59.7895,-27.9491,27.9491
HPI,8,M7_TargetSpecific_Selected,HuberRegressor,8.5282,27.4232,-18.895,18.895
HPI,8,M7_TargetSpecific_Selected,ExtraTrees,56.3743,29.2723,27.102,27.102
HPI,8,M7_TargetSpecific_Selected,ExtraTrees,12.0574,20.2069,-8.1494,8.1494
HPI,8,M7_TargetSpecific_Selected,ExtraTrees,44.308,53.0548,-8.7468,8.7468
HPI,8,M7_TargetSpecific_Selected,ExtraTrees,45.0784,20.2528,24.8256,24.8256
HPI,8,M7_TargetSpecific_Selected,ExtraTrees,97.9351,28.3068,69.6283,69.6283
HPI,8,M7_TargetSpecific_Selected,ExtraTrees,6.3543,46.5041,-40.1498,40.1498
HPI,8,M7_TargetSpecific_Selected,ExtraTrees,31.8405,57.8209,-25.9804,25.9804
HPI,8,M7_TargetSpecific_Selected,ExtraTrees,8.5282,32.4105,-23.8823,23.8823
HPI,9,M1_Core,Ridge,15.0462,42.4153,-27.3691,27.3691
HPI,9,M1_Core,Ridge,26.6129,38.2061,-11.5932,11.5932
HPI,9,M1_Core,Ridge,15.0813,41.5505,-26.4691,26.4691
HPI,9,M1_Core,Ridge,14.1431,49.2552,-35.1122,35.1122
HPI,9,M1_Core,Ridge,22.8432,24.4057,-1.5626,1.5626
HPI,9,M1_Core,Ridge,14.9659,23.5638,-8.5979,8.5979
HPI,9,M1_Core,Ridge,244.561,54.4639,190.0971,190.0971
HPI,9,M1_Core,Ridge,319.3336,35.2274,284.1062,284.1062
HPI,9,M1_Core,HuberRegressor,15.0462,41.4403,-26.3941,26.3941
HPI,9,M1_Core,HuberRegressor,26.6129,36.3642,-9.7513,9.7513
HPI,9,M1_Core,HuberRegressor,15.0813,46.2909,-31.2095,31.2095
HPI,9,M1_Core,HuberRegressor,14.1431,47.5172,-33.3742,33.3742
HPI,9,M1_Core,HuberRegressor,22.8432,23.6914,-0.8482,0.8482
HPI,9,M1_Core,HuberRegressor,14.9659,27.317,-12.3512,12.3512
HPI,9,M1_Core,HuberRegressor,244.561,52.0498,192.5112,192.5112
HPI,9,M1_Core,HuberRegressor,319.3336,30.8218,288.5118,288.5118
HPI,9,M1_Core,ExtraTrees,15.0462,16.8701,-1.8239,1.8239
HPI,9,M1_Core,ExtraTrees,26.6129,19.2826,7.3302,7.3302
HPI,9,M1_Core,ExtraTrees,15.0813,19.6323,-4.551,4.551
HPI,9,M1_Core,ExtraTrees,14.1431,38.4226,-24.2795,24.2795
HPI,9,M1_Core,ExtraTrees,22.8432,24.6834,-1.8402,1.8402
HPI,9,M1_Core,ExtraTrees,14.9659,31.9174,-16.9515,16.9515
HPI,9,M1_Core,ExtraTrees,244.561,35.9747,208.5863,208.5863
HPI,9,M1_Core,ExtraTrees,319.3336,46.1895,273.1441,273.1441
HPI,9,M7_TargetSpecific_Selected,Ridge,15.0462,32.4413,-17.3951,17.3951
HPI,9,M7_TargetSpecific_Selected,Ridge,26.6129,41.3269,-14.7141,14.7141
HPI,9,M7_TargetSpecific_Selected,Ridge,15.0813,25.8578,-10.7765,10.7765
HPI,9,M7_TargetSpecific_Selected,Ridge,14.1431,48.8338,-34.6907,34.6907
HPI,9,M7_TargetSpecific_Selected,Ridge,22.8432,24.2704,-1.4273,1.4273
HPI,9,M7_TargetSpecific_Selected,Ridge,14.9659,29.9762,-15.0103,15.0103
HPI,9,M7_TargetSpecific_Selected,Ridge,244.561,61.689,182.872,182.872
HPI,9,M7_TargetSpecific_Selected,Ridge,319.3336,39.643,279.6906,279.6906
HPI,9,M7_TargetSpecific_Selected,HuberRegressor,15.0462,85.0503,-70.0041,70.0041
HPI,9,M7_TargetSpecific_Selected,HuberRegressor,26.6129,29.628,-3.0151,3.0151
HPI,9,M7_TargetSpecific_Selected,HuberRegressor,15.0813,44.5976,-29.5163,29.5163
HPI,9,M7_TargetSpecific_Selected,HuberRegressor,14.1431,38.9453,-24.8023,24.8023
HPI,9,M7_TargetSpecific_Selected,HuberRegressor,22.8432,8.785,14.0582,14.0582
HPI,9,M7_TargetSpecific_Selected,HuberRegressor,14.9659,17.9861,-3.0202,3.0202
HPI,9,M7_TargetSpecific_Selected,HuberRegressor,244.561,47.4501,197.1109,197.1109
HPI,9,M7_TargetSpecific_Selected,HuberRegressor,319.3336,11.5022,307.8314,307.8314
HPI,9,M7_TargetSpecific_Selected,ExtraTrees,15.0462,18.0308,-2.9846,2.9846
HPI,9,M7_TargetSpecific_Selected,ExtraTrees,26.6129,32.1779,-5.565,5.565
HPI,9,M7_TargetSpecific_Selected,ExtraTrees,15.0813,21.1355,-6.0541,6.0541
HPI,9,M7_TargetSpecific_Selected,ExtraTrees,14.1431,37.9553,-23.8123,23.8123
HPI,9,M7_TargetSpecific_Selected,ExtraTrees,22.8432,20.1977,2.6455,2.6455
HPI,9,M7_TargetSpecific_Selected,ExtraTrees,14.9659,27.7095,-12.7436,12.7436
HPI,9,M7_TargetSpecific_Selected,ExtraTrees,244.561,39.346,205.215,205.215
HPI,9,M7_TargetSpecific_Selected,ExtraTrees,319.3336,40.039,279.2946,279.2946
HPI,10,M1_Core,Ridge,56.3743,41.734,14.6403,14.6403
HPI,10,M1_Core,Ridge,15.0462,38.5077,-23.4615,23.4615
HPI,10,M1_Core,Ridge,11.7579,11.2458,0.5122,0.5122
HPI,10,M1_Core,Ridge,275.9348,40.3684,235.5663,235.5663
HPI,10,M1_Core,Ridge,28.0216,36.1347,-8.1131,8.1131
HPI,10,M1_Core,Ridge,23.9196,42.4965,-18.5769,18.5769
HPI,10,M1_Core,Ridge,43.0009,32.3459,10.655,10.655
HPI,10,M1_Core,Ridge,72.0293,33.3236,38.7058,38.7058
HPI,10,M1_Core,HuberRegressor,56.3743,41.41,14.9643,14.9643
HPI,10,M1_Core,HuberRegressor,15.0462,34.3352,-19.289,19.289
HPI,10,M1_Core,HuberRegressor,11.7579,9.8509,1.9071,1.9071
HPI,10,M1_Core,HuberRegressor,275.9348,36.7499,239.1849,239.1849
HPI,10,M1_Core,HuberRegressor,28.0216,34.8792,-6.8576,6.8576
HPI,10,M1_Core,HuberRegressor,23.9196,40.0467,-16.1271,16.1271
HPI,10,M1_Core,HuberRegressor,43.0009,32.9615,10.0394,10.0394
HPI,10,M1_Core,HuberRegressor,72.0293,34.2931,37.7363,37.7363
HPI,10,M1_Core,ExtraTrees,56.3743,44.9573,11.417,11.417
HPI,10,M1_Core,ExtraTrees,15.0462,33.4181,-18.3719,18.3719
HPI,10,M1_Core,ExtraTrees,11.7579,26.1071,-14.3492,14.3492
HPI,10,M1_Core,ExtraTrees,275.9348,38.5452,237.3896,237.3896
HPI,10,M1_Core,ExtraTrees,28.0216,44.0204,-15.9988,15.9988
HPI,10,M1_Core,ExtraTrees,23.9196,47.0816,-23.162,23.162
HPI,10,M1_Core,ExtraTrees,43.0009,30.6882,12.3127,12.3127
HPI,10,M1_Core,ExtraTrees,72.0293,28.8699,43.1594,43.1594
HPI,10,M7_TargetSpecific_Selected,Ridge,56.3743,46.7772,9.5971,9.5971
HPI,10,M7_TargetSpecific_Selected,Ridge,15.0462,46.1354,-31.0892,31.0892
HPI,10,M7_TargetSpecific_Selected,Ridge,11.7579,29.6302,-17.8723,17.8723
HPI,10,M7_TargetSpecific_Selected,Ridge,275.9348,35.7857,240.1491,240.1491
HPI,10,M7_TargetSpecific_Selected,Ridge,28.0216,44.6481,-16.6265,16.6265
HPI,10,M7_TargetSpecific_Selected,Ridge,23.9196,56.208,-32.2884,32.2884
HPI,10,M7_TargetSpecific_Selected,Ridge,43.0009,37.3309,5.6699,5.6699
HPI,10,M7_TargetSpecific_Selected,Ridge,72.0293,38.1238,33.9055,33.9055
HPI,10,M7_TargetSpecific_Selected,HuberRegressor,56.3743,45.6924,10.6818,10.6818
HPI,10,M7_TargetSpecific_Selected,HuberRegressor,15.0462,51.6254,-36.5792,36.5792
HPI,10,M7_TargetSpecific_Selected,HuberRegressor,11.7579,36.058,-24.3001,24.3001
HPI,10,M7_TargetSpecific_Selected,HuberRegressor,275.9348,33.8592,242.0756,242.0756
HPI,10,M7_TargetSpecific_Selected,HuberRegressor,28.0216,45.1415,-17.1199,17.1199
HPI,10,M7_TargetSpecific_Selected,HuberRegressor,23.9196,55.1016,-31.182,31.182
HPI,10,M7_TargetSpecific_Selected,HuberRegressor,43.0009,36.4577,6.5431,6.5431
HPI,10,M7_TargetSpecific_Selected,HuberRegressor,72.0293,38.3019,33.7274,33.7274
HPI,10,M7_TargetSpecific_Selected,ExtraTrees,56.3743,52.149,4.2253,4.2253
HPI,10,M7_TargetSpecific_Selected,ExtraTrees,15.0462,31.9249,-16.8787,16.8787
HPI,10,M7_TargetSpecific_Selected,ExtraTrees,11.7579,44.4082,-32.6503,32.6503
HPI,10,M7_TargetSpecific_Selected,ExtraTrees,275.9348,43.8587,232.0761,232.0761
HPI,10,M7_TargetSpecific_Selected,ExtraTrees,28.0216,48.4692,-20.4476,20.4476
HPI,10,M7_TargetSpecific_Selected,ExtraTrees,23.9196,63.7818,-39.8622,39.8622
HPI,10,M7_TargetSpecific_Selected,ExtraTrees,43.0009,49.9481,-6.9472,6.9472
HPI,10,M7_TargetSpecific_Selected,ExtraTrees,72.0293,41.6672,30.3622,30.3622
HPI,11,M1_Core,Ridge,19.9861,33.8518,-13.8657,13.8657
HPI,11,M1_Core,Ridge,11.0966,32.7238,-21.6273,21.6273
HPI,11,M1_Core,Ridge,6.3543,46.6522,-40.298,40.298
HPI,11,M1_Core,Ridge,22.759,61.784,-39.025,39.025
HPI,11,M1_Core,Ridge,59.301,125.3249,-66.0239,66.0239
HPI,11,M1_Core,Ridge,29.2163,76.5809,-47.3646,47.3646
HPI,11,M1_Core,Ridge,103.6345,36.4585,67.176,67.176
HPI,11,M1_Core,Ridge,100.9053,39.1968,61.7086,61.7086
HPI,11,M1_Core,HuberRegressor,19.9861,31.8976,-11.9115,11.9115
HPI,11,M1_Core,HuberRegressor,11.0966,25.201,-14.1044,14.1044
HPI,11,M1_Core,HuberRegressor,6.3543,48.9161,-42.5618,42.5618
HPI,11,M1_Core,HuberRegressor,22.759,76.3003,-53.5412,53.5412
HPI,11,M1_Core,HuberRegressor,59.301,174.8631,-115.5621,115.5621
HPI,11,M1_Core,HuberRegressor,29.2163,82.6289,-53.4126,53.4126
HPI,11,M1_Core,HuberRegressor,103.6345,33.9451,69.6894,69.6894
HPI,11,M1_Core,HuberRegressor,100.9053,34.5784,66.3269,66.3269
HPI,11,M1_Core,ExtraTrees,19.9861,35.7839,-15.7978,15.7978
HPI,11,M1_Core,ExtraTrees,11.0966,32.6207,-21.5242,21.5242
HPI,11,M1_Core,ExtraTrees,6.3543,46.1223,-39.7681,39.7681
HPI,11,M1_Core,ExtraTrees,22.759,74.5068,-51.7478,51.7478
HPI,11,M1_Core,ExtraTrees,59.301,81.2116,-21.9106,21.9106
HPI,11,M1_Core,ExtraTrees,29.2163,71.2006,-41.9843,41.9843
HPI,11,M1_Core,ExtraTrees,103.6345,34.2818,69.3527,69.3527
HPI,11,M1_Core,ExtraTrees,100.9053,36.8082,64.0971,64.0971
HPI,11,M7_TargetSpecific_Selected,Ridge,19.9861,36.4609,-16.4747,16.4747
HPI,11,M7_TargetSpecific_Selected,Ridge,11.0966,39.5909,-28.4944,28.4944
HPI,11,M7_TargetSpecific_Selected,Ridge,6.3543,51.3356,-44.9813,44.9813
HPI,11,M7_TargetSpecific_Selected,Ridge,22.759,61.4722,-38.7132,38.7132
HPI,11,M7_TargetSpecific_Selected,Ridge,59.301,100.5699,-41.2689,41.2689
HPI,11,M7_TargetSpecific_Selected,Ridge,29.2163,85.2857,-56.0694,56.0694
HPI,11,M7_TargetSpecific_Selected,Ridge,103.6345,44.9592,58.6753,58.6753
HPI,11,M7_TargetSpecific_Selected,Ridge,100.9053,51.3114,49.594,49.594
HPI,11,M7_TargetSpecific_Selected,HuberRegressor,19.9861,33.6357,-13.6496,13.6496
HPI,11,M7_TargetSpecific_Selected,HuberRegressor,11.0966,30.2948,-19.1982,19.1982
HPI,11,M7_TargetSpecific_Selected,HuberRegressor,6.3543,55.3652,-49.0109,49.0109
HPI,11,M7_TargetSpecific_Selected,HuberRegressor,22.759,74.8005,-52.0415,52.0415
HPI,11,M7_TargetSpecific_Selected,HuberRegressor,59.301,121.7014,-62.4004,62.4004
HPI,11,M7_TargetSpecific_Selected,HuberRegressor,29.2163,96.3488,-67.1325,67.1325
HPI,11,M7_TargetSpecific_Selected,HuberRegressor,103.6345,36.4497,67.1848,67.1848
HPI,11,M7_TargetSpecific_Selected,HuberRegressor,100.9053,39.1917,61.7137,61.7137
HPI,11,M7_TargetSpecific_Selected,ExtraTrees,19.9861,48.9956,-29.0095,29.0095
HPI,11,M7_TargetSpecific_Selected,ExtraTrees,11.0966,40.0455,-28.949,28.949
HPI,11,M7_TargetSpecific_Selected,ExtraTrees,6.3543,42.2627,-35.9085,35.9085
HPI,11,M7_TargetSpecific_Selected,ExtraTrees,22.759,61.3098,-38.5507,38.5507
HPI,11,M7_TargetSpecific_Selected,ExtraTrees,59.301,75.2687,-15.9677,15.9677
HPI,11,M7_TargetSpecific_Selected,ExtraTrees,29.2163,81.1325,-51.9162,51.9162
HPI,11,M7_TargetSpecific_Selected,ExtraTrees,103.6345,43.9604,59.6741,59.6741
HPI,11,M7_TargetSpecific_Selected,ExtraTrees,100.9053,51.9129,48.9924,48.9924
HPI,12,M1_Core,Ridge,18.2899,11.7559,6.534,6.534
HPI,12,M1_Core,Ridge,12.0574,21.1355,-9.0781,9.0781
HPI,12,M1_Core,Ridge,78.8602,40.2646,38.5956,38.5956
HPI,12,M1_Core,Ridge,45.0784,11.6308,33.4476,33.4476
HPI,12,M1_Core,Ridge,33.1334,53.1553,-20.0219,20.0219
HPI,12,M1_Core,Ridge,39.5137,70.5956,-31.0819,31.0819
HPI,12,M1_Core,Ridge,32.2413,31.1083,1.1329,1.1329
HPI,12,M1_Core,Ridge,244.561,57.1231,187.4379,187.4379
HPI,12,M1_Core,HuberRegressor,18.2899,17.13,1.1599,1.1599
HPI,12,M1_Core,HuberRegressor,12.0574,18.3001,-6.2427,6.2427
HPI,12,M1_Core,HuberRegressor,78.8602,40.807,38.0532,38.0532
HPI,12,M1_Core,HuberRegressor,45.0784,14.2675,30.8109,30.8109
HPI,12,M1_Core,HuberRegressor,33.1334,27.4104,5.723,5.723
HPI,12,M1_Core,HuberRegressor,39.5137,85.4646,-45.9509,45.9509
HPI,12,M1_Core,HuberRegressor,32.2413,30.3265,1.9148,1.9148
HPI,12,M1_Core,HuberRegressor,244.561,60.4784,184.0826,184.0826
HPI,12,M1_Core,ExtraTrees,18.2899,13.6682,4.6217,4.6217
HPI,12,M1_Core,ExtraTrees,12.0574,22.4903,-10.4328,10.4328
HPI,12,M1_Core,ExtraTrees,78.8602,47.5989,31.2612,31.2612
HPI,12,M1_Core,ExtraTrees,45.0784,19.216,25.8624,25.8624
HPI,12,M1_Core,ExtraTrees,33.1334,76.466,-43.3326,43.3326
HPI,12,M1_Core,ExtraTrees,39.5137,53.2606,-13.7469,13.7469
HPI,12,M1_Core,ExtraTrees,32.2413,25.3871,6.8542,6.8542
HPI,12,M1_Core,ExtraTrees,244.561,33.8317,210.7293,210.7293
HPI,12,M7_TargetSpecific_Selected,Ridge,18.2899,3.3634,14.9265,14.9265
HPI,12,M7_TargetSpecific_Selected,Ridge,12.0574,0.0,12.0574,12.0574
HPI,12,M7_TargetSpecific_Selected,Ridge,78.8602,9.506,69.3541,69.3541
HPI,12,M7_TargetSpecific_Selected,Ridge,45.0784,8.0798,36.9986,36.9986
HPI,12,M7_TargetSpecific_Selected,Ridge,33.1334,62.3792,-29.2457,29.2457
HPI,12,M7_TargetSpecific_Selected,Ridge,39.5137,61.2166,-21.7029,21.7029
HPI,12,M7_TargetSpecific_Selected,Ridge,32.2413,37.7691,-5.5278,5.5278
HPI,12,M7_TargetSpecific_Selected,Ridge,244.561,79.6213,164.9397,164.9397
HPI,12,M7_TargetSpecific_Selected,HuberRegressor,18.2899,5.4415,12.8484,12.8484
HPI,12,M7_TargetSpecific_Selected,HuberRegressor,12.0574,0.0,12.0574,12.0574
HPI,12,M7_TargetSpecific_Selected,HuberRegressor,78.8602,10.4551,68.4051,68.4051
HPI,12,M7_TargetSpecific_Selected,HuberRegressor,45.0784,5.7946,39.2839,39.2839
HPI,12,M7_TargetSpecific_Selected,HuberRegressor,33.1334,83.6983,-50.5648,50.5648
HPI,12,M7_TargetSpecific_Selected,HuberRegressor,39.5137,61.5301,-22.0164,22.0164
HPI,12,M7_TargetSpecific_Selected,HuberRegressor,32.2413,44.155,-11.9137,11.9137
HPI,12,M7_TargetSpecific_Selected,HuberRegressor,244.561,71.5891,172.9719,172.9719
HPI,12,M7_TargetSpecific_Selected,ExtraTrees,18.2899,13.035,5.2549,5.2549
HPI,12,M7_TargetSpecific_Selected,ExtraTrees,12.0574,13.8101,-1.7527,1.7527
HPI,12,M7_TargetSpecific_Selected,ExtraTrees,78.8602,22.0127,56.8475,56.8475
HPI,12,M7_TargetSpecific_Selected,ExtraTrees,45.0784,20.3607,24.7177,24.7177
HPI,12,M7_TargetSpecific_Selected,ExtraTrees,33.1334,100.6828,-67.5494,67.5494
HPI,12,M7_TargetSpecific_Selected,ExtraTrees,39.5137,51.4794,-11.9657,11.9657
HPI,12,M7_TargetSpecific_Selected,ExtraTrees,32.2413,46.5268,-14.2856,14.2856
HPI,12,M7_TargetSpecific_Selected,ExtraTrees,244.561,39.9113,204.6497,204.6497
HPI,13,M1_Core,Ridge,26.6129,39.3131,-12.7002,12.7002
HPI,13,M1_Core,Ridge,12.504,38.8364,-26.3324,26.3324
HPI,13,M1_Core,Ridge,22.8432,29.7803,-6.9372,6.9372
HPI,13,M1_Core,Ridge,14.9659,21.8296,-6.8638,6.8638
HPI,13,M1_Core,Ridge,8.5282,32.9435,-24.4153,24.4153
HPI,13,M1_Core,Ridge,120.4972,56.0522,64.445,64.445
HPI,13,M1_Core,Ridge,58.5864,31.2561,27.3303,27.3303
HPI,13,M1_Core,Ridge,319.3336,44.3729,274.9607,274.9607
HPI,13,M1_Core,HuberRegressor,26.6129,36.05,-9.4371,9.4371
HPI,13,M1_Core,HuberRegressor,12.504,36.1785,-23.6745,23.6745
HPI,13,M1_Core,HuberRegressor,22.8432,28.9438,-6.1006,6.1006
HPI,13,M1_Core,HuberRegressor,14.9659,27.5787,-12.6128,12.6128
HPI,13,M1_Core,HuberRegressor,8.5282,32.4422,-23.914,23.914
HPI,13,M1_Core,HuberRegressor,120.4972,45.5569,74.9403,74.9403
HPI,13,M1_Core,HuberRegressor,58.5864,41.7853,16.8011,16.8011
HPI,13,M1_Core,HuberRegressor,319.3336,35.5053,283.8283,283.8283
HPI,13,M1_Core,ExtraTrees,26.6129,25.9609,0.652,0.652
HPI,13,M1_Core,ExtraTrees,12.504,58.1078,-45.6037,45.6037
HPI,13,M1_Core,ExtraTrees,22.8432,38.1438,-15.3007,15.3007
HPI,13,M1_Core,ExtraTrees,14.9659,47.822,-32.8562,32.8562
HPI,13,M1_Core,ExtraTrees,8.5282,45.2118,-36.6836,36.6836
HPI,13,M1_Core,ExtraTrees,120.4972,48.7374,71.7598,71.7598
HPI,13,M1_Core,ExtraTrees,58.5864,43.017,15.5694,15.5694
HPI,13,M1_Core,ExtraTrees,319.3336,52.3761,266.9575,266.9575
HPI,13,M7_TargetSpecific_Selected,Ridge,26.6129,42.7373,-16.1244,16.1244
HPI,13,M7_TargetSpecific_Selected,Ridge,12.504,252.2713,-239.7672,239.7672
HPI,13,M7_TargetSpecific_Selected,Ridge,22.8432,30.4805,-7.6373,7.6373
HPI,13,M7_TargetSpecific_Selected,Ridge,14.9659,40.6348,-25.669,25.669
HPI,13,M7_TargetSpecific_Selected,Ridge,8.5282,53.6379,-45.1097,45.1097
HPI,13,M7_TargetSpecific_Selected,Ridge,120.4972,58.114,62.3832,62.3832
HPI,13,M7_TargetSpecific_Selected,Ridge,58.5864,35.3954,23.191,23.191
HPI,13,M7_TargetSpecific_Selected,Ridge,319.3336,45.4272,273.9064,273.9064
HPI,13,M7_TargetSpecific_Selected,HuberRegressor,26.6129,41.9326,-15.3197,15.3197
HPI,13,M7_TargetSpecific_Selected,HuberRegressor,12.504,293.219,-280.715,280.715
HPI,13,M7_TargetSpecific_Selected,HuberRegressor,22.8432,36.8907,-14.0476,14.0476
HPI,13,M7_TargetSpecific_Selected,HuberRegressor,14.9659,46.4649,-31.499,31.499
HPI,13,M7_TargetSpecific_Selected,HuberRegressor,8.5282,59.6879,-51.1597,51.1597
HPI,13,M7_TargetSpecific_Selected,HuberRegressor,120.4972,50.3214,70.1757,70.1757
HPI,13,M7_TargetSpecific_Selected,HuberRegressor,58.5864,33.4294,25.157,25.157
HPI,13,M7_TargetSpecific_Selected,HuberRegressor,319.3336,46.0793,273.2543,273.2543
HPI,13,M7_TargetSpecific_Selected,ExtraTrees,26.6129,19.5944,7.0185,7.0185
HPI,13,M7_TargetSpecific_Selected,ExtraTrees,12.504,68.6701,-56.166,56.166
HPI,13,M7_TargetSpecific_Selected,ExtraTrees,22.8432,27.7386,-4.8954,4.8954
HPI,13,M7_TargetSpecific_Selected,ExtraTrees,14.9659,73.4726,-58.5068,58.5068
HPI,13,M7_TargetSpecific_Selected,ExtraTrees,8.5282,69.5287,-61.0005,61.0005
HPI,13,M7_TargetSpecific_Selected,ExtraTrees,120.4972,47.5385,72.9587,72.9587
HPI,13,M7_TargetSpecific_Selected,ExtraTrees,58.5864,43.3705,15.2159,15.2159
HPI,13,M7_TargetSpecific_Selected,ExtraTrees,319.3336,41.7198,277.6138,277.6138
HPI,14,M1_Core,Ridge,44.308,47.9992,-3.6911,3.6911
HPI,14,M1_Core,Ridge,15.0813,25.4024,-10.3211,10.3211
HPI,14,M1_Core,Ridge,97.9351,42.7096,55.2254,55.2254
HPI,14,M1_Core,Ridge,91.7456,35.8045,55.9412,55.9412
HPI,14,M1_Core,Ridge,14.1431,54.4836,-40.3406,40.3406
HPI,14,M1_Core,Ridge,31.8405,40.6969,-8.8565,8.8565
HPI,14,M1_Core,Ridge,70.9719,31.0664,39.9055,39.9055
HPI,14,M1_Core,Ridge,9.3963,25.4062,-16.0099,16.0099
HPI,14,M1_Core,HuberRegressor,44.308,39.8291,4.4789,4.4789
HPI,14,M1_Core,HuberRegressor,15.0813,29.0528,-13.9715,13.9715
HPI,14,M1_Core,HuberRegressor,97.9351,38.4007,59.5344,59.5344
HPI,14,M1_Core,HuberRegressor,91.7456,31.474,60.2716,60.2716
HPI,14,M1_Core,HuberRegressor,14.1431,48.4745,-34.3314,34.3314
HPI,14,M1_Core,HuberRegressor,31.8405,34.884,-3.0435,3.0435
HPI,14,M1_Core,HuberRegressor,70.9719,25.9364,45.0355,45.0355
HPI,14,M1_Core,HuberRegressor,9.3963,23.0483,-13.652,13.652
HPI,14,M1_Core,ExtraTrees,44.308,47.764,-3.456,3.456
HPI,14,M1_Core,ExtraTrees,15.0813,21.1091,-6.0278,6.0278
HPI,14,M1_Core,ExtraTrees,97.9351,48.0859,49.8492,49.8492
HPI,14,M1_Core,ExtraTrees,91.7456,21.8138,69.9319,69.9319
HPI,14,M1_Core,ExtraTrees,14.1431,51.3991,-37.256,37.256
HPI,14,M1_Core,ExtraTrees,31.8405,47.9795,-16.139,16.139
HPI,14,M1_Core,ExtraTrees,70.9719,40.8335,30.1384,30.1384
HPI,14,M1_Core,ExtraTrees,9.3963,32.7972,-23.4009,23.4009
HPI,14,M7_TargetSpecific_Selected,Ridge,44.308,52.3612,-8.0531,8.0531
HPI,14,M7_TargetSpecific_Selected,Ridge,15.0813,14.8756,0.2057,0.2057
HPI,14,M7_TargetSpecific_Selected,Ridge,97.9351,35.331,62.604,62.604
HPI,14,M7_TargetSpecific_Selected,Ridge,91.7456,40.254,51.4916,51.4916
HPI,14,M7_TargetSpecific_Selected,Ridge,14.1431,57.6065,-43.4635,43.4635
HPI,14,M7_TargetSpecific_Selected,Ridge,31.8405,45.8569,-14.0164,14.0164
HPI,14,M7_TargetSpecific_Selected,Ridge,70.9719,31.0654,39.9065,39.9065
HPI,14,M7_TargetSpecific_Selected,Ridge,9.3963,22.0199,-12.6236,12.6236
HPI,14,M7_TargetSpecific_Selected,HuberRegressor,44.308,46.5582,-2.2502,2.2502
HPI,14,M7_TargetSpecific_Selected,HuberRegressor,15.0813,15.9296,-0.8482,0.8482
HPI,14,M7_TargetSpecific_Selected,HuberRegressor,97.9351,31.9557,65.9793,65.9793
HPI,14,M7_TargetSpecific_Selected,HuberRegressor,91.7456,39.1001,52.6456,52.6456
HPI,14,M7_TargetSpecific_Selected,HuberRegressor,14.1431,53.6192,-39.4761,39.4761
HPI,14,M7_TargetSpecific_Selected,HuberRegressor,31.8405,42.6957,-10.8552,10.8552
HPI,14,M7_TargetSpecific_Selected,HuberRegressor,70.9719,29.8587,41.1132,41.1132
HPI,14,M7_TargetSpecific_Selected,HuberRegressor,9.3963,22.5112,-13.115,13.115
HPI,14,M7_TargetSpecific_Selected,ExtraTrees,44.308,51.2141,-6.9061,6.9061
HPI,14,M7_TargetSpecific_Selected,ExtraTrees,15.0813,22.4128,-7.3315,7.3315
HPI,14,M7_TargetSpecific_Selected,ExtraTrees,97.9351,31.7544,66.1806,66.1806
HPI,14,M7_TargetSpecific_Selected,ExtraTrees,91.7456,27.4271,64.3185,64.3185
HPI,14,M7_TargetSpecific_Selected,ExtraTrees,14.1431,61.2668,-47.1237,47.1237
HPI,14,M7_TargetSpecific_Selected,ExtraTrees,31.8405,65.3462,-33.5058,33.5058
HPI,14,M7_TargetSpecific_Selected,ExtraTrees,70.9719,33.8716,37.1003,37.1003
HPI,14,M7_TargetSpecific_Selected,ExtraTrees,9.3963,29.2407,-19.8444,19.8444
HPI,15,M1_Core,Ridge,56.3743,49.1801,7.1942,7.1942
HPI,15,M1_Core,Ridge,11.7579,2.003,9.7549,9.7549
HPI,15,M1_Core,Ridge,44.308,54.5574,-10.2494,10.2494
HPI,15,M1_Core,Ridge,45.0784,6.9938,38.0846,38.0846
HPI,15,M1_Core,Ridge,22.8432,30.6646,-7.8214,7.8214
HPI,15,M1_Core,Ridge,8.5282,36.066,-27.5378,27.5378
HPI,15,M1_Core,Ridge,59.301,94.5647,-35.2637,35.2637
HPI,15,M1_Core,Ridge,43.0009,44.1597,-1.1588,1.1588
HPI,15,M1_Core,HuberRegressor,56.3743,48.8942,7.4801,7.4801
HPI,15,M1_Core,HuberRegressor,11.7579,1.6802,10.0778,10.0778
HPI,15,M1_Core,HuberRegressor,44.308,51.6185,-7.3104,7.3104
HPI,15,M1_Core,HuberRegressor,45.0784,7.1007,37.9777,37.9777
HPI,15,M1_Core,HuberRegressor,22.8432,26.1709,-3.3277,3.3277
HPI,15,M1_Core,HuberRegressor,8.5282,32.2656,-23.7374,23.7374
HPI,15,M1_Core,HuberRegressor,59.301,91.5363,-32.2353,32.2353
HPI,15,M1_Core,HuberRegressor,43.0009,47.3774,-4.3765,4.3765
HPI,15,M1_Core,ExtraTrees,56.3743,55.3699,1.0044,1.0044
HPI,15,M1_Core,ExtraTrees,11.7579,17.3572,-5.5993,5.5993
HPI,15,M1_Core,ExtraTrees,44.308,54.4448,-10.1367,10.1367
HPI,15,M1_Core,ExtraTrees,45.0784,19.2739,25.8045,25.8045
HPI,15,M1_Core,ExtraTrees,22.8432,37.0423,-14.1991,14.1991
HPI,15,M1_Core,ExtraTrees,8.5282,39.4011,-30.8729,30.8729
HPI,15,M1_Core,ExtraTrees,59.301,58.8872,0.4138,0.4138
HPI,15,M1_Core,ExtraTrees,43.0009,51.6675,-8.6666,8.6666
HPI,15,M7_TargetSpecific_Selected,Ridge,56.3743,49.2695,7.1047,7.1047
HPI,15,M7_TargetSpecific_Selected,Ridge,11.7579,3.91,7.8479,7.8479
HPI,15,M7_TargetSpecific_Selected,Ridge,44.308,55.0055,-10.6974,10.6974
HPI,15,M7_TargetSpecific_Selected,Ridge,45.0784,7.9569,37.1215,37.1215
HPI,15,M7_TargetSpecific_Selected,Ridge,22.8432,30.0816,-7.2384,7.2384
HPI,15,M7_TargetSpecific_Selected,Ridge,8.5282,37.3103,-28.7821,28.7821
HPI,15,M7_TargetSpecific_Selected,Ridge,59.301,79.2689,-19.9679,19.9679
HPI,15,M7_TargetSpecific_Selected,Ridge,43.0009,49.8084,-6.8075,6.8075
HPI,15,M7_TargetSpecific_Selected,HuberRegressor,56.3743,41.6024,14.7719,14.7719
HPI,15,M7_TargetSpecific_Selected,HuberRegressor,11.7579,3.4131,8.3448,8.3448
HPI,15,M7_TargetSpecific_Selected,HuberRegressor,44.308,50.4332,-6.1251,6.1251
HPI,15,M7_TargetSpecific_Selected,HuberRegressor,45.0784,6.1726,38.9059,38.9059
HPI,15,M7_TargetSpecific_Selected,HuberRegressor,22.8432,31.0458,-8.2026,8.2026
HPI,15,M7_TargetSpecific_Selected,HuberRegressor,8.5282,39.0754,-30.5472,30.5472
HPI,15,M7_TargetSpecific_Selected,HuberRegressor,59.301,60.167,-0.866,0.866
HPI,15,M7_TargetSpecific_Selected,HuberRegressor,43.0009,52.3691,-9.3682,9.3682
HPI,15,M7_TargetSpecific_Selected,ExtraTrees,56.3743,51.1054,5.2689,5.2689
HPI,15,M7_TargetSpecific_Selected,ExtraTrees,11.7579,30.6251,-18.8672,18.8672
HPI,15,M7_TargetSpecific_Selected,ExtraTrees,44.308,50.7503,-6.4422,6.4422
HPI,15,M7_TargetSpecific_Selected,ExtraTrees,45.0784,23.8728,21.2056,21.2056
HPI,15,M7_TargetSpecific_Selected,ExtraTrees,22.8432,21.5483,1.2948,1.2948
HPI,15,M7_TargetSpecific_Selected,ExtraTrees,8.5282,34.2555,-25.7273,25.7273
HPI,15,M7_TargetSpecific_Selected,ExtraTrees,59.301,77.6273,-18.3263,18.3263
HPI,15,M7_TargetSpecific_Selected,ExtraTrees,43.0009,53.5613,-10.5604,10.5604
HPI,16,M1_Core,Ridge,78.8602,51.3384,27.5218,27.5218
HPI,16,M1_Core,Ridge,91.7456,44.29,47.4557,47.4557
HPI,16,M1_Core,Ridge,14.1431,65.8208,-51.6777,51.6777
HPI,16,M1_Core,Ridge,6.3543,47.7955,-41.4412,41.4412
HPI,16,M1_Core,Ridge,31.8405,47.1062,-15.2657,15.2657
HPI,16,M1_Core,Ridge,58.5864,17.8734,40.713,40.713
HPI,16,M1_Core,Ridge,39.5137,110.1342,-70.6205,70.6205
HPI,16,M1_Core,Ridge,72.0293,38.834,33.1954,33.1954
HPI,16,M1_Core,HuberRegressor,78.8602,45.8609,32.9993,32.9993
HPI,16,M1_Core,HuberRegressor,91.7456,38.3425,53.4031,53.4031
HPI,16,M1_Core,HuberRegressor,14.1431,57.6032,-43.4601,43.4601
HPI,16,M1_Core,HuberRegressor,6.3543,41.8588,-35.5046,35.5046
HPI,16,M1_Core,HuberRegressor,31.8405,39.7237,-7.8832,7.8832
HPI,16,M1_Core,HuberRegressor,58.5864,24.3111,34.2753,34.2753
HPI,16,M1_Core,HuberRegressor,39.5137,105.9741,-66.4604,66.4604
HPI,16,M1_Core,HuberRegressor,72.0293,39.5244,32.5049,32.5049
HPI,16,M1_Core,ExtraTrees,78.8602,52.2248,26.6354,26.6354
HPI,16,M1_Core,ExtraTrees,91.7456,28.0137,63.732,63.732
HPI,16,M1_Core,ExtraTrees,14.1431,70.666,-56.5229,56.5229
HPI,16,M1_Core,ExtraTrees,6.3543,34.7631,-28.4088,28.4088
HPI,16,M1_Core,ExtraTrees,31.8405,55.8754,-24.0349,24.0349
HPI,16,M1_Core,ExtraTrees,58.5864,31.4215,27.1649,27.1649
HPI,16,M1_Core,ExtraTrees,39.5137,69.5904,-30.0767,30.0767
HPI,16,M1_Core,ExtraTrees,72.0293,33.0862,38.9431,38.9431
HPI,16,M7_TargetSpecific_Selected,Ridge,78.8602,29.399,49.4612,49.4612
HPI,16,M7_TargetSpecific_Selected,Ridge,91.7456,49.2278,42.5178,42.5178
HPI,16,M7_TargetSpecific_Selected,Ridge,14.1431,52.8307,-38.6876,38.6876
HPI,16,M7_TargetSpecific_Selected,Ridge,6.3543,47.8967,-41.5425,41.5425
HPI,16,M7_TargetSpecific_Selected,Ridge,31.8405,59.3502,-27.5097,27.5097
HPI,16,M7_TargetSpecific_Selected,Ridge,58.5864,18.9597,39.6267,39.6267
HPI,16,M7_TargetSpecific_Selected,Ridge,39.5137,89.5934,-50.0797,50.0797
HPI,16,M7_TargetSpecific_Selected,Ridge,72.0293,40.8146,31.2148,31.2148
HPI,16,M7_TargetSpecific_Selected,HuberRegressor,78.8602,21.2461,57.6141,57.6141
HPI,16,M7_TargetSpecific_Selected,HuberRegressor,91.7456,30.6637,61.082,61.082
HPI,16,M7_TargetSpecific_Selected,HuberRegressor,14.1431,34.1488,-20.0057,20.0057
HPI,16,M7_TargetSpecific_Selected,HuberRegressor,6.3543,39.1035,-32.7493,32.7493
HPI,16,M7_TargetSpecific_Selected,HuberRegressor,31.8405,65.3642,-33.5237,33.5237
HPI,16,M7_TargetSpecific_Selected,HuberRegressor,58.5864,32.9041,25.6823,25.6823
HPI,16,M7_TargetSpecific_Selected,HuberRegressor,39.5137,132.4962,-92.9825,92.9825
HPI,16,M7_TargetSpecific_Selected,HuberRegressor,72.0293,40.248,31.7814,31.7814
HPI,16,M7_TargetSpecific_Selected,ExtraTrees,78.8602,36.3982,42.462,42.462
HPI,16,M7_TargetSpecific_Selected,ExtraTrees,91.7456,29.4175,62.3282,62.3282
HPI,16,M7_TargetSpecific_Selected,ExtraTrees,14.1431,45.8199,-31.6769,31.6769
HPI,16,M7_TargetSpecific_Selected,ExtraTrees,6.3543,44.4917,-38.1375,38.1375
HPI,16,M7_TargetSpecific_Selected,ExtraTrees,31.8405,61.3793,-29.5388,29.5388
HPI,16,M7_TargetSpecific_Selected,ExtraTrees,58.5864,47.1569,11.4294,11.4294
HPI,16,M7_TargetSpecific_Selected,ExtraTrees,39.5137,68.6065,-29.0928,29.0928
HPI,16,M7_TargetSpecific_Selected,ExtraTrees,72.0293,42.0497,29.9797,29.9797
HPI,17,M1_Core,Ridge,15.0462,35.1395,-20.0933,20.0933
HPI,17,M1_Core,Ridge,275.9348,39.4133,236.5215,236.5215
HPI,17,M1_Core,Ridge,12.504,36.6153,-24.1113,24.1113
HPI,17,M1_Core,Ridge,97.9351,39.3636,58.5714,58.5714
HPI,17,M1_Core,Ridge,28.0216,36.0063,-7.9846,7.9846
HPI,17,M1_Core,Ridge,23.9196,40.2508,-16.3312,16.3312
HPI,17,M1_Core,Ridge,120.4972,60.0591,60.438,60.438
HPI,17,M1_Core,Ridge,244.561,49.8174,194.7436,194.7436
HPI,17,M1_Core,HuberRegressor,15.0462,30.2218,-15.1756,15.1756
HPI,17,M1_Core,HuberRegressor,275.9348,34.4857,241.449,241.449
HPI,17,M1_Core,HuberRegressor,12.504,32.9289,-20.4249,20.4249
HPI,17,M1_Core,HuberRegressor,97.9351,39.6908,58.2443,58.2443
HPI,17,M1_Core,HuberRegressor,28.0216,34.0967,-6.0751,6.0751
HPI,17,M1_Core,HuberRegressor,23.9196,36.9069,-12.9873,12.9873
HPI,17,M1_Core,HuberRegressor,120.4972,49.4381,71.059,71.059
HPI,17,M1_Core,HuberRegressor,244.561,47.4896,197.0714,197.0714
HPI,17,M1_Core,ExtraTrees,15.0462,17.492,-2.4458,2.4458
HPI,17,M1_Core,ExtraTrees,275.9348,45.4281,230.5066,230.5066
HPI,17,M1_Core,ExtraTrees,12.504,39.2685,-26.7645,26.7645
HPI,17,M1_Core,ExtraTrees,97.9351,37.8416,60.0934,60.0934
HPI,17,M1_Core,ExtraTrees,28.0216,42.4008,-14.3792,14.3792
HPI,17,M1_Core,ExtraTrees,23.9196,51.2774,-27.3578,27.3578
HPI,17,M1_Core,ExtraTrees,120.4972,59.7188,60.7784,60.7784
HPI,17,M1_Core,ExtraTrees,244.561,25.8831,218.6779,218.6779
HPI,17,M7_TargetSpecific_Selected,Ridge,15.0462,29.9305,-14.8843,14.8843
HPI,17,M7_TargetSpecific_Selected,Ridge,275.9348,37.839,238.0958,238.0958
HPI,17,M7_TargetSpecific_Selected,Ridge,12.504,24.1129,-11.6088,11.6088
HPI,17,M7_TargetSpecific_Selected,Ridge,97.9351,35.1487,62.7864,62.7864
HPI,17,M7_TargetSpecific_Selected,Ridge,28.0216,43.2247,-15.2031,15.2031
HPI,17,M7_TargetSpecific_Selected,Ridge,23.9196,51.9274,-28.0078,28.0078
HPI,17,M7_TargetSpecific_Selected,Ridge,120.4972,50.7304,69.7668,69.7668
HPI,17,M7_TargetSpecific_Selected,Ridge,244.561,53.1393,191.4217,191.4217
HPI,17,M7_TargetSpecific_Selected,HuberRegressor,15.0462,28.0378,-12.9916,12.9916
HPI,17,M7_TargetSpecific_Selected,HuberRegressor,275.9348,37.4502,238.4846,238.4846
HPI,17,M7_TargetSpecific_Selected,HuberRegressor,12.504,24.8843,-12.3803,12.3803
HPI,17,M7_TargetSpecific_Selected,HuberRegressor,97.9351,36.2881,61.6469,61.6469
HPI,17,M7_TargetSpecific_Selected,HuberRegressor,28.0216,44.8969,-16.8752,16.8752
HPI,17,M7_TargetSpecific_Selected,HuberRegressor,23.9196,51.0875,-27.1679,27.1679
HPI,17,M7_TargetSpecific_Selected,HuberRegressor,120.4972,47.5385,72.9587,72.9587
HPI,17,M7_TargetSpecific_Selected,HuberRegressor,244.561,48.8226,195.7384,195.7384
HPI,17,M7_TargetSpecific_Selected,ExtraTrees,15.0462,29.5492,-14.503,14.503
HPI,17,M7_TargetSpecific_Selected,ExtraTrees,275.9348,33.3326,242.6021,242.6021
HPI,17,M7_TargetSpecific_Selected,ExtraTrees,12.504,24.3573,-11.8532,11.8532
HPI,17,M7_TargetSpecific_Selected,ExtraTrees,97.9351,29.1033,68.8318,68.8318
HPI,17,M7_TargetSpecific_Selected,ExtraTrees,28.0216,47.7855,-19.7639,19.7639
HPI,17,M7_TargetSpecific_Selected,ExtraTrees,23.9196,85.5127,-61.5931,61.5931
HPI,17,M7_TargetSpecific_Selected,ExtraTrees,120.4972,47.796,72.7011,72.7011
HPI,17,M7_TargetSpecific_Selected,ExtraTrees,244.561,33.3007,211.2603,211.2603
HPI,18,M1_Core,Ridge,19.9861,32.7002,-12.7141,12.7141
HPI,18,M1_Core,Ridge,11.0966,28.8764,-17.7798,17.7798
HPI,18,M1_Core,Ridge,12.0574,18.4743,-6.4169,6.4169
HPI,18,M1_Core,Ridge,26.6129,38.0977,-11.4848,11.4848
HPI,18,M1_Core,Ridge,14.9659,18.6152,-3.6494,3.6494
HPI,18,M1_Core,Ridge,29.2163,55.9061,-26.6898,26.6898
HPI,18,M1_Core,Ridge,103.6345,36.2679,67.3667,67.3667
HPI,18,M1_Core,Ridge,319.3336,43.5843,275.7493,275.7493
HPI,18,M1_Core,HuberRegressor,19.9861,32.1211,-12.1349,12.1349
HPI,18,M1_Core,HuberRegressor,11.0966,26.6939,-15.5973,15.5973
HPI,18,M1_Core,HuberRegressor,12.0574,19.1588,-7.1013,7.1013
HPI,18,M1_Core,HuberRegressor,26.6129,36.7171,-10.1042,10.1042
HPI,18,M1_Core,HuberRegressor,14.9659,20.5165,-5.5507,5.5507
HPI,18,M1_Core,HuberRegressor,29.2163,53.8284,-24.6121,24.6121
HPI,18,M1_Core,HuberRegressor,103.6345,36.831,66.8036,66.8036
HPI,18,M1_Core,HuberRegressor,319.3336,39.4412,279.8924,279.8924
HPI,18,M1_Core,ExtraTrees,19.9861,37.9256,-17.9395,17.9395
HPI,18,M1_Core,ExtraTrees,11.0966,28.9351,-17.8385,17.8385
HPI,18,M1_Core,ExtraTrees,12.0574,27.7724,-15.7149,15.7149
HPI,18,M1_Core,ExtraTrees,26.6129,42.7224,-16.1095,16.1095
HPI,18,M1_Core,ExtraTrees,14.9659,21.1368,-6.171,6.171
HPI,18,M1_Core,ExtraTrees,29.2163,43.3922,-14.1759,14.1759
HPI,18,M1_Core,ExtraTrees,103.6345,36.8027,66.8319,66.8319
HPI,18,M1_Core,ExtraTrees,319.3336,33.3696,285.964,285.964
HPI,18,M7_TargetSpecific_Selected,Ridge,19.9861,35.4523,-15.4662,15.4662
HPI,18,M7_TargetSpecific_Selected,Ridge,11.0966,33.0114,-21.9149,21.9149
HPI,18,M7_TargetSpecific_Selected,Ridge,12.0574,1.6696,10.3878,10.3878
HPI,18,M7_TargetSpecific_Selected,Ridge,26.6129,45.6524,-19.0395,19.0395
HPI,18,M7_TargetSpecific_Selected,Ridge,14.9659,18.0732,-3.1074,3.1074
HPI,18,M7_TargetSpecific_Selected,Ridge,29.2163,67.9059,-38.6896,38.6896
HPI,18,M7_TargetSpecific_Selected,Ridge,103.6345,50.7414,52.8931,52.8931
HPI,18,M7_TargetSpecific_Selected,Ridge,319.3336,46.0489,273.2847,273.2847
HPI,18,M7_TargetSpecific_Selected,HuberRegressor,19.9861,34.8854,-14.8993,14.8993
HPI,18,M7_TargetSpecific_Selected,HuberRegressor,11.0966,29.888,-18.7915,18.7915
HPI,18,M7_TargetSpecific_Selected,HuberRegressor,12.0574,0.6155,11.4419,11.4419
HPI,18,M7_TargetSpecific_Selected,HuberRegressor,26.6129,43.6636,-17.0507,17.0507
HPI,18,M7_TargetSpecific_Selected,HuberRegressor,14.9659,18.2083,-3.2425,3.2425
HPI,18,M7_TargetSpecific_Selected,HuberRegressor,29.2163,71.3018,-42.0855,42.0855
HPI,18,M7_TargetSpecific_Selected,HuberRegressor,103.6345,52.3542,51.2803,51.2803
HPI,18,M7_TargetSpecific_Selected,HuberRegressor,319.3336,45.7287,273.6049,273.6049
HPI,18,M7_TargetSpecific_Selected,ExtraTrees,19.9861,41.9153,-21.9292,21.9292
HPI,18,M7_TargetSpecific_Selected,ExtraTrees,11.0966,23.932,-12.8354,12.8354
HPI,18,M7_TargetSpecific_Selected,ExtraTrees,12.0574,19.2656,-7.2082,7.2082
HPI,18,M7_TargetSpecific_Selected,ExtraTrees,26.6129,46.3364,-19.7235,19.7235
HPI,18,M7_TargetSpecific_Selected,ExtraTrees,14.9659,23.23,-8.2641,8.2641
HPI,18,M7_TargetSpecific_Selected,ExtraTrees,29.2163,63.6892,-34.4729,34.4729
HPI,18,M7_TargetSpecific_Selected,ExtraTrees,103.6345,48.9416,54.693,54.693
HPI,18,M7_TargetSpecific_Selected,ExtraTrees,319.3336,37.208,282.1256,282.1256
HPI,19,M1_Core,Ridge,18.2899,20.3786,-2.0887,2.0887
HPI,19,M1_Core,Ridge,15.0813,24.6288,-9.5475,9.5475
HPI,19,M1_Core,Ridge,22.759,45.329,-22.57,22.57
HPI,19,M1_Core,Ridge,70.9719,30.215,40.7569,40.7569
HPI,19,M1_Core,Ridge,9.3963,24.6686,-15.2723,15.2723
HPI,19,M1_Core,Ridge,33.1334,37.877,-4.7435,4.7435
HPI,19,M1_Core,Ridge,100.9053,36.9511,63.9543,63.9543
HPI,19,M1_Core,Ridge,32.2413,32.2001,0.0412,0.0412
HPI,19,M1_Core,HuberRegressor,18.2899,38.0306,-19.7407,19.7407
HPI,19,M1_Core,HuberRegressor,15.0813,36.5406,-21.4592,21.4592
HPI,19,M1_Core,HuberRegressor,22.759,46.9444,-24.1853,24.1853
HPI,19,M1_Core,HuberRegressor,70.9719,26.6462,44.3258,44.3258
HPI,19,M1_Core,HuberRegressor,9.3963,25.3819,-15.9856,15.9856
HPI,19,M1_Core,HuberRegressor,33.1334,9.9283,23.2051,23.2051
HPI,19,M1_Core,HuberRegressor,100.9053,34.9542,65.9511,65.9511
HPI,19,M1_Core,HuberRegressor,32.2413,29.5519,2.6894,2.6894
HPI,19,M1_Core,ExtraTrees,18.2899,23.241,-4.9511,4.9511
HPI,19,M1_Core,ExtraTrees,15.0813,23.3064,-8.2251,8.2251
HPI,19,M1_Core,ExtraTrees,22.759,110.0198,-87.2608,87.2608
HPI,19,M1_Core,ExtraTrees,70.9719,35.4363,35.5356,35.5356
HPI,19,M1_Core,ExtraTrees,9.3963,36.4183,-27.0221,27.0221
HPI,19,M1_Core,ExtraTrees,33.1334,79.8963,-46.7628,46.7628
HPI,19,M1_Core,ExtraTrees,100.9053,47.0269,53.8785,53.8785
HPI,19,M1_Core,ExtraTrees,32.2413,28.2086,4.0326,4.0326
HPI,19,M7_TargetSpecific_Selected,Ridge,18.2899,15.8758,2.4141,2.4141
HPI,19,M7_TargetSpecific_Selected,Ridge,15.0813,16.7581,-1.6768,1.6768
HPI,19,M7_TargetSpecific_Selected,Ridge,22.759,45.3457,-22.5867,22.5867
HPI,19,M7_TargetSpecific_Selected,Ridge,70.9719,32.1386,38.8333,38.8333
HPI,19,M7_TargetSpecific_Selected,Ridge,9.3963,23.3673,-13.9711,13.9711
HPI,19,M7_TargetSpecific_Selected,Ridge,33.1334,67.3434,-34.21,34.21
HPI,19,M7_TargetSpecific_Selected,Ridge,100.9053,46.7629,54.1425,54.1425
HPI,19,M7_TargetSpecific_Selected,Ridge,32.2413,33.0947,-0.8534,0.8534
HPI,19,M7_TargetSpecific_Selected,HuberRegressor,18.2899,48.5187,-30.2288,30.2288
HPI,19,M7_TargetSpecific_Selected,HuberRegressor,15.0813,48.2045,-33.1232,33.1232
HPI,19,M7_TargetSpecific_Selected,HuberRegressor,22.759,44.5299,-21.7709,21.7709
HPI,19,M7_TargetSpecific_Selected,HuberRegressor,70.9719,33.1001,37.8719,37.8719
HPI,19,M7_TargetSpecific_Selected,HuberRegressor,9.3963,29.4124,-20.0161,20.0161
HPI,19,M7_TargetSpecific_Selected,HuberRegressor,33.1334,48.0732,-14.9397,14.9397
HPI,19,M7_TargetSpecific_Selected,HuberRegressor,100.9053,40.608,60.2973,60.2973
HPI,19,M7_TargetSpecific_Selected,HuberRegressor,32.2413,36.7439,-4.5026,4.5026
HPI,19,M7_TargetSpecific_Selected,ExtraTrees,18.2899,23.3227,-5.0328,5.0328
HPI,19,M7_TargetSpecific_Selected,ExtraTrees,15.0813,24.5447,-9.4634,9.4634
HPI,19,M7_TargetSpecific_Selected,ExtraTrees,22.759,47.0425,-24.2835,24.2835
HPI,19,M7_TargetSpecific_Selected,ExtraTrees,70.9719,34.0561,36.9158,36.9158
HPI,19,M7_TargetSpecific_Selected,ExtraTrees,9.3963,31.4408,-22.0445,22.0445
HPI,19,M7_TargetSpecific_Selected,ExtraTrees,33.1334,81.8379,-48.7045,48.7045
HPI,19,M7_TargetSpecific_Selected,ExtraTrees,100.9053,47.634,53.2713,53.2713
HPI,19,M7_TargetSpecific_Selected,ExtraTrees,32.2413,31.0449,1.1964,1.1964
HPI,20,M1_Core,Ridge,56.3743,46.047,10.3272,10.3272
HPI,20,M1_Core,Ridge,15.0462,43.6453,-28.5991,28.5991
HPI,20,M1_Core,Ridge,15.0813,29.563,-14.4817,14.4817
HPI,20,M1_Core,Ridge,97.9351,45.2753,52.6598,52.6598
HPI,20,M1_Core,Ridge,91.7456,34.7804,56.9652,56.9652
HPI,20,M1_Core,Ridge,28.0216,39.3047,-11.2831,11.2831
HPI,20,M1_Core,Ridge,14.1431,54.8123,-40.6693,40.6693
HPI,20,M1_Core,Ridge,31.8405,39.6433,-7.8028,7.8028
HPI,20,M1_Core,HuberRegressor,56.3743,40.8252,15.5491,15.5491
HPI,20,M1_Core,HuberRegressor,15.0462,38.5368,-23.4906,23.4906
HPI,20,M1_Core,HuberRegressor,15.0813,33.7723,-18.691,18.691
HPI,20,M1_Core,HuberRegressor,97.9351,41.4846,56.4504,56.4504
HPI,20,M1_Core,HuberRegressor,91.7456,31.0767,60.669,60.669
HPI,20,M1_Core,HuberRegressor,28.0216,34.1707,-6.1491,6.1491
HPI,20,M1_Core,HuberRegressor,14.1431,49.2791,-35.136,35.136
HPI,20,M1_Core,HuberRegressor,31.8405,34.6725,-2.832,2.832
HPI,20,M1_Core,ExtraTrees,56.3743,33.4955,22.8788,22.8788
HPI,20,M1_Core,ExtraTrees,15.0462,27.1233,-12.0772,12.0772
HPI,20,M1_Core,ExtraTrees,15.0813,20.781,-5.6997,5.6997
HPI,20,M1_Core,ExtraTrees,97.9351,28.0583,69.8767,69.8767
HPI,20,M1_Core,ExtraTrees,91.7456,25.5203,66.2254,66.2254
HPI,20,M1_Core,ExtraTrees,28.0216,53.1761,-25.1545,25.1545
HPI,20,M1_Core,ExtraTrees,14.1431,51.0299,-36.8868,36.8868
HPI,20,M1_Core,ExtraTrees,31.8405,50.4946,-18.6541,18.6541
HPI,20,M7_TargetSpecific_Selected,Ridge,56.3743,50.6653,5.709,5.709
HPI,20,M7_TargetSpecific_Selected,Ridge,15.0462,31.8152,-16.769,16.769
HPI,20,M7_TargetSpecific_Selected,Ridge,15.0813,15.1909,-0.1095,0.1095
HPI,20,M7_TargetSpecific_Selected,Ridge,97.9351,37.3999,60.5351,60.5351
HPI,20,M7_TargetSpecific_Selected,Ridge,91.7456,40.2705,51.4752,51.4752
HPI,20,M7_TargetSpecific_Selected,Ridge,28.0216,43.4737,-15.4521,15.4521
HPI,20,M7_TargetSpecific_Selected,Ridge,14.1431,54.4276,-40.2846,40.2846
HPI,20,M7_TargetSpecific_Selected,Ridge,31.8405,47.7266,-15.8862,15.8862
HPI,20,M7_TargetSpecific_Selected,HuberRegressor,56.3743,43.3625,13.0118,13.0118
HPI,20,M7_TargetSpecific_Selected,HuberRegressor,15.0462,26.5641,-11.5179,11.5179
HPI,20,M7_TargetSpecific_Selected,HuberRegressor,15.0813,16.7538,-1.6724,1.6724
HPI,20,M7_TargetSpecific_Selected,HuberRegressor,97.9351,33.4347,64.5004,64.5004
HPI,20,M7_TargetSpecific_Selected,HuberRegressor,91.7456,40.3718,51.3738,51.3738
HPI,20,M7_TargetSpecific_Selected,HuberRegressor,28.0216,42.4563,-14.4347,14.4347
HPI,20,M7_TargetSpecific_Selected,HuberRegressor,14.1431,49.2752,-35.1321,35.1321
HPI,20,M7_TargetSpecific_Selected,HuberRegressor,31.8405,46.4303,-14.5898,14.5898
HPI,20,M7_TargetSpecific_Selected,ExtraTrees,56.3743,38.8101,17.5642,17.5642
HPI,20,M7_TargetSpecific_Selected,ExtraTrees,15.0462,18.2228,-3.1766,3.1766
HPI,20,M7_TargetSpecific_Selected,ExtraTrees,15.0813,21.4923,-6.411,6.411
HPI,20,M7_TargetSpecific_Selected,ExtraTrees,97.9351,34.494,63.441,63.441
HPI,20,M7_TargetSpecific_Selected,ExtraTrees,91.7456,24.8847,66.861,66.861
HPI,20,M7_TargetSpecific_Selected,ExtraTrees,28.0216,58.1131,-30.0915,30.0915
HPI,20,M7_TargetSpecific_Selected,ExtraTrees,14.1431,40.8879,-26.7448,26.7448
HPI,20,M7_TargetSpecific_Selected,ExtraTrees,31.8405,68.0482,-36.2077,36.2077
HPI,21,M1_Core,Ridge,275.9348,36.5011,239.4337,239.4337
HPI,21,M1_Core,Ridge,45.0784,14.606,30.4725,30.4725
HPI,21,M1_Core,Ridge,23.9196,44.2928,-20.3733,20.3733
HPI,21,M1_Core,Ridge,22.759,42.734,-19.975,19.975
HPI,21,M1_Core,Ridge,9.3963,28.2248,-18.8285,18.8285
HPI,21,M1_Core,Ridge,14.9659,22.132,-7.1662,7.1662
HPI,21,M1_Core,Ridge,120.4972,62.1493,58.3479,58.3479
HPI,21,M1_Core,Ridge,100.9053,36.4472,64.4581,64.4581
HPI,21,M1_Core,HuberRegressor,275.9348,30.9606,244.9741,244.9741
HPI,21,M1_Core,HuberRegressor,45.0784,15.0906,29.9878,29.9878
HPI,21,M1_Core,HuberRegressor,23.9196,38.5075,-14.5879,14.5879
HPI,21,M1_Core,HuberRegressor,22.759,37.7209,-14.9619,14.9619
HPI,21,M1_Core,HuberRegressor,9.3963,29.7252,-20.3289,20.3289
HPI,21,M1_Core,HuberRegressor,14.9659,27.4772,-12.5114,12.5114
HPI,21,M1_Core,HuberRegressor,120.4972,45.7291,74.7681,74.7681
HPI,21,M1_Core,HuberRegressor,100.9053,34.2181,66.6872,66.6872
HPI,21,M1_Core,ExtraTrees,275.9348,41.7249,234.2099,234.2099
HPI,21,M1_Core,ExtraTrees,45.0784,20.6659,24.4126,24.4126
HPI,21,M1_Core,ExtraTrees,23.9196,43.2812,-19.3616,19.3616
HPI,21,M1_Core,ExtraTrees,22.759,75.9265,-53.1674,53.1674
HPI,21,M1_Core,ExtraTrees,9.3963,42.359,-32.9627,32.9627
HPI,21,M1_Core,ExtraTrees,14.9659,39.6863,-24.7204,24.7204
HPI,21,M1_Core,ExtraTrees,120.4972,64.3345,56.1626,56.1626
HPI,21,M1_Core,ExtraTrees,100.9053,44.7564,56.1489,56.1489
HPI,21,M7_TargetSpecific_Selected,Ridge,275.9348,32.3137,243.6211,243.6211
HPI,21,M7_TargetSpecific_Selected,Ridge,45.0784,11.2788,33.7997,33.7997
HPI,21,M7_TargetSpecific_Selected,Ridge,23.9196,61.7068,-37.7872,37.7872
HPI,21,M7_TargetSpecific_Selected,Ridge,22.759,39.113,-16.354,16.354
HPI,21,M7_TargetSpecific_Selected,Ridge,9.3963,32.286,-22.8897,22.8897
HPI,21,M7_TargetSpecific_Selected,Ridge,14.9659,24.6684,-9.7026,9.7026
HPI,21,M7_TargetSpecific_Selected,Ridge,120.4972,53.4647,67.0324,67.0324
HPI,21,M7_TargetSpecific_Selected,Ridge,100.9053,58.1892,42.7161,42.7161
HPI,21,M7_TargetSpecific_Selected,HuberRegressor,275.9348,25.7431,250.1916,250.1916
HPI,21,M7_TargetSpecific_Selected,HuberRegressor,45.0784,13.4826,31.5958,31.5958
HPI,21,M7_TargetSpecific_Selected,HuberRegressor,23.9196,52.355,-28.4355,28.4355
HPI,21,M7_TargetSpecific_Selected,HuberRegressor,22.759,30.033,-7.274,7.274
HPI,21,M7_TargetSpecific_Selected,HuberRegressor,9.3963,41.6997,-32.3034,32.3034
HPI,21,M7_TargetSpecific_Selected,HuberRegressor,14.9659,34.4055,-19.4396,19.4396
HPI,21,M7_TargetSpecific_Selected,HuberRegressor,120.4972,37.5332,82.964,82.964
HPI,21,M7_TargetSpecific_Selected,HuberRegressor,100.9053,54.9889,45.9165,45.9165
HPI,21,M7_TargetSpecific_Selected,ExtraTrees,275.9348,30.9689,244.9658,244.9658
HPI,21,M7_TargetSpecific_Selected,ExtraTrees,45.0784,19.3916,25.6868,25.6868
HPI,21,M7_TargetSpecific_Selected,ExtraTrees,23.9196,44.1314,-20.2118,20.2118
HPI,21,M7_TargetSpecific_Selected,ExtraTrees,22.759,64.7132,-41.9542,41.9542
HPI,21,M7_TargetSpecific_Selected,ExtraTrees,9.3963,40.2142,-30.8179,30.8179
HPI,21,M7_TargetSpecific_Selected,ExtraTrees,14.9659,30.6312,-15.6654,15.6654
HPI,21,M7_TargetSpecific_Selected,ExtraTrees,120.4972,65.6675,54.8296,54.8296
HPI,21,M7_TargetSpecific_Selected,ExtraTrees,100.9053,49.8473,51.058,51.058
HPI,22,M1_Core,Ridge,19.9861,35.3264,-15.3403,15.3403
HPI,22,M1_Core,Ridge,11.0966,28.7851,-17.6886,17.6886
HPI,22,M1_Core,Ridge,44.308,49.2337,-4.9257,4.9257
HPI,22,M1_Core,Ridge,26.6129,39.7589,-13.146,13.146
HPI,22,M1_Core,Ridge,12.504,35.3823,-22.8783,22.8783
HPI,22,M1_Core,Ridge,70.9719,28.3699,42.602,42.602
HPI,22,M1_Core,Ridge,39.5137,101.3167,-61.803,61.803
HPI,22,M1_Core,Ridge,319.3336,41.9234,277.4102,277.4102
HPI,22,M1_Core,HuberRegressor,19.9861,34.2535,-14.2674,14.2674
HPI,22,M1_Core,HuberRegressor,11.0966,25.6169,-14.5204,14.5204
HPI,22,M1_Core,HuberRegressor,44.308,47.095,-2.787,2.787
HPI,22,M1_Core,HuberRegressor,26.6129,37.5576,-10.9447,10.9447
HPI,22,M1_Core,HuberRegressor,12.504,31.6286,-19.1246,19.1246
HPI,22,M1_Core,HuberRegressor,70.9719,26.6755,44.2964,44.2964
HPI,22,M1_Core,HuberRegressor,39.5137,113.6365,-74.1228,74.1228
HPI,22,M1_Core,HuberRegressor,319.3336,36.8656,282.468,282.468
HPI,22,M1_Core,ExtraTrees,19.9861,31.4377,-11.4515,11.4515
HPI,22,M1_Core,ExtraTrees,11.0966,24.8729,-13.7764,13.7764
HPI,22,M1_Core,ExtraTrees,44.308,43.66,0.648,0.648
HPI,22,M1_Core,ExtraTrees,26.6129,30.8799,-4.267,4.267
HPI,22,M1_Core,ExtraTrees,12.504,52.6302,-40.1261,40.1261
HPI,22,M1_Core,ExtraTrees,70.9719,26.7781,44.1938,44.1938
HPI,22,M1_Core,ExtraTrees,39.5137,63.1263,-23.6126,23.6126
HPI,22,M1_Core,ExtraTrees,319.3336,38.9849,280.3487,280.3487
HPI,22,M7_TargetSpecific_Selected,Ridge,19.9861,41.3273,-21.3412,21.3412
HPI,22,M7_TargetSpecific_Selected,Ridge,11.0966,30.5007,-19.4042,19.4042
HPI,22,M7_TargetSpecific_Selected,Ridge,44.308,44.9075,-0.5994,0.5994
HPI,22,M7_TargetSpecific_Selected,Ridge,26.6129,44.6541,-18.0412,18.0412
HPI,22,M7_TargetSpecific_Selected,Ridge,12.504,116.7283,-104.2243,104.2243
HPI,22,M7_TargetSpecific_Selected,Ridge,70.9719,25.9935,44.9785,44.9785
HPI,22,M7_TargetSpecific_Selected,Ridge,39.5137,80.3487,-40.835,40.835
HPI,22,M7_TargetSpecific_Selected,Ridge,319.3336,43.5673,275.7663,275.7663
HPI,22,M7_TargetSpecific_Selected,HuberRegressor,19.9861,42.3853,-22.3992,22.3992
HPI,22,M7_TargetSpecific_Selected,HuberRegressor,11.0966,28.8599,-17.7634,17.7634
HPI,22,M7_TargetSpecific_Selected,HuberRegressor,44.308,45.2255,-0.9175,0.9175
HPI,22,M7_TargetSpecific_Selected,HuberRegressor,26.6129,44.8378,-18.2249,18.2249
HPI,22,M7_TargetSpecific_Selected,HuberRegressor,12.504,116.5622,-104.0582,104.0582
HPI,22,M7_TargetSpecific_Selected,HuberRegressor,70.9719,26.8298,44.1421,44.1421
HPI,22,M7_TargetSpecific_Selected,HuberRegressor,39.5137,81.534,-42.0203,42.0203
HPI,22,M7_TargetSpecific_Selected,HuberRegressor,319.3336,42.4737,276.8599,276.8599
HPI,22,M7_TargetSpecific_Selected,ExtraTrees,19.9861,38.4341,-18.448,18.448
HPI,22,M7_TargetSpecific_Selected,ExtraTrees,11.0966,30.2438,-19.1472,19.1472
HPI,22,M7_TargetSpecific_Selected,ExtraTrees,44.308,60.0818,-15.7738,15.7738
HPI,22,M7_TargetSpecific_Selected,ExtraTrees,26.6129,40.0141,-13.4012,13.4012
HPI,22,M7_TargetSpecific_Selected,ExtraTrees,12.504,26.2585,-13.7545,13.7545
HPI,22,M7_TargetSpecific_Selected,ExtraTrees,70.9719,21.3196,49.6523,49.6523
HPI,22,M7_TargetSpecific_Selected,ExtraTrees,39.5137,75.5231,-36.0094,36.0094
HPI,22,M7_TargetSpecific_Selected,ExtraTrees,319.3336,39.3371,279.9965,279.9965
HPI,23,M1_Core,Ridge,18.2899,15.774,2.516,2.516
HPI,23,M1_Core,Ridge,12.0574,18.5625,-6.5051,6.5051
HPI,23,M1_Core,Ridge,33.1334,59.8469,-26.7135,26.7135
HPI,23,M1_Core,Ridge,59.301,107.0808,-47.7798,47.7798
HPI,23,M1_Core,Ridge,29.2163,70.3249,-41.1086,41.1086
HPI,23,M1_Core,Ridge,103.6345,33.3695,70.265,70.265
HPI,23,M1_Core,Ridge,43.0009,44.4564,-1.4555,1.4555
HPI,23,M1_Core,Ridge,32.2413,32.6009,-0.3596,0.3596
HPI,23,M1_Core,HuberRegressor,18.2899,21.6469,-3.357,3.357
HPI,23,M1_Core,HuberRegressor,12.0574,17.1913,-5.1339,5.1339
HPI,23,M1_Core,HuberRegressor,33.1334,30.7736,2.3598,2.3598
HPI,23,M1_Core,HuberRegressor,59.301,103.3365,-44.0355,44.0355
HPI,23,M1_Core,HuberRegressor,29.2163,62.7338,-33.5175,33.5175
HPI,23,M1_Core,HuberRegressor,103.6345,35.0418,68.5927,68.5927
HPI,23,M1_Core,HuberRegressor,43.0009,48.7851,-5.7842,5.7842
HPI,23,M1_Core,HuberRegressor,32.2413,30.8356,1.4057,1.4057
HPI,23,M1_Core,ExtraTrees,18.2899,18.3946,-0.1047,0.1047
HPI,23,M1_Core,ExtraTrees,12.0574,23.6332,-11.5758,11.5758
HPI,23,M1_Core,ExtraTrees,33.1334,92.1449,-59.0115,59.0115
HPI,23,M1_Core,ExtraTrees,59.301,59.8703,-0.5693,0.5693
HPI,23,M1_Core,ExtraTrees,29.2163,48.2684,-19.0521,19.0521
HPI,23,M1_Core,ExtraTrees,103.6345,36.5013,67.1332,67.1332
HPI,23,M1_Core,ExtraTrees,43.0009,52.6263,-9.6254,9.6254
HPI,23,M1_Core,ExtraTrees,32.2413,31.2953,0.946,0.946
HPI,23,M7_TargetSpecific_Selected,Ridge,18.2899,8.7379,9.552,9.552
HPI,23,M7_TargetSpecific_Selected,Ridge,12.0574,1.1108,10.9467,10.9467
HPI,23,M7_TargetSpecific_Selected,Ridge,33.1334,86.8041,-53.6707,53.6707
HPI,23,M7_TargetSpecific_Selected,Ridge,59.301,144.0522,-84.7512,84.7512
HPI,23,M7_TargetSpecific_Selected,Ridge,29.2163,89.8699,-60.6536,60.6536
HPI,23,M7_TargetSpecific_Selected,Ridge,103.6345,46.429,57.2055,57.2055
HPI,23,M7_TargetSpecific_Selected,Ridge,43.0009,49.8739,-6.873,6.873
HPI,23,M7_TargetSpecific_Selected,Ridge,32.2413,41.1074,-8.8661,8.8661
HPI,23,M7_TargetSpecific_Selected,HuberRegressor,18.2899,11.4166,6.8733,6.8733
HPI,23,M7_TargetSpecific_Selected,HuberRegressor,12.0574,0.3921,11.6654,11.6654
HPI,23,M7_TargetSpecific_Selected,HuberRegressor,33.1334,84.3261,-51.1927,51.1927
HPI,23,M7_TargetSpecific_Selected,HuberRegressor,59.301,123.4625,-64.1615,64.1615
HPI,23,M7_TargetSpecific_Selected,HuberRegressor,29.2163,86.8959,-57.6796,57.6796
HPI,23,M7_TargetSpecific_Selected,HuberRegressor,103.6345,49.2365,54.3981,54.3981
HPI,23,M7_TargetSpecific_Selected,HuberRegressor,43.0009,59.0159,-16.015,16.015
HPI,23,M7_TargetSpecific_Selected,HuberRegressor,32.2413,42.7486,-10.5074,10.5074
HPI,23,M7_TargetSpecific_Selected,ExtraTrees,18.2899,15.3502,2.9397,2.9397
HPI,23,M7_TargetSpecific_Selected,ExtraTrees,12.0574,14.9718,-2.9143,2.9143
HPI,23,M7_TargetSpecific_Selected,ExtraTrees,33.1334,79.139,-46.0056,46.0056
HPI,23,M7_TargetSpecific_Selected,ExtraTrees,59.301,87.6321,-28.3312,28.3312
HPI,23,M7_TargetSpecific_Selected,ExtraTrees,29.2163,91.1239,-61.9076,61.9076
HPI,23,M7_TargetSpecific_Selected,ExtraTrees,103.6345,42.898,60.7366,60.7366
HPI,23,M7_TargetSpecific_Selected,ExtraTrees,43.0009,61.5862,-18.5853,18.5853
HPI,23,M7_TargetSpecific_Selected,ExtraTrees,32.2413,49.3716,-17.1304,17.1304
HPI,24,M1_Core,Ridge,11.7579,10.1614,1.5965,1.5965
HPI,24,M1_Core,Ridge,78.8602,42.4393,36.4208,36.4208
HPI,24,M1_Core,Ridge,6.3543,39.5747,-33.2204,33.2204
HPI,24,M1_Core,Ridge,22.8432,33.4518,-10.6086,10.6086
HPI,24,M1_Core,Ridge,8.5282,33.8004,-25.2722,25.2722
HPI,24,M1_Core,Ridge,58.5864,14.8677,43.7187,43.7187
HPI,24,M1_Core,Ridge,72.0293,32.1025,39.9268,39.9268
HPI,24,M1_Core,Ridge,244.561,54.3139,190.2471,190.2471
HPI,24,M1_Core,HuberRegressor,11.7579,7.7227,4.0352,4.0352
HPI,24,M1_Core,HuberRegressor,78.8602,40.9493,37.9109,37.9109
HPI,24,M1_Core,HuberRegressor,6.3543,36.819,-30.4648,30.4648
HPI,24,M1_Core,HuberRegressor,22.8432,27.6375,-4.7943,4.7943
HPI,24,M1_Core,HuberRegressor,8.5282,30.1049,-21.5767,21.5767
HPI,24,M1_Core,HuberRegressor,58.5864,20.2847,38.3017,38.3017
HPI,24,M1_Core,HuberRegressor,72.0293,34.1302,37.8992,37.8992
HPI,24,M1_Core,HuberRegressor,244.561,52.529,192.032,192.032
HPI,24,M1_Core,ExtraTrees,11.7579,26.1746,-14.4166,14.4166
HPI,24,M1_Core,ExtraTrees,78.8602,45.9838,32.8763,32.8763
HPI,24,M1_Core,ExtraTrees,6.3543,35.1617,-28.8074,28.8074
HPI,24,M1_Core,ExtraTrees,22.8432,32.3862,-9.543,9.543
HPI,24,M1_Core,ExtraTrees,8.5282,40.9479,-32.4197,32.4197
HPI,24,M1_Core,ExtraTrees,58.5864,27.9668,30.6196,30.6196
HPI,24,M1_Core,ExtraTrees,72.0293,39.2979,32.7314,32.7314
HPI,24,M1_Core,ExtraTrees,244.561,27.3408,217.2202,217.2202
HPI,24,M7_TargetSpecific_Selected,Ridge,11.7579,21.4263,-9.6684,9.6684
HPI,24,M7_TargetSpecific_Selected,Ridge,78.8602,16.18,62.6801,62.6801
HPI,24,M7_TargetSpecific_Selected,Ridge,6.3543,44.0186,-37.6643,37.6643
HPI,24,M7_TargetSpecific_Selected,Ridge,22.8432,28.4046,-5.5614,5.5614
HPI,24,M7_TargetSpecific_Selected,Ridge,8.5282,35.364,-26.8358,26.8358
HPI,24,M7_TargetSpecific_Selected,Ridge,58.5864,13.7323,44.8541,44.8541
HPI,24,M7_TargetSpecific_Selected,Ridge,72.0293,37.9002,34.1291,34.1291
HPI,24,M7_TargetSpecific_Selected,Ridge,244.561,66.5206,178.0404,178.0404
HPI,24,M7_TargetSpecific_Selected,HuberRegressor,11.7579,21.427,-9.669,9.669
HPI,24,M7_TargetSpecific_Selected,HuberRegressor,78.8602,12.8419,66.0182,66.0182
HPI,24,M7_TargetSpecific_Selected,HuberRegressor,6.3543,43.8588,-37.5045,37.5045
HPI,24,M7_TargetSpecific_Selected,HuberRegressor,22.8432,27.3252,-4.4821,4.4821
HPI,24,M7_TargetSpecific_Selected,HuberRegressor,8.5282,39.072,-30.5438,30.5438
HPI,24,M7_TargetSpecific_Selected,HuberRegressor,58.5864,12.0574,46.529,46.529
HPI,24,M7_TargetSpecific_Selected,HuberRegressor,72.0293,35.0541,36.9752,36.9752
HPI,24,M7_TargetSpecific_Selected,HuberRegressor,244.561,66.9256,177.6354,177.6354
HPI,24,M7_TargetSpecific_Selected,ExtraTrees,11.7579,22.273,-10.515,10.515
HPI,24,M7_TargetSpecific_Selected,ExtraTrees,78.8602,25.92,52.9402,52.9402
HPI,24,M7_TargetSpecific_Selected,ExtraTrees,6.3543,39.237,-32.8828,32.8828
HPI,24,M7_TargetSpecific_Selected,ExtraTrees,22.8432,21.9633,0.8799,0.8799
HPI,24,M7_TargetSpecific_Selected,ExtraTrees,8.5282,33.5442,-25.016,25.016
HPI,24,M7_TargetSpecific_Selected,ExtraTrees,58.5864,39.1845,19.4019,19.4019
HPI,24,M7_TargetSpecific_Selected,ExtraTrees,72.0293,48.9188,23.1105,23.1105
HPI,24,M7_TargetSpecific_Selected,ExtraTrees,244.561,37.8242,206.7368,206.7368
HEI,0,M1_Core,Ridge,2.0966,9.269,-7.1724,7.1724
HEI,0,M1_Core,Ridge,2.3508,14.8208,-12.47,12.47
HEI,0,M1_Core,Ridge,20.3602,5.6421,14.7181,14.7181
HEI,0,M1_Core,Ridge,9.7079,10.1458,-0.4379,0.4379
HEI,0,M1_Core,Ridge,0.8201,6.5103,-5.6902,5.6902
HEI,0,M1_Core,Ridge,6.8552,19.0948,-12.2395,12.2395
HEI,0,M1_Core,Ridge,1.7028,10.0678,-8.365,8.365
HEI,0,M1_Core,Ridge,15.3829,6.2567,9.1262,9.1262
HEI,0,M1_Core,HuberRegressor,2.0966,7.3256,-5.229,5.229
HEI,0,M1_Core,HuberRegressor,2.3508,12.6506,-10.2998,10.2998
HEI,0,M1_Core,HuberRegressor,20.3602,5.2401,15.1201,15.1201
HEI,0,M1_Core,HuberRegressor,9.7079,9.4885,0.2194,0.2194
HEI,0,M1_Core,HuberRegressor,0.8201,6.664,-5.8439,5.8439
HEI,0,M1_Core,HuberRegressor,6.8552,10.3966,-3.5413,3.5413
HEI,0,M1_Core,HuberRegressor,1.7028,8.1621,-6.4594,6.4594
HEI,0,M1_Core,HuberRegressor,15.3829,6.3512,9.0316,9.0316
HEI,0,M1_Core,ExtraTrees,2.0966,3.6458,-1.5491,1.5491
HEI,0,M1_Core,ExtraTrees,2.3508,14.1243,-11.7735,11.7735
HEI,0,M1_Core,ExtraTrees,20.3602,3.4307,16.9295,16.9295
HEI,0,M1_Core,ExtraTrees,9.7079,11.9866,-2.2787,2.2787
HEI,0,M1_Core,ExtraTrees,0.8201,6.8897,-6.0696,6.0696
HEI,0,M1_Core,ExtraTrees,6.8552,14.1096,-7.2543,7.2543
HEI,0,M1_Core,ExtraTrees,1.7028,7.9876,-6.2849,6.2849
HEI,0,M1_Core,ExtraTrees,15.3829,9.6775,5.7053,5.7053
HEI,0,M7_TargetSpecific_Selected,Ridge,2.0966,10.6255,-8.5289,8.5289
HEI,0,M7_TargetSpecific_Selected,Ridge,2.3508,53.934,-51.5832,51.5832
HEI,0,M7_TargetSpecific_Selected,Ridge,20.3602,7.4162,12.9439,12.9439
HEI,0,M7_TargetSpecific_Selected,Ridge,9.7079,11.676,-1.9681,1.9681
HEI,0,M7_TargetSpecific_Selected,Ridge,0.8201,7.0554,-6.2353,6.2353
HEI,0,M7_TargetSpecific_Selected,Ridge,6.8552,15.2537,-8.3985,8.3985
HEI,0,M7_TargetSpecific_Selected,Ridge,1.7028,13.5597,-11.8569,11.8569
HEI,0,M7_TargetSpecific_Selected,Ridge,15.3829,6.3919,8.991,8.991
HEI,0,M7_TargetSpecific_Selected,HuberRegressor,2.0966,9.6008,-7.5042,7.5042
HEI,0,M7_TargetSpecific_Selected,HuberRegressor,2.3508,71.9255,-69.5747,69.5747
HEI,0,M7_TargetSpecific_Selected,HuberRegressor,20.3602,7.7609,12.5993,12.5993
HEI,0,M7_TargetSpecific_Selected,HuberRegressor,9.7079,11.9246,-2.2167,2.2167
HEI,0,M7_TargetSpecific_Selected,HuberRegressor,0.8201,7.6589,-6.8388,6.8388
HEI,0,M7_TargetSpecific_Selected,HuberRegressor,6.8552,10.6084,-3.7531,3.7531
HEI,0,M7_TargetSpecific_Selected,HuberRegressor,1.7028,13.6829,-11.9802,11.9802
HEI,0,M7_TargetSpecific_Selected,HuberRegressor,15.3829,6.1565,9.2264,9.2264
HEI,0,M7_TargetSpecific_Selected,ExtraTrees,2.0966,3.9077,-1.8111,1.8111
HEI,0,M7_TargetSpecific_Selected,ExtraTrees,2.3508,12.1621,-9.8112,9.8112
HEI,0,M7_TargetSpecific_Selected,ExtraTrees,20.3602,3.486,16.8742,16.8742
HEI,0,M7_TargetSpecific_Selected,ExtraTrees,9.7079,11.0957,-1.3878,1.3878
HEI,0,M7_TargetSpecific_Selected,ExtraTrees,0.8201,7.4406,-6.6205,6.6205
HEI,0,M7_TargetSpecific_Selected,ExtraTrees,6.8552,18.7523,-11.8971,11.8971
HEI,0,M7_TargetSpecific_Selected,ExtraTrees,1.7028,8.2874,-6.5846,6.5846
HEI,0,M7_TargetSpecific_Selected,ExtraTrees,15.3829,9.0358,6.3471,6.3471
HEI,1,M1_Core,Ridge,0.4495,2.0804,-1.6309,1.6309
HEI,1,M1_Core,Ridge,5.5968,6.9625,-1.3657,1.3657
HEI,1,M1_Core,Ridge,63.25,7.3598,55.8902,55.8902
HEI,1,M1_Core,Ridge,4.7856,6.6013,-1.8156,1.8156
HEI,1,M1_Core,Ridge,5.0363,4.3832,0.6531,0.6531
HEI,1,M1_Core,Ridge,8.6978,18.1651,-9.4673,9.4673
HEI,1,M1_Core,Ridge,9.2283,7.5906,1.6377,1.6377
HEI,1,M1_Core,Ridge,90.8971,6.8322,84.0649,84.0649
HEI,1,M1_Core,HuberRegressor,0.4495,1.7506,-1.3011,1.3011
HEI,1,M1_Core,HuberRegressor,5.5968,6.991,-1.3942,1.3942
HEI,1,M1_Core,HuberRegressor,63.25,7.3129,55.9371,55.9371
HEI,1,M1_Core,HuberRegressor,4.7856,7.0109,-2.2253,2.2253
HEI,1,M1_Core,HuberRegressor,5.0363,4.1733,0.863,0.863
HEI,1,M1_Core,HuberRegressor,8.6978,19.8304,-11.1326,11.1326
HEI,1,M1_Core,HuberRegressor,9.2283,7.5993,1.629,1.629
HEI,1,M1_Core,HuberRegressor,90.8971,6.5985,84.2986,84.2986
HEI,1,M1_Core,ExtraTrees,0.4495,2.8614,-2.4118,2.4118
HEI,1,M1_Core,ExtraTrees,5.5968,4.5676,1.0292,1.0292
HEI,1,M1_Core,ExtraTrees,63.25,8.4623,54.7877,54.7877
HEI,1,M1_Core,ExtraTrees,4.7856,2.41,2.3756,2.3756
HEI,1,M1_Core,ExtraTrees,5.0363,4.8812,0.1551,0.1551
HEI,1,M1_Core,ExtraTrees,8.6978,11.9198,-3.222,3.222
HEI,1,M1_Core,ExtraTrees,9.2283,9.9497,-0.7214,0.7214
HEI,1,M1_Core,ExtraTrees,90.8971,6.9341,83.963,83.963
HEI,1,M7_TargetSpecific_Selected,Ridge,0.4495,0.0,0.4495,0.4495
HEI,1,M7_TargetSpecific_Selected,Ridge,5.5968,8.7999,-3.2031,3.2031
HEI,1,M7_TargetSpecific_Selected,Ridge,63.25,6.879,56.371,56.371
HEI,1,M7_TargetSpecific_Selected,Ridge,4.7856,5.9247,-1.1391,1.1391
HEI,1,M7_TargetSpecific_Selected,Ridge,5.0363,3.4932,1.5431,1.5431
HEI,1,M7_TargetSpecific_Selected,Ridge,8.6978,18.9811,-10.2833,10.2833
HEI,1,M7_TargetSpecific_Selected,Ridge,9.2283,14.2866,-5.0583,5.0583
HEI,1,M7_TargetSpecific_Selected,Ridge,90.8971,7.3719,83.5252,83.5252
HEI,1,M7_TargetSpecific_Selected,HuberRegressor,0.4495,0.0,0.4495,0.4495
HEI,1,M7_TargetSpecific_Selected,HuberRegressor,5.5968,8.5702,-2.9734,2.9734
HEI,1,M7_TargetSpecific_Selected,HuberRegressor,63.25,6.3023,56.9477,56.9477
HEI,1,M7_TargetSpecific_Selected,HuberRegressor,4.7856,7.3553,-2.5697,2.5697
HEI,1,M7_TargetSpecific_Selected,HuberRegressor,5.0363,2.7959,2.2405,2.2405
HEI,1,M7_TargetSpecific_Selected,HuberRegressor,8.6978,19.1402,-10.4424,10.4424
HEI,1,M7_TargetSpecific_Selected,HuberRegressor,9.2283,14.7872,-5.5589,5.5589
HEI,1,M7_TargetSpecific_Selected,HuberRegressor,90.8971,6.8228,84.0743,84.0743
HEI,1,M7_TargetSpecific_Selected,ExtraTrees,0.4495,3.7397,-3.2902,3.2902
HEI,1,M7_TargetSpecific_Selected,ExtraTrees,5.5968,5.8736,-0.2768,0.2768
HEI,1,M7_TargetSpecific_Selected,ExtraTrees,63.25,7.7339,55.5161,55.5161
HEI,1,M7_TargetSpecific_Selected,ExtraTrees,4.7856,4.4486,0.337,0.337
HEI,1,M7_TargetSpecific_Selected,ExtraTrees,5.0363,5.1188,-0.0824,0.0824
HEI,1,M7_TargetSpecific_Selected,ExtraTrees,8.6978,12.1711,-3.4733,3.4733
HEI,1,M7_TargetSpecific_Selected,ExtraTrees,9.2283,10.6516,-1.4233,1.4233
HEI,1,M7_TargetSpecific_Selected,ExtraTrees,90.8971,6.5757,84.3214,84.3214
HEI,2,M1_Core,Ridge,1.077,0.0056,1.0715,1.0715
HEI,2,M1_Core,Ridge,24.2216,11.7451,12.4765,12.4765
HEI,2,M1_Core,Ridge,1.494,0.0,1.494,1.494
HEI,2,M1_Core,Ridge,3.8275,0.0,3.8275,3.8275
HEI,2,M1_Core,Ridge,2.2224,11.3637,-9.1413,9.1413
HEI,2,M1_Core,Ridge,5.205,6.4156,-1.2107,1.2107
HEI,2,M1_Core,Ridge,12.9993,4.0922,8.9071,8.9071
HEI,2,M1_Core,Ridge,21.0633,8.3925,12.6708,12.6708
HEI,2,M1_Core,HuberRegressor,1.077,0.0372,1.0399,1.0399
HEI,2,M1_Core,HuberRegressor,24.2216,10.7244,13.4972,13.4972
HEI,2,M1_Core,HuberRegressor,1.494,0.0,1.494,1.494
HEI,2,M1_Core,HuberRegressor,3.8275,0.0,3.8275,3.8275
HEI,2,M1_Core,HuberRegressor,2.2224,10.0369,-7.8145,7.8145
HEI,2,M1_Core,HuberRegressor,5.205,5.393,-0.1881,0.1881
HEI,2,M1_Core,HuberRegressor,12.9993,6.626,6.3733,6.3733
HEI,2,M1_Core,HuberRegressor,21.0633,7.9946,13.0687,13.0687
HEI,2,M1_Core,ExtraTrees,1.077,2.8693,-1.7922,1.7922
HEI,2,M1_Core,ExtraTrees,24.2216,12.7591,11.4625,11.4625
HEI,2,M1_Core,ExtraTrees,1.494,4.6668,-3.1729,3.1729
HEI,2,M1_Core,ExtraTrees,3.8275,4.9425,-1.115,1.115
HEI,2,M1_Core,ExtraTrees,2.2224,13.2837,-11.0613,11.0613
HEI,2,M1_Core,ExtraTrees,5.205,4.165,1.04,1.04
HEI,2,M1_Core,ExtraTrees,12.9993,7.1197,5.8796,5.8796
HEI,2,M1_Core,ExtraTrees,21.0633,9.6977,11.3656,11.3656
HEI,2,M7_TargetSpecific_Selected,Ridge,1.077,0.0534,1.0236,1.0236
HEI,2,M7_TargetSpecific_Selected,Ridge,24.2216,11.9972,12.2244,12.2244
HEI,2,M7_TargetSpecific_Selected,Ridge,1.494,0.0,1.494,1.494
HEI,2,M7_TargetSpecific_Selected,Ridge,3.8275,0.0463,3.7812,3.7812
HEI,2,M7_TargetSpecific_Selected,Ridge,2.2224,9.9402,-7.7178,7.7178
HEI,2,M7_TargetSpecific_Selected,Ridge,5.205,6.4742,-1.2693,1.2693
HEI,2,M7_TargetSpecific_Selected,Ridge,12.9993,4.4579,8.5415,8.5415
HEI,2,M7_TargetSpecific_Selected,Ridge,21.0633,9.772,11.2913,11.2913
HEI,2,M7_TargetSpecific_Selected,HuberRegressor,1.077,0.729,0.3481,0.3481
HEI,2,M7_TargetSpecific_Selected,HuberRegressor,24.2216,9.1135,15.1081,15.1081
HEI,2,M7_TargetSpecific_Selected,HuberRegressor,1.494,0.0,1.494,1.494
HEI,2,M7_TargetSpecific_Selected,HuberRegressor,3.8275,0.0,3.8275,3.8275
HEI,2,M7_TargetSpecific_Selected,HuberRegressor,2.2224,8.5208,-6.2983,6.2983
HEI,2,M7_TargetSpecific_Selected,HuberRegressor,5.205,6.7271,-1.5222,1.5222
HEI,2,M7_TargetSpecific_Selected,HuberRegressor,12.9993,6.9109,6.0884,6.0884
HEI,2,M7_TargetSpecific_Selected,HuberRegressor,21.0633,8.6189,12.4444,12.4444
HEI,2,M7_TargetSpecific_Selected,ExtraTrees,1.077,2.5125,-1.4354,1.4354
HEI,2,M7_TargetSpecific_Selected,ExtraTrees,24.2216,12.1441,12.0775,12.0775
HEI,2,M7_TargetSpecific_Selected,ExtraTrees,1.494,4.6495,-3.1556,3.1556
HEI,2,M7_TargetSpecific_Selected,ExtraTrees,3.8275,5.4634,-1.6359,1.6359
HEI,2,M7_TargetSpecific_Selected,ExtraTrees,2.2224,10.9891,-8.7667,8.7667
HEI,2,M7_TargetSpecific_Selected,ExtraTrees,5.205,3.1502,2.0548,2.0548
HEI,2,M7_TargetSpecific_Selected,ExtraTrees,12.9993,8.112,4.8873,4.8873
HEI,2,M7_TargetSpecific_Selected,ExtraTrees,21.0633,9.956,11.1073,11.1073
HEI,3,M1_Core,Ridge,1.5533,7.5262,-5.9729,5.9729
HEI,3,M1_Core,Ridge,5.5691,10.9687,-5.3996,5.3996
HEI,3,M1_Core,Ridge,4.6685,6.5942,-1.9258,1.9258
HEI,3,M1_Core,Ridge,1.6813,5.2803,-3.599,3.599
HEI,3,M1_Core,Ridge,8.4162,22.874,-14.4578,14.4578
HEI,3,M1_Core,Ridge,5.2677,15.778,-10.5103,10.5103
HEI,3,M1_Core,Ridge,6.578,6.9435,-0.3656,0.3656
HEI,3,M1_Core,Ridge,5.7695,8.3315,-2.562,2.562
HEI,3,M1_Core,HuberRegressor,1.5533,7.7075,-6.1541,6.1541
HEI,3,M1_Core,HuberRegressor,5.5691,9.7237,-4.1546,4.1546
HEI,3,M1_Core,HuberRegressor,4.6685,7.0586,-2.3901,2.3901
HEI,3,M1_Core,HuberRegressor,1.6813,5.2387,-3.5573,3.5573
HEI,3,M1_Core,HuberRegressor,8.4162,25.8353,-17.4191,17.4191
HEI,3,M1_Core,HuberRegressor,5.2677,15.94,-10.6723,10.6723
HEI,3,M1_Core,HuberRegressor,6.578,8.1458,-1.5679,1.5679
HEI,3,M1_Core,HuberRegressor,5.7695,9.3404,-3.5709,3.5709
HEI,3,M1_Core,ExtraTrees,1.5533,3.5273,-1.974,1.974
HEI,3,M1_Core,ExtraTrees,5.5691,3.1665,2.4026,2.4026
HEI,3,M1_Core,ExtraTrees,4.6685,11.5973,-6.9288,6.9288
HEI,3,M1_Core,ExtraTrees,1.6813,9.6636,-7.9823,7.9823
HEI,3,M1_Core,ExtraTrees,8.4162,12.6845,-4.2682,4.2682
HEI,3,M1_Core,ExtraTrees,5.2677,12.293,-7.0253,7.0253
HEI,3,M1_Core,ExtraTrees,6.578,10.5189,-3.9409,3.9409
HEI,3,M1_Core,ExtraTrees,5.7695,7.3813,-1.6118,1.6118
HEI,3,M7_TargetSpecific_Selected,Ridge,1.5533,7.2558,-5.7024,5.7024
HEI,3,M7_TargetSpecific_Selected,Ridge,5.5691,6.603,-1.0339,1.0339
HEI,3,M7_TargetSpecific_Selected,Ridge,4.6685,7.22,-2.5515,2.5515
HEI,3,M7_TargetSpecific_Selected,Ridge,1.6813,4.9105,-3.2291,3.2291
HEI,3,M7_TargetSpecific_Selected,Ridge,8.4162,22.2007,-13.7844,13.7844
HEI,3,M7_TargetSpecific_Selected,Ridge,5.2677,16.8939,-11.6262,11.6262
HEI,3,M7_TargetSpecific_Selected,Ridge,6.578,10.5985,-4.0205,4.0205
HEI,3,M7_TargetSpecific_Selected,Ridge,5.7695,8.3787,-2.6092,2.6092
HEI,3,M7_TargetSpecific_Selected,HuberRegressor,1.5533,7.419,-5.8657,5.8657
HEI,3,M7_TargetSpecific_Selected,HuberRegressor,5.5691,6.6398,-1.0708,1.0708
HEI,3,M7_TargetSpecific_Selected,HuberRegressor,4.6685,7.0297,-2.3612,2.3612
HEI,3,M7_TargetSpecific_Selected,HuberRegressor,1.6813,5.2952,-3.6139,3.6139
HEI,3,M7_TargetSpecific_Selected,HuberRegressor,8.4162,20.1306,-11.7144,11.7144
HEI,3,M7_TargetSpecific_Selected,HuberRegressor,5.2677,16.4124,-11.1447,11.1447
HEI,3,M7_TargetSpecific_Selected,HuberRegressor,6.578,10.7959,-4.2179,4.2179
HEI,3,M7_TargetSpecific_Selected,HuberRegressor,5.7695,8.7035,-2.934,2.934
HEI,3,M7_TargetSpecific_Selected,ExtraTrees,1.5533,5.2168,-3.6634,3.6634
HEI,3,M7_TargetSpecific_Selected,ExtraTrees,5.5691,3.7051,1.864,1.864
HEI,3,M7_TargetSpecific_Selected,ExtraTrees,4.6685,8.8516,-4.1831,4.1831
HEI,3,M7_TargetSpecific_Selected,ExtraTrees,1.6813,7.0393,-5.3579,5.3579
HEI,3,M7_TargetSpecific_Selected,ExtraTrees,8.4162,16.4035,-7.9873,7.9873
HEI,3,M7_TargetSpecific_Selected,ExtraTrees,5.2677,16.8987,-11.6309,11.6309
HEI,3,M7_TargetSpecific_Selected,ExtraTrees,6.578,14.4245,-7.8465,7.8465
HEI,3,M7_TargetSpecific_Selected,ExtraTrees,5.7695,12.6199,-6.8504,6.8504
HEI,4,M1_Core,Ridge,12.1732,8.8176,3.3556,3.3556
HEI,4,M1_Core,Ridge,17.8254,9.8579,7.9676,7.9676
HEI,4,M1_Core,Ridge,37.6996,7.9709,29.7287,29.7287
HEI,4,M1_Core,Ridge,5.037,8.0258,-2.9887,2.9887
HEI,4,M1_Core,Ridge,9.0145,7.1264,1.8881,1.8881
HEI,4,M1_Core,Ridge,15.4817,5.8567,9.625,9.625
HEI,4,M1_Core,Ridge,25.7136,13.6465,12.0671,12.0671
HEI,4,M1_Core,Ridge,37.596,9.6244,27.9716,27.9716
HEI,4,M1_Core,HuberRegressor,12.1732,6.3272,5.846,5.846
HEI,4,M1_Core,HuberRegressor,17.8254,8.2455,9.5799,9.5799
HEI,4,M1_Core,HuberRegressor,37.6996,6.3146,31.385,31.385
HEI,4,M1_Core,HuberRegressor,5.037,5.4918,-0.4547,0.4547
HEI,4,M1_Core,HuberRegressor,9.0145,5.2161,3.7984,3.7984
HEI,4,M1_Core,HuberRegressor,15.4817,4.0963,11.3854,11.3854
HEI,4,M1_Core,HuberRegressor,25.7136,9.6619,16.0517,16.0517
HEI,4,M1_Core,HuberRegressor,37.596,7.9051,29.6909,29.6909
HEI,4,M1_Core,ExtraTrees,12.1732,10.4622,1.711,1.711
HEI,4,M1_Core,ExtraTrees,17.8254,9.2065,8.6189,8.6189
HEI,4,M1_Core,ExtraTrees,37.6996,8.2873,29.4123,29.4123
HEI,4,M1_Core,ExtraTrees,5.037,11.8804,-6.8434,6.8434
HEI,4,M1_Core,ExtraTrees,9.0145,9.3221,-0.3076,0.3076
HEI,4,M1_Core,ExtraTrees,15.4817,5.3044,10.1773,10.1773
HEI,4,M1_Core,ExtraTrees,25.7136,11.9157,13.7979,13.7979
HEI,4,M1_Core,ExtraTrees,37.596,4.7496,32.8464,32.8464
HEI,4,M7_TargetSpecific_Selected,Ridge,12.1732,8.9798,3.1934,3.1934
HEI,4,M7_TargetSpecific_Selected,Ridge,17.8254,3.406,14.4195,14.4195
HEI,4,M7_TargetSpecific_Selected,Ridge,37.6996,6.936,30.7636,30.7636
HEI,4,M7_TargetSpecific_Selected,Ridge,5.037,12.3806,-7.3435,7.3435
HEI,4,M7_TargetSpecific_Selected,Ridge,9.0145,10.9133,-1.8988,1.8988
HEI,4,M7_TargetSpecific_Selected,Ridge,15.4817,7.3758,8.1059,8.1059
HEI,4,M7_TargetSpecific_Selected,Ridge,25.7136,10.2266,15.487,15.487
HEI,4,M7_TargetSpecific_Selected,Ridge,37.596,11.2647,26.3313,26.3313
HEI,4,M7_TargetSpecific_Selected,HuberRegressor,12.1732,7.1964,4.9769,4.9769
HEI,4,M7_TargetSpecific_Selected,HuberRegressor,17.8254,4.3639,13.4615,13.4615
HEI,4,M7_TargetSpecific_Selected,HuberRegressor,37.6996,6.0762,31.6234,31.6234
HEI,4,M7_TargetSpecific_Selected,HuberRegressor,5.037,8.8073,-3.7703,3.7703
HEI,4,M7_TargetSpecific_Selected,HuberRegressor,9.0145,8.5849,0.4296,0.4296
HEI,4,M7_TargetSpecific_Selected,HuberRegressor,15.4817,5.9713,9.5104,9.5104
HEI,4,M7_TargetSpecific_Selected,HuberRegressor,25.7136,7.2871,18.4265,18.4265
HEI,4,M7_TargetSpecific_Selected,HuberRegressor,37.596,8.3949,29.2011,29.2011
HEI,4,M7_TargetSpecific_Selected,ExtraTrees,12.1732,11.6801,0.4931,0.4931
HEI,4,M7_TargetSpecific_Selected,ExtraTrees,17.8254,2.9041,14.9213,14.9213
HEI,4,M7_TargetSpecific_Selected,ExtraTrees,37.6996,6.8274,30.8722,30.8722
HEI,4,M7_TargetSpecific_Selected,ExtraTrees,5.037,17.3397,-12.3027,12.3027
HEI,4,M7_TargetSpecific_Selected,ExtraTrees,9.0145,14.6664,-5.6519,5.6519
HEI,4,M7_TargetSpecific_Selected,ExtraTrees,15.4817,4.7583,10.7234,10.7234
HEI,4,M7_TargetSpecific_Selected,ExtraTrees,25.7136,10.642,15.0716,15.0716
HEI,4,M7_TargetSpecific_Selected,ExtraTrees,37.596,7.0667,30.5293,30.5293
HEI,5,M1_Core,Ridge,1.077,1.7694,-0.6923,0.6923
HEI,5,M1_Core,Ridge,2.0966,7.5294,-5.4328,5.4328
HEI,5,M1_Core,Ridge,17.8254,12.3643,5.4611,5.4611
HEI,5,M1_Core,Ridge,5.037,9.6158,-4.5787,4.5787
HEI,5,M1_Core,Ridge,15.4817,6.001,9.4807,9.4807
HEI,5,M1_Core,Ridge,6.8552,17.7477,-10.8924,10.8924
HEI,5,M1_Core,Ridge,5.2677,15.0755,-9.8078,9.8078
HEI,5,M1_Core,Ridge,21.0633,7.015,14.0483,14.0483
HEI,5,M1_Core,HuberRegressor,1.077,2.5304,-1.4534,1.4534
HEI,5,M1_Core,HuberRegressor,2.0966,5.7319,-3.6353,3.6353
HEI,5,M1_Core,HuberRegressor,17.8254,12.5654,5.26,5.26
HEI,5,M1_Core,HuberRegressor,5.037,8.3531,-3.316,3.316
HEI,5,M1_Core,HuberRegressor,15.4817,5.1895,10.2922,10.2922
HEI,5,M1_Core,HuberRegressor,6.8552,9.488,-2.6328,2.6328
HEI,5,M1_Core,HuberRegressor,5.2677,12.5052,-7.2375,7.2375
HEI,5,M1_Core,HuberRegressor,21.0633,6.9321,14.1312,14.1312
HEI,5,M1_Core,ExtraTrees,1.077,3.2145,-2.1375,2.1375
HEI,5,M1_Core,ExtraTrees,2.0966,4.344,-2.2474,2.2474
HEI,5,M1_Core,ExtraTrees,17.8254,12.2339,5.5915,5.5915
HEI,5,M1_Core,ExtraTrees,5.037,13.3287,-8.2916,8.2916
HEI,5,M1_Core,ExtraTrees,15.4817,5.2245,10.2572,10.2572
HEI,5,M1_Core,ExtraTrees,6.8552,16.3504,-9.4952,9.4952
HEI,5,M1_Core,ExtraTrees,5.2677,10.2132,-4.9455,4.9455
HEI,5,M1_Core,ExtraTrees,21.0633,9.3315,11.7318,11.7318
HEI,5,M7_TargetSpecific_Selected,Ridge,1.077,0.6409,0.4362,0.4362
HEI,5,M7_TargetSpecific_Selected,Ridge,2.0966,11.2047,-9.1081,9.1081
HEI,5,M7_TargetSpecific_Selected,Ridge,17.8254,4.3111,13.5143,13.5143
HEI,5,M7_TargetSpecific_Selected,Ridge,5.037,14.3203,-9.2832,9.2832
HEI,5,M7_TargetSpecific_Selected,Ridge,15.4817,7.1469,8.3348,8.3348
HEI,5,M7_TargetSpecific_Selected,Ridge,6.8552,16.5477,-9.6925,9.6925
HEI,5,M7_TargetSpecific_Selected,Ridge,5.2677,16.4355,-11.1678,11.1678
HEI,5,M7_TargetSpecific_Selected,Ridge,21.0633,10.6755,10.3878,10.3878
HEI,5,M7_TargetSpecific_Selected,HuberRegressor,1.077,1.2175,-0.1405,0.1405
HEI,5,M7_TargetSpecific_Selected,HuberRegressor,2.0966,8.4704,-6.3738,6.3738
HEI,5,M7_TargetSpecific_Selected,HuberRegressor,17.8254,4.5407,13.2847,13.2847
HEI,5,M7_TargetSpecific_Selected,HuberRegressor,5.037,12.2025,-7.1655,7.1655
HEI,5,M7_TargetSpecific_Selected,HuberRegressor,15.4817,6.8452,8.6365,8.6365
HEI,5,M7_TargetSpecific_Selected,HuberRegressor,6.8552,10.7551,-3.8999,3.8999
HEI,5,M7_TargetSpecific_Selected,HuberRegressor,5.2677,14.0358,-8.7681,8.7681
HEI,5,M7_TargetSpecific_Selected,HuberRegressor,21.0633,10.1559,10.9074,10.9074
HEI,5,M7_TargetSpecific_Selected,ExtraTrees,1.077,2.3806,-1.3036,1.3036
HEI,5,M7_TargetSpecific_Selected,ExtraTrees,2.0966,5.6326,-3.536,3.536
HEI,5,M7_TargetSpecific_Selected,ExtraTrees,17.8254,4.162,13.6634,13.6634
HEI,5,M7_TargetSpecific_Selected,ExtraTrees,5.037,12.316,-7.279,7.279
HEI,5,M7_TargetSpecific_Selected,ExtraTrees,15.4817,3.986,11.4958,11.4958
HEI,5,M7_TargetSpecific_Selected,ExtraTrees,6.8552,22.1773,-15.3221,15.3221
HEI,5,M7_TargetSpecific_Selected,ExtraTrees,5.2677,11.137,-5.8693,5.8693
HEI,5,M7_TargetSpecific_Selected,ExtraTrees,21.0633,11.3212,9.7421,9.7421
HEI,6,M1_Core,Ridge,1.494,0.0,1.494,1.494
HEI,6,M1_Core,Ridge,63.25,10.3955,52.8545,52.8545
HEI,6,M1_Core,Ridge,2.3508,10.1569,-7.8061,7.8061
HEI,6,M1_Core,Ridge,20.3602,4.8983,15.4619,15.4619
HEI,6,M1_Core,Ridge,4.6685,4.7255,-0.0571,0.0571
HEI,6,M1_Core,Ridge,1.6813,5.1385,-3.4572,3.4572
HEI,6,M1_Core,Ridge,8.4162,21.856,-13.4398,13.4398
HEI,6,M1_Core,Ridge,8.6978,21.3884,-12.6906,12.6906
HEI,6,M1_Core,HuberRegressor,1.494,0.0,1.494,1.494
HEI,6,M1_Core,HuberRegressor,63.25,9.5342,53.7158,53.7158
HEI,6,M1_Core,HuberRegressor,2.3508,9.2053,-6.8545,6.8545
HEI,6,M1_Core,HuberRegressor,20.3602,4.6021,15.758,15.758
HEI,6,M1_Core,HuberRegressor,4.6685,4.6801,-0.0116,0.0116
HEI,6,M1_Core,HuberRegressor,1.6813,4.8916,-3.2103,3.2103
HEI,6,M1_Core,HuberRegressor,8.4162,26.6984,-18.2822,18.2822
HEI,6,M1_Core,HuberRegressor,8.6978,29.2939,-20.5961,20.5961
HEI,6,M1_Core,ExtraTrees,1.494,4.0318,-2.5379,2.5379
HEI,6,M1_Core,ExtraTrees,63.25,11.0655,52.1845,52.1845
HEI,6,M1_Core,ExtraTrees,2.3508,10.866,-8.5151,8.5151
HEI,6,M1_Core,ExtraTrees,20.3602,2.3135,18.0466,18.0466
HEI,6,M1_Core,ExtraTrees,4.6685,4.1323,0.5362,0.5362
HEI,6,M1_Core,ExtraTrees,1.6813,10.3575,-8.6762,8.6762
HEI,6,M1_Core,ExtraTrees,8.4162,11.958,-3.5418,3.5418
HEI,6,M1_Core,ExtraTrees,8.6978,13.2681,-4.5703,4.5703
HEI,6,M7_TargetSpecific_Selected,Ridge,1.494,0.0,1.494,1.494
HEI,6,M7_TargetSpecific_Selected,Ridge,63.25,13.8102,49.4398,49.4398
HEI,6,M7_TargetSpecific_Selected,Ridge,2.3508,18.9903,-16.6395,16.6395
HEI,6,M7_TargetSpecific_Selected,Ridge,20.3602,4.6384,15.7218,15.7218
HEI,6,M7_TargetSpecific_Selected,Ridge,4.6685,3.5235,1.145,1.145
HEI,6,M7_TargetSpecific_Selected,Ridge,1.6813,5.2906,-3.6092,3.6092
HEI,6,M7_TargetSpecific_Selected,Ridge,8.4162,24.3479,-15.9316,15.9316
HEI,6,M7_TargetSpecific_Selected,Ridge,8.6978,19.3815,-10.6837,10.6837
HEI,6,M7_TargetSpecific_Selected,HuberRegressor,1.494,0.0,1.494,1.494
HEI,6,M7_TargetSpecific_Selected,HuberRegressor,63.25,18.1849,45.0651,45.0651
HEI,6,M7_TargetSpecific_Selected,HuberRegressor,2.3508,43.6969,-41.3461,41.3461
HEI,6,M7_TargetSpecific_Selected,HuberRegressor,20.3602,4.623,15.7372,15.7372
HEI,6,M7_TargetSpecific_Selected,HuberRegressor,4.6685,3.1519,1.5166,1.5166
HEI,6,M7_TargetSpecific_Selected,HuberRegressor,1.6813,5.1264,-3.4451,3.4451
HEI,6,M7_TargetSpecific_Selected,HuberRegressor,8.4162,24.1557,-15.7395,15.7395
HEI,6,M7_TargetSpecific_Selected,HuberRegressor,8.6978,20.1213,-11.4235,11.4235
HEI,6,M7_TargetSpecific_Selected,ExtraTrees,1.494,5.9801,-4.4861,4.4861
HEI,6,M7_TargetSpecific_Selected,ExtraTrees,63.25,11.4701,51.7799,51.7799
HEI,6,M7_TargetSpecific_Selected,ExtraTrees,2.3508,13.8913,-11.5405,11.5405
HEI,6,M7_TargetSpecific_Selected,ExtraTrees,20.3602,3.0075,17.3527,17.3527
HEI,6,M7_TargetSpecific_Selected,ExtraTrees,4.6685,3.5582,1.1102,1.1102
HEI,6,M7_TargetSpecific_Selected,ExtraTrees,1.6813,11.163,-9.4816,9.4816
HEI,6,M7_TargetSpecific_Selected,ExtraTrees,8.4162,19.4219,-11.0056,11.0056
HEI,6,M7_TargetSpecific_Selected,ExtraTrees,8.6978,18.7883,-10.0904,10.0904
HEI,7,M1_Core,Ridge,1.5533,6.8437,-5.2904,5.2904
HEI,7,M1_Core,Ridge,9.7079,9.0105,0.6974,0.6974
HEI,7,M1_Core,Ridge,25.7136,15.4846,10.2291,10.2291
HEI,7,M1_Core,Ridge,12.9993,2.6393,10.36,10.36
HEI,7,M1_Core,Ridge,9.2283,8.991,0.2373,0.2373
HEI,7,M1_Core,Ridge,6.578,3.7595,2.8184,2.8184
HEI,7,M1_Core,Ridge,5.7695,4.2502,1.5193,1.5193
HEI,7,M1_Core,Ridge,15.3829,4.6227,10.7602,10.7602
HEI,7,M1_Core,HuberRegressor,1.5533,6.6947,-5.1414,5.1414
HEI,7,M1_Core,HuberRegressor,9.7079,8.1708,1.5371,1.5371
HEI,7,M1_Core,HuberRegressor,25.7136,12.1441,13.5695,13.5695
HEI,7,M1_Core,HuberRegressor,12.9993,4.7945,8.2049,8.2049
HEI,7,M1_Core,HuberRegressor,9.2283,8.3272,0.9011,0.9011
HEI,7,M1_Core,HuberRegressor,6.578,3.98,2.5979,2.5979
HEI,7,M1_Core,HuberRegressor,5.7695,5.3757,0.3937,0.3937
HEI,7,M1_Core,HuberRegressor,15.3829,5.0517,10.3312,10.3312
HEI,7,M1_Core,ExtraTrees,1.5533,5.1197,-3.5664,3.5664
HEI,7,M1_Core,ExtraTrees,9.7079,11.3952,-1.6873,1.6873
HEI,7,M1_Core,ExtraTrees,25.7136,18.7132,7.0004,7.0004
HEI,7,M1_Core,ExtraTrees,12.9993,6.4419,6.5574,6.5574
HEI,7,M1_Core,ExtraTrees,9.2283,11.4159,-2.1877,2.1877
HEI,7,M1_Core,ExtraTrees,6.578,5.5145,1.0635,1.0635
HEI,7,M1_Core,ExtraTrees,5.7695,5.6352,0.1343,0.1343
HEI,7,M1_Core,ExtraTrees,15.3829,5.6786,9.7042,9.7042
HEI,7,M7_TargetSpecific_Selected,Ridge,1.5533,7.3098,-5.7565,5.7565
HEI,7,M7_TargetSpecific_Selected,Ridge,9.7079,11.9634,-2.2555,2.2555
HEI,7,M7_TargetSpecific_Selected,Ridge,25.7136,12.5892,13.1244,13.1244
HEI,7,M7_TargetSpecific_Selected,Ridge,12.9993,4.0149,8.9844,8.9844
HEI,7,M7_TargetSpecific_Selected,Ridge,9.2283,14.9359,-5.7076,5.7076
HEI,7,M7_TargetSpecific_Selected,Ridge,6.578,5.5088,1.0691,1.0691
HEI,7,M7_TargetSpecific_Selected,Ridge,5.7695,4.9773,0.7921,0.7921
HEI,7,M7_TargetSpecific_Selected,Ridge,15.3829,6.1685,9.2143,9.2143
HEI,7,M7_TargetSpecific_Selected,HuberRegressor,1.5533,6.8931,-5.3398,5.3398
HEI,7,M7_TargetSpecific_Selected,HuberRegressor,9.7079,11.3317,-1.6238,1.6238
HEI,7,M7_TargetSpecific_Selected,HuberRegressor,25.7136,9.8426,15.871,15.871
HEI,7,M7_TargetSpecific_Selected,HuberRegressor,12.9993,6.3575,6.6419,6.6419
HEI,7,M7_TargetSpecific_Selected,HuberRegressor,9.2283,14.2698,-5.0415,5.0415
HEI,7,M7_TargetSpecific_Selected,HuberRegressor,6.578,6.1118,0.4661,0.4661
HEI,7,M7_TargetSpecific_Selected,HuberRegressor,5.7695,5.9499,-0.1804,0.1804
HEI,7,M7_TargetSpecific_Selected,HuberRegressor,15.3829,6.9552,8.4277,8.4277
HEI,7,M7_TargetSpecific_Selected,ExtraTrees,1.5533,6.2528,-4.6994,4.6994
HEI,7,M7_TargetSpecific_Selected,ExtraTrees,9.7079,12.06,-2.3521,2.3521
HEI,7,M7_TargetSpecific_Selected,ExtraTrees,25.7136,14.591,11.1226,11.1226
HEI,7,M7_TargetSpecific_Selected,ExtraTrees,12.9993,8.2362,4.7631,4.7631
HEI,7,M7_TargetSpecific_Selected,ExtraTrees,9.2283,12.7629,-3.5346,3.5346
HEI,7,M7_TargetSpecific_Selected,ExtraTrees,6.578,9.1403,-2.5623,2.5623
HEI,7,M7_TargetSpecific_Selected,ExtraTrees,5.7695,7.3181,-1.5486,1.5486
HEI,7,M7_TargetSpecific_Selected,ExtraTrees,15.3829,8.843,6.5399,6.5399
HEI,8,M1_Core,Ridge,24.2216,9.4373,14.7843,14.7843
HEI,8,M1_Core,Ridge,0.4495,5.1359,-4.6863,4.6863
HEI,8,M1_Core,Ridge,12.1732,10.6897,1.4835,1.4835
HEI,8,M1_Core,Ridge,3.8275,1.9006,1.9269,1.9269
HEI,8,M1_Core,Ridge,37.6996,8.8811,28.8184,28.8184
HEI,8,M1_Core,Ridge,0.8201,7.806,-6.9859,6.9859
HEI,8,M1_Core,Ridge,9.0145,9.4749,-0.4604,0.4604
HEI,8,M1_Core,Ridge,1.7028,8.7076,-7.0048,7.0048
HEI,8,M1_Core,HuberRegressor,24.2216,8.7342,15.4875,15.4875
HEI,8,M1_Core,HuberRegressor,0.4495,3.8345,-3.385,3.385
HEI,8,M1_Core,HuberRegressor,12.1732,9.3333,2.84,2.84
HEI,8,M1_Core,HuberRegressor,3.8275,1.9221,1.9054,1.9054
HEI,8,M1_Core,HuberRegressor,37.6996,8.5754,29.1241,29.1241
HEI,8,M1_Core,HuberRegressor,0.8201,7.1074,-6.2873,6.2873
HEI,8,M1_Core,HuberRegressor,9.0145,8.3732,0.6413,0.6413
HEI,8,M1_Core,HuberRegressor,1.7028,7.48,-5.7772,5.7772
HEI,8,M1_Core,ExtraTrees,24.2216,8.5485,15.6731,15.6731
HEI,8,M1_Core,ExtraTrees,0.4495,5.5903,-5.1408,5.1408
HEI,8,M1_Core,ExtraTrees,12.1732,11.5629,0.6104,0.6104
HEI,8,M1_Core,ExtraTrees,3.8275,1.5143,2.3132,2.3132
HEI,8,M1_Core,ExtraTrees,37.6996,7.1077,30.5919,30.5919
HEI,8,M1_Core,ExtraTrees,0.8201,7.3112,-6.4911,6.4911
HEI,8,M1_Core,ExtraTrees,9.0145,10.881,-1.8665,1.8665
HEI,8,M1_Core,ExtraTrees,1.7028,8.4481,-6.7453,6.7453
HEI,8,M7_TargetSpecific_Selected,Ridge,24.2216,9.8129,14.4087,14.4087
HEI,8,M7_TargetSpecific_Selected,Ridge,0.4495,0.1147,0.3348,0.3348
HEI,8,M7_TargetSpecific_Selected,Ridge,12.1732,12.6264,-0.4532,0.4532
HEI,8,M7_TargetSpecific_Selected,Ridge,3.8275,1.7201,2.1073,2.1073
HEI,8,M7_TargetSpecific_Selected,Ridge,37.6996,6.9159,30.7837,30.7837
HEI,8,M7_TargetSpecific_Selected,Ridge,0.8201,8.6277,-7.8076,7.8076
HEI,8,M7_TargetSpecific_Selected,Ridge,9.0145,12.8278,-3.8133,3.8133
HEI,8,M7_TargetSpecific_Selected,Ridge,1.7028,9.5744,-7.8716,7.8716
HEI,8,M7_TargetSpecific_Selected,HuberRegressor,24.2216,8.1299,16.0917,16.0917
HEI,8,M7_TargetSpecific_Selected,HuberRegressor,0.4495,0.0083,0.4412,0.4412
HEI,8,M7_TargetSpecific_Selected,HuberRegressor,12.1732,16.4328,-4.2596,4.2596
HEI,8,M7_TargetSpecific_Selected,HuberRegressor,3.8275,2.5989,1.2286,1.2286
HEI,8,M7_TargetSpecific_Selected,HuberRegressor,37.6996,4.9389,32.7606,32.7606
HEI,8,M7_TargetSpecific_Selected,HuberRegressor,0.8201,11.8747,-11.0546,11.0546
HEI,8,M7_TargetSpecific_Selected,HuberRegressor,9.0145,14.0426,-5.0281,5.0281
HEI,8,M7_TargetSpecific_Selected,HuberRegressor,1.7028,13.5945,-11.8918,11.8918
HEI,8,M7_TargetSpecific_Selected,ExtraTrees,24.2216,7.3518,16.8699,16.8699
HEI,8,M7_TargetSpecific_Selected,ExtraTrees,0.4495,3.2302,-2.7807,2.7807
HEI,8,M7_TargetSpecific_Selected,ExtraTrees,12.1732,10.6405,1.5328,1.5328
HEI,8,M7_TargetSpecific_Selected,ExtraTrees,3.8275,2.025,1.8024,1.8024
HEI,8,M7_TargetSpecific_Selected,ExtraTrees,37.6996,5.888,31.8115,31.8115
HEI,8,M7_TargetSpecific_Selected,ExtraTrees,0.8201,6.8476,-6.0275,6.0275
HEI,8,M7_TargetSpecific_Selected,ExtraTrees,9.0145,11.3204,-2.3059,2.3059
HEI,8,M7_TargetSpecific_Selected,ExtraTrees,1.7028,8.8376,-7.1348,7.1348
HEI,9,M1_Core,Ridge,5.5691,9.3945,-3.8254,3.8254
HEI,9,M1_Core,Ridge,5.5968,8.1025,-2.5057,2.5057
HEI,9,M1_Core,Ridge,4.7856,7.9783,-3.1927,3.1927
HEI,9,M1_Core,Ridge,2.2224,10.3309,-8.1085,8.1085
HEI,9,M1_Core,Ridge,5.205,5.1067,0.0982,0.0982
HEI,9,M1_Core,Ridge,5.0363,4.0253,1.0111,1.0111
HEI,9,M1_Core,Ridge,37.596,11.0194,26.5766,26.5766
HEI,9,M1_Core,Ridge,90.8971,8.0273,82.8698,82.8698
HEI,9,M1_Core,HuberRegressor,5.5691,10.4399,-4.8708,4.8708
HEI,9,M1_Core,HuberRegressor,5.5968,7.843,-2.2462,2.2462
HEI,9,M1_Core,HuberRegressor,4.7856,9.5163,-4.7306,4.7306
HEI,9,M1_Core,HuberRegressor,2.2224,10.1636,-7.9412,7.9412
HEI,9,M1_Core,HuberRegressor,5.205,4.6482,0.5567,0.5567
HEI,9,M1_Core,HuberRegressor,5.0363,4.2905,0.7458,0.7458
HEI,9,M1_Core,HuberRegressor,37.596,10.8157,26.7803,26.7803
HEI,9,M1_Core,HuberRegressor,90.8971,6.997,83.9001,83.9001
HEI,9,M1_Core,ExtraTrees,5.5691,2.4218,3.1473,3.1473
HEI,9,M1_Core,ExtraTrees,5.5968,3.843,1.7538,1.7538
HEI,9,M1_Core,ExtraTrees,4.7856,1.6387,3.147,3.147
HEI,9,M1_Core,ExtraTrees,2.2224,8.0466,-5.8242,5.8242
HEI,9,M1_Core,ExtraTrees,5.205,6.2206,-1.0156,1.0156
HEI,9,M1_Core,ExtraTrees,5.0363,6.5844,-1.5481,1.5481
HEI,9,M1_Core,ExtraTrees,37.596,7.9182,29.6778,29.6778
HEI,9,M1_Core,ExtraTrees,90.8971,10.0497,80.8474,80.8474
HEI,9,M7_TargetSpecific_Selected,Ridge,5.5691,7.8827,-2.3136,2.3136
HEI,9,M7_TargetSpecific_Selected,Ridge,5.5968,9.8283,-4.2315,4.2315
HEI,9,M7_TargetSpecific_Selected,Ridge,4.7856,4.3699,0.4157,0.4157
HEI,9,M7_TargetSpecific_Selected,Ridge,2.2224,9.0703,-6.8479,6.8479
HEI,9,M7_TargetSpecific_Selected,Ridge,5.205,5.3944,-0.1895,0.1895
HEI,9,M7_TargetSpecific_Selected,Ridge,5.0363,5.6689,-0.6326,0.6326
HEI,9,M7_TargetSpecific_Selected,Ridge,37.596,12.3778,25.2182,25.2182
HEI,9,M7_TargetSpecific_Selected,Ridge,90.8971,9.8178,81.0793,81.0793
HEI,9,M7_TargetSpecific_Selected,HuberRegressor,5.5691,7.0454,-1.4763,1.4763
HEI,9,M7_TargetSpecific_Selected,HuberRegressor,5.5968,9.941,-4.3442,4.3442
HEI,9,M7_TargetSpecific_Selected,HuberRegressor,4.7856,4.867,-0.0814,0.0814
HEI,9,M7_TargetSpecific_Selected,HuberRegressor,2.2224,10.428,-8.2056,8.2056
HEI,9,M7_TargetSpecific_Selected,HuberRegressor,5.205,4.8911,0.3139,0.3139
HEI,9,M7_TargetSpecific_Selected,HuberRegressor,5.0363,6.4079,-1.3716,1.3716
HEI,9,M7_TargetSpecific_Selected,HuberRegressor,37.596,12.3622,25.2338,25.2338
HEI,9,M7_TargetSpecific_Selected,HuberRegressor,90.8971,10.4029,80.4942,80.4942
HEI,9,M7_TargetSpecific_Selected,ExtraTrees,5.5691,2.5204,3.0487,3.0487
HEI,9,M7_TargetSpecific_Selected,ExtraTrees,5.5968,3.2287,2.3681,2.3681
HEI,9,M7_TargetSpecific_Selected,ExtraTrees,4.7856,1.6982,3.0874,3.0874
HEI,9,M7_TargetSpecific_Selected,ExtraTrees,2.2224,6.2177,-3.9952,3.9952
HEI,9,M7_TargetSpecific_Selected,ExtraTrees,5.205,6.8739,-1.6689,1.6689
HEI,9,M7_TargetSpecific_Selected,ExtraTrees,5.0363,6.766,-1.7296,1.7296
HEI,9,M7_TargetSpecific_Selected,ExtraTrees,37.596,8.7197,28.8763,28.8763
HEI,9,M7_TargetSpecific_Selected,ExtraTrees,90.8971,10.1371,80.76,80.76
HEI,10,M1_Core,Ridge,24.2216,9.5705,14.6511,14.6511
HEI,10,M1_Core,Ridge,5.5691,7.568,-1.9989,1.9989
HEI,10,M1_Core,Ridge,1.494,0.1003,1.3937,1.3937
HEI,10,M1_Core,Ridge,63.25,9.1541,54.0959,54.0959
HEI,10,M1_Core,Ridge,9.7079,7.7643,1.9436,1.9436
HEI,10,M1_Core,Ridge,5.037,8.8274,-3.7903,3.7903
HEI,10,M1_Core,Ridge,6.578,5.8595,0.7184,0.7184
HEI,10,M1_Core,Ridge,15.3829,6.5807,8.8021,8.8021
HEI,10,M1_Core,HuberRegressor,24.2216,9.0152,15.2064,15.2064
HEI,10,M1_Core,HuberRegressor,5.5691,7.3103,-1.7412,1.7412
HEI,10,M1_Core,HuberRegressor,1.494,0.0039,1.4901,1.4901
HEI,10,M1_Core,HuberRegressor,63.25,7.7255,55.5245,55.5245
HEI,10,M1_Core,HuberRegressor,9.7079,6.9484,2.7595,2.7595
HEI,10,M1_Core,HuberRegressor,5.037,7.4874,-2.4503,2.4503
HEI,10,M1_Core,HuberRegressor,6.578,5.3991,1.1789,1.1789
HEI,10,M1_Core,HuberRegressor,15.3829,6.3454,9.0375,9.0375
HEI,10,M1_Core,ExtraTrees,24.2216,11.2629,12.9587,12.9587
HEI,10,M1_Core,ExtraTrees,5.5691,5.7043,-0.1352,0.1352
HEI,10,M1_Core,ExtraTrees,1.494,3.612,-2.118,2.118
HEI,10,M1_Core,ExtraTrees,63.25,9.4525,53.7975,53.7975
HEI,10,M1_Core,ExtraTrees,9.7079,9.1764,0.5315,0.5315
HEI,10,M1_Core,ExtraTrees,5.037,11.0334,-5.9964,5.9964
HEI,10,M1_Core,ExtraTrees,6.578,7.3581,-0.7801,0.7801
HEI,10,M1_Core,ExtraTrees,15.3829,7.2416,8.1413,8.1413
HEI,10,M7_TargetSpecific_Selected,Ridge,24.2216,10.7231,13.4985,13.4985
HEI,10,M7_TargetSpecific_Selected,Ridge,5.5691,6.816,-1.2469,1.2469
HEI,10,M7_TargetSpecific_Selected,Ridge,1.494,1.5727,-0.0788,0.0788
HEI,10,M7_TargetSpecific_Selected,Ridge,63.25,8.0431,55.2069,55.2069
HEI,10,M7_TargetSpecific_Selected,Ridge,9.7079,10.3082,-0.6003,0.6003
HEI,10,M7_TargetSpecific_Selected,Ridge,5.037,12.4729,-7.4358,7.4358
HEI,10,M7_TargetSpecific_Selected,Ridge,6.578,8.7551,-2.1771,2.1771
HEI,10,M7_TargetSpecific_Selected,Ridge,15.3829,9.0549,6.328,6.328
HEI,10,M7_TargetSpecific_Selected,HuberRegressor,24.2216,8.9486,15.273,15.273
HEI,10,M7_TargetSpecific_Selected,HuberRegressor,5.5691,7.413,-1.8439,1.8439
HEI,10,M7_TargetSpecific_Selected,HuberRegressor,1.494,2.0277,-0.5338,0.5338
HEI,10,M7_TargetSpecific_Selected,HuberRegressor,63.25,6.5533,56.6967,56.6967
HEI,10,M7_TargetSpecific_Selected,HuberRegressor,9.7079,9.1133,0.5946,0.5946
HEI,10,M7_TargetSpecific_Selected,HuberRegressor,5.037,10.3646,-5.3275,5.3275
HEI,10,M7_TargetSpecific_Selected,HuberRegressor,6.578,8.0291,-1.4512,1.4512
HEI,10,M7_TargetSpecific_Selected,HuberRegressor,15.3829,8.5639,6.8189,6.8189
HEI,10,M7_TargetSpecific_Selected,ExtraTrees,24.2216,11.9142,12.3074,12.3074
HEI,10,M7_TargetSpecific_Selected,ExtraTrees,5.5691,4.1222,1.4469,1.4469
HEI,10,M7_TargetSpecific_Selected,ExtraTrees,1.494,4.3321,-2.8381,2.8381
HEI,10,M7_TargetSpecific_Selected,ExtraTrees,63.25,10.6292,52.6208,52.6208
HEI,10,M7_TargetSpecific_Selected,ExtraTrees,9.7079,11.4055,-1.6975,1.6975
HEI,10,M7_TargetSpecific_Selected,ExtraTrees,5.037,19.0843,-14.0473,14.0473
HEI,10,M7_TargetSpecific_Selected,ExtraTrees,6.578,10.074,-3.496,3.496
HEI,10,M7_TargetSpecific_Selected,ExtraTrees,15.3829,8.8754,6.5074,6.5074
HEI,11,M1_Core,Ridge,1.5533,7.6317,-6.0784,6.0784
HEI,11,M1_Core,Ridge,2.0966,7.5059,-5.4093,5.4093
HEI,11,M1_Core,Ridge,0.8201,8.8774,-8.0573,8.0573
HEI,11,M1_Core,Ridge,4.6685,8.2506,-3.5821,3.5821
HEI,11,M1_Core,Ridge,8.4162,26.0099,-17.5936,17.5936
HEI,11,M1_Core,Ridge,5.2677,17.1288,-11.8611,11.8611
HEI,11,M1_Core,Ridge,21.0633,8.833,12.2303,12.2303
HEI,11,M1_Core,Ridge,9.2283,9.8819,-0.6536,0.6536
HEI,11,M1_Core,HuberRegressor,1.5533,7.3898,-5.8365,5.8365
HEI,11,M1_Core,HuberRegressor,2.0966,6.0406,-3.944,3.944
HEI,11,M1_Core,HuberRegressor,0.8201,8.7993,-7.9792,7.9792
HEI,11,M1_Core,HuberRegressor,4.6685,8.5524,-3.8839,3.8839
HEI,11,M1_Core,HuberRegressor,8.4162,31.1259,-22.7096,22.7096
HEI,11,M1_Core,HuberRegressor,5.2677,17.2461,-11.9784,11.9784
HEI,11,M1_Core,HuberRegressor,21.0633,8.4175,12.6458,12.6458
HEI,11,M1_Core,HuberRegressor,9.2283,9.0088,0.2195,0.2195
HEI,11,M1_Core,ExtraTrees,1.5533,7.209,-5.6557,5.6557
HEI,11,M1_Core,ExtraTrees,2.0966,6.6466,-4.55,4.55
HEI,11,M1_Core,ExtraTrees,0.8201,10.4847,-9.6646,9.6646
HEI,11,M1_Core,ExtraTrees,4.6685,12.1103,-7.4419,7.4419
HEI,11,M1_Core,ExtraTrees,8.4162,14.4243,-6.0081,6.0081
HEI,11,M1_Core,ExtraTrees,5.2677,14.2695,-9.0018,9.0018
HEI,11,M1_Core,ExtraTrees,21.0633,8.5583,12.505,12.505
HEI,11,M1_Core,ExtraTrees,9.2283,9.9613,-0.7331,0.7331
HEI,11,M7_TargetSpecific_Selected,Ridge,1.5533,8.2631,-6.7098,6.7098
HEI,11,M7_TargetSpecific_Selected,Ridge,2.0966,10.7423,-8.6456,8.6456
HEI,11,M7_TargetSpecific_Selected,Ridge,0.8201,9.409,-8.5889,8.5889
HEI,11,M7_TargetSpecific_Selected,Ridge,4.6685,8.231,-3.5626,3.5626
HEI,11,M7_TargetSpecific_Selected,Ridge,8.4162,22.5755,-14.1592,14.1592
HEI,11,M7_TargetSpecific_Selected,Ridge,5.2677,18.5223,-13.2546,13.2546
HEI,11,M7_TargetSpecific_Selected,Ridge,21.0633,13.6774,7.3859,7.3859
HEI,11,M7_TargetSpecific_Selected,Ridge,9.2283,17.2092,-7.9809,7.9809
HEI,11,M7_TargetSpecific_Selected,HuberRegressor,1.5533,8.1873,-6.634,6.634
HEI,11,M7_TargetSpecific_Selected,HuberRegressor,2.0966,8.9562,-6.8596,6.8596
HEI,11,M7_TargetSpecific_Selected,HuberRegressor,0.8201,9.2341,-8.4141,8.4141
HEI,11,M7_TargetSpecific_Selected,HuberRegressor,4.6685,7.9109,-3.2424,3.2424
HEI,11,M7_TargetSpecific_Selected,HuberRegressor,8.4162,26.6318,-18.2156,18.2156
HEI,11,M7_TargetSpecific_Selected,HuberRegressor,5.2677,17.9507,-12.6829,12.6829
HEI,11,M7_TargetSpecific_Selected,HuberRegressor,21.0633,12.9206,8.1427,8.1427
HEI,11,M7_TargetSpecific_Selected,HuberRegressor,9.2283,15.5163,-6.288,6.288
HEI,11,M7_TargetSpecific_Selected,ExtraTrees,1.5533,12.3986,-10.8453,10.8453
HEI,11,M7_TargetSpecific_Selected,ExtraTrees,2.0966,11.5848,-9.4882,9.4882
HEI,11,M7_TargetSpecific_Selected,ExtraTrees,0.8201,12.0081,-11.188,11.188
HEI,11,M7_TargetSpecific_Selected,ExtraTrees,4.6685,10.8634,-6.1949,6.1949
HEI,11,M7_TargetSpecific_Selected,ExtraTrees,8.4162,17.2752,-8.859,8.859
HEI,11,M7_TargetSpecific_Selected,ExtraTrees,5.2677,18.3402,-13.0725,13.0725
HEI,11,M7_TargetSpecific_Selected,ExtraTrees,21.0633,11.7009,9.3624,9.3624
HEI,11,M7_TargetSpecific_Selected,ExtraTrees,9.2283,13.6564,-4.4281,4.4281
HEI,12,M1_Core,Ridge,1.077,1.6732,-0.5962,0.5962
HEI,12,M1_Core,Ridge,0.4495,3.9279,-3.4783,3.4783
HEI,12,M1_Core,Ridge,17.8254,10.5651,7.2603,7.2603
HEI,12,M1_Core,Ridge,3.8275,1.7521,2.0754,2.0754
HEI,12,M1_Core,Ridge,6.8552,13.5771,-6.7218,6.7218
HEI,12,M1_Core,Ridge,8.6978,12.415,-3.7171,3.7171
HEI,12,M1_Core,Ridge,5.7695,7.7047,-1.9352,1.9352
HEI,12,M1_Core,Ridge,37.596,10.7008,26.8952,26.8952
HEI,12,M1_Core,HuberRegressor,1.077,2.7614,-1.6844,1.6844
HEI,12,M1_Core,HuberRegressor,0.4495,3.3068,-2.8573,2.8573
HEI,12,M1_Core,HuberRegressor,17.8254,11.3814,6.4441,6.4441
HEI,12,M1_Core,HuberRegressor,3.8275,2.2937,1.5338,1.5338
HEI,12,M1_Core,HuberRegressor,6.8552,6.5746,0.2806,0.2806
HEI,12,M1_Core,HuberRegressor,8.6978,14.3357,-5.6378,5.6378
HEI,12,M1_Core,HuberRegressor,5.7695,7.719,-1.9495,1.9495
HEI,12,M1_Core,HuberRegressor,37.596,10.9506,26.6454,26.6454
HEI,12,M1_Core,ExtraTrees,1.077,2.5018,-1.4247,1.4247
HEI,12,M1_Core,ExtraTrees,0.4495,6.1751,-5.7255,5.7255
HEI,12,M1_Core,ExtraTrees,17.8254,10.377,7.4484,7.4484
HEI,12,M1_Core,ExtraTrees,3.8275,2.838,0.9895,0.9895
HEI,12,M1_Core,ExtraTrees,6.8552,20.8035,-13.9483,13.9483
HEI,12,M1_Core,ExtraTrees,8.6978,10.5419,-1.8441,1.8441
HEI,12,M1_Core,ExtraTrees,5.7695,5.9487,-0.1792,0.1792
HEI,12,M1_Core,ExtraTrees,37.596,5.7349,31.8611,31.8611
HEI,12,M7_TargetSpecific_Selected,Ridge,1.077,0.0542,1.0229,1.0229
HEI,12,M7_TargetSpecific_Selected,Ridge,0.4495,0.0,0.4495,0.4495
HEI,12,M7_TargetSpecific_Selected,Ridge,17.8254,3.1092,14.7163,14.7163
HEI,12,M7_TargetSpecific_Selected,Ridge,3.8275,0.785,3.0425,3.0425
HEI,12,M7_TargetSpecific_Selected,Ridge,6.8552,13.3069,-6.4516,6.4516
HEI,12,M7_TargetSpecific_Selected,Ridge,8.6978,11.2111,-2.5133,2.5133
HEI,12,M7_TargetSpecific_Selected,Ridge,5.7695,9.0664,-3.2969,3.2969
HEI,12,M7_TargetSpecific_Selected,Ridge,37.596,13.6975,23.8985,23.8985
HEI,12,M7_TargetSpecific_Selected,HuberRegressor,1.077,0.174,0.9031,0.9031
HEI,12,M7_TargetSpecific_Selected,HuberRegressor,0.4495,0.0,0.4495,0.4495
HEI,12,M7_TargetSpecific_Selected,HuberRegressor,17.8254,2.1984,15.6271,15.6271
HEI,12,M7_TargetSpecific_Selected,HuberRegressor,3.8275,0.6208,3.2067,3.2067
HEI,12,M7_TargetSpecific_Selected,HuberRegressor,6.8552,10.9433,-4.0881,4.0881
HEI,12,M7_TargetSpecific_Selected,HuberRegressor,8.6978,11.4827,-2.7849,2.7849
HEI,12,M7_TargetSpecific_Selected,HuberRegressor,5.7695,8.5303,-2.7608,2.7608
HEI,12,M7_TargetSpecific_Selected,HuberRegressor,37.596,12.1203,25.4757,25.4757
HEI,12,M7_TargetSpecific_Selected,ExtraTrees,1.077,2.3304,-1.2533,1.2533
HEI,12,M7_TargetSpecific_Selected,ExtraTrees,0.4495,3.7922,-3.3427,3.3427
HEI,12,M7_TargetSpecific_Selected,ExtraTrees,17.8254,5.5229,12.3025,12.3025
HEI,12,M7_TargetSpecific_Selected,ExtraTrees,3.8275,3.3271,0.5003,0.5003
HEI,12,M7_TargetSpecific_Selected,ExtraTrees,6.8552,19.9713,-13.1161,13.1161
HEI,12,M7_TargetSpecific_Selected,ExtraTrees,8.6978,10.5277,-1.8298,1.8298
HEI,12,M7_TargetSpecific_Selected,ExtraTrees,5.7695,9.0948,-3.3253,3.3253
HEI,12,M7_TargetSpecific_Selected,ExtraTrees,37.596,7.2552,30.3408,30.3408
HEI,13,M1_Core,Ridge,5.5968,8.711,-3.1142,3.1142
HEI,13,M1_Core,Ridge,2.3508,10.6837,-8.3329,8.3329
HEI,13,M1_Core,Ridge,5.205,6.5653,-1.3604,1.3604
HEI,13,M1_Core,Ridge,5.0363,3.7949,1.2415,1.2415
HEI,13,M1_Core,Ridge,1.7028,7.0118,-5.3091,5.3091
HEI,13,M1_Core,Ridge,25.7136,12.6783,13.0353,13.0353
HEI,13,M1_Core,Ridge,12.9993,5.9669,7.0325,7.0325
HEI,13,M1_Core,Ridge,90.8971,10.2579,80.6392,80.6392
HEI,13,M1_Core,HuberRegressor,5.5968,8.2986,-2.7018,2.7018
HEI,13,M1_Core,HuberRegressor,2.3508,10.3998,-8.049,8.049
HEI,13,M1_Core,HuberRegressor,5.205,6.55,-1.345,1.345
HEI,13,M1_Core,HuberRegressor,5.0363,4.8359,0.2004,0.2004
HEI,13,M1_Core,HuberRegressor,1.7028,7.0451,-5.3424,5.3424
HEI,13,M1_Core,HuberRegressor,25.7136,10.6781,15.0355,15.0355
HEI,13,M1_Core,HuberRegressor,12.9993,7.9158,5.0835,5.0835
HEI,13,M1_Core,HuberRegressor,90.8971,8.5548,82.3423,82.3423
HEI,13,M1_Core,ExtraTrees,5.5968,4.266,1.3308,1.3308
HEI,13,M1_Core,ExtraTrees,2.3508,16.9975,-14.6467,14.6467
HEI,13,M1_Core,ExtraTrees,5.205,7.618,-2.4131,2.4131
HEI,13,M1_Core,ExtraTrees,5.0363,8.7602,-3.7239,3.7239
HEI,13,M1_Core,ExtraTrees,1.7028,9.1183,-7.4155,7.4155
HEI,13,M1_Core,ExtraTrees,25.7136,8.921,16.7926,16.7926
HEI,13,M1_Core,ExtraTrees,12.9993,8.5316,4.4677,4.4677
HEI,13,M1_Core,ExtraTrees,90.8971,11.0697,79.8274,79.8274
HEI,13,M7_TargetSpecific_Selected,Ridge,5.5968,9.3117,-3.7149,3.7149
HEI,13,M7_TargetSpecific_Selected,Ridge,2.3508,55.3678,-53.0169,53.0169
HEI,13,M7_TargetSpecific_Selected,Ridge,5.205,6.5351,-1.3301,1.3301
HEI,13,M7_TargetSpecific_Selected,Ridge,5.0363,6.4076,-1.3713,1.3713
HEI,13,M7_TargetSpecific_Selected,Ridge,1.7028,9.6792,-7.9764,7.9764
HEI,13,M7_TargetSpecific_Selected,Ridge,25.7136,11.9934,13.7202,13.7202
HEI,13,M7_TargetSpecific_Selected,Ridge,12.9993,7.2183,5.781,5.781
HEI,13,M7_TargetSpecific_Selected,Ridge,90.8971,9.1216,81.7755,81.7755
HEI,13,M7_TargetSpecific_Selected,HuberRegressor,5.5968,9.2213,-3.6245,3.6245
HEI,13,M7_TargetSpecific_Selected,HuberRegressor,2.3508,60.4865,-58.1357,58.1357
HEI,13,M7_TargetSpecific_Selected,HuberRegressor,5.205,7.4667,-2.2617,2.2617
HEI,13,M7_TargetSpecific_Selected,HuberRegressor,5.0363,5.365,-0.3286,0.3286
HEI,13,M7_TargetSpecific_Selected,HuberRegressor,1.7028,10.4164,-8.7136,8.7136
HEI,13,M7_TargetSpecific_Selected,HuberRegressor,25.7136,11.8212,13.8924,13.8924
HEI,13,M7_TargetSpecific_Selected,HuberRegressor,12.9993,5.8502,7.1491,7.1491
HEI,13,M7_TargetSpecific_Selected,HuberRegressor,90.8971,9.6098,81.2873,81.2873
HEI,13,M7_TargetSpecific_Selected,ExtraTrees,5.5968,4.1053,1.4915,1.4915
HEI,13,M7_TargetSpecific_Selected,ExtraTrees,2.3508,18.5695,-16.2187,16.2187
HEI,13,M7_TargetSpecific_Selected,ExtraTrees,5.205,7.3602,-2.1553,2.1553
HEI,13,M7_TargetSpecific_Selected,ExtraTrees,5.0363,14.7046,-9.6683,9.6683
HEI,13,M7_TargetSpecific_Selected,ExtraTrees,1.7028,14.0397,-12.3369,12.3369
HEI,13,M7_TargetSpecific_Selected,ExtraTrees,25.7136,9.2446,16.469,16.469
HEI,13,M7_TargetSpecific_Selected,ExtraTrees,12.9993,9.3727,3.6266,3.6266
HEI,13,M7_TargetSpecific_Selected,ExtraTrees,90.8971,10.2865,80.6106,80.6106
HEI,14,M1_Core,Ridge,12.1732,10.3095,1.8637,1.8637
HEI,14,M1_Core,Ridge,4.7856,5.1569,-0.3712,0.3712
HEI,14,M1_Core,Ridge,37.6996,9.3975,28.3021,28.3021
HEI,14,M1_Core,Ridge,20.3602,5.5035,14.8567,14.8567
HEI,14,M1_Core,Ridge,2.2224,10.3419,-8.1194,8.1194
HEI,14,M1_Core,Ridge,9.0145,7.9737,1.0408,1.0408
HEI,14,M1_Core,Ridge,15.4817,6.0446,9.4371,9.4371
HEI,14,M1_Core,Ridge,1.6813,4.7505,-3.0692,3.0692
HEI,14,M1_Core,HuberRegressor,12.1732,8.6791,3.4942,3.4942
HEI,14,M1_Core,HuberRegressor,4.7856,6.8136,-2.0279,2.0279
HEI,14,M1_Core,HuberRegressor,37.6996,8.924,28.7755,28.7755
HEI,14,M1_Core,HuberRegressor,20.3602,4.7144,15.6458,15.6458
HEI,14,M1_Core,HuberRegressor,2.2224,9.1829,-6.9604,6.9604
HEI,14,M1_Core,HuberRegressor,9.0145,6.8201,2.1944,2.1944
HEI,14,M1_Core,HuberRegressor,15.4817,4.9194,10.5623,10.5623
HEI,14,M1_Core,HuberRegressor,1.6813,4.2537,-2.5723,2.5723
HEI,14,M1_Core,ExtraTrees,12.1732,11.7337,0.4396,0.4396
HEI,14,M1_Core,ExtraTrees,4.7856,1.5273,3.2583,3.2583
HEI,14,M1_Core,ExtraTrees,37.6996,11.6233,26.0763,26.0763
HEI,14,M1_Core,ExtraTrees,20.3602,3.8267,16.5335,16.5335
HEI,14,M1_Core,ExtraTrees,2.2224,12.2513,-10.0289,10.0289
HEI,14,M1_Core,ExtraTrees,9.0145,10.022,-1.0075,1.0075
HEI,14,M1_Core,ExtraTrees,15.4817,6.7076,8.7741,8.7741
HEI,14,M1_Core,ExtraTrees,1.6813,7.9558,-6.2745,6.2745
HEI,14,M7_TargetSpecific_Selected,Ridge,12.1732,11.7801,0.3932,0.3932
HEI,14,M7_TargetSpecific_Selected,Ridge,4.7856,1.6031,3.1825,3.1825
HEI,14,M7_TargetSpecific_Selected,Ridge,37.6996,7.4152,30.2844,30.2844
HEI,14,M7_TargetSpecific_Selected,Ridge,20.3602,6.3637,13.9964,13.9964
HEI,14,M7_TargetSpecific_Selected,Ridge,2.2224,10.5452,-8.3228,8.3228
HEI,14,M7_TargetSpecific_Selected,Ridge,9.0145,10.2549,-1.2404,1.2404
HEI,14,M7_TargetSpecific_Selected,Ridge,15.4817,6.8523,8.6294,8.6294
HEI,14,M7_TargetSpecific_Selected,Ridge,1.6813,4.4999,-2.8186,2.8186
HEI,14,M7_TargetSpecific_Selected,HuberRegressor,12.1732,10.6739,1.4994,1.4994
HEI,14,M7_TargetSpecific_Selected,HuberRegressor,4.7856,1.7046,3.0811,3.0811
HEI,14,M7_TargetSpecific_Selected,HuberRegressor,37.6996,6.987,30.7126,30.7126
HEI,14,M7_TargetSpecific_Selected,HuberRegressor,20.3602,6.3069,14.0533,14.0533
HEI,14,M7_TargetSpecific_Selected,HuberRegressor,2.2224,10.0917,-7.8693,7.8693
HEI,14,M7_TargetSpecific_Selected,HuberRegressor,9.0145,9.6073,-0.5928,0.5928
HEI,14,M7_TargetSpecific_Selected,HuberRegressor,15.4817,6.4586,9.0231,9.0231
HEI,14,M7_TargetSpecific_Selected,HuberRegressor,1.6813,4.4424,-2.7611,2.7611
HEI,14,M7_TargetSpecific_Selected,ExtraTrees,12.1732,11.8514,0.3218,0.3218
HEI,14,M7_TargetSpecific_Selected,ExtraTrees,4.7856,1.3688,3.4169,3.4169
HEI,14,M7_TargetSpecific_Selected,ExtraTrees,37.6996,8.3733,29.3262,29.3262
HEI,14,M7_TargetSpecific_Selected,ExtraTrees,20.3602,4.2756,16.0846,16.0846
HEI,14,M7_TargetSpecific_Selected,ExtraTrees,2.2224,10.2865,-8.0641,8.0641
HEI,14,M7_TargetSpecific_Selected,ExtraTrees,9.0145,11.9892,-2.9747,2.9747
HEI,14,M7_TargetSpecific_Selected,ExtraTrees,15.4817,8.1101,7.3716,7.3716
HEI,14,M7_TargetSpecific_Selected,ExtraTrees,1.6813,6.5858,-4.9045,4.9045
HEI,15,M1_Core,Ridge,24.2216,11.7513,12.4703,12.4703
HEI,15,M1_Core,Ridge,1.494,0.0,1.494,1.494
HEI,15,M1_Core,Ridge,12.1732,12.6466,-0.4733,0.4733
HEI,15,M1_Core,Ridge,3.8275,0.2366,3.5909,3.5909
HEI,15,M1_Core,Ridge,5.205,6.8461,-1.6412,1.6412
HEI,15,M1_Core,Ridge,1.7028,8.1297,-6.427,6.427
HEI,15,M1_Core,Ridge,8.4162,20.9743,-12.5581,12.5581
HEI,15,M1_Core,Ridge,6.578,7.4981,-0.9202,0.9202
HEI,15,M1_Core,HuberRegressor,24.2216,11.2116,13.01,13.01
HEI,15,M1_Core,HuberRegressor,1.494,0.0,1.494,1.494
HEI,15,M1_Core,HuberRegressor,12.1732,11.5,0.6732,0.6732
HEI,15,M1_Core,HuberRegressor,3.8275,0.2211,3.6064,3.6064
HEI,15,M1_Core,HuberRegressor,5.205,4.9294,0.2756,0.2756
HEI,15,M1_Core,HuberRegressor,1.7028,6.6516,-4.9488,4.9488
HEI,15,M1_Core,HuberRegressor,8.4162,22.5475,-14.1312,14.1312
HEI,15,M1_Core,HuberRegressor,6.578,8.0423,-1.4644,1.4644
HEI,15,M1_Core,ExtraTrees,24.2216,12.5724,11.6492,11.6492
HEI,15,M1_Core,ExtraTrees,1.494,2.7451,-1.2511,1.2511
HEI,15,M1_Core,ExtraTrees,12.1732,12.3191,-0.1459,0.1459
HEI,15,M1_Core,ExtraTrees,3.8275,2.1487,1.6788,1.6788
HEI,15,M1_Core,ExtraTrees,5.205,7.8824,-2.6775,2.6775
HEI,15,M1_Core,ExtraTrees,1.7028,9.0473,-7.3445,7.3445
HEI,15,M1_Core,ExtraTrees,8.4162,12.4779,-4.0617,4.0617
HEI,15,M1_Core,ExtraTrees,6.578,10.3005,-3.7226,3.7226
HEI,15,M7_TargetSpecific_Selected,Ridge,24.2216,12.6541,11.5676,11.5676
HEI,15,M7_TargetSpecific_Selected,Ridge,1.494,0.0,1.494,1.494
HEI,15,M7_TargetSpecific_Selected,Ridge,12.1732,11.7384,0.4348,0.4348
HEI,15,M7_TargetSpecific_Selected,Ridge,3.8275,0.754,3.0735,3.0735
HEI,15,M7_TargetSpecific_Selected,Ridge,5.205,6.8266,-1.6217,1.6217
HEI,15,M7_TargetSpecific_Selected,Ridge,1.7028,8.0185,-6.3157,6.3157
HEI,15,M7_TargetSpecific_Selected,Ridge,8.4162,19.7024,-11.2862,11.2862
HEI,15,M7_TargetSpecific_Selected,Ridge,6.578,9.2072,-2.6292,2.6292
HEI,15,M7_TargetSpecific_Selected,HuberRegressor,24.2216,11.613,12.6087,12.6087
HEI,15,M7_TargetSpecific_Selected,HuberRegressor,1.494,0.0,1.494,1.494
HEI,15,M7_TargetSpecific_Selected,HuberRegressor,12.1732,10.1922,1.981,1.981
HEI,15,M7_TargetSpecific_Selected,HuberRegressor,3.8275,0.4009,3.4266,3.4266
HEI,15,M7_TargetSpecific_Selected,HuberRegressor,5.205,6.1417,-0.9367,0.9367
HEI,15,M7_TargetSpecific_Selected,HuberRegressor,1.7028,7.3193,-5.6165,5.6165
HEI,15,M7_TargetSpecific_Selected,HuberRegressor,8.4162,16.9762,-8.56,8.56
HEI,15,M7_TargetSpecific_Selected,HuberRegressor,6.578,8.7981,-2.2201,2.2201
HEI,15,M7_TargetSpecific_Selected,ExtraTrees,24.2216,13.3383,10.8834,10.8834
HEI,15,M7_TargetSpecific_Selected,ExtraTrees,1.494,4.4744,-2.9805,2.9805
HEI,15,M7_TargetSpecific_Selected,ExtraTrees,12.1732,14.0558,-1.8826,1.8826
HEI,15,M7_TargetSpecific_Selected,ExtraTrees,3.8275,3.5304,0.2971,0.2971
HEI,15,M7_TargetSpecific_Selected,ExtraTrees,5.205,4.5803,0.6247,0.6247
HEI,15,M7_TargetSpecific_Selected,ExtraTrees,1.7028,9.1788,-7.476,7.476
HEI,15,M7_TargetSpecific_Selected,ExtraTrees,8.4162,14.2311,-5.8148,5.8148
HEI,15,M7_TargetSpecific_Selected,ExtraTrees,6.578,12.0604,-5.4825,5.4825
HEI,16,M1_Core,Ridge,17.8254,14.2796,3.5458,3.5458
HEI,16,M1_Core,Ridge,20.3602,6.7095,13.6507,13.6507
HEI,16,M1_Core,Ridge,2.2224,12.5532,-10.3308,10.3308
HEI,16,M1_Core,Ridge,0.8201,8.1042,-7.2841,7.2841
HEI,16,M1_Core,Ridge,9.0145,9.7688,-0.7543,0.7543
HEI,16,M1_Core,Ridge,12.9993,3.8296,9.1697,9.1697
HEI,16,M1_Core,Ridge,8.6978,18.6121,-9.9143,9.9143
HEI,16,M1_Core,Ridge,15.3829,6.5441,8.8387,8.8387
HEI,16,M1_Core,HuberRegressor,17.8254,14.5187,3.3067,3.3067
HEI,16,M1_Core,HuberRegressor,20.3602,5.8373,14.5229,14.5229
HEI,16,M1_Core,HuberRegressor,2.2224,11.5558,-9.3334,9.3334
HEI,16,M1_Core,HuberRegressor,0.8201,7.3786,-6.5585,6.5585
HEI,16,M1_Core,HuberRegressor,9.0145,8.5933,0.4212,0.4212
HEI,16,M1_Core,HuberRegressor,12.9993,6.0362,6.9631,6.9631
HEI,16,M1_Core,HuberRegressor,8.6978,19.1012,-10.4034,10.4034
HEI,16,M1_Core,HuberRegressor,15.3829,6.7805,8.6023,8.6023
HEI,16,M1_Core,ExtraTrees,17.8254,12.7096,5.1159,5.1159
HEI,16,M1_Core,ExtraTrees,20.3602,3.8795,16.4807,16.4807
HEI,16,M1_Core,ExtraTrees,2.2224,12.6135,-10.3911,10.3911
HEI,16,M1_Core,ExtraTrees,0.8201,7.8556,-7.0355,7.0355
HEI,16,M1_Core,ExtraTrees,9.0145,13.3407,-4.3262,4.3262
HEI,16,M1_Core,ExtraTrees,12.9993,6.4785,6.5208,6.5208
HEI,16,M1_Core,ExtraTrees,8.6978,13.4832,-4.7854,4.7854
HEI,16,M1_Core,ExtraTrees,15.3829,6.8533,8.5295,8.5295
HEI,16,M7_TargetSpecific_Selected,Ridge,17.8254,6.6536,11.1719,11.1719
HEI,16,M7_TargetSpecific_Selected,Ridge,20.3602,7.7764,12.5838,12.5838
HEI,16,M7_TargetSpecific_Selected,Ridge,2.2224,9.331,-7.1086,7.1086
HEI,16,M7_TargetSpecific_Selected,Ridge,0.8201,8.0458,-7.2257,7.2257
HEI,16,M7_TargetSpecific_Selected,Ridge,9.0145,12.7568,-3.7423,3.7423
HEI,16,M7_TargetSpecific_Selected,Ridge,12.9993,5.0336,7.9658,7.9658
HEI,16,M7_TargetSpecific_Selected,Ridge,8.6978,16.9109,-8.2131,8.2131
HEI,16,M7_TargetSpecific_Selected,Ridge,15.3829,8.2072,7.1757,7.1757
HEI,16,M7_TargetSpecific_Selected,HuberRegressor,17.8254,6.3006,11.5248,11.5248
HEI,16,M7_TargetSpecific_Selected,HuberRegressor,20.3602,6.9201,13.4401,13.4401
HEI,16,M7_TargetSpecific_Selected,HuberRegressor,2.2224,7.9856,-5.7632,5.7632
HEI,16,M7_TargetSpecific_Selected,HuberRegressor,0.8201,7.251,-6.4309,6.4309
HEI,16,M7_TargetSpecific_Selected,HuberRegressor,9.0145,11.1211,-2.1066,2.1066
HEI,16,M7_TargetSpecific_Selected,HuberRegressor,12.9993,5.8242,7.1751,7.1751
HEI,16,M7_TargetSpecific_Selected,HuberRegressor,8.6978,15.1959,-6.4981,6.4981
HEI,16,M7_TargetSpecific_Selected,HuberRegressor,15.3829,8.0309,7.352,7.352
HEI,16,M7_TargetSpecific_Selected,ExtraTrees,17.8254,7.0686,10.7568,10.7568
HEI,16,M7_TargetSpecific_Selected,ExtraTrees,20.3602,3.0379,17.3223,17.3223
HEI,16,M7_TargetSpecific_Selected,ExtraTrees,2.2224,10.8762,-8.6538,8.6538
HEI,16,M7_TargetSpecific_Selected,ExtraTrees,0.8201,8.2638,-7.4438,7.4438
HEI,16,M7_TargetSpecific_Selected,ExtraTrees,9.0145,14.3572,-5.3427,5.3427
HEI,16,M7_TargetSpecific_Selected,ExtraTrees,12.9993,7.2823,5.717,5.717
HEI,16,M7_TargetSpecific_Selected,ExtraTrees,8.6978,14.7082,-6.0104,6.0104
HEI,16,M7_TargetSpecific_Selected,ExtraTrees,15.3829,8.4581,6.9248,6.9248
HEI,17,M1_Core,Ridge,5.5691,8.5131,-2.944,2.944
HEI,17,M1_Core,Ridge,63.25,9.0218,54.2282,54.2282
HEI,17,M1_Core,Ridge,2.3508,9.2561,-6.9053,6.9053
HEI,17,M1_Core,Ridge,37.6996,8.9847,28.7149,28.7149
HEI,17,M1_Core,Ridge,9.7079,7.6261,2.0818,2.0818
HEI,17,M1_Core,Ridge,5.037,8.1697,-3.1327,3.1327
HEI,17,M1_Core,Ridge,25.7136,13.3679,12.3457,12.3457
HEI,17,M1_Core,Ridge,37.596,9.3872,28.2088,28.2088
HEI,17,M1_Core,HuberRegressor,5.5691,7.9008,-2.3317,2.3317
HEI,17,M1_Core,HuberRegressor,63.25,7.5439,55.7061,55.7061
HEI,17,M1_Core,HuberRegressor,2.3508,8.2572,-5.9064,5.9064
HEI,17,M1_Core,HuberRegressor,37.6996,9.1417,28.5579,28.5579
HEI,17,M1_Core,HuberRegressor,9.7079,6.9699,2.738,2.738
HEI,17,M1_Core,HuberRegressor,5.037,7.0284,-1.9913,1.9913
HEI,17,M1_Core,HuberRegressor,25.7136,10.3202,15.3934,15.3934
HEI,17,M1_Core,HuberRegressor,37.596,8.5263,29.0697,29.0697
HEI,17,M1_Core,ExtraTrees,5.5691,3.294,2.2751,2.2751
HEI,17,M1_Core,ExtraTrees,63.25,10.1116,53.1384,53.1384
HEI,17,M1_Core,ExtraTrees,2.3508,8.0998,-5.749,5.749
HEI,17,M1_Core,ExtraTrees,37.6996,8.7991,28.9005,28.9005
HEI,17,M1_Core,ExtraTrees,9.7079,8.2858,1.4221,1.4221
HEI,17,M1_Core,ExtraTrees,5.037,11.149,-6.1119,6.1119
HEI,17,M1_Core,ExtraTrees,25.7136,15.9123,9.8013,9.8013
HEI,17,M1_Core,ExtraTrees,37.596,4.1936,33.4024,33.4024
HEI,17,M7_TargetSpecific_Selected,Ridge,5.5691,5.5542,0.0149,0.0149
HEI,17,M7_TargetSpecific_Selected,Ridge,63.25,8.5757,54.6743,54.6743
HEI,17,M7_TargetSpecific_Selected,Ridge,2.3508,5.3502,-2.9994,2.9994
HEI,17,M7_TargetSpecific_Selected,Ridge,37.6996,7.9689,29.7307,29.7307
HEI,17,M7_TargetSpecific_Selected,Ridge,9.7079,10.0607,-0.3528,0.3528
HEI,17,M7_TargetSpecific_Selected,Ridge,5.037,11.9117,-6.8746,6.8746
HEI,17,M7_TargetSpecific_Selected,Ridge,25.7136,9.7401,15.9735,15.9735
HEI,17,M7_TargetSpecific_Selected,Ridge,37.596,10.69,26.906,26.906
HEI,17,M7_TargetSpecific_Selected,HuberRegressor,5.5691,5.6685,-0.0994,0.0994
HEI,17,M7_TargetSpecific_Selected,HuberRegressor,63.25,8.868,54.382,54.382
HEI,17,M7_TargetSpecific_Selected,HuberRegressor,2.3508,7.8211,-5.4703,5.4703
HEI,17,M7_TargetSpecific_Selected,HuberRegressor,37.6996,8.4395,29.2601,29.2601
HEI,17,M7_TargetSpecific_Selected,HuberRegressor,9.7079,9.1405,0.5674,0.5674
HEI,17,M7_TargetSpecific_Selected,HuberRegressor,5.037,10.011,-4.9739,4.9739
HEI,17,M7_TargetSpecific_Selected,HuberRegressor,25.7136,8.7731,16.9405,16.9405
HEI,17,M7_TargetSpecific_Selected,HuberRegressor,37.596,9.6011,27.9949,27.9949
HEI,17,M7_TargetSpecific_Selected,ExtraTrees,5.5691,2.9641,2.605,2.605
HEI,17,M7_TargetSpecific_Selected,ExtraTrees,63.25,8.5241,54.7259,54.7259
HEI,17,M7_TargetSpecific_Selected,ExtraTrees,2.3508,7.7922,-5.4413,5.4413
HEI,17,M7_TargetSpecific_Selected,ExtraTrees,37.6996,8.3041,29.3955,29.3955
HEI,17,M7_TargetSpecific_Selected,ExtraTrees,9.7079,8.0637,1.6442,1.6442
HEI,17,M7_TargetSpecific_Selected,ExtraTrees,5.037,16.456,-11.419,11.419
HEI,17,M7_TargetSpecific_Selected,ExtraTrees,25.7136,9.5733,16.1404,16.1404
HEI,17,M7_TargetSpecific_Selected,ExtraTrees,37.596,5.4778,32.1182,32.1182
HEI,18,M1_Core,Ridge,1.5533,7.1619,-5.6085,5.6085
HEI,18,M1_Core,Ridge,2.0966,6.5075,-4.4109,4.4109
HEI,18,M1_Core,Ridge,0.4495,2.8719,-2.4224,2.4224
HEI,18,M1_Core,Ridge,5.5968,8.8304,-3.2336,3.2336
HEI,18,M1_Core,Ridge,5.0363,3.5757,1.4607,1.4607
HEI,18,M1_Core,Ridge,5.2677,12.0157,-6.7479,6.7479
HEI,18,M1_Core,Ridge,21.0633,8.5202,12.543,12.543
HEI,18,M1_Core,Ridge,90.8971,10.3833,80.5138,80.5138
HEI,18,M1_Core,HuberRegressor,1.5533,7.1095,-5.5562,5.5562
HEI,18,M1_Core,HuberRegressor,2.0966,6.1827,-4.0861,4.0861
HEI,18,M1_Core,HuberRegressor,0.4495,2.8878,-2.4383,2.4383
HEI,18,M1_Core,HuberRegressor,5.5968,8.6699,-3.0731,3.0731
HEI,18,M1_Core,HuberRegressor,5.0363,4.1693,0.867,0.867
HEI,18,M1_Core,HuberRegressor,5.2677,11.745,-6.4773,6.4773
HEI,18,M1_Core,HuberRegressor,21.0633,8.8049,12.2584,12.2584
HEI,18,M1_Core,HuberRegressor,90.8971,9.7654,81.1317,81.1317
HEI,18,M1_Core,ExtraTrees,1.5533,8.6744,-7.1211,7.1211
HEI,18,M1_Core,ExtraTrees,2.0966,6.5337,-4.4371,4.4371
HEI,18,M1_Core,ExtraTrees,0.4495,5.9138,-5.4643,5.4643
HEI,18,M1_Core,ExtraTrees,5.5968,6.3449,-0.7481,0.7481
HEI,18,M1_Core,ExtraTrees,5.0363,5.9526,-0.9163,0.9163
HEI,18,M1_Core,ExtraTrees,5.2677,10.3525,-5.0848,5.0848
HEI,18,M1_Core,ExtraTrees,21.0633,8.8349,12.2284,12.2284
HEI,18,M1_Core,ExtraTrees,90.8971,10.5428,80.3543,80.3543
HEI,18,M7_TargetSpecific_Selected,Ridge,1.5533,8.1529,-6.5996,6.5996
HEI,18,M7_TargetSpecific_Selected,Ridge,2.0966,9.3002,-7.2036,7.2036
HEI,18,M7_TargetSpecific_Selected,Ridge,0.4495,0.0,0.4495,0.4495
HEI,18,M7_TargetSpecific_Selected,Ridge,5.5968,11.5113,-5.9145,5.9145
HEI,18,M7_TargetSpecific_Selected,Ridge,5.0363,3.349,1.6873,1.6873
HEI,18,M7_TargetSpecific_Selected,Ridge,5.2677,14.5889,-9.3212,9.3212
HEI,18,M7_TargetSpecific_Selected,Ridge,21.0633,12.911,8.1522,8.1522
HEI,18,M7_TargetSpecific_Selected,Ridge,90.8971,12.0062,78.8909,78.8909
HEI,18,M7_TargetSpecific_Selected,HuberRegressor,1.5533,7.7158,-6.1624,6.1624
HEI,18,M7_TargetSpecific_Selected,HuberRegressor,2.0966,7.9708,-5.8741,5.8741
HEI,18,M7_TargetSpecific_Selected,HuberRegressor,0.4495,0.0,0.4495,0.4495
HEI,18,M7_TargetSpecific_Selected,HuberRegressor,5.5968,10.8707,-5.2739,5.2739
HEI,18,M7_TargetSpecific_Selected,HuberRegressor,5.0363,3.2115,1.8248,1.8248
HEI,18,M7_TargetSpecific_Selected,HuberRegressor,5.2677,16.1732,-10.9055,10.9055
HEI,18,M7_TargetSpecific_Selected,HuberRegressor,21.0633,12.9207,8.1426,8.1426
HEI,18,M7_TargetSpecific_Selected,HuberRegressor,90.8971,11.8445,79.0526,79.0526
HEI,18,M7_TargetSpecific_Selected,ExtraTrees,1.5533,11.6899,-10.1366,10.1366
HEI,18,M7_TargetSpecific_Selected,ExtraTrees,2.0966,11.293,-9.1964,9.1964
HEI,18,M7_TargetSpecific_Selected,ExtraTrees,0.4495,4.5581,-4.1085,4.1085
HEI,18,M7_TargetSpecific_Selected,ExtraTrees,5.5968,9.5212,-3.9244,3.9244
HEI,18,M7_TargetSpecific_Selected,ExtraTrees,5.0363,7.3335,-2.2972,2.2972
HEI,18,M7_TargetSpecific_Selected,ExtraTrees,5.2677,12.2613,-6.9936,6.9936
HEI,18,M7_TargetSpecific_Selected,ExtraTrees,21.0633,10.9544,10.1089,10.1089
HEI,18,M7_TargetSpecific_Selected,ExtraTrees,90.8971,11.0248,79.8723,79.8723
HEI,19,M1_Core,Ridge,1.077,2.2756,-1.1986,1.1986
HEI,19,M1_Core,Ridge,4.7856,6.0809,-1.2953,1.2953
HEI,19,M1_Core,Ridge,4.6685,5.9113,-1.2429,1.2429
HEI,19,M1_Core,Ridge,15.4817,6.7092,8.7725,8.7725
HEI,19,M1_Core,Ridge,1.6813,5.4216,-3.7403,3.7403
HEI,19,M1_Core,Ridge,6.8552,10.7141,-3.8589,3.8589
HEI,19,M1_Core,Ridge,9.2283,8.8844,0.3439,0.3439
HEI,19,M1_Core,Ridge,5.7695,8.3275,-2.558,2.558
HEI,19,M1_Core,HuberRegressor,1.077,4.1052,-3.0281,3.0281
HEI,19,M1_Core,HuberRegressor,4.7856,9.7076,-4.922,4.922
HEI,19,M1_Core,HuberRegressor,4.6685,5.4106,-0.7421,0.7421
HEI,19,M1_Core,HuberRegressor,15.4817,5.9907,9.491,9.491
HEI,19,M1_Core,HuberRegressor,1.6813,5.563,-3.8817,3.8817
HEI,19,M1_Core,HuberRegressor,6.8552,3.4807,3.3745,3.3745
HEI,19,M1_Core,HuberRegressor,9.2283,8.7703,0.458,0.458
HEI,19,M1_Core,HuberRegressor,5.7695,8.2734,-2.5039,2.5039
HEI,19,M1_Core,ExtraTrees,1.077,3.0222,-1.9452,1.9452
HEI,19,M1_Core,ExtraTrees,4.7856,2.0004,2.7852,2.7852
HEI,19,M1_Core,ExtraTrees,4.6685,11.7047,-7.0362,7.0362
HEI,19,M1_Core,ExtraTrees,15.4817,8.4017,7.08,7.08
HEI,19,M1_Core,ExtraTrees,1.6813,9.0828,-7.4015,7.4015
HEI,19,M1_Core,ExtraTrees,6.8552,18.8705,-12.0153,12.0153
HEI,19,M1_Core,ExtraTrees,9.2283,11.4399,-2.2116,2.2116
HEI,19,M1_Core,ExtraTrees,5.7695,6.931,-1.1615,1.1615
HEI,19,M7_TargetSpecific_Selected,Ridge,1.077,0.8521,0.2249,0.2249
HEI,19,M7_TargetSpecific_Selected,Ridge,4.7856,2.9385,1.8472,1.8472
HEI,19,M7_TargetSpecific_Selected,Ridge,4.6685,4.8302,-0.1617,0.1617
HEI,19,M7_TargetSpecific_Selected,Ridge,15.4817,8.141,7.3407,7.3407
HEI,19,M7_TargetSpecific_Selected,Ridge,1.6813,5.1929,-3.5115,3.5115
HEI,19,M7_TargetSpecific_Selected,Ridge,6.8552,19.6797,-12.8244,12.8244
HEI,19,M7_TargetSpecific_Selected,Ridge,9.2283,14.594,-5.3657,5.3657
HEI,19,M7_TargetSpecific_Selected,Ridge,5.7695,8.3339,-2.5645,2.5645
HEI,19,M7_TargetSpecific_Selected,HuberRegressor,1.077,0.9212,0.1559,0.1559
HEI,19,M7_TargetSpecific_Selected,HuberRegressor,4.7856,2.8498,1.9358,1.9358
HEI,19,M7_TargetSpecific_Selected,HuberRegressor,4.6685,4.7344,-0.0659,0.0659
HEI,19,M7_TargetSpecific_Selected,HuberRegressor,15.4817,7.7444,7.7373,7.7373
HEI,19,M7_TargetSpecific_Selected,HuberRegressor,1.6813,5.0757,-3.3943,3.3943
HEI,19,M7_TargetSpecific_Selected,HuberRegressor,6.8552,18.2954,-11.4401,11.4401
HEI,19,M7_TargetSpecific_Selected,HuberRegressor,9.2283,13.5558,-4.3275,4.3275
HEI,19,M7_TargetSpecific_Selected,HuberRegressor,5.7695,8.4319,-2.6624,2.6624
HEI,19,M7_TargetSpecific_Selected,ExtraTrees,1.077,3.08,-2.0029,2.0029
HEI,19,M7_TargetSpecific_Selected,ExtraTrees,4.7856,2.4474,2.3382,2.3382
HEI,19,M7_TargetSpecific_Selected,ExtraTrees,4.6685,10.6645,-5.996,5.996
HEI,19,M7_TargetSpecific_Selected,ExtraTrees,15.4817,8.6905,6.7912,6.7912
HEI,19,M7_TargetSpecific_Selected,ExtraTrees,1.6813,8.5179,-6.8366,6.8366
HEI,19,M7_TargetSpecific_Selected,ExtraTrees,6.8552,10.1589,-3.3037,3.3037
HEI,19,M7_TargetSpecific_Selected,ExtraTrees,9.2283,13.5594,-4.3312,4.3312
HEI,19,M7_TargetSpecific_Selected,ExtraTrees,5.7695,10.4563,-4.6868,4.6868
HEI,20,M1_Core,Ridge,24.2216,8.7714,15.4502,15.4502
HEI,20,M1_Core,Ridge,5.5691,8.7734,-3.2043,3.2043
HEI,20,M1_Core,Ridge,4.7856,5.0091,-0.2235,0.2235
HEI,20,M1_Core,Ridge,37.6996,8.6379,29.0617,29.0617
HEI,20,M1_Core,Ridge,20.3602,5.3421,15.0181,15.0181
HEI,20,M1_Core,Ridge,9.7079,7.4746,2.2333,2.2333
HEI,20,M1_Core,Ridge,2.2224,9.936,-7.7136,7.7136
HEI,20,M1_Core,Ridge,9.0145,7.3251,1.6894,1.6894
HEI,20,M1_Core,HuberRegressor,24.2216,7.785,16.4366,16.4366
HEI,20,M1_Core,HuberRegressor,5.5691,8.4638,-2.8947,2.8947
HEI,20,M1_Core,HuberRegressor,4.7856,6.5999,-1.8142,1.8142
HEI,20,M1_Core,HuberRegressor,37.6996,8.08,29.6196,29.6196
HEI,20,M1_Core,HuberRegressor,20.3602,4.4957,15.8645,15.8645
HEI,20,M1_Core,HuberRegressor,9.7079,6.2584,3.4495,3.4495
HEI,20,M1_Core,HuberRegressor,2.2224,8.7401,-6.5177,6.5177
HEI,20,M1_Core,HuberRegressor,9.0145,6.1151,2.8994,2.8994
HEI,20,M1_Core,ExtraTrees,24.2216,8.9545,15.2671,15.2671
HEI,20,M1_Core,ExtraTrees,5.5691,3.7881,1.781,1.781
HEI,20,M1_Core,ExtraTrees,4.7856,1.626,3.1596,3.1596
HEI,20,M1_Core,ExtraTrees,37.6996,7.9687,29.7309,29.7309
HEI,20,M1_Core,ExtraTrees,20.3602,3.5558,16.8044,16.8044
HEI,20,M1_Core,ExtraTrees,9.7079,9.9858,-0.2778,0.2778
HEI,20,M1_Core,ExtraTrees,2.2224,11.1515,-8.929,8.929
HEI,20,M1_Core,ExtraTrees,9.0145,10.6016,-1.5871,1.5871
HEI,20,M7_TargetSpecific_Selected,Ridge,24.2216,10.9406,13.2811,13.2811
HEI,20,M7_TargetSpecific_Selected,Ridge,5.5691,7.1318,-1.5627,1.5627
HEI,20,M7_TargetSpecific_Selected,Ridge,4.7856,1.5843,3.2014,3.2014
HEI,20,M7_TargetSpecific_Selected,Ridge,37.6996,6.8948,30.8048,30.8048
HEI,20,M7_TargetSpecific_Selected,Ridge,20.3602,6.2446,14.1156,14.1156
HEI,20,M7_TargetSpecific_Selected,Ridge,9.7079,8.9413,0.7666,0.7666
HEI,20,M7_TargetSpecific_Selected,Ridge,2.2224,9.8309,-7.6084,7.6084
HEI,20,M7_TargetSpecific_Selected,Ridge,9.0145,9.7494,-0.7349,0.7349
HEI,20,M7_TargetSpecific_Selected,HuberRegressor,24.2216,9.6072,14.6144,14.6144
HEI,20,M7_TargetSpecific_Selected,HuberRegressor,5.5691,8.4077,-2.8386,2.8386
HEI,20,M7_TargetSpecific_Selected,HuberRegressor,4.7856,2.3773,2.4083,2.4083
HEI,20,M7_TargetSpecific_Selected,HuberRegressor,37.6996,6.6652,31.0344,31.0344
HEI,20,M7_TargetSpecific_Selected,HuberRegressor,20.3602,5.3023,15.0579,15.0579
HEI,20,M7_TargetSpecific_Selected,HuberRegressor,9.7079,7.9533,1.7546,1.7546
HEI,20,M7_TargetSpecific_Selected,HuberRegressor,2.2224,8.6497,-6.4273,6.4273
HEI,20,M7_TargetSpecific_Selected,HuberRegressor,9.0145,8.859,0.1555,0.1555
HEI,20,M7_TargetSpecific_Selected,ExtraTrees,24.2216,10.3251,13.8965,13.8965
HEI,20,M7_TargetSpecific_Selected,ExtraTrees,5.5691,3.8259,1.7432,1.7432
HEI,20,M7_TargetSpecific_Selected,ExtraTrees,4.7856,2.0189,2.7668,2.7668
HEI,20,M7_TargetSpecific_Selected,ExtraTrees,37.6996,6.9842,30.7154,30.7154
HEI,20,M7_TargetSpecific_Selected,ExtraTrees,20.3602,3.4455,16.9147,16.9147
HEI,20,M7_TargetSpecific_Selected,ExtraTrees,9.7079,10.5412,-0.8333,0.8333
HEI,20,M7_TargetSpecific_Selected,ExtraTrees,2.2224,8.1783,-5.9559,5.9559
HEI,20,M7_TargetSpecific_Selected,ExtraTrees,9.0145,11.6497,-2.6352,2.6352
HEI,21,M1_Core,Ridge,63.25,9.5969,53.6531,53.6531
HEI,21,M1_Core,Ridge,3.8275,1.6904,2.1371,2.1371
HEI,21,M1_Core,Ridge,5.037,9.7827,-4.7457,4.7457
HEI,21,M1_Core,Ridge,4.6685,5.6314,-0.9629,0.9629
HEI,21,M1_Core,Ridge,1.6813,5.8425,-4.1612,4.1612
HEI,21,M1_Core,Ridge,5.0363,4.1622,0.8741,0.8741
HEI,21,M1_Core,Ridge,25.7136,13.8344,11.8793,11.8793
HEI,21,M1_Core,Ridge,9.2283,8.8049,0.4234,0.4234
HEI,21,M1_Core,HuberRegressor,63.25,8.8179,54.4321,54.4321
HEI,21,M1_Core,HuberRegressor,3.8275,1.5992,2.2283,2.2283
HEI,21,M1_Core,HuberRegressor,5.037,9.0318,-3.9947,3.9947
HEI,21,M1_Core,HuberRegressor,4.6685,4.6152,0.0533,0.0533
HEI,21,M1_Core,HuberRegressor,1.6813,6.647,-4.9656,4.9656
HEI,21,M1_Core,HuberRegressor,5.0363,5.334,-0.2977,0.2977
HEI,21,M1_Core,HuberRegressor,25.7136,10.1507,15.5629,15.5629
HEI,21,M1_Core,HuberRegressor,9.2283,8.9598,0.2685,0.2685
HEI,21,M1_Core,ExtraTrees,63.25,10.4139,52.8361,52.8361
HEI,21,M1_Core,ExtraTrees,3.8275,1.7814,2.046,2.046
HEI,21,M1_Core,ExtraTrees,5.037,11.8924,-6.8554,6.8554
HEI,21,M1_Core,ExtraTrees,4.6685,11.3993,-6.7308,6.7308
HEI,21,M1_Core,ExtraTrees,1.6813,10.0728,-8.3915,8.3915
HEI,21,M1_Core,ExtraTrees,5.0363,6.4908,-1.4545,1.4545
HEI,21,M1_Core,ExtraTrees,25.7136,18.1684,7.5452,7.5452
HEI,21,M1_Core,ExtraTrees,9.2283,11.6343,-2.406,2.406
HEI,21,M7_TargetSpecific_Selected,Ridge,63.25,8.0213,55.2287,55.2287
HEI,21,M7_TargetSpecific_Selected,Ridge,3.8275,0.5313,3.2962,3.2962
HEI,21,M7_TargetSpecific_Selected,Ridge,5.037,15.2788,-10.2418,10.2418
HEI,21,M7_TargetSpecific_Selected,Ridge,4.6685,4.6552,0.0133,0.0133
HEI,21,M7_TargetSpecific_Selected,Ridge,1.6813,7.5195,-5.8382,5.8382
HEI,21,M7_TargetSpecific_Selected,Ridge,5.0363,4.3225,0.7138,0.7138
HEI,21,M7_TargetSpecific_Selected,Ridge,25.7136,10.5487,15.1649,15.1649
HEI,21,M7_TargetSpecific_Selected,Ridge,9.2283,17.766,-8.5378,8.5378
HEI,21,M7_TargetSpecific_Selected,HuberRegressor,63.25,5.5563,57.6937,57.6937
HEI,21,M7_TargetSpecific_Selected,HuberRegressor,3.8275,0.1235,3.704,3.704
HEI,21,M7_TargetSpecific_Selected,HuberRegressor,5.037,11.9562,-6.9192,6.9192
HEI,21,M7_TargetSpecific_Selected,HuberRegressor,4.6685,3.0644,1.6041,1.6041
HEI,21,M7_TargetSpecific_Selected,HuberRegressor,1.6813,9.9021,-8.2208,8.2208
HEI,21,M7_TargetSpecific_Selected,HuberRegressor,5.0363,4.7583,0.2781,0.2781
HEI,21,M7_TargetSpecific_Selected,HuberRegressor,25.7136,7.0209,18.6927,18.6927
HEI,21,M7_TargetSpecific_Selected,HuberRegressor,9.2283,16.6049,-7.3766,7.3766
HEI,21,M7_TargetSpecific_Selected,ExtraTrees,63.25,9.339,53.911,53.911
HEI,21,M7_TargetSpecific_Selected,ExtraTrees,3.8275,2.0031,1.8244,1.8244
HEI,21,M7_TargetSpecific_Selected,ExtraTrees,5.037,13.7102,-8.6732,8.6732
HEI,21,M7_TargetSpecific_Selected,ExtraTrees,4.6685,6.6067,-1.9383,1.9383
HEI,21,M7_TargetSpecific_Selected,ExtraTrees,1.6813,10.1307,-8.4494,8.4494
HEI,21,M7_TargetSpecific_Selected,ExtraTrees,5.0363,7.015,-1.9786,1.9786
HEI,21,M7_TargetSpecific_Selected,ExtraTrees,25.7136,11.9806,13.733,13.733
HEI,21,M7_TargetSpecific_Selected,ExtraTrees,9.2283,11.6135,-2.3852,2.3852
HEI,22,M1_Core,Ridge,1.5533,7.6841,-6.1308,6.1308
HEI,22,M1_Core,Ridge,2.0966,6.3317,-4.2351,4.2351
HEI,22,M1_Core,Ridge,12.1732,11.6619,0.5114,0.5114
HEI,22,M1_Core,Ridge,5.5968,8.8602,-3.2634,3.2634
HEI,22,M1_Core,Ridge,2.3508,10.3822,-8.0314,8.0314
HEI,22,M1_Core,Ridge,15.4817,6.0972,9.3846,9.3846
HEI,22,M1_Core,Ridge,8.6978,17.6084,-8.9106,8.9106
HEI,22,M1_Core,Ridge,90.8971,9.3025,81.5946,81.5946
HEI,22,M1_Core,HuberRegressor,1.5533,7.4101,-5.8567,5.8567
HEI,22,M1_Core,HuberRegressor,2.0966,5.5719,-3.4753,3.4753
HEI,22,M1_Core,HuberRegressor,12.1732,11.2067,0.9666,0.9666
HEI,22,M1_Core,HuberRegressor,5.5968,8.316,-2.7192,2.7192
HEI,22,M1_Core,HuberRegressor,2.3508,9.4473,-7.0965,7.0965
HEI,22,M1_Core,HuberRegressor,15.4817,5.5248,9.9569,9.9569
HEI,22,M1_Core,HuberRegressor,8.6978,20.1777,-11.4799,11.4799
HEI,22,M1_Core,HuberRegressor,90.8971,8.1802,82.7169,82.7169
HEI,22,M1_Core,ExtraTrees,1.5533,6.241,-4.6877,4.6877
HEI,22,M1_Core,ExtraTrees,2.0966,6.0413,-3.9447,3.9447
HEI,22,M1_Core,ExtraTrees,12.1732,10.6026,1.5706,1.5706
HEI,22,M1_Core,ExtraTrees,5.5968,6.2184,-0.6215,0.6215
HEI,22,M1_Core,ExtraTrees,2.3508,13.634,-11.2831,11.2831
HEI,22,M1_Core,ExtraTrees,15.4817,5.2322,10.2495,10.2495
HEI,22,M1_Core,ExtraTrees,8.6978,10.5576,-1.8598,1.8598
HEI,22,M1_Core,ExtraTrees,90.8971,10.5265,80.3706,80.3706
HEI,22,M7_TargetSpecific_Selected,Ridge,1.5533,9.7242,-8.1708,8.1708
HEI,22,M7_TargetSpecific_Selected,Ridge,2.0966,8.334,-6.2374,6.2374
HEI,22,M7_TargetSpecific_Selected,Ridge,12.1732,10.0036,2.1696,2.1696
HEI,22,M7_TargetSpecific_Selected,Ridge,5.5968,10.6852,-5.0884,5.0884
HEI,22,M7_TargetSpecific_Selected,Ridge,2.3508,47.8663,-45.5155,45.5155
HEI,22,M7_TargetSpecific_Selected,Ridge,15.4817,6.4904,8.9913,8.9913
HEI,22,M7_TargetSpecific_Selected,Ridge,8.6978,13.5219,-4.8241,4.8241
HEI,22,M7_TargetSpecific_Selected,Ridge,90.8971,9.5512,81.3458,81.3458
HEI,22,M7_TargetSpecific_Selected,HuberRegressor,1.5533,9.9117,-8.3583,8.3583
HEI,22,M7_TargetSpecific_Selected,HuberRegressor,2.0966,8.0842,-5.9876,5.9876
HEI,22,M7_TargetSpecific_Selected,HuberRegressor,12.1732,10.2902,1.8831,1.8831
HEI,22,M7_TargetSpecific_Selected,HuberRegressor,5.5968,10.869,-5.2722,5.2722
HEI,22,M7_TargetSpecific_Selected,HuberRegressor,2.3508,51.9915,-49.6406,49.6406
HEI,22,M7_TargetSpecific_Selected,HuberRegressor,15.4817,6.8264,8.6553,8.6553
HEI,22,M7_TargetSpecific_Selected,HuberRegressor,8.6978,13.3134,-4.6156,4.6156
HEI,22,M7_TargetSpecific_Selected,HuberRegressor,90.8971,10.0155,80.8816,80.8816
HEI,22,M7_TargetSpecific_Selected,ExtraTrees,1.5533,8.5977,-7.0444,7.0444
HEI,22,M7_TargetSpecific_Selected,ExtraTrees,2.0966,6.8161,-4.7195,4.7195
HEI,22,M7_TargetSpecific_Selected,ExtraTrees,12.1732,7.8396,4.3337,4.3337
HEI,22,M7_TargetSpecific_Selected,ExtraTrees,5.5968,7.6221,-2.0253,2.0253
HEI,22,M7_TargetSpecific_Selected,ExtraTrees,2.3508,9.1184,-6.7676,6.7676
HEI,22,M7_TargetSpecific_Selected,ExtraTrees,15.4817,6.4443,9.0374,9.0374
HEI,22,M7_TargetSpecific_Selected,ExtraTrees,8.6978,14.877,-6.1792,6.1792
HEI,22,M7_TargetSpecific_Selected,ExtraTrees,90.8971,8.9387,81.9584,81.9584
HEI,23,M1_Core,Ridge,1.077,1.8548,-0.7778,0.7778
HEI,23,M1_Core,Ridge,0.4495,3.0599,-2.6104,2.6104
HEI,23,M1_Core,Ridge,6.8552,19.4319,-12.5767,12.5767
HEI,23,M1_Core,Ridge,8.4162,23.5781,-15.1618,15.1618
HEI,23,M1_Core,Ridge,5.2677,16.3559,-11.0882,11.0882
HEI,23,M1_Core,Ridge,21.0633,7.6471,13.4161,13.4161
HEI,23,M1_Core,Ridge,6.578,8.7093,-2.1313,2.1313
HEI,23,M1_Core,Ridge,5.7695,8.88,-3.1106,3.1106
HEI,23,M1_Core,HuberRegressor,1.077,2.7355,-1.6584,1.6584
HEI,23,M1_Core,HuberRegressor,0.4495,2.4662,-2.0167,2.0167
HEI,23,M1_Core,HuberRegressor,6.8552,10.9787,-4.1234,4.1234
HEI,23,M1_Core,HuberRegressor,8.4162,24.2461,-15.8298,15.8298
HEI,23,M1_Core,HuberRegressor,5.2677,14.9203,-9.6526,9.6526
HEI,23,M1_Core,HuberRegressor,21.0633,7.8453,13.218,13.218
HEI,23,M1_Core,HuberRegressor,6.578,9.6994,-3.1215,3.1215
HEI,23,M1_Core,HuberRegressor,5.7695,9.0547,-3.2852,3.2852
HEI,23,M1_Core,ExtraTrees,1.077,3.0422,-1.9652,1.9652
HEI,23,M1_Core,ExtraTrees,0.4495,5.493,-5.0435,5.0435
HEI,23,M1_Core,ExtraTrees,6.8552,25.1529,-18.2976,18.2976
HEI,23,M1_Core,ExtraTrees,8.4162,9.7231,-1.3069,1.3069
HEI,23,M1_Core,ExtraTrees,5.2677,8.8985,-3.6308,3.6308
HEI,23,M1_Core,ExtraTrees,21.0633,9.3813,11.682,11.682
HEI,23,M1_Core,ExtraTrees,6.578,10.3577,-3.7797,3.7797
HEI,23,M1_Core,ExtraTrees,5.7695,6.9368,-1.1673,1.1673
HEI,23,M7_TargetSpecific_Selected,Ridge,1.077,0.7986,0.2785,0.2785
HEI,23,M7_TargetSpecific_Selected,Ridge,0.4495,0.0,0.4495,0.4495
HEI,23,M7_TargetSpecific_Selected,Ridge,6.8552,56.4335,-49.5783,49.5783
HEI,23,M7_TargetSpecific_Selected,Ridge,8.4162,29.3726,-20.9563,20.9563
HEI,23,M7_TargetSpecific_Selected,Ridge,5.2677,20.0364,-14.7687,14.7687
HEI,23,M7_TargetSpecific_Selected,Ridge,21.0633,11.8903,9.173,9.173
HEI,23,M7_TargetSpecific_Selected,Ridge,6.578,9.0119,-2.434,2.434
HEI,23,M7_TargetSpecific_Selected,Ridge,5.7695,10.9821,-5.2126,5.2126
HEI,23,M7_TargetSpecific_Selected,HuberRegressor,1.077,1.4626,-0.3856,0.3856
HEI,23,M7_TargetSpecific_Selected,HuberRegressor,0.4495,0.0,0.4495,0.4495
HEI,23,M7_TargetSpecific_Selected,HuberRegressor,6.8552,66.6657,-59.8105,59.8105
HEI,23,M7_TargetSpecific_Selected,HuberRegressor,8.4162,28.0088,-19.5925,19.5925
HEI,23,M7_TargetSpecific_Selected,HuberRegressor,5.2677,17.363,-12.0953,12.0953
HEI,23,M7_TargetSpecific_Selected,HuberRegressor,21.0633,12.5755,8.4878,8.4878
HEI,23,M7_TargetSpecific_Selected,HuberRegressor,6.578,8.7098,-2.1318,2.1318
HEI,23,M7_TargetSpecific_Selected,HuberRegressor,5.7695,12.1578,-6.3883,6.3883
HEI,23,M7_TargetSpecific_Selected,ExtraTrees,1.077,2.3005,-1.2235,1.2235
HEI,23,M7_TargetSpecific_Selected,ExtraTrees,0.4495,4.9201,-4.4706,4.4706
HEI,23,M7_TargetSpecific_Selected,ExtraTrees,6.8552,26.3245,-19.4693,19.4693
HEI,23,M7_TargetSpecific_Selected,ExtraTrees,8.4162,15.2347,-6.8185,6.8185
HEI,23,M7_TargetSpecific_Selected,ExtraTrees,5.2677,15.3768,-10.1091,10.1091
HEI,23,M7_TargetSpecific_Selected,ExtraTrees,21.0633,11.0589,10.0044,10.0044
HEI,23,M7_TargetSpecific_Selected,ExtraTrees,6.578,11.7623,-5.1843,5.1843
HEI,23,M7_TargetSpecific_Selected,ExtraTrees,5.7695,8.9259,-3.1564,3.1564
HEI,24,M1_Core,Ridge,1.494,0.025,1.4689,1.4689
HEI,24,M1_Core,Ridge,17.8254,13.0819,4.7435,4.7435
HEI,24,M1_Core,Ridge,0.8201,7.1036,-6.2835,6.2835
HEI,24,M1_Core,Ridge,5.205,7.8704,-2.6654,2.6654
HEI,24,M1_Core,Ridge,1.7028,7.7739,-6.0711,6.0711
HEI,24,M1_Core,Ridge,12.9993,3.4879,9.5115,9.5115
HEI,24,M1_Core,Ridge,15.3829,5.9025,9.4804,9.4804
HEI,24,M1_Core,Ridge,37.596,10.5215,27.0745,27.0745
HEI,24,M1_Core,HuberRegressor,1.494,0.0,1.494,1.494
HEI,24,M1_Core,HuberRegressor,17.8254,14.0545,3.7709,3.7709
HEI,24,M1_Core,HuberRegressor,0.8201,6.7671,-5.947,5.947
HEI,24,M1_Core,HuberRegressor,5.205,6.8101,-1.6051,1.6051
HEI,24,M1_Core,HuberRegressor,1.7028,7.1552,-5.4524,5.4524
HEI,24,M1_Core,HuberRegressor,12.9993,5.6494,7.3499,7.3499
HEI,24,M1_Core,HuberRegressor,15.3829,6.3795,9.0034,9.0034
HEI,24,M1_Core,HuberRegressor,37.596,9.8813,27.7147,27.7147
HEI,24,M1_Core,ExtraTrees,1.494,3.8265,-2.3325,2.3325
HEI,24,M1_Core,ExtraTrees,17.8254,10.82,7.0054,7.0054
HEI,24,M1_Core,ExtraTrees,0.8201,7.4237,-6.6036,6.6036
HEI,24,M1_Core,ExtraTrees,5.205,6.0131,-0.8082,0.8082
HEI,24,M1_Core,ExtraTrees,1.7028,7.6939,-5.9911,5.9911
HEI,24,M1_Core,ExtraTrees,12.9993,7.0062,5.9931,5.9931
HEI,24,M1_Core,ExtraTrees,15.3829,7.1823,8.2006,8.2006
HEI,24,M1_Core,ExtraTrees,37.596,5.217,32.379,32.379
HEI,24,M7_TargetSpecific_Selected,Ridge,1.494,1.6115,-0.1175,0.1175
HEI,24,M7_TargetSpecific_Selected,Ridge,17.8254,4.7667,13.0587,13.0587
HEI,24,M7_TargetSpecific_Selected,Ridge,0.8201,7.3408,-6.5207,6.5207
HEI,24,M7_TargetSpecific_Selected,Ridge,5.205,8.0111,-2.8062,2.8062
HEI,24,M7_TargetSpecific_Selected,Ridge,1.7028,7.9295,-6.2267,6.2267
HEI,24,M7_TargetSpecific_Selected,Ridge,12.9993,3.3837,9.6156,9.6156
HEI,24,M7_TargetSpecific_Selected,Ridge,15.3829,7.4299,7.953,7.953
HEI,24,M7_TargetSpecific_Selected,Ridge,37.596,11.8852,25.7108,25.7108
HEI,24,M7_TargetSpecific_Selected,HuberRegressor,1.494,2.0812,-0.5873,0.5873
HEI,24,M7_TargetSpecific_Selected,HuberRegressor,17.8254,4.3958,13.4297,13.4297
HEI,24,M7_TargetSpecific_Selected,HuberRegressor,0.8201,6.8727,-6.0526,6.0526
HEI,24,M7_TargetSpecific_Selected,HuberRegressor,5.205,7.0881,-1.8831,1.8831
HEI,24,M7_TargetSpecific_Selected,HuberRegressor,1.7028,7.2721,-5.5693,5.5693
HEI,24,M7_TargetSpecific_Selected,HuberRegressor,12.9993,4.5712,8.4281,8.4281
HEI,24,M7_TargetSpecific_Selected,HuberRegressor,15.3829,7.534,7.8489,7.8489
HEI,24,M7_TargetSpecific_Selected,HuberRegressor,37.596,10.6861,26.9099,26.9099
HEI,24,M7_TargetSpecific_Selected,ExtraTrees,1.494,3.8121,-2.3182,2.3182
HEI,24,M7_TargetSpecific_Selected,ExtraTrees,17.8254,3.6987,14.1267,14.1267
HEI,24,M7_TargetSpecific_Selected,ExtraTrees,0.8201,8.8822,-8.0621,8.0621
HEI,24,M7_TargetSpecific_Selected,ExtraTrees,5.205,5.9726,-0.7676,0.7676
HEI,24,M7_TargetSpecific_Selected,ExtraTrees,1.7028,9.5138,-7.811,7.811
HEI,24,M7_TargetSpecific_Selected,ExtraTrees,12.9993,7.1715,5.8278,5.8278
HEI,24,M7_TargetSpecific_Selected,ExtraTrees,15.3829,8.2543,7.1285,7.1285
HEI,24,M7_TargetSpecific_Selected,ExtraTrees,37.596,7.6314,29.9646,29.9646
WQI,0,M1_Core,Ridge,13.0826,31.5884,-18.5057,18.5057
WQI,0,M1_Core,Ridge,8.4239,26.2807,-17.8567,17.8567
WQI,0,M1_Core,Ridge,55.2405,30.0248,25.2157,25.2157
WQI,0,M1_Core,Ridge,15.9415,25.5744,-9.6329,9.6329
WQI,0,M1_Core,Ridge,27.1467,26.7739,0.3727,0.3727
WQI,0,M1_Core,Ridge,24.9445,33.7409,-8.7964,8.7964
WQI,0,M1_Core,Ridge,6.8396,22.5264,-15.6868,15.6868
WQI,0,M1_Core,Ridge,36.4874,22.9612,13.5263,13.5263
WQI,0,M1_Core,HuberRegressor,13.0826,24.6324,-11.5498,11.5498
WQI,0,M1_Core,HuberRegressor,8.4239,21.5255,-13.1016,13.1016
WQI,0,M1_Core,HuberRegressor,55.2405,27.8435,27.397,27.397
WQI,0,M1_Core,HuberRegressor,15.9415,23.2699,-7.3284,7.3284
WQI,0,M1_Core,HuberRegressor,27.1467,26.7442,0.4025,0.4025
WQI,0,M1_Core,HuberRegressor,24.9445,19.09,5.8545,5.8545
WQI,0,M1_Core,HuberRegressor,6.8396,18.5637,-11.724,11.724
WQI,0,M1_Core,HuberRegressor,36.4874,23.4978,12.9896,12.9896
WQI,0,M1_Core,ExtraTrees,13.0826,30.6661,-17.5835,17.5835
WQI,0,M1_Core,ExtraTrees,8.4239,29.3717,-20.9478,20.9478
WQI,0,M1_Core,ExtraTrees,55.2405,24.6475,30.5929,30.5929
WQI,0,M1_Core,ExtraTrees,15.9415,31.4706,-15.5291,15.5291
WQI,0,M1_Core,ExtraTrees,27.1467,28.8077,-1.661,1.661
WQI,0,M1_Core,ExtraTrees,24.9445,30.2309,-5.2864,5.2864
WQI,0,M1_Core,ExtraTrees,6.8396,19.107,-12.2673,12.2673
WQI,0,M1_Core,ExtraTrees,36.4874,24.5518,11.9356,11.9356
WQI,0,M7_TargetSpecific_Selected,Ridge,13.0826,29.0139,-15.9313,15.9313
WQI,0,M7_TargetSpecific_Selected,Ridge,8.4239,77.481,-69.0571,69.0571
WQI,0,M7_TargetSpecific_Selected,Ridge,55.2405,34.8578,20.3827,20.3827
WQI,0,M7_TargetSpecific_Selected,Ridge,15.9415,25.4671,-9.5256,9.5256
WQI,0,M7_TargetSpecific_Selected,Ridge,27.1467,28.829,-1.6823,1.6823
WQI,0,M7_TargetSpecific_Selected,Ridge,24.9445,30.6119,-5.6674,5.6674
WQI,0,M7_TargetSpecific_Selected,Ridge,6.8396,30.0288,-23.1892,23.1892
WQI,0,M7_TargetSpecific_Selected,Ridge,36.4874,22.1176,14.3699,14.3699
WQI,0,M7_TargetSpecific_Selected,HuberRegressor,13.0826,23.3464,-10.2638,10.2638
WQI,0,M7_TargetSpecific_Selected,HuberRegressor,8.4239,60.8709,-52.447,52.447
WQI,0,M7_TargetSpecific_Selected,HuberRegressor,55.2405,32.3714,22.8691,22.8691
WQI,0,M7_TargetSpecific_Selected,HuberRegressor,15.9415,24.0562,-8.1147,8.1147
WQI,0,M7_TargetSpecific_Selected,HuberRegressor,27.1467,29.4273,-2.2806,2.2806
WQI,0,M7_TargetSpecific_Selected,HuberRegressor,24.9445,19.6881,5.2564,5.2564
WQI,0,M7_TargetSpecific_Selected,HuberRegressor,6.8396,25.3753,-18.5356,18.5356
WQI,0,M7_TargetSpecific_Selected,HuberRegressor,36.4874,22.6083,13.8792,13.8792
WQI,0,M7_TargetSpecific_Selected,ExtraTrees,13.0826,31.9433,-18.8607,18.8607
WQI,0,M7_TargetSpecific_Selected,ExtraTrees,8.4239,28.4581,-20.0342,20.0342
WQI,0,M7_TargetSpecific_Selected,ExtraTrees,55.2405,27.0834,28.1571,28.1571
WQI,0,M7_TargetSpecific_Selected,ExtraTrees,15.9415,27.8399,-11.8983,11.8983
WQI,0,M7_TargetSpecific_Selected,ExtraTrees,27.1467,28.3394,-1.1927,1.1927
WQI,0,M7_TargetSpecific_Selected,ExtraTrees,24.9445,33.7976,-8.8531,8.8531
WQI,0,M7_TargetSpecific_Selected,ExtraTrees,6.8396,16.7969,-9.9573,9.9573
WQI,0,M7_TargetSpecific_Selected,ExtraTrees,36.4874,27.0265,9.4609,9.4609
WQI,1,M1_Core,Ridge,13.2452,9.6695,3.5757,3.5757
WQI,1,M1_Core,Ridge,16.4983,21.5421,-5.0438,5.0438
WQI,1,M1_Core,Ridge,112.9265,16.4615,96.465,96.465
WQI,1,M1_Core,Ridge,20.7845,28.9616,-8.1771,8.1771
WQI,1,M1_Core,Ridge,10.8835,12.6376,-1.7541,1.7541
WQI,1,M1_Core,Ridge,26.3306,74.8569,-48.5263,48.5263
WQI,1,M1_Core,Ridge,45.315,18.2504,27.0646,27.0646
WQI,1,M1_Core,Ridge,132.0116,16.9254,115.0862,115.0862
WQI,1,M1_Core,HuberRegressor,13.2452,9.287,3.9582,3.9582
WQI,1,M1_Core,HuberRegressor,16.4983,20.1391,-3.6408,3.6408
WQI,1,M1_Core,HuberRegressor,112.9265,15.2219,97.7047,97.7047
WQI,1,M1_Core,HuberRegressor,20.7845,28.2512,-7.4667,7.4667
WQI,1,M1_Core,HuberRegressor,10.8835,13.3853,-2.5018,2.5018
WQI,1,M1_Core,HuberRegressor,26.3306,72.7255,-46.3949,46.3949
WQI,1,M1_Core,HuberRegressor,45.315,16.9521,28.3629,28.3629
WQI,1,M1_Core,HuberRegressor,132.0116,16.1772,115.8345,115.8345
WQI,1,M1_Core,ExtraTrees,13.2452,12.6572,0.588,0.588
WQI,1,M1_Core,ExtraTrees,16.4983,23.2923,-6.794,6.794
WQI,1,M1_Core,ExtraTrees,112.9265,17.2497,95.6768,95.6768
WQI,1,M1_Core,ExtraTrees,20.7845,21.4055,-0.6211,0.6211
WQI,1,M1_Core,ExtraTrees,10.8835,11.9363,-1.0528,1.0528
WQI,1,M1_Core,ExtraTrees,26.3306,43.5204,-17.1898,17.1898
WQI,1,M1_Core,ExtraTrees,45.315,23.3521,21.9629,21.9629
WQI,1,M1_Core,ExtraTrees,132.0116,14.9889,117.0227,117.0227
WQI,1,M7_TargetSpecific_Selected,Ridge,13.2452,3.9559,9.2893,9.2893
WQI,1,M7_TargetSpecific_Selected,Ridge,16.4983,23.0316,-6.5332,6.5332
WQI,1,M7_TargetSpecific_Selected,Ridge,112.9265,15.7969,97.1297,97.1297
WQI,1,M7_TargetSpecific_Selected,Ridge,20.7845,29.8725,-9.088,9.088
WQI,1,M7_TargetSpecific_Selected,Ridge,10.8835,11.2674,-0.384,0.384
WQI,1,M7_TargetSpecific_Selected,Ridge,26.3306,66.8097,-40.4791,40.4791
WQI,1,M7_TargetSpecific_Selected,Ridge,45.315,22.6638,22.6512,22.6512
WQI,1,M7_TargetSpecific_Selected,Ridge,132.0116,15.5688,116.4428,116.4428
WQI,1,M7_TargetSpecific_Selected,HuberRegressor,13.2452,7.6492,5.596,5.596
WQI,1,M7_TargetSpecific_Selected,HuberRegressor,16.4983,20.1986,-3.7003,3.7003
WQI,1,M7_TargetSpecific_Selected,HuberRegressor,112.9265,13.6625,99.264,99.264
WQI,1,M7_TargetSpecific_Selected,HuberRegressor,20.7845,29.2436,-8.4591,8.4591
WQI,1,M7_TargetSpecific_Selected,HuberRegressor,10.8835,11.8234,-0.9399,0.9399
WQI,1,M7_TargetSpecific_Selected,HuberRegressor,26.3306,64.082,-37.7515,37.7515
WQI,1,M7_TargetSpecific_Selected,HuberRegressor,45.315,19.7078,25.6072,25.6072
WQI,1,M7_TargetSpecific_Selected,HuberRegressor,132.0116,10.6303,121.3813,121.3813
WQI,1,M7_TargetSpecific_Selected,ExtraTrees,13.2452,7.5406,5.7046,5.7046
WQI,1,M7_TargetSpecific_Selected,ExtraTrees,16.4983,23.5609,-7.0626,7.0626
WQI,1,M7_TargetSpecific_Selected,ExtraTrees,112.9265,19.9441,92.9824,92.9824
WQI,1,M7_TargetSpecific_Selected,ExtraTrees,20.7845,15.7244,5.0601,5.0601
WQI,1,M7_TargetSpecific_Selected,ExtraTrees,10.8835,11.9231,-1.0396,1.0396
WQI,1,M7_TargetSpecific_Selected,ExtraTrees,26.3306,46.4039,-20.0733,20.0733
WQI,1,M7_TargetSpecific_Selected,ExtraTrees,45.315,26.8918,18.4231,18.4231
WQI,1,M7_TargetSpecific_Selected,ExtraTrees,132.0116,18.4555,113.5561,113.5561
WQI,2,M1_Core,Ridge,34.3449,12.853,21.4919,21.4919
WQI,2,M1_Core,Ridge,25.8557,26.0272,-0.1715,0.1715
WQI,2,M1_Core,Ridge,31.6653,9.1123,22.553,22.553
WQI,2,M1_Core,Ridge,49.2674,13.0527,36.2148,36.2148
WQI,2,M1_Core,Ridge,26.8189,33.8811,-7.0622,7.0622
WQI,2,M1_Core,Ridge,10.7442,16.4789,-5.7347,5.7347
WQI,2,M1_Core,Ridge,33.0617,13.1682,19.8935,19.8935
WQI,2,M1_Core,Ridge,43.9013,21.4084,22.4929,22.4929
WQI,2,M1_Core,HuberRegressor,34.3449,13.9742,20.3707,20.3707
WQI,2,M1_Core,HuberRegressor,25.8557,24.1335,1.7222,1.7222
WQI,2,M1_Core,HuberRegressor,31.6653,8.7508,22.9146,22.9146
WQI,2,M1_Core,HuberRegressor,49.2674,13.2239,36.0436,36.0436
WQI,2,M1_Core,HuberRegressor,26.8189,30.8047,-3.9858,3.9858
WQI,2,M1_Core,HuberRegressor,10.7442,15.2966,-4.5523,4.5523
WQI,2,M1_Core,HuberRegressor,33.0617,19.0538,14.0079,14.0079
WQI,2,M1_Core,HuberRegressor,43.9013,21.0957,22.8056,22.8056
WQI,2,M1_Core,ExtraTrees,34.3449,22.4081,11.9368,11.9368
WQI,2,M1_Core,ExtraTrees,25.8557,28.8173,-2.9616,2.9616
WQI,2,M1_Core,ExtraTrees,31.6653,20.2324,11.433,11.433
WQI,2,M1_Core,ExtraTrees,49.2674,20.8267,28.4408,28.4408
WQI,2,M1_Core,ExtraTrees,26.8189,37.1929,-10.374,10.374
WQI,2,M1_Core,ExtraTrees,10.7442,11.2209,-0.4766,0.4766
WQI,2,M1_Core,ExtraTrees,33.0617,24.0866,8.9751,8.9751
WQI,2,M1_Core,ExtraTrees,43.9013,18.6214,25.2799,25.2799
WQI,2,M7_TargetSpecific_Selected,Ridge,34.3449,14.2722,20.0727,20.0727
WQI,2,M7_TargetSpecific_Selected,Ridge,25.8557,24.1939,1.6618,1.6618
WQI,2,M7_TargetSpecific_Selected,Ridge,31.6653,11.7931,19.8722,19.8722
WQI,2,M7_TargetSpecific_Selected,Ridge,49.2674,14.8998,34.3676,34.3676
WQI,2,M7_TargetSpecific_Selected,Ridge,26.8189,33.8872,-7.0683,7.0683
WQI,2,M7_TargetSpecific_Selected,Ridge,10.7442,15.9463,-5.2021,5.2021
WQI,2,M7_TargetSpecific_Selected,Ridge,33.0617,13.0233,20.0384,20.0384
WQI,2,M7_TargetSpecific_Selected,Ridge,43.9013,22.3558,21.5455,21.5455
WQI,2,M7_TargetSpecific_Selected,HuberRegressor,34.3449,18.8736,15.4713,15.4713
WQI,2,M7_TargetSpecific_Selected,HuberRegressor,25.8557,20.2642,5.5915,5.5915
WQI,2,M7_TargetSpecific_Selected,HuberRegressor,31.6653,12.4163,19.249,19.249
WQI,2,M7_TargetSpecific_Selected,HuberRegressor,49.2674,14.9232,34.3442,34.3442
WQI,2,M7_TargetSpecific_Selected,HuberRegressor,26.8189,28.5148,-1.696,1.696
WQI,2,M7_TargetSpecific_Selected,HuberRegressor,10.7442,15.3169,-4.5727,4.5727
WQI,2,M7_TargetSpecific_Selected,HuberRegressor,33.0617,13.9046,19.1572,19.1572
WQI,2,M7_TargetSpecific_Selected,HuberRegressor,43.9013,21.1378,22.7635,22.7635
WQI,2,M7_TargetSpecific_Selected,ExtraTrees,34.3449,19.3008,15.0441,15.0441
WQI,2,M7_TargetSpecific_Selected,ExtraTrees,25.8557,25.6903,0.1654,0.1654
WQI,2,M7_TargetSpecific_Selected,ExtraTrees,31.6653,21.75,9.9154,9.9154
WQI,2,M7_TargetSpecific_Selected,ExtraTrees,49.2674,22.2118,27.0556,27.0556
WQI,2,M7_TargetSpecific_Selected,ExtraTrees,26.8189,33.9533,-7.1344,7.1344
WQI,2,M7_TargetSpecific_Selected,ExtraTrees,10.7442,10.3348,0.4094,0.4094
WQI,2,M7_TargetSpecific_Selected,ExtraTrees,33.0617,26.3328,6.7289,6.7289
WQI,2,M7_TargetSpecific_Selected,ExtraTrees,43.9013,22.236,21.6653,21.6653
WQI,3,M1_Core,Ridge,17.1747,29.2164,-12.0417,12.0417
WQI,3,M1_Core,Ridge,18.2498,29.6461,-11.3963,11.3963
WQI,3,M1_Core,Ridge,20.6149,47.462,-26.8471,26.8471
WQI,3,M1_Core,Ridge,5.0052,15.7759,-10.7707,10.7707
WQI,3,M1_Core,Ridge,37.5616,66.7184,-29.1569,29.1569
WQI,3,M1_Core,Ridge,19.8379,42.5789,-22.741,22.741
WQI,3,M1_Core,Ridge,26.6549,31.0433,-4.3884,4.3884
WQI,3,M1_Core,Ridge,22.6428,21.2398,1.403,1.403
WQI,3,M1_Core,HuberRegressor,17.1747,26.5573,-9.3826,9.3826
WQI,3,M1_Core,HuberRegressor,18.2498,22.3868,-4.137,4.137
WQI,3,M1_Core,HuberRegressor,20.6149,55.8225,-35.2076,35.2076
WQI,3,M1_Core,HuberRegressor,5.0052,13.8543,-8.8491,8.8491
WQI,3,M1_Core,HuberRegressor,37.5616,79.1362,-41.5747,41.5747
WQI,3,M1_Core,HuberRegressor,19.8379,42.2506,-22.4127,22.4127
WQI,3,M1_Core,HuberRegressor,26.6549,39.9944,-13.3395,13.3395
WQI,3,M1_Core,HuberRegressor,22.6428,23.6544,-1.0116,1.0116
WQI,3,M1_Core,ExtraTrees,17.1747,30.6854,-13.5106,13.5106
WQI,3,M1_Core,ExtraTrees,18.2498,38.1605,-19.9107,19.9107
WQI,3,M1_Core,ExtraTrees,20.6149,47.6013,-26.9864,26.9864
WQI,3,M1_Core,ExtraTrees,5.0052,20.8292,-15.824,15.824
WQI,3,M1_Core,ExtraTrees,37.5616,42.2358,-4.6742,4.6742
WQI,3,M1_Core,ExtraTrees,19.8379,37.979,-18.1411,18.1411
WQI,3,M1_Core,ExtraTrees,26.6549,31.277,-4.6221,4.6221
WQI,3,M1_Core,ExtraTrees,22.6428,22.9229,-0.2801,0.2801
WQI,3,M7_TargetSpecific_Selected,Ridge,17.1747,29.2835,-12.1087,12.1087
WQI,3,M7_TargetSpecific_Selected,Ridge,18.2498,23.3724,-5.1227,5.1227
WQI,3,M7_TargetSpecific_Selected,Ridge,20.6149,44.9989,-24.384,24.384
WQI,3,M7_TargetSpecific_Selected,Ridge,5.0052,15.0404,-10.0352,10.0352
WQI,3,M7_TargetSpecific_Selected,Ridge,37.5616,65.7144,-28.1529,28.1529
WQI,3,M7_TargetSpecific_Selected,Ridge,19.8379,43.1908,-23.3529,23.3529
WQI,3,M7_TargetSpecific_Selected,Ridge,26.6549,30.5363,-3.8814,3.8814
WQI,3,M7_TargetSpecific_Selected,Ridge,22.6428,21.4936,1.1493,1.1493
WQI,3,M7_TargetSpecific_Selected,HuberRegressor,17.1747,29.7971,-12.6223,12.6223
WQI,3,M7_TargetSpecific_Selected,HuberRegressor,18.2498,15.3397,2.9101,2.9101
WQI,3,M7_TargetSpecific_Selected,HuberRegressor,20.6149,43.1437,-22.5288,22.5288
WQI,3,M7_TargetSpecific_Selected,HuberRegressor,5.0052,18.6314,-13.6262,13.6262
WQI,3,M7_TargetSpecific_Selected,HuberRegressor,37.5616,78.4835,-40.922,40.922
WQI,3,M7_TargetSpecific_Selected,HuberRegressor,19.8379,33.658,-13.8201,13.8201
WQI,3,M7_TargetSpecific_Selected,HuberRegressor,26.6549,33.304,-6.6491,6.6491
WQI,3,M7_TargetSpecific_Selected,HuberRegressor,22.6428,21.1207,1.5221,1.5221
WQI,3,M7_TargetSpecific_Selected,ExtraTrees,17.1747,31.2258,-14.0511,14.0511
WQI,3,M7_TargetSpecific_Selected,ExtraTrees,18.2498,30.5717,-12.3219,12.3219
WQI,3,M7_TargetSpecific_Selected,ExtraTrees,20.6149,41.1347,-20.5198,20.5198
WQI,3,M7_TargetSpecific_Selected,ExtraTrees,5.0052,19.9675,-14.9623,14.9623
WQI,3,M7_TargetSpecific_Selected,ExtraTrees,37.5616,46.2529,-8.6913,8.6913
WQI,3,M7_TargetSpecific_Selected,ExtraTrees,19.8379,58.4504,-38.6125,38.6125
WQI,3,M7_TargetSpecific_Selected,ExtraTrees,26.6549,34.4528,-7.7979,7.7979
WQI,3,M7_TargetSpecific_Selected,ExtraTrees,22.6428,27.687,-5.0442,5.0442
WQI,4,M1_Core,Ridge,22.5693,25.7963,-3.227,3.227
WQI,4,M1_Core,Ridge,35.4562,25.6697,9.7864,9.7864
WQI,4,M1_Core,Ridge,44.0348,22.5338,21.501,21.501
WQI,4,M1_Core,Ridge,14.654,25.7049,-11.0509,11.0509
WQI,4,M1_Core,Ridge,16.164,22.6904,-6.5264,6.5264
WQI,4,M1_Core,Ridge,29.9997,18.1401,11.8596,11.8596
WQI,4,M1_Core,Ridge,58.086,40.0362,18.0498,18.0498
WQI,4,M1_Core,Ridge,107.4217,38.4507,68.971,68.971
WQI,4,M1_Core,HuberRegressor,22.5693,19.7612,2.8081,2.8081
WQI,4,M1_Core,HuberRegressor,35.4562,20.595,14.8611,14.8611
WQI,4,M1_Core,HuberRegressor,44.0348,18.1067,25.9281,25.9281
WQI,4,M1_Core,HuberRegressor,14.654,19.7415,-5.0875,5.0875
WQI,4,M1_Core,HuberRegressor,16.164,18.2975,-2.1335,2.1335
WQI,4,M1_Core,HuberRegressor,29.9997,14.6459,15.3538,15.3538
WQI,4,M1_Core,HuberRegressor,58.086,30.4467,27.6393,27.6393
WQI,4,M1_Core,HuberRegressor,107.4217,33.7768,73.645,73.645
WQI,4,M1_Core,ExtraTrees,22.5693,29.0357,-6.4664,6.4664
WQI,4,M1_Core,ExtraTrees,35.4562,29.5208,5.9354,5.9354
WQI,4,M1_Core,ExtraTrees,44.0348,21.777,22.2578,22.2578
WQI,4,M1_Core,ExtraTrees,14.654,36.6808,-22.0268,22.0268
WQI,4,M1_Core,ExtraTrees,16.164,27.2714,-11.1074,11.1074
WQI,4,M1_Core,ExtraTrees,29.9997,18.6518,11.3478,11.3478
WQI,4,M1_Core,ExtraTrees,58.086,37.3231,20.7629,20.7629
WQI,4,M1_Core,ExtraTrees,107.4217,28.0418,79.3799,79.3799
WQI,4,M7_TargetSpecific_Selected,Ridge,22.5693,27.4922,-4.9229,4.9229
WQI,4,M7_TargetSpecific_Selected,Ridge,35.4562,19.5186,15.9376,15.9376
WQI,4,M7_TargetSpecific_Selected,Ridge,44.0348,19.1296,24.9052,24.9052
WQI,4,M7_TargetSpecific_Selected,Ridge,14.654,31.2075,-16.5535,16.5535
WQI,4,M7_TargetSpecific_Selected,Ridge,16.164,26.5572,-10.3932,10.3932
WQI,4,M7_TargetSpecific_Selected,Ridge,29.9997,18.5148,11.4848,11.4848
WQI,4,M7_TargetSpecific_Selected,Ridge,58.086,39.027,19.059,19.059
WQI,4,M7_TargetSpecific_Selected,Ridge,107.4217,42.8566,64.5652,64.5652
WQI,4,M7_TargetSpecific_Selected,HuberRegressor,22.5693,22.2871,0.2823,0.2823
WQI,4,M7_TargetSpecific_Selected,HuberRegressor,35.4562,16.6595,18.7966,18.7966
WQI,4,M7_TargetSpecific_Selected,HuberRegressor,44.0348,15.9496,28.0852,28.0852
WQI,4,M7_TargetSpecific_Selected,HuberRegressor,14.654,25.2641,-10.6101,10.6101
WQI,4,M7_TargetSpecific_Selected,HuberRegressor,16.164,22.5098,-6.3458,6.3458
WQI,4,M7_TargetSpecific_Selected,HuberRegressor,29.9997,16.3365,13.6632,13.6632
WQI,4,M7_TargetSpecific_Selected,HuberRegressor,58.086,30.4704,27.6156,27.6156
WQI,4,M7_TargetSpecific_Selected,HuberRegressor,107.4217,36.7482,70.6735,70.6735
WQI,4,M7_TargetSpecific_Selected,ExtraTrees,22.5693,29.7592,-7.1899,7.1899
WQI,4,M7_TargetSpecific_Selected,ExtraTrees,35.4562,22.5879,12.8683,12.8683
WQI,4,M7_TargetSpecific_Selected,ExtraTrees,44.0348,23.0665,20.9683,20.9683
WQI,4,M7_TargetSpecific_Selected,ExtraTrees,14.654,37.703,-23.049,23.049
WQI,4,M7_TargetSpecific_Selected,ExtraTrees,16.164,36.0057,-19.8417,19.8417
WQI,4,M7_TargetSpecific_Selected,ExtraTrees,29.9997,17.7579,12.2418,12.2418
WQI,4,M7_TargetSpecific_Selected,ExtraTrees,58.086,47.2474,10.8386,10.8386
WQI,4,M7_TargetSpecific_Selected,ExtraTrees,107.4217,28.8772,78.5445,78.5445
WQI,5,M1_Core,Ridge,34.3449,27.2678,7.0771,7.0771
WQI,5,M1_Core,Ridge,13.0826,27.0763,-13.9937,13.9937
WQI,5,M1_Core,Ridge,35.4562,27.8666,7.5896,7.5896
WQI,5,M1_Core,Ridge,14.654,27.3333,-12.6793,12.6793
WQI,5,M1_Core,Ridge,29.9997,17.322,12.6776,12.6776
WQI,5,M1_Core,Ridge,24.9445,30.1612,-5.2167,5.2167
WQI,5,M1_Core,Ridge,19.8379,39.7994,-19.9615,19.9615
WQI,5,M1_Core,Ridge,43.9013,20.1594,23.742,23.742
WQI,5,M1_Core,HuberRegressor,34.3449,35.9233,-1.5784,1.5784
WQI,5,M1_Core,HuberRegressor,13.0826,19.8929,-6.8103,6.8103
WQI,5,M1_Core,HuberRegressor,35.4562,24.3497,11.1065,11.1065
WQI,5,M1_Core,HuberRegressor,14.654,22.6997,-8.0457,8.0457
WQI,5,M1_Core,HuberRegressor,29.9997,14.6414,15.3583,15.3583
WQI,5,M1_Core,HuberRegressor,24.9445,17.8471,7.0974,7.0974
WQI,5,M1_Core,HuberRegressor,19.8379,32.5614,-12.7235,12.7235
WQI,5,M1_Core,HuberRegressor,43.9013,18.6979,25.2034,25.2034
WQI,5,M1_Core,ExtraTrees,34.3449,32.1825,2.1624,2.1624
WQI,5,M1_Core,ExtraTrees,13.0826,29.0141,-15.9315,15.9315
WQI,5,M1_Core,ExtraTrees,35.4562,30.2565,5.1997,5.1997
WQI,5,M1_Core,ExtraTrees,14.654,30.7012,-16.0472,16.0472
WQI,5,M1_Core,ExtraTrees,29.9997,14.3844,15.6153,15.6153
WQI,5,M1_Core,ExtraTrees,24.9445,33.459,-8.5145,8.5145
WQI,5,M1_Core,ExtraTrees,19.8379,31.0439,-11.206,11.206
WQI,5,M1_Core,ExtraTrees,43.9013,20.3646,23.5368,23.5368
WQI,5,M7_TargetSpecific_Selected,Ridge,34.3449,21.2761,13.0688,13.0688
WQI,5,M7_TargetSpecific_Selected,Ridge,13.0826,27.4132,-14.3305,14.3305
WQI,5,M7_TargetSpecific_Selected,Ridge,35.4562,21.5114,13.9448,13.9448
WQI,5,M7_TargetSpecific_Selected,Ridge,14.654,33.031,-18.377,18.377
WQI,5,M7_TargetSpecific_Selected,Ridge,29.9997,17.3895,12.6102,12.6102
WQI,5,M7_TargetSpecific_Selected,Ridge,24.9445,23.8766,1.0679,1.0679
WQI,5,M7_TargetSpecific_Selected,Ridge,19.8379,42.2338,-22.3958,22.3958
WQI,5,M7_TargetSpecific_Selected,Ridge,43.9013,23.6496,20.2517,20.2517
WQI,5,M7_TargetSpecific_Selected,HuberRegressor,34.3449,22.6379,11.707,11.707
WQI,5,M7_TargetSpecific_Selected,HuberRegressor,13.0826,21.049,-7.9664,7.9664
WQI,5,M7_TargetSpecific_Selected,HuberRegressor,35.4562,21.3388,14.1174,14.1174
WQI,5,M7_TargetSpecific_Selected,HuberRegressor,14.654,28.3832,-13.7292,13.7292
WQI,5,M7_TargetSpecific_Selected,HuberRegressor,29.9997,14.9537,15.046,15.046
WQI,5,M7_TargetSpecific_Selected,HuberRegressor,24.9445,16.2487,8.6958,8.6958
WQI,5,M7_TargetSpecific_Selected,HuberRegressor,19.8379,41.0625,-21.2245,21.2245
WQI,5,M7_TargetSpecific_Selected,HuberRegressor,43.9013,20.5516,23.3497,23.3497
WQI,5,M7_TargetSpecific_Selected,ExtraTrees,34.3449,16.4752,17.8697,17.8697
WQI,5,M7_TargetSpecific_Selected,ExtraTrees,13.0826,29.7167,-16.6341,16.6341
WQI,5,M7_TargetSpecific_Selected,ExtraTrees,35.4562,18.8355,16.6207,16.6207
WQI,5,M7_TargetSpecific_Selected,ExtraTrees,14.654,32.513,-17.859,17.859
WQI,5,M7_TargetSpecific_Selected,ExtraTrees,29.9997,12.8112,17.1884,17.1884
WQI,5,M7_TargetSpecific_Selected,ExtraTrees,24.9445,19.2398,5.7047,5.7047
WQI,5,M7_TargetSpecific_Selected,ExtraTrees,19.8379,45.6446,-25.8067,25.8067
WQI,5,M7_TargetSpecific_Selected,ExtraTrees,43.9013,23.2214,20.6799,20.6799
WQI,6,M1_Core,Ridge,31.6653,25.6499,6.0154,6.0154
WQI,6,M1_Core,Ridge,112.9265,22.0508,90.8757,90.8757
WQI,6,M1_Core,Ridge,8.4239,17.5709,-9.147,9.147
WQI,6,M1_Core,Ridge,55.2405,34.7549,20.4856,20.4856
WQI,6,M1_Core,Ridge,20.6149,49.2463,-28.6314,28.6314
WQI,6,M1_Core,Ridge,5.0052,14.1697,-9.1645,9.1645
WQI,6,M1_Core,Ridge,37.5616,75.7441,-38.1825,38.1825
WQI,6,M1_Core,Ridge,26.3306,83.6031,-57.2725,57.2725
WQI,6,M1_Core,HuberRegressor,31.6653,26.0935,5.5718,5.5718
WQI,6,M1_Core,HuberRegressor,112.9265,18.142,94.7845,94.7845
WQI,6,M1_Core,HuberRegressor,8.4239,14.7805,-6.3566,6.3566
WQI,6,M1_Core,HuberRegressor,55.2405,31.8935,23.347,23.347
WQI,6,M1_Core,HuberRegressor,20.6149,47.0052,-26.3903,26.3903
WQI,6,M1_Core,HuberRegressor,5.0052,12.5433,-7.5381,7.5381
WQI,6,M1_Core,HuberRegressor,37.5616,72.8735,-35.3119,35.3119
WQI,6,M1_Core,HuberRegressor,26.3306,84.1495,-57.8189,57.8189
WQI,6,M1_Core,ExtraTrees,31.6653,29.4555,2.2098,2.2098
WQI,6,M1_Core,ExtraTrees,112.9265,25.564,87.3625,87.3625
WQI,6,M1_Core,ExtraTrees,8.4239,23.4627,-15.0388,15.0388
WQI,6,M1_Core,ExtraTrees,55.2405,23.8144,31.4261,31.4261
WQI,6,M1_Core,ExtraTrees,20.6149,43.7395,-23.1246,23.1246
WQI,6,M1_Core,ExtraTrees,5.0052,18.9669,-13.9617,13.9617
WQI,6,M1_Core,ExtraTrees,37.5616,56.1419,-18.5804,18.5804
WQI,6,M1_Core,ExtraTrees,26.3306,52.2357,-25.9051,25.9051
WQI,6,M7_TargetSpecific_Selected,Ridge,31.6653,32.8028,-1.1375,1.1375
WQI,6,M7_TargetSpecific_Selected,Ridge,112.9265,21.1569,91.7696,91.7696
WQI,6,M7_TargetSpecific_Selected,Ridge,8.4239,14.6945,-6.2706,6.2706
WQI,6,M7_TargetSpecific_Selected,Ridge,55.2405,35.3057,19.9348,19.9348
WQI,6,M7_TargetSpecific_Selected,Ridge,20.6149,46.8156,-26.2007,26.2007
WQI,6,M7_TargetSpecific_Selected,Ridge,5.0052,14.8425,-9.8373,9.8373
WQI,6,M7_TargetSpecific_Selected,Ridge,37.5616,84.4813,-46.9197,46.9197
WQI,6,M7_TargetSpecific_Selected,Ridge,26.3306,82.2848,-55.9543,55.9543
WQI,6,M7_TargetSpecific_Selected,HuberRegressor,31.6653,32.9505,-1.2852,1.2852
WQI,6,M7_TargetSpecific_Selected,HuberRegressor,112.9265,16.8486,96.0779,96.0779
WQI,6,M7_TargetSpecific_Selected,HuberRegressor,8.4239,11.6328,-3.2089,3.2089
WQI,6,M7_TargetSpecific_Selected,HuberRegressor,55.2405,30.4783,24.7622,24.7622
WQI,6,M7_TargetSpecific_Selected,HuberRegressor,20.6149,40.9583,-20.3434,20.3434
WQI,6,M7_TargetSpecific_Selected,HuberRegressor,5.0052,14.1757,-9.1706,9.1706
WQI,6,M7_TargetSpecific_Selected,HuberRegressor,37.5616,84.8341,-47.2726,47.2726
WQI,6,M7_TargetSpecific_Selected,HuberRegressor,26.3306,87.0086,-60.6781,60.6781
WQI,6,M7_TargetSpecific_Selected,ExtraTrees,31.6653,22.3912,9.2742,9.2742
WQI,6,M7_TargetSpecific_Selected,ExtraTrees,112.9265,20.5324,92.3941,92.3941
WQI,6,M7_TargetSpecific_Selected,ExtraTrees,8.4239,17.4864,-9.0625,9.0625
WQI,6,M7_TargetSpecific_Selected,ExtraTrees,55.2405,25.3049,29.9356,29.9356
WQI,6,M7_TargetSpecific_Selected,ExtraTrees,20.6149,36.4787,-15.8638,15.8638
WQI,6,M7_TargetSpecific_Selected,ExtraTrees,5.0052,19.9596,-14.9544,14.9544
WQI,6,M7_TargetSpecific_Selected,ExtraTrees,37.5616,72.9556,-35.394,35.394
WQI,6,M7_TargetSpecific_Selected,ExtraTrees,26.3306,78.903,-52.5724,52.5724
WQI,7,M1_Core,Ridge,17.1747,26.8517,-9.677,9.677
WQI,7,M1_Core,Ridge,15.9415,23.0952,-7.1537,7.1537
WQI,7,M1_Core,Ridge,58.086,44.0357,14.0503,14.0503
WQI,7,M1_Core,Ridge,33.0617,10.2637,22.798,22.798
WQI,7,M1_Core,Ridge,45.315,21.8892,23.4258,23.4258
WQI,7,M1_Core,Ridge,26.6549,19.0581,7.5968,7.5968
WQI,7,M1_Core,Ridge,22.6428,13.2936,9.3493,9.3493
WQI,7,M1_Core,Ridge,36.4874,18.779,17.7085,17.7085
WQI,7,M1_Core,HuberRegressor,17.1747,25.0483,-7.8735,7.8735
WQI,7,M1_Core,HuberRegressor,15.9415,20.2019,-4.2604,4.2604
WQI,7,M1_Core,HuberRegressor,58.086,32.721,25.365,25.365
WQI,7,M1_Core,HuberRegressor,33.0617,16.5275,16.5342,16.5342
WQI,7,M1_Core,HuberRegressor,45.315,19.4747,25.8402,25.8402
WQI,7,M1_Core,HuberRegressor,26.6549,20.8746,5.7803,5.7803
WQI,7,M1_Core,HuberRegressor,22.6428,16.3292,6.3136,6.3136
WQI,7,M1_Core,HuberRegressor,36.4874,20.4827,16.0047,16.0047
WQI,7,M1_Core,ExtraTrees,17.1747,28.2092,-11.0345,11.0345
WQI,7,M1_Core,ExtraTrees,15.9415,26.6166,-10.6751,10.6751
WQI,7,M1_Core,ExtraTrees,58.086,39.6621,18.4239,18.4239
WQI,7,M1_Core,ExtraTrees,33.0617,17.1977,15.8641,15.8641
WQI,7,M1_Core,ExtraTrees,45.315,26.9694,18.3456,18.3456
WQI,7,M1_Core,ExtraTrees,26.6549,15.7296,10.9253,10.9253
WQI,7,M1_Core,ExtraTrees,22.6428,16.1546,6.4883,6.4883
WQI,7,M1_Core,ExtraTrees,36.4874,15.2493,21.2381,21.2381
WQI,7,M7_TargetSpecific_Selected,Ridge,17.1747,26.6595,-9.4848,9.4848
WQI,7,M7_TargetSpecific_Selected,Ridge,15.9415,23.9563,-8.0147,8.0147
WQI,7,M7_TargetSpecific_Selected,Ridge,58.086,48.2412,9.8448,9.8448
WQI,7,M7_TargetSpecific_Selected,Ridge,33.0617,9.6935,23.3682,23.3682
WQI,7,M7_TargetSpecific_Selected,Ridge,45.315,23.066,22.2489,22.2489
WQI,7,M7_TargetSpecific_Selected,Ridge,26.6549,19.9888,6.6661,6.6661
WQI,7,M7_TargetSpecific_Selected,Ridge,22.6428,13.6464,8.9964,8.9964
WQI,7,M7_TargetSpecific_Selected,Ridge,36.4874,19.4574,17.03,17.03
WQI,7,M7_TargetSpecific_Selected,HuberRegressor,17.1747,25.1057,-7.9309,7.9309
WQI,7,M7_TargetSpecific_Selected,HuberRegressor,15.9415,20.0831,-4.1416,4.1416
WQI,7,M7_TargetSpecific_Selected,HuberRegressor,58.086,41.3774,16.7086,16.7086
WQI,7,M7_TargetSpecific_Selected,HuberRegressor,33.0617,11.4779,21.5838,21.5838
WQI,7,M7_TargetSpecific_Selected,HuberRegressor,45.315,18.4827,26.8322,26.8322
WQI,7,M7_TargetSpecific_Selected,HuberRegressor,26.6549,18.5214,8.1335,8.1335
WQI,7,M7_TargetSpecific_Selected,HuberRegressor,22.6428,15.3242,7.3187,7.3187
WQI,7,M7_TargetSpecific_Selected,HuberRegressor,36.4874,18.3856,18.1018,18.1018
WQI,7,M7_TargetSpecific_Selected,ExtraTrees,17.1747,30.1987,-13.024,13.024
WQI,7,M7_TargetSpecific_Selected,ExtraTrees,15.9415,25.7944,-9.8529,9.8529
WQI,7,M7_TargetSpecific_Selected,ExtraTrees,58.086,36.3832,21.7028,21.7028
WQI,7,M7_TargetSpecific_Selected,ExtraTrees,33.0617,18.2484,14.8134,14.8134
WQI,7,M7_TargetSpecific_Selected,ExtraTrees,45.315,31.1007,14.2143,14.2143
WQI,7,M7_TargetSpecific_Selected,ExtraTrees,26.6549,18.7769,7.878,7.878
WQI,7,M7_TargetSpecific_Selected,ExtraTrees,22.6428,19.5649,3.0779,3.0779
WQI,7,M7_TargetSpecific_Selected,ExtraTrees,36.4874,17.5467,18.9407,18.9407
WQI,8,M1_Core,Ridge,25.8557,24.9718,0.8839,0.8839
WQI,8,M1_Core,Ridge,13.2452,17.8095,-4.5643,4.5643
WQI,8,M1_Core,Ridge,22.5693,28.3564,-5.7871,5.7871
WQI,8,M1_Core,Ridge,49.2674,26.234,23.0335,23.0335
WQI,8,M1_Core,Ridge,44.0348,23.8772,20.1577,20.1577
WQI,8,M1_Core,Ridge,27.1467,28.4226,-1.2759,1.2759
WQI,8,M1_Core,Ridge,16.164,24.8293,-8.6654,8.6654
WQI,8,M1_Core,Ridge,6.8396,20.6496,-13.81,13.81
WQI,8,M1_Core,HuberRegressor,25.8557,21.3874,4.4683,4.4683
WQI,8,M1_Core,HuberRegressor,13.2452,15.3221,-2.0769,2.0769
WQI,8,M1_Core,HuberRegressor,22.5693,23.6923,-1.123,1.123
WQI,8,M1_Core,HuberRegressor,49.2674,27.5389,21.7285,21.7285
WQI,8,M1_Core,HuberRegressor,44.0348,20.9905,23.0443,23.0443
WQI,8,M1_Core,HuberRegressor,27.1467,25.9495,1.1972,1.1972
WQI,8,M1_Core,HuberRegressor,16.164,21.3561,-5.1922,5.1922
WQI,8,M1_Core,HuberRegressor,6.8396,17.9412,-11.1015,11.1015
WQI,8,M1_Core,ExtraTrees,25.8557,22.9338,2.9219,2.9219
WQI,8,M1_Core,ExtraTrees,13.2452,16.1737,-2.9285,2.9285
WQI,8,M1_Core,ExtraTrees,22.5693,29.5747,-7.0054,7.0054
WQI,8,M1_Core,ExtraTrees,49.2674,28.006,21.2614,21.2614
WQI,8,M1_Core,ExtraTrees,44.0348,22.0818,21.953,21.953
WQI,8,M1_Core,ExtraTrees,27.1467,28.831,-1.6843,1.6843
WQI,8,M1_Core,ExtraTrees,16.164,29.9849,-13.8209,13.8209
WQI,8,M1_Core,ExtraTrees,6.8396,18.5218,-11.6822,11.6822
WQI,8,M7_TargetSpecific_Selected,Ridge,25.8557,24.9363,0.9194,0.9194
WQI,8,M7_TargetSpecific_Selected,Ridge,13.2452,6.3132,6.9319,6.9319
WQI,8,M7_TargetSpecific_Selected,Ridge,22.5693,29.3132,-6.7439,6.7439
WQI,8,M7_TargetSpecific_Selected,Ridge,49.2674,25.4177,23.8497,23.8497
WQI,8,M7_TargetSpecific_Selected,Ridge,44.0348,20.6118,23.4231,23.4231
WQI,8,M7_TargetSpecific_Selected,Ridge,27.1467,29.5612,-2.4145,2.4145
WQI,8,M7_TargetSpecific_Selected,Ridge,16.164,28.6005,-12.4365,12.4365
WQI,8,M7_TargetSpecific_Selected,Ridge,6.8396,21.2213,-14.3816,14.3816
WQI,8,M7_TargetSpecific_Selected,HuberRegressor,25.8557,22.7252,3.1305,3.1305
WQI,8,M7_TargetSpecific_Selected,HuberRegressor,13.2452,6.7431,6.5021,6.5021
WQI,8,M7_TargetSpecific_Selected,HuberRegressor,22.5693,27.4372,-4.8679,4.8679
WQI,8,M7_TargetSpecific_Selected,HuberRegressor,49.2674,23.677,25.5904,25.5904
WQI,8,M7_TargetSpecific_Selected,HuberRegressor,44.0348,18.9345,25.1003,25.1003
WQI,8,M7_TargetSpecific_Selected,HuberRegressor,27.1467,27.8855,-0.7388,0.7388
WQI,8,M7_TargetSpecific_Selected,HuberRegressor,16.164,26.4924,-10.3284,10.3284
WQI,8,M7_TargetSpecific_Selected,HuberRegressor,6.8396,20.8457,-14.0061,14.0061
WQI,8,M7_TargetSpecific_Selected,ExtraTrees,25.8557,22.2061,3.6496,3.6496
WQI,8,M7_TargetSpecific_Selected,ExtraTrees,13.2452,10.2702,2.9749,2.9749
WQI,8,M7_TargetSpecific_Selected,ExtraTrees,22.5693,27.9552,-5.3859,5.3859
WQI,8,M7_TargetSpecific_Selected,ExtraTrees,49.2674,28.3735,20.8939,20.8939
WQI,8,M7_TargetSpecific_Selected,ExtraTrees,44.0348,18.7037,25.3311,25.3311
WQI,8,M7_TargetSpecific_Selected,ExtraTrees,27.1467,32.3667,-5.22,5.22
WQI,8,M7_TargetSpecific_Selected,ExtraTrees,16.164,28.8804,-12.7164,12.7164
WQI,8,M7_TargetSpecific_Selected,ExtraTrees,6.8396,20.807,-13.9674,13.9674
WQI,9,M1_Core,Ridge,18.2498,33.5645,-15.3147,15.3147
WQI,9,M1_Core,Ridge,16.4983,25.44,-8.9417,8.9417
WQI,9,M1_Core,Ridge,20.7845,31.6636,-10.8791,10.8791
WQI,9,M1_Core,Ridge,26.8189,31.1524,-4.3335,4.3335
WQI,9,M1_Core,Ridge,10.7442,14.5198,-3.7756,3.7756
WQI,9,M1_Core,Ridge,10.8835,14.8044,-3.9209,3.9209
WQI,9,M1_Core,Ridge,107.4217,36.151,71.2708,71.2708
WQI,9,M1_Core,Ridge,132.0116,21.5769,110.4347,110.4347
WQI,9,M1_Core,HuberRegressor,18.2498,31.0508,-12.801,12.801
WQI,9,M1_Core,HuberRegressor,16.4983,23.3479,-6.8496,6.8496
WQI,9,M1_Core,HuberRegressor,20.7845,33.8836,-13.0992,13.0992
WQI,9,M1_Core,HuberRegressor,26.8189,28.3378,-1.519,1.519
WQI,9,M1_Core,HuberRegressor,10.7442,14.9014,-4.1571,4.1571
WQI,9,M1_Core,HuberRegressor,10.8835,19.1354,-8.252,8.252
WQI,9,M1_Core,HuberRegressor,107.4217,32.292,75.1298,75.1298
WQI,9,M1_Core,HuberRegressor,132.0116,18.757,113.2546,113.2546
WQI,9,M1_Core,ExtraTrees,18.2498,33.4238,-15.174,15.174
WQI,9,M1_Core,ExtraTrees,16.4983,29.2821,-12.7838,12.7838
WQI,9,M1_Core,ExtraTrees,20.7845,24.2569,-3.4724,3.4724
WQI,9,M1_Core,ExtraTrees,26.8189,26.9024,-0.0835,0.0835
WQI,9,M1_Core,ExtraTrees,10.7442,11.453,-0.7087,0.7087
WQI,9,M1_Core,ExtraTrees,10.8835,16.6774,-5.794,5.794
WQI,9,M1_Core,ExtraTrees,107.4217,29.1958,78.226,78.226
WQI,9,M1_Core,ExtraTrees,132.0116,27.0068,105.0049,105.0049
WQI,9,M7_TargetSpecific_Selected,Ridge,18.2498,24.1821,-5.9324,5.9324
WQI,9,M7_TargetSpecific_Selected,Ridge,16.4983,25.6173,-9.119,9.119
WQI,9,M7_TargetSpecific_Selected,Ridge,20.7845,26.9548,-6.1704,6.1704
WQI,9,M7_TargetSpecific_Selected,Ridge,26.8189,29.1086,-2.2897,2.2897
WQI,9,M7_TargetSpecific_Selected,Ridge,10.7442,12.4786,-1.7343,1.7343
WQI,9,M7_TargetSpecific_Selected,Ridge,10.8835,14.116,-3.2325,3.2325
WQI,9,M7_TargetSpecific_Selected,Ridge,107.4217,37.9706,69.4512,69.4512
WQI,9,M7_TargetSpecific_Selected,Ridge,132.0116,20.2465,111.7651,111.7651
WQI,9,M7_TargetSpecific_Selected,HuberRegressor,18.2498,33.18,-14.9302,14.9302
WQI,9,M7_TargetSpecific_Selected,HuberRegressor,16.4983,18.5796,-2.0813,2.0813
WQI,9,M7_TargetSpecific_Selected,HuberRegressor,20.7845,36.5093,-15.7248,15.7248
WQI,9,M7_TargetSpecific_Selected,HuberRegressor,26.8189,21.7027,5.1162,5.1162
WQI,9,M7_TargetSpecific_Selected,HuberRegressor,10.7442,5.2605,5.4837,5.4837
WQI,9,M7_TargetSpecific_Selected,HuberRegressor,10.8835,10.375,0.5085,0.5085
WQI,9,M7_TargetSpecific_Selected,HuberRegressor,107.4217,28.525,78.8968,78.8968
WQI,9,M7_TargetSpecific_Selected,HuberRegressor,132.0116,6.4594,125.5522,125.5522
WQI,9,M7_TargetSpecific_Selected,ExtraTrees,18.2498,30.4487,-12.1989,12.1989
WQI,9,M7_TargetSpecific_Selected,ExtraTrees,16.4983,26.718,-10.2197,10.2197
WQI,9,M7_TargetSpecific_Selected,ExtraTrees,20.7845,19.2653,1.5192,1.5192
WQI,9,M7_TargetSpecific_Selected,ExtraTrees,26.8189,27.7906,-0.9717,0.9717
WQI,9,M7_TargetSpecific_Selected,ExtraTrees,10.7442,12.9481,-2.2038,2.2038
WQI,9,M7_TargetSpecific_Selected,ExtraTrees,10.8835,13.2906,-2.4072,2.4072
WQI,9,M7_TargetSpecific_Selected,ExtraTrees,107.4217,29.5397,77.8821,77.8821
WQI,9,M7_TargetSpecific_Selected,ExtraTrees,132.0116,23.5619,108.4498,108.4498
WQI,10,M1_Core,Ridge,25.8557,24.2532,1.6025,1.6025
WQI,10,M1_Core,Ridge,18.2498,31.8888,-13.639,13.639
WQI,10,M1_Core,Ridge,31.6653,33.6012,-1.9359,1.9359
WQI,10,M1_Core,Ridge,112.9265,22.6918,90.2347,90.2347
WQI,10,M1_Core,Ridge,15.9415,22.0896,-6.1481,6.1481
WQI,10,M1_Core,Ridge,14.654,25.5983,-10.9443,10.9443
WQI,10,M1_Core,Ridge,26.6549,24.0963,2.5586,2.5586
WQI,10,M1_Core,Ridge,36.4874,23.5241,12.9633,12.9633
WQI,10,M1_Core,HuberRegressor,25.8557,22.5804,3.2753,3.2753
WQI,10,M1_Core,HuberRegressor,18.2498,28.4466,-10.1968,10.1968
WQI,10,M1_Core,HuberRegressor,31.6653,32.6158,-0.9504,0.9504
WQI,10,M1_Core,HuberRegressor,112.9265,19.8144,93.1121,93.1121
WQI,10,M1_Core,HuberRegressor,15.9415,20.4481,-4.5065,4.5065
WQI,10,M1_Core,HuberRegressor,14.654,22.9313,-8.2773,8.2773
WQI,10,M1_Core,HuberRegressor,26.6549,24.7109,1.944,1.944
WQI,10,M1_Core,HuberRegressor,36.4874,24.1045,12.3829,12.3829
WQI,10,M1_Core,ExtraTrees,25.8557,27.1808,-1.325,1.325
WQI,10,M1_Core,ExtraTrees,18.2498,29.2016,-10.9518,10.9518
WQI,10,M1_Core,ExtraTrees,31.6653,26.4442,5.2212,5.2212
WQI,10,M1_Core,ExtraTrees,112.9265,22.8738,90.0528,90.0528
WQI,10,M1_Core,ExtraTrees,15.9415,29.8688,-13.9272,13.9272
WQI,10,M1_Core,ExtraTrees,14.654,28.8003,-14.1463,14.1463
WQI,10,M1_Core,ExtraTrees,26.6549,20.3214,6.3335,6.3335
WQI,10,M1_Core,ExtraTrees,36.4874,19.5169,16.9706,16.9706
WQI,10,M7_TargetSpecific_Selected,Ridge,25.8557,23.4652,2.3905,2.3905
WQI,10,M7_TargetSpecific_Selected,Ridge,18.2498,33.509,-15.2592,15.2592
WQI,10,M7_TargetSpecific_Selected,Ridge,31.6653,55.4,-23.7346,23.7346
WQI,10,M7_TargetSpecific_Selected,Ridge,112.9265,20.7044,92.2222,92.2222
WQI,10,M7_TargetSpecific_Selected,Ridge,15.9415,25.26,-9.3185,9.3185
WQI,10,M7_TargetSpecific_Selected,Ridge,14.654,30.9418,-16.2878,16.2878
WQI,10,M7_TargetSpecific_Selected,Ridge,26.6549,25.275,1.3799,1.3799
WQI,10,M7_TargetSpecific_Selected,Ridge,36.4874,25.9665,10.5209,10.5209
WQI,10,M7_TargetSpecific_Selected,HuberRegressor,25.8557,21.7681,4.0876,4.0876
WQI,10,M7_TargetSpecific_Selected,HuberRegressor,18.2498,38.4662,-20.2164,20.2164
WQI,10,M7_TargetSpecific_Selected,HuberRegressor,31.6653,65.6155,-33.9501,33.9501
WQI,10,M7_TargetSpecific_Selected,HuberRegressor,112.9265,18.7075,94.219,94.219
WQI,10,M7_TargetSpecific_Selected,HuberRegressor,15.9415,23.8487,-7.9072,7.9072
WQI,10,M7_TargetSpecific_Selected,HuberRegressor,14.654,27.6323,-12.9783,12.9783
WQI,10,M7_TargetSpecific_Selected,HuberRegressor,26.6549,23.36,3.2949,3.2949
WQI,10,M7_TargetSpecific_Selected,HuberRegressor,36.4874,24.5935,11.894,11.894
WQI,10,M7_TargetSpecific_Selected,ExtraTrees,25.8557,26.3756,-0.5199,0.5199
WQI,10,M7_TargetSpecific_Selected,ExtraTrees,18.2498,28.5443,-10.2945,10.2945
WQI,10,M7_TargetSpecific_Selected,ExtraTrees,31.6653,34.5187,-2.8534,2.8534
WQI,10,M7_TargetSpecific_Selected,ExtraTrees,112.9265,27.2718,85.6548,85.6548
WQI,10,M7_TargetSpecific_Selected,ExtraTrees,15.9415,27.054,-11.1125,11.1125
WQI,10,M7_TargetSpecific_Selected,ExtraTrees,14.654,42.4776,-27.8235,27.8235
WQI,10,M7_TargetSpecific_Selected,ExtraTrees,26.6549,24.3072,2.3477,2.3477
WQI,10,M7_TargetSpecific_Selected,ExtraTrees,36.4874,24.6146,11.8728,11.8728
WQI,11,M1_Core,Ridge,17.1747,27.2258,-10.0511,10.0511
WQI,11,M1_Core,Ridge,13.0826,26.8101,-13.7275,13.7275
WQI,11,M1_Core,Ridge,27.1467,29.6778,-2.5311,2.5311
WQI,11,M1_Core,Ridge,20.6149,49.009,-28.3941,28.3941
WQI,11,M1_Core,Ridge,37.5616,73.0026,-35.4411,35.4411
WQI,11,M1_Core,Ridge,19.8379,43.1563,-23.3184,23.3184
WQI,11,M1_Core,Ridge,43.9013,20.2982,23.6031,23.6031
WQI,11,M1_Core,Ridge,45.315,21.4977,23.8173,23.8173
WQI,11,M1_Core,HuberRegressor,17.1747,24.8714,-7.6967,7.6967
WQI,11,M1_Core,HuberRegressor,13.0826,20.6598,-7.5772,7.5772
WQI,11,M1_Core,HuberRegressor,27.1467,28.8536,-1.707,1.707
WQI,11,M1_Core,HuberRegressor,20.6149,53.0908,-32.4759,32.4759
WQI,11,M1_Core,HuberRegressor,37.5616,80.2449,-42.6833,42.6833
WQI,11,M1_Core,HuberRegressor,19.8379,40.5038,-20.6658,20.6658
WQI,11,M1_Core,HuberRegressor,43.9013,18.4501,25.4512,25.4512
WQI,11,M1_Core,HuberRegressor,45.315,18.4146,26.9004,26.9004
WQI,11,M1_Core,ExtraTrees,17.1747,34.1532,-16.9784,16.9784
WQI,11,M1_Core,ExtraTrees,13.0826,31.5952,-18.5126,18.5126
WQI,11,M1_Core,ExtraTrees,27.1467,32.1285,-4.9819,4.9819
WQI,11,M1_Core,ExtraTrees,20.6149,42.714,-22.0991,22.0991
WQI,11,M1_Core,ExtraTrees,37.5616,46.701,-9.1394,9.1394
WQI,11,M1_Core,ExtraTrees,19.8379,48.4534,-28.6155,28.6155
WQI,11,M1_Core,ExtraTrees,43.9013,17.0252,26.8761,26.8761
WQI,11,M1_Core,ExtraTrees,45.315,20.355,24.9599,24.9599
WQI,11,M7_TargetSpecific_Selected,Ridge,17.1747,26.5464,-9.3717,9.3717
WQI,11,M7_TargetSpecific_Selected,Ridge,13.0826,25.9522,-12.8696,12.8696
WQI,11,M7_TargetSpecific_Selected,Ridge,27.1467,32.0705,-4.9238,4.9238
WQI,11,M7_TargetSpecific_Selected,Ridge,20.6149,49.4283,-28.8134,28.8134
WQI,11,M7_TargetSpecific_Selected,Ridge,37.5616,69.4499,-31.8883,31.8883
WQI,11,M7_TargetSpecific_Selected,Ridge,19.8379,45.9747,-26.1368,26.1368
WQI,11,M7_TargetSpecific_Selected,Ridge,43.9013,20.9613,22.94,22.94
WQI,11,M7_TargetSpecific_Selected,Ridge,45.315,22.1293,23.1857,23.1857
WQI,11,M7_TargetSpecific_Selected,HuberRegressor,17.1747,23.7421,-6.5673,6.5673
WQI,11,M7_TargetSpecific_Selected,HuberRegressor,13.0826,20.2069,-7.1243,7.1243
WQI,11,M7_TargetSpecific_Selected,HuberRegressor,27.1467,30.9887,-3.842,3.842
WQI,11,M7_TargetSpecific_Selected,HuberRegressor,20.6149,51.0994,-30.4845,30.4845
WQI,11,M7_TargetSpecific_Selected,HuberRegressor,37.5616,68.7927,-31.2312,31.2312
WQI,11,M7_TargetSpecific_Selected,HuberRegressor,19.8379,47.1494,-27.3115,27.3115
WQI,11,M7_TargetSpecific_Selected,HuberRegressor,43.9013,17.0877,26.8136,26.8136
WQI,11,M7_TargetSpecific_Selected,HuberRegressor,45.315,17.1941,28.1208,28.1208
WQI,11,M7_TargetSpecific_Selected,ExtraTrees,17.1747,34.1986,-17.0238,17.0238
WQI,11,M7_TargetSpecific_Selected,ExtraTrees,13.0826,33.658,-20.5754,20.5754
WQI,11,M7_TargetSpecific_Selected,ExtraTrees,27.1467,33.8434,-6.6967,6.6967
WQI,11,M7_TargetSpecific_Selected,ExtraTrees,20.6149,41.5505,-20.9356,20.9356
WQI,11,M7_TargetSpecific_Selected,ExtraTrees,37.5616,43.1178,-5.5562,5.5562
WQI,11,M7_TargetSpecific_Selected,ExtraTrees,19.8379,41.4347,-21.5968,21.5968
WQI,11,M7_TargetSpecific_Selected,ExtraTrees,43.9013,21.6179,22.2835,22.2835
WQI,11,M7_TargetSpecific_Selected,ExtraTrees,45.315,19.9702,25.3448,25.3448
WQI,12,M1_Core,Ridge,34.3449,24.6283,9.7166,9.7166
WQI,12,M1_Core,Ridge,13.2452,14.495,-1.2498,1.2498
WQI,12,M1_Core,Ridge,35.4562,27.6263,7.8298,7.8298
WQI,12,M1_Core,Ridge,49.2674,24.4861,24.7813,24.7813
WQI,12,M1_Core,Ridge,24.9445,23.2935,1.651,1.651
WQI,12,M1_Core,Ridge,26.3306,55.4686,-29.138,29.138
WQI,12,M1_Core,Ridge,22.6428,19.5959,3.0469,3.0469
WQI,12,M1_Core,Ridge,107.4217,42.7059,64.7159,64.7159
WQI,12,M1_Core,HuberRegressor,34.3449,34.5782,-0.2333,0.2333
WQI,12,M1_Core,HuberRegressor,13.2452,12.4145,0.8307,0.8307
WQI,12,M1_Core,HuberRegressor,35.4562,25.0983,10.3578,10.3578
WQI,12,M1_Core,HuberRegressor,49.2674,29.6385,19.6289,19.6289
WQI,12,M1_Core,HuberRegressor,24.9445,12.2333,12.7113,12.7113
WQI,12,M1_Core,HuberRegressor,26.3306,56.324,-29.9934,29.9934
WQI,12,M1_Core,HuberRegressor,22.6428,19.631,3.0118,3.0118
WQI,12,M1_Core,HuberRegressor,107.4217,38.9305,68.4913,68.4913
WQI,12,M1_Core,ExtraTrees,34.3449,25.0919,9.253,9.253
WQI,12,M1_Core,ExtraTrees,13.2452,12.2933,0.9518,0.9518
WQI,12,M1_Core,ExtraTrees,35.4562,26.9833,8.4729,8.4729
WQI,12,M1_Core,ExtraTrees,49.2674,24.7777,24.4898,24.4898
WQI,12,M1_Core,ExtraTrees,24.9445,31.3846,-6.4401,6.4401
WQI,12,M1_Core,ExtraTrees,26.3306,31.9334,-5.6028,5.6028
WQI,12,M1_Core,ExtraTrees,22.6428,16.8325,5.8103,5.8103
WQI,12,M1_Core,ExtraTrees,107.4217,28.9497,78.4721,78.4721
WQI,12,M7_TargetSpecific_Selected,Ridge,34.3449,12.8385,21.5063,21.5063
WQI,12,M7_TargetSpecific_Selected,Ridge,13.2452,1.4382,11.807,11.807
WQI,12,M7_TargetSpecific_Selected,Ridge,35.4562,13.3909,22.0653,22.0653
WQI,12,M7_TargetSpecific_Selected,Ridge,49.2674,20.7586,28.5089,28.5089
WQI,12,M7_TargetSpecific_Selected,Ridge,24.9445,23.3569,1.5876,1.5876
WQI,12,M7_TargetSpecific_Selected,Ridge,26.3306,48.8217,-22.4912,22.4912
WQI,12,M7_TargetSpecific_Selected,Ridge,22.6428,22.0984,0.5445,0.5445
WQI,12,M7_TargetSpecific_Selected,Ridge,107.4217,50.8289,56.5929,56.5929
WQI,12,M7_TargetSpecific_Selected,HuberRegressor,34.3449,14.391,19.9539,19.9539
WQI,12,M7_TargetSpecific_Selected,HuberRegressor,13.2452,1.046,12.1992,12.1992
WQI,12,M7_TargetSpecific_Selected,HuberRegressor,35.4562,10.9947,24.4614,24.4614
WQI,12,M7_TargetSpecific_Selected,HuberRegressor,49.2674,20.123,29.1444,29.1444
WQI,12,M7_TargetSpecific_Selected,HuberRegressor,24.9445,27.1066,-2.1621,2.1621
WQI,12,M7_TargetSpecific_Selected,HuberRegressor,26.3306,44.4391,-18.1085,18.1085
WQI,12,M7_TargetSpecific_Selected,HuberRegressor,22.6428,24.351,-1.7082,1.7082
WQI,12,M7_TargetSpecific_Selected,HuberRegressor,107.4217,48.4137,59.0081,59.0081
WQI,12,M7_TargetSpecific_Selected,ExtraTrees,34.3449,15.6616,18.6833,18.6833
WQI,12,M7_TargetSpecific_Selected,ExtraTrees,13.2452,10.7227,2.5225,2.5225
WQI,12,M7_TargetSpecific_Selected,ExtraTrees,35.4562,12.9638,22.4923,22.4923
WQI,12,M7_TargetSpecific_Selected,ExtraTrees,49.2674,22.9639,26.3035,26.3035
WQI,12,M7_TargetSpecific_Selected,ExtraTrees,24.9445,22.2857,2.6588,2.6588
WQI,12,M7_TargetSpecific_Selected,ExtraTrees,26.3306,39.9271,-13.5965,13.5965
WQI,12,M7_TargetSpecific_Selected,ExtraTrees,22.6428,29.1019,-6.459,6.459
WQI,12,M7_TargetSpecific_Selected,ExtraTrees,107.4217,36.3159,71.1058,71.1058
WQI,13,M1_Core,Ridge,16.4983,27.1616,-10.6633,10.6633
WQI,13,M1_Core,Ridge,8.4239,22.1767,-13.7528,13.7528
WQI,13,M1_Core,Ridge,10.7442,16.9041,-6.1599,6.1599
WQI,13,M1_Core,Ridge,10.8835,14.2272,-3.3438,3.3438
WQI,13,M1_Core,Ridge,6.8396,19.8354,-12.9958,12.9958
WQI,13,M1_Core,Ridge,58.086,37.0314,21.0546,21.0546
WQI,13,M1_Core,Ridge,33.0617,22.0577,11.0041,11.0041
WQI,13,M1_Core,Ridge,132.0116,26.0978,105.9138,105.9138
WQI,13,M1_Core,HuberRegressor,16.4983,23.5703,-7.072,7.072
WQI,13,M1_Core,HuberRegressor,8.4239,20.1071,-11.6832,11.6832
WQI,13,M1_Core,HuberRegressor,10.7442,16.9286,-6.1843,6.1843
WQI,13,M1_Core,HuberRegressor,10.8835,20.7719,-9.8884,9.8884
WQI,13,M1_Core,HuberRegressor,6.8396,19.9788,-13.1392,13.1392
WQI,13,M1_Core,HuberRegressor,58.086,28.1207,29.9654,29.9654
WQI,13,M1_Core,HuberRegressor,33.0617,31.6908,1.371,1.371
WQI,13,M1_Core,HuberRegressor,132.0116,19.8341,112.1775,112.1775
WQI,13,M1_Core,ExtraTrees,16.4983,30.62,-14.1216,14.1216
WQI,13,M1_Core,ExtraTrees,8.4239,31.0194,-22.5954,22.5954
WQI,13,M1_Core,ExtraTrees,10.7442,15.8364,-5.0921,5.0921
WQI,13,M1_Core,ExtraTrees,10.8835,26.2707,-15.3872,15.3872
WQI,13,M1_Core,ExtraTrees,6.8396,23.0989,-16.2593,16.2593
WQI,13,M1_Core,ExtraTrees,58.086,31.4716,26.6144,26.6144
WQI,13,M1_Core,ExtraTrees,33.0617,28.2861,4.7756,4.7756
WQI,13,M1_Core,ExtraTrees,132.0116,27.0923,104.9193,104.9193
WQI,13,M7_TargetSpecific_Selected,Ridge,16.4983,27.7388,-11.2405,11.2405
WQI,13,M7_TargetSpecific_Selected,Ridge,8.4239,84.2624,-75.8385,75.8385
WQI,13,M7_TargetSpecific_Selected,Ridge,10.7442,16.1266,-5.3824,5.3824
WQI,13,M7_TargetSpecific_Selected,Ridge,10.8835,18.625,-7.7415,7.7415
WQI,13,M7_TargetSpecific_Selected,Ridge,6.8396,28.9789,-22.1392,22.1392
WQI,13,M7_TargetSpecific_Selected,Ridge,58.086,43.872,14.2141,14.2141
WQI,13,M7_TargetSpecific_Selected,Ridge,33.0617,22.2102,10.8516,10.8516
WQI,13,M7_TargetSpecific_Selected,Ridge,132.0116,27.1872,104.8244,104.8244
WQI,13,M7_TargetSpecific_Selected,HuberRegressor,16.4983,25.723,-9.2247,9.2247
WQI,13,M7_TargetSpecific_Selected,HuberRegressor,8.4239,59.1356,-50.7116,50.7116
WQI,13,M7_TargetSpecific_Selected,HuberRegressor,10.7442,16.8642,-6.12,6.12
WQI,13,M7_TargetSpecific_Selected,HuberRegressor,10.8835,21.6064,-10.7229,10.7229
WQI,13,M7_TargetSpecific_Selected,HuberRegressor,6.8396,27.0986,-20.2589,20.2589
WQI,13,M7_TargetSpecific_Selected,HuberRegressor,58.086,36.202,21.884,21.884
WQI,13,M7_TargetSpecific_Selected,HuberRegressor,33.0617,26.9735,6.0882,6.0882
WQI,13,M7_TargetSpecific_Selected,HuberRegressor,132.0116,23.5151,108.4966,108.4966
WQI,13,M7_TargetSpecific_Selected,ExtraTrees,16.4983,23.9538,-7.4555,7.4555
WQI,13,M7_TargetSpecific_Selected,ExtraTrees,8.4239,38.9685,-30.5446,30.5446
WQI,13,M7_TargetSpecific_Selected,ExtraTrees,10.7442,15.687,-4.9428,4.9428
WQI,13,M7_TargetSpecific_Selected,ExtraTrees,10.8835,35.9678,-25.0843,25.0843
WQI,13,M7_TargetSpecific_Selected,ExtraTrees,6.8396,32.0531,-25.2135,25.2135
WQI,13,M7_TargetSpecific_Selected,ExtraTrees,58.086,34.1544,23.9316,23.9316
WQI,13,M7_TargetSpecific_Selected,ExtraTrees,33.0617,31.7692,1.2926,1.2926
WQI,13,M7_TargetSpecific_Selected,ExtraTrees,132.0116,20.3554,111.6562,111.6562
WQI,14,M1_Core,Ridge,22.5693,27.9892,-5.4199,5.4199
WQI,14,M1_Core,Ridge,20.7845,22.4765,-1.692,1.692
WQI,14,M1_Core,Ridge,44.0348,24.7835,19.2513,19.2513
WQI,14,M1_Core,Ridge,55.2405,31.1009,24.1396,24.1396
WQI,14,M1_Core,Ridge,26.8189,34.4774,-7.6585,7.6585
WQI,14,M1_Core,Ridge,16.164,24.5222,-8.3582,8.3582
WQI,14,M1_Core,Ridge,29.9997,19.2349,10.7647,10.7647
WQI,14,M1_Core,Ridge,5.0052,16.1744,-11.1693,11.1693
WQI,14,M1_Core,HuberRegressor,22.5693,22.399,0.1704,0.1704
WQI,14,M1_Core,HuberRegressor,20.7845,25.1861,-4.4016,4.4016
WQI,14,M1_Core,HuberRegressor,44.0348,20.8496,23.1852,23.1852
WQI,14,M1_Core,HuberRegressor,55.2405,27.3988,27.8417,27.8417
WQI,14,M1_Core,HuberRegressor,26.8189,30.0548,-3.236,3.236
WQI,14,M1_Core,HuberRegressor,16.164,19.8814,-3.7174,3.7174
WQI,14,M1_Core,HuberRegressor,29.9997,15.2117,14.788,14.788
WQI,14,M1_Core,HuberRegressor,5.0052,13.7002,-8.6951,8.6951
WQI,14,M1_Core,ExtraTrees,22.5693,26.6739,-4.1045,4.1045
WQI,14,M1_Core,ExtraTrees,20.7845,20.0297,0.7548,0.7548
WQI,14,M1_Core,ExtraTrees,44.0348,24.7043,19.3305,19.3305
WQI,14,M1_Core,ExtraTrees,55.2405,29.3563,25.8842,25.8842
WQI,14,M1_Core,ExtraTrees,26.8189,31.1076,-4.2887,4.2887
WQI,14,M1_Core,ExtraTrees,16.164,25.6844,-9.5204,9.5204
WQI,14,M1_Core,ExtraTrees,29.9997,19.0287,10.971,10.971
WQI,14,M1_Core,ExtraTrees,5.0052,17.2795,-12.2743,12.2743
WQI,14,M7_TargetSpecific_Selected,Ridge,22.5693,30.3314,-7.7621,7.7621
WQI,14,M7_TargetSpecific_Selected,Ridge,20.7845,16.768,4.0164,4.0164
WQI,14,M7_TargetSpecific_Selected,Ridge,44.0348,20.8792,23.1557,23.1557
WQI,14,M7_TargetSpecific_Selected,Ridge,55.2405,34.8272,20.4133,20.4133
WQI,14,M7_TargetSpecific_Selected,Ridge,26.8189,37.4432,-10.6243,10.6243
WQI,14,M7_TargetSpecific_Selected,Ridge,16.164,26.2585,-10.0945,10.0945
WQI,14,M7_TargetSpecific_Selected,Ridge,29.9997,18.7037,11.296,11.296
WQI,14,M7_TargetSpecific_Selected,Ridge,5.0052,13.783,-8.7778,8.7778
WQI,14,M7_TargetSpecific_Selected,HuberRegressor,22.5693,24.3841,-1.8147,1.8147
WQI,14,M7_TargetSpecific_Selected,HuberRegressor,20.7845,24.5046,-3.7201,3.7201
WQI,14,M7_TargetSpecific_Selected,HuberRegressor,44.0348,18.203,25.8318,25.8318
WQI,14,M7_TargetSpecific_Selected,HuberRegressor,55.2405,30.1887,25.0518,25.0518
WQI,14,M7_TargetSpecific_Selected,HuberRegressor,26.8189,33.5241,-6.7052,6.7052
WQI,14,M7_TargetSpecific_Selected,HuberRegressor,16.164,20.3049,-4.1409,4.1409
WQI,14,M7_TargetSpecific_Selected,HuberRegressor,29.9997,14.4246,15.575,15.575
WQI,14,M7_TargetSpecific_Selected,HuberRegressor,5.0052,11.5752,-6.57,6.57
WQI,14,M7_TargetSpecific_Selected,ExtraTrees,22.5693,31.798,-9.2287,9.2287
WQI,14,M7_TargetSpecific_Selected,ExtraTrees,20.7845,20.8959,-0.1115,0.1115
WQI,14,M7_TargetSpecific_Selected,ExtraTrees,44.0348,24.2855,19.7493,19.7493
WQI,14,M7_TargetSpecific_Selected,ExtraTrees,55.2405,32.2713,22.9692,22.9692
WQI,14,M7_TargetSpecific_Selected,ExtraTrees,26.8189,32.529,-5.7101,5.7101
WQI,14,M7_TargetSpecific_Selected,ExtraTrees,16.164,29.2624,-13.0984,13.0984
WQI,14,M7_TargetSpecific_Selected,ExtraTrees,29.9997,16.7937,13.206,13.206
WQI,14,M7_TargetSpecific_Selected,ExtraTrees,5.0052,14.323,-9.3178,9.3178
WQI,15,M1_Core,Ridge,25.8557,27.3891,-1.5334,1.5334
WQI,15,M1_Core,Ridge,31.6653,15.0679,16.5974,16.5974
WQI,15,M1_Core,Ridge,22.5693,30.7165,-8.1472,8.1472
WQI,15,M1_Core,Ridge,49.2674,19.4675,29.7999,29.7999
WQI,15,M1_Core,Ridge,10.7442,17.1639,-6.4196,6.4196
WQI,15,M1_Core,Ridge,6.8396,21.0944,-14.2548,14.2548
WQI,15,M1_Core,Ridge,37.5616,58.7368,-21.1752,21.1752
WQI,15,M1_Core,Ridge,26.6549,28.9078,-2.2529,2.2529
WQI,15,M1_Core,HuberRegressor,25.8557,25.6203,0.2354,0.2354
WQI,15,M1_Core,HuberRegressor,31.6653,14.6849,16.9804,16.9804
WQI,15,M1_Core,HuberRegressor,22.5693,27.6297,-5.0603,5.0603
WQI,15,M1_Core,HuberRegressor,49.2674,20.1357,29.1317,29.1317
WQI,15,M1_Core,HuberRegressor,10.7442,14.9222,-4.178,4.178
WQI,15,M1_Core,HuberRegressor,6.8396,19.1007,-12.261,12.261
WQI,15,M1_Core,HuberRegressor,37.5616,53.7958,-16.2342,16.2342
WQI,15,M1_Core,HuberRegressor,26.6549,30.3807,-3.7258,3.7258
WQI,15,M1_Core,ExtraTrees,25.8557,28.2388,-2.3831,2.3831
WQI,15,M1_Core,ExtraTrees,31.6653,24.0151,7.6502,7.6502
WQI,15,M1_Core,ExtraTrees,22.5693,27.5965,-5.0271,5.0271
WQI,15,M1_Core,ExtraTrees,49.2674,26.8014,22.466,22.466
WQI,15,M1_Core,ExtraTrees,10.7442,13.5448,-2.8006,2.8006
WQI,15,M1_Core,ExtraTrees,6.8396,21.558,-14.7183,14.7183
WQI,15,M1_Core,ExtraTrees,37.5616,39.8289,-2.2673,2.2673
WQI,15,M1_Core,ExtraTrees,26.6549,32.79,-6.1351,6.1351
WQI,15,M7_TargetSpecific_Selected,Ridge,25.8557,25.5369,0.3188,0.3188
WQI,15,M7_TargetSpecific_Selected,Ridge,31.6653,20.9804,10.6849,10.6849
WQI,15,M7_TargetSpecific_Selected,Ridge,22.5693,31.7846,-9.2153,9.2153
WQI,15,M7_TargetSpecific_Selected,Ridge,49.2674,22.5797,26.6878,26.6878
WQI,15,M7_TargetSpecific_Selected,Ridge,10.7442,16.8972,-6.153,6.153
WQI,15,M7_TargetSpecific_Selected,Ridge,6.8396,23.3057,-16.4661,16.4661
WQI,15,M7_TargetSpecific_Selected,Ridge,37.5616,52.2126,-14.6511,14.6511
WQI,15,M7_TargetSpecific_Selected,Ridge,26.6549,31.0113,-4.3564,4.3564
WQI,15,M7_TargetSpecific_Selected,HuberRegressor,25.8557,22.8646,2.9911,2.9911
WQI,15,M7_TargetSpecific_Selected,HuberRegressor,31.6653,24.2044,7.461,7.461
WQI,15,M7_TargetSpecific_Selected,HuberRegressor,22.5693,28.7344,-6.1651,6.1651
WQI,15,M7_TargetSpecific_Selected,HuberRegressor,49.2674,24.1345,25.1329,25.1329
WQI,15,M7_TargetSpecific_Selected,HuberRegressor,10.7442,16.3742,-5.6299,5.6299
WQI,15,M7_TargetSpecific_Selected,HuberRegressor,6.8396,22.605,-15.7654,15.7654
WQI,15,M7_TargetSpecific_Selected,HuberRegressor,37.5616,46.754,-9.1925,9.1925
WQI,15,M7_TargetSpecific_Selected,HuberRegressor,26.6549,30.237,-3.5821,3.5821
WQI,15,M7_TargetSpecific_Selected,ExtraTrees,25.8557,29.0763,-3.2206,3.2206
WQI,15,M7_TargetSpecific_Selected,ExtraTrees,31.6653,29.3424,2.323,2.323
WQI,15,M7_TargetSpecific_Selected,ExtraTrees,22.5693,29.6094,-7.0401,7.0401
WQI,15,M7_TargetSpecific_Selected,ExtraTrees,49.2674,24.8917,24.3757,24.3757
WQI,15,M7_TargetSpecific_Selected,ExtraTrees,10.7442,13.6624,-2.9182,2.9182
WQI,15,M7_TargetSpecific_Selected,ExtraTrees,6.8396,18.4872,-11.6476,11.6476
WQI,15,M7_TargetSpecific_Selected,ExtraTrees,37.5616,38.4413,-0.8797,0.8797
WQI,15,M7_TargetSpecific_Selected,ExtraTrees,26.6549,31.7849,-5.13,5.13
WQI,16,M1_Core,Ridge,35.4562,28.87,6.5862,6.5862
WQI,16,M1_Core,Ridge,55.2405,32.7209,22.5196,22.5196
WQI,16,M1_Core,Ridge,26.8189,36.9157,-10.0969,10.0969
WQI,16,M1_Core,Ridge,27.1467,29.0771,-1.9304,1.9304
WQI,16,M1_Core,Ridge,16.164,24.1878,-8.0238,8.0238
WQI,16,M1_Core,Ridge,33.0617,14.6395,18.4222,18.4222
WQI,16,M1_Core,Ridge,26.3306,60.6289,-34.2983,34.2983
WQI,16,M1_Core,Ridge,36.4874,23.5298,12.9576,12.9576
WQI,16,M1_Core,HuberRegressor,35.4562,24.7683,10.6879,10.6879
WQI,16,M1_Core,HuberRegressor,55.2405,29.6911,25.5494,25.5494
WQI,16,M1_Core,HuberRegressor,26.8189,32.5036,-5.6847,5.6847
WQI,16,M1_Core,HuberRegressor,27.1467,26.3365,0.8102,0.8102
WQI,16,M1_Core,HuberRegressor,16.164,20.513,-4.349,4.349
WQI,16,M1_Core,HuberRegressor,33.0617,20.6764,12.3854,12.3854
WQI,16,M1_Core,HuberRegressor,26.3306,58.8064,-32.4758,32.4758
WQI,16,M1_Core,HuberRegressor,36.4874,25.0852,11.4022,11.4022
WQI,16,M1_Core,ExtraTrees,35.4562,32.1625,3.2936,3.2936
WQI,16,M1_Core,ExtraTrees,55.2405,27.604,27.6365,27.6365
WQI,16,M1_Core,ExtraTrees,26.8189,33.4885,-6.6696,6.6696
WQI,16,M1_Core,ExtraTrees,27.1467,27.6221,-0.4754,0.4754
WQI,16,M1_Core,ExtraTrees,16.164,27.3441,-11.1801,11.1801
WQI,16,M1_Core,ExtraTrees,33.0617,22.9865,10.0752,10.0752
WQI,16,M1_Core,ExtraTrees,26.3306,42.2755,-15.9449,15.9449
WQI,16,M1_Core,ExtraTrees,36.4874,21.6012,14.8862,14.8862
WQI,16,M7_TargetSpecific_Selected,Ridge,35.4562,23.4663,11.9898,11.9898
WQI,16,M7_TargetSpecific_Selected,Ridge,55.2405,35.234,20.0065,20.0065
WQI,16,M7_TargetSpecific_Selected,Ridge,26.8189,34.895,-8.0762,8.0762
WQI,16,M7_TargetSpecific_Selected,Ridge,27.1467,29.5915,-2.4448,2.4448
WQI,16,M7_TargetSpecific_Selected,Ridge,16.164,26.2153,-10.0513,10.0513
WQI,16,M7_TargetSpecific_Selected,Ridge,33.0617,14.1351,18.9266,18.9266
WQI,16,M7_TargetSpecific_Selected,Ridge,26.3306,52.0263,-25.6957,25.6957
WQI,16,M7_TargetSpecific_Selected,Ridge,36.4874,23.3081,13.1794,13.1794
WQI,16,M7_TargetSpecific_Selected,HuberRegressor,35.4562,24.1209,11.3352,11.3352
WQI,16,M7_TargetSpecific_Selected,HuberRegressor,55.2405,31.8083,23.4322,23.4322
WQI,16,M7_TargetSpecific_Selected,HuberRegressor,26.8189,31.6605,-4.8416,4.8416
WQI,16,M7_TargetSpecific_Selected,HuberRegressor,27.1467,27.9123,-0.7656,0.7656
WQI,16,M7_TargetSpecific_Selected,HuberRegressor,16.164,22.7352,-6.5712,6.5712
WQI,16,M7_TargetSpecific_Selected,HuberRegressor,33.0617,16.5382,16.5235,16.5235
WQI,16,M7_TargetSpecific_Selected,HuberRegressor,26.3306,47.7586,-21.428,21.428
WQI,16,M7_TargetSpecific_Selected,HuberRegressor,36.4874,23.693,12.7944,12.7944
WQI,16,M7_TargetSpecific_Selected,ExtraTrees,35.4562,26.141,9.3152,9.3152
WQI,16,M7_TargetSpecific_Selected,ExtraTrees,55.2405,29.2896,25.9509,25.9509
WQI,16,M7_TargetSpecific_Selected,ExtraTrees,26.8189,27.9292,-1.1103,1.1103
WQI,16,M7_TargetSpecific_Selected,ExtraTrees,27.1467,26.3796,0.767,0.767
WQI,16,M7_TargetSpecific_Selected,ExtraTrees,16.164,27.6982,-11.5342,11.5342
WQI,16,M7_TargetSpecific_Selected,ExtraTrees,33.0617,27.3172,5.7446,5.7446
WQI,16,M7_TargetSpecific_Selected,ExtraTrees,26.3306,50.8553,-24.5248,24.5248
WQI,16,M7_TargetSpecific_Selected,ExtraTrees,36.4874,25.0981,11.3893,11.3893
WQI,17,M1_Core,Ridge,18.2498,31.2233,-12.9735,12.9735
WQI,17,M1_Core,Ridge,112.9265,22.6992,90.2273,90.2273
WQI,17,M1_Core,Ridge,8.4239,20.5415,-12.1176,12.1176
WQI,17,M1_Core,Ridge,44.0348,23.443,20.5918,20.5918
WQI,17,M1_Core,Ridge,15.9415,22.0917,-6.1502,6.1502
WQI,17,M1_Core,Ridge,14.654,24.6693,-10.0153,10.0153
WQI,17,M1_Core,Ridge,58.086,39.71,18.3761,18.3761
WQI,17,M1_Core,Ridge,107.4217,36.8133,70.6085,70.6085
WQI,17,M1_Core,HuberRegressor,18.2498,25.8857,-7.6359,7.6359
WQI,17,M1_Core,HuberRegressor,112.9265,18.9395,93.9871,93.9871
WQI,17,M1_Core,HuberRegressor,8.4239,17.7252,-9.3013,9.3013
WQI,17,M1_Core,HuberRegressor,44.0348,21.9319,22.103,22.103
WQI,17,M1_Core,HuberRegressor,15.9415,20.0469,-4.1054,4.1054
WQI,17,M1_Core,HuberRegressor,14.654,21.5186,-6.8646,6.8646
WQI,17,M1_Core,HuberRegressor,58.086,30.9471,27.1389,27.1389
WQI,17,M1_Core,HuberRegressor,107.4217,32.9382,74.4835,74.4835
WQI,17,M1_Core,ExtraTrees,18.2498,32.3478,-14.098,14.098
WQI,17,M1_Core,ExtraTrees,112.9265,28.259,84.6675,84.6675
WQI,17,M1_Core,ExtraTrees,8.4239,23.0458,-14.6219,14.6219
WQI,17,M1_Core,ExtraTrees,44.0348,23.7773,20.2575,20.2575
WQI,17,M1_Core,ExtraTrees,15.9415,27.1985,-11.257,11.257
WQI,17,M1_Core,ExtraTrees,14.654,28.9704,-14.3164,14.3164
WQI,17,M1_Core,ExtraTrees,58.086,45.9698,12.1162,12.1162
WQI,17,M1_Core,ExtraTrees,107.4217,27.7116,79.7101,79.7101
WQI,17,M7_TargetSpecific_Selected,Ridge,18.2498,24.4287,-6.1789,6.1789
WQI,17,M7_TargetSpecific_Selected,Ridge,112.9265,22.4085,90.5181,90.5181
WQI,17,M7_TargetSpecific_Selected,Ridge,8.4239,16.7512,-8.3273,8.3273
WQI,17,M7_TargetSpecific_Selected,Ridge,44.0348,19.9508,24.0841,24.0841
WQI,17,M7_TargetSpecific_Selected,Ridge,15.9415,23.6245,-7.683,7.683
WQI,17,M7_TargetSpecific_Selected,Ridge,14.654,28.1056,-13.4516,13.4516
WQI,17,M7_TargetSpecific_Selected,Ridge,58.086,40.1504,17.9356,17.9356
WQI,17,M7_TargetSpecific_Selected,Ridge,107.4217,39.9775,67.4442,67.4442
WQI,17,M7_TargetSpecific_Selected,HuberRegressor,18.2498,25.5971,-7.3473,7.3473
WQI,17,M7_TargetSpecific_Selected,HuberRegressor,112.9265,20.5462,92.3803,92.3803
WQI,17,M7_TargetSpecific_Selected,HuberRegressor,8.4239,17.309,-8.8851,8.8851
WQI,17,M7_TargetSpecific_Selected,HuberRegressor,44.0348,19.7632,24.2717,24.2717
WQI,17,M7_TargetSpecific_Selected,HuberRegressor,15.9415,21.7451,-5.8035,5.8035
WQI,17,M7_TargetSpecific_Selected,HuberRegressor,14.654,24.0902,-9.4362,9.4362
WQI,17,M7_TargetSpecific_Selected,HuberRegressor,58.086,36.6891,21.3969,21.3969
WQI,17,M7_TargetSpecific_Selected,HuberRegressor,107.4217,34.5993,72.8224,72.8224
WQI,17,M7_TargetSpecific_Selected,ExtraTrees,18.2498,18.1917,0.0581,0.0581
WQI,17,M7_TargetSpecific_Selected,ExtraTrees,112.9265,27.1386,85.7879,85.7879
WQI,17,M7_TargetSpecific_Selected,ExtraTrees,8.4239,15.5037,-7.0798,7.0798
WQI,17,M7_TargetSpecific_Selected,ExtraTrees,44.0348,18.2983,25.7365,25.7365
WQI,17,M7_TargetSpecific_Selected,ExtraTrees,15.9415,29.2892,-13.3477,13.3477
WQI,17,M7_TargetSpecific_Selected,ExtraTrees,14.654,38.2272,-23.5732,23.5732
WQI,17,M7_TargetSpecific_Selected,ExtraTrees,58.086,29.7337,28.3523,28.3523
WQI,17,M7_TargetSpecific_Selected,ExtraTrees,107.4217,29.8154,77.6064,77.6064
WQI,18,M1_Core,Ridge,17.1747,28.0572,-10.8825,10.8825
WQI,18,M1_Core,Ridge,13.0826,24.2824,-11.1998,11.1998
WQI,18,M1_Core,Ridge,13.2452,13.616,-0.3709,0.3709
WQI,18,M1_Core,Ridge,16.4983,26.082,-9.5837,9.5837
WQI,18,M1_Core,Ridge,10.8835,11.6061,-0.7226,0.7226
WQI,18,M1_Core,Ridge,19.8379,34.5693,-14.7314,14.7314
WQI,18,M1_Core,Ridge,43.9013,21.4382,22.4631,22.4631
WQI,18,M1_Core,Ridge,132.0116,24.3286,107.683,107.683
WQI,18,M1_Core,HuberRegressor,17.1747,25.7844,-8.6097,8.6097
WQI,18,M1_Core,HuberRegressor,13.0826,21.3135,-8.2309,8.2309
WQI,18,M1_Core,HuberRegressor,13.2452,13.1379,0.1073,0.1073
WQI,18,M1_Core,HuberRegressor,16.4983,23.2245,-6.7262,6.7262
WQI,18,M1_Core,HuberRegressor,10.8835,13.892,-3.0085,3.0085
WQI,18,M1_Core,HuberRegressor,19.8379,32.1954,-12.3575,12.3575
WQI,18,M1_Core,HuberRegressor,43.9013,20.0427,23.8586,23.8586
WQI,18,M1_Core,HuberRegressor,132.0116,20.8642,111.1474,111.1474
WQI,18,M1_Core,ExtraTrees,17.1747,33.8811,-16.7064,16.7064
WQI,18,M1_Core,ExtraTrees,13.0826,31.1382,-18.0556,18.0556
WQI,18,M1_Core,ExtraTrees,13.2452,17.7607,-4.5155,4.5155
WQI,18,M1_Core,ExtraTrees,16.4983,34.1564,-17.6581,17.6581
WQI,18,M1_Core,ExtraTrees,10.8835,13.6295,-2.746,2.746
WQI,18,M1_Core,ExtraTrees,19.8379,37.6061,-17.7682,17.7682
WQI,18,M1_Core,ExtraTrees,43.9013,21.1764,22.7249,22.7249
WQI,18,M1_Core,ExtraTrees,132.0116,27.7482,104.2634,104.2634
WQI,18,M7_TargetSpecific_Selected,Ridge,17.1747,29.8908,-12.7161,12.7161
WQI,18,M7_TargetSpecific_Selected,Ridge,13.0826,24.1078,-11.0252,11.0252
WQI,18,M7_TargetSpecific_Selected,Ridge,13.2452,3.5423,9.7028,9.7028
WQI,18,M7_TargetSpecific_Selected,Ridge,16.4983,28.5687,-12.0704,12.0704
WQI,18,M7_TargetSpecific_Selected,Ridge,10.8835,10.4366,0.4468,0.4468
WQI,18,M7_TargetSpecific_Selected,Ridge,19.8379,39.9544,-20.1165,20.1165
WQI,18,M7_TargetSpecific_Selected,Ridge,43.9013,26.5041,17.3973,17.3973
WQI,18,M7_TargetSpecific_Selected,Ridge,132.0116,24.134,107.8776,107.8776
WQI,18,M7_TargetSpecific_Selected,HuberRegressor,17.1747,31.4008,-14.2261,14.2261
WQI,18,M7_TargetSpecific_Selected,HuberRegressor,13.0826,25.5949,-12.5123,12.5123
WQI,18,M7_TargetSpecific_Selected,HuberRegressor,13.2452,1.4711,11.7741,11.7741
WQI,18,M7_TargetSpecific_Selected,HuberRegressor,16.4983,28.6134,-12.1151,12.1151
WQI,18,M7_TargetSpecific_Selected,HuberRegressor,10.8835,10.2737,0.6098,0.6098
WQI,18,M7_TargetSpecific_Selected,HuberRegressor,19.8379,37.272,-17.434,17.434
WQI,18,M7_TargetSpecific_Selected,HuberRegressor,43.9013,25.3223,18.579,18.579
WQI,18,M7_TargetSpecific_Selected,HuberRegressor,132.0116,24.9722,107.0394,107.0394
WQI,18,M7_TargetSpecific_Selected,ExtraTrees,17.1747,34.0871,-16.9124,16.9124
WQI,18,M7_TargetSpecific_Selected,ExtraTrees,13.0826,27.5074,-14.4248,14.4248
WQI,18,M7_TargetSpecific_Selected,ExtraTrees,13.2452,13.1611,0.0841,0.0841
WQI,18,M7_TargetSpecific_Selected,ExtraTrees,16.4983,28.6821,-12.1838,12.1838
WQI,18,M7_TargetSpecific_Selected,ExtraTrees,10.8835,13.9281,-3.0446,3.0446
WQI,18,M7_TargetSpecific_Selected,ExtraTrees,19.8379,36.2486,-16.4106,16.4106
WQI,18,M7_TargetSpecific_Selected,ExtraTrees,43.9013,24.4406,19.4607,19.4607
WQI,18,M7_TargetSpecific_Selected,ExtraTrees,132.0116,27.6006,104.411,104.411
WQI,19,M1_Core,Ridge,34.3449,32.9651,1.3798,1.3798
WQI,19,M1_Core,Ridge,20.7845,21.2912,-0.5067,0.5067
WQI,19,M1_Core,Ridge,20.6149,43.2447,-22.6298,22.6298
WQI,19,M1_Core,Ridge,29.9997,18.7662,11.2334,11.2334
WQI,19,M1_Core,Ridge,5.0052,15.6256,-10.6204,10.6204
WQI,19,M1_Core,Ridge,24.9445,19.6414,5.3031,5.3031
WQI,19,M1_Core,Ridge,45.315,22.437,22.8779,22.8779
WQI,19,M1_Core,Ridge,22.6428,19.0438,3.599,3.599
WQI,19,M1_Core,HuberRegressor,34.3449,50.4448,-16.1,16.1
WQI,19,M1_Core,HuberRegressor,20.7845,29.6497,-8.8652,8.8652
WQI,19,M1_Core,HuberRegressor,20.6149,39.6393,-19.0244,19.0244
WQI,19,M1_Core,HuberRegressor,29.9997,14.9966,15.003,15.003
WQI,19,M1_Core,HuberRegressor,5.0052,14.3947,-9.3896,9.3896
WQI,19,M1_Core,HuberRegressor,24.9445,7.6181,17.3264,17.3264
WQI,19,M1_Core,HuberRegressor,45.315,19.1045,26.2104,26.2104
WQI,19,M1_Core,HuberRegressor,22.6428,19.0148,3.628,3.628
WQI,19,M1_Core,ExtraTrees,34.3449,33.9722,0.3727,0.3727
WQI,19,M1_Core,ExtraTrees,20.7845,21.5326,-0.7482,0.7482
WQI,19,M1_Core,ExtraTrees,20.6149,46.3026,-25.6877,25.6877
WQI,19,M1_Core,ExtraTrees,29.9997,17.8176,12.1821,12.1821
WQI,19,M1_Core,ExtraTrees,5.0052,19.158,-14.1528,14.1528
WQI,19,M1_Core,ExtraTrees,24.9445,27.3172,-2.3727,2.3727
WQI,19,M1_Core,ExtraTrees,45.315,25.1517,20.1633,20.1633
WQI,19,M1_Core,ExtraTrees,22.6428,16.1035,6.5393,6.5393
WQI,19,M7_TargetSpecific_Selected,Ridge,34.3449,28.5707,5.7742,5.7742
WQI,19,M7_TargetSpecific_Selected,Ridge,20.7845,16.937,3.8475,3.8475
WQI,19,M7_TargetSpecific_Selected,Ridge,20.6149,42.0193,-21.4044,21.4044
WQI,19,M7_TargetSpecific_Selected,Ridge,29.9997,18.869,11.1307,11.1307
WQI,19,M7_TargetSpecific_Selected,Ridge,5.0052,14.8651,-9.8599,9.8599
WQI,19,M7_TargetSpecific_Selected,Ridge,24.9445,26.7388,-1.7943,1.7943
WQI,19,M7_TargetSpecific_Selected,Ridge,45.315,24.701,20.614,20.614
WQI,19,M7_TargetSpecific_Selected,Ridge,22.6428,19.4684,3.1744,3.1744
WQI,19,M7_TargetSpecific_Selected,HuberRegressor,34.3449,46.4849,-12.14,12.14
WQI,19,M7_TargetSpecific_Selected,HuberRegressor,20.7845,27.5022,-6.7178,6.7178
WQI,19,M7_TargetSpecific_Selected,HuberRegressor,20.6149,36.4881,-15.8732,15.8732
WQI,19,M7_TargetSpecific_Selected,HuberRegressor,29.9997,17.1563,12.8434,12.8434
WQI,19,M7_TargetSpecific_Selected,HuberRegressor,5.0052,19.1127,-14.1075,14.1075
WQI,19,M7_TargetSpecific_Selected,HuberRegressor,24.9445,31.0177,-6.0732,6.0732
WQI,19,M7_TargetSpecific_Selected,HuberRegressor,45.315,20.2077,25.1073,25.1073
WQI,19,M7_TargetSpecific_Selected,HuberRegressor,22.6428,21.9307,0.7121,0.7121
WQI,19,M7_TargetSpecific_Selected,ExtraTrees,34.3449,23.8707,10.4742,10.4742
WQI,19,M7_TargetSpecific_Selected,ExtraTrees,20.7845,17.9881,2.7964,2.7964
WQI,19,M7_TargetSpecific_Selected,ExtraTrees,20.6149,34.1957,-13.5808,13.5808
WQI,19,M7_TargetSpecific_Selected,ExtraTrees,29.9997,23.8027,6.1969,6.1969
WQI,19,M7_TargetSpecific_Selected,ExtraTrees,5.0052,21.297,-16.2918,16.2918
WQI,19,M7_TargetSpecific_Selected,ExtraTrees,24.9445,24.0874,0.8571,0.8571
WQI,19,M7_TargetSpecific_Selected,ExtraTrees,45.315,26.2274,19.0876,19.0876
WQI,19,M7_TargetSpecific_Selected,ExtraTrees,22.6428,14.895,7.7479,7.7479
WQI,20,M1_Core,Ridge,25.8557,25.7247,0.1311,0.1311
WQI,20,M1_Core,Ridge,18.2498,34.0733,-15.8235,15.8235
WQI,20,M1_Core,Ridge,20.7845,24.5838,-3.7993,3.7993
WQI,20,M1_Core,Ridge,44.0348,25.1755,18.8593,18.8593
WQI,20,M1_Core,Ridge,55.2405,30.1962,25.0443,25.0443
WQI,20,M1_Core,Ridge,15.9415,23.3401,-7.3986,7.3986
WQI,20,M1_Core,Ridge,26.8189,34.5284,-7.7095,7.7095
WQI,20,M1_Core,Ridge,16.164,23.404,-7.2401,7.2401
WQI,20,M1_Core,HuberRegressor,25.8557,21.9347,3.921,3.921
WQI,20,M1_Core,HuberRegressor,18.2498,28.782,-10.5322,10.5322
WQI,20,M1_Core,HuberRegressor,20.7845,26.9677,-6.1832,6.1832
WQI,20,M1_Core,HuberRegressor,44.0348,22.0686,21.9663,21.9663
WQI,20,M1_Core,HuberRegressor,55.2405,27.2348,28.0056,28.0056
WQI,20,M1_Core,HuberRegressor,15.9415,19.9598,-4.0183,4.0183
WQI,20,M1_Core,HuberRegressor,26.8189,30.5175,-3.6986,3.6986
WQI,20,M1_Core,HuberRegressor,16.164,20.1583,-3.9943,3.9943
WQI,20,M1_Core,ExtraTrees,25.8557,22.8736,2.9821,2.9821
WQI,20,M1_Core,ExtraTrees,18.2498,29.7859,-11.5361,11.5361
WQI,20,M1_Core,ExtraTrees,20.7845,21.531,-0.7465,0.7465
WQI,20,M1_Core,ExtraTrees,44.0348,19.5253,24.5095,24.5095
WQI,20,M1_Core,ExtraTrees,55.2405,27.6195,27.621,27.621
WQI,20,M1_Core,ExtraTrees,15.9415,32.1941,-16.2526,16.2526
WQI,20,M1_Core,ExtraTrees,26.8189,31.133,-4.3141,4.3141
WQI,20,M1_Core,ExtraTrees,16.164,29.1914,-13.0274,13.0274
WQI,20,M7_TargetSpecific_Selected,Ridge,25.8557,24.8382,1.0175,1.0175
WQI,20,M7_TargetSpecific_Selected,Ridge,18.2498,25.7644,-7.5146,7.5146
WQI,20,M7_TargetSpecific_Selected,Ridge,20.7845,18.2501,2.5344,2.5344
WQI,20,M7_TargetSpecific_Selected,Ridge,44.0348,21.0805,22.9543,22.9543
WQI,20,M7_TargetSpecific_Selected,Ridge,55.2405,34.3128,20.9277,20.9277
WQI,20,M7_TargetSpecific_Selected,Ridge,15.9415,24.8551,-8.9136,8.9136
WQI,20,M7_TargetSpecific_Selected,Ridge,26.8189,34.54,-7.7211,7.7211
WQI,20,M7_TargetSpecific_Selected,Ridge,16.164,26.0358,-9.8718,9.8718
WQI,20,M7_TargetSpecific_Selected,HuberRegressor,25.8557,19.0438,6.8119,6.8119
WQI,20,M7_TargetSpecific_Selected,HuberRegressor,18.2498,25.5881,-7.3383,7.3383
WQI,20,M7_TargetSpecific_Selected,HuberRegressor,20.7845,25.6107,-4.8262,4.8262
WQI,20,M7_TargetSpecific_Selected,HuberRegressor,44.0348,18.7588,25.276,25.276
WQI,20,M7_TargetSpecific_Selected,HuberRegressor,55.2405,29.1745,26.066,26.066
WQI,20,M7_TargetSpecific_Selected,HuberRegressor,15.9415,20.6398,-4.6982,4.6982
WQI,20,M7_TargetSpecific_Selected,HuberRegressor,26.8189,29.3453,-2.5264,2.5264
WQI,20,M7_TargetSpecific_Selected,HuberRegressor,16.164,20.6376,-4.4736,4.4736
WQI,20,M7_TargetSpecific_Selected,ExtraTrees,25.8557,22.4328,3.4229,3.4229
WQI,20,M7_TargetSpecific_Selected,ExtraTrees,18.2498,19.137,-0.8872,0.8872
WQI,20,M7_TargetSpecific_Selected,ExtraTrees,20.7845,18.2906,2.4938,2.4938
WQI,20,M7_TargetSpecific_Selected,ExtraTrees,44.0348,15.9058,28.129,28.129
WQI,20,M7_TargetSpecific_Selected,ExtraTrees,55.2405,28.5576,26.6828,26.6828
WQI,20,M7_TargetSpecific_Selected,ExtraTrees,15.9415,34.4577,-18.5162,18.5162
WQI,20,M7_TargetSpecific_Selected,ExtraTrees,26.8189,30.45,-3.6311,3.6311
WQI,20,M7_TargetSpecific_Selected,ExtraTrees,16.164,34.2698,-18.1058,18.1058
WQI,21,M1_Core,Ridge,112.9265,21.3359,91.5906,91.5906
WQI,21,M1_Core,Ridge,49.2674,29.0258,20.2416,20.2416
WQI,21,M1_Core,Ridge,14.654,26.6971,-12.0431,12.0431
WQI,21,M1_Core,Ridge,20.6149,42.4661,-21.8512,21.8512
WQI,21,M1_Core,Ridge,5.0052,16.5425,-11.5373,11.5373
WQI,21,M1_Core,Ridge,10.8835,13.8555,-2.972,2.972
WQI,21,M1_Core,Ridge,58.086,39.9934,18.0926,18.0926
WQI,21,M1_Core,Ridge,45.315,21.7466,23.5684,23.5684
WQI,21,M1_Core,HuberRegressor,112.9265,16.972,95.9545,95.9545
WQI,21,M1_Core,HuberRegressor,49.2674,29.5432,19.7243,19.7243
WQI,21,M1_Core,HuberRegressor,14.654,21.4692,-6.8152,6.8152
WQI,21,M1_Core,HuberRegressor,20.6149,36.5739,-15.959,15.959
WQI,21,M1_Core,HuberRegressor,5.0052,15.6595,-10.6543,10.6543
WQI,21,M1_Core,HuberRegressor,10.8835,17.3947,-6.5112,6.5112
WQI,21,M1_Core,HuberRegressor,58.086,31.0375,27.0485,27.0485
WQI,21,M1_Core,HuberRegressor,45.315,18.8313,26.4837,26.4837
WQI,21,M1_Core,ExtraTrees,112.9265,22.8683,90.0582,90.0582
WQI,21,M1_Core,ExtraTrees,49.2674,24.5472,24.7202,24.7202
WQI,21,M1_Core,ExtraTrees,14.654,31.1193,-16.4653,16.4653
WQI,21,M1_Core,ExtraTrees,20.6149,51.7036,-31.0887,31.0887
WQI,21,M1_Core,ExtraTrees,5.0052,20.1001,-15.0949,15.0949
WQI,21,M1_Core,ExtraTrees,10.8835,19.9147,-9.0313,9.0313
WQI,21,M1_Core,ExtraTrees,58.086,35.7169,22.3691,22.3691
WQI,21,M1_Core,ExtraTrees,45.315,23.2215,22.0935,22.0935
WQI,21,M7_TargetSpecific_Selected,Ridge,112.9265,18.4982,94.4283,94.4283
WQI,21,M7_TargetSpecific_Selected,Ridge,49.2674,22.3965,26.8709,26.8709
WQI,21,M7_TargetSpecific_Selected,Ridge,14.654,32.3552,-17.7012,17.7012
WQI,21,M7_TargetSpecific_Selected,Ridge,20.6149,40.7568,-20.1419,20.1419
WQI,21,M7_TargetSpecific_Selected,Ridge,5.0052,17.0952,-12.09,12.09
WQI,21,M7_TargetSpecific_Selected,Ridge,10.8835,13.4913,-2.6078,2.6078
WQI,21,M7_TargetSpecific_Selected,Ridge,58.086,39.0814,19.0047,19.0047
WQI,21,M7_TargetSpecific_Selected,Ridge,45.315,27.1507,18.1643,18.1643
WQI,21,M7_TargetSpecific_Selected,HuberRegressor,112.9265,13.4082,99.5183,99.5183
WQI,21,M7_TargetSpecific_Selected,HuberRegressor,49.2674,20.9485,28.3189,28.3189
WQI,21,M7_TargetSpecific_Selected,HuberRegressor,14.654,24.7987,-10.1447,10.1447
WQI,21,M7_TargetSpecific_Selected,HuberRegressor,20.6149,29.2221,-8.6072,8.6072
WQI,21,M7_TargetSpecific_Selected,HuberRegressor,5.0052,26.0823,-21.0771,21.0771
WQI,21,M7_TargetSpecific_Selected,HuberRegressor,10.8835,15.2091,-4.3256,4.3256
WQI,21,M7_TargetSpecific_Selected,HuberRegressor,58.086,28.9729,29.1131,29.1131
WQI,21,M7_TargetSpecific_Selected,HuberRegressor,45.315,25.8526,19.4623,19.4623
WQI,21,M7_TargetSpecific_Selected,ExtraTrees,112.9265,21.732,91.1946,91.1946
WQI,21,M7_TargetSpecific_Selected,ExtraTrees,49.2674,24.3935,24.8739,24.8739
WQI,21,M7_TargetSpecific_Selected,ExtraTrees,14.654,27.4558,-12.8018,12.8018
WQI,21,M7_TargetSpecific_Selected,ExtraTrees,20.6149,33.7202,-13.1053,13.1053
WQI,21,M7_TargetSpecific_Selected,ExtraTrees,5.0052,22.8292,-17.824,17.824
WQI,21,M7_TargetSpecific_Selected,ExtraTrees,10.8835,17.4869,-6.6034,6.6034
WQI,21,M7_TargetSpecific_Selected,ExtraTrees,58.086,45.7506,12.3355,12.3355
WQI,21,M7_TargetSpecific_Selected,ExtraTrees,45.315,24.4233,20.8917,20.8917
WQI,22,M1_Core,Ridge,17.1747,30.0338,-12.8591,12.8591
WQI,22,M1_Core,Ridge,13.0826,24.602,-11.5194,11.5194
WQI,22,M1_Core,Ridge,22.5693,29.1684,-6.5991,6.5991
WQI,22,M1_Core,Ridge,16.4983,27.5091,-11.0108,11.0108
WQI,22,M1_Core,Ridge,8.4239,20.2596,-11.8357,11.8357
WQI,22,M1_Core,Ridge,29.9997,16.929,13.0707,13.0707
WQI,22,M1_Core,Ridge,26.3306,66.8768,-40.5462,40.5462
WQI,22,M1_Core,Ridge,132.0116,24.3914,107.6202,107.6202
WQI,22,M1_Core,HuberRegressor,17.1747,27.0843,-9.9096,9.9096
WQI,22,M1_Core,HuberRegressor,13.0826,21.5129,-8.4303,8.4303
WQI,22,M1_Core,HuberRegressor,22.5693,25.3921,-2.8228,2.8228
WQI,22,M1_Core,HuberRegressor,16.4983,24.1965,-7.6982,7.6982
WQI,22,M1_Core,HuberRegressor,8.4239,17.1822,-8.7583,8.7583
WQI,22,M1_Core,HuberRegressor,29.9997,15.3856,14.6141,14.6141
WQI,22,M1_Core,HuberRegressor,26.3306,65.6865,-39.3559,39.3559
WQI,22,M1_Core,HuberRegressor,132.0116,21.0177,110.9939,110.9939
WQI,22,M1_Core,ExtraTrees,17.1747,32.0062,-14.8315,14.8315
WQI,22,M1_Core,ExtraTrees,13.0826,31.4134,-18.3308,18.3308
WQI,22,M1_Core,ExtraTrees,22.5693,34.421,-11.8517,11.8517
WQI,22,M1_Core,ExtraTrees,16.4983,35.9057,-19.4074,19.4074
WQI,22,M1_Core,ExtraTrees,8.4239,29.4053,-20.9813,20.9813
WQI,22,M1_Core,ExtraTrees,29.9997,14.4637,15.536,15.536
WQI,22,M1_Core,ExtraTrees,26.3306,42.1502,-15.8196,15.8196
WQI,22,M1_Core,ExtraTrees,132.0116,27.0788,104.9328,104.9328
WQI,22,M7_TargetSpecific_Selected,Ridge,17.1747,33.1307,-15.956,15.956
WQI,22,M7_TargetSpecific_Selected,Ridge,13.0826,21.5071,-8.4245,8.4245
WQI,22,M7_TargetSpecific_Selected,Ridge,22.5693,26.6229,-4.0536,4.0536
WQI,22,M7_TargetSpecific_Selected,Ridge,16.4983,27.7017,-11.2034,11.2034
WQI,22,M7_TargetSpecific_Selected,Ridge,8.4239,45.5862,-37.1623,37.1623
WQI,22,M7_TargetSpecific_Selected,Ridge,29.9997,16.0285,13.9712,13.9712
WQI,22,M7_TargetSpecific_Selected,Ridge,26.3306,59.3163,-32.9857,32.9857
WQI,22,M7_TargetSpecific_Selected,Ridge,132.0116,21.5532,110.4584,110.4584
WQI,22,M7_TargetSpecific_Selected,HuberRegressor,17.1747,30.8526,-13.6778,13.6778
WQI,22,M7_TargetSpecific_Selected,HuberRegressor,13.0826,17.9896,-4.907,4.907
WQI,22,M7_TargetSpecific_Selected,HuberRegressor,22.5693,23.6834,-1.1141,1.1141
WQI,22,M7_TargetSpecific_Selected,HuberRegressor,16.4983,24.3187,-7.8204,7.8204
WQI,22,M7_TargetSpecific_Selected,HuberRegressor,8.4239,27.7717,-19.3478,19.3478
WQI,22,M7_TargetSpecific_Selected,HuberRegressor,29.9997,16.5798,13.4199,13.4199
WQI,22,M7_TargetSpecific_Selected,HuberRegressor,26.3306,53.6303,-27.2997,27.2997
WQI,22,M7_TargetSpecific_Selected,HuberRegressor,132.0116,14.6928,117.3188,117.3188
WQI,22,M7_TargetSpecific_Selected,ExtraTrees,17.1747,37.5806,-20.4059,20.4059
WQI,22,M7_TargetSpecific_Selected,ExtraTrees,13.0826,23.0687,-9.9861,9.9861
WQI,22,M7_TargetSpecific_Selected,ExtraTrees,22.5693,27.6796,-5.1102,5.1102
WQI,22,M7_TargetSpecific_Selected,ExtraTrees,16.4983,25.5971,-9.0988,9.0988
WQI,22,M7_TargetSpecific_Selected,ExtraTrees,8.4239,20.2024,-11.7785,11.7785
WQI,22,M7_TargetSpecific_Selected,ExtraTrees,29.9997,19.4932,10.5065,10.5065
WQI,22,M7_TargetSpecific_Selected,ExtraTrees,26.3306,56.8751,-30.5445,30.5445
WQI,22,M7_TargetSpecific_Selected,ExtraTrees,132.0116,21.2229,110.7887,110.7887
WQI,23,M1_Core,Ridge,34.3449,27.1338,7.2111,7.2111
WQI,23,M1_Core,Ridge,13.2452,13.7161,-0.4709,0.4709
WQI,23,M1_Core,Ridge,24.9445,28.6142,-3.6697,3.6697
WQI,23,M1_Core,Ridge,37.5616,66.5436,-28.982,28.982
WQI,23,M1_Core,Ridge,19.8379,40.9667,-21.1288,21.1288
WQI,23,M1_Core,Ridge,43.9013,20.2729,23.6284,23.6284
WQI,23,M1_Core,Ridge,26.6549,27.7936,-1.1387,1.1387
WQI,23,M1_Core,Ridge,22.6428,20.4196,2.2232,2.2232
WQI,23,M1_Core,HuberRegressor,34.3449,37.1639,-2.819,2.819
WQI,23,M1_Core,HuberRegressor,13.2452,10.826,2.4192,2.4192
WQI,23,M1_Core,HuberRegressor,24.9445,17.102,7.8425,7.8425
WQI,23,M1_Core,HuberRegressor,37.5616,72.191,-34.6294,34.6294
WQI,23,M1_Core,HuberRegressor,19.8379,36.8591,-17.0212,17.0212
WQI,23,M1_Core,HuberRegressor,43.9013,18.8923,25.009,25.009
WQI,23,M1_Core,HuberRegressor,26.6549,33.1959,-6.541,6.541
WQI,23,M1_Core,HuberRegressor,22.6428,21.4762,1.1667,1.1667
WQI,23,M1_Core,ExtraTrees,34.3449,31.3804,2.9645,2.9645
WQI,23,M1_Core,ExtraTrees,13.2452,14.4823,-1.2371,1.2371
WQI,23,M1_Core,ExtraTrees,24.9445,32.4499,-7.5054,7.5054
WQI,23,M1_Core,ExtraTrees,37.5616,40.5733,-3.0118,3.0118
WQI,23,M1_Core,ExtraTrees,19.8379,35.9541,-16.1162,16.1162
WQI,23,M1_Core,ExtraTrees,43.9013,21.6922,22.2091,22.2091
WQI,23,M1_Core,ExtraTrees,26.6549,29.6452,-2.9903,2.9903
WQI,23,M1_Core,ExtraTrees,22.6428,23.2238,-0.581,0.581
WQI,23,M7_TargetSpecific_Selected,Ridge,34.3449,19.2478,15.097,15.097
WQI,23,M7_TargetSpecific_Selected,Ridge,13.2452,3.33,9.9152,9.9152
WQI,23,M7_TargetSpecific_Selected,Ridge,24.9445,30.8544,-5.9099,5.9099
WQI,23,M7_TargetSpecific_Selected,Ridge,37.5616,69.389,-31.8275,31.8275
WQI,23,M7_TargetSpecific_Selected,Ridge,19.8379,50.0094,-30.1715,30.1715
WQI,23,M7_TargetSpecific_Selected,Ridge,43.9013,23.7883,20.113,20.113
WQI,23,M7_TargetSpecific_Selected,Ridge,26.6549,29.3614,-2.7065,2.7065
WQI,23,M7_TargetSpecific_Selected,Ridge,22.6428,23.5066,-0.8638,0.8638
WQI,23,M7_TargetSpecific_Selected,HuberRegressor,34.3449,22.8921,11.4528,11.4528
WQI,23,M7_TargetSpecific_Selected,HuberRegressor,13.2452,2.5662,10.6789,10.6789
WQI,23,M7_TargetSpecific_Selected,HuberRegressor,24.9445,20.1505,4.794,4.794
WQI,23,M7_TargetSpecific_Selected,HuberRegressor,37.5616,64.4283,-26.8667,26.8667
WQI,23,M7_TargetSpecific_Selected,HuberRegressor,19.8379,50.8902,-31.0523,31.0523
WQI,23,M7_TargetSpecific_Selected,HuberRegressor,43.9013,21.4015,22.4998,22.4998
WQI,23,M7_TargetSpecific_Selected,HuberRegressor,26.6549,30.97,-4.3151,4.3151
WQI,23,M7_TargetSpecific_Selected,HuberRegressor,22.6428,25.8425,-3.1997,3.1997
WQI,23,M7_TargetSpecific_Selected,ExtraTrees,34.3449,24.6278,9.7171,9.7171
WQI,23,M7_TargetSpecific_Selected,ExtraTrees,13.2452,12.1682,1.077,1.077
WQI,23,M7_TargetSpecific_Selected,ExtraTrees,24.9445,25.3588,-0.4143,0.4143
WQI,23,M7_TargetSpecific_Selected,ExtraTrees,37.5616,43.3116,-5.75,5.75
WQI,23,M7_TargetSpecific_Selected,ExtraTrees,19.8379,55.1075,-35.2696,35.2696
WQI,23,M7_TargetSpecific_Selected,ExtraTrees,43.9013,24.543,19.3583,19.3583
WQI,23,M7_TargetSpecific_Selected,ExtraTrees,26.6549,41.0272,-14.3723,14.3723
WQI,23,M7_TargetSpecific_Selected,ExtraTrees,22.6428,34.3435,-11.7007,11.7007
WQI,24,M1_Core,Ridge,31.6653,32.7226,-1.0572,1.0572
WQI,24,M1_Core,Ridge,35.4562,25.3041,10.1521,10.1521
WQI,24,M1_Core,Ridge,27.1467,26.0891,1.0576,1.0576
WQI,24,M1_Core,Ridge,10.7442,18.3685,-7.6243,7.6243
WQI,24,M1_Core,Ridge,6.8396,20.1603,-13.3207,13.3207
WQI,24,M1_Core,Ridge,33.0617,12.6289,20.4328,20.4328
WQI,24,M1_Core,Ridge,36.4874,20.8614,15.6261,15.6261
WQI,24,M1_Core,Ridge,107.4217,35.6857,71.7361,71.7361
WQI,24,M1_Core,HuberRegressor,31.6653,35.1893,-3.524,3.524
WQI,24,M1_Core,HuberRegressor,35.4562,22.8464,12.6097,12.6097
WQI,24,M1_Core,HuberRegressor,27.1467,24.5719,2.5748,2.5748
WQI,24,M1_Core,HuberRegressor,10.7442,15.4983,-4.7541,4.7541
WQI,24,M1_Core,HuberRegressor,6.8396,18.1039,-11.2643,11.2643
WQI,24,M1_Core,HuberRegressor,33.0617,17.0709,15.9908,15.9908
WQI,24,M1_Core,HuberRegressor,36.4874,22.1549,14.3326,14.3326
WQI,24,M1_Core,HuberRegressor,107.4217,33.3113,74.1104,74.1104
WQI,24,M1_Core,ExtraTrees,31.6653,34.5664,-2.9011,2.9011
WQI,24,M1_Core,ExtraTrees,35.4562,26.6561,8.8,8.8
WQI,24,M1_Core,ExtraTrees,27.1467,26.7911,0.3556,0.3556
WQI,24,M1_Core,ExtraTrees,10.7442,14.737,-3.9928,3.9928
WQI,24,M1_Core,ExtraTrees,6.8396,21.1548,-14.3151,14.3151
WQI,24,M1_Core,ExtraTrees,33.0617,18.8139,14.2478,14.2478
WQI,24,M1_Core,ExtraTrees,36.4874,25.7054,10.782,10.782
WQI,24,M1_Core,ExtraTrees,107.4217,27.4227,79.9991,79.9991
WQI,24,M7_TargetSpecific_Selected,Ridge,31.6653,39.4493,-7.784,7.784
WQI,24,M7_TargetSpecific_Selected,Ridge,35.4562,21.9748,13.4814,13.4814
WQI,24,M7_TargetSpecific_Selected,Ridge,27.1467,27.4841,-0.3375,0.3375
WQI,24,M7_TargetSpecific_Selected,Ridge,10.7442,16.3896,-5.6454,5.6454
WQI,24,M7_TargetSpecific_Selected,Ridge,6.8396,20.6149,-13.7753,13.7753
WQI,24,M7_TargetSpecific_Selected,Ridge,33.0617,15.1137,17.9481,17.9481
WQI,24,M7_TargetSpecific_Selected,Ridge,36.4874,23.1388,13.3487,13.3487
WQI,24,M7_TargetSpecific_Selected,Ridge,107.4217,39.6168,67.8049,67.8049
WQI,24,M7_TargetSpecific_Selected,HuberRegressor,31.6653,38.2007,-6.5353,6.5353
WQI,24,M7_TargetSpecific_Selected,HuberRegressor,35.4562,18.7826,16.6735,16.6735
WQI,24,M7_TargetSpecific_Selected,HuberRegressor,27.1467,26.5173,0.6294,0.6294
WQI,24,M7_TargetSpecific_Selected,HuberRegressor,10.7442,11.9855,-1.2412,1.2412
WQI,24,M7_TargetSpecific_Selected,HuberRegressor,6.8396,15.3523,-8.5127,8.5127
WQI,24,M7_TargetSpecific_Selected,HuberRegressor,33.0617,17.7481,15.3136,15.3136
WQI,24,M7_TargetSpecific_Selected,HuberRegressor,36.4874,22.9575,13.5299,13.5299
WQI,24,M7_TargetSpecific_Selected,HuberRegressor,107.4217,34.1343,73.2875,73.2875
WQI,24,M7_TargetSpecific_Selected,ExtraTrees,31.6653,29.9217,1.7437,1.7437
WQI,24,M7_TargetSpecific_Selected,ExtraTrees,35.4562,26.1984,9.2577,9.2577
WQI,24,M7_TargetSpecific_Selected,ExtraTrees,27.1467,26.8001,0.3466,0.3466
WQI,24,M7_TargetSpecific_Selected,ExtraTrees,10.7442,14.0182,-3.2739,3.2739
WQI,24,M7_TargetSpecific_Selected,ExtraTrees,6.8396,20.5726,-13.733,13.733
WQI,24,M7_TargetSpecific_Selected,ExtraTrees,33.0617,18.902,14.1597,14.1597
WQI,24,M7_TargetSpecific_Selected,ExtraTrees,36.4874,24.5869,11.9006,11.9006
WQI,24,M7_TargetSpecific_Selected,ExtraTrees,107.4217,29.599,77.8227,77.8227
Cd,0,M1_Core,Ridge,-3.9034,17.2757,-21.1791,21.1791
Cd,0,M1_Core,Ridge,-3.6492,19.2959,-22.9451,22.9451
Cd,0,M1_Core,Ridge,14.3602,5.5763,8.7839,8.7839
Cd,0,M1_Core,Ridge,3.7079,11.9598,-8.2519,8.2519
Cd,0,M1_Core,Ridge,-5.1799,4.1903,-9.3702,9.3702
Cd,0,M1_Core,Ridge,0.8552,32.2863,-31.4311,31.4311
Cd,0,M1_Core,Ridge,-4.2972,15.1481,-19.4454,19.4454
Cd,0,M1_Core,Ridge,9.3829,1.087,8.2958,8.2958
Cd,0,M1_Core,HuberRegressor,-3.9034,3.4169,-7.3202,7.3202
Cd,0,M1_Core,HuberRegressor,-3.6492,6.8592,-10.5084,10.5084
Cd,0,M1_Core,HuberRegressor,14.3602,1.105,13.2552,13.2552
Cd,0,M1_Core,HuberRegressor,3.7079,5.0406,-1.3327,1.3327
Cd,0,M1_Core,HuberRegressor,-5.1799,2.7285,-7.9084,7.9084
Cd,0,M1_Core,HuberRegressor,0.8552,3.7836,-2.9283,2.9283
Cd,0,M1_Core,HuberRegressor,-4.2972,3.45,-7.7473,7.7473
Cd,0,M1_Core,HuberRegressor,9.3829,1.4142,7.9687,7.9687
Cd,0,M1_Core,ExtraTrees,-3.9034,0.6671,-4.5705,4.5705
Cd,0,M1_Core,ExtraTrees,-3.6492,12.8146,-16.4638,16.4638
Cd,0,M1_Core,ExtraTrees,14.3602,2.5678,11.7924,11.7924
Cd,0,M1_Core,ExtraTrees,3.7079,9.1493,-5.4414,5.4414
Cd,0,M1_Core,ExtraTrees,-5.1799,9.3746,-14.5545,14.5545
Cd,0,M1_Core,ExtraTrees,0.8552,17.9627,-17.1074,17.1074
Cd,0,M1_Core,ExtraTrees,-4.2972,1.7119,-6.0091,6.0091
Cd,0,M1_Core,ExtraTrees,9.3829,3.9459,5.437,5.437
Cd,0,M7_TargetSpecific_Selected,Ridge,-3.9034,18.111,-22.0144,22.0144
Cd,0,M7_TargetSpecific_Selected,Ridge,-3.6492,48.1402,-51.7894,51.7894
Cd,0,M7_TargetSpecific_Selected,Ridge,14.3602,11.1231,3.2371,3.2371
Cd,0,M7_TargetSpecific_Selected,Ridge,3.7079,12.2005,-8.4926,8.4926
Cd,0,M7_TargetSpecific_Selected,Ridge,-5.1799,6.6417,-11.8216,11.8216
Cd,0,M7_TargetSpecific_Selected,Ridge,0.8552,29.2588,-28.4036,28.4036
Cd,0,M7_TargetSpecific_Selected,Ridge,-4.2972,23.7995,-28.0967,28.0967
Cd,0,M7_TargetSpecific_Selected,Ridge,9.3829,0.6183,8.7646,8.7646
Cd,0,M7_TargetSpecific_Selected,HuberRegressor,-3.9034,9.9321,-13.8355,13.8355
Cd,0,M7_TargetSpecific_Selected,HuberRegressor,-3.6492,21.4211,-25.0703,25.0703
Cd,0,M7_TargetSpecific_Selected,HuberRegressor,14.3602,1.0332,13.327,13.327
Cd,0,M7_TargetSpecific_Selected,HuberRegressor,3.7079,6.3163,-2.6084,2.6084
Cd,0,M7_TargetSpecific_Selected,HuberRegressor,-5.1799,0.2786,-5.4585,5.4585
Cd,0,M7_TargetSpecific_Selected,HuberRegressor,0.8552,31.5072,-30.652,30.652
Cd,0,M7_TargetSpecific_Selected,HuberRegressor,-4.2972,2.2674,-6.5646,6.5646
Cd,0,M7_TargetSpecific_Selected,HuberRegressor,9.3829,-1.7162,11.099,11.099
Cd,0,M7_TargetSpecific_Selected,ExtraTrees,-3.9034,2.2023,-6.1057,6.1057
Cd,0,M7_TargetSpecific_Selected,ExtraTrees,-3.6492,25.7662,-29.4154,29.4154
Cd,0,M7_TargetSpecific_Selected,ExtraTrees,14.3602,1.3954,12.9648,12.9648
Cd,0,M7_TargetSpecific_Selected,ExtraTrees,3.7079,6.4502,-2.7422,2.7422
Cd,0,M7_TargetSpecific_Selected,ExtraTrees,-5.1799,7.7476,-12.9275,12.9275
Cd,0,M7_TargetSpecific_Selected,ExtraTrees,0.8552,27.2514,-26.3962,26.3962
Cd,0,M7_TargetSpecific_Selected,ExtraTrees,-4.2972,6.9119,-11.2091,11.2091
Cd,0,M7_TargetSpecific_Selected,ExtraTrees,9.3829,4.6881,4.6948,4.6948
Cd,1,M1_Core,Ridge,-5.5505,-5.7743,0.2238,0.2238
Cd,1,M1_Core,Ridge,-0.4032,5.286,-5.6892,5.6892
Cd,1,M1_Core,Ridge,57.25,5.3535,51.8965,51.8965
Cd,1,M1_Core,Ridge,-1.2144,4.4697,-5.684,5.684
Cd,1,M1_Core,Ridge,-0.9637,-3.6255,2.6618,2.6618
Cd,1,M1_Core,Ridge,2.6978,14.0953,-11.3975,11.3975
Cd,1,M1_Core,Ridge,3.2283,5.619,-2.3908,2.3908
Cd,1,M1_Core,Ridge,84.8971,3.6984,81.1987,81.1987
Cd,1,M1_Core,HuberRegressor,-5.5505,-5.5285,-0.022,0.022
Cd,1,M1_Core,HuberRegressor,-0.4032,2.5748,-2.9779,2.9779
Cd,1,M1_Core,HuberRegressor,57.25,2.6632,54.5868,54.5868
Cd,1,M1_Core,HuberRegressor,-1.2144,3.6216,-4.836,4.836
Cd,1,M1_Core,HuberRegressor,-0.9637,-0.8572,-0.1064,0.1064
Cd,1,M1_Core,HuberRegressor,2.6978,9.1492,-6.4514,6.4514
Cd,1,M1_Core,HuberRegressor,3.2283,3.2017,0.0266,0.0266
Cd,1,M1_Core,HuberRegressor,84.8971,1.0503,83.8468,83.8468
Cd,1,M1_Core,ExtraTrees,-5.5505,0.8604,-6.4109,6.4109
Cd,1,M1_Core,ExtraTrees,-0.4032,4.5539,-4.9571,4.9571
Cd,1,M1_Core,ExtraTrees,57.25,5.2157,52.0343,52.0343
Cd,1,M1_Core,ExtraTrees,-1.2144,-0.6617,-0.5527,0.5527
Cd,1,M1_Core,ExtraTrees,-0.9637,-0.1037,-0.8599,0.8599
Cd,1,M1_Core,ExtraTrees,2.6978,8.5345,-5.8367,5.8367
Cd,1,M1_Core,ExtraTrees,3.2283,7.1511,-3.9228,3.9228
Cd,1,M1_Core,ExtraTrees,84.8971,4.0132,80.8839,80.8839
Cd,1,M7_TargetSpecific_Selected,Ridge,-5.5505,-27.3726,21.8221,21.8221
Cd,1,M7_TargetSpecific_Selected,Ridge,-0.4032,6.4419,-6.8451,6.8451
Cd,1,M7_TargetSpecific_Selected,Ridge,57.25,4.4999,52.7501,52.7501
Cd,1,M7_TargetSpecific_Selected,Ridge,-1.2144,5.5223,-6.7366,6.7366
Cd,1,M7_TargetSpecific_Selected,Ridge,-0.9637,-7.5404,6.5768,6.5768
Cd,1,M7_TargetSpecific_Selected,Ridge,2.6978,14.0607,-11.3629,11.3629
Cd,1,M7_TargetSpecific_Selected,Ridge,3.2283,11.3131,-8.0849,8.0849
Cd,1,M7_TargetSpecific_Selected,Ridge,84.8971,0.8635,84.0336,84.0336
Cd,1,M7_TargetSpecific_Selected,HuberRegressor,-5.5505,-26.124,20.5735,20.5735
Cd,1,M7_TargetSpecific_Selected,HuberRegressor,-0.4032,4.8538,-5.257,5.257
Cd,1,M7_TargetSpecific_Selected,HuberRegressor,57.25,2.1054,55.1446,55.1446
Cd,1,M7_TargetSpecific_Selected,HuberRegressor,-1.2144,6.4382,-7.6526,7.6526
Cd,1,M7_TargetSpecific_Selected,HuberRegressor,-0.9637,-6.4454,5.4817,5.4817
Cd,1,M7_TargetSpecific_Selected,HuberRegressor,2.6978,12.3675,-9.6697,9.6697
Cd,1,M7_TargetSpecific_Selected,HuberRegressor,3.2283,10.759,-7.5307,7.5307
Cd,1,M7_TargetSpecific_Selected,HuberRegressor,84.8971,-0.5837,85.4808,85.4808
Cd,1,M7_TargetSpecific_Selected,ExtraTrees,-5.5505,3.0818,-8.6323,8.6323
Cd,1,M7_TargetSpecific_Selected,ExtraTrees,-0.4032,4.6757,-5.0789,5.0789
Cd,1,M7_TargetSpecific_Selected,ExtraTrees,57.25,4.8442,52.4058,52.4058
Cd,1,M7_TargetSpecific_Selected,ExtraTrees,-1.2144,2.1593,-3.3737,3.3737
Cd,1,M7_TargetSpecific_Selected,ExtraTrees,-0.9637,0.3199,-1.2836,1.2836
Cd,1,M7_TargetSpecific_Selected,ExtraTrees,2.6978,10.3307,-7.6329,7.6329
Cd,1,M7_TargetSpecific_Selected,ExtraTrees,3.2283,7.9499,-4.7216,4.7216
Cd,1,M7_TargetSpecific_Selected,ExtraTrees,84.8971,2.2606,82.6365,82.6365
Cd,2,M1_Core,Ridge,-4.923,-28.8021,23.8791,23.8791
Cd,2,M1_Core,Ridge,18.2216,13.4383,4.7833,4.7833
Cd,2,M1_Core,Ridge,-4.506,-40.263,35.757,35.757
Cd,2,M1_Core,Ridge,-2.1725,-26.6449,24.4724,24.4724
Cd,2,M1_Core,Ridge,-3.7776,10.7405,-14.518,14.518
Cd,2,M1_Core,Ridge,-0.795,12.3609,-13.156,13.156
Cd,2,M1_Core,Ridge,6.9993,-17.9939,24.9933,24.9933
Cd,2,M1_Core,Ridge,15.0633,8.3446,6.7187,6.7187
Cd,2,M1_Core,HuberRegressor,-4.923,-12.3083,7.3854,7.3854
Cd,2,M1_Core,HuberRegressor,18.2216,5.5528,12.6688,12.6688
Cd,2,M1_Core,HuberRegressor,-4.506,-22.9272,18.4211,18.4211
Cd,2,M1_Core,HuberRegressor,-2.1725,-13.3424,11.1698,11.1698
Cd,2,M1_Core,HuberRegressor,-3.7776,4.6617,-8.4393,8.4393
Cd,2,M1_Core,HuberRegressor,-0.795,1.413,-2.208,2.208
Cd,2,M1_Core,HuberRegressor,6.9993,-0.4878,7.4872,7.4872
Cd,2,M1_Core,HuberRegressor,15.0633,3.4827,11.5806,11.5806
Cd,2,M1_Core,ExtraTrees,-4.923,-0.3301,-4.5929,4.5929
Cd,2,M1_Core,ExtraTrees,18.2216,13.4638,4.7578,4.7578
Cd,2,M1_Core,ExtraTrees,-4.506,-0.8378,-3.6682,3.6682
Cd,2,M1_Core,ExtraTrees,-2.1725,0.4213,-2.5938,2.5938
Cd,2,M1_Core,ExtraTrees,-3.7776,12.3104,-16.0879,16.0879
Cd,2,M1_Core,ExtraTrees,-0.795,1.1829,-1.9779,1.9779
Cd,2,M1_Core,ExtraTrees,6.9993,1.942,5.0574,5.0574
Cd,2,M1_Core,ExtraTrees,15.0633,6.8763,8.187,8.187
Cd,2,M7_TargetSpecific_Selected,Ridge,-4.923,-34.2244,29.3014,29.3014
Cd,2,M7_TargetSpecific_Selected,Ridge,18.2216,10.5663,7.6553,7.6553
Cd,2,M7_TargetSpecific_Selected,Ridge,-4.506,-41.0326,36.5266,36.5266
Cd,2,M7_TargetSpecific_Selected,Ridge,-2.1725,-24.4282,22.2557,22.2557
Cd,2,M7_TargetSpecific_Selected,Ridge,-3.7776,14.6748,-18.4524,18.4524
Cd,2,M7_TargetSpecific_Selected,Ridge,-0.795,13.5835,-14.3786,14.3786
Cd,2,M7_TargetSpecific_Selected,Ridge,6.9993,-16.2519,23.2513,23.2513
Cd,2,M7_TargetSpecific_Selected,Ridge,15.0633,6.7166,8.3467,8.3467
Cd,2,M7_TargetSpecific_Selected,HuberRegressor,-4.923,-11.2234,6.3005,6.3005
Cd,2,M7_TargetSpecific_Selected,HuberRegressor,18.2216,0.8208,17.4008,17.4008
Cd,2,M7_TargetSpecific_Selected,HuberRegressor,-4.506,-27.0116,22.5056,22.5056
Cd,2,M7_TargetSpecific_Selected,HuberRegressor,-2.1725,-20.1989,18.0263,18.0263
Cd,2,M7_TargetSpecific_Selected,HuberRegressor,-3.7776,5.9073,-9.6849,9.6849
Cd,2,M7_TargetSpecific_Selected,HuberRegressor,-0.795,3.8817,-4.6767,4.6767
Cd,2,M7_TargetSpecific_Selected,HuberRegressor,6.9993,-0.3296,7.3289,7.3289
Cd,2,M7_TargetSpecific_Selected,HuberRegressor,15.0633,2.1631,12.9002,12.9002
Cd,2,M7_TargetSpecific_Selected,ExtraTrees,-4.923,0.9302,-5.8532,5.8532
Cd,2,M7_TargetSpecific_Selected,ExtraTrees,18.2216,12.3162,5.9054,5.9054
Cd,2,M7_TargetSpecific_Selected,ExtraTrees,-4.506,-0.0542,-4.4518,4.4518
Cd,2,M7_TargetSpecific_Selected,ExtraTrees,-2.1725,2.8134,-4.9859,4.9859
Cd,2,M7_TargetSpecific_Selected,ExtraTrees,-3.7776,9.1748,-12.9524,12.9524
Cd,2,M7_TargetSpecific_Selected,ExtraTrees,-0.795,2.5733,-3.3683,3.3683
Cd,2,M7_TargetSpecific_Selected,ExtraTrees,6.9993,4.1487,2.8506,2.8506
Cd,2,M7_TargetSpecific_Selected,ExtraTrees,15.0633,5.9637,9.0996,9.0996
Cd,3,M1_Core,Ridge,-4.4467,7.6357,-12.0824,12.0824
Cd,3,M1_Core,Ridge,-0.4309,14.4944,-14.9253,14.9253
Cd,3,M1_Core,Ridge,-1.3315,7.6868,-9.0183,9.0183
Cd,3,M1_Core,Ridge,-4.3187,2.6414,-6.96,6.96
Cd,3,M1_Core,Ridge,2.4162,19.8897,-17.4734,17.4734
Cd,3,M1_Core,Ridge,-0.7323,17.8149,-18.5471,18.5471
Cd,3,M1_Core,Ridge,0.578,2.4227,-1.8448,1.8448
Cd,3,M1_Core,Ridge,-0.2305,1.6835,-1.914,1.914
Cd,3,M1_Core,HuberRegressor,-4.4467,3.9169,-8.3635,8.3635
Cd,3,M1_Core,HuberRegressor,-0.4309,3.2187,-3.6496,3.6496
Cd,3,M1_Core,HuberRegressor,-1.3315,7.7552,-9.0868,9.0868
Cd,3,M1_Core,HuberRegressor,-4.3187,0.4636,-4.7823,4.7823
Cd,3,M1_Core,HuberRegressor,2.4162,16.7175,-14.3013,14.3013
Cd,3,M1_Core,HuberRegressor,-0.7323,11.4421,-12.1744,12.1744
Cd,3,M1_Core,HuberRegressor,0.578,7.3135,-6.7356,6.7356
Cd,3,M1_Core,HuberRegressor,-0.2305,4.0644,-4.2949,4.2949
Cd,3,M1_Core,ExtraTrees,-4.4467,0.7213,-5.168,5.168
Cd,3,M1_Core,ExtraTrees,-0.4309,5.6673,-6.0983,6.0983
Cd,3,M1_Core,ExtraTrees,-1.3315,14.535,-15.8665,15.8665
Cd,3,M1_Core,ExtraTrees,-4.3187,8.5071,-12.8258,12.8258
Cd,3,M1_Core,ExtraTrees,2.4162,16.8986,-14.4824,14.4824
Cd,3,M1_Core,ExtraTrees,-0.7323,21.4659,-22.1982,22.1982
Cd,3,M1_Core,ExtraTrees,0.578,7.9834,-7.4055,7.4055
Cd,3,M1_Core,ExtraTrees,-0.2305,2.3292,-2.5597,2.5597
Cd,3,M7_TargetSpecific_Selected,Ridge,-4.4467,6.6403,-11.087,11.087
Cd,3,M7_TargetSpecific_Selected,Ridge,-0.4309,12.498,-12.9289,12.9289
Cd,3,M7_TargetSpecific_Selected,Ridge,-1.3315,7.7699,-9.1014,9.1014
Cd,3,M7_TargetSpecific_Selected,Ridge,-4.3187,-2.7385,-1.5802,1.5802
Cd,3,M7_TargetSpecific_Selected,Ridge,2.4162,18.4327,-16.0165,16.0165
Cd,3,M7_TargetSpecific_Selected,Ridge,-0.7323,19.6815,-20.4138,20.4138
Cd,3,M7_TargetSpecific_Selected,Ridge,0.578,3.6704,-3.0924,3.0924
Cd,3,M7_TargetSpecific_Selected,Ridge,-0.2305,3.2355,-3.4661,3.4661
Cd,3,M7_TargetSpecific_Selected,HuberRegressor,-4.4467,5.1716,-9.6183,9.6183
Cd,3,M7_TargetSpecific_Selected,HuberRegressor,-0.4309,4.3315,-4.7624,4.7624
Cd,3,M7_TargetSpecific_Selected,HuberRegressor,-1.3315,5.0809,-6.4124,6.4124
Cd,3,M7_TargetSpecific_Selected,HuberRegressor,-4.3187,6.5523,-10.871,10.871
Cd,3,M7_TargetSpecific_Selected,HuberRegressor,2.4162,18.0606,-15.6443,15.6443
Cd,3,M7_TargetSpecific_Selected,HuberRegressor,-0.7323,7.5711,-8.3034,8.3034
Cd,3,M7_TargetSpecific_Selected,HuberRegressor,0.578,8.021,-7.4431,7.4431
Cd,3,M7_TargetSpecific_Selected,HuberRegressor,-0.2305,3.108,-3.3385,3.3385
Cd,3,M7_TargetSpecific_Selected,ExtraTrees,-4.4467,7.2808,-11.7274,11.7274
Cd,3,M7_TargetSpecific_Selected,ExtraTrees,-0.4309,24.7066,-25.1375,25.1375
Cd,3,M7_TargetSpecific_Selected,ExtraTrees,-1.3315,10.2464,-11.5779,11.5779
Cd,3,M7_TargetSpecific_Selected,ExtraTrees,-4.3187,7.1782,-11.4969,11.4969
Cd,3,M7_TargetSpecific_Selected,ExtraTrees,2.4162,17.0741,-14.6578,14.6578
Cd,3,M7_TargetSpecific_Selected,ExtraTrees,-0.7323,16.5025,-17.2348,17.2348
Cd,3,M7_TargetSpecific_Selected,ExtraTrees,0.578,13.0555,-12.4775,12.4775
Cd,3,M7_TargetSpecific_Selected,ExtraTrees,-0.2305,7.0603,-7.2908,7.2908
Cd,4,M1_Core,Ridge,6.1732,11.8749,-5.7017,5.7017
Cd,4,M1_Core,Ridge,11.8254,9.1222,2.7033,2.7033
Cd,4,M1_Core,Ridge,31.6996,8.7527,22.9469,22.9469
Cd,4,M1_Core,Ridge,-0.963,12.1331,-13.096,13.096
Cd,4,M1_Core,Ridge,3.0145,9.5916,-6.577,6.577
Cd,4,M1_Core,Ridge,9.4817,9.1065,0.3753,0.3753
Cd,4,M1_Core,Ridge,19.7136,15.5935,4.1201,4.1201
Cd,4,M1_Core,Ridge,31.596,8.9019,22.6941,22.6941
Cd,4,M1_Core,HuberRegressor,6.1732,0.7606,5.4126,5.4126
Cd,4,M1_Core,HuberRegressor,11.8254,1.7557,10.0697,10.0697
Cd,4,M1_Core,HuberRegressor,31.6996,0.7906,30.9089,30.9089
Cd,4,M1_Core,HuberRegressor,-0.963,0.3044,-1.2674,1.2674
Cd,4,M1_Core,HuberRegressor,3.0145,0.134,2.8805,2.8805
Cd,4,M1_Core,HuberRegressor,9.4817,-0.8461,10.3278,10.3278
Cd,4,M1_Core,HuberRegressor,19.7136,2.309,17.4046,17.4046
Cd,4,M1_Core,HuberRegressor,31.596,1.8306,29.7654,29.7654
Cd,4,M1_Core,ExtraTrees,6.1732,10.9235,-4.7502,4.7502
Cd,4,M1_Core,ExtraTrees,11.8254,4.934,6.8914,6.8914
Cd,4,M1_Core,ExtraTrees,31.6996,11.7353,19.9643,19.9643
Cd,4,M1_Core,ExtraTrees,-0.963,16.0661,-17.029,17.029
Cd,4,M1_Core,ExtraTrees,3.0145,10.7337,-7.7192,7.7192
Cd,4,M1_Core,ExtraTrees,9.4817,2.4059,7.0758,7.0758
Cd,4,M1_Core,ExtraTrees,19.7136,19.2535,0.4602,0.4602
Cd,4,M1_Core,ExtraTrees,31.596,0.8884,30.7076,30.7076
Cd,4,M7_TargetSpecific_Selected,Ridge,6.1732,14.7626,-8.5894,8.5894
Cd,4,M7_TargetSpecific_Selected,Ridge,11.8254,1.4822,10.3432,10.3432
Cd,4,M7_TargetSpecific_Selected,Ridge,31.6996,1.8933,29.8063,29.8063
Cd,4,M7_TargetSpecific_Selected,Ridge,-0.963,17.8774,-18.8404,18.8404
Cd,4,M7_TargetSpecific_Selected,Ridge,3.0145,12.8,-9.7855,9.7855
Cd,4,M7_TargetSpecific_Selected,Ridge,9.4817,8.6148,0.8669,0.8669
Cd,4,M7_TargetSpecific_Selected,Ridge,19.7136,12.5497,7.1639,7.1639
Cd,4,M7_TargetSpecific_Selected,Ridge,31.596,11.8307,19.7653,19.7653
Cd,4,M7_TargetSpecific_Selected,HuberRegressor,6.1732,1.5577,4.6156,4.6156
Cd,4,M7_TargetSpecific_Selected,HuberRegressor,11.8254,-0.0425,11.8679,11.8679
Cd,4,M7_TargetSpecific_Selected,HuberRegressor,31.6996,3.0061,28.6935,28.6935
Cd,4,M7_TargetSpecific_Selected,HuberRegressor,-0.963,2.7174,-3.6804,3.6804
Cd,4,M7_TargetSpecific_Selected,HuberRegressor,3.0145,3.3948,-0.3803,0.3803
Cd,4,M7_TargetSpecific_Selected,HuberRegressor,9.4817,1.8617,7.62,7.62
Cd,4,M7_TargetSpecific_Selected,HuberRegressor,19.7136,0.9554,18.7582,18.7582
Cd,4,M7_TargetSpecific_Selected,HuberRegressor,31.596,1.4961,30.0999,30.0999
Cd,4,M7_TargetSpecific_Selected,ExtraTrees,6.1732,11.4938,-5.3205,5.3205
Cd,4,M7_TargetSpecific_Selected,ExtraTrees,11.8254,0.7373,11.0882,11.0882
Cd,4,M7_TargetSpecific_Selected,ExtraTrees,31.6996,8.833,22.8666,22.8666
Cd,4,M7_TargetSpecific_Selected,ExtraTrees,-0.963,11.3237,-12.2866,12.2866
Cd,4,M7_TargetSpecific_Selected,ExtraTrees,3.0145,12.0072,-8.9927,8.9927
Cd,4,M7_TargetSpecific_Selected,ExtraTrees,9.4817,0.3006,9.1811,9.1811
Cd,4,M7_TargetSpecific_Selected,ExtraTrees,19.7136,13.3578,6.3558,6.3558
Cd,4,M7_TargetSpecific_Selected,ExtraTrees,31.596,3.6684,27.9276,27.9276
Cd,5,M1_Core,Ridge,-4.923,-15.1922,10.2692,10.2692
Cd,5,M1_Core,Ridge,-3.9034,14.9909,-18.8942,18.8942
Cd,5,M1_Core,Ridge,11.8254,10.071,1.7544,1.7544
Cd,5,M1_Core,Ridge,-0.963,13.436,-14.399,14.399
Cd,5,M1_Core,Ridge,9.4817,8.6836,0.7981,0.7981
Cd,5,M1_Core,Ridge,0.8552,33.296,-32.4407,32.4407
Cd,5,M1_Core,Ridge,-0.7323,18.6739,-19.4062,19.4062
Cd,5,M1_Core,Ridge,15.0633,5.6668,9.3965,9.3965
Cd,5,M1_Core,HuberRegressor,-4.923,-4.3169,-0.6061,0.6061
Cd,5,M1_Core,HuberRegressor,-3.9034,1.7172,-5.6206,5.6206
Cd,5,M1_Core,HuberRegressor,11.8254,4.8463,6.9791,6.9791
Cd,5,M1_Core,HuberRegressor,-0.963,3.7404,-4.7034,4.7034
Cd,5,M1_Core,HuberRegressor,9.4817,0.8088,8.6729,8.6729
Cd,5,M1_Core,HuberRegressor,0.8552,6.7752,-5.92,5.92
Cd,5,M1_Core,HuberRegressor,-0.7323,6.628,-7.3603,7.3603
Cd,5,M1_Core,HuberRegressor,15.0633,1.8281,13.2352,13.2352
Cd,5,M1_Core,ExtraTrees,-4.923,0.0975,-5.0205,5.0205
Cd,5,M1_Core,ExtraTrees,-3.9034,1.7195,-5.6229,5.6229
Cd,5,M1_Core,ExtraTrees,11.8254,8.5343,3.2911,3.2911
Cd,5,M1_Core,ExtraTrees,-0.963,14.6335,-15.5964,15.5964
Cd,5,M1_Core,ExtraTrees,9.4817,1.8634,7.6183,7.6183
Cd,5,M1_Core,ExtraTrees,0.8552,15.1584,-14.3032,14.3032
Cd,5,M1_Core,ExtraTrees,-0.7323,12.5133,-13.2455,13.2455
Cd,5,M1_Core,ExtraTrees,15.0633,5.0998,9.9634,9.9634
Cd,5,M7_TargetSpecific_Selected,Ridge,-4.923,-20.4473,15.5243,15.5243
Cd,5,M7_TargetSpecific_Selected,Ridge,-3.9034,19.271,-23.1744,23.1744
Cd,5,M7_TargetSpecific_Selected,Ridge,11.8254,0.5385,11.2869,11.2869
Cd,5,M7_TargetSpecific_Selected,Ridge,-0.963,17.8526,-18.8155,18.8155
Cd,5,M7_TargetSpecific_Selected,Ridge,9.4817,8.4852,0.9965,0.9965
Cd,5,M7_TargetSpecific_Selected,Ridge,0.8552,37.3089,-36.4536,36.4536
Cd,5,M7_TargetSpecific_Selected,Ridge,-0.7323,20.4134,-21.1457,21.1457
Cd,5,M7_TargetSpecific_Selected,Ridge,15.0633,9.5447,5.5186,5.5186
Cd,5,M7_TargetSpecific_Selected,HuberRegressor,-4.923,-1.2484,-3.6746,3.6746
Cd,5,M7_TargetSpecific_Selected,HuberRegressor,-3.9034,5.0868,-8.9902,8.9902
Cd,5,M7_TargetSpecific_Selected,HuberRegressor,11.8254,2.5495,9.2759,9.2759
Cd,5,M7_TargetSpecific_Selected,HuberRegressor,-0.963,4.5836,-5.5466,5.5466
Cd,5,M7_TargetSpecific_Selected,HuberRegressor,9.4817,1.8808,7.6009,7.6009
Cd,5,M7_TargetSpecific_Selected,HuberRegressor,0.8552,36.2804,-35.4252,35.4252
Cd,5,M7_TargetSpecific_Selected,HuberRegressor,-0.7323,7.8163,-8.5486,8.5486
Cd,5,M7_TargetSpecific_Selected,HuberRegressor,15.0633,3.9544,11.1089,11.1089
Cd,5,M7_TargetSpecific_Selected,ExtraTrees,-4.923,2.3911,-7.3141,7.3141
Cd,5,M7_TargetSpecific_Selected,ExtraTrees,-3.9034,5.8684,-9.7718,9.7718
Cd,5,M7_TargetSpecific_Selected,ExtraTrees,11.8254,4.3543,7.4711,7.4711
Cd,5,M7_TargetSpecific_Selected,ExtraTrees,-0.963,7.7315,-8.6945,8.6945
Cd,5,M7_TargetSpecific_Selected,ExtraTrees,9.4817,1.6181,7.8636,7.8636
Cd,5,M7_TargetSpecific_Selected,ExtraTrees,0.8552,31.1539,-30.2986,30.2986
Cd,5,M7_TargetSpecific_Selected,ExtraTrees,-0.7323,7.3294,-8.0617,8.0617
Cd,5,M7_TargetSpecific_Selected,ExtraTrees,15.0633,4.5829,10.4803,10.4803
Cd,6,M1_Core,Ridge,-4.506,-18.0369,13.5308,13.5308
Cd,6,M1_Core,Ridge,57.25,12.5082,44.7418,44.7418
Cd,6,M1_Core,Ridge,-3.6492,9.7687,-13.4179,13.4179
Cd,6,M1_Core,Ridge,14.3602,5.8854,8.4748,8.4748
Cd,6,M1_Core,Ridge,-1.3315,6.8057,-8.1372,8.1372
Cd,6,M1_Core,Ridge,-4.3187,1.5649,-5.8836,5.8836
Cd,6,M1_Core,Ridge,2.4162,20.0703,-17.6541,17.6541
Cd,6,M1_Core,Ridge,2.6978,17.8429,-15.1451,15.1451
Cd,6,M1_Core,HuberRegressor,-4.506,-17.0142,12.5082,12.5082
Cd,6,M1_Core,HuberRegressor,57.25,4.7132,52.5368,52.5368
Cd,6,M1_Core,HuberRegressor,-3.6492,3.6468,-7.296,7.296
Cd,6,M1_Core,HuberRegressor,14.3602,1.8915,12.4687,12.4687
Cd,6,M1_Core,HuberRegressor,-1.3315,2.774,-4.1056,4.1056
Cd,6,M1_Core,HuberRegressor,-4.3187,0.1655,-4.4842,4.4842
Cd,6,M1_Core,HuberRegressor,2.4162,13.0585,-10.6423,10.6423
Cd,6,M1_Core,HuberRegressor,2.6978,14.0653,-11.3675,11.3675
Cd,6,M1_Core,ExtraTrees,-4.506,-1.1986,-3.3074,3.3074
Cd,6,M1_Core,ExtraTrees,57.25,9.6433,47.6067,47.6067
Cd,6,M1_Core,ExtraTrees,-3.6492,10.1962,-13.8454,13.8454
Cd,6,M1_Core,ExtraTrees,14.3602,-1.6932,16.0534,16.0534
Cd,6,M1_Core,ExtraTrees,-1.3315,5.9128,-7.2443,7.2443
Cd,6,M1_Core,ExtraTrees,-4.3187,7.4631,-11.7818,11.7818
Cd,6,M1_Core,ExtraTrees,2.4162,12.6677,-10.2515,10.2515
Cd,6,M1_Core,ExtraTrees,2.6978,12.2643,-9.5665,9.5665
Cd,6,M7_TargetSpecific_Selected,Ridge,-4.506,-17.5208,13.0148,13.0148
Cd,6,M7_TargetSpecific_Selected,Ridge,57.25,18.0045,39.2455,39.2455
Cd,6,M7_TargetSpecific_Selected,Ridge,-3.6492,21.9153,-25.5645,25.5645
Cd,6,M7_TargetSpecific_Selected,Ridge,14.3602,7.0724,7.2878,7.2878
Cd,6,M7_TargetSpecific_Selected,Ridge,-1.3315,5.5114,-6.8429,6.8429
Cd,6,M7_TargetSpecific_Selected,Ridge,-4.3187,-0.4948,-3.8239,3.8239
Cd,6,M7_TargetSpecific_Selected,Ridge,2.4162,21.2049,-18.7887,18.7887
Cd,6,M7_TargetSpecific_Selected,Ridge,2.6978,17.5032,-14.8054,14.8054
Cd,6,M7_TargetSpecific_Selected,HuberRegressor,-4.506,-34.4502,29.9441,29.9441
Cd,6,M7_TargetSpecific_Selected,HuberRegressor,57.25,12.2453,45.0047,45.0047
Cd,6,M7_TargetSpecific_Selected,HuberRegressor,-3.6492,30.4691,-34.1183,34.1183
Cd,6,M7_TargetSpecific_Selected,HuberRegressor,14.3602,-3.6916,18.0518,18.0518
Cd,6,M7_TargetSpecific_Selected,HuberRegressor,-1.3315,1.4812,-2.8127,2.8127
Cd,6,M7_TargetSpecific_Selected,HuberRegressor,-4.3187,9.8885,-14.2072,14.2072
Cd,6,M7_TargetSpecific_Selected,HuberRegressor,2.4162,30.7869,-28.3707,28.3707
Cd,6,M7_TargetSpecific_Selected,HuberRegressor,2.6978,31.545,-28.8472,28.8472
Cd,6,M7_TargetSpecific_Selected,ExtraTrees,-4.506,-0.2241,-4.282,4.282
Cd,6,M7_TargetSpecific_Selected,ExtraTrees,57.25,9.0446,48.2054,48.2054
Cd,6,M7_TargetSpecific_Selected,ExtraTrees,-3.6492,12.8383,-16.4875,16.4875
Cd,6,M7_TargetSpecific_Selected,ExtraTrees,14.3602,-0.1262,14.4864,14.4864
Cd,6,M7_TargetSpecific_Selected,ExtraTrees,-1.3315,7.3893,-8.7208,8.7208
Cd,6,M7_TargetSpecific_Selected,ExtraTrees,-4.3187,11.7097,-16.0284,16.0284
Cd,6,M7_TargetSpecific_Selected,ExtraTrees,2.4162,19.1668,-16.7506,16.7506
Cd,6,M7_TargetSpecific_Selected,ExtraTrees,2.6978,19.043,-16.3452,16.3452
Cd,7,M1_Core,Ridge,-4.4467,6.3602,-10.8068,10.8068
Cd,7,M1_Core,Ridge,3.7079,11.5105,-7.8026,7.8026
Cd,7,M1_Core,Ridge,19.7136,17.8297,1.8839,1.8839
Cd,7,M1_Core,Ridge,6.9993,-23.3106,30.3099,30.3099
Cd,7,M1_Core,Ridge,3.2283,10.8767,-7.6484,7.6484
Cd,7,M1_Core,Ridge,0.578,-5.8373,6.4153,6.4153
Cd,7,M1_Core,Ridge,-0.2305,-9.3145,9.084,9.084
Cd,7,M1_Core,Ridge,9.3829,-3.9687,13.3516,13.3516
Cd,7,M1_Core,HuberRegressor,-4.4467,2.5214,-6.9681,6.9681
Cd,7,M1_Core,HuberRegressor,3.7079,3.9078,-0.1999,0.1999
Cd,7,M1_Core,HuberRegressor,19.7136,4.4361,15.2775,15.2775
Cd,7,M1_Core,HuberRegressor,6.9993,-1.5333,8.5326,8.5326
Cd,7,M1_Core,HuberRegressor,3.2283,3.9862,-0.758,0.758
Cd,7,M1_Core,HuberRegressor,0.578,-1.4543,2.0322,2.0322
Cd,7,M1_Core,HuberRegressor,-0.2305,-0.6983,0.4678,0.4678
Cd,7,M1_Core,HuberRegressor,9.3829,-0.0366,9.4195,9.4195
Cd,7,M1_Core,ExtraTrees,-4.4467,2.4627,-6.9094,6.9094
Cd,7,M1_Core,ExtraTrees,3.7079,10.5047,-6.7968,6.7968
Cd,7,M1_Core,ExtraTrees,19.7136,28.3464,-8.6328,8.6328
Cd,7,M1_Core,ExtraTrees,6.9993,3.7797,3.2196,3.2196
Cd,7,M1_Core,ExtraTrees,3.2283,10.5825,-7.3542,7.3542
Cd,7,M1_Core,ExtraTrees,0.578,4.9416,-4.3636,4.3636
Cd,7,M1_Core,ExtraTrees,-0.2305,1.5216,-1.7521,1.7521
Cd,7,M1_Core,ExtraTrees,9.3829,4.0793,5.3035,5.3035
Cd,7,M7_TargetSpecific_Selected,Ridge,-4.4467,7.1776,-11.6243,11.6243
Cd,7,M7_TargetSpecific_Selected,Ridge,3.7079,13.3566,-9.6487,9.6487
Cd,7,M7_TargetSpecific_Selected,Ridge,19.7136,16.4829,3.2307,3.2307
Cd,7,M7_TargetSpecific_Selected,Ridge,6.9993,-20.9137,27.913,27.913
Cd,7,M7_TargetSpecific_Selected,Ridge,3.2283,14.1996,-10.9713,10.9713
Cd,7,M7_TargetSpecific_Selected,Ridge,0.578,-4.7743,5.3522,5.3522
Cd,7,M7_TargetSpecific_Selected,Ridge,-0.2305,-6.9794,6.7489,6.7489
Cd,7,M7_TargetSpecific_Selected,Ridge,9.3829,-2.6116,11.9945,11.9945
Cd,7,M7_TargetSpecific_Selected,HuberRegressor,-4.4467,5.0218,-9.4685,9.4685
Cd,7,M7_TargetSpecific_Selected,HuberRegressor,3.7079,7.1413,-3.4334,3.4334
Cd,7,M7_TargetSpecific_Selected,HuberRegressor,19.7136,3.0166,16.697,16.697
Cd,7,M7_TargetSpecific_Selected,HuberRegressor,6.9993,-1.1085,8.1078,8.1078
Cd,7,M7_TargetSpecific_Selected,HuberRegressor,3.2283,9.7846,-6.5563,6.5563
Cd,7,M7_TargetSpecific_Selected,HuberRegressor,0.578,-5.6664,6.2444,6.2444
Cd,7,M7_TargetSpecific_Selected,HuberRegressor,-0.2305,-3.5704,3.3398,3.3398
Cd,7,M7_TargetSpecific_Selected,HuberRegressor,9.3829,-3.2357,12.6185,12.6185
Cd,7,M7_TargetSpecific_Selected,ExtraTrees,-4.4467,8.8058,-13.2524,13.2524
Cd,7,M7_TargetSpecific_Selected,ExtraTrees,3.7079,10.3856,-6.6777,6.6777
Cd,7,M7_TargetSpecific_Selected,ExtraTrees,19.7136,34.3968,-14.6832,14.6832
Cd,7,M7_TargetSpecific_Selected,ExtraTrees,6.9993,8.431,-1.4316,1.4316
Cd,7,M7_TargetSpecific_Selected,ExtraTrees,3.2283,13.8006,-10.5723,10.5723
Cd,7,M7_TargetSpecific_Selected,ExtraTrees,0.578,13.1195,-12.5415,12.5415
Cd,7,M7_TargetSpecific_Selected,ExtraTrees,-0.2305,4.1791,-4.4096,4.4096
Cd,7,M7_TargetSpecific_Selected,ExtraTrees,9.3829,8.068,1.3148,1.3148
Cd,8,M1_Core,Ridge,18.2216,10.4186,7.803,7.803
Cd,8,M1_Core,Ridge,-5.5505,8.947,-14.4975,14.4975
Cd,8,M1_Core,Ridge,6.1732,12.8136,-6.6404,6.6404
Cd,8,M1_Core,Ridge,-2.1725,-6.1876,4.015,4.015
Cd,8,M1_Core,Ridge,31.6996,8.6452,23.0543,23.0543
Cd,8,M1_Core,Ridge,-5.1799,7.7472,-12.9271,12.9271
Cd,8,M1_Core,Ridge,3.0145,11.044,-8.0295,8.0295
Cd,8,M1_Core,Ridge,-4.2972,10.1927,-14.4899,14.4899
Cd,8,M1_Core,HuberRegressor,18.2216,3.4714,14.7502,14.7502
Cd,8,M1_Core,HuberRegressor,-5.5505,-1.0424,-4.5081,4.5081
Cd,8,M1_Core,HuberRegressor,6.1732,3.7978,2.3755,2.3755
Cd,8,M1_Core,HuberRegressor,-2.1725,-3.8076,1.6351,1.6351
Cd,8,M1_Core,HuberRegressor,31.6996,3.3532,28.3464,28.3464
Cd,8,M1_Core,HuberRegressor,-5.1799,2.5972,-7.7771,7.7771
Cd,8,M1_Core,HuberRegressor,3.0145,3.2576,-0.2431,0.2431
Cd,8,M1_Core,HuberRegressor,-4.2972,2.0232,-6.3204,6.3204
Cd,8,M1_Core,ExtraTrees,18.2216,8.7264,9.4953,9.4953
Cd,8,M1_Core,ExtraTrees,-5.5505,0.9622,-6.5127,6.5127
Cd,8,M1_Core,ExtraTrees,6.1732,12.3365,-6.1633,6.1633
Cd,8,M1_Core,ExtraTrees,-2.1725,-3.1281,0.9556,0.9556
Cd,8,M1_Core,ExtraTrees,31.6996,7.7619,23.9376,23.9376
Cd,8,M1_Core,ExtraTrees,-5.1799,8.6965,-13.8764,13.8764
Cd,8,M1_Core,ExtraTrees,3.0145,9.7244,-6.7099,6.7099
Cd,8,M1_Core,ExtraTrees,-4.2972,2.4785,-6.7758,6.7758
Cd,8,M7_TargetSpecific_Selected,Ridge,18.2216,4.6854,13.5363,13.5363
Cd,8,M7_TargetSpecific_Selected,Ridge,-5.5505,-5.649,0.0985,0.0985
Cd,8,M7_TargetSpecific_Selected,Ridge,6.1732,15.7638,-9.5905,9.5905
Cd,8,M7_TargetSpecific_Selected,Ridge,-2.1725,-4.0232,1.8507,1.8507
Cd,8,M7_TargetSpecific_Selected,Ridge,31.6996,-0.5229,32.2225,32.2225
Cd,8,M7_TargetSpecific_Selected,Ridge,-5.1799,9.9629,-15.1428,15.1428
Cd,8,M7_TargetSpecific_Selected,Ridge,3.0145,11.5362,-8.5217,8.5217
Cd,8,M7_TargetSpecific_Selected,Ridge,-4.2972,18.5772,-22.8744,22.8744
Cd,8,M7_TargetSpecific_Selected,HuberRegressor,18.2216,-1.5454,19.767,19.767
Cd,8,M7_TargetSpecific_Selected,HuberRegressor,-5.5505,0.21,-5.7604,5.7604
Cd,8,M7_TargetSpecific_Selected,HuberRegressor,6.1732,12.3365,-6.1633,6.1633
Cd,8,M7_TargetSpecific_Selected,HuberRegressor,-2.1725,-2.5093,0.3368,0.3368
Cd,8,M7_TargetSpecific_Selected,HuberRegressor,31.6996,-5.2742,36.9737,36.9737
Cd,8,M7_TargetSpecific_Selected,HuberRegressor,-5.1799,12.8586,-18.0385,18.0385
Cd,8,M7_TargetSpecific_Selected,HuberRegressor,3.0145,10.8245,-7.81,7.81
Cd,8,M7_TargetSpecific_Selected,HuberRegressor,-4.2972,15.3095,-19.6068,19.6068
Cd,8,M7_TargetSpecific_Selected,ExtraTrees,18.2216,6.7291,11.4926,11.4926
Cd,8,M7_TargetSpecific_Selected,ExtraTrees,-5.5505,0.9018,-6.4523,6.4523
Cd,8,M7_TargetSpecific_Selected,ExtraTrees,6.1732,10.6211,-4.4478,4.4478
Cd,8,M7_TargetSpecific_Selected,ExtraTrees,-2.1725,-1.6169,-0.5557,0.5557
Cd,8,M7_TargetSpecific_Selected,ExtraTrees,31.6996,7.7256,23.9739,23.9739
Cd,8,M7_TargetSpecific_Selected,ExtraTrees,-5.1799,5.4449,-10.6248,10.6248
Cd,8,M7_TargetSpecific_Selected,ExtraTrees,3.0145,10.2798,-7.2653,7.2653
Cd,8,M7_TargetSpecific_Selected,ExtraTrees,-4.2972,1.8218,-6.1191,6.1191
Cd,9,M1_Core,Ridge,-0.4309,11.0334,-11.4643,11.4643
Cd,9,M1_Core,Ridge,-0.4032,8.62,-9.0232,9.0232
Cd,9,M1_Core,Ridge,-1.2144,6.1898,-7.4042,7.4042
Cd,9,M1_Core,Ridge,-3.7776,8.0719,-11.8495,11.8495
Cd,9,M1_Core,Ridge,-0.795,5.169,-5.9641,5.9641
Cd,9,M1_Core,Ridge,-0.9637,-2.8288,1.8651,1.8651
Cd,9,M1_Core,Ridge,31.596,7.1025,24.4935,24.4935
Cd,9,M1_Core,Ridge,84.8971,8.7495,76.1476,76.1476
Cd,9,M1_Core,HuberRegressor,-0.4309,5.5833,-6.0142,6.0142
Cd,9,M1_Core,HuberRegressor,-0.4032,3.5717,-3.9749,3.9749
Cd,9,M1_Core,HuberRegressor,-1.2144,5.46,-6.6744,6.6744
Cd,9,M1_Core,HuberRegressor,-3.7776,4.4468,-8.2244,8.2244
Cd,9,M1_Core,HuberRegressor,-0.795,0.7064,-1.5015,1.5015
Cd,9,M1_Core,HuberRegressor,-0.9637,-0.1087,-0.8549,0.8549
Cd,9,M1_Core,HuberRegressor,31.596,4.2263,27.3697,27.3697
Cd,9,M1_Core,HuberRegressor,84.8971,1.934,82.9631,82.9631
Cd,9,M1_Core,ExtraTrees,-0.4309,-2.7445,2.3135,2.3135
Cd,9,M1_Core,ExtraTrees,-0.4032,3.9474,-4.3506,4.3506
Cd,9,M1_Core,ExtraTrees,-1.2144,-3.7281,2.5137,2.5137
Cd,9,M1_Core,ExtraTrees,-3.7776,4.8492,-8.6268,8.6268
Cd,9,M1_Core,ExtraTrees,-0.795,2.7161,-3.5111,3.5111
Cd,9,M1_Core,ExtraTrees,-0.9637,0.9785,-1.9422,1.9422
Cd,9,M1_Core,ExtraTrees,31.596,4.8926,26.7034,26.7034
Cd,9,M1_Core,ExtraTrees,84.8971,9.3956,75.5015,75.5015
Cd,9,M7_TargetSpecific_Selected,Ridge,-0.4309,6.531,-6.9619,6.9619
Cd,9,M7_TargetSpecific_Selected,Ridge,-0.4032,8.8769,-9.2801,9.2801
Cd,9,M7_TargetSpecific_Selected,Ridge,-1.2144,2.6706,-3.885,3.885
Cd,9,M7_TargetSpecific_Selected,Ridge,-3.7776,7.2205,-10.998,10.998
Cd,9,M7_TargetSpecific_Selected,Ridge,-0.795,3.2872,-4.0822,4.0822
Cd,9,M7_TargetSpecific_Selected,Ridge,-0.9637,-0.6659,-0.2977,0.2977
Cd,9,M7_TargetSpecific_Selected,Ridge,31.596,8.2626,23.3334,23.3334
Cd,9,M7_TargetSpecific_Selected,Ridge,84.8971,7.4084,77.4887,77.4887
Cd,9,M7_TargetSpecific_Selected,HuberRegressor,-0.4309,4.6173,-5.0482,5.0482
Cd,9,M7_TargetSpecific_Selected,HuberRegressor,-0.4032,3.9734,-4.3765,4.3765
Cd,9,M7_TargetSpecific_Selected,HuberRegressor,-1.2144,3.5723,-4.7867,4.7867
Cd,9,M7_TargetSpecific_Selected,HuberRegressor,-3.7776,4.0365,-7.8141,7.8141
Cd,9,M7_TargetSpecific_Selected,HuberRegressor,-0.795,-6.0439,5.2488,5.2488
Cd,9,M7_TargetSpecific_Selected,HuberRegressor,-0.9637,-1.9539,0.9902,0.9902
Cd,9,M7_TargetSpecific_Selected,HuberRegressor,31.596,3.2382,28.3578,28.3578
Cd,9,M7_TargetSpecific_Selected,HuberRegressor,84.8971,-4.01,88.9071,88.9071
Cd,9,M7_TargetSpecific_Selected,ExtraTrees,-0.4309,-1.5087,1.0778,1.0778
Cd,9,M7_TargetSpecific_Selected,ExtraTrees,-0.4032,2.5662,-2.9694,2.9694
Cd,9,M7_TargetSpecific_Selected,ExtraTrees,-1.2144,-1.5516,0.3372,0.3372
Cd,9,M7_TargetSpecific_Selected,ExtraTrees,-3.7776,5.0468,-8.8244,8.8244
Cd,9,M7_TargetSpecific_Selected,ExtraTrees,-0.795,3.9964,-4.7915,4.7915
Cd,9,M7_TargetSpecific_Selected,ExtraTrees,-0.9637,1.033,-1.9967,1.9967
Cd,9,M7_TargetSpecific_Selected,ExtraTrees,31.596,4.9941,26.6019,26.6019
Cd,9,M7_TargetSpecific_Selected,ExtraTrees,84.8971,5.6786,79.2185,79.2185
Cd,10,M1_Core,Ridge,18.2216,10.0107,8.2109,8.2109
Cd,10,M1_Core,Ridge,-0.4309,9.2557,-9.6866,9.6866
Cd,10,M1_Core,Ridge,-4.506,-12.3253,7.8192,7.8192
Cd,10,M1_Core,Ridge,57.25,12.7498,44.5002,44.5002
Cd,10,M1_Core,Ridge,3.7079,8.7273,-5.0194,5.0194
Cd,10,M1_Core,Ridge,-0.963,11.1117,-12.0747,12.0747
Cd,10,M1_Core,Ridge,0.578,0.8413,-0.2633,0.2633
Cd,10,M1_Core,Ridge,9.3829,1.8563,7.5265,7.5265
Cd,10,M1_Core,HuberRegressor,18.2216,4.4404,13.7813,13.7813
Cd,10,M1_Core,HuberRegressor,-0.4309,1.7314,-2.1624,2.1624
Cd,10,M1_Core,HuberRegressor,-4.506,-12.3109,7.8048,7.8048
Cd,10,M1_Core,HuberRegressor,57.25,3.2407,54.0093,54.0093
Cd,10,M1_Core,HuberRegressor,3.7079,2.7864,0.9215,0.9215
Cd,10,M1_Core,HuberRegressor,-0.963,3.2376,-4.2006,4.2006
Cd,10,M1_Core,HuberRegressor,0.578,0.7768,-0.1989,0.1989
Cd,10,M1_Core,HuberRegressor,9.3829,1.7375,7.6453,7.6453
Cd,10,M1_Core,ExtraTrees,18.2216,10.8685,7.3532,7.3532
Cd,10,M1_Core,ExtraTrees,-0.4309,13.3283,-13.7592,13.7592
Cd,10,M1_Core,ExtraTrees,-4.506,-0.9871,-3.519,3.519
Cd,10,M1_Core,ExtraTrees,57.25,7.8755,49.3745,49.3745
Cd,10,M1_Core,ExtraTrees,3.7079,8.4327,-4.7248,4.7248
Cd,10,M1_Core,ExtraTrees,-0.963,11.3698,-12.3328,12.3328
Cd,10,M1_Core,ExtraTrees,0.578,4.7201,-4.1421,4.1421
Cd,10,M1_Core,ExtraTrees,9.3829,2.9567,6.4261,6.4261
Cd,10,M7_TargetSpecific_Selected,Ridge,18.2216,8.8762,9.3454,9.3454
Cd,10,M7_TargetSpecific_Selected,Ridge,-0.4309,11.922,-12.3529,12.3529
Cd,10,M7_TargetSpecific_Selected,Ridge,-4.506,-2.0263,-2.4797,2.4797
Cd,10,M7_TargetSpecific_Selected,Ridge,57.25,12.6417,44.6083,44.6083
Cd,10,M7_TargetSpecific_Selected,Ridge,3.7079,11.1897,-7.4818,7.4818
Cd,10,M7_TargetSpecific_Selected,Ridge,-0.963,15.3081,-16.271,16.271
Cd,10,M7_TargetSpecific_Selected,Ridge,0.578,0.6871,-0.1092,0.1092
Cd,10,M7_TargetSpecific_Selected,Ridge,9.3829,3.3403,6.0425,6.0425
Cd,10,M7_TargetSpecific_Selected,HuberRegressor,18.2216,6.0258,12.1959,12.1959
Cd,10,M7_TargetSpecific_Selected,HuberRegressor,-0.4309,-3.4799,3.049,3.049
Cd,10,M7_TargetSpecific_Selected,HuberRegressor,-4.506,-13.8051,9.2991,9.2991
Cd,10,M7_TargetSpecific_Selected,HuberRegressor,57.25,2.9533,54.2967,54.2967
Cd,10,M7_TargetSpecific_Selected,HuberRegressor,3.7079,3.7007,0.0072,0.0072
Cd,10,M7_TargetSpecific_Selected,HuberRegressor,-0.963,5.7684,-6.7313,6.7313
Cd,10,M7_TargetSpecific_Selected,HuberRegressor,0.578,-3.9631,4.541,4.541
Cd,10,M7_TargetSpecific_Selected,HuberRegressor,9.3829,-0.8937,10.2766,10.2766
Cd,10,M7_TargetSpecific_Selected,ExtraTrees,18.2216,7.7162,10.5055,10.5055
Cd,10,M7_TargetSpecific_Selected,ExtraTrees,-0.4309,16.3754,-16.8063,16.8063
Cd,10,M7_TargetSpecific_Selected,ExtraTrees,-4.506,-0.6002,-3.9059,3.9059
Cd,10,M7_TargetSpecific_Selected,ExtraTrees,57.25,4.7809,52.4691,52.4691
Cd,10,M7_TargetSpecific_Selected,ExtraTrees,3.7079,5.6974,-1.9895,1.9895
Cd,10,M7_TargetSpecific_Selected,ExtraTrees,-0.963,16.9803,-17.9432,17.9432
Cd,10,M7_TargetSpecific_Selected,ExtraTrees,0.578,10.0959,-9.518,9.518
Cd,10,M7_TargetSpecific_Selected,ExtraTrees,9.3829,8.8576,0.5253,0.5253
Cd,11,M1_Core,Ridge,-4.4467,7.6777,-12.1243,12.1243
Cd,11,M1_Core,Ridge,-3.9034,12.7191,-16.6225,16.6225
Cd,11,M1_Core,Ridge,-5.1799,9.738,-14.9179,14.9179
Cd,11,M1_Core,Ridge,-1.3315,10.0387,-11.3702,11.3702
Cd,11,M1_Core,Ridge,2.4162,20.4502,-18.034,18.034
Cd,11,M1_Core,Ridge,-0.7323,18.4703,-19.2026,19.2026
Cd,11,M1_Core,Ridge,15.0633,8.759,6.3043,6.3043
Cd,11,M1_Core,Ridge,3.2283,11.6831,-8.4548,8.4548
Cd,11,M1_Core,HuberRegressor,-4.4467,3.942,-8.3887,8.3887
Cd,11,M1_Core,HuberRegressor,-3.9034,2.6731,-6.5765,6.5765
Cd,11,M1_Core,HuberRegressor,-5.1799,6.4437,-11.6236,11.6236
Cd,11,M1_Core,HuberRegressor,-1.3315,7.7014,-9.0329,9.0329
Cd,11,M1_Core,HuberRegressor,2.4162,16.5022,-14.0859,14.0859
Cd,11,M1_Core,HuberRegressor,-0.7323,11.3258,-12.058,12.058
Cd,11,M1_Core,HuberRegressor,15.0633,4.7026,10.3607,10.3607
Cd,11,M1_Core,HuberRegressor,3.2283,5.32,-2.0918,2.0918
Cd,11,M1_Core,ExtraTrees,-4.4467,5.3686,-9.8153,9.8153
Cd,11,M1_Core,ExtraTrees,-3.9034,8.6859,-12.5892,12.5892
Cd,11,M1_Core,ExtraTrees,-5.1799,14.7818,-19.9617,19.9617
Cd,11,M1_Core,ExtraTrees,-1.3315,10.4151,-11.7466,11.7466
Cd,11,M1_Core,ExtraTrees,2.4162,18.2824,-15.8662,15.8662
Cd,11,M1_Core,ExtraTrees,-0.7323,22.3113,-23.0436,23.0436
Cd,11,M1_Core,ExtraTrees,15.0633,7.4706,7.5927,7.5927
Cd,11,M1_Core,ExtraTrees,3.2283,7.8164,-4.5881,4.5881
Cd,11,M7_TargetSpecific_Selected,Ridge,-4.4467,8.96,-13.4067,13.4067
Cd,11,M7_TargetSpecific_Selected,Ridge,-3.9034,17.952,-21.8554,21.8554
Cd,11,M7_TargetSpecific_Selected,Ridge,-5.1799,11.2205,-16.4004,16.4004
Cd,11,M7_TargetSpecific_Selected,Ridge,-1.3315,11.1026,-12.4341,12.4341
Cd,11,M7_TargetSpecific_Selected,Ridge,2.4162,15.4672,-13.051,13.051
Cd,11,M7_TargetSpecific_Selected,Ridge,-0.7323,20.431,-21.1633,21.1633
Cd,11,M7_TargetSpecific_Selected,Ridge,15.0633,11.6433,3.42,3.42
Cd,11,M7_TargetSpecific_Selected,Ridge,3.2283,15.8322,-12.6039,12.6039
Cd,11,M7_TargetSpecific_Selected,HuberRegressor,-4.4467,6.3152,-10.7619,10.7619
Cd,11,M7_TargetSpecific_Selected,HuberRegressor,-3.9034,6.3723,-10.2757,10.2757
Cd,11,M7_TargetSpecific_Selected,HuberRegressor,-5.1799,7.2808,-12.4607,12.4607
Cd,11,M7_TargetSpecific_Selected,HuberRegressor,-1.3315,6.8435,-8.175,8.175
Cd,11,M7_TargetSpecific_Selected,HuberRegressor,2.4162,15.1606,-12.7444,12.7444
Cd,11,M7_TargetSpecific_Selected,HuberRegressor,-0.7323,10.0108,-10.743,10.743
Cd,11,M7_TargetSpecific_Selected,HuberRegressor,15.0633,8.3554,6.7079,6.7079
Cd,11,M7_TargetSpecific_Selected,HuberRegressor,3.2283,9.4192,-6.191,6.191
Cd,11,M7_TargetSpecific_Selected,ExtraTrees,-4.4467,11.2869,-15.7335,15.7335
Cd,11,M7_TargetSpecific_Selected,ExtraTrees,-3.9034,15.1838,-19.0872,19.0872
Cd,11,M7_TargetSpecific_Selected,ExtraTrees,-5.1799,9.2019,-14.3818,14.3818
Cd,11,M7_TargetSpecific_Selected,ExtraTrees,-1.3315,11.0674,-12.3989,12.3989
Cd,11,M7_TargetSpecific_Selected,ExtraTrees,2.4162,11.5274,-9.1112,9.1112
Cd,11,M7_TargetSpecific_Selected,ExtraTrees,-0.7323,20.7531,-21.4854,21.4854
Cd,11,M7_TargetSpecific_Selected,ExtraTrees,15.0633,6.2723,8.791,8.791
Cd,11,M7_TargetSpecific_Selected,ExtraTrees,3.2283,9.4045,-6.1762,6.1762
Cd,12,M1_Core,Ridge,-4.923,-16.6851,11.7621,11.7621
Cd,12,M1_Core,Ridge,-5.5505,5.5706,-11.1211,11.1211
Cd,12,M1_Core,Ridge,11.8254,7.4408,4.3847,4.3847
Cd,12,M1_Core,Ridge,-2.1725,-11.2888,9.1162,9.1162
Cd,12,M1_Core,Ridge,0.8552,29.7004,-28.8452,28.8452
Cd,12,M1_Core,Ridge,2.6978,5.5832,-2.8854,2.8854
Cd,12,M1_Core,Ridge,-0.2305,3.6499,-3.8804,3.8804
Cd,12,M1_Core,Ridge,31.596,8.4654,23.1306,23.1306
Cd,12,M1_Core,HuberRegressor,-4.923,-2.738,-2.185,2.185
Cd,12,M1_Core,HuberRegressor,-5.5505,-1.818,-3.7324,3.7324
Cd,12,M1_Core,HuberRegressor,11.8254,4.9049,6.9205,6.9205
Cd,12,M1_Core,HuberRegressor,-2.1725,-3.6617,1.4892,1.4892
Cd,12,M1_Core,HuberRegressor,0.8552,1.38,-0.5247,0.5247
Cd,12,M1_Core,HuberRegressor,2.6978,6.5356,-3.8378,3.8378
Cd,12,M1_Core,HuberRegressor,-0.2305,2.3463,-2.5768,2.5768
Cd,12,M1_Core,HuberRegressor,31.596,4.8929,26.7031,26.7031
Cd,12,M1_Core,ExtraTrees,-4.923,-1.3171,-3.6059,3.6059
Cd,12,M1_Core,ExtraTrees,-5.5505,2.2825,-7.833,7.833
Cd,12,M1_Core,ExtraTrees,11.8254,6.6907,5.1348,5.1348
Cd,12,M1_Core,ExtraTrees,-2.1725,-0.8712,-1.3013,1.3013
Cd,12,M1_Core,ExtraTrees,0.8552,20.9265,-20.0713,20.0713
Cd,12,M1_Core,ExtraTrees,2.6978,4.8921,-2.1943,2.1943
Cd,12,M1_Core,ExtraTrees,-0.2305,1.8409,-2.0714,2.0714
Cd,12,M1_Core,ExtraTrees,31.596,1.8207,29.7753,29.7753
Cd,12,M7_TargetSpecific_Selected,Ridge,-4.923,-23.8596,18.9367,18.9367
Cd,12,M7_TargetSpecific_Selected,Ridge,-5.5505,-24.4795,18.929,18.929
Cd,12,M7_TargetSpecific_Selected,Ridge,11.8254,-3.8135,15.639,15.639
Cd,12,M7_TargetSpecific_Selected,Ridge,-2.1725,-9.6649,7.4923,7.4923
Cd,12,M7_TargetSpecific_Selected,Ridge,0.8552,40.3234,-39.4682,39.4682
Cd,12,M7_TargetSpecific_Selected,Ridge,2.6978,-0.3766,3.0744,3.0744
Cd,12,M7_TargetSpecific_Selected,Ridge,-0.2305,6.9306,-7.1611,7.1611
Cd,12,M7_TargetSpecific_Selected,Ridge,31.596,10.4562,21.1398,21.1398
Cd,12,M7_TargetSpecific_Selected,HuberRegressor,-4.923,-6.1086,1.1857,1.1857
Cd,12,M7_TargetSpecific_Selected,HuberRegressor,-5.5505,-20.5371,14.9866,14.9866
Cd,12,M7_TargetSpecific_Selected,HuberRegressor,11.8254,-1.3344,13.1599,13.1599
Cd,12,M7_TargetSpecific_Selected,HuberRegressor,-2.1725,-7.0037,4.8311,4.8311
Cd,12,M7_TargetSpecific_Selected,HuberRegressor,0.8552,34.2433,-33.388,33.388
Cd,12,M7_TargetSpecific_Selected,HuberRegressor,2.6978,2.5978,0.1,0.1
Cd,12,M7_TargetSpecific_Selected,HuberRegressor,-0.2305,6.7074,-6.938,6.938
Cd,12,M7_TargetSpecific_Selected,HuberRegressor,31.596,4.2849,27.3111,27.3111
Cd,12,M7_TargetSpecific_Selected,ExtraTrees,-4.923,-0.1691,-4.7539,4.7539
Cd,12,M7_TargetSpecific_Selected,ExtraTrees,-5.5505,2.3001,-7.8505,7.8505
Cd,12,M7_TargetSpecific_Selected,ExtraTrees,11.8254,5.8525,5.9729,5.9729
Cd,12,M7_TargetSpecific_Selected,ExtraTrees,-2.1725,0.769,-2.9416,2.9416
Cd,12,M7_TargetSpecific_Selected,ExtraTrees,0.8552,22.844,-21.9887,21.9887
Cd,12,M7_TargetSpecific_Selected,ExtraTrees,2.6978,2.6768,0.021,0.021
Cd,12,M7_TargetSpecific_Selected,ExtraTrees,-0.2305,1.1798,-1.4103,1.4103
Cd,12,M7_TargetSpecific_Selected,ExtraTrees,31.596,2.351,29.245,29.245
Cd,13,M1_Core,Ridge,-0.4032,9.4564,-9.8596,9.8596
Cd,13,M1_Core,Ridge,-3.6492,11.0669,-14.716,14.716
Cd,13,M1_Core,Ridge,-0.795,6.4417,-7.2367,7.2367
Cd,13,M1_Core,Ridge,-0.9637,-6.4279,5.4643,5.4643
Cd,13,M1_Core,Ridge,-4.2972,4.9456,-9.2428,9.2428
Cd,13,M1_Core,Ridge,19.7136,9.4257,10.2879,10.2879
Cd,13,M1_Core,Ridge,6.9993,-5.3561,12.3554,12.3554
Cd,13,M1_Core,Ridge,84.8971,11.7507,73.1464,73.1464
Cd,13,M1_Core,HuberRegressor,-0.4032,3.778,-4.1812,4.1812
Cd,13,M1_Core,HuberRegressor,-3.6492,5.1684,-8.8176,8.8176
Cd,13,M1_Core,HuberRegressor,-0.795,2.3409,-3.1359,3.1359
Cd,13,M1_Core,HuberRegressor,-0.9637,-0.6821,-0.2816,0.2816
Cd,13,M1_Core,HuberRegressor,-4.2972,2.2421,-6.5393,6.5393
Cd,13,M1_Core,HuberRegressor,19.7136,3.7019,16.0117,16.0117
Cd,13,M1_Core,HuberRegressor,6.9993,1.8224,5.1769,5.1769
Cd,13,M1_Core,HuberRegressor,84.8971,3.4611,81.436,81.436
Cd,13,M1_Core,ExtraTrees,-0.4032,5.7184,-6.1216,6.1216
Cd,13,M1_Core,ExtraTrees,-3.6492,16.8755,-20.5247,20.5247
Cd,13,M1_Core,ExtraTrees,-0.795,10.66,-11.455,11.455
Cd,13,M1_Core,ExtraTrees,-0.9637,4.8038,-5.7675,5.7675
Cd,13,M1_Core,ExtraTrees,-4.2972,6.7807,-11.0779,11.0779
Cd,13,M1_Core,ExtraTrees,19.7136,6.41,13.3036,13.3036
Cd,13,M1_Core,ExtraTrees,6.9993,4.0618,2.9375,2.9375
Cd,13,M1_Core,ExtraTrees,84.8971,9.173,75.7241,75.7241
Cd,13,M7_TargetSpecific_Selected,Ridge,-0.4032,9.1197,-9.5229,9.5229
Cd,13,M7_TargetSpecific_Selected,Ridge,-3.6492,51.2421,-54.8913,54.8913
Cd,13,M7_TargetSpecific_Selected,Ridge,-0.795,7.8598,-8.6548,8.6548
Cd,13,M7_TargetSpecific_Selected,Ridge,-0.9637,-0.9811,0.0174,0.0174
Cd,13,M7_TargetSpecific_Selected,Ridge,-4.2972,13.7627,-18.0599,18.0599
Cd,13,M7_TargetSpecific_Selected,Ridge,19.7136,12.171,7.5426,7.5426
Cd,13,M7_TargetSpecific_Selected,Ridge,6.9993,-8.4146,15.4139,15.4139
Cd,13,M7_TargetSpecific_Selected,Ridge,84.8971,11.6258,73.2713,73.2713
Cd,13,M7_TargetSpecific_Selected,HuberRegressor,-0.4032,5.2234,-5.6266,5.6266
Cd,13,M7_TargetSpecific_Selected,HuberRegressor,-3.6492,22.6273,-26.2765,26.2765
Cd,13,M7_TargetSpecific_Selected,HuberRegressor,-0.795,2.6326,-3.4277,3.4277
Cd,13,M7_TargetSpecific_Selected,HuberRegressor,-0.9637,-1.876,0.9124,0.9124
Cd,13,M7_TargetSpecific_Selected,HuberRegressor,-4.2972,0.8562,-5.1534,5.1534
Cd,13,M7_TargetSpecific_Selected,HuberRegressor,19.7136,4.0227,15.6909,15.6909
Cd,13,M7_TargetSpecific_Selected,HuberRegressor,6.9993,-1.5551,8.5544,8.5544
Cd,13,M7_TargetSpecific_Selected,HuberRegressor,84.8971,0.9759,83.9212,83.9212
Cd,13,M7_TargetSpecific_Selected,ExtraTrees,-0.4032,6.242,-6.6452,6.6452
Cd,13,M7_TargetSpecific_Selected,ExtraTrees,-3.6492,36.8415,-40.4907,40.4907
Cd,13,M7_TargetSpecific_Selected,ExtraTrees,-0.795,12.0642,-12.8593,12.8593
Cd,13,M7_TargetSpecific_Selected,ExtraTrees,-0.9637,24.4874,-25.4511,25.4511
Cd,13,M7_TargetSpecific_Selected,ExtraTrees,-4.2972,20.1239,-24.4211,24.4211
Cd,13,M7_TargetSpecific_Selected,ExtraTrees,19.7136,4.6188,15.0949,15.0949
Cd,13,M7_TargetSpecific_Selected,ExtraTrees,6.9993,9.754,-2.7547,2.7547
Cd,13,M7_TargetSpecific_Selected,ExtraTrees,84.8971,4.9589,79.9382,79.9382
Cd,14,M1_Core,Ridge,6.1732,13.0164,-6.8432,6.8432
Cd,14,M1_Core,Ridge,-1.2144,-4.936,3.7216,3.7216
Cd,14,M1_Core,Ridge,31.6996,9.4687,22.2309,22.2309
Cd,14,M1_Core,Ridge,14.3602,6.5816,7.7786,7.7786
Cd,14,M1_Core,Ridge,-3.7776,10.8458,-14.6234,14.6234
Cd,14,M1_Core,Ridge,3.0145,10.4104,-7.3959,7.3959
Cd,14,M1_Core,Ridge,9.4817,9.145,0.3367,0.3367
Cd,14,M1_Core,Ridge,-4.3187,4.553,-8.8716,8.8716
Cd,14,M1_Core,HuberRegressor,6.1732,3.1592,3.0141,3.0141
Cd,14,M1_Core,HuberRegressor,-1.2144,2.2406,-3.455,3.455
Cd,14,M1_Core,HuberRegressor,31.6996,3.7021,27.9975,27.9975
Cd,14,M1_Core,HuberRegressor,14.3602,-0.0284,14.3885,14.3885
Cd,14,M1_Core,HuberRegressor,-3.7776,3.4091,-7.1867,7.1867
Cd,14,M1_Core,HuberRegressor,3.0145,2.116,0.8985,0.8985
Cd,14,M1_Core,HuberRegressor,9.4817,0.3717,9.11,9.11
Cd,14,M1_Core,HuberRegressor,-4.3187,-0.1476,-4.1711,4.1711
Cd,14,M1_Core,ExtraTrees,6.1732,10.926,-4.7528,4.7528
Cd,14,M1_Core,ExtraTrees,-1.2144,-2.4692,1.2548,1.2548
Cd,14,M1_Core,ExtraTrees,31.6996,10.9635,20.7361,20.7361
Cd,14,M1_Core,ExtraTrees,14.3602,0.5682,13.792,13.792
Cd,14,M1_Core,ExtraTrees,-3.7776,12.4106,-16.1882,16.1882
Cd,14,M1_Core,ExtraTrees,3.0145,9.4831,-6.4685,6.4685
Cd,14,M1_Core,ExtraTrees,9.4817,5.492,3.9897,3.9897
Cd,14,M1_Core,ExtraTrees,-4.3187,5.5632,-9.8819,9.8819
Cd,14,M7_TargetSpecific_Selected,Ridge,6.1732,17.4902,-11.3169,11.3169
Cd,14,M7_TargetSpecific_Selected,Ridge,-1.2144,-17.8801,16.6657,16.6657
Cd,14,M7_TargetSpecific_Selected,Ridge,31.6996,0.1291,31.5705,31.5705
Cd,14,M7_TargetSpecific_Selected,Ridge,14.3602,12.2751,2.0851,2.0851
Cd,14,M7_TargetSpecific_Selected,Ridge,-3.7776,17.7727,-21.5503,21.5503
Cd,14,M7_TargetSpecific_Selected,Ridge,3.0145,10.5062,-7.4917,7.4917
Cd,14,M7_TargetSpecific_Selected,Ridge,9.4817,5.016,4.4657,4.4657
Cd,14,M7_TargetSpecific_Selected,Ridge,-4.3187,-5.7149,1.3962,1.3962
Cd,14,M7_TargetSpecific_Selected,HuberRegressor,6.1732,3.8785,2.2947,2.2947
Cd,14,M7_TargetSpecific_Selected,HuberRegressor,-1.2144,-0.6141,-0.6003,0.6003
Cd,14,M7_TargetSpecific_Selected,HuberRegressor,31.6996,4.3777,27.3219,27.3219
Cd,14,M7_TargetSpecific_Selected,HuberRegressor,14.3602,-0.4165,14.7767,14.7767
Cd,14,M7_TargetSpecific_Selected,HuberRegressor,-3.7776,3.0063,-6.7838,6.7838
Cd,14,M7_TargetSpecific_Selected,HuberRegressor,3.0145,5.3888,-2.3743,2.3743
Cd,14,M7_TargetSpecific_Selected,HuberRegressor,9.4817,3.3877,6.094,6.094
Cd,14,M7_TargetSpecific_Selected,HuberRegressor,-4.3187,3.7391,-8.0578,8.0578
Cd,14,M7_TargetSpecific_Selected,ExtraTrees,6.1732,13.8899,-7.7167,7.7167
Cd,14,M7_TargetSpecific_Selected,ExtraTrees,-1.2144,-3.1108,1.8964,1.8964
Cd,14,M7_TargetSpecific_Selected,ExtraTrees,31.6996,9.2473,22.4522,22.4522
Cd,14,M7_TargetSpecific_Selected,ExtraTrees,14.3602,-0.1925,14.5527,14.5527
Cd,14,M7_TargetSpecific_Selected,ExtraTrees,-3.7776,6.8345,-10.6121,10.6121
Cd,14,M7_TargetSpecific_Selected,ExtraTrees,3.0145,10.0055,-6.9909,6.9909
Cd,14,M7_TargetSpecific_Selected,ExtraTrees,9.4817,4.4604,5.0213,5.0213
Cd,14,M7_TargetSpecific_Selected,ExtraTrees,-4.3187,3.6101,-7.9288,7.9288
Cd,15,M1_Core,Ridge,18.2216,13.4337,4.7879,4.7879
Cd,15,M1_Core,Ridge,-4.506,-26.564,22.0579,22.0579
Cd,15,M1_Core,Ridge,6.1732,15.3197,-9.1465,9.1465
Cd,15,M1_Core,Ridge,-2.1725,-16.0285,13.856,13.856
Cd,15,M1_Core,Ridge,-0.795,11.5906,-12.3856,12.3856
Cd,15,M1_Core,Ridge,-4.2972,10.4596,-14.7568,14.7568
Cd,15,M1_Core,Ridge,2.4162,16.5286,-14.1124,14.1124
Cd,15,M1_Core,Ridge,0.578,3.6056,-3.0277,3.0277
Cd,15,M1_Core,HuberRegressor,18.2216,6.1177,12.1039,12.1039
Cd,15,M1_Core,HuberRegressor,-4.506,-19.5123,15.0063,15.0063
Cd,15,M1_Core,HuberRegressor,6.1732,6.287,-0.1138,0.1138
Cd,15,M1_Core,HuberRegressor,-2.1725,-10.1864,8.0139,8.0139
Cd,15,M1_Core,HuberRegressor,-0.795,1.3039,-2.0989,2.0989
Cd,15,M1_Core,HuberRegressor,-4.2972,2.6529,-6.9501,6.9501
Cd,15,M1_Core,HuberRegressor,2.4162,9.825,-7.4088,7.4088
Cd,15,M1_Core,HuberRegressor,0.578,3.7601,-3.1821,3.1821
Cd,15,M1_Core,ExtraTrees,18.2216,11.6717,6.5499,6.5499
Cd,15,M1_Core,ExtraTrees,-4.506,-0.6028,-3.9032,3.9032
Cd,15,M1_Core,ExtraTrees,6.1732,14.5095,-8.3363,8.3363
Cd,15,M1_Core,ExtraTrees,-2.1725,-1.845,-0.3275,0.3275
Cd,15,M1_Core,ExtraTrees,-0.795,12.7135,-13.5086,13.5086
Cd,15,M1_Core,ExtraTrees,-4.2972,11.879,-16.1762,16.1762
Cd,15,M1_Core,ExtraTrees,2.4162,12.8257,-10.4095,10.4095
Cd,15,M1_Core,ExtraTrees,0.578,8.3542,-7.7762,7.7762
Cd,15,M7_TargetSpecific_Selected,Ridge,18.2216,9.8383,8.3833,8.3833
Cd,15,M7_TargetSpecific_Selected,Ridge,-4.506,-19.4057,14.8996,14.8996
Cd,15,M7_TargetSpecific_Selected,Ridge,6.1732,16.8222,-10.6489,10.6489
Cd,15,M7_TargetSpecific_Selected,Ridge,-2.1725,-10.3995,8.227,8.227
Cd,15,M7_TargetSpecific_Selected,Ridge,-0.795,13.5642,-14.3592,14.3592
Cd,15,M7_TargetSpecific_Selected,Ridge,-4.2972,17.249,-21.5462,21.5462
Cd,15,M7_TargetSpecific_Selected,Ridge,2.4162,11.4319,-9.0156,9.0156
Cd,15,M7_TargetSpecific_Selected,Ridge,0.578,3.622,-3.0441,3.0441
Cd,15,M7_TargetSpecific_Selected,HuberRegressor,18.2216,4.1599,14.0617,14.0617
Cd,15,M7_TargetSpecific_Selected,HuberRegressor,-4.506,-13.7204,9.2143,9.2143
Cd,15,M7_TargetSpecific_Selected,HuberRegressor,6.1732,8.6867,-2.5135,2.5135
Cd,15,M7_TargetSpecific_Selected,HuberRegressor,-2.1725,-7.0364,4.8639,4.8639
Cd,15,M7_TargetSpecific_Selected,HuberRegressor,-0.795,4.829,-5.6241,5.6241
Cd,15,M7_TargetSpecific_Selected,HuberRegressor,-4.2972,7.1918,-11.489,11.489
Cd,15,M7_TargetSpecific_Selected,HuberRegressor,2.4162,11.4818,-9.0655,9.0655
Cd,15,M7_TargetSpecific_Selected,HuberRegressor,0.578,0.6271,-0.0491,0.0491
Cd,15,M7_TargetSpecific_Selected,ExtraTrees,18.2216,11.9032,6.3184,6.3184
Cd,15,M7_TargetSpecific_Selected,ExtraTrees,-4.506,1.6253,-6.1314,6.1314
Cd,15,M7_TargetSpecific_Selected,ExtraTrees,6.1732,11.0959,-4.9226,4.9226
Cd,15,M7_TargetSpecific_Selected,ExtraTrees,-2.1725,0.5652,-2.7378,2.7378
Cd,15,M7_TargetSpecific_Selected,ExtraTrees,-0.795,15.0574,-15.8525,15.8525
Cd,15,M7_TargetSpecific_Selected,ExtraTrees,-4.2972,5.2793,-9.5765,9.5765
Cd,15,M7_TargetSpecific_Selected,ExtraTrees,2.4162,12.7181,-10.3018,10.3018
Cd,15,M7_TargetSpecific_Selected,ExtraTrees,0.578,6.575,-5.9971,5.9971
Cd,16,M1_Core,Ridge,11.8254,12.0106,-0.1852,0.1852
Cd,16,M1_Core,Ridge,14.3602,8.0519,6.3083,6.3083
Cd,16,M1_Core,Ridge,-3.7776,12.4706,-16.2482,16.2482
Cd,16,M1_Core,Ridge,-5.1799,8.4953,-13.6752,13.6752
Cd,16,M1_Core,Ridge,3.0145,11.8425,-8.828,8.828
Cd,16,M1_Core,Ridge,6.9993,-17.4786,24.4779,24.4779
Cd,16,M1_Core,Ridge,2.6978,11.439,-8.7412,8.7412
Cd,16,M1_Core,Ridge,9.3829,0.2928,9.09,9.09
Cd,16,M1_Core,HuberRegressor,11.8254,5.5688,6.2566,6.2566
Cd,16,M1_Core,HuberRegressor,14.3602,1.5585,12.8016,12.8016
Cd,16,M1_Core,HuberRegressor,-3.7776,4.9132,-8.6907,8.6907
Cd,16,M1_Core,HuberRegressor,-5.1799,2.7146,-7.8945,7.8945
Cd,16,M1_Core,HuberRegressor,3.0145,3.4807,-0.4662,0.4662
Cd,16,M1_Core,HuberRegressor,6.9993,-1.0,7.9993,7.9993
Cd,16,M1_Core,HuberRegressor,2.6978,7.3541,-4.6563,4.6563
Cd,16,M1_Core,HuberRegressor,9.3829,1.4635,7.9194,7.9194
Cd,16,M1_Core,ExtraTrees,11.8254,11.2368,0.5887,0.5887
Cd,16,M1_Core,ExtraTrees,14.3602,3.4073,10.9528,10.9528
Cd,16,M1_Core,ExtraTrees,-3.7776,15.5024,-19.28,19.28
Cd,16,M1_Core,ExtraTrees,-5.1799,7.3953,-12.5752,12.5752
Cd,16,M1_Core,ExtraTrees,3.0145,12.2958,-9.2813,9.2813
Cd,16,M1_Core,ExtraTrees,6.9993,1.9813,5.0181,5.0181
Cd,16,M1_Core,ExtraTrees,2.6978,10.0403,-7.3425,7.3425
Cd,16,M1_Core,ExtraTrees,9.3829,2.7311,6.6518,6.6518
Cd,16,M7_TargetSpecific_Selected,Ridge,11.8254,6.4169,5.4085,5.4085
Cd,16,M7_TargetSpecific_Selected,Ridge,14.3602,12.123,2.2372,2.2372
Cd,16,M7_TargetSpecific_Selected,Ridge,-3.7776,13.1299,-16.9074,16.9074
Cd,16,M7_TargetSpecific_Selected,Ridge,-5.1799,10.1137,-15.2936,15.2936
Cd,16,M7_TargetSpecific_Selected,Ridge,3.0145,13.289,-10.2745,10.2745
Cd,16,M7_TargetSpecific_Selected,Ridge,6.9993,-16.7825,23.7818,23.7818
Cd,16,M7_TargetSpecific_Selected,Ridge,2.6978,6.8108,-4.113,4.113
Cd,16,M7_TargetSpecific_Selected,Ridge,9.3829,0.5921,8.7908,8.7908
Cd,16,M7_TargetSpecific_Selected,HuberRegressor,11.8254,3.7625,8.063,8.063
Cd,16,M7_TargetSpecific_Selected,HuberRegressor,14.3602,0.1806,14.1796,14.1796
Cd,16,M7_TargetSpecific_Selected,HuberRegressor,-3.7776,6.0117,-9.7893,9.7893
Cd,16,M7_TargetSpecific_Selected,HuberRegressor,-5.1799,2.3261,-7.506,7.506
Cd,16,M7_TargetSpecific_Selected,HuberRegressor,3.0145,8.2668,-5.2523,5.2523
Cd,16,M7_TargetSpecific_Selected,HuberRegressor,6.9993,4.9046,2.0947,2.0947
Cd,16,M7_TargetSpecific_Selected,HuberRegressor,2.6978,16.2175,-13.5197,13.5197
Cd,16,M7_TargetSpecific_Selected,HuberRegressor,9.3829,0.5569,8.8259,8.8259
Cd,16,M7_TargetSpecific_Selected,ExtraTrees,11.8254,6.6358,5.1896,5.1896
Cd,16,M7_TargetSpecific_Selected,ExtraTrees,14.3602,2.5649,11.7953,11.7953
Cd,16,M7_TargetSpecific_Selected,ExtraTrees,-3.7776,8.4907,-12.2683,12.2683
Cd,16,M7_TargetSpecific_Selected,ExtraTrees,-5.1799,8.308,-13.4879,13.4879
Cd,16,M7_TargetSpecific_Selected,ExtraTrees,3.0145,13.2383,-10.2238,10.2238
Cd,16,M7_TargetSpecific_Selected,ExtraTrees,6.9993,4.5568,2.4425,2.4425
Cd,16,M7_TargetSpecific_Selected,ExtraTrees,2.6978,9.1165,-6.4187,6.4187
Cd,16,M7_TargetSpecific_Selected,ExtraTrees,9.3829,4.1956,5.1873,5.1873
Cd,17,M1_Core,Ridge,-0.4309,10.6463,-11.0772,11.0772
Cd,17,M1_Core,Ridge,57.25,12.2009,45.0491,45.0491
Cd,17,M1_Core,Ridge,-3.6492,11.2561,-14.9053,14.9053
Cd,17,M1_Core,Ridge,31.6996,7.4261,24.2735,24.2735
Cd,17,M1_Core,Ridge,3.7079,7.8712,-4.1633,4.1633
Cd,17,M1_Core,Ridge,-0.963,9.5223,-10.4852,10.4852
Cd,17,M1_Core,Ridge,19.7136,15.0903,4.6233,4.6233
Cd,17,M1_Core,Ridge,31.596,7.6268,23.9692,23.9692
Cd,17,M1_Core,HuberRegressor,-0.4309,2.177,-2.6079,2.6079
Cd,17,M1_Core,HuberRegressor,57.25,2.4421,54.8079,54.8079
Cd,17,M1_Core,HuberRegressor,-3.6492,2.8705,-6.5197,6.5197
Cd,17,M1_Core,HuberRegressor,31.6996,3.7928,27.9068,27.9068
Cd,17,M1_Core,HuberRegressor,3.7079,2.1773,1.5306,1.5306
Cd,17,M1_Core,HuberRegressor,-0.963,2.1447,-3.1077,3.1077
Cd,17,M1_Core,HuberRegressor,19.7136,3.094,16.6196,16.6196
Cd,17,M1_Core,HuberRegressor,31.596,2.7009,28.8951,28.8951
Cd,17,M1_Core,ExtraTrees,-0.4309,4.0831,-4.514,4.514
Cd,17,M1_Core,ExtraTrees,57.25,11.2721,45.9779,45.9779
Cd,17,M1_Core,ExtraTrees,-3.6492,7.0509,-10.7,10.7
Cd,17,M1_Core,ExtraTrees,31.6996,7.2078,24.4918,24.4918
Cd,17,M1_Core,ExtraTrees,3.7079,6.399,-2.6911,2.6911
Cd,17,M1_Core,ExtraTrees,-0.963,10.6597,-11.6226,11.6226
Cd,17,M1_Core,ExtraTrees,19.7136,21.3195,-1.6059,1.6059
Cd,17,M1_Core,ExtraTrees,31.596,1.3841,30.2119,30.2119
Cd,17,M7_TargetSpecific_Selected,Ridge,-0.4309,10.2089,-10.6398,10.6398
Cd,17,M7_TargetSpecific_Selected,Ridge,57.25,9.9783,47.2717,47.2717
Cd,17,M7_TargetSpecific_Selected,Ridge,-3.6492,-2.4888,-1.1604,1.1604
Cd,17,M7_TargetSpecific_Selected,Ridge,31.6996,-0.8997,32.5993,32.5993
Cd,17,M7_TargetSpecific_Selected,Ridge,3.7079,9.8427,-6.1348,6.1348
Cd,17,M7_TargetSpecific_Selected,Ridge,-0.963,14.1773,-15.1402,15.1402
Cd,17,M7_TargetSpecific_Selected,Ridge,19.7136,11.3289,8.3847,8.3847
Cd,17,M7_TargetSpecific_Selected,Ridge,31.596,8.4625,23.1335,23.1335
Cd,17,M7_TargetSpecific_Selected,HuberRegressor,-0.4309,-3.0619,2.631,2.631
Cd,17,M7_TargetSpecific_Selected,HuberRegressor,57.25,-1.1193,58.3693,58.3693
Cd,17,M7_TargetSpecific_Selected,HuberRegressor,-3.6492,-11.3023,7.6531,7.6531
Cd,17,M7_TargetSpecific_Selected,HuberRegressor,31.6996,0.0403,31.6592,31.6592
Cd,17,M7_TargetSpecific_Selected,HuberRegressor,3.7079,3.8568,-0.1489,0.1489
Cd,17,M7_TargetSpecific_Selected,HuberRegressor,-0.963,5.6957,-6.6587,6.6587
Cd,17,M7_TargetSpecific_Selected,HuberRegressor,19.7136,1.3608,18.3528,18.3528
Cd,17,M7_TargetSpecific_Selected,HuberRegressor,31.596,1.8545,29.7415,29.7415
Cd,17,M7_TargetSpecific_Selected,ExtraTrees,-0.4309,5.6153,-6.0462,6.0462
Cd,17,M7_TargetSpecific_Selected,ExtraTrees,57.25,4.5146,52.7354,52.7354
Cd,17,M7_TargetSpecific_Selected,ExtraTrees,-3.6492,2.493,-6.1422,6.1422
Cd,17,M7_TargetSpecific_Selected,ExtraTrees,31.6996,6.788,24.9116,24.9116
Cd,17,M7_TargetSpecific_Selected,ExtraTrees,3.7079,5.896,-2.1881,2.1881
Cd,17,M7_TargetSpecific_Selected,ExtraTrees,-0.963,9.2095,-10.1725,10.1725
Cd,17,M7_TargetSpecific_Selected,ExtraTrees,19.7136,18.2249,1.4887,1.4887
Cd,17,M7_TargetSpecific_Selected,ExtraTrees,31.596,2.9007,28.6953,28.6953
Cd,18,M1_Core,Ridge,-4.4467,6.8133,-11.26,11.26
Cd,18,M1_Core,Ridge,-3.9034,6.8223,-10.7257,10.7257
Cd,18,M1_Core,Ridge,-5.5505,-0.8777,-4.6728,4.6728
Cd,18,M1_Core,Ridge,-0.4032,9.2592,-9.6624,9.6624
Cd,18,M1_Core,Ridge,-0.9637,-6.4341,5.4704,5.4704
Cd,18,M1_Core,Ridge,-0.7323,10.4175,-11.1498,11.1498
Cd,18,M1_Core,Ridge,15.0633,7.7675,7.2958,7.2958
Cd,18,M1_Core,Ridge,84.8971,11.0446,73.8525,73.8525
Cd,18,M1_Core,HuberRegressor,-4.4467,2.8404,-7.2871,7.2871
Cd,18,M1_Core,HuberRegressor,-3.9034,1.5041,-5.4075,5.4075
Cd,18,M1_Core,HuberRegressor,-5.5505,-3.5996,-1.9509,1.9509
Cd,18,M1_Core,HuberRegressor,-0.4032,3.7897,-4.1929,4.1929
Cd,18,M1_Core,HuberRegressor,-0.9637,-2.192,1.2284,1.2284
Cd,18,M1_Core,HuberRegressor,-0.7323,5.4724,-6.2047,6.2047
Cd,18,M1_Core,HuberRegressor,15.0633,3.7667,11.2966,11.2966
Cd,18,M1_Core,HuberRegressor,84.8971,3.8071,81.09,81.09
Cd,18,M1_Core,ExtraTrees,-4.4467,7.1203,-11.567,11.567
Cd,18,M1_Core,ExtraTrees,-3.9034,5.2521,-9.1555,9.1555
Cd,18,M1_Core,ExtraTrees,-5.5505,3.621,-9.1715,9.1715
Cd,18,M1_Core,ExtraTrees,-0.4032,10.8166,-11.2198,11.2198
Cd,18,M1_Core,ExtraTrees,-0.9637,0.39,-1.3536,1.3536
Cd,18,M1_Core,ExtraTrees,-0.7323,11.3146,-12.0469,12.0469
Cd,18,M1_Core,ExtraTrees,15.0633,5.3245,9.7388,9.7388
Cd,18,M1_Core,ExtraTrees,84.8971,10.6916,74.2055,74.2055
Cd,18,M7_TargetSpecific_Selected,Ridge,-4.4467,9.8203,-14.267,14.267
Cd,18,M7_TargetSpecific_Selected,Ridge,-3.9034,9.7928,-13.6962,13.6962
Cd,18,M7_TargetSpecific_Selected,Ridge,-5.5505,-26.0846,20.5341,20.5341
Cd,18,M7_TargetSpecific_Selected,Ridge,-0.4032,11.8886,-12.2918,12.2918
Cd,18,M7_TargetSpecific_Selected,Ridge,-0.9637,-5.8458,4.8821,4.8821
Cd,18,M7_TargetSpecific_Selected,Ridge,-0.7323,12.156,-12.8883,12.8883
Cd,18,M7_TargetSpecific_Selected,Ridge,15.0633,11.2648,3.7984,3.7984
Cd,18,M7_TargetSpecific_Selected,Ridge,84.8971,10.4147,74.4824,74.4824
Cd,18,M7_TargetSpecific_Selected,HuberRegressor,-4.4467,10.9407,-15.3874,15.3874
Cd,18,M7_TargetSpecific_Selected,HuberRegressor,-3.9034,16.4381,-20.3415,20.3415
Cd,18,M7_TargetSpecific_Selected,HuberRegressor,-5.5505,-34.9923,29.4418,29.4418
Cd,18,M7_TargetSpecific_Selected,HuberRegressor,-0.4032,9.9604,-10.3636,10.3636
Cd,18,M7_TargetSpecific_Selected,HuberRegressor,-0.9637,-0.9596,-0.004,0.004
Cd,18,M7_TargetSpecific_Selected,HuberRegressor,-0.7323,2.3199,-3.0522,3.0522
Cd,18,M7_TargetSpecific_Selected,HuberRegressor,15.0633,8.0897,6.9736,6.9736
Cd,18,M7_TargetSpecific_Selected,HuberRegressor,84.8971,3.142,81.7551,81.7551
Cd,18,M7_TargetSpecific_Selected,ExtraTrees,-4.4467,16.8581,-21.3047,21.3047
Cd,18,M7_TargetSpecific_Selected,ExtraTrees,-3.9034,7.0109,-10.9143,10.9143
Cd,18,M7_TargetSpecific_Selected,ExtraTrees,-5.5505,0.1871,-5.7376,5.7376
Cd,18,M7_TargetSpecific_Selected,ExtraTrees,-0.4032,7.0893,-7.4925,7.4925
Cd,18,M7_TargetSpecific_Selected,ExtraTrees,-0.9637,5.2006,-6.1643,6.1643
Cd,18,M7_TargetSpecific_Selected,ExtraTrees,-0.7323,15.316,-16.0483,16.0483
Cd,18,M7_TargetSpecific_Selected,ExtraTrees,15.0633,5.2305,9.8327,9.8327
Cd,18,M7_TargetSpecific_Selected,ExtraTrees,84.8971,6.3648,78.5323,78.5323
Cd,19,M1_Core,Ridge,-4.923,-13.648,8.7251,8.7251
Cd,19,M1_Core,Ridge,-1.2144,-6.1268,4.9125,4.9125
Cd,19,M1_Core,Ridge,-1.3315,5.3861,-6.7176,6.7176
Cd,19,M1_Core,Ridge,9.4817,9.4819,-0.0002,0.0002
Cd,19,M1_Core,Ridge,-4.3187,4.3251,-8.6438,8.6438
Cd,19,M1_Core,Ridge,0.8552,26.9942,-26.139,26.139
Cd,19,M1_Core,Ridge,3.2283,9.9358,-6.7075,6.7075
Cd,19,M1_Core,Ridge,-0.2305,3.3903,-3.6209,3.6209
Cd,19,M1_Core,HuberRegressor,-4.923,0.4971,-5.42,5.42
Cd,19,M1_Core,HuberRegressor,-1.2144,4.7735,-5.9879,5.9879
Cd,19,M1_Core,HuberRegressor,-1.3315,1.1189,-2.4504,2.4504
Cd,19,M1_Core,HuberRegressor,9.4817,2.3331,7.1486,7.1486
Cd,19,M1_Core,HuberRegressor,-4.3187,2.1311,-6.4498,6.4498
Cd,19,M1_Core,HuberRegressor,0.8552,-4.4173,5.2725,5.2725
Cd,19,M1_Core,HuberRegressor,3.2283,4.4568,-1.2285,1.2285
Cd,19,M1_Core,HuberRegressor,-0.2305,2.6148,-2.8453,2.8453
Cd,19,M1_Core,ExtraTrees,-4.923,0.7006,-5.6236,5.6236
Cd,19,M1_Core,ExtraTrees,-1.2144,-1.3775,0.1631,0.1631
Cd,19,M1_Core,ExtraTrees,-1.3315,11.644,-12.9755,12.9755
Cd,19,M1_Core,ExtraTrees,9.4817,6.3693,3.1124,3.1124
Cd,19,M1_Core,ExtraTrees,-4.3187,8.2027,-12.5213,12.5213
Cd,19,M1_Core,ExtraTrees,0.8552,20.0813,-19.226,19.226
Cd,19,M1_Core,ExtraTrees,3.2283,8.5281,-5.2998,5.2998
Cd,19,M1_Core,ExtraTrees,-0.2305,2.3294,-2.5599,2.5599
Cd,19,M7_TargetSpecific_Selected,Ridge,-4.923,-22.3141,17.3911,17.3911
Cd,19,M7_TargetSpecific_Selected,Ridge,-1.2144,-16.7774,15.563,15.563
Cd,19,M7_TargetSpecific_Selected,Ridge,-1.3315,4.4014,-5.7329,5.7329
Cd,19,M7_TargetSpecific_Selected,Ridge,9.4817,8.9055,0.5762,0.5762
Cd,19,M7_TargetSpecific_Selected,Ridge,-4.3187,0.7399,-5.0585,5.0585
Cd,19,M7_TargetSpecific_Selected,Ridge,0.8552,32.3327,-31.4774,31.4774
Cd,19,M7_TargetSpecific_Selected,Ridge,3.2283,14.3746,-11.1463,11.1463
Cd,19,M7_TargetSpecific_Selected,Ridge,-0.2305,3.1942,-3.4247,3.4247
Cd,19,M7_TargetSpecific_Selected,HuberRegressor,-4.923,12.33,-17.253,17.253
Cd,19,M7_TargetSpecific_Selected,HuberRegressor,-1.2144,13.2698,-14.4842,14.4842
Cd,19,M7_TargetSpecific_Selected,HuberRegressor,-1.3315,-4.0611,2.7296,2.7296
Cd,19,M7_TargetSpecific_Selected,HuberRegressor,9.4817,7.728,1.7537,1.7537
Cd,19,M7_TargetSpecific_Selected,HuberRegressor,-4.3187,13.1931,-17.5117,17.5117
Cd,19,M7_TargetSpecific_Selected,HuberRegressor,0.8552,50.0588,-49.2036,49.2036
Cd,19,M7_TargetSpecific_Selected,HuberRegressor,3.2283,9.6581,-6.4298,6.4298
Cd,19,M7_TargetSpecific_Selected,HuberRegressor,-0.2305,8.0858,-8.3164,8.3164
Cd,19,M7_TargetSpecific_Selected,ExtraTrees,-4.923,2.4494,-7.3723,7.3723
Cd,19,M7_TargetSpecific_Selected,ExtraTrees,-1.2144,1.747,-2.9614,2.9614
Cd,19,M7_TargetSpecific_Selected,ExtraTrees,-1.3315,11.9334,-13.2649,13.2649
Cd,19,M7_TargetSpecific_Selected,ExtraTrees,9.4817,6.1717,3.3101,3.3101
Cd,19,M7_TargetSpecific_Selected,ExtraTrees,-4.3187,6.2541,-10.5727,10.5727
Cd,19,M7_TargetSpecific_Selected,ExtraTrees,0.8552,29.4096,-28.5544,28.5544
Cd,19,M7_TargetSpecific_Selected,ExtraTrees,3.2283,9.1859,-5.9576,5.9576
Cd,19,M7_TargetSpecific_Selected,ExtraTrees,-0.2305,0.7353,-0.9659,0.9659
Cd,20,M1_Core,Ridge,18.2216,10.299,7.9227,7.9227
Cd,20,M1_Core,Ridge,-0.4309,11.4159,-11.8468,11.8468
Cd,20,M1_Core,Ridge,-1.2144,-3.5631,2.3487,2.3487
Cd,20,M1_Core,Ridge,31.6996,8.9364,22.7631,22.7631
Cd,20,M1_Core,Ridge,14.3602,5.7775,8.5827,8.5827
Cd,20,M1_Core,Ridge,3.7079,9.5078,-5.7999,5.7999
Cd,20,M1_Core,Ridge,-3.7776,10.2668,-14.0444,14.0444
Cd,20,M1_Core,Ridge,3.0145,9.0205,-6.006,6.006
Cd,20,M1_Core,HuberRegressor,18.2216,3.4067,14.815,14.815
Cd,20,M1_Core,HuberRegressor,-0.4309,3.4337,-3.8646,3.8646
Cd,20,M1_Core,HuberRegressor,-1.2144,2.4254,-3.6398,3.6398
Cd,20,M1_Core,HuberRegressor,31.6996,3.6858,28.0138,28.0138
Cd,20,M1_Core,HuberRegressor,14.3602,-0.0999,14.4601,14.4601
Cd,20,M1_Core,HuberRegressor,3.7079,1.9581,1.7498,1.7498
Cd,20,M1_Core,HuberRegressor,-3.7776,3.5118,-7.2894,7.2894
Cd,20,M1_Core,HuberRegressor,3.0145,1.8792,1.1353,1.1353
Cd,20,M1_Core,ExtraTrees,18.2216,7.5568,10.6648,10.6648
Cd,20,M1_Core,ExtraTrees,-0.4309,6.6669,-7.0978,7.0978
Cd,20,M1_Core,ExtraTrees,-1.2144,-2.6563,1.4419,1.4419
Cd,20,M1_Core,ExtraTrees,31.6996,7.2118,24.4878,24.4878
Cd,20,M1_Core,ExtraTrees,14.3602,-0.1048,14.465,14.465
Cd,20,M1_Core,ExtraTrees,3.7079,8.6412,-4.9333,4.9333
Cd,20,M1_Core,ExtraTrees,-3.7776,10.1575,-13.9351,13.9351
Cd,20,M1_Core,ExtraTrees,3.0145,10.1599,-7.1453,7.1453
Cd,20,M7_TargetSpecific_Selected,Ridge,18.2216,6.3373,11.8843,11.8843
Cd,20,M7_TargetSpecific_Selected,Ridge,-0.4309,9.2708,-9.7017,9.7017
Cd,20,M7_TargetSpecific_Selected,Ridge,-1.2144,-14.3987,13.1844,13.1844
Cd,20,M7_TargetSpecific_Selected,Ridge,31.6996,-1.0309,32.7305,32.7305
Cd,20,M7_TargetSpecific_Selected,Ridge,14.3602,10.4691,3.8911,3.8911
Cd,20,M7_TargetSpecific_Selected,Ridge,3.7079,9.4752,-5.7673,5.7673
Cd,20,M7_TargetSpecific_Selected,Ridge,-3.7776,15.296,-19.0736,19.0736
Cd,20,M7_TargetSpecific_Selected,Ridge,3.0145,9.611,-6.5964,6.5964
Cd,20,M7_TargetSpecific_Selected,HuberRegressor,18.2216,2.7924,15.4292,15.4292
Cd,20,M7_TargetSpecific_Selected,HuberRegressor,-0.4309,4.8556,-5.2865,5.2865
Cd,20,M7_TargetSpecific_Selected,HuberRegressor,-1.2144,-0.2341,-0.9803,0.9803
Cd,20,M7_TargetSpecific_Selected,HuberRegressor,31.6996,1.2366,30.463,30.463
Cd,20,M7_TargetSpecific_Selected,HuberRegressor,14.3602,1.1284,13.2318,13.2318
Cd,20,M7_TargetSpecific_Selected,HuberRegressor,3.7079,2.7291,0.9788,0.9788
Cd,20,M7_TargetSpecific_Selected,HuberRegressor,-3.7776,6.2873,-10.0648,10.0648
Cd,20,M7_TargetSpecific_Selected,HuberRegressor,3.0145,3.129,-0.1145,0.1145
Cd,20,M7_TargetSpecific_Selected,ExtraTrees,18.2216,6.9318,11.2898,11.2898
Cd,20,M7_TargetSpecific_Selected,ExtraTrees,-0.4309,22.8255,-23.2564,23.2564
Cd,20,M7_TargetSpecific_Selected,ExtraTrees,-1.2144,-2.2305,1.0161,1.0161
Cd,20,M7_TargetSpecific_Selected,ExtraTrees,31.6996,8.5076,23.1919,23.1919
Cd,20,M7_TargetSpecific_Selected,ExtraTrees,14.3602,0.9808,13.3794,13.3794
Cd,20,M7_TargetSpecific_Selected,ExtraTrees,3.7079,6.4641,-2.7562,2.7562
Cd,20,M7_TargetSpecific_Selected,ExtraTrees,-3.7776,4.3447,-8.1223,8.1223
Cd,20,M7_TargetSpecific_Selected,ExtraTrees,3.0145,8.0469,-5.0324,5.0324
Cd,21,M1_Core,Ridge,57.25,12.808,44.442,44.442
Cd,21,M1_Core,Ridge,-2.1725,-5.717,3.5445,3.5445
Cd,21,M1_Core,Ridge,-0.963,12.498,-13.4609,13.4609
Cd,21,M1_Core,Ridge,-1.3315,6.8825,-8.214,8.214
Cd,21,M1_Core,Ridge,-4.3187,3.7792,-8.0978,8.0978
Cd,21,M1_Core,Ridge,-0.9637,-7.222,6.2583,6.2583
Cd,21,M1_Core,Ridge,19.7136,16.53,3.1836,3.1836
Cd,21,M1_Core,Ridge,3.2283,9.1776,-5.9493,5.9493
Cd,21,M1_Core,HuberRegressor,57.25,3.9174,53.3326,53.3326
Cd,21,M1_Core,HuberRegressor,-2.1725,-3.8981,1.7255,1.7255
Cd,21,M1_Core,HuberRegressor,-0.963,4.4695,-5.4324,5.4324
Cd,21,M1_Core,HuberRegressor,-1.3315,0.88,-2.2116,2.2116
Cd,21,M1_Core,HuberRegressor,-4.3187,2.9931,-7.3118,7.3118
Cd,21,M1_Core,HuberRegressor,-0.9637,0.2491,-1.2128,1.2128
Cd,21,M1_Core,HuberRegressor,19.7136,3.5034,16.2102,16.2102
Cd,21,M1_Core,HuberRegressor,3.2283,4.33,-1.1017,1.1017
Cd,21,M1_Core,ExtraTrees,57.25,10.2953,46.9547,46.9547
Cd,21,M1_Core,ExtraTrees,-2.1725,-2.9417,0.7692,0.7692
Cd,21,M1_Core,ExtraTrees,-0.963,14.6534,-15.6164,15.6164
Cd,21,M1_Core,ExtraTrees,-1.3315,10.1367,-11.4682,11.4682
Cd,21,M1_Core,ExtraTrees,-4.3187,6.4826,-10.8013,10.8013
Cd,21,M1_Core,ExtraTrees,-0.9637,5.7908,-6.7544,6.7544
Cd,21,M1_Core,ExtraTrees,19.7136,29.2866,-9.573,9.573
Cd,21,M1_Core,ExtraTrees,3.2283,9.6633,-6.4351,6.4351
Cd,21,M7_TargetSpecific_Selected,Ridge,57.25,12.3162,44.9338,44.9338
Cd,21,M7_TargetSpecific_Selected,Ridge,-2.1725,-8.4334,6.2609,6.2609
Cd,21,M7_TargetSpecific_Selected,Ridge,-0.963,17.2845,-18.2474,18.2474
Cd,21,M7_TargetSpecific_Selected,Ridge,-1.3315,6.5112,-7.8427,7.8427
Cd,21,M7_TargetSpecific_Selected,Ridge,-4.3187,1.3671,-5.6858,5.6858
Cd,21,M7_TargetSpecific_Selected,Ridge,-0.9637,-4.2055,3.2418,3.2418
Cd,21,M7_TargetSpecific_Selected,Ridge,19.7136,13.758,5.9556,5.9556
Cd,21,M7_TargetSpecific_Selected,Ridge,3.2283,14.608,-11.3797,11.3797
Cd,21,M7_TargetSpecific_Selected,HuberRegressor,57.25,2.5476,54.7024,54.7024
Cd,21,M7_TargetSpecific_Selected,HuberRegressor,-2.1725,-4.1607,1.9882,1.9882
Cd,21,M7_TargetSpecific_Selected,HuberRegressor,-0.963,8.4166,-9.3796,9.3796
Cd,21,M7_TargetSpecific_Selected,HuberRegressor,-1.3315,-5.9746,4.6431,4.6431
Cd,21,M7_TargetSpecific_Selected,HuberRegressor,-4.3187,12.3451,-16.6638,16.6638
Cd,21,M7_TargetSpecific_Selected,HuberRegressor,-0.9637,1.582,-2.5457,2.5457
Cd,21,M7_TargetSpecific_Selected,HuberRegressor,19.7136,1.5901,18.1235,18.1235
Cd,21,M7_TargetSpecific_Selected,HuberRegressor,3.2283,11.789,-8.5607,8.5607
Cd,21,M7_TargetSpecific_Selected,ExtraTrees,57.25,7.1098,50.1402,50.1402
Cd,21,M7_TargetSpecific_Selected,ExtraTrees,-2.1725,0.9226,-3.0951,3.0951
Cd,21,M7_TargetSpecific_Selected,ExtraTrees,-0.963,14.7,-15.6629,15.6629
Cd,21,M7_TargetSpecific_Selected,ExtraTrees,-1.3315,13.9712,-15.3028,15.3028
Cd,21,M7_TargetSpecific_Selected,ExtraTrees,-4.3187,11.8312,-16.1498,16.1498
Cd,21,M7_TargetSpecific_Selected,ExtraTrees,-0.9637,10.3374,-11.3011,11.3011
Cd,21,M7_TargetSpecific_Selected,ExtraTrees,19.7136,18.6713,1.0423,1.0423
Cd,21,M7_TargetSpecific_Selected,ExtraTrees,3.2283,8.7253,-5.497,5.497
Cd,22,M1_Core,Ridge,-4.4467,7.8467,-12.2933,12.2933
Cd,22,M1_Core,Ridge,-3.9034,7.1845,-11.0879,11.0879
Cd,22,M1_Core,Ridge,6.1732,12.2799,-6.1066,6.1066
Cd,22,M1_Core,Ridge,-0.4032,9.9349,-10.3381,10.3381
Cd,22,M1_Core,Ridge,-3.6492,11.2578,-14.907,14.907
Cd,22,M1_Core,Ridge,9.4817,6.7118,2.77,2.77
Cd,22,M1_Core,Ridge,2.6978,11.691,-8.9931,8.9931
Cd,22,M1_Core,Ridge,84.8971,10.8051,74.092,74.092
Cd,22,M1_Core,HuberRegressor,-4.4467,3.3047,-7.7513,7.7513
Cd,22,M1_Core,HuberRegressor,-3.9034,1.3358,-5.2391,5.2391
Cd,22,M1_Core,HuberRegressor,6.1732,5.7426,0.4307,0.4307
Cd,22,M1_Core,HuberRegressor,-0.4032,3.9377,-4.3409,4.3409
Cd,22,M1_Core,HuberRegressor,-3.6492,4.488,-8.1372,8.1372
Cd,22,M1_Core,HuberRegressor,9.4817,1.61,7.8717,7.8717
Cd,22,M1_Core,HuberRegressor,2.6978,8.8053,-6.1075,6.1075
Cd,22,M1_Core,HuberRegressor,84.8971,3.2589,81.6382,81.6382
Cd,22,M1_Core,ExtraTrees,-4.4467,3.3741,-7.8208,7.8208
Cd,22,M1_Core,ExtraTrees,-3.9034,2.6764,-6.5797,6.5797
Cd,22,M1_Core,ExtraTrees,6.1732,10.9266,-4.7534,4.7534
Cd,22,M1_Core,ExtraTrees,-0.4032,9.234,-9.6372,9.6372
Cd,22,M1_Core,ExtraTrees,-3.6492,15.6382,-19.2874,19.2874
Cd,22,M1_Core,ExtraTrees,9.4817,3.7798,5.7019,5.7019
Cd,22,M1_Core,ExtraTrees,2.6978,8.0438,-5.346,5.346
Cd,22,M1_Core,ExtraTrees,84.8971,10.0942,74.8029,74.8029
Cd,22,M7_TargetSpecific_Selected,Ridge,-4.4467,12.5882,-17.0349,17.0349
Cd,22,M7_TargetSpecific_Selected,Ridge,-3.9034,8.6851,-12.5885,12.5885
Cd,22,M7_TargetSpecific_Selected,Ridge,6.1732,8.4103,-2.237,2.237
Cd,22,M7_TargetSpecific_Selected,Ridge,-0.4032,10.375,-10.7782,10.7782
Cd,22,M7_TargetSpecific_Selected,Ridge,-3.6492,45.2819,-48.9311,48.9311
Cd,22,M7_TargetSpecific_Selected,Ridge,9.4817,4.4165,5.0652,5.0652
Cd,22,M7_TargetSpecific_Selected,Ridge,2.6978,8.6413,-5.9435,5.9435
Cd,22,M7_TargetSpecific_Selected,Ridge,84.8971,7.811,77.0861,77.0861
Cd,22,M7_TargetSpecific_Selected,HuberRegressor,-4.4467,9.1886,-13.6353,13.6353
Cd,22,M7_TargetSpecific_Selected,HuberRegressor,-3.9034,5.2737,-9.1771,9.1771
Cd,22,M7_TargetSpecific_Selected,HuberRegressor,6.1732,2.4779,3.6954,3.6954
Cd,22,M7_TargetSpecific_Selected,HuberRegressor,-0.4032,5.3136,-5.7168,5.7168
Cd,22,M7_TargetSpecific_Selected,HuberRegressor,-3.6492,28.2143,-31.8635,31.8635
Cd,22,M7_TargetSpecific_Selected,HuberRegressor,9.4817,4.2092,5.2726,5.2726
Cd,22,M7_TargetSpecific_Selected,HuberRegressor,2.6978,7.0226,-4.3248,4.3248
Cd,22,M7_TargetSpecific_Selected,HuberRegressor,84.8971,-3.4277,88.3248,88.3248
Cd,22,M7_TargetSpecific_Selected,ExtraTrees,-4.4467,15.1012,-19.5479,19.5479
Cd,22,M7_TargetSpecific_Selected,ExtraTrees,-3.9034,5.6161,-9.5194,9.5194
Cd,22,M7_TargetSpecific_Selected,ExtraTrees,6.1732,5.9808,0.1924,0.1924
Cd,22,M7_TargetSpecific_Selected,ExtraTrees,-0.4032,6.9706,-7.3738,7.3738
Cd,22,M7_TargetSpecific_Selected,ExtraTrees,-3.6492,17.0047,-20.6539,20.6539
Cd,22,M7_TargetSpecific_Selected,ExtraTrees,9.4817,5.3679,4.1138,4.1138
Cd,22,M7_TargetSpecific_Selected,ExtraTrees,2.6978,9.5302,-6.8324,6.8324
Cd,22,M7_TargetSpecific_Selected,ExtraTrees,84.8971,3.0819,81.8152,81.8152
Cd,23,M1_Core,Ridge,-4.923,-15.6858,10.7628,10.7628
Cd,23,M1_Core,Ridge,-5.5505,2.1398,-7.6903,7.6903
Cd,23,M1_Core,Ridge,0.8552,36.6603,-35.8051,35.8051
Cd,23,M1_Core,Ridge,2.4162,22.5854,-20.1692,20.1692
Cd,23,M1_Core,Ridge,-0.7323,20.4318,-21.1641,21.1641
Cd,23,M1_Core,Ridge,15.0633,5.0842,9.9791,9.9791
Cd,23,M1_Core,Ridge,0.578,6.1415,-5.5636,5.5636
Cd,23,M1_Core,Ridge,-0.2305,6.4645,-6.695,6.695
Cd,23,M1_Core,HuberRegressor,-4.923,-4.842,-0.081,0.081
Cd,23,M1_Core,HuberRegressor,-5.5505,-5.1494,-0.4011,0.4011
Cd,23,M1_Core,HuberRegressor,0.8552,10.9489,-10.0936,10.0936
Cd,23,M1_Core,HuberRegressor,2.4162,15.3556,-12.9393,12.9393
Cd,23,M1_Core,HuberRegressor,-0.7323,10.4263,-11.1586,11.1586
Cd,23,M1_Core,HuberRegressor,15.0633,2.6219,12.4414,12.4414
Cd,23,M1_Core,HuberRegressor,0.578,5.8961,-5.3182,5.3182
Cd,23,M1_Core,HuberRegressor,-0.2305,5.2715,-5.502,5.502
Cd,23,M1_Core,ExtraTrees,-4.923,-0.6065,-4.3165,4.3165
Cd,23,M1_Core,ExtraTrees,-5.5505,2.5821,-8.1326,8.1326
Cd,23,M1_Core,ExtraTrees,0.8552,22.8127,-21.9574,21.9574
Cd,23,M1_Core,ExtraTrees,2.4162,11.1528,-8.7366,8.7366
Cd,23,M1_Core,ExtraTrees,-0.7323,11.9719,-12.7042,12.7042
Cd,23,M1_Core,ExtraTrees,15.0633,7.1548,7.9085,7.9085
Cd,23,M1_Core,ExtraTrees,0.578,6.7241,-6.1461,6.1461
Cd,23,M1_Core,ExtraTrees,-0.2305,3.3879,-3.6184,3.6184
Cd,23,M7_TargetSpecific_Selected,Ridge,-4.923,-21.376,16.4531,16.4531
Cd,23,M7_TargetSpecific_Selected,Ridge,-5.5505,-25.2372,19.6867,19.6867
Cd,23,M7_TargetSpecific_Selected,Ridge,0.8552,49.5022,-48.647,48.647
Cd,23,M7_TargetSpecific_Selected,Ridge,2.4162,24.2794,-21.8631,21.8631
Cd,23,M7_TargetSpecific_Selected,Ridge,-0.7323,24.257,-24.9893,24.9893
Cd,23,M7_TargetSpecific_Selected,Ridge,15.0633,8.9717,6.0916,6.0916
Cd,23,M7_TargetSpecific_Selected,Ridge,0.578,4.1914,-3.6134,3.6134
Cd,23,M7_TargetSpecific_Selected,Ridge,-0.2305,10.5398,-10.7703,10.7703
Cd,23,M7_TargetSpecific_Selected,HuberRegressor,-4.923,-2.3387,-2.5842,2.5842
Cd,23,M7_TargetSpecific_Selected,HuberRegressor,-5.5505,-18.7405,13.19,13.19
Cd,23,M7_TargetSpecific_Selected,HuberRegressor,0.8552,41.6237,-40.7685,40.7685
Cd,23,M7_TargetSpecific_Selected,HuberRegressor,2.4162,18.7821,-16.3658,16.3658
Cd,23,M7_TargetSpecific_Selected,HuberRegressor,-0.7323,9.9684,-10.7007,10.7007
Cd,23,M7_TargetSpecific_Selected,HuberRegressor,15.0633,6.0372,9.026,9.026
Cd,23,M7_TargetSpecific_Selected,HuberRegressor,0.578,0.6853,-0.1073,0.1073
Cd,23,M7_TargetSpecific_Selected,HuberRegressor,-0.2305,7.3658,-7.5963,7.5963
Cd,23,M7_TargetSpecific_Selected,ExtraTrees,-4.923,2.0659,-6.9888,6.9888
Cd,23,M7_TargetSpecific_Selected,ExtraTrees,-5.5505,1.882,-7.4324,7.4324
Cd,23,M7_TargetSpecific_Selected,ExtraTrees,0.8552,28.7684,-27.9131,27.9131
Cd,23,M7_TargetSpecific_Selected,ExtraTrees,2.4162,12.6555,-10.2392,10.2392
Cd,23,M7_TargetSpecific_Selected,ExtraTrees,-0.7323,13.7922,-14.5245,14.5245
Cd,23,M7_TargetSpecific_Selected,ExtraTrees,15.0633,5.821,9.2423,9.2423
Cd,23,M7_TargetSpecific_Selected,ExtraTrees,0.578,9.9752,-9.3973,9.3973
Cd,23,M7_TargetSpecific_Selected,ExtraTrees,-0.2305,6.9818,-7.2123,7.2123
Cd,24,M1_Core,Ridge,-4.506,-13.6097,9.1036,9.1036
Cd,24,M1_Core,Ridge,11.8254,10.1219,1.7035,1.7035
Cd,24,M1_Core,Ridge,-5.1799,5.8958,-11.0757,11.0757
Cd,24,M1_Core,Ridge,-0.795,13.6828,-14.4779,14.4779
Cd,24,M1_Core,Ridge,-4.2972,9.5908,-13.888,13.888
Cd,24,M1_Core,Ridge,6.9993,-19.0187,26.018,26.018
Cd,24,M1_Core,Ridge,9.3829,-1.8241,11.2069,11.2069
Cd,24,M1_Core,Ridge,31.596,7.693,23.903,23.903
Cd,24,M1_Core,HuberRegressor,-4.506,-11.6175,7.1115,7.1115
Cd,24,M1_Core,HuberRegressor,11.8254,5.1295,6.6959,6.6959
Cd,24,M1_Core,HuberRegressor,-5.1799,1.916,-7.0959,7.0959
Cd,24,M1_Core,HuberRegressor,-0.795,1.8214,-2.6164,2.6164
Cd,24,M1_Core,HuberRegressor,-4.2972,1.7205,-6.0178,6.0178
Cd,24,M1_Core,HuberRegressor,6.9993,-0.9346,7.9339,7.9339
Cd,24,M1_Core,HuberRegressor,9.3829,0.9079,8.475,8.475
Cd,24,M1_Core,HuberRegressor,31.596,3.3582,28.2378,28.2378
Cd,24,M1_Core,ExtraTrees,-4.506,-1.6314,-2.8747,2.8747
Cd,24,M1_Core,ExtraTrees,11.8254,7.6836,4.1418,4.1418
Cd,24,M1_Core,ExtraTrees,-5.1799,9.2708,-14.4507,14.4507
Cd,24,M1_Core,ExtraTrees,-0.795,8.2209,-9.016,9.016
Cd,24,M1_Core,ExtraTrees,-4.2972,10.1865,-14.4837,14.4837
Cd,24,M1_Core,ExtraTrees,6.9993,1.6397,5.3597,5.3597
Cd,24,M1_Core,ExtraTrees,9.3829,3.752,5.6308,5.6308
Cd,24,M1_Core,ExtraTrees,31.596,2.0903,29.5057,29.5057
Cd,24,M7_TargetSpecific_Selected,Ridge,-4.506,-10.626,6.12,6.12
Cd,24,M7_TargetSpecific_Selected,Ridge,11.8254,3.6527,8.1728,8.1728
Cd,24,M7_TargetSpecific_Selected,Ridge,-5.1799,8.4932,-13.6732,13.6732
Cd,24,M7_TargetSpecific_Selected,Ridge,-0.795,13.961,-14.7561,14.7561
Cd,24,M7_TargetSpecific_Selected,Ridge,-4.2972,15.8735,-20.1707,20.1707
Cd,24,M7_TargetSpecific_Selected,Ridge,6.9993,-18.944,25.9433,25.9433
Cd,24,M7_TargetSpecific_Selected,Ridge,9.3829,0.4556,8.9273,8.9273
Cd,24,M7_TargetSpecific_Selected,Ridge,31.596,10.7214,20.8746,20.8746
Cd,24,M7_TargetSpecific_Selected,HuberRegressor,-4.506,4.3722,-8.8783,8.8783
Cd,24,M7_TargetSpecific_Selected,HuberRegressor,11.8254,-5.5113,17.3367,17.3367
Cd,24,M7_TargetSpecific_Selected,HuberRegressor,-5.1799,3.9072,-9.0871,9.0871
Cd,24,M7_TargetSpecific_Selected,HuberRegressor,-0.795,8.2597,-9.0548,9.0548
Cd,24,M7_TargetSpecific_Selected,HuberRegressor,-4.2972,10.3849,-14.6821,14.6821
Cd,24,M7_TargetSpecific_Selected,HuberRegressor,6.9993,-5.697,12.6964,12.6964
Cd,24,M7_TargetSpecific_Selected,HuberRegressor,9.3829,1.9256,7.4573,7.4573
Cd,24,M7_TargetSpecific_Selected,HuberRegressor,31.596,5.4053,26.1907,26.1907
Cd,24,M7_TargetSpecific_Selected,ExtraTrees,-4.506,0.4197,-4.9258,4.9258
Cd,24,M7_TargetSpecific_Selected,ExtraTrees,11.8254,1.9141,9.9113,9.9113
Cd,24,M7_TargetSpecific_Selected,ExtraTrees,-5.1799,9.5705,-14.7504,14.7504
Cd,24,M7_TargetSpecific_Selected,ExtraTrees,-0.795,4.4256,-5.2206,5.2206
Cd,24,M7_TargetSpecific_Selected,ExtraTrees,-4.2972,6.4328,-10.73,10.73
Cd,24,M7_TargetSpecific_Selected,ExtraTrees,6.9993,2.6798,4.3195,4.3195
Cd,24,M7_TargetSpecific_Selected,ExtraTrees,9.3829,3.6612,5.7216,5.7216
Cd,24,M7_TargetSpecific_Selected,ExtraTrees,31.596,2.3643,29.2317,29.2317
