SAMPLE_ID,target,model,repeat,outer_fold,true_value,predicted_value,residual,absolute_error,squared_error
S98_01791,Ni_num,Dummy_Median,1,1,1.0,1.65,-0.6499999999999999,0.6499999999999999,0.4224999999999999
S98_01799,Ni_num,Dummy_Median,1,1,0.5,1.65,-1.15,1.15,1.3224999999999998
S98_01802,Ni_num,Dummy_Median,1,1,3.0,1.65,1.35,1.35,1.8225000000000002
S98_01803,Ni_num,Dummy_Median,1,1,2.0,1.65,0.3500000000000001,0.3500000000000001,0.12250000000000007
S98_01806,Ni_num,Dummy_Median,1,1,1.5,1.65,-0.1499999999999999,0.1499999999999999,0.022499999999999975
S98_01815,Ni_num,Dummy_Median,1,1,3.4,1.65,1.75,1.75,3.0625
S98_01817,Ni_num,Dummy_Median,1,1,1.5,1.65,-0.1499999999999999,0.1499999999999999,0.022499999999999975
S98_01827,Ni_num,Dummy_Median,1,1,3.0,1.65,1.35,1.35,1.8225000000000002
S98_01793,Ni_num,Dummy_Median,1,2,0.9,1.55,-0.65,0.65,0.42250000000000004
S98_01795,Ni_num,Dummy_Median,1,2,3.3,1.55,1.7499999999999998,1.7499999999999998,3.062499999999999
S98_01796,Ni_num,Dummy_Median,1,2,0.7,1.55,-0.8500000000000001,0.8500000000000001,0.7225000000000001
S98_01800,Ni_num,Dummy_Median,1,2,2.4,1.55,0.8499999999999999,0.8499999999999999,0.7224999999999998
S98_01813,Ni_num,Dummy_Median,1,2,2.1,1.55,0.55,0.55,0.30250000000000005
S98_01821,Ni_num,Dummy_Median,1,2,4.7,1.55,3.1500000000000004,3.1500000000000004,9.922500000000003
S98_01824,Ni_num,Dummy_Median,1,2,1.0,1.55,-0.55,0.55,0.30250000000000005
S98_01834,Ni_num,Dummy_Median,1,2,2.2,1.55,0.6500000000000001,0.6500000000000001,0.42250000000000015
S98_01785,Ni_num,Dummy_Median,1,3,1.1,2.05,-0.9499999999999997,0.9499999999999997,0.9024999999999995
S98_01786,Ni_num,Dummy_Median,1,3,1.0,2.05,-1.0499999999999998,1.0499999999999998,1.1024999999999996
S98_01792,Ni_num,Dummy_Median,1,3,1.7,2.05,-0.34999999999999987,0.34999999999999987,0.1224999999999999
S98_01798,Ni_num,Dummy_Median,1,3,1.2,2.05,-0.8499999999999999,0.8499999999999999,0.7224999999999998
S98_01804,Ni_num,Dummy_Median,1,3,1.5,2.05,-0.5499999999999998,0.5499999999999998,0.3024999999999998
S98_01811,Ni_num,Dummy_Median,1,3,8.0,2.05,5.95,5.95,35.4025
S98_01819,Ni_num,Dummy_Median,1,3,3.5,2.05,1.4500000000000002,1.4500000000000002,2.1025000000000005
S98_01823,Ni_num,Dummy_Median,1,3,1.0,2.05,-1.0499999999999998,1.0499999999999998,1.1024999999999996
S98_01788,Ni_num,Dummy_Median,1,4,1.4,1.5,-0.10000000000000009,0.10000000000000009,0.010000000000000018
S98_01789,Ni_num,Dummy_Median,1,4,0.8,1.5,-0.7,0.7,0.48999999999999994
S98_01808,Ni_num,Dummy_Median,1,4,7.5,1.5,6.0,6.0,36.0
S98_01810,Ni_num,Dummy_Median,1,4,2.1,1.5,0.6000000000000001,0.6000000000000001,0.3600000000000001
S98_01820,Ni_num,Dummy_Median,1,4,5.5,1.5,4.0,4.0,16.0
S98_01822,Ni_num,Dummy_Median,1,4,3.9,1.5,2.4,2.4,5.76
S98_01825,Ni_num,Dummy_Median,1,4,3.1,1.5,1.6,1.6,2.5600000000000005
S98_01826,Ni_num,Dummy_Median,1,4,8.9,1.5,7.4,7.4,54.760000000000005
S98_01794,Ni_num,Dummy_Median,1,5,1.3,2.05,-0.7499999999999998,0.7499999999999998,0.5624999999999997
S98_01797,Ni_num,Dummy_Median,1,5,0.8,2.05,-1.2499999999999998,1.2499999999999998,1.5624999999999996
S98_01801,Ni_num,Dummy_Median,1,5,1.3,2.05,-0.7499999999999998,0.7499999999999998,0.5624999999999997
S98_01805,Ni_num,Dummy_Median,1,5,1.1,2.05,-0.9499999999999997,0.9499999999999997,0.9024999999999995
S98_01807,Ni_num,Dummy_Median,1,5,1.6,2.05,-0.44999999999999973,0.44999999999999973,0.20249999999999976
S98_01809,Ni_num,Dummy_Median,1,5,1.1,2.05,-0.9499999999999997,0.9499999999999997,0.9024999999999995
S98_01818,Ni_num,Dummy_Median,1,5,4.5,2.05,2.45,2.45,6.002500000000001
S98_01828,Ni_num,Dummy_Median,1,5,3.5,2.05,1.4500000000000002,1.4500000000000002,2.1025000000000005
S98_01785,Ni_num,Dummy_Median,2,1,1.1,1.65,-0.5499999999999998,0.5499999999999998,0.3024999999999998
S98_01788,Ni_num,Dummy_Median,2,1,1.4,1.65,-0.25,0.25,0.0625
S98_01795,Ni_num,Dummy_Median,2,1,3.3,1.65,1.65,1.65,2.7224999999999997
S98_01805,Ni_num,Dummy_Median,2,1,1.1,1.65,-0.5499999999999998,0.5499999999999998,0.3024999999999998
S98_01806,Ni_num,Dummy_Median,2,1,1.5,1.65,-0.1499999999999999,0.1499999999999999,0.022499999999999975
S98_01811,Ni_num,Dummy_Median,2,1,8.0,1.65,6.35,6.35,40.3225
S98_01825,Ni_num,Dummy_Median,2,1,3.1,1.65,1.4500000000000002,1.4500000000000002,2.1025000000000005
S98_01826,Ni_num,Dummy_Median,2,1,8.9,1.65,7.25,7.25,52.5625
S98_01791,Ni_num,Dummy_Median,2,2,1.0,1.85,-0.8500000000000001,0.8500000000000001,0.7225000000000001
S98_01793,Ni_num,Dummy_Median,2,2,0.9,1.85,-0.9500000000000001,0.9500000000000001,0.9025000000000001
S98_01794,Ni_num,Dummy_Median,2,2,1.3,1.85,-0.55,0.55,0.30250000000000005
S98_01796,Ni_num,Dummy_Median,2,2,0.7,1.85,-1.1500000000000001,1.1500000000000001,1.3225000000000002
S98_01799,Ni_num,Dummy_Median,2,2,0.5,1.85,-1.35,1.35,1.8225000000000002
S98_01802,Ni_num,Dummy_Median,2,2,3.0,1.85,1.15,1.15,1.3224999999999998
S98_01808,Ni_num,Dummy_Median,2,2,7.5,1.85,5.65,5.65,31.922500000000003
S98_01827,Ni_num,Dummy_Median,2,2,3.0,1.85,1.15,1.15,1.3224999999999998
S98_01801,Ni_num,Dummy_Median,2,3,1.3,1.6,-0.30000000000000004,0.30000000000000004,0.09000000000000002
S98_01803,Ni_num,Dummy_Median,2,3,2.0,1.6,0.3999999999999999,0.3999999999999999,0.15999999999999992
S98_01804,Ni_num,Dummy_Median,2,3,1.5,1.6,-0.10000000000000009,0.10000000000000009,0.010000000000000018
S98_01807,Ni_num,Dummy_Median,2,3,1.6,1.6,0.0,0.0,0.0
S98_01813,Ni_num,Dummy_Median,2,3,2.1,1.6,0.5,0.5,0.25
S98_01820,Ni_num,Dummy_Median,2,3,5.5,1.6,3.9,3.9,15.209999999999999
S98_01821,Ni_num,Dummy_Median,2,3,4.7,1.6,3.1,3.1,9.610000000000001
S98_01823,Ni_num,Dummy_Median,2,3,1.0,1.6,-0.6000000000000001,0.6000000000000001,0.3600000000000001
S98_01786,Ni_num,Dummy_Median,2,4,1.0,1.85,-0.8500000000000001,0.8500000000000001,0.7225000000000001
S98_01789,Ni_num,Dummy_Median,2,4,0.8,1.85,-1.05,1.05,1.1025
S98_01797,Ni_num,Dummy_Median,2,4,0.8,1.85,-1.05,1.05,1.1025
S98_01815,Ni_num,Dummy_Median,2,4,3.4,1.85,1.5499999999999998,1.5499999999999998,2.4024999999999994
S98_01817,Ni_num,Dummy_Median,2,4,1.5,1.85,-0.3500000000000001,0.3500000000000001,0.12250000000000007
S98_01819,Ni_num,Dummy_Median,2,4,3.5,1.85,1.65,1.65,2.7224999999999997
S98_01824,Ni_num,Dummy_Median,2,4,1.0,1.85,-0.8500000000000001,0.8500000000000001,0.7225000000000001
S98_01828,Ni_num,Dummy_Median,2,4,3.5,1.85,1.65,1.65,2.7224999999999997
S98_01792,Ni_num,Dummy_Median,2,5,1.7,1.5,0.19999999999999996,0.19999999999999996,0.03999999999999998
S98_01798,Ni_num,Dummy_Median,2,5,1.2,1.5,-0.30000000000000004,0.30000000000000004,0.09000000000000002
S98_01800,Ni_num,Dummy_Median,2,5,2.4,1.5,0.8999999999999999,0.8999999999999999,0.8099999999999998
S98_01809,Ni_num,Dummy_Median,2,5,1.1,1.5,-0.3999999999999999,0.3999999999999999,0.15999999999999992
S98_01810,Ni_num,Dummy_Median,2,5,2.1,1.5,0.6000000000000001,0.6000000000000001,0.3600000000000001
S98_01818,Ni_num,Dummy_Median,2,5,4.5,1.5,3.0,3.0,9.0
S98_01822,Ni_num,Dummy_Median,2,5,3.9,1.5,2.4,2.4,5.76
S98_01834,Ni_num,Dummy_Median,2,5,2.2,1.5,0.7000000000000002,0.7000000000000002,0.49000000000000027
S98_01788,Ni_num,Dummy_Median,3,1,1.4,1.5,-0.10000000000000009,0.10000000000000009,0.010000000000000018
S98_01792,Ni_num,Dummy_Median,3,1,1.7,1.5,0.19999999999999996,0.19999999999999996,0.03999999999999998
S98_01793,Ni_num,Dummy_Median,3,1,0.9,1.5,-0.6,0.6,0.36
S98_01803,Ni_num,Dummy_Median,3,1,2.0,1.5,0.5,0.5,0.25
S98_01807,Ni_num,Dummy_Median,3,1,1.6,1.5,0.10000000000000009,0.10000000000000009,0.010000000000000018
S98_01825,Ni_num,Dummy_Median,3,1,3.1,1.5,1.6,1.6,2.5600000000000005
S98_01828,Ni_num,Dummy_Median,3,1,3.5,1.5,2.0,2.0,4.0
S98_01834,Ni_num,Dummy_Median,3,1,2.2,1.5,0.7000000000000002,0.7000000000000002,0.49000000000000027
S98_01789,Ni_num,Dummy_Median,3,2,0.8,1.85,-1.05,1.05,1.1025
S98_01791,Ni_num,Dummy_Median,3,2,1.0,1.85,-0.8500000000000001,0.8500000000000001,0.7225000000000001
S98_01794,Ni_num,Dummy_Median,3,2,1.3,1.85,-0.55,0.55,0.30250000000000005
S98_01802,Ni_num,Dummy_Median,3,2,3.0,1.85,1.15,1.15,1.3224999999999998
S98_01809,Ni_num,Dummy_Median,3,2,1.1,1.85,-0.75,0.75,0.5625
S98_01810,Ni_num,Dummy_Median,3,2,2.1,1.85,0.25,0.25,0.0625
S98_01821,Ni_num,Dummy_Median,3,2,4.7,1.85,2.85,2.85,8.1225
S98_01824,Ni_num,Dummy_Median,3,2,1.0,1.85,-0.8500000000000001,0.8500000000000001,0.7225000000000001
S98_01799,Ni_num,Dummy_Median,3,3,0.5,1.65,-1.15,1.15,1.3224999999999998
S98_01800,Ni_num,Dummy_Median,3,3,2.4,1.65,0.75,0.75,0.5625
S98_01801,Ni_num,Dummy_Median,3,3,1.3,1.65,-0.34999999999999987,0.34999999999999987,0.1224999999999999
S98_01813,Ni_num,Dummy_Median,3,3,2.1,1.65,0.4500000000000002,0.4500000000000002,0.20250000000000015
S98_01815,Ni_num,Dummy_Median,3,3,3.4,1.65,1.75,1.75,3.0625
S98_01817,Ni_num,Dummy_Median,3,3,1.5,1.65,-0.1499999999999999,0.1499999999999999,0.022499999999999975
S98_01818,Ni_num,Dummy_Median,3,3,4.5,1.65,2.85,2.85,8.1225
S98_01823,Ni_num,Dummy_Median,3,3,1.0,1.65,-0.6499999999999999,0.6499999999999999,0.4224999999999999
S98_01785,Ni_num,Dummy_Median,3,4,1.1,1.65,-0.5499999999999998,0.5499999999999998,0.3024999999999998
S98_01786,Ni_num,Dummy_Median,3,4,1.0,1.65,-0.6499999999999999,0.6499999999999999,0.4224999999999999
S98_01795,Ni_num,Dummy_Median,3,4,3.3,1.65,1.65,1.65,2.7224999999999997
S98_01797,Ni_num,Dummy_Median,3,4,0.8,1.65,-0.8499999999999999,0.8499999999999999,0.7224999999999998
S98_01806,Ni_num,Dummy_Median,3,4,1.5,1.65,-0.1499999999999999,0.1499999999999999,0.022499999999999975
S98_01808,Ni_num,Dummy_Median,3,4,7.5,1.65,5.85,5.85,34.2225
S98_01822,Ni_num,Dummy_Median,3,4,3.9,1.65,2.25,2.25,5.0625
S98_01826,Ni_num,Dummy_Median,3,4,8.9,1.65,7.25,7.25,52.5625
S98_01796,Ni_num,Dummy_Median,3,5,0.7,1.65,-0.95,0.95,0.9025
S98_01798,Ni_num,Dummy_Median,3,5,1.2,1.65,-0.44999999999999996,0.44999999999999996,0.20249999999999996
S98_01804,Ni_num,Dummy_Median,3,5,1.5,1.65,-0.1499999999999999,0.1499999999999999,0.022499999999999975
S98_01805,Ni_num,Dummy_Median,3,5,1.1,1.65,-0.5499999999999998,0.5499999999999998,0.3024999999999998
S98_01811,Ni_num,Dummy_Median,3,5,8.0,1.65,6.35,6.35,40.3225
S98_01819,Ni_num,Dummy_Median,3,5,3.5,1.65,1.85,1.85,3.4225000000000003
S98_01820,Ni_num,Dummy_Median,3,5,5.5,1.65,3.85,3.85,14.822500000000002
S98_01827,Ni_num,Dummy_Median,3,5,3.0,1.65,1.35,1.35,1.8225000000000002
S98_01791,Ni_num,Dummy_Median,4,1,1.0,1.85,-0.8500000000000001,0.8500000000000001,0.7225000000000001
S98_01801,Ni_num,Dummy_Median,4,1,1.3,1.85,-0.55,0.55,0.30250000000000005
S98_01804,Ni_num,Dummy_Median,4,1,1.5,1.85,-0.3500000000000001,0.3500000000000001,0.12250000000000007
S98_01807,Ni_num,Dummy_Median,4,1,1.6,1.85,-0.25,0.25,0.0625
S98_01821,Ni_num,Dummy_Median,4,1,4.7,1.85,2.85,2.85,8.1225
S98_01823,Ni_num,Dummy_Median,4,1,1.0,1.85,-0.8500000000000001,0.8500000000000001,0.7225000000000001
S98_01828,Ni_num,Dummy_Median,4,1,3.5,1.85,1.65,1.65,2.7224999999999997
S98_01834,Ni_num,Dummy_Median,4,1,2.2,1.85,0.3500000000000001,0.3500000000000001,0.12250000000000007
S98_01789,Ni_num,Dummy_Median,4,2,0.8,2.05,-1.2499999999999998,1.2499999999999998,1.5624999999999996
S98_01793,Ni_num,Dummy_Median,4,2,0.9,2.05,-1.15,1.15,1.3224999999999998
S98_01796,Ni_num,Dummy_Median,4,2,0.7,2.05,-1.3499999999999999,1.3499999999999999,1.8224999999999996
S98_01798,Ni_num,Dummy_Median,4,2,1.2,2.05,-0.8499999999999999,0.8499999999999999,0.7224999999999998
S98_01805,Ni_num,Dummy_Median,4,2,1.1,2.05,-0.9499999999999997,0.9499999999999997,0.9024999999999995
S98_01810,Ni_num,Dummy_Median,4,2,2.1,2.05,0.050000000000000266,0.050000000000000266,0.0025000000000000265
S98_01824,Ni_num,Dummy_Median,4,2,1.0,2.05,-1.0499999999999998,1.0499999999999998,1.1024999999999996
S98_01825,Ni_num,Dummy_Median,4,2,3.1,2.05,1.0500000000000003,1.0500000000000003,1.1025000000000005
S98_01785,Ni_num,Dummy_Median,4,3,1.1,1.65,-0.5499999999999998,0.5499999999999998,0.3024999999999998
S98_01786,Ni_num,Dummy_Median,4,3,1.0,1.65,-0.6499999999999999,0.6499999999999999,0.4224999999999999
S98_01788,Ni_num,Dummy_Median,4,3,1.4,1.65,-0.25,0.25,0.0625
S98_01809,Ni_num,Dummy_Median,4,3,1.1,1.65,-0.5499999999999998,0.5499999999999998,0.3024999999999998
S98_01813,Ni_num,Dummy_Median,4,3,2.1,1.65,0.4500000000000002,0.4500000000000002,0.20250000000000015
S98_01818,Ni_num,Dummy_Median,4,3,4.5,1.65,2.85,2.85,8.1225
S98_01822,Ni_num,Dummy_Median,4,3,3.9,1.65,2.25,2.25,5.0625
S98_01827,Ni_num,Dummy_Median,4,3,3.0,1.65,1.35,1.35,1.8225000000000002
S98_01795,Ni_num,Dummy_Median,4,4,3.3,1.5,1.7999999999999998,1.7999999999999998,3.2399999999999993
S98_01799,Ni_num,Dummy_Median,4,4,0.5,1.5,-1.0,1.0,1.0
S98_01800,Ni_num,Dummy_Median,4,4,2.4,1.5,0.8999999999999999,0.8999999999999999,0.8099999999999998
S98_01803,Ni_num,Dummy_Median,4,4,2.0,1.5,0.5,0.5,0.25
S98_01808,Ni_num,Dummy_Median,4,4,7.5,1.5,6.0,6.0,36.0
S98_01817,Ni_num,Dummy_Median,4,4,1.5,1.5,0.0,0.0,0.0
S98_01819,Ni_num,Dummy_Median,4,4,3.5,1.5,2.0,2.0,4.0
S98_01826,Ni_num,Dummy_Median,4,4,8.9,1.5,7.4,7.4,54.760000000000005
S98_01792,Ni_num,Dummy_Median,4,5,1.7,1.55,0.1499999999999999,0.1499999999999999,0.022499999999999975
S98_01794,Ni_num,Dummy_Median,4,5,1.3,1.55,-0.25,0.25,0.0625
S98_01797,Ni_num,Dummy_Median,4,5,0.8,1.55,-0.75,0.75,0.5625
S98_01802,Ni_num,Dummy_Median,4,5,3.0,1.55,1.45,1.45,2.1025
S98_01806,Ni_num,Dummy_Median,4,5,1.5,1.55,-0.050000000000000044,0.050000000000000044,0.0025000000000000044
S98_01811,Ni_num,Dummy_Median,4,5,8.0,1.55,6.45,6.45,41.6025
S98_01815,Ni_num,Dummy_Median,4,5,3.4,1.55,1.8499999999999999,1.8499999999999999,3.4224999999999994
S98_01820,Ni_num,Dummy_Median,4,5,5.5,1.55,3.95,3.95,15.602500000000001
S98_01793,Ni_num,Dummy_Median,5,1,0.9,1.55,-0.65,0.65,0.42250000000000004
S98_01799,Ni_num,Dummy_Median,5,1,0.5,1.55,-1.05,1.05,1.1025
S98_01802,Ni_num,Dummy_Median,5,1,3.0,1.55,1.45,1.45,2.1025
S98_01805,Ni_num,Dummy_Median,5,1,1.1,1.55,-0.44999999999999996,0.44999999999999996,0.20249999999999996
S98_01808,Ni_num,Dummy_Median,5,1,7.5,1.55,5.95,5.95,35.4025
S98_01811,Ni_num,Dummy_Median,5,1,8.0,1.55,6.45,6.45,41.6025
S98_01818,Ni_num,Dummy_Median,5,1,4.5,1.55,2.95,2.95,8.7025
S98_01822,Ni_num,Dummy_Median,5,1,3.9,1.55,2.3499999999999996,2.3499999999999996,5.522499999999998
S98_01785,Ni_num,Dummy_Median,5,2,1.1,1.6,-0.5,0.5,0.25
S98_01796,Ni_num,Dummy_Median,5,2,0.7,1.6,-0.9000000000000001,0.9000000000000001,0.8100000000000003
S98_01807,Ni_num,Dummy_Median,5,2,1.6,1.6,0.0,0.0,0.0
S98_01810,Ni_num,Dummy_Median,5,2,2.1,1.6,0.5,0.5,0.25
S98_01813,Ni_num,Dummy_Median,5,2,2.1,1.6,0.5,0.5,0.25
S98_01823,Ni_num,Dummy_Median,5,2,1.0,1.6,-0.6000000000000001,0.6000000000000001,0.3600000000000001
S98_01825,Ni_num,Dummy_Median,5,2,3.1,1.6,1.5,1.5,2.25
S98_01826,Ni_num,Dummy_Median,5,2,8.9,1.6,7.300000000000001,7.300000000000001,53.29000000000001
S98_01791,Ni_num,Dummy_Median,5,3,1.0,1.8,-0.8,0.8,0.6400000000000001
S98_01792,Ni_num,Dummy_Median,5,3,1.7,1.8,-0.10000000000000009,0.10000000000000009,0.010000000000000018
S98_01794,Ni_num,Dummy_Median,5,3,1.3,1.8,-0.5,0.5,0.25
S98_01795,Ni_num,Dummy_Median,5,3,3.3,1.8,1.4999999999999998,1.4999999999999998,2.2499999999999996
S98_01806,Ni_num,Dummy_Median,5,3,1.5,1.8,-0.30000000000000004,0.30000000000000004,0.09000000000000002
S98_01815,Ni_num,Dummy_Median,5,3,3.4,1.8,1.5999999999999999,1.5999999999999999,2.5599999999999996
S98_01824,Ni_num,Dummy_Median,5,3,1.0,1.8,-0.8,0.8,0.6400000000000001
S98_01827,Ni_num,Dummy_Median,5,3,3.0,1.8,1.2,1.2,1.44
S98_01786,Ni_num,Dummy_Median,5,4,1.0,1.9,-0.8999999999999999,0.8999999999999999,0.8099999999999998
S98_01797,Ni_num,Dummy_Median,5,4,0.8,1.9,-1.0999999999999999,1.0999999999999999,1.2099999999999997
S98_01798,Ni_num,Dummy_Median,5,4,1.2,1.9,-0.7,0.7,0.48999999999999994
S98_01801,Ni_num,Dummy_Median,5,4,1.3,1.9,-0.5999999999999999,0.5999999999999999,0.3599999999999998
S98_01803,Ni_num,Dummy_Median,5,4,2.0,1.9,0.10000000000000009,0.10000000000000009,0.010000000000000018
S98_01804,Ni_num,Dummy_Median,5,4,1.5,1.9,-0.3999999999999999,0.3999999999999999,0.15999999999999992
S98_01820,Ni_num,Dummy_Median,5,4,5.5,1.9,3.6,3.6,12.96
S98_01828,Ni_num,Dummy_Median,5,4,3.5,1.9,1.6,1.6,2.5600000000000005
S98_01788,Ni_num,Dummy_Median,5,5,1.4,1.65,-0.25,0.25,0.0625
S98_01789,Ni_num,Dummy_Median,5,5,0.8,1.65,-0.8499999999999999,0.8499999999999999,0.7224999999999998
S98_01800,Ni_num,Dummy_Median,5,5,2.4,1.65,0.75,0.75,0.5625
S98_01809,Ni_num,Dummy_Median,5,5,1.1,1.65,-0.5499999999999998,0.5499999999999998,0.3024999999999998
S98_01817,Ni_num,Dummy_Median,5,5,1.5,1.65,-0.1499999999999999,0.1499999999999999,0.022499999999999975
S98_01819,Ni_num,Dummy_Median,5,5,3.5,1.65,1.85,1.85,3.4225000000000003
S98_01821,Ni_num,Dummy_Median,5,5,4.7,1.65,3.0500000000000003,3.0500000000000003,9.302500000000002
S98_01834,Ni_num,Dummy_Median,5,5,2.2,1.65,0.5500000000000003,0.5500000000000003,0.30250000000000027
S98_01791,Ni_num,LinearRegression,1,1,1.0,2.2337358028950143,-1.2337358028950143,1.2337358028950143,1.5221040313450056
S98_01799,Ni_num,LinearRegression,1,1,0.5,1.7382054609382807,-1.2382054609382807,1.2382054609382807,1.53315276349738
S98_01802,Ni_num,LinearRegression,1,1,3.0,2.7851944886636195,0.21480551133638048,0.21480551133638048,0.04614140770048388
S98_01803,Ni_num,LinearRegression,1,1,2.0,1.7612873981870267,0.23871260181297327,0.23871260181297327,0.05698370626431913
S98_01806,Ni_num,LinearRegression,1,1,1.5,1.9134257838720554,-0.4134257838720554,0.4134257838720554,0.17092087877022347
S98_01815,Ni_num,LinearRegression,1,1,3.4,7.888496624551151,-4.488496624551152,4.488496624551152,20.14660194860708
S98_01817,Ni_num,LinearRegression,1,1,1.5,3.3855377789837577,-1.8855377789837577,1.8855377789837577,3.5552527159750023
S98_01827,Ni_num,LinearRegression,1,1,3.0,3.8903928229011338,-0.8903928229011338,0.8903928229011338,0.7927993790738498
S98_01793,Ni_num,LinearRegression,1,2,0.9,2.7227225043228707,-1.8227225043228708,1.8227225043228708,3.3223173277650377
S98_01795,Ni_num,LinearRegression,1,2,3.3,1.865107991488606,1.4348920085113939,1.4348920085113939,2.058915076089862
S98_01796,Ni_num,LinearRegression,1,2,0.7,1.8008072049770834,-1.1008072049770834,1.1008072049770834,1.2117765025294585
S98_01800,Ni_num,LinearRegression,1,2,2.4,0.7359658749481621,1.6640341250518378,1.6640341250518378,2.7690095693370353
S98_01813,Ni_num,LinearRegression,1,2,2.1,3.618573345944915,-1.5185733459449149,1.5185733459449149,2.3060650070143343
S98_01821,Ni_num,LinearRegression,1,2,4.7,4.4712518183273415,0.22874818167265865,0.22874818167265865,0.052325730618547645
S98_01824,Ni_num,LinearRegression,1,2,1.0,1.7943937545322208,-0.7943937545322208,0.7943937545322208,0.6310614372397984
S98_01834,Ni_num,LinearRegression,1,2,2.2,3.4425810767995544,-1.2425810767995542,1.2425810767995542,1.5440077324203396
S98_01785,Ni_num,LinearRegression,1,3,1.1,3.6316098779669916,-2.5316098779669916,2.5316098779669916,6.409048574220046
S98_01786,Ni_num,LinearRegression,1,3,1.0,1.0828849240536105,-0.08288492405361048,0.08288492405361048,0.006869910635372777
S98_01792,Ni_num,LinearRegression,1,3,1.7,4.293034788749914,-2.5930347887499137,2.5930347887499137,6.72382941566731
S98_01798,Ni_num,LinearRegression,1,3,1.2,3.6034034456412782,-2.4034034456412785,2.4034034456412785,5.77634812252037
S98_01804,Ni_num,LinearRegression,1,3,1.5,3.246970737709513,-1.7469707377095132,1.7469707377095132,3.051906758413321
S98_01811,Ni_num,LinearRegression,1,3,8.0,0.629786723688949,7.370213276311051,7.370213276311051,54.320043738311675
S98_01819,Ni_num,LinearRegression,1,3,3.5,4.0180028391721905,-0.5180028391721905,0.5180028391721905,0.2683269413904502
S98_01823,Ni_num,LinearRegression,1,3,1.0,1.43279419753984,-0.43279419753983994,0.43279419753983994,0.187310817424154
S98_01788,Ni_num,LinearRegression,1,4,1.4,1.4105069181952712,-0.010506918195271275,0.010506918195271275,0.0001103953299621226
S98_01789,Ni_num,LinearRegression,1,4,0.8,1.5219870171956729,-0.7219870171956728,0.7219870171956728,0.5212652529991048
S98_01808,Ni_num,LinearRegression,1,4,7.5,3.080881108439523,4.419118891560477,4.419118891560477,19.5286117777467
S98_01810,Ni_num,LinearRegression,1,4,2.1,1.4167944799634848,0.6832055200365152,0.6832055200365152,0.4667697826083652
S98_01820,Ni_num,LinearRegression,1,4,5.5,3.8951989197465764,1.6048010802534236,1.6048010802534236,2.5753865071825555
S98_01822,Ni_num,LinearRegression,1,4,3.9,3.059977512435687,0.8400224875643127,0.8400224875643127,0.705637779613736
S98_01825,Ni_num,LinearRegression,1,4,3.1,3.5351225370512536,-0.4351225370512535,0.4351225370512535,0.18933162224991945
S98_01826,Ni_num,LinearRegression,1,4,8.9,3.072884794605387,5.827115205394613,5.827115205394613,33.955271616941104
S98_01794,Ni_num,LinearRegression,1,5,1.3,2.2339889136400006,-0.9339889136400006,0.9339889136400006,0.8723352908024284
S98_01797,Ni_num,LinearRegression,1,5,0.8,1.6723158857575966,-0.8723158857575966,0.8723158857575966,0.7609350045450602
S98_01801,Ni_num,LinearRegression,1,5,1.3,1.4012663026245262,-0.10126630262452618,0.10126630262452618,0.010254864047242119
S98_01805,Ni_num,LinearRegression,1,5,1.1,2.4033410734461644,-1.3033410734461643,1.3033410734461643,1.6986979537317999
S98_01807,Ni_num,LinearRegression,1,5,1.6,2.0119265400595197,-0.41192654005951956,0.41192654005951956,0.169683474405407
S98_01809,Ni_num,LinearRegression,1,5,1.1,1.8425193135898317,-0.7425193135898316,0.7425193135898316,0.5513349310539146
S98_01818,Ni_num,LinearRegression,1,5,4.5,4.657962200592483,-0.15796220059248256,0.15796220059248256,0.024952056816019696
S98_01828,Ni_num,LinearRegression,1,5,3.5,4.024306654424126,-0.5243066544241257,0.5243066544241257,0.27489746787341957
S98_01785,Ni_num,LinearRegression,2,1,1.1,2.41784214928438,-1.3178421492843797,1.3178421492843797,1.7367079304304733
S98_01788,Ni_num,LinearRegression,2,1,1.4,1.3397697003599034,0.06023029964009652,0.06023029964009652,0.0036276889947358107
S98_01795,Ni_num,LinearRegression,2,1,3.3,1.4629134736114215,1.8370865263885783,1.8370865263885783,3.3748869054384527
S98_01805,Ni_num,LinearRegression,2,1,1.1,1.9457946439482159,-0.8457946439482158,0.8457946439482158,0.7153685797314892
S98_01806,Ni_num,LinearRegression,2,1,1.5,2.4137054806876845,-0.9137054806876845,0.9137054806876845,0.8348577054387126
S98_01811,Ni_num,LinearRegression,2,1,8.0,0.6812594740088866,7.318740525991114,7.318740525991114,53.56396288678469
S98_01825,Ni_num,LinearRegression,2,1,3.1,4.834326597526864,-1.7343265975268642,1.7343265975268642,3.0078887468891096
S98_01826,Ni_num,LinearRegression,2,1,8.9,3.2063875351964946,5.693612464803506,5.693612464803506,32.41722289936585
S98_01791,Ni_num,LinearRegression,2,2,1.0,1.940290229054205,-0.940290229054205,0.940290229054205,0.8841457148548093
S98_01793,Ni_num,LinearRegression,2,2,0.9,1.664290670730106,-0.7642906707301059,0.7642906707301059,0.5841402293650751
S98_01794,Ni_num,LinearRegression,2,2,1.3,2.256898282293778,-0.9568982822937782,0.9568982822937782,0.9156543226567831
S98_01796,Ni_num,LinearRegression,2,2,0.7,2.03888977633276,-1.33888977633276,1.33888977633276,1.7926258331683882
S98_01799,Ni_num,LinearRegression,2,2,0.5,1.8705548090699897,-1.3705548090699897,1.3705548090699897,1.878420484664876
S98_01802,Ni_num,LinearRegression,2,2,3.0,2.4834435880307333,0.5165564119692667,0.5165564119692667,0.26683052674656277
S98_01808,Ni_num,LinearRegression,2,2,7.5,3.307728063412349,4.192271936587651,4.192271936587651,17.575143990300372
S98_01827,Ni_num,LinearRegression,2,2,3.0,3.4211201849424704,-0.4211201849424704,0.4211201849424704,0.17734221016598045
S98_01801,Ni_num,LinearRegression,2,3,1.3,1.2461887205578983,0.053811279442101734,0.053811279442101734,0.0028956537951959605
S98_01803,Ni_num,LinearRegression,2,3,2.0,1.850138760933807,0.14986123906619309,0.14986123906619309,0.02245839097445468
S98_01804,Ni_num,LinearRegression,2,3,1.5,3.096871384119866,-1.5968713841198658,1.5968713841198658,2.549998217420896
S98_01807,Ni_num,LinearRegression,2,3,1.6,1.935292176525196,-0.33529217652519594,0.33529217652519594,0.11242084363900315
S98_01813,Ni_num,LinearRegression,2,3,2.1,3.3092336167724237,-1.2092336167724236,1.2092336167724236,1.4622459399325165
S98_01820,Ni_num,LinearRegression,2,3,5.5,5.00019373864818,0.4998062613518197,0.4998062613518197,0.2498062988864835
S98_01821,Ni_num,LinearRegression,2,3,4.7,4.937882619485871,-0.23788261948587053,0.23788261948587053,0.05658814065345947
S98_01823,Ni_num,LinearRegression,2,3,1.0,1.832608747081979,-0.832608747081979,0.832608747081979,0.6932373257174228
S98_01786,Ni_num,LinearRegression,2,4,1.0,1.1544266275139068,-0.1544266275139068,0.1544266275139068,0.023847583285318913
S98_01789,Ni_num,LinearRegression,2,4,0.8,2.3781105840738195,-1.5781105840738194,1.5781105840738194,2.4904330155658116
S98_01797,Ni_num,LinearRegression,2,4,0.8,1.4721790889680055,-0.6721790889680055,0.6721790889680055,0.45182472764585785
S98_01815,Ni_num,LinearRegression,2,4,3.4,7.796907516098308,-4.396907516098308,4.396907516098308,19.33279570512179
S98_01817,Ni_num,LinearRegression,2,4,1.5,3.3016037377911247,-1.8016037377911247,1.8016037377911247,3.2457760280229517
S98_01819,Ni_num,LinearRegression,2,4,3.5,3.5125635817530854,-0.012563581753085362,0.012563581753085362,0.00015784358646645947
S98_01824,Ni_num,LinearRegression,2,4,1.0,1.6950104192650743,-0.6950104192650743,0.6950104192650743,0.4830394828870144
S98_01828,Ni_num,LinearRegression,2,4,3.5,3.9836952686399503,-0.48369526863995027,0.48369526863995027,0.23396111290467367
S98_01792,Ni_num,LinearRegression,2,5,1.7,2.2188969287303584,-0.5188969287303584,0.5188969287303584,0.2692540226457987
S98_01798,Ni_num,LinearRegression,2,5,1.2,1.8387221674812444,-0.6387221674812444,0.6387221674812444,0.4079660072319389
S98_01800,Ni_num,LinearRegression,2,5,2.4,1.1349400323930043,1.2650599676069956,1.2650599676069956,1.6003767216418128
S98_01809,Ni_num,LinearRegression,2,5,1.1,1.669783261427173,-0.569783261427173,0.569783261427173,0.3246529650025861
S98_01810,Ni_num,LinearRegression,2,5,2.1,1.4324544363736544,0.6675455636263457,0.6675455636263457,0.44561707951721546
S98_01818,Ni_num,LinearRegression,2,5,4.5,4.664692537337144,-0.16469253733714417,0.16469253733714417,0.027123631854546627
S98_01822,Ni_num,LinearRegression,2,5,3.9,3.6848436521444294,0.21515634785557047,0.21515634785557047,0.04629225402254725
S98_01834,Ni_num,LinearRegression,2,5,2.2,3.1319448100807903,-0.9319448100807901,0.9319448100807901,0.8685211290365199
S98_01788,Ni_num,LinearRegression,3,1,1.4,1.3936139583649916,0.006386041635008333,0.006386041635008333,4.07815277640599e-05
S98_01792,Ni_num,LinearRegression,3,1,1.7,2.2207635035429782,-0.5207635035429783,0.5207635035429783,0.27119462662235755
S98_01793,Ni_num,LinearRegression,3,1,0.9,2.6112400180934507,-1.7112400180934508,1.7112400180934508,2.9283423995244737
S98_01803,Ni_num,LinearRegression,3,1,2.0,1.8503401805434274,0.14965981945657258,0.14965981945657258,0.0223980615597739
S98_01807,Ni_num,LinearRegression,3,1,1.6,1.9732083381908314,-0.3732083381908313,0.3732083381908313,0.13928446369516193
S98_01825,Ni_num,LinearRegression,3,1,3.1,5.194080610488005,-2.0940806104880045,2.0940806104880045,4.385173603221814
S98_01828,Ni_num,LinearRegression,3,1,3.5,4.070457844378817,-0.5704578443788169,0.5704578443788169,0.32542215221332643
S98_01834,Ni_num,LinearRegression,3,1,2.2,3.2633001343242096,-1.0633001343242094,1.0633001343242094,1.1306071756538818
S98_01789,Ni_num,LinearRegression,3,2,0.8,1.674239526027673,-0.874239526027673,0.874239526027673,0.7642947488690903
S98_01791,Ni_num,LinearRegression,3,2,1.0,1.8058254552429416,-0.8058254552429416,0.8058254552429416,0.649354664317494
S98_01794,Ni_num,LinearRegression,3,2,1.3,2.149742261064194,-0.849742261064194,0.849742261064194,0.7220619102384889
S98_01802,Ni_num,LinearRegression,3,2,3.0,2.744688999255587,0.2553110007444128,0.2553110007444128,0.06518370710111357
S98_01809,Ni_num,LinearRegression,3,2,1.1,1.682933008979066,-0.5829330089790659,0.5829330089790659,0.3398108929573877
S98_01810,Ni_num,LinearRegression,3,2,2.1,1.4353446568885042,0.6646553431114959,0.6646553431114959,0.4417667251266603
S98_01821,Ni_num,LinearRegression,3,2,4.7,4.80066176235678,-0.10066176235678004,0.10066176235678004,0.010132790400772859
S98_01824,Ni_num,LinearRegression,3,2,1.0,1.7659113829732742,-0.7659113829732742,0.7659113829732742,0.5866202465680335
S98_01799,Ni_num,LinearRegression,3,3,0.5,1.7119055985785432,-1.2119055985785432,1.2119055985785432,1.468715179866017
S98_01800,Ni_num,LinearRegression,3,3,2.4,0.42635220661971074,1.9736477933802892,1.9736477933802892,3.8952856123148845
S98_01801,Ni_num,LinearRegression,3,3,1.3,0.3802747625222578,0.9197252374777423,0.9197252374777423,0.8458945124534895
S98_01813,Ni_num,LinearRegression,3,3,2.1,4.483178395118827,-2.383178395118827,2.383178395118827,5.679539262961148
S98_01815,Ni_num,LinearRegression,3,3,3.4,9.462937857463965,-6.0629378574639645,6.0629378574639645,36.75921546346973
S98_01817,Ni_num,LinearRegression,3,3,1.5,3.7791306912045703,-2.2791306912045703,2.2791306912045703,5.194436707590622
S98_01818,Ni_num,LinearRegression,3,3,4.5,6.2237762319927095,-1.7237762319927095,1.7237762319927095,2.9714044979829835
S98_01823,Ni_num,LinearRegression,3,3,1.0,1.342566719976087,-0.3425667199760869,0.3425667199760869,0.11735195763517474
S98_01785,Ni_num,LinearRegression,3,4,1.1,1.3783826290072385,-0.2783826290072384,0.2783826290072384,0.07749688813298175
S98_01786,Ni_num,LinearRegression,3,4,1.0,1.3955044315877958,-0.3955044315877958,0.3955044315877958,0.15642375540558545
S98_01795,Ni_num,LinearRegression,3,4,3.3,1.7411765619947408,1.558823438005259,1.558823438005259,2.4299305108745357
S98_01797,Ni_num,LinearRegression,3,4,0.8,1.5481043071414908,-0.7481043071414908,0.7481043071414908,0.55966005436365
S98_01806,Ni_num,LinearRegression,3,4,1.5,2.0090423900561882,-0.5090423900561882,0.5090423900561882,0.2591241548741165
S98_01808,Ni_num,LinearRegression,3,4,7.5,3.245548848206405,4.254451151793595,4.254451151793595,18.100354602997847
S98_01822,Ni_num,LinearRegression,3,4,3.9,3.1723044951888713,0.7276955048111287,0.7276955048111287,0.5295407477223234
S98_01826,Ni_num,LinearRegression,3,4,8.9,3.159036003337631,5.740963996662369,5.740963996662369,32.95866761097356
S98_01796,Ni_num,LinearRegression,3,5,0.7,1.2050962796893823,-0.5050962796893823,0.5050962796893823,0.25512225175605474
S98_01798,Ni_num,LinearRegression,3,5,1.2,2.045679138686105,-0.8456791386861051,0.8456791386861051,0.7151732056088727
S98_01804,Ni_num,LinearRegression,3,5,1.5,3.297185175255235,-1.797185175255235,1.797185175255235,3.22987455415719
S98_01805,Ni_num,LinearRegression,3,5,1.1,2.092130815045681,-0.9921308150456811,0.9921308150456811,0.9843235541632075
S98_01811,Ni_num,LinearRegression,3,5,8.0,0.8645025421979242,7.135497457802076,7.135497457802076,50.915323970299895
S98_01819,Ni_num,LinearRegression,3,5,3.5,4.1549352901129675,-0.6549352901129675,0.6549352901129675,0.4289402342353569
S98_01820,Ni_num,LinearRegression,3,5,5.5,5.625109200296507,-0.12510920029650663,0.12510920029650663,0.015652311998831415
S98_01827,Ni_num,LinearRegression,3,5,3.0,4.061162364833821,-1.0611623648338213,1.0611623648338213,1.1260655645397082
S98_01791,Ni_num,LinearRegression,4,1,1.0,1.6871668947570622,-0.6871668947570622,0.6871668947570622,0.4721983412500633
S98_01801,Ni_num,LinearRegression,4,1,1.3,1.2854883700655928,0.014511629934407244,0.014511629934407244,0.00021058740335318438
S98_01804,Ni_num,LinearRegression,4,1,1.5,3.160106802730399,-1.660106802730399,1.660106802730399,2.7559545964717476
S98_01807,Ni_num,LinearRegression,4,1,1.6,1.9442140830052157,-0.3442140830052156,0.3442140830052156,0.11848333493912146
S98_01821,Ni_num,LinearRegression,4,1,4.7,5.06830548541601,-0.36830548541600994,0.36830548541600994,0.1356489305875227
S98_01823,Ni_num,LinearRegression,4,1,1.0,1.8476547402363233,-0.8476547402363233,0.8476547402363233,0.7185185586451086
S98_01828,Ni_num,LinearRegression,4,1,3.5,4.092232762085979,-0.5922327620859793,0.5922327620859793,0.35073964448798817
S98_01834,Ni_num,LinearRegression,4,1,2.2,3.137599704821068,-0.9375997048210678,0.9375997048210678,0.8790932064805534
S98_01789,Ni_num,LinearRegression,4,2,0.8,0.7918890389890061,0.008110961010993956,0.008110961010993956,6.578768852186409e-05
S98_01793,Ni_num,LinearRegression,4,2,0.9,2.6713403544906513,-1.7713403544906514,1.7713403544906514,3.1376466514470667
S98_01796,Ni_num,LinearRegression,4,2,0.7,1.7862289466227101,-1.0862289466227102,1.0862289466227102,1.1798933244810825
S98_01798,Ni_num,LinearRegression,4,2,1.2,1.877885907437812,-0.6778859074378121,0.6778859074378121,0.4595293035027859
S98_01805,Ni_num,LinearRegression,4,2,1.1,2.52570525261441,-1.42570525261441,1.42570525261441,2.0326354673323186
S98_01810,Ni_num,LinearRegression,4,2,2.1,1.9383753886230466,0.1616246113769535,0.1616246113769535,0.026122515002751246
S98_01824,Ni_num,LinearRegression,4,2,1.0,1.898368270915503,-0.898368270915503,0.898368270915503,0.8070655501877105
S98_01825,Ni_num,LinearRegression,4,2,3.1,5.162821482215323,-2.062821482215323,2.062821482215323,4.255232467489021
S98_01785,Ni_num,LinearRegression,4,3,1.1,1.6797938723102397,-0.5797938723102396,0.5797938723102396,0.3361609343685024
S98_01786,Ni_num,LinearRegression,4,3,1.0,1.361797459854559,-0.361797459854559,0.361797459854559,0.13089740195721125
S98_01788,Ni_num,LinearRegression,4,3,1.4,1.4818148956389714,-0.08181489563897149,0.08181489563897149,0.006693677148415796
S98_01809,Ni_num,LinearRegression,4,3,1.1,1.8104133289258275,-0.7104133289258274,0.7104133289258274,0.5046870979154758
S98_01813,Ni_num,LinearRegression,4,3,2.1,3.333596827339317,-1.233596827339317,1.233596827339317,1.5217611324216287
S98_01818,Ni_num,LinearRegression,4,3,4.5,4.662716998074789,-0.16271699807478868,0.16271699807478868,0.02647682146247078
S98_01822,Ni_num,LinearRegression,4,3,3.9,3.768439934118284,0.13156006588171598,0.13156006588171598,0.01730805093480145
S98_01827,Ni_num,LinearRegression,4,3,3.0,3.9765393796524484,-0.9765393796524484,0.9765393796524484,0.9536291600119888
S98_01795,Ni_num,LinearRegression,4,4,3.3,1.6602268169457302,1.6397731830542697,1.6397731830542697,2.6888560918639315
S98_01799,Ni_num,LinearRegression,4,4,0.5,1.3577284477017921,-0.8577284477017921,0.8577284477017921,0.735698089996926
S98_01800,Ni_num,LinearRegression,4,4,2.4,0.9835928284421929,1.416407171557807,1.416407171557807,2.006209275640387
S98_01803,Ni_num,LinearRegression,4,4,2.0,1.6280821858843417,0.3719178141156583,0.3719178141156583,0.13832286045656933
S98_01808,Ni_num,LinearRegression,4,4,7.5,3.2417017590678414,4.258298240932159,4.258298240932159,18.133103908725918
S98_01817,Ni_num,LinearRegression,4,4,1.5,2.4921810389416974,-0.9921810389416974,0.9921810389416974,0.9844232140354261
S98_01819,Ni_num,LinearRegression,4,4,3.5,2.8564366817160627,0.6435633182839373,0.6435633182839373,0.4141737446406324
S98_01826,Ni_num,LinearRegression,4,4,8.9,3.1602446106789404,5.7397553893210596,5.7397553893210596,32.94479192924015
S98_01792,Ni_num,LinearRegression,4,5,1.7,2.1223777434161137,-0.4223777434161138,0.4223777434161138,0.17840295813328844
S98_01794,Ni_num,LinearRegression,4,5,1.3,1.8660373684034577,-0.5660373684034576,0.5660373684034576,0.3203983024291116
S98_01797,Ni_num,LinearRegression,4,5,0.8,1.4424712040803858,-0.6424712040803857,0.6424712040803857,0.41276924807250065
S98_01802,Ni_num,LinearRegression,4,5,3.0,2.720698744298363,0.279301255701637,0.279301255701637,0.07800919143651121
S98_01806,Ni_num,LinearRegression,4,5,1.5,2.05780285793974,-0.5578028579397398,0.5578028579397398,0.31114402832574156
S98_01811,Ni_num,LinearRegression,4,5,8.0,1.1667480975285263,6.833251902471474,6.833251902471474,46.69333156263002
S98_01815,Ni_num,LinearRegression,4,5,3.4,5.528136781214604,-2.128136781214604,2.128136781214604,4.528966159558456
S98_01820,Ni_num,LinearRegression,4,5,5.5,5.547636034940073,-0.04763603494007285,0.04763603494007285,0.002269191824811841
S98_01793,Ni_num,LinearRegression,5,1,0.9,0.37162680688863237,0.5283731931113677,0.5283731931113677,0.2791782311987026
S98_01799,Ni_num,LinearRegression,5,1,0.5,1.0967633009226723,-0.5967633009226723,0.5967633009226723,0.3561264373281239
S98_01802,Ni_num,LinearRegression,5,1,3.0,2.293501851920493,0.7064981480795072,0.7064981480795072,0.49913963323977323
S98_01805,Ni_num,LinearRegression,5,1,1.1,1.837384514544375,-0.7373845145443749,0.7373845145443749,0.5437359222898435
S98_01808,Ni_num,LinearRegression,5,1,7.5,3.375025932252339,4.124974067747662,4.124974067747662,17.01541105959069
S98_01811,Ni_num,LinearRegression,5,1,8.0,0.9492827217100848,7.050717278289915,7.050717278289915,49.71261413837595
S98_01818,Ni_num,LinearRegression,5,1,4.5,4.471717182438066,0.028282817561933626,0.028282817561933626,0.0007999177692416212
S98_01822,Ni_num,LinearRegression,5,1,3.9,3.4682691032811452,0.4317308967188547,0.4317308967188547,0.18639156718166636
S98_01785,Ni_num,LinearRegression,5,2,1.1,1.8622688438891895,-0.7622688438891894,0.7622688438891894,0.5810537903641614
S98_01796,Ni_num,LinearRegression,5,2,0.7,1.5927952201020228,-0.8927952201020228,0.8927952201020228,0.7970833050370194
S98_01807,Ni_num,LinearRegression,5,2,1.6,1.9364462226352057,-0.3364462226352056,0.3364462226352056,0.11319606072549836
S98_01810,Ni_num,LinearRegression,5,2,2.1,1.7055522656844446,0.39444773431555546,0.39444773431555546,0.15558901510667503
S98_01813,Ni_num,LinearRegression,5,2,2.1,3.1649436107389226,-1.0649436107389225,1.0649436107389225,1.1341048940536538
S98_01823,Ni_num,LinearRegression,5,2,1.0,1.812004173040287,-0.8120041730402869,0.8120041730402869,0.6593507770348402
S98_01825,Ni_num,LinearRegression,5,2,3.1,4.765793064521576,-1.665793064521576,1.665793064521576,2.7748665338081833
S98_01826,Ni_num,LinearRegression,5,2,8.9,3.4062265198089463,5.493773480191054,5.493773480191054,30.181547051650526
S98_01791,Ni_num,LinearRegression,5,3,1.0,2.127740346558695,-1.1277403465586948,1.1277403465586948,1.271798289256325
S98_01792,Ni_num,LinearRegression,5,3,1.7,2.7440831993410164,-1.0440831993410165,1.0440831993410165,1.0901097271461726
S98_01794,Ni_num,LinearRegression,5,3,1.3,1.9994398151256283,-0.6994398151256283,0.6994398151256283,0.48921605498297305
S98_01795,Ni_num,LinearRegression,5,3,3.3,1.872299553317228,1.4277004466827719,1.4277004466827719,2.0383285654581864
S98_01806,Ni_num,LinearRegression,5,3,1.5,1.970683343355578,-0.47068334335557793,0.47068334335557793,0.22154280971238488
S98_01815,Ni_num,LinearRegression,5,3,3.4,7.434787645881826,-4.034787645881826,4.034787645881826,16.279511347360607
S98_01824,Ni_num,LinearRegression,5,3,1.0,1.562672085479222,-0.562672085479222,0.562672085479222,0.3165998757775369
S98_01827,Ni_num,LinearRegression,5,3,3.0,3.890445239915582,-0.8904452399155822,0.8904452399155822,0.7928927252883188
S98_01786,Ni_num,LinearRegression,5,4,1.0,1.444696518180371,-0.44469651818037104,0.44469651818037104,0.19775499328174506
S98_01797,Ni_num,LinearRegression,5,4,0.8,1.6221340201223615,-0.8221340201223615,0.8221340201223615,0.6759043470425554
S98_01798,Ni_num,LinearRegression,5,4,1.2,1.8383795060113963,-0.6383795060113964,0.6383795060113964,0.40752839369535443
S98_01801,Ni_num,LinearRegression,5,4,1.3,1.315423801422874,-0.015423801422874028,0.015423801422874028,0.0002378936503322509
S98_01803,Ni_num,LinearRegression,5,4,2.0,1.8310356240967989,0.16896437590320112,0.16896437590320112,0.028548960324358254
S98_01804,Ni_num,LinearRegression,5,4,1.5,3.1151747053715675,-1.6151747053715675,1.6151747053715675,2.6087893288721298
S98_01820,Ni_num,LinearRegression,5,4,5.5,5.038002842920975,0.46199715707902467,0.46199715707902467,0.213441373149101
S98_01828,Ni_num,LinearRegression,5,4,3.5,4.022260079683987,-0.5222600796839867,0.5222600796839867,0.2727555908315241
S98_01788,Ni_num,LinearRegression,5,5,1.4,1.3500750545047884,0.04992494549521154,0.04992494549521154,0.0024925001826998426
S98_01789,Ni_num,LinearRegression,5,5,0.8,1.216312759023144,-0.4163127590231439,0.4163127590231439,0.1733163133254623
S98_01800,Ni_num,LinearRegression,5,5,2.4,1.042264155136892,1.3577358448631078,1.3577358448631078,1.8434466244261372
S98_01809,Ni_num,LinearRegression,5,5,1.1,1.8431268508399525,-0.7431268508399524,0.7431268508399524,0.552237516439305
S98_01817,Ni_num,LinearRegression,5,5,1.5,2.8544731869323297,-1.3544731869323297,1.3544731869323297,1.8345976141186215
S98_01819,Ni_num,LinearRegression,5,5,3.5,3.37709652442183,0.12290347557817016,0.12290347557817016,0.01510526430919387
S98_01821,Ni_num,LinearRegression,5,5,4.7,4.641265209545347,0.05873479045465313,0.05873479045465313,0.0034497756097520123
S98_01834,Ni_num,LinearRegression,5,5,2.2,3.3128441120478422,-1.112844112047842,1.112844112047842,1.23842201771955
S98_01791,Ni_num,Ridge,1,1,1.0,2.3556480486458056,-1.3556480486458056,1.3556480486458056,1.8377816317971805
S98_01799,Ni_num,Ridge,1,1,0.5,2.103451780934823,-1.6034517809348232,1.6034517809348232,2.571057613783056
S98_01802,Ni_num,Ridge,1,1,3.0,2.594639746735939,0.4053602532640612,0.4053602532640612,0.16431693492630386
S98_01803,Ni_num,Ridge,1,1,2.0,1.9622830967584717,0.03771690324152832,0.03771690324152832,0.0014225647901308096
S98_01806,Ni_num,Ridge,1,1,1.5,1.9701416630839956,-0.47014166308399563,0.47014166308399563,0.22103318336738526
S98_01815,Ni_num,Ridge,1,1,3.4,6.75803852116551,-3.35803852116551,3.35803852116551,11.276422709631445
S98_01817,Ni_num,Ridge,1,1,1.5,3.1825898725505506,-1.6825898725505506,1.6825898725505506,2.8311086792096782
S98_01827,Ni_num,Ridge,1,1,3.0,3.4813372902404764,-0.48133729024047645,0.48133729024047645,0.23168558697604466
S98_01793,Ni_num,Ridge,1,2,0.9,2.008813164602004,-1.108813164602004,1.108813164602004,1.229466633994711
S98_01795,Ni_num,Ridge,1,2,3.3,2.0675759430563105,1.2324240569436893,1.2324240569436893,1.5188690561335418
S98_01796,Ni_num,Ridge,1,2,0.7,2.0473050396695567,-1.3473050396695567,1.3473050396695567,1.8152308699189859
S98_01800,Ni_num,Ridge,1,2,2.4,1.4909844863582506,0.9090155136417493,0.9090155136417493,0.8263092040413732
S98_01813,Ni_num,Ridge,1,2,2.1,3.274996654606398,-1.1749966546063981,1.1749966546063981,1.3806171383362273
S98_01821,Ni_num,Ridge,1,2,4.7,4.22254258346244,0.47745741653756024,0.47745741653756024,0.2279655846067213
S98_01824,Ni_num,Ridge,1,2,1.0,1.992068131628558,-0.992068131628558,0.992068131628558,0.9841991777929779
S98_01834,Ni_num,Ridge,1,2,2.2,3.2214798440341013,-1.021479844034101,1.021479844034101,1.0434210717679315
S98_01785,Ni_num,Ridge,1,3,1.1,2.906427415465784,-1.8064274154657838,1.8064274154657838,3.2631800073463912
S98_01786,Ni_num,Ridge,1,3,1.0,1.497939000554283,-0.497939000554283,0.497939000554283,0.2479432482729982
S98_01792,Ni_num,Ridge,1,3,1.7,3.297313143528677,-1.597313143528677,1.597313143528677,2.5514092784894635
S98_01798,Ni_num,Ridge,1,3,1.2,2.9409336987496193,-1.7409336987496193,1.7409336987496193,3.0308501434420303
S98_01804,Ni_num,Ridge,1,3,1.5,3.0664539998370213,-1.5664539998370213,1.5664539998370213,2.4537781336054025
S98_01811,Ni_num,Ridge,1,3,8.0,1.0920789246757678,6.907921075324232,6.907921075324232,47.719373582908695
S98_01819,Ni_num,Ridge,1,3,3.5,3.7579454674880095,-0.2579454674880095,0.2579454674880095,0.06653586419760776
S98_01823,Ni_num,Ridge,1,3,1.0,1.6676634173129399,-0.6676634173129399,0.6676634173129399,0.4457744388179929
S98_01788,Ni_num,Ridge,1,4,1.4,1.5970313375603733,-0.1970313375603734,0.1970313375603734,0.038821347980829805
S98_01789,Ni_num,Ridge,1,4,0.8,1.936346426374345,-1.136346426374345,1.136346426374345,1.2912832007337447
S98_01808,Ni_num,Ridge,1,4,7.5,2.709940961680055,4.790059038319945,4.790059038319945,22.944665590590596
S98_01810,Ni_num,Ridge,1,4,2.1,1.4583615357512736,0.6416384642487265,0.6416384642487265,0.4116999188034643
S98_01820,Ni_num,Ridge,1,4,5.5,3.5709040058989556,1.9290959941010444,1.9290959941010444,3.7214113544566967
S98_01822,Ni_num,Ridge,1,4,3.9,2.88745698068165,1.01254301931835,1.01254301931835,1.0252433659703204
S98_01825,Ni_num,Ridge,1,4,3.1,3.0490188687964483,0.050981131203551744,0.050981131203551744,0.0025990757387937572
S98_01826,Ni_num,Ridge,1,4,8.9,2.935441889535503,5.964558110464497,5.964558110464497,35.575953453107815
S98_01794,Ni_num,Ridge,1,5,1.3,2.407449484150841,-1.1074494841508409,1.1074494841508409,1.2264443599459636
S98_01797,Ni_num,Ridge,1,5,0.8,2.11573499978105,-1.3157349997810501,1.3157349997810501,1.73115858964884
S98_01801,Ni_num,Ridge,1,5,1.3,1.800714838989773,-0.5007148389897729,0.5007148389897729,0.2507153499845542
S98_01805,Ni_num,Ridge,1,5,1.1,2.4572611408198144,-1.3572611408198143,1.3572611408198143,1.8421578043795037
S98_01807,Ni_num,Ridge,1,5,1.6,2.1540962863143402,-0.5540962863143402,0.5540962863143402,0.3070226945073432
S98_01809,Ni_num,Ridge,1,5,1.1,1.9699067780983466,-0.8699067780983465,0.8699067780983465,0.7567378025814459
S98_01818,Ni_num,Ridge,1,5,4.5,4.343915109402353,0.15608489059764707,0.15608489059764707,0.024362493072879455
S98_01828,Ni_num,Ridge,1,5,3.5,3.7384279309432893,-0.2384279309432893,0.2384279309432893,0.05684787825389793
S98_01785,Ni_num,Ridge,2,1,1.1,2.4111358583520897,-1.3111358583520896,1.3111358583520896,1.7190772390566706
S98_01788,Ni_num,Ridge,2,1,1.4,1.3445394169523293,0.05546058304767065,0.05546058304767065,0.0030758762719875735
S98_01795,Ni_num,Ridge,2,1,3.3,1.466475665395853,1.8335243346041468,1.8335243346041468,3.361811485585579
S98_01805,Ni_num,Ridge,2,1,1.1,1.945017830534072,-0.8450178305340719,0.8450178305340719,0.7140551339205095
S98_01806,Ni_num,Ridge,2,1,1.5,2.408664711001489,-0.9086647110014892,0.9086647110014892,0.8256715570194199
S98_01811,Ni_num,Ridge,2,1,8.0,0.685596300749852,7.314403699250148,7.314403699250148,53.50050147560425
S98_01825,Ni_num,Ridge,2,1,3.1,4.8159905098701685,-1.7159905098701684,1.7159905098701684,2.9446234299644805
S98_01826,Ni_num,Ridge,2,1,8.9,3.2058695892419697,5.694130410758031,5.694130410758031,32.423121134719416
S98_01791,Ni_num,Ridge,2,2,1.0,2.1027379479719204,-1.1027379479719204,1.1027379479719204,1.2160309818973218
S98_01793,Ni_num,Ridge,2,2,0.9,1.6349399183171653,-0.7349399183171653,0.7349399183171653,0.5401366835360416
S98_01794,Ni_num,Ridge,2,2,1.3,2.3462685753991903,-1.0462685753991903,1.0462685753991903,1.094677931867851
S98_01796,Ni_num,Ridge,2,2,0.7,2.1835363415451194,-1.4835363415451195,1.4835363415451195,2.2008800766850776
S98_01799,Ni_num,Ridge,2,2,0.5,2.1033510108123328,-1.6033510108123328,1.6033510108123328,2.5707344638729293
S98_01802,Ni_num,Ridge,2,2,3.0,2.4094884294772267,0.5905115705227733,0.5905115705227733,0.34870391492127223
S98_01808,Ni_num,Ridge,2,2,7.5,3.0160376375936977,4.483962362406302,4.483962362406302,20.105918467476307
S98_01827,Ni_num,Ridge,2,2,3.0,3.172107820001229,-0.17210782000122915,0.17210782000122915,0.029621101705575494
S98_01801,Ni_num,Ridge,2,3,1.3,1.626154067203199,-0.32615406720319906,0.32615406720319906,0.1063764755531889
S98_01803,Ni_num,Ridge,2,3,2.0,2.0183411472081723,-0.01834114720817226,0.01834114720817226,0.0003363976809118451
S98_01804,Ni_num,Ridge,2,3,1.5,2.976988985050385,-1.4769889850503848,1.4769889850503848,2.181496461960166
S98_01807,Ni_num,Ridge,2,3,1.6,2.0522195873088567,-0.4522195873088566,0.4522195873088566,0.20450255514579257
S98_01813,Ni_num,Ridge,2,3,2.1,3.1313066916682044,-1.0313066916682043,1.0313066916682043,1.0635934922796166
S98_01820,Ni_num,Ridge,2,3,5.5,4.529469565042693,0.9705304349573067,0.9705304349573067,0.941929325178419
S98_01821,Ni_num,Ridge,2,3,4.7,4.423801026639722,0.27619897336027854,0.27619897336027854,0.07628587288527186
S98_01823,Ni_num,Ridge,2,3,1.0,1.992652024037174,-0.9926520240371739,0.9926520240371739,0.985358040825098
S98_01786,Ni_num,Ridge,2,4,1.0,1.6016594328854805,-0.6016594328854805,0.6016594328854805,0.36199407318007804
S98_01789,Ni_num,Ridge,2,4,0.8,2.8362707741154516,-2.0362707741154518,2.0362707741154518,4.146398665516741
S98_01797,Ni_num,Ridge,2,4,0.8,2.0275530190594813,-1.2275530190594812,1.2275530190594812,1.506886414602047
S98_01815,Ni_num,Ridge,2,4,3.4,6.769218937069935,-3.369218937069935,3.369218937069935,11.351636245910663
S98_01817,Ni_num,Ridge,2,4,1.5,3.1543561928471444,-1.6543561928471444,1.6543561928471444,2.736894412811698
S98_01819,Ni_num,Ridge,2,4,3.5,3.4839883771552818,0.016011622844718243,0.016011622844718243,0.0002563720661215031
S98_01824,Ni_num,Ridge,2,4,1.0,1.9420741106543953,-0.9420741106543953,0.9420741106543953,0.8875036299652698
S98_01828,Ni_num,Ridge,2,4,3.5,3.7504498474880936,-0.2504498474880936,0.2504498474880936,0.06272512610680936
S98_01792,Ni_num,Ridge,2,5,1.7,1.9331874067913295,-0.23318740679132954,0.23318740679132954,0.054376366686065006
S98_01798,Ni_num,Ridge,2,5,1.2,1.7902468122826387,-0.5902468122826388,0.5902468122826388,0.3483912994098166
S98_01800,Ni_num,Ridge,2,5,2.4,1.6491981921813665,0.7508018078186334,0.7508018078186334,0.5637033546237281
S98_01809,Ni_num,Ridge,2,5,1.1,1.7375879868531097,-0.6375879868531096,0.6375879868531096,0.40651844097940104
S98_01810,Ni_num,Ridge,2,5,2.1,1.5182946084535691,0.581705391546431,0.581705391546431,0.33838116255418654
S98_01818,Ni_num,Ridge,2,5,4.5,4.351706284250532,0.14829371574946837,0.14829371574946837,0.021991026130784123
S98_01822,Ni_num,Ridge,2,5,3.9,3.497954470812313,0.40204552918768677,0.40204552918768677,0.16164060753980708
S98_01834,Ni_num,Ridge,2,5,2.2,2.9999814934981908,-0.7999814934981906,0.7999814934981906,0.6399703899395955
S98_01788,Ni_num,Ridge,3,1,1.4,1.7181985194713678,-0.3181985194713679,0.3181985194713679,0.1012502977937705
S98_01792,Ni_num,Ridge,3,1,1.7,1.8163126337441065,-0.1163126337441065,0.1163126337441065,0.013528628768490661
S98_01793,Ni_num,Ridge,3,1,0.9,1.8564200974218488,-0.9564200974218487,0.9564200974218487,0.9147394027524186
S98_01803,Ni_num,Ridge,3,1,2.0,1.998095120806078,0.0019048791939220155,0.0019048791939220155,3.6285647434369877e-06
S98_01807,Ni_num,Ridge,3,1,1.6,2.031203032455659,-0.43120303245565905,0.43120303245565905,0.18593605519895615
S98_01825,Ni_num,Ridge,3,1,3.1,4.186420566411096,-1.0864205664110957,1.0864205664110957,1.1803096471210062
S98_01828,Ni_num,Ridge,3,1,3.5,3.7258750659934794,-0.2258750659934794,0.2258750659934794,0.05101954543755867
S98_01834,Ni_num,Ridge,3,1,2.2,3.0944472439173283,-0.8944472439173281,0.8944472439173281,0.8000358721513042
S98_01789,Ni_num,Ridge,3,2,0.8,2.2650756920293516,-1.4650756920293515,1.4650756920293515,2.1464467833752834
S98_01791,Ni_num,Ridge,3,2,1.0,2.090030112447391,-1.090030112447391,1.090030112447391,1.188165646042072
S98_01794,Ni_num,Ridge,3,2,1.3,2.305115641967123,-1.0051156419671228,1.0051156419671228,1.0102574537269813
S98_01802,Ni_num,Ridge,3,2,3.0,2.6032491164577527,0.3967508835422473,0.3967508835422473,0.15741126359155388
S98_01809,Ni_num,Ridge,3,2,1.1,1.799352931319015,-0.699352931319015,0.699352931319015,0.4890945225444989
S98_01810,Ni_num,Ridge,3,2,2.1,1.5658865235987423,0.5341134764012578,0.5341134764012578,0.285277205673437
S98_01821,Ni_num,Ridge,3,2,4.7,4.33910076219118,0.3608992378088205,0.3608992378088205,0.13024825985098756
S98_01824,Ni_num,Ridge,3,2,1.0,1.9588419344504446,-0.9588419344504446,0.9588419344504446,0.9193778552606707
S98_01799,Ni_num,Ridge,3,3,0.5,1.7944335405849567,-1.2944335405849567,1.2944335405849567,1.6755581909913069
S98_01800,Ni_num,Ridge,3,3,2.4,0.6118761460558102,1.7881238539441897,1.7881238539441897,3.1973869170442217
S98_01801,Ni_num,Ridge,3,3,1.3,0.5428187445139976,0.7571812554860025,0.7571812554860025,0.5733234536593589
S98_01813,Ni_num,Ridge,3,3,2.1,4.368657264784931,-2.2686572647849306,2.2686572647849306,5.146805785061442
S98_01815,Ni_num,Ridge,3,3,3.4,9.123873843595723,-5.723873843595722,5.723873843595722,32.76273177739927
S98_01817,Ni_num,Ridge,3,3,1.5,3.7052347072468654,-2.2052347072468654,2.2052347072468654,4.863060114046168
S98_01818,Ni_num,Ridge,3,3,4.5,6.107588190588274,-1.6075881905882738,1.6075881905882738,2.58433979051888
S98_01823,Ni_num,Ridge,3,3,1.0,1.4125698230079902,-0.41256982300799017,0.41256982300799017,0.17021385885684434
S98_01785,Ni_num,Ridge,3,4,1.1,1.4259800857196088,-0.3259800857196087,0.3259800857196087,0.10626301628576343
S98_01786,Ni_num,Ridge,3,4,1.0,1.6436247248032958,-0.6436247248032958,0.6436247248032958,0.41425278637811824
S98_01795,Ni_num,Ridge,3,4,3.3,1.8766672346942388,1.423332765305761,1.423332765305761,2.0258761607929445
S98_01797,Ni_num,Ridge,3,4,0.8,1.8685391738660124,-1.0685391738660124,1.0685391738660124,1.1417759660862603
S98_01806,Ni_num,Ridge,3,4,1.5,1.9844229232291413,-0.48442292322914127,0.48442292322914127,0.2346655685498665
S98_01808,Ni_num,Ridge,3,4,7.5,2.860965304849187,4.639034695150813,4.639034695150813,21.520642902812998
S98_01822,Ni_num,Ridge,3,4,3.9,3.0136471853382183,0.8863528146617816,0.8863528146617816,0.7856213120588625
S98_01826,Ni_num,Ridge,3,4,8.9,3.0365944297831753,5.863405570216825,5.863405570216825,34.379524880849694
S98_01796,Ni_num,Ridge,3,5,0.7,1.5505092476008875,-0.8505092476008875,0.8505092476008875,0.7233659802546278
S98_01798,Ni_num,Ridge,3,5,1.2,1.9985431419574486,-0.7985431419574487,0.7985431419574487,0.637671149567274
S98_01804,Ni_num,Ridge,3,5,1.5,3.03540681148092,-1.5354068114809198,1.5354068114809198,2.357474076742005
S98_01805,Ni_num,Ridge,3,5,1.1,2.1067909961296425,-1.0067909961296424,1.0067909961296424,1.0136281098877176
S98_01811,Ni_num,Ridge,3,5,8.0,1.2829391888645219,6.717060811135478,6.717060811135478,45.118905940492006
S98_01819,Ni_num,Ridge,3,5,3.5,3.729365940629525,-0.22936594062952498,0.22936594062952498,0.05260873472086678
S98_01820,Ni_num,Ridge,3,5,5.5,4.910260921714752,0.5897390782852483,0.5897390782852483,0.3477921804567342
S98_01827,Ni_num,Ridge,3,5,3.0,3.5314093025486555,-0.5314093025486555,0.5314093025486555,0.28239584683524843
S98_01791,Ni_num,Ridge,4,1,1.0,1.9670857133983493,-0.9670857133983493,0.9670857133983493,0.9352547770591941
S98_01801,Ni_num,Ridge,4,1,1.3,1.663984021867918,-0.363984021867918,0.363984021867918,0.132484368175145
S98_01804,Ni_num,Ridge,4,1,1.5,3.032058307049576,-1.5320583070495761,1.5320583070495761,2.347202656199613
S98_01807,Ni_num,Ridge,4,1,1.6,2.060510341944447,-0.46051034194444673,0.46051034194444673,0.21206977503779126
S98_01821,Ni_num,Ridge,4,1,4.7,4.523736929375969,0.17626307062403157,0.17626307062403157,0.03106867006581234
S98_01823,Ni_num,Ridge,4,1,1.0,2.00705979381864,-1.00705979381864,1.00705979381864,1.0141694283260418
S98_01828,Ni_num,Ridge,4,1,3.5,3.745972224773366,-0.24597222477336622,0.24597222477336622,0.06050233535995939
S98_01834,Ni_num,Ridge,4,1,2.2,3.1009231376919435,-0.9009231376919433,0.9009231376919433,0.8116625000286962
S98_01789,Ni_num,Ridge,4,2,0.8,2.0630074153595146,-1.2630074153595146,1.2630074153595146,1.5951877312531213
S98_01793,Ni_num,Ridge,4,2,0.9,1.854749242824711,-0.954749242824711,0.954749242824711,0.9115461166743589
S98_01796,Ni_num,Ridge,4,2,0.7,2.0883733360223715,-1.3883733360223716,1.3883733360223716,1.927580520177889
S98_01798,Ni_num,Ridge,4,2,1.2,1.9562085016468802,-0.7562085016468802,0.7562085016468802,0.5718512979630197
S98_01805,Ni_num,Ridge,4,2,1.1,2.433492443276285,-1.3334924432762851,1.3334924432762851,1.7782020962749565
S98_01810,Ni_num,Ridge,4,2,2.1,1.755930477555634,0.34406952244436617,0.34406952244436617,0.11838383627509419
S98_01824,Ni_num,Ridge,4,2,1.0,2.059825340548865,-1.0598253405488651,1.0598253405488651,1.1232297524695178
S98_01825,Ni_num,Ridge,4,2,3.1,4.072277642175489,-0.9722776421754893,0.9722776421754893,0.9453238134743288
S98_01785,Ni_num,Ridge,4,3,1.1,1.717208603347347,-0.617208603347347,0.617208603347347,0.38094646004598265
S98_01786,Ni_num,Ridge,4,3,1.0,1.7239139710484013,-0.7239139710484013,0.7239139710484013,0.5240514374790656
S98_01788,Ni_num,Ridge,4,3,1.4,1.7805942924862856,-0.38059429248628573,0.38059429248628573,0.14485201547313642
S98_01809,Ni_num,Ridge,4,3,1.1,1.8711395055455293,-0.7711395055455292,0.7711395055455292,0.5946561370130033
S98_01813,Ni_num,Ridge,4,3,2.1,3.1091309281528376,-1.0091309281528376,1.0091309281528376,1.0183452301546074
S98_01818,Ni_num,Ridge,4,3,4.5,4.331628318858664,0.16837168114133583,0.16837168114133583,0.028349023010359662
S98_01822,Ni_num,Ridge,4,3,3.9,3.551584077358842,0.34841592264115784,0.34841592264115784,0.12139365514988928
S98_01827,Ni_num,Ridge,4,3,3.0,3.5375416543339906,-0.5375416543339906,0.5375416543339906,0.28895103014412343
S98_01795,Ni_num,Ridge,4,4,3.3,1.822409223497384,1.4775907765026157,1.4775907765026157,2.183274502805603
S98_01799,Ni_num,Ridge,4,4,0.5,1.7052827480688295,-1.2052827480688295,1.2052827480688295,1.4527065027923496
S98_01800,Ni_num,Ridge,4,4,2.4,1.4337629655473623,0.9662370344526376,0.9662370344526376,0.9336140067478277
S98_01803,Ni_num,Ridge,4,4,2.0,1.7757166899018162,0.2242833100981838,0.2242833100981838,0.05030300318859808
S98_01808,Ni_num,Ridge,4,4,7.5,2.809092804400574,4.690907195599426,4.690907195599426,22.00461031772647
S98_01817,Ni_num,Ridge,4,4,1.5,2.4405425923008135,-0.9405425923008135,0.9405425923008135,0.8846203679319343
S98_01819,Ni_num,Ridge,4,4,3.5,2.811038284117509,0.688961715882491,0.688961715882491,0.4746682459517462
S98_01826,Ni_num,Ridge,4,4,8.9,3.0511008978582863,5.848899102141714,5.848899102141714,34.20962070703415
S98_01792,Ni_num,Ridge,4,5,1.7,1.8941266317577328,-0.19412663175773281,0.19412663175773281,0.0376851491576024
S98_01794,Ni_num,Ridge,4,5,1.3,2.0382988247310743,-0.7382988247310742,0.7382988247310742,0.5450851545992854
S98_01797,Ni_num,Ridge,4,5,0.8,1.8612809384668907,-1.0612809384668906,1.0612809384668906,1.1263172303531641
S98_01802,Ni_num,Ridge,4,5,3.0,2.518519488765465,0.48148051123453506,0.48148051123453506,0.23182348269866923
S98_01806,Ni_num,Ridge,4,5,1.5,2.0451049006197666,-0.5451049006197666,0.5451049006197666,0.2971393526796856
S98_01811,Ni_num,Ridge,4,5,8.0,1.3819803755967976,6.618019624403202,6.618019624403202,43.798183748985906
S98_01815,Ni_num,Ridge,4,5,3.4,4.897285660374628,-1.497285660374628,1.497285660374628,2.241864348763486
S98_01820,Ni_num,Ridge,4,5,5.5,4.965111739800726,0.5348882601992742,0.5348882601992742,0.2861054508990064
S98_01793,Ni_num,Ridge,5,1,0.9,0.7358072707443535,0.16419272925564654,0.16419272925564654,0.026959252340418047
S98_01799,Ni_num,Ridge,5,1,0.5,1.4058039697020457,-0.9058039697020457,0.9058039697020457,0.8204808315279845
S98_01802,Ni_num,Ridge,5,1,3.0,2.2325706134608914,0.7674293865391086,0.7674293865391086,0.5889478633237926
S98_01805,Ni_num,Ridge,5,1,1.1,1.9013372706439848,-0.8013372706439847,0.8013372706439847,0.6421414213231509
S98_01808,Ni_num,Ridge,5,1,7.5,3.058489594199085,4.441510405800916,4.441510405800916,19.727014684837815
S98_01811,Ni_num,Ridge,5,1,8.0,1.3004656162478465,6.6995343837521535,6.6995343837521535,44.88376095907735
S98_01818,Ni_num,Ridge,5,1,4.5,4.07494832964721,0.42505167035279,0.42505167035279,0.18066892246969687
S98_01822,Ni_num,Ridge,5,1,3.9,3.226452511620675,0.6735474883793251,0.6735474883793251,0.4536662191020971
S98_01785,Ni_num,Ridge,5,2,1.1,1.767770354295834,-0.667770354295834,0.667770354295834,0.4459172460763836
S98_01796,Ni_num,Ridge,5,2,0.7,1.8810419223840507,-1.1810419223840507,1.1810419223840507,1.394860022428614
S98_01807,Ni_num,Ridge,5,2,1.6,2.0068450700084988,-0.4068450700084987,0.4068450700084987,0.16552291099022018
S98_01810,Ni_num,Ridge,5,2,2.1,1.7083719949763156,0.39162800502368444,0.39162800502368444,0.15337249431883102
S98_01813,Ni_num,Ridge,5,2,2.1,2.939253422092562,-0.839253422092562,0.839253422092562,0.7043463064940761
S98_01823,Ni_num,Ridge,5,2,1.0,1.9468753127124145,-0.9468753127124145,0.9468753127124145,0.8965728578242328
S98_01825,Ni_num,Ridge,5,2,3.1,3.9100852204425296,-0.8100852204425295,0.8100852204425295,0.6562380643794217
S98_01826,Ni_num,Ridge,5,2,8.9,3.2988805561672847,5.601119443832715,5.601119443832715,31.372539024080904
S98_01791,Ni_num,Ridge,5,3,1.0,2.2079925039226107,-1.2079925039226107,1.2079925039226107,1.4592458895332185
S98_01792,Ni_num,Ridge,5,3,1.7,2.2047882564653043,-0.5047882564653043,0.5047882564653043,0.25481118386528184
S98_01794,Ni_num,Ridge,5,3,1.3,2.246131131942511,-0.9461311319425108,0.9461311319425108,0.8951641188308167
S98_01795,Ni_num,Ridge,5,3,3.3,2.0722059309819434,1.2277940690180564,1.2277940690180564,1.507478275915916
S98_01806,Ni_num,Ridge,5,3,1.5,2.026738610263367,-0.5267386102633669,0.5267386102633669,0.2774535635421831
S98_01815,Ni_num,Ridge,5,3,3.4,6.286551294269722,-2.886551294269722,2.886551294269722,8.332178374450207
S98_01824,Ni_num,Ridge,5,3,1.0,1.8508715623094485,-0.8508715623094485,0.8508715623094485,0.7239824155469217
S98_01827,Ni_num,Ridge,5,3,3.0,3.4930065513996675,-0.49300655139966754,0.49300655139966754,0.24305545972299303
S98_01786,Ni_num,Ridge,5,4,1.0,1.7985182686250125,-0.7985182686250125,0.7985182686250125,0.6376314253278876
S98_01797,Ni_num,Ridge,5,4,0.8,2.066548030946288,-1.2665480309462878,1.2665480309462878,1.6041439146939187
S98_01798,Ni_num,Ridge,5,4,1.2,1.8778407644955342,-0.6778407644955342,0.6778407644955342,0.45946810201189026
S98_01801,Ni_num,Ridge,5,4,1.3,1.720132771276485,-0.42013277127648485,0.42013277127648485,0.17651154550045914
S98_01803,Ni_num,Ridge,5,4,2.0,2.028755149193652,-0.028755149193651963,0.028755149193651963,0.0008268586051491831
S98_01804,Ni_num,Ridge,5,4,1.5,3.0248513804967447,-1.5248513804967447,1.5248513804967447,2.3251717326028283
S98_01820,Ni_num,Ridge,5,4,5.5,4.597965870708678,0.9020341292913221,0.9020341292913221,0.8136655704063536
S98_01828,Ni_num,Ridge,5,4,3.5,3.7200158123946485,-0.2200158123946485,0.2200158123946485,0.04840695770367717
S98_01788,Ni_num,Ridge,5,5,1.4,1.7392198262131373,-0.3392198262131374,0.3392198262131374,0.11507009049607114
S98_01789,Ni_num,Ridge,5,5,0.8,2.0947958229677788,-1.2947958229677787,1.2947958229677787,1.6764962231748075
S98_01800,Ni_num,Ridge,5,5,2.4,1.6988721457174027,0.7011278542825972,0.7011278542825972,0.4915802680509188
S98_01809,Ni_num,Ridge,5,5,1.1,1.8599704435059279,-0.7599704435059278,0.7599704435059278,0.5775550750025966
S98_01817,Ni_num,Ridge,5,5,1.5,2.804102334535327,-1.3041023345353269,1.3041023345353269,1.7006828989404896
S98_01819,Ni_num,Ridge,5,5,3.5,3.342849409193836,0.15715059080616411,0.15715059080616411,0.024696308190726435
S98_01821,Ni_num,Ridge,5,5,4.7,4.274487078270784,0.42551292172921595,0.42551292172921595,0.18106124655853387
S98_01834,Ni_num,Ridge,5,5,2.2,3.214413375655445,-1.0144133756554448,1.0144133756554448,1.0290344967086744
S98_01791,Ni_num,Lasso,1,1,1.0,2.201724333384739,-1.201724333384739,1.201724333384739,1.4441413734489952
S98_01799,Ni_num,Lasso,1,1,0.5,1.831320731675968,-1.331320731675968,1.331320731675968,1.772414890590235
S98_01802,Ni_num,Lasso,1,1,3.0,2.690579466151222,0.3094205338487779,0.3094205338487779,0.0957410667672627
S98_01803,Ni_num,Lasso,1,1,2.0,1.819713625435575,0.18028637456442498,0.18028637456442498,0.03250317685358414
S98_01806,Ni_num,Lasso,1,1,1.5,1.9714797677584066,-0.4714797677584066,0.4714797677584066,0.22229317140552105
S98_01815,Ni_num,Lasso,1,1,3.4,7.021783876765075,-3.621783876765075,3.621783876765075,13.117318449995455
S98_01817,Ni_num,Lasso,1,1,1.5,3.124425656007342,-1.6244256560073418,1.6244256560073418,2.6387587118948828
S98_01827,Ni_num,Lasso,1,1,3.0,3.6938953527913694,-0.6938953527913694,0.6938953527913694,0.481490760625459
S98_01793,Ni_num,Lasso,1,2,0.9,1.8482765942595307,-0.9482765942595307,0.9482765942595307,0.8992284992204547
S98_01795,Ni_num,Lasso,1,2,3.3,1.9431349013171748,1.356865098682825,1.356865098682825,1.8410828960235524
S98_01796,Ni_num,Lasso,1,2,0.7,1.8262621871857658,-1.1262621871857659,1.1262621871857659,1.268466514284465
S98_01800,Ni_num,Lasso,1,2,2.4,1.36636641640578,1.0336335835942199,1.0336335835942199,1.068398385133829
S98_01813,Ni_num,Lasso,1,2,2.1,3.260817519353589,-1.1608175193535888,1.1608175193535888,1.3474973132382195
S98_01821,Ni_num,Lasso,1,2,4.7,4.745523131198377,-0.04552313119837681,0.04552313119837681,0.002072355474104628
S98_01824,Ni_num,Lasso,1,2,1.0,1.8582158659103905,-0.8582158659103905,0.8582158659103905,0.7365344725003213
S98_01834,Ni_num,Lasso,1,2,2.2,3.0946573298118447,-0.8946573298118445,0.8946573298118445,0.8004117377860596
S98_01785,Ni_num,Lasso,1,3,1.1,2.7693304814477724,-1.6693304814477723,1.6693304814477723,2.7866642562906514
S98_01786,Ni_num,Lasso,1,3,1.0,1.1983401538593486,-0.19834015385934856,0.19834015385934856,0.03933881663295006
S98_01792,Ni_num,Lasso,1,3,1.7,3.27847437562978,-1.5784743756297799,1.5784743756297799,2.4915813545198233
S98_01798,Ni_num,Lasso,1,3,1.2,2.8189267764543184,-1.6189267764543185,1.6189267764543185,2.620923907520771
S98_01804,Ni_num,Lasso,1,3,1.5,3.0994898097882726,-1.5994898097882726,1.5994898097882726,2.5583676516165244
S98_01811,Ni_num,Lasso,1,3,8.0,1.0475960354176406,6.952403964582359,6.952403964582359,48.3359208867405
S98_01819,Ni_num,Lasso,1,3,3.5,3.7981238608175376,-0.2981238608175376,0.2981238608175376,0.08887783638875454
S98_01823,Ni_num,Lasso,1,3,1.0,1.5169643555484302,-0.5169643555484302,0.5169643555484302,0.2672521449076038
S98_01788,Ni_num,Lasso,1,4,1.4,1.563143105101423,-0.16314310510142316,0.16314310510142316,0.026615672742134003
S98_01789,Ni_num,Lasso,1,4,0.8,1.7060621850840347,-0.9060621850840347,0.9060621850840347,0.8209486832392555
S98_01808,Ni_num,Lasso,1,4,7.5,2.966335742681143,4.533664257318857,4.533664257318857,20.554111598090543
S98_01810,Ni_num,Lasso,1,4,2.1,1.4159322402621397,0.6840677597378604,0.6840677597378604,0.4679486999127751
S98_01820,Ni_num,Lasso,1,4,5.5,3.742692407055472,1.757307592944528,1.757307592944528,3.0881299762204915
S98_01822,Ni_num,Lasso,1,4,3.9,2.9424512954326802,0.9575487045673197,0.9575487045673197,0.916899521618552
S98_01825,Ni_num,Lasso,1,4,3.1,3.3033008136139586,-0.20330081361395846,0.20330081361395846,0.041331220816097476
S98_01826,Ni_num,Lasso,1,4,8.9,2.955813277803488,5.944186722196513,5.944186722196513,35.33335578833732
S98_01794,Ni_num,Lasso,1,5,1.3,2.2787979036481607,-0.9787979036481607,0.9787979036481607,0.958045336186034
S98_01797,Ni_num,Lasso,1,5,0.8,1.8910972034596112,-1.0910972034596111,1.0910972034596111,1.1904931073973841
S98_01801,Ni_num,Lasso,1,5,1.3,1.5797924842846776,-0.2797924842846775,0.2797924842846775,0.07828383426219152
S98_01805,Ni_num,Lasso,1,5,1.1,2.3933388173633245,-1.2933388173633245,1.2933388173633245,1.6727252964987627
S98_01807,Ni_num,Lasso,1,5,1.6,2.0502565418986753,-0.45025654189867526,0.45025654189867526,0.2027309535225535
S98_01809,Ni_num,Lasso,1,5,1.1,1.7971196712427613,-0.6971196712427612,0.6971196712427612,0.48597583603361544
S98_01818,Ni_num,Lasso,1,5,4.5,4.47890889418485,0.021091105815149724,0.021091105815149724,0.0004448347445058425
S98_01828,Ni_num,Lasso,1,5,3.5,3.9994311368087843,-0.49943113680878426,0.49943113680878426,0.24943146041411457
S98_01785,Ni_num,Lasso,2,1,1.1,2.37293962701362,-1.2729396270136197,1.2729396270136197,1.6203752940215734
S98_01788,Ni_num,Lasso,2,1,1.4,1.3556914266724969,0.04430857332750304,0.04430857332750304,0.001963249670318714
S98_01795,Ni_num,Lasso,2,1,3.3,1.4736167014813417,1.826383298518658,1.826383298518658,3.3356759531078937
S98_01805,Ni_num,Lasso,2,1,1.1,1.93636727693649,-0.8363672769364898,0.8363672769364898,0.6995102219301591
S98_01806,Ni_num,Lasso,2,1,1.5,2.3830203949534665,-0.8830203949534665,0.8830203949534665,0.779725017903776
S98_01811,Ni_num,Lasso,2,1,8.0,0.6847556126536829,7.315244387346317,7.315244387346317,53.51280044660179
S98_01825,Ni_num,Lasso,2,1,3.1,4.755594142665769,-1.6555941426657692,1.6555941426657692,2.7409919652292034
S98_01826,Ni_num,Lasso,2,1,8.9,3.219038002303912,5.680961997696088,5.680961997696088,32.27332921926713
S98_01791,Ni_num,Lasso,2,2,1.0,1.9745774722807492,-0.9745774722807492,0.9745774722807492,0.9498012494771345
S98_01793,Ni_num,Lasso,2,2,0.9,1.678322960471859,-0.778322960471859,0.778322960471859,0.605786630797679
S98_01794,Ni_num,Lasso,2,2,1.3,2.2631964132316504,-0.9631964132316504,0.9631964132316504,0.9277473304623163
S98_01796,Ni_num,Lasso,2,2,0.7,2.0225581312191125,-1.3225581312191126,1.3225581312191126,1.7491600104537914
S98_01799,Ni_num,Lasso,2,2,0.5,1.8601962840149073,-1.3601962840149073,1.3601962840149073,1.8501339310479625
S98_01802,Ni_num,Lasso,2,2,3.0,2.5306101651953057,0.4693898348046943,0.4693898348046943,0.2203268170179782
S98_01808,Ni_num,Lasso,2,2,7.5,3.3085395260532042,4.191460473946796,4.191460473946796,17.5683409046583
S98_01827,Ni_num,Lasso,2,2,3.0,3.351155602415929,-0.351155602415929,0.351155602415929,0.12331025710809401
S98_01801,Ni_num,Lasso,2,3,1.3,1.4836903528054626,-0.18369035280546253,0.18369035280546253,0.033742145713795295
S98_01803,Ni_num,Lasso,2,3,2.0,1.8976406331573914,0.1023593668426086,0.1023593668426086,0.010477439980419721
S98_01804,Ni_num,Lasso,2,3,1.5,3.1602510892014695,-1.6602510892014695,1.6602510892014695,2.7564336791946658
S98_01807,Ni_num,Lasso,2,3,1.6,1.978727313968748,-0.3787273139687479,0.3787273139687479,0.14343437834598258
S98_01813,Ni_num,Lasso,2,3,2.1,3.0934845961501307,-0.9934845961501306,0.9934845961501306,0.9870116427875881
S98_01820,Ni_num,Lasso,2,3,5.5,5.00859704768565,0.49140295231434994,0.49140295231434994,0.24147686154325929
S98_01821,Ni_num,Lasso,2,3,4.7,5.027694838303365,-0.32769483830336466,0.32769483830336466,0.1073839070506683
S98_01823,Ni_num,Lasso,2,3,1.0,1.9085919484043905,-0.9085919484043905,0.9085919484043905,0.8255393287052866
S98_01786,Ni_num,Lasso,2,4,1.0,1.357490313604436,-0.35749031360443606,0.35749031360443606,0.12779932432099805
S98_01789,Ni_num,Lasso,2,4,0.8,2.5455661617166125,-1.7455661617166125,1.7455661617166125,3.047001224930067
S98_01797,Ni_num,Lasso,2,4,0.8,1.7444871284649204,-0.9444871284649203,0.9444871284649203,0.8920559358359109
S98_01815,Ni_num,Lasso,2,4,3.4,7.0788125286733985,-3.6788125286733986,3.6788125286733986,13.533661621124365
S98_01817,Ni_num,Lasso,2,4,1.5,3.124912300573405,-1.624912300573405,1.624912300573405,2.6403399845547555
S98_01819,Ni_num,Lasso,2,4,3.5,3.5704064915088134,-0.0704064915088134,0.0704064915088134,0.004957074046580613
S98_01824,Ni_num,Lasso,2,4,1.0,1.7766011326473659,-0.7766011326473659,0.7766011326473659,0.6031093192291715
S98_01828,Ni_num,Lasso,2,4,3.5,3.936399824665182,-0.4363998246651821,0.4363998246651821,0.1904448069678017
S98_01792,Ni_num,Lasso,2,5,1.7,2.358490595642079,-0.658490595642079,0.658490595642079,0.43360986454906003
S98_01798,Ni_num,Lasso,2,5,1.2,2.37802539754163,-1.17802539754163,1.17802539754163,1.3877438372531152
S98_01800,Ni_num,Lasso,2,5,2.4,2.333753128795405,0.06624687120459472,0.06624687120459472,0.00438864794439816
S98_01809,Ni_num,Lasso,2,5,1.1,2.346568412479871,-1.246568412479871,1.246568412479871,1.553932806992586
S98_01810,Ni_num,Lasso,2,5,2.1,2.303458592032459,-0.20345859203245897,0.20345859203245897,0.04139539867183058
S98_01818,Ni_num,Lasso,2,5,4.5,2.9505028323090903,1.5494971676909097,1.5494971676909097,2.400941472682151
S98_01822,Ni_num,Lasso,2,5,3.9,2.774009157672365,1.125990842327635,1.125990842327635,1.267855377005697
S98_01834,Ni_num,Lasso,2,5,2.2,2.5898603357019985,-0.3898603357019983,0.3898603357019983,0.1519910813536748
S98_01788,Ni_num,Lasso,3,1,1.4,2.3833066003852488,-0.9833066003852489,0.9833066003852489,0.9668918703611955
S98_01792,Ni_num,Lasso,3,1,1.7,2.40651400191385,-0.70651400191385,0.70651400191385,0.49916203490032374
S98_01793,Ni_num,Lasso,3,1,0.9,2.3650808923784936,-1.4650808923784937,1.4650808923784937,2.1464620212125634
S98_01803,Ni_num,Lasso,3,1,2.0,2.4398757264747863,-0.43987572647478634,0.43987572647478634,0.19349065474172106
S98_01807,Ni_num,Lasso,3,1,1.6,2.461729218265743,-0.8617292182657428,0.8617292182657428,0.7425772456128882
S98_01825,Ni_num,Lasso,3,1,3.1,3.1246242551971433,-0.024624255197143174,0.024624255197143174,0.0006063539440140326
S98_01828,Ni_num,Lasso,3,1,3.5,2.9994743935507593,0.5005256064492407,0.5005256064492407,0.2505258827113802
S98_01834,Ni_num,Lasso,3,1,2.2,2.6898109356074187,-0.4898109356074185,0.4898109356074185,0.23991475264061468
S98_01789,Ni_num,Lasso,3,2,0.8,1.762358366317952,-0.962358366317952,0.962358366317952,0.9261336252221575
S98_01791,Ni_num,Lasso,3,2,1.0,1.8301399205782196,-0.8301399205782196,0.8301399205782196,0.6891322877376128
S98_01794,Ni_num,Lasso,3,2,1.3,2.2127178116482895,-0.9127178116482895,0.9127178116482895,0.8330538037000425
S98_01802,Ni_num,Lasso,3,2,3.0,2.7398944043800952,0.26010559561990476,0.26010559561990476,0.06765492087278542
S98_01809,Ni_num,Lasso,3,2,1.1,1.7271138109864026,-0.6271138109864025,0.6271138109864025,0.39327173192988935
S98_01810,Ni_num,Lasso,3,2,2.1,1.5039602855412655,0.5960397144587346,0.5960397144587346,0.3552633412120499
S98_01821,Ni_num,Lasso,3,2,4.7,4.732279121871116,-0.03227912187111581,0.03227912187111581,0.001041941708770347
S98_01824,Ni_num,Lasso,3,2,1.0,1.8476030821493703,-0.8476030821493703,0.8476030821493703,0.7184309848691122
S98_01799,Ni_num,Lasso,3,3,0.5,1.872404732387905,-1.372404732387905,1.372404732387905,1.883494749480717
S98_01800,Ni_num,Lasso,3,3,2.4,1.0888032914876935,1.3111967085123064,1.3111967085123064,1.7192368084135061
S98_01801,Ni_num,Lasso,3,3,1.3,0.9065226055833844,0.39347739441661567,0.39347739441661567,0.15482445991688892
S98_01813,Ni_num,Lasso,3,3,2.1,4.021083918435454,-1.9210839184354538,1.9210839184354538,3.6905634216713175
S98_01815,Ni_num,Lasso,3,3,3.4,8.140270654324837,-4.740270654324837,4.740270654324837,22.470165876253215
S98_01817,Ni_num,Lasso,3,3,1.5,3.4273241963351335,-1.9273241963351335,1.9273241963351335,3.7145785577788684
S98_01818,Ni_num,Lasso,3,3,4.5,5.824495723993543,-1.324495723993543,1.324495723993543,1.7542889228771799
S98_01823,Ni_num,Lasso,3,3,1.0,1.5522543593775637,-0.5522543593775637,0.5522543593775637,0.3049848774515233
S98_01785,Ni_num,Lasso,3,4,1.1,1.7086122462565063,-0.6086122462565062,0.6086122462565062,0.3704088662933902
S98_01786,Ni_num,Lasso,3,4,1.0,1.5213900587751095,-0.5213900587751095,0.5213900587751095,0.2718475933895121
S98_01795,Ni_num,Lasso,3,4,3.3,1.8055319359559079,1.494468064044092,1.494468064044092,2.233434794447696
S98_01797,Ni_num,Lasso,3,4,0.8,1.688217114068029,-0.8882171140680291,0.8882171140680291,0.7889296417233381
S98_01806,Ni_num,Lasso,3,4,1.5,2.112214214272382,-0.6122142142723819,0.6122142142723819,0.3748062441571499
S98_01808,Ni_num,Lasso,3,4,7.5,3.2300812808244386,4.269918719175561,4.269918719175561,18.232205868365867
S98_01822,Ni_num,Lasso,3,4,3.9,3.0683719623148558,0.8316280376851442,0.8316280376851442,0.6916051930640436
S98_01826,Ni_num,Lasso,3,4,8.9,3.039335844771327,5.860664155228673,5.860664155228673,34.34738434038222
S98_01796,Ni_num,Lasso,3,5,0.7,1.4358267456414953,-0.7358267456414953,0.7358267456414953,0.5414409996013538
S98_01798,Ni_num,Lasso,3,5,1.2,1.777355658826351,-0.5773556588263511,0.5773556588263511,0.33333955677880994
S98_01804,Ni_num,Lasso,3,5,1.5,3.1181474708943338,-1.6181474708943338,1.6181474708943338,2.6184012375617285
S98_01805,Ni_num,Lasso,3,5,1.1,2.1206615583299344,-1.0206615583299343,1.0206615583299343,1.04175001665249
S98_01811,Ni_num,Lasso,3,5,8.0,1.2708903505646496,6.72910964943535,6.72910964943535,45.280916674123944
S98_01819,Ni_num,Lasso,3,5,3.5,3.8486984010186394,-0.34869840101863936,0.34869840101863936,0.12159057487295583
S98_01820,Ni_num,Lasso,3,5,5.5,5.250300617278235,0.24969938272176506,0.24969938272176506,0.062349781731630506
S98_01827,Ni_num,Lasso,3,5,3.0,3.824833194989263,-0.8248331949892629,0.8248331949892629,0.6803497995561953
S98_01791,Ni_num,Lasso,4,1,1.0,1.699776277707693,-0.699776277707693,0.699776277707693,0.4896868388424343
S98_01801,Ni_num,Lasso,4,1,1.3,1.4984103807421394,-0.19841038074213935,0.19841038074213935,0.0393666791862407
S98_01804,Ni_num,Lasso,4,1,1.5,3.2058055096250877,-1.7058055096250877,1.7058055096250877,2.9097724366673052
S98_01807,Ni_num,Lasso,4,1,1.6,2.001492507102837,-0.4014925071028368,0.4014925071028368,0.16119623325972146
S98_01821,Ni_num,Lasso,4,1,4.7,5.100920892506879,-0.40092089250687923,0.40092089250687923,0.1607375620485126
S98_01823,Ni_num,Lasso,4,1,1.0,1.9304842955137698,-0.9304842955137698,0.9304842955137698,0.8658010241977564
S98_01828,Ni_num,Lasso,4,1,3.5,4.088844203006195,-0.5888442030061949,0.5888442030061949,0.34673749541400084
S98_01834,Ni_num,Lasso,4,1,2.2,2.9322785366491333,-0.7322785366491331,0.7322785366491331,0.5362318552369958
S98_01789,Ni_num,Lasso,4,2,0.8,1.6408619360348358,-0.8408619360348357,0.8408619360348357,0.7070487954722522
S98_01793,Ni_num,Lasso,4,2,0.9,1.7228381792868077,-0.8228381792868077,0.8228381792868077,0.6770626692920286
S98_01796,Ni_num,Lasso,4,2,0.7,1.8598644768113357,-1.1598644768113358,1.1598644768113358,1.3452856045688335
S98_01798,Ni_num,Lasso,4,2,1.2,1.9279225173414418,-0.7279225173414419,0.7279225173414419,0.5298711912527018
S98_01805,Ni_num,Lasso,4,2,1.1,2.4084247859466528,-1.3084247859466527,1.3084247859466527,1.7119754204795439
S98_01810,Ni_num,Lasso,4,2,2.1,1.6076000446574086,0.4923999553425915,0.4923999553425915,0.2424577160213861
S98_01824,Ni_num,Lasso,4,2,1.0,1.934431983969867,-0.9344319839698669,0.9344319839698669,0.8731631326658617
S98_01825,Ni_num,Lasso,4,2,3.1,4.486413618941055,-1.3864136189410545,1.3864136189410545,1.9221427227852315
S98_01785,Ni_num,Lasso,4,3,1.1,1.8675551846704388,-0.7675551846704387,0.7675551846704387,0.5891409615144713
S98_01786,Ni_num,Lasso,4,3,1.0,1.6054075303505226,-0.6054075303505226,0.6054075303505226,0.366518277805119
S98_01788,Ni_num,Lasso,4,3,1.4,1.69991181600644,-0.29991181600644,0.29991181600644,0.08994709738028073
S98_01809,Ni_num,Lasso,4,3,1.1,1.7319526934281684,-0.6319526934281683,0.6319526934281683,0.39936420673111644
S98_01813,Ni_num,Lasso,4,3,2.1,3.089283750796593,-0.9892837507965928,0.9892837507965928,0.9786823395901751
S98_01818,Ni_num,Lasso,4,3,4.5,4.512597091991254,-0.012597091991254139,0.012597091991254139,0.00015868672663611917
S98_01822,Ni_num,Lasso,4,3,3.9,3.693283512642985,0.20671648735701487,0.20671648735701487,0.04273170614522289
S98_01827,Ni_num,Lasso,4,3,3.0,3.8089250540398645,-0.8089250540398645,0.8089250540398645,0.6543597430533976
S98_01795,Ni_num,Lasso,4,4,3.3,1.7286804775525098,1.57131952244749,1.57131952244749,2.469045041624608
S98_01799,Ni_num,Lasso,4,4,0.5,1.4157601881296427,-0.9157601881296427,0.9157601881296427,0.8386167221632386
S98_01800,Ni_num,Lasso,4,4,2.4,1.3759661862224837,1.0240338137775162,1.0240338137775162,1.048645251759725
S98_01803,Ni_num,Lasso,4,4,2.0,1.6563264541528397,0.34367354584716026,0.34367354584716026,0.11811150611516016
S98_01808,Ni_num,Lasso,4,4,7.5,3.13338449483146,4.366615505168539,4.366615505168539,19.067330969978297
S98_01817,Ni_num,Lasso,4,4,1.5,2.3109735902068174,-0.8109735902068174,0.8109735902068174,0.6576781640129349
S98_01819,Ni_num,Lasso,4,4,3.5,2.9583432888476064,0.5416567111523936,0.5416567111523936,0.2933919927364275
S98_01826,Ni_num,Lasso,4,4,8.9,3.083413051139108,5.816586948860893,5.816586948860893,33.832683733658875
S98_01792,Ni_num,Lasso,4,5,1.7,1.6645984891299979,0.035401510870002095,0.035401510870002095,0.0012532669718788765
S98_01794,Ni_num,Lasso,4,5,1.3,1.957183332273425,-0.6571833322734248,0.6571833322734248,0.4318899322180027
S98_01797,Ni_num,Lasso,4,5,0.8,1.5771782300564237,-0.7771782300564236,0.7771782300564236,0.6040060012736354
S98_01802,Ni_num,Lasso,4,5,3.0,2.672400951709416,0.32759904829058417,0.32759904829058417,0.1073211364408965
S98_01806,Ni_num,Lasso,4,5,1.5,2.1696936267695794,-0.6696936267695794,0.6696936267695794,0.44848955373579275
S98_01811,Ni_num,Lasso,4,5,8.0,1.2239124125500473,6.776087587449952,6.776087587449952,45.91536299279331
S98_01815,Ni_num,Lasso,4,5,3.4,4.92453326255546,-1.5245332625554604,1.5245332625554604,2.3242016686379965
S98_01820,Ni_num,Lasso,4,5,5.5,5.270587542641609,0.2294124573583911,0.2294124573583911,0.052630075591215617
S98_01793,Ni_num,Lasso,5,1,0.9,1.1136345314435832,-0.21363453144358313,0.21363453144358313,0.04563971302511931
S98_01799,Ni_num,Lasso,5,1,0.5,1.0799027626159954,-0.5799027626159954,0.5799027626159954,0.3362872140896635
S98_01802,Ni_num,Lasso,5,1,3.0,2.459070242307006,0.5409297576929939,0.5409297576929939,0.2926050027578011
S98_01805,Ni_num,Lasso,5,1,1.1,1.9345253327850684,-0.8345253327850684,0.8345253327850684,0.6964325310600291
S98_01808,Ni_num,Lasso,5,1,7.5,3.5388572302000103,3.9611427697999897,3.9611427697999897,15.690652042738733
S98_01811,Ni_num,Lasso,5,1,8.0,1.2402367902504627,6.759763209749537,6.759763209749537,45.69439865188337
S98_01818,Ni_num,Lasso,5,1,4.5,4.151630588695112,0.34836941130488785,0.34836941130488785,0.12136124673291412
S98_01822,Ni_num,Lasso,5,1,3.9,3.31497625990709,0.5850237400929097,0.5850237400929097,0.34225277647229635
S98_01785,Ni_num,Lasso,5,2,1.1,1.7844492735125623,-0.6844492735125622,0.6844492735125622,0.46847080801187424
S98_01796,Ni_num,Lasso,5,2,0.7,1.7120770035550474,-1.0120770035550475,1.0120770035550475,1.0242998611249636
S98_01807,Ni_num,Lasso,5,2,1.6,1.935552285947164,-0.335552285947164,0.335552285947164,0.11259533660436732
S98_01810,Ni_num,Lasso,5,2,2.1,1.5325552072927087,0.5674447927072914,0.5674447927072914,0.32199359277062095
S98_01813,Ni_num,Lasso,5,2,2.1,2.932872685279537,-0.8328726852795367,0.8328726852795367,0.6936769098847463
S98_01823,Ni_num,Lasso,5,2,1.0,1.869230608403029,-0.869230608403029,0.869230608403029,0.7555618505846999
S98_01825,Ni_num,Lasso,5,2,3.1,4.217315328325802,-1.1173153283258022,1.1173153283258022,1.2483935429117952
S98_01826,Ni_num,Lasso,5,2,8.9,3.425368989584668,5.474631010415332,5.474631010415332,29.971584700201202
S98_01791,Ni_num,Lasso,5,3,1.0,2.0020999461700195,-1.0020999461700195,1.0020999461700195,1.004204302113956
S98_01792,Ni_num,Lasso,5,3,1.7,2.116801505533803,-0.416801505533803,0.416801505533803,0.17372349501524484
S98_01794,Ni_num,Lasso,5,3,1.3,2.171757653105099,-0.8717576531050988,0.8717576531050988,0.7599614057473097
S98_01795,Ni_num,Lasso,5,3,3.3,1.9580758525252473,1.3419241474747525,1.3419241474747525,1.8007604175758414
S98_01806,Ni_num,Lasso,5,3,1.5,2.0457364595685728,-0.5457364595685728,0.5457364595685728,0.29782828330244043
S98_01815,Ni_num,Lasso,5,3,3.4,6.437782673367067,-3.0377826733670674,3.0377826733670674,9.228123570609167
S98_01824,Ni_num,Lasso,5,3,1.0,1.7164942692452874,-0.7164942692452874,0.7164942692452874,0.5133640378613383
S98_01827,Ni_num,Lasso,5,3,3.0,3.7211833675652057,-0.7211833675652057,0.7211833675652057,0.5201054496526907
S98_01786,Ni_num,Lasso,5,4,1.0,1.641989498263952,-0.641989498263952,0.641989498263952,0.41215051588120083
S98_01797,Ni_num,Lasso,5,4,0.8,1.8560566504187845,-1.0560566504187845,1.0560566504187845,1.1152556488937428
S98_01798,Ni_num,Lasso,5,4,1.2,1.9020095636252918,-0.7020095636252919,0.7020095636252919,0.49281742742137274
S98_01801,Ni_num,Lasso,5,4,1.3,1.5430578132201904,-0.24305781322019038,0.24305781322019038,0.059077100567380955
S98_01803,Ni_num,Lasso,5,4,2.0,1.9364426005183222,0.06355739948167782,0.06355739948167782,0.00403954302887358
S98_01804,Ni_num,Lasso,5,4,1.5,3.1472322378837236,-1.6472322378837236,1.6472322378837236,2.71337404552342
S98_01820,Ni_num,Lasso,5,4,5.5,4.913191299125539,0.5868087008744611,0.5868087008744611,0.3443444514219728
S98_01828,Ni_num,Lasso,5,4,3.5,3.9770431085962756,-0.47704310859627563,0.47704310859627563,0.22757012745919802
S98_01788,Ni_num,Lasso,5,5,1.4,1.6383636425575727,-0.2383636425575728,0.2383636425575728,0.056817226093314334
S98_01789,Ni_num,Lasso,5,5,0.8,1.7545703825579806,-0.9545703825579805,0.9545703825579805,0.9112046152568893
S98_01800,Ni_num,Lasso,5,5,2.4,1.602474854784314,0.797525145215686,0.797525145215686,0.636046357251301
S98_01809,Ni_num,Lasso,5,5,1.1,1.6914700827039932,-0.5914700827039931,0.5914700827039931,0.3498368587338685
S98_01817,Ni_num,Lasso,5,5,1.5,2.6601615723504386,-1.1601615723504386,1.1601615723504386,1.345974873958642
S98_01819,Ni_num,Lasso,5,5,3.5,3.5908891107940377,-0.09088911079403772,0.09088911079403772,0.008260830460930863
S98_01821,Ni_num,Lasso,5,5,4.7,4.777257755196593,-0.07725775519659273,0.07725775519659273,0.0059687607380166504
S98_01834,Ni_num,Lasso,5,5,2.2,3.065021065086154,-0.8650210650861538,0.8650210650861538,0.748261443042784
S98_01791,Ni_num,ElasticNet,1,1,1.0,2.3329160199679997,-1.3329160199679997,1.3329160199679997,1.776665116287333
S98_01799,Ni_num,ElasticNet,1,1,0.5,2.184010668433309,-1.684010668433309,1.684010668433309,2.8358919313972
S98_01802,Ni_num,ElasticNet,1,1,3.0,2.7093860521822917,0.29061394781770833,0.29061394781770833,0.0844564666661937
S98_01803,Ni_num,ElasticNet,1,1,2.0,2.288526171479211,-0.2885261714792109,0.2885261714792109,0.08324735162845101
S98_01806,Ni_num,ElasticNet,1,1,1.5,2.445365498556595,-0.9453654985565949,0.9453654985565949,0.8937159258611592
S98_01815,Ni_num,ElasticNet,1,1,3.4,4.152812463092257,-0.752812463092257,0.752812463092257,0.5667266045870308
S98_01817,Ni_num,ElasticNet,1,1,1.5,2.7295338480332254,-1.2295338480332254,1.2295338480332254,1.5117534834593906
S98_01827,Ni_num,ElasticNet,1,1,3.0,3.1626975640852493,-0.16269756408524927,0.16269756408524927,0.026470497359273794
S98_01793,Ni_num,ElasticNet,1,2,0.9,1.9687588577023294,-1.0687588577023295,1.0687588577023295,1.1422454959171882
S98_01795,Ni_num,ElasticNet,1,2,3.3,1.9569508363711683,1.3430491636288315,1.3430491636288315,1.8037810559241039
S98_01796,Ni_num,ElasticNet,1,2,0.7,1.8896143958215592,-1.1896143958215593,1.1896143958215593,1.4151824107458935
S98_01800,Ni_num,ElasticNet,1,2,2.4,1.2773788417667427,1.1226211582332573,1.1226211582332573,1.26027826491298
S98_01813,Ni_num,ElasticNet,1,2,2.1,3.3455404858901083,-1.2455404858901082,1.2455404858901082,1.551371101991367
S98_01821,Ni_num,ElasticNet,1,2,4.7,4.613649624993341,0.08635037500665899,0.08635037500665899,0.007456387263790637
S98_01824,Ni_num,ElasticNet,1,2,1.0,1.88589965548703,-0.88589965548703,0.88589965548703,0.7848181995920384
S98_01834,Ni_num,ElasticNet,1,2,2.2,3.2138984239208352,-1.013898423920835,1.013898423920835,1.0279900140291534
S98_01785,Ni_num,ElasticNet,1,3,1.1,2.170957374624845,-1.0709573746248449,1.0709573746248449,1.1469496982633403
S98_01786,Ni_num,ElasticNet,1,3,1.0,1.9716297025336194,-0.9716297025336194,0.9716297025336194,0.9440642788455696
S98_01792,Ni_num,ElasticNet,1,3,1.7,2.153734278075596,-0.45373427807559596,0.45373427807559596,0.20587479510078224
S98_01798,Ni_num,ElasticNet,1,3,1.2,2.1759415231602492,-0.9759415231602493,0.9759415231602493,0.9524618566283474
S98_01804,Ni_num,ElasticNet,1,3,1.5,2.7900915744917465,-1.2900915744917465,1.2900915744917465,1.6643362705745934
S98_01811,Ni_num,ElasticNet,1,3,8.0,1.972558747432278,6.027441252567722,6.027441252567722,36.330048053155146
S98_01819,Ni_num,ElasticNet,1,3,3.5,3.1205963468112112,0.37940365318878877,0.37940365318878877,0.1439471320529987
S98_01823,Ni_num,ElasticNet,1,3,1.0,2.1204743873352405,-1.1204743873352405,1.1204743873352405,1.2554628526742826
S98_01788,Ni_num,ElasticNet,1,4,1.4,1.5383303073422752,-0.13833030734227525,0.13833030734227525,0.01913527392940833
S98_01789,Ni_num,ElasticNet,1,4,0.8,1.7563310684162459,-0.9563310684162458,0.9563310684162458,0.9145691124181582
S98_01808,Ni_num,ElasticNet,1,4,7.5,2.935111506390249,4.564888493609751,4.564888493609751,20.8382069590907
S98_01810,Ni_num,ElasticNet,1,4,2.1,1.396008035467252,0.7039919645327481,0.7039919645327481,0.49560468612667813
S98_01820,Ni_num,ElasticNet,1,4,5.5,3.7652060714119844,1.7347939285880156,1.7347939285880156,3.009509974665841
S98_01822,Ni_num,ElasticNet,1,4,3.9,2.9679481461643173,0.9320518538356826,0.9320518538356826,0.8687206582385326
S98_01825,Ni_num,ElasticNet,1,4,3.1,3.289118690078699,-0.18911869007869875,0.18911869007869875,0.035765878937082905
S98_01826,Ni_num,ElasticNet,1,4,8.9,2.9940382429389034,5.905961757061097,5.905961757061097,34.8803842758682
S98_01794,Ni_num,ElasticNet,1,5,1.3,2.305630534510315,-1.005630534510315,1.005630534510315,1.0112927719395017
S98_01797,Ni_num,ElasticNet,1,5,0.8,1.919336747857527,-1.119336747857527,1.119336747857527,1.2529147551042648
S98_01801,Ni_num,ElasticNet,1,5,1.3,1.596658905644464,-0.29665890564446395,0.29665890564446395,0.08800650629817097
S98_01805,Ni_num,ElasticNet,1,5,1.1,2.406225360957644,-1.3062253609576437,1.3062253609576437,1.7062246936089267
S98_01807,Ni_num,ElasticNet,1,5,1.6,2.057963714783424,-0.4579637147834239,0.4579637147834239,0.20973076405823324
S98_01809,Ni_num,ElasticNet,1,5,1.1,1.8282320105021599,-0.7282320105021598,0.7282320105021598,0.5303218611200178
S98_01818,Ni_num,ElasticNet,1,5,4.5,4.527266309746608,-0.02726630974660793,0.02726630974660793,0.0007434516471979667
S98_01828,Ni_num,ElasticNet,1,5,3.5,3.962394098181543,-0.4623940981815431,0.4623940981815431,0.2138083020331225
S98_01785,Ni_num,ElasticNet,2,1,1.1,2.385072235134563,-1.285072235134563,1.285072235134563,1.6514106495137413
S98_01788,Ni_num,ElasticNet,2,1,1.4,1.3551497186868882,0.04485028131311175,0.04485028131311175,0.002011547733865261
S98_01795,Ni_num,ElasticNet,2,1,3.3,1.4738332166836547,1.826166783316345,1.826166783316345,3.334885120487967
S98_01805,Ni_num,ElasticNet,2,1,1.1,1.9399124401105319,-0.8399124401105318,0.8399124401105318,0.7054529070524277
S98_01806,Ni_num,ElasticNet,2,1,1.5,2.390568572571674,-0.8905685725716741,0.8905685725716741,0.7931123824523492
S98_01811,Ni_num,ElasticNet,2,1,8.0,0.689971811473606,7.310028188526394,7.310028188526394,53.43651211705047
S98_01825,Ni_num,ElasticNet,2,1,3.1,4.766465941796081,-1.6664659417960812,1.6664659417960812,2.7771087351663
S98_01826,Ni_num,ElasticNet,2,1,8.9,3.2117773373919913,5.688222662608009,5.688222662608009,32.35587705940735
S98_01791,Ni_num,ElasticNet,2,2,1.0,2.287920552529543,-1.2879205525295432,1.2879205525295432,1.6587393496280038
S98_01793,Ni_num,ElasticNet,2,2,0.9,2.2450268667187245,-1.3450268667187246,1.3450268667187246,1.80909727219519
S98_01794,Ni_num,ElasticNet,2,2,1.3,2.440092473649958,-1.1400924736499578,1.1400924736499578,1.2998108484732798
S98_01796,Ni_num,ElasticNet,2,2,0.7,2.30049692783487,-1.6004969278348702,1.6004969278348702,2.561590416008858
S98_01799,Ni_num,ElasticNet,2,2,0.5,2.2038548709053773,-1.7038548709053773,1.7038548709053773,2.90312142110798
S98_01802,Ni_num,ElasticNet,2,2,3.0,2.625748638003216,0.3742513619967842,0.3742513619967842,0.140064081956448
S98_01808,Ni_num,ElasticNet,2,2,7.5,2.9770159348379153,4.522984065162085,4.522984065162085,20.45738485371014
S98_01827,Ni_num,ElasticNet,2,2,3.0,2.9400947098623362,0.05990529013766377,0.05990529013766377,0.0035886437864776763
S98_01801,Ni_num,ElasticNet,2,3,1.3,1.4529090790724242,-0.15290907907242413,0.15290907907242413,0.023381186462776853
S98_01803,Ni_num,ElasticNet,2,3,2.0,1.911494419304768,0.08850558069523196,0.08850558069523196,0.007833237814200216
S98_01804,Ni_num,ElasticNet,2,3,1.5,3.10673224479662,-1.60673224479662,1.60673224479662,2.5815885064691853
S98_01807,Ni_num,ElasticNet,2,3,1.6,1.9817300006868706,-0.38173000068687046,0.38173000068687046,0.1457177934243981
S98_01813,Ni_num,ElasticNet,2,3,2.1,3.166588437101759,-1.066588437101759,1.066588437101759,1.1376108941591732
S98_01820,Ni_num,ElasticNet,2,3,5.5,4.918499093472638,0.5815009065273617,0.5815009065273617,0.3381433042921435
S98_01821,Ni_num,ElasticNet,2,3,4.7,4.88348286376146,-0.1834828637614594,0.1834828637614594,0.03366596129410627
S98_01823,Ni_num,ElasticNet,2,3,1.0,1.905887972279268,-0.9058879722792681,0.9058879722792681,0.820633018320244
S98_01786,Ni_num,ElasticNet,2,4,1.0,1.3522222643207171,-0.3522222643207171,0.3522222643207171,0.12406052348321311
S98_01789,Ni_num,ElasticNet,2,4,0.8,2.6140218763582665,-1.8140218763582665,1.8140218763582665,3.290675367906366
S98_01797,Ni_num,ElasticNet,2,4,0.8,1.7496509712118031,-0.9496509712118031,0.9496509712118031,0.9018369671235209
S98_01815,Ni_num,ElasticNet,2,4,3.4,7.236386573961939,-3.836386573961939,3.836386573961939,14.717861944875423
S98_01817,Ni_num,ElasticNet,2,4,1.5,3.1740783500921315,-1.6740783500921315,1.6740783500921315,2.802538322247193
S98_01819,Ni_num,ElasticNet,2,4,3.5,3.550783660730496,-0.050783660730496116,0.050783660730496116,0.0025789801971901334
S98_01824,Ni_num,ElasticNet,2,4,1.0,1.7813290309854382,-0.7813290309854382,0.7813290309854382,0.6104750546606438
S98_01828,Ni_num,ElasticNet,2,4,3.5,3.9182907162767098,-0.4182907162767098,0.4182907162767098,0.1749671233232829
S98_01792,Ni_num,ElasticNet,2,5,1.7,2.1644243402284173,-0.4644243402284174,0.4644243402284174,0.2156899677966008
S98_01798,Ni_num,ElasticNet,2,5,1.2,2.204083132050673,-1.004083132050673,1.004083132050673,1.0081829360686891
S98_01800,Ni_num,ElasticNet,2,5,2.4,2.114203301237245,0.2857966987627547,0.2857966987627547,0.08167975302368875
S98_01809,Ni_num,ElasticNet,2,5,1.1,2.1402203896315255,-1.0402203896315254,1.0402203896315254,1.0820584590051625
S98_01810,Ni_num,ElasticNet,2,5,2.1,2.0527005159512077,0.04729948404879236,0.04729948404879236,0.002237241191281963
S98_01818,Ni_num,ElasticNet,2,5,4.5,3.3663044601770435,1.1336955398229565,1.1336955398229565,1.2852655770144648
S98_01822,Ni_num,ElasticNet,2,5,3.9,3.0079938954549252,0.8920061045450747,0.8920061045450747,0.7956748905456786
S98_01834,Ni_num,ElasticNet,2,5,2.2,2.6341421496123294,-0.4341421496123292,0.4341421496123292,0.18847940607001404
S98_01788,Ni_num,ElasticNet,3,1,1.4,2.190007412254323,-0.7900074122543232,0.7900074122543232,0.6241117114167722
S98_01792,Ni_num,ElasticNet,3,1,1.7,2.231307539304464,-0.531307539304464,0.531307539304464,0.2822877013217645
S98_01793,Ni_num,ElasticNet,3,1,0.9,2.157572757502904,-1.257572757502904,1.257572757502904,1.581489240413458
S98_01803,Ni_num,ElasticNet,3,1,2.0,2.2906784025732523,-0.2906784025732523,0.2906784025732523,0.08449393372253772
S98_01807,Ni_num,ElasticNet,3,1,1.6,2.329569098127573,-0.7295690981275729,0.7295690981275729,0.5322710689426801
S98_01825,Ni_num,ElasticNet,3,1,3.1,3.5092638266577656,-0.4092638266577655,0.4092638266577655,0.16749687981055753
S98_01828,Ni_num,ElasticNet,3,1,3.5,3.286545864031353,0.21345413596864704,0.21345413596864704,0.04556266816212166
S98_01834,Ni_num,ElasticNet,3,1,2.2,2.7354656347310486,-0.5354656347310485,0.5354656347310485,0.2867234459779246
S98_01789,Ni_num,ElasticNet,3,2,0.8,2.1856889975656215,-1.3856889975656215,1.3856889975656215,1.920133997974417
S98_01791,Ni_num,ElasticNet,3,2,1.0,2.2578848076981637,-1.2578848076981637,1.2578848076981637,1.5822741894378463
S98_01794,Ni_num,ElasticNet,3,2,1.3,2.487161358880711,-1.1871613588807108,1.1871613588807108,1.409352092019496
S98_01802,Ni_num,ElasticNet,3,2,3.0,2.731955647356485,0.268044352643515,0.268044352643515,0.07184777498408103
S98_01809,Ni_num,ElasticNet,3,2,1.1,2.2848756250344233,-1.1848756250344232,1.1848756250344232,1.403930246800715
S98_01810,Ni_num,ElasticNet,3,2,2.1,2.2044847577282862,-0.10448475772828614,0.10448475772828614,0.01091706459753865
S98_01821,Ni_num,ElasticNet,3,2,4.7,3.6114703317613452,1.088529668238655,1.088529668238655,1.1848968386357561
S98_01824,Ni_num,ElasticNet,3,2,1.0,2.338064189657885,-1.338064189657885,1.338064189657885,1.7904157756448127
S98_01799,Ni_num,ElasticNet,3,3,0.5,1.9194705214815784,-1.4194705214815784,1.4194705214815784,2.014896561355184
S98_01800,Ni_num,ElasticNet,3,3,2.4,1.0092718196688752,1.3907281803311247,1.3907281803311247,1.934124871567121
S98_01801,Ni_num,ElasticNet,3,3,1.3,0.8781881589534919,0.42181184104650815,0.42181184104650815,0.17792522924704465
S98_01813,Ni_num,ElasticNet,3,3,2.1,4.101440292380715,-2.0014402923807153,2.0014402923807153,4.005763243965003
S98_01815,Ni_num,ElasticNet,3,3,3.4,8.340924815082017,-4.940924815082017,4.940924815082017,24.412738028293262
S98_01817,Ni_num,ElasticNet,3,3,1.5,3.510766357120618,-2.010766357120618,2.010766357120618,4.04318134292812
S98_01818,Ni_num,ElasticNet,3,3,4.5,5.867303681938682,-1.3673036819386821,1.3673036819386821,1.8695193586430767
S98_01823,Ni_num,ElasticNet,3,3,1.0,1.552907292726447,-0.5529072927264469,0.5529072927264469,0.30570647435008885
S98_01785,Ni_num,ElasticNet,3,4,1.1,1.5509778682224762,-0.4509778682224761,0.4509778682224761,0.20338103762648901
S98_01786,Ni_num,ElasticNet,3,4,1.0,1.5079095721634925,-0.5079095721634925,0.5079095721634925,0.257972133495302
S98_01795,Ni_num,ElasticNet,3,4,3.3,1.8013935700794554,1.4986064299205444,1.4986064299205444,2.2458212317991997
S98_01797,Ni_num,ElasticNet,3,4,0.8,1.6880610851511948,-0.8880610851511948,0.8880610851511948,0.7886524909599176
S98_01806,Ni_num,ElasticNet,3,4,1.5,2.0490157087121466,-0.5490157087121466,0.5490157087121466,0.30141824841270054
S98_01808,Ni_num,ElasticNet,3,4,7.5,3.1523125497690665,4.347687450230934,4.347687450230934,18.90238616489556
S98_01822,Ni_num,ElasticNet,3,4,3.9,3.088929674434834,0.8110703255651659,0.8110703255651659,0.6578350730123842
S98_01826,Ni_num,ElasticNet,3,4,8.9,3.077506255460065,5.822493744539935,5.822493744539935,33.901433405206674
S98_01796,Ni_num,ElasticNet,3,5,0.7,1.3915125777771955,-0.6915125777771955,0.6915125777771955,0.47818964522406193
S98_01798,Ni_num,ElasticNet,3,5,1.2,1.894548601397673,-0.6945486013976729,0.6945486013976729,0.48239775970346355
S98_01804,Ni_num,ElasticNet,3,5,1.5,3.1595919326987754,-1.6595919326987754,1.6595919326987754,2.7542453830788567
S98_01805,Ni_num,ElasticNet,3,5,1.1,2.107048057092396,-1.0070480570923959,1.0070480570923959,1.0141457892935695
S98_01811,Ni_num,ElasticNet,3,5,8.0,1.1416800649735235,6.8583199350264765,6.8583199350264765,47.036552331181575
S98_01819,Ni_num,ElasticNet,3,5,3.5,3.9297786180799754,-0.4297786180799754,0.4297786180799754,0.18470966055873336
S98_01820,Ni_num,ElasticNet,3,5,5.5,5.308445424202174,0.1915545757978263,0.1915545757978263,0.03669315550908518
S98_01827,Ni_num,ElasticNet,3,5,3.0,3.8318322331158106,-0.8318322331158106,0.8318322331158106,0.6919448640504362
S98_01791,Ni_num,ElasticNet,4,1,1.0,1.7613520107194525,-0.7613520107194525,0.7613520107194525,0.5796568842265533
S98_01801,Ni_num,ElasticNet,4,1,1.3,1.4710119947690075,-0.1710119947690074,0.1710119947690074,0.02924510235487502
S98_01804,Ni_num,ElasticNet,4,1,1.5,3.1574835734711413,-1.6574835734711413,1.6574835734711413,2.747251796326664
S98_01807,Ni_num,ElasticNet,4,1,1.6,1.9809231806208925,-0.38092318062089237,0.38092318062089237,0.14510246953433698
S98_01821,Ni_num,ElasticNet,4,1,4.7,4.988553140853728,-0.2885531408537281,0.2885531408537281,0.08326291509655144
S98_01823,Ni_num,ElasticNet,4,1,1.0,1.9092239929800625,-0.9092239929800625,0.9092239929800625,0.8266882694106088
S98_01828,Ni_num,ElasticNet,4,1,3.5,4.025192040485738,-0.525192040485738,0.525192040485738,0.27582667938957306
S98_01834,Ni_num,ElasticNet,4,1,2.2,3.0193913662714333,-0.8193913662714332,0.8193913662714332,0.671402211120166
S98_01789,Ni_num,ElasticNet,4,2,0.8,2.2771576815567247,-1.4771576815567247,1.4771576815567247,2.181994816182038
S98_01793,Ni_num,ElasticNet,4,2,0.9,2.3376969310399316,-1.4376969310399317,1.4376969310399317,2.066972465521638
S98_01796,Ni_num,ElasticNet,4,2,0.7,2.390167939658196,-1.6901679396581961,1.6901679396581961,2.8566676642484317
S98_01798,Ni_num,ElasticNet,4,2,1.2,2.441019811504244,-1.2410198115042441,1.2410198115042441,1.5401301725460297
S98_01805,Ni_num,ElasticNet,4,2,1.1,2.640063862502295,-1.5400638625022949,1.5400638625022949,2.3717967005854876
S98_01810,Ni_num,ElasticNet,4,2,2.1,2.2966696518117384,-0.19666965181173834,0.19666965181173834,0.03867895194375039
S98_01824,Ni_num,ElasticNet,4,2,1.0,2.4353391113034175,-1.4353391113034175,1.4353391113034175,2.0601983644372845
S98_01825,Ni_num,ElasticNet,4,2,3.1,3.5385475561016575,-0.4385475561016574,0.4385475561016574,0.19232395896273635
S98_01785,Ni_num,ElasticNet,4,3,1.1,1.7451174461280585,-0.6451174461280584,0.6451174461280584,0.4161765192987884
S98_01786,Ni_num,ElasticNet,4,3,1.0,1.5777391855397158,-0.5777391855397158,0.5777391855397158,0.3337825665080942
S98_01788,Ni_num,ElasticNet,4,3,1.4,1.6599200784027404,-0.25992007840274045,0.25992007840274045,0.06755844715688675
S98_01809,Ni_num,ElasticNet,4,3,1.1,1.7626538062946466,-0.6626538062946465,0.6626538062946465,0.43911006699678296
S98_01813,Ni_num,ElasticNet,4,3,2.1,3.154475937139713,-1.054475937139713,1.054475937139713,1.1119195020066759
S98_01818,Ni_num,ElasticNet,4,3,4.5,4.548331605417526,-0.04833160541752601,0.04833160541752601,0.00233594408223543
S98_01822,Ni_num,ElasticNet,4,3,3.9,3.6998639545135283,0.20013604548647157,0.20013604548647157,0.04005443670296302
S98_01827,Ni_num,ElasticNet,4,3,3.0,3.7861382866915823,-0.7861382866915823,0.7861382866915823,0.6180134058023764
S98_01795,Ni_num,ElasticNet,4,4,3.3,2.03490691417043,1.26509308582957,1.26509308582957,1.6004605158137835
S98_01799,Ni_num,ElasticNet,4,4,0.5,1.8732775728781055,-1.3732775728781055,1.3732775728781055,1.8858912921699804
S98_01800,Ni_num,ElasticNet,4,4,2.4,1.9452642271663625,0.4547357728336374,0.4547357728336374,0.2067846230946055
S98_01803,Ni_num,ElasticNet,4,4,2.0,2.0146583021598006,-0.014658302159800574,0.014658302159800574,0.00021486582220801417
S98_01808,Ni_num,ElasticNet,4,4,7.5,2.60468771700038,4.89531228299962,4.89531228299962,23.96408234808695
S98_01817,Ni_num,ElasticNet,4,4,1.5,2.1953818953387843,-0.6953818953387843,0.6953818953387843,0.4835559803649599
S98_01819,Ni_num,ElasticNet,4,4,3.5,2.549051343812295,0.950948656187705,0.950948656187705,0.904303346705202
S98_01826,Ni_num,ElasticNet,4,4,8.9,2.5189622848432287,6.381037715156772,6.381037715156772,40.717642322253155
S98_01792,Ni_num,ElasticNet,4,5,1.7,1.8307965922197178,-0.13079659221971784,0.13079659221971784,0.017107748536291153
S98_01794,Ni_num,ElasticNet,4,5,1.3,1.9510895670266404,-0.6510895670266403,0.6510895670266403,0.423917624290938
S98_01797,Ni_num,ElasticNet,4,5,0.8,1.615780281924575,-0.815780281924575,0.815780281924575,0.665497468376939
S98_01802,Ni_num,ElasticNet,4,5,3.0,2.6514706168851876,0.3485293831148124,0.3485293831148124,0.12147273089439169
S98_01806,Ni_num,ElasticNet,4,5,1.5,2.1141039406850264,-0.6141039406850264,0.6141039406850264,0.3771236499648784
S98_01811,Ni_num,ElasticNet,4,5,8.0,1.2192664252607264,6.780733574739274,6.780733574739274,45.97834781159645
S98_01815,Ni_num,ElasticNet,4,5,3.4,5.064128462085961,-1.6641284620859609,1.6641284620859609,2.7693235383245853
S98_01820,Ni_num,ElasticNet,4,5,5.5,5.301546920869274,0.19845307913072574,0.19845307913072574,0.03938362461646609
S98_01793,Ni_num,ElasticNet,5,1,0.9,0.7955237491406328,0.10447625085936718,0.10447625085936718,0.010915286993629422
S98_01799,Ni_num,ElasticNet,5,1,0.5,1.1380797525909436,-0.6380797525909436,0.6380797525909436,0.40714577066651986
S98_01802,Ni_num,ElasticNet,5,1,3.0,2.367836072895957,0.6321639271040431,0.6321639271040431,0.39963123073160595
S98_01805,Ni_num,ElasticNet,5,1,1.1,1.8959279477524027,-0.7959279477524026,0.7959279477524026,0.6335012980133513
S98_01808,Ni_num,ElasticNet,5,1,7.5,3.400534336139866,4.0994656638601334,4.0994656638601334,16.805618729168206
S98_01811,Ni_num,ElasticNet,5,1,8.0,1.138432801554567,6.861567198445433,6.861567198445433,47.08110441878231
S98_01818,Ni_num,ElasticNet,5,1,4.5,4.2246915651725905,0.2753084348274095,0.2753084348274095,0.075794734287118
S98_01822,Ni_num,ElasticNet,5,1,3.9,3.340738327792483,0.559261672207517,0.559261672207517,0.3127736180003482
S98_01785,Ni_num,ElasticNet,5,2,1.1,1.7626765306190546,-0.6626765306190545,0.6626765306190545,0.4391401842333067
S98_01796,Ni_num,ElasticNet,5,2,0.7,1.726451369486064,-1.026451369486064,1.026451369486064,1.0536024139198161
S98_01807,Ni_num,ElasticNet,5,2,1.6,1.9696699495254646,-0.3696699495254645,0.3696699495254645,0.13665587158215947
S98_01810,Ni_num,ElasticNet,5,2,2.1,1.6166113008430654,0.4833886991569347,0.4833886991569347,0.23366463447263355
S98_01813,Ni_num,ElasticNet,5,2,2.1,2.9833853602002214,-0.8833853602002213,0.8833853602002213,0.7803696946160747
S98_01823,Ni_num,ElasticNet,5,2,1.0,1.8929384145165367,-0.8929384145165367,0.8929384145165367,0.7973390121193062
S98_01825,Ni_num,ElasticNet,5,2,3.1,4.2963501536683655,-1.1963501536683654,1.1963501536683654,1.4312536901823214
S98_01826,Ni_num,ElasticNet,5,2,8.9,3.406041290990582,5.493958709009418,5.493958709009418,30.183582296300436
S98_01791,Ni_num,ElasticNet,5,3,1.0,2.2075701094166282,-1.2075701094166282,1.2075701094166282,1.4582255691564874
S98_01792,Ni_num,ElasticNet,5,3,1.7,2.2659727832840675,-0.5659727832840675,0.5659727832840675,0.32032519141831406
S98_01794,Ni_num,ElasticNet,5,3,1.3,2.44178510856525,-1.14178510856525,1.14178510856525,1.3036732341413597
S98_01795,Ni_num,ElasticNet,5,3,3.3,2.3257818833794315,0.9742181166205683,0.9742181166205683,0.9491009387517273
S98_01806,Ni_num,ElasticNet,5,3,1.5,2.506317026286704,-1.006317026286704,1.006317026286704,1.012673957394515
S98_01815,Ni_num,ElasticNet,5,3,3.4,3.816333988436397,-0.416333988436397,0.416333988436397,0.17333398992735796
S98_01824,Ni_num,ElasticNet,5,3,1.0,2.257319645074449,-1.2573196450744488,1.2573196450744488,1.580852689890138
S98_01827,Ni_num,ElasticNet,5,3,3.0,3.2026776420479313,-0.20267764204793126,0.20267764204793126,0.04107822658610935
S98_01786,Ni_num,ElasticNet,5,4,1.0,2.214927623424103,-1.2149276234241029,1.2149276234241029,1.4760491301589387
S98_01797,Ni_num,ElasticNet,5,4,0.8,2.3034294680178955,-1.5034294680178955,1.5034294680178955,2.2603001653045722
S98_01798,Ni_num,ElasticNet,5,4,1.2,2.322427794208047,-1.1224277942080472,1.1224277942080472,1.2598441532107423
S98_01801,Ni_num,ElasticNet,5,4,1.3,2.174026268279189,-0.8740262682791891,0.8740262682791891,0.763921917642045
S98_01803,Ni_num,ElasticNet,5,4,2.0,2.3366634546039737,-0.33666345460397373,0.33666345460397373,0.11334228166588188
S98_01804,Ni_num,ElasticNet,5,4,1.5,2.8372405643717613,-1.3372405643717613,1.3372405643717613,1.7882123270013066
S98_01820,Ni_num,ElasticNet,5,4,5.5,3.5673415295304878,1.9326584704695122,1.9326584704695122,3.7351687634775543
S98_01828,Ni_num,ElasticNet,5,4,3.5,3.180309512516238,0.31969048748376183,0.31969048748376183,0.10220200778760528
S98_01788,Ni_num,ElasticNet,5,5,1.4,1.585480112666049,-0.18548011266604902,0.18548011266604902,0.03440287219461024
S98_01789,Ni_num,ElasticNet,5,5,0.8,1.7256390234442565,-0.9256390234442564,0.9256390234442564,0.8568076017228367
S98_01800,Ni_num,ElasticNet,5,5,2.4,1.4923590737120696,0.9076409262879304,0.9076409262879304,0.8238120510728122
S98_01809,Ni_num,ElasticNet,5,5,1.1,1.759798429894984,-0.6597984298949839,0.6597984298949839,0.435333968091886
S98_01817,Ni_num,ElasticNet,5,5,1.5,2.7505479697893023,-1.2505479697893023,1.2505479697893023,1.5638702247441456
S98_01819,Ni_num,ElasticNet,5,5,3.5,3.498812532763899,0.0011874672361011918,0.0011874672361011918,1.4100784368138034e-06
S98_01821,Ni_num,ElasticNet,5,5,4.7,4.647269629942667,0.05273037005733361,0.05273037005733361,0.002780491926383345
S98_01834,Ni_num,ElasticNet,5,5,2.2,3.1765859982225377,-0.9765859982225376,0.9765859982225376,0.9537202119243101
S98_01791,Ni_num,HuberRegressor,1,1,1.0,1.216742251585469,-0.2167422515854689,0.2167422515854689,0.04697720362233869
S98_01799,Ni_num,HuberRegressor,1,1,0.5,0.8381284341385977,-0.3381284341385977,0.3381284341385977,0.11433083797302002
S98_01802,Ni_num,HuberRegressor,1,1,3.0,2.3865497891890897,0.6134502108109103,0.6134502108109103,0.3763211611439503
S98_01803,Ni_num,HuberRegressor,1,1,2.0,1.2792816630172772,0.7207183369827228,0.7207183369827228,0.5194349212631416
S98_01806,Ni_num,HuberRegressor,1,1,1.5,1.8282959890614532,-0.3282959890614532,0.3282959890614532,0.10777825643383779
S98_01815,Ni_num,HuberRegressor,1,1,3.4,4.9713857695681085,-1.5713857695681086,1.5713857695681086,2.469253236801157
S98_01817,Ni_num,HuberRegressor,1,1,1.5,2.091337984576238,-0.5913379845762381,0.5913379845762381,0.3496806120026872
S98_01827,Ni_num,HuberRegressor,1,1,3.0,3.4427893781049503,-0.44278937810495034,0.44278937810495034,0.19606243336256868
S98_01793,Ni_num,HuberRegressor,1,2,0.9,1.0513800586227293,-0.1513800586227293,0.1513800586227293,0.022915922148620958
S98_01795,Ni_num,HuberRegressor,1,2,3.3,1.4159726215359774,1.8840273784640225,1.8840273784640225,3.549559162802017
S98_01796,Ni_num,HuberRegressor,1,2,0.7,1.1133081264202147,-0.41330812642021475,0.41330812642021475,0.17082360736498822
S98_01800,Ni_num,HuberRegressor,1,2,2.4,1.1362912875348463,1.2637087124651536,1.2637087124651536,1.5969597099603363
S98_01813,Ni_num,HuberRegressor,1,2,2.1,2.594365221412993,-0.494365221412993,0.494365221412993,0.24439697214271758
S98_01821,Ni_num,HuberRegressor,1,2,4.7,4.820621041149152,-0.12062104114915151,0.12062104114915151,0.014549435567905302
S98_01824,Ni_num,HuberRegressor,1,2,1.0,1.2547852247022684,-0.2547852247022684,0.2547852247022684,0.0649155107265854
S98_01834,Ni_num,HuberRegressor,1,2,2.2,2.311351147412573,-0.11135114741257279,0.11135114741257279,0.012399078030096516
S98_01785,Ni_num,HuberRegressor,1,3,1.1,2.8634247641816675,-1.7634247641816674,1.7634247641816674,3.109666898929169
S98_01786,Ni_num,HuberRegressor,1,3,1.0,1.032672255305604,-0.032672255305604025,0.032672255305604025,0.0010674762667545704
S98_01792,Ni_num,HuberRegressor,1,3,1.7,3.11687570571675,-1.4168757057167503,1.4168757057167503,2.007536765450339
S98_01798,Ni_num,HuberRegressor,1,3,1.2,2.78159936214238,-1.58159936214238,1.58159936214238,2.5014565423291835
S98_01804,Ni_num,HuberRegressor,1,3,1.5,2.910157185412048,-1.4101571854120478,1.4101571854120478,1.9885432875692286
S98_01811,Ni_num,HuberRegressor,1,3,8.0,0.5615083978931774,7.438491602106822,7.438491602106822,55.33115731461372
S98_01819,Ni_num,HuberRegressor,1,3,3.5,3.640874821929276,-0.14087482192927592,0.14087482192927592,0.0198457154536052
S98_01823,Ni_num,HuberRegressor,1,3,1.0,1.326042411232753,-0.3260424112327529,0.3260424112327529,0.10630365392246756
S98_01788,Ni_num,HuberRegressor,1,4,1.4,1.1826299761148873,0.21737002388511262,0.21737002388511262,0.04724972728381443
S98_01789,Ni_num,HuberRegressor,1,4,0.8,0.9922364212865389,-0.19223642128653884,0.19223642128653884,0.03695484166905564
S98_01808,Ni_num,HuberRegressor,1,4,7.5,3.3601576830815643,4.139842316918436,4.139842316918436,17.138294408948607
S98_01810,Ni_num,HuberRegressor,1,4,2.1,0.7411362379517463,1.3588637620482538,1.3588637620482538,1.8465107238079332
S98_01820,Ni_num,HuberRegressor,1,4,5.5,4.424956412273452,1.0750435877265483,1.0750435877265483,1.1557187155119688
S98_01822,Ni_num,HuberRegressor,1,4,3.9,3.0246112910056704,0.8753887089943295,0.8753887089943295,0.766305391834759
S98_01825,Ni_num,HuberRegressor,1,4,3.1,3.7612463527187625,-0.6612463527187624,0.6612463527187624,0.43724673898386596
S98_01826,Ni_num,HuberRegressor,1,4,8.9,2.9695107265264595,5.93048927347354,5.93048927347354,35.17070302278472
S98_01794,Ni_num,HuberRegressor,1,5,1.3,1.7726590373766369,-0.47265903737663684,0.47265903737663684,0.22340656561380898
S98_01797,Ni_num,HuberRegressor,1,5,0.8,1.5489895255713433,-0.7489895255713432,0.7489895255713432,0.5609853094155858
S98_01801,Ni_num,HuberRegressor,1,5,1.3,1.1276930206737132,0.1723069793262868,0.1723069793262868,0.02968969512454943
S98_01805,Ni_num,HuberRegressor,1,5,1.1,1.8358889850757412,-0.7358889850757411,0.7358889850757411,0.5415325983558043
S98_01807,Ni_num,HuberRegressor,1,5,1.6,1.4959762248513087,0.10402377514869143,0.10402377514869143,0.010820945796185514
S98_01809,Ni_num,HuberRegressor,1,5,1.1,1.0801788901719447,0.019821109828055405,0.019821109828055405,0.0003928763948158346
S98_01818,Ni_num,HuberRegressor,1,5,4.5,4.070374149299873,0.42962585070012693,0.42962585070012693,0.18457837158980775
S98_01828,Ni_num,HuberRegressor,1,5,3.5,3.7193098925053993,-0.21930989250539934,0.21930989250539934,0.048096828950729816
S98_01785,Ni_num,HuberRegressor,2,1,1.1,1.9994326307332742,-0.8994326307332741,0.8994326307332741,0.8089790572277782
S98_01788,Ni_num,HuberRegressor,2,1,1.4,1.2720830740560654,0.12791692594393456,0.12791692594393456,0.01636273994294604
S98_01795,Ni_num,HuberRegressor,2,1,3.3,1.395527406867735,1.9044725931322648,1.9044725931322648,3.627015857991933
S98_01805,Ni_num,HuberRegressor,2,1,1.1,1.7796740528848842,-0.6796740528848841,0.6796740528848841,0.46195681816496426
S98_01806,Ni_num,HuberRegressor,2,1,1.5,2.110593988028961,-0.610593988028961,0.610593988028961,0.372825018217111
S98_01811,Ni_num,HuberRegressor,2,1,8.0,0.676798700452854,7.323201299547146,7.323201299547146,53.62927727368901
S98_01825,Ni_num,HuberRegressor,2,1,3.1,4.265030144326041,-1.1650301443260411,1.1650301443260411,1.3572952371883562
S98_01826,Ni_num,HuberRegressor,2,1,8.9,3.0991981277744785,5.800801872225522,5.800801872225522,33.64930236081512
S98_01791,Ni_num,HuberRegressor,2,2,1.0,1.1981390082894077,-0.19813900828940767,0.19813900828940767,0.03925906660590996
S98_01793,Ni_num,HuberRegressor,2,2,0.9,0.4693077290303451,0.4306922709696549,0.4306922709696549,0.18549583227299865
S98_01794,Ni_num,HuberRegressor,2,2,1.3,1.7794290904776158,-0.4794290904776157,0.4794290904776157,0.22985225279619384
S98_01796,Ni_num,HuberRegressor,2,2,0.7,1.2355650518234038,-0.5355650518234039,0.5355650518234039,0.2868299247346053
S98_01799,Ni_num,HuberRegressor,2,2,0.5,1.0220176693359408,-0.5220176693359408,0.5220176693359408,0.2725024470989277
S98_01802,Ni_num,HuberRegressor,2,2,3.0,2.194447420603062,0.805552579396938,0.805552579396938,0.6489149581730601
S98_01808,Ni_num,HuberRegressor,2,2,7.5,3.202622902126591,4.297377097873409,4.297377097873409,18.46744992132688
S98_01827,Ni_num,HuberRegressor,2,2,3.0,3.1369859310813606,-0.1369859310813606,0.1369859310813606,0.018765145314227273
S98_01801,Ni_num,HuberRegressor,2,3,1.3,0.8379766259904897,0.4620233740095103,0.4620233740095103,0.21346559813113186
S98_01803,Ni_num,HuberRegressor,2,3,2.0,1.232442396623423,0.767557603376577,0.767557603376577,0.5891446745011947
S98_01804,Ni_num,HuberRegressor,2,3,1.5,2.6682988970685795,-1.1682988970685795,1.1682988970685795,1.3649223128916592
S98_01807,Ni_num,HuberRegressor,2,3,1.6,1.3204338721383793,0.27956612786162083,0.27956612786162083,0.07815721984754012
S98_01813,Ni_num,HuberRegressor,2,3,2.1,2.445991449312579,-0.34599144931257886,0.34599144931257886,0.11971008299741882
S98_01820,Ni_num,HuberRegressor,2,3,5.5,4.686080158274688,0.813919841725312,0.813919841725312,0.6624655087541569
S98_01821,Ni_num,HuberRegressor,2,3,4.7,4.756201420960068,-0.056201420960067416,0.056201420960067416,0.003158599717930705
S98_01823,Ni_num,HuberRegressor,2,3,1.0,1.2536499463946353,-0.25364994639463534,0.25364994639463534,0.06433829530600138
S98_01786,Ni_num,HuberRegressor,2,4,1.0,1.1456509764002545,-0.14565097640025448,0.14565097640025448,0.021214206926347488
S98_01789,Ni_num,HuberRegressor,2,4,0.8,1.7384002721757967,-0.9384002721757967,0.9384002721757967,0.8805950708196093
S98_01797,Ni_num,HuberRegressor,2,4,0.8,1.6374411357520298,-0.8374411357520297,0.8374411357520297,0.7013076558496495
S98_01815,Ni_num,HuberRegressor,2,4,3.4,4.937429366940219,-1.5374293669402195,1.5374293669402195,2.363689058330204
S98_01817,Ni_num,HuberRegressor,2,4,1.5,2.119996297549607,-0.6199962975496072,0.6199962975496072,0.384395408975221
S98_01819,Ni_num,HuberRegressor,2,4,3.5,3.540734779274658,-0.040734779274658184,0.040734779274658184,0.001659322242555122
S98_01824,Ni_num,HuberRegressor,2,4,1.0,1.3424977314497792,-0.34249773144977924,0.34249773144977924,0.1173046960482451
S98_01828,Ni_num,HuberRegressor,2,4,3.5,3.7378356618010082,-0.23783566180100824,0.23783566180100824,0.05656580202432357
S98_01792,Ni_num,HuberRegressor,2,5,1.7,1.576612041654949,0.12338795834505101,0.12338795834505101,0.015224588264560043
S98_01798,Ni_num,HuberRegressor,2,5,1.2,1.6436086729013666,-0.44360867290136663,0.44360867290136663,0.1967886546733117
S98_01800,Ni_num,HuberRegressor,2,5,2.4,1.2766965191045516,1.1233034808954483,1.1233034808954483,1.2618107101918308
S98_01809,Ni_num,HuberRegressor,2,5,1.1,0.898241923850227,0.20175807614977304,0.20175807614977304,0.04070632129165762
S98_01810,Ni_num,HuberRegressor,2,5,2.1,0.7080507574535855,1.3919492425464146,1.3919492425464146,1.9375226938255374
S98_01818,Ni_num,HuberRegressor,2,5,4.5,3.825262766219069,0.674737233780931,0.674737233780931,0.4552703346503427
S98_01822,Ni_num,HuberRegressor,2,5,3.9,3.0388891267695364,0.8611108732304635,0.8611108732304635,0.7415119359957314
S98_01834,Ni_num,HuberRegressor,2,5,2.2,1.9113145155937836,0.28868548440621655,0.28868548440621655,0.0833393089068519
S98_01788,Ni_num,HuberRegressor,3,1,1.4,1.1361176215449995,0.2638823784550004,0.2638823784550004,0.06963390965906806
S98_01792,Ni_num,HuberRegressor,3,1,1.7,1.2645709219941645,0.4354290780058354,0.4354290780058354,0.1895984819730119
S98_01793,Ni_num,HuberRegressor,3,1,0.9,0.7240918105892145,0.17590818941078556,0.17590818941078556,0.030943691101780812
S98_01803,Ni_num,HuberRegressor,3,1,2.0,1.247258994862914,0.752741005137086,0.752741005137086,0.5666190208147905
S98_01807,Ni_num,HuberRegressor,3,1,1.6,1.3599230559797708,0.24007694402022928,0.24007694402022928,0.0576369390500923
S98_01825,Ni_num,HuberRegressor,3,1,3.1,4.224692054312474,-1.1246920543124737,1.1246920543124737,1.2649322170336121
S98_01828,Ni_num,HuberRegressor,3,1,3.5,3.8084343177933375,-0.3084343177933375,0.3084343177933375,0.09513172839264152
S98_01834,Ni_num,HuberRegressor,3,1,2.2,2.1128704675833947,0.08712953241660548,0.08712953241660548,0.007591555419136305
S98_01789,Ni_num,HuberRegressor,3,2,0.8,1.5300197417620356,-0.7300197417620355,0.7300197417620355,0.5329288233623091
S98_01791,Ni_num,HuberRegressor,3,2,1.0,1.1867735298526028,-0.18677352985260276,0.18677352985260276,0.034884351453601095
S98_01794,Ni_num,HuberRegressor,3,2,1.3,1.7095466446336633,-0.4095466446336633,0.4095466446336633,0.1677284541306921
S98_01802,Ni_num,HuberRegressor,3,2,3.0,2.252175187307921,0.747824812692079,0.747824812692079,0.559241950477943
S98_01809,Ni_num,HuberRegressor,3,2,1.1,0.8423671704194722,0.2576328295805279,0.2576328295805279,0.06637467487766933
S98_01810,Ni_num,HuberRegressor,3,2,2.1,0.5864197658977639,1.5135802341022362,1.5135802341022362,2.2909251250649803
S98_01821,Ni_num,HuberRegressor,3,2,4.7,4.862526311688509,-0.1625263116885085,0.1625263116885085,0.026414801991070217
S98_01824,Ni_num,HuberRegressor,3,2,1.0,1.2202264832964997,-0.22022648329649974,0.22022648329649974,0.04849970394514348
S98_01799,Ni_num,HuberRegressor,3,3,0.5,0.8289167215935338,-0.3289167215935338,0.3289167215935338,0.10818620974383822
S98_01800,Ni_num,HuberRegressor,3,3,2.4,0.9306991930407793,1.4693008069592206,1.4693008069592206,2.158844861331017
S98_01801,Ni_num,HuberRegressor,3,3,1.3,0.6408635021411015,0.6591364978588985,0.6591364978588985,0.43446092280969373
S98_01813,Ni_num,HuberRegressor,3,3,2.1,2.9241177647047523,-0.8241177647047522,0.8241177647047522,0.6791700901019573
S98_01815,Ni_num,HuberRegressor,3,3,3.4,5.5296691928133015,-2.1296691928133016,2.1296691928133016,4.53549087081806
S98_01817,Ni_num,HuberRegressor,3,3,1.5,2.267666114671699,-0.767666114671699,0.767666114671699,0.5893112636151421
S98_01818,Ni_num,HuberRegressor,3,3,4.5,4.6575743667269425,-0.15757436672694247,0.15757436672694247,0.024829681049396955
S98_01823,Ni_num,HuberRegressor,3,3,1.0,1.2090136047490254,-0.20901360474902542,0.20901360474902542,0.04368668697018182
S98_01785,Ni_num,HuberRegressor,3,4,1.1,1.8258830163538815,-0.7258830163538814,0.7258830163538814,0.5269061534310093
S98_01786,Ni_num,HuberRegressor,3,4,1.0,1.101834215522135,-0.10183421552213501,0.10183421552213501,0.010370207451008643
S98_01795,Ni_num,HuberRegressor,3,4,3.3,1.413032380822358,1.8869676191776419,1.8869676191776419,3.560646795824938
S98_01797,Ni_num,HuberRegressor,3,4,0.8,1.4369393036845413,-0.6369393036845412,0.6369393036845412,0.4056916765781482
S98_01806,Ni_num,HuberRegressor,3,4,1.5,1.957680474799615,-0.45768047479961504,0.45768047479961504,0.20947141701280106
S98_01808,Ni_num,HuberRegressor,3,4,7.5,3.461477481651944,4.038522518348056,4.038522518348056,16.30966413120433
S98_01822,Ni_num,HuberRegressor,3,4,3.9,3.0605771347348982,0.8394228652651017,0.8394228652651017,0.704630746729873
S98_01826,Ni_num,HuberRegressor,3,4,8.9,2.989992932662259,5.910007067337741,5.910007067337741,34.92818353598204
S98_01796,Ni_num,HuberRegressor,3,5,0.7,1.0669984333877922,-0.36699843338779226,0.36699843338779226,0.1346878501090938
S98_01798,Ni_num,HuberRegressor,3,5,1.2,1.8059990155279657,-0.6059990155279658,0.6059990155279658,0.3672348068208637
S98_01804,Ni_num,HuberRegressor,3,5,1.5,2.8079516878140605,-1.3079516878140605,1.3079516878140605,1.7107376176556495
S98_01805,Ni_num,HuberRegressor,3,5,1.1,1.8080528529246087,-0.7080528529246086,0.7080528529246086,0.5013388425346774
S98_01811,Ni_num,HuberRegressor,3,5,8.0,0.7907848250672334,7.209215174932766,7.209215174932766,51.972783438480874
S98_01819,Ni_num,HuberRegressor,3,5,3.5,3.5135200208140676,-0.013520020814067557,0.013520020814067557,0.00018279096281281998
S98_01820,Ni_num,HuberRegressor,3,5,5.5,4.734868139803348,0.7651318601966519,0.7651318601966519,0.5854267634879889
S98_01827,Ni_num,HuberRegressor,3,5,3.0,3.447485158393461,-0.4474851583934609,0.4474851583934609,0.2002429669824208
S98_01791,Ni_num,HuberRegressor,4,1,1.0,1.0163981190360674,-0.01639811903606736,0.01639811903606736,0.00026889830792103475
S98_01801,Ni_num,HuberRegressor,4,1,1.3,1.0035032044455403,0.29649679555445974,0.29649679555445974,0.08791034977406309
S98_01804,Ni_num,HuberRegressor,4,1,1.5,2.867070497216867,-1.3670704972168668,1.3670704972168668,1.8688817443607715
S98_01807,Ni_num,HuberRegressor,4,1,1.6,1.4421430560104125,0.1578569439895876,0.1578569439895876,0.0249188147657318
S98_01821,Ni_num,HuberRegressor,4,1,4.7,5.111277607616746,-0.4112776076167455,0.4112776076167455,0.16914927052695367
S98_01823,Ni_num,HuberRegressor,4,1,1.0,1.382676326724837,-0.382676326724837,0.382676326724837,0.1464411710356142
S98_01828,Ni_num,HuberRegressor,4,1,3.5,3.8639135324966043,-0.3639135324966043,0.3639135324966043,0.13243305913415707
S98_01834,Ni_num,HuberRegressor,4,1,2.2,2.121625960081033,0.07837403991896696,0.07837403991896696,0.006142490133219827
S98_01789,Ni_num,HuberRegressor,4,2,0.8,1.214379866862725,-0.414379866862725,0.414379866862725,0.1717106740611697
S98_01793,Ni_num,HuberRegressor,4,2,0.9,0.7532039101203143,0.14679608987968573,0.14679608987968573,0.021549092003964772
S98_01796,Ni_num,HuberRegressor,4,2,0.7,1.1119420377234324,-0.4119420377234324,0.4119420377234324,0.1696962424437338
S98_01798,Ni_num,HuberRegressor,4,2,1.2,1.7693328905611874,-0.5693328905611874,0.5693328905611874,0.324139940274757
S98_01805,Ni_num,HuberRegressor,4,2,1.1,1.7900042612321156,-0.6900042612321156,0.6900042612321156,0.4761058805184776
S98_01810,Ni_num,HuberRegressor,4,2,2.1,0.7632639415327744,1.3367360584672257,1.3367360584672257,1.786863290006494
S98_01824,Ni_num,HuberRegressor,4,2,1.0,1.2771252890226763,-0.2771252890226763,0.2771252890226763,0.07679842581590188
S98_01825,Ni_num,HuberRegressor,4,2,3.1,4.0876405122722295,-0.9876405122722294,0.9876405122722294,0.9754337814813516
S98_01785,Ni_num,HuberRegressor,4,3,1.1,1.856184596159713,-0.7561845961597129,0.7561845961597129,0.5718151434692281
S98_01786,Ni_num,HuberRegressor,4,3,1.0,1.061522201836846,-0.06152220183684598,0.06152220183684598,0.0037849813188536147
S98_01788,Ni_num,HuberRegressor,4,3,1.4,1.2823577482945567,0.11764225170544318,0.11764225170544318,0.01383969938632685
S98_01809,Ni_num,HuberRegressor,4,3,1.1,1.0545904076242216,0.04540959237577846,0.04540959237577846,0.0020620310797343573
S98_01813,Ni_num,HuberRegressor,4,3,2.1,2.36359693620979,-0.26359693620978986,0.26359693620978986,0.06948334477918802
S98_01818,Ni_num,HuberRegressor,4,3,4.5,3.906282550013621,0.5937174499863791,0.5937174499863791,0.3525004104183286
S98_01822,Ni_num,HuberRegressor,4,3,3.9,3.1478881151191462,0.7521118848808537,0.7521118848808537,0.5656722873790305
S98_01827,Ni_num,HuberRegressor,4,3,3.0,3.3791928892845546,-0.37919288928455464,0.37919288928455464,0.14378724728396852
S98_01795,Ni_num,HuberRegressor,4,4,3.3,1.310505497540165,1.9894945024598347,1.9894945024598347,3.9580883753179052
S98_01799,Ni_num,HuberRegressor,4,4,0.5,0.6838796930563928,-0.18387969305639285,0.18387969305639285,0.033811741518513246
S98_01800,Ni_num,HuberRegressor,4,4,2.4,1.1299877163060312,1.2700122836939687,1.2700122836939687,1.6129312007335697
S98_01803,Ni_num,HuberRegressor,4,4,2.0,1.1935242528191334,0.8064757471808666,0.8064757471808666,0.650403130790937
S98_01808,Ni_num,HuberRegressor,4,4,7.5,3.397535274293272,4.102464725706728,4.102464725706728,16.83021682566798
S98_01817,Ni_num,HuberRegressor,4,4,1.5,1.7969970543486053,-0.29699705434860535,0.29699705434860535,0.08820725029174845
S98_01819,Ni_num,HuberRegressor,4,4,3.5,3.18840182698498,0.31159817301502013,0.31159817301502013,0.09709342142629841
S98_01826,Ni_num,HuberRegressor,4,4,8.9,3.027755830113886,5.872244169886114,5.872244169886114,34.48325159076146
S98_01792,Ni_num,HuberRegressor,4,5,1.7,1.1133637913788876,0.5866362086211123,0.5866362086211123,0.3441420412653532
S98_01794,Ni_num,HuberRegressor,4,5,1.3,1.6993633756893831,-0.39936337568938307,0.39936337568938307,0.15949110584201934
S98_01797,Ni_num,HuberRegressor,4,5,0.8,1.4783756521369735,-0.6783756521369735,0.6783756521369735,0.46019352541226405
S98_01802,Ni_num,HuberRegressor,4,5,3.0,2.238439336804355,0.7615606631956449,0.7615606631956449,0.5799746437269905
S98_01806,Ni_num,HuberRegressor,4,5,1.5,1.8576339863597524,-0.3576339863597524,0.3576339863597524,0.12790206819956756
S98_01811,Ni_num,HuberRegressor,4,5,8.0,0.8669665050389148,7.133033494961085,7.133033494961085,50.88016684023675
S98_01815,Ni_num,HuberRegressor,4,5,3.4,4.081444981330852,-0.6814449813308525,0.6814449813308525,0.4643672625810059
S98_01820,Ni_num,HuberRegressor,4,5,5.5,4.713618218435656,0.7863817815643444,0.7863817815643444,0.6183963063763122
S98_01793,Ni_num,HuberRegressor,5,1,0.9,0.5033870076535769,0.3966129923464231,0.3966129923464231,0.15730186569798388
S98_01799,Ni_num,HuberRegressor,5,1,0.5,0.7757504162285984,-0.2757504162285984,0.2757504162285984,0.07603829205024527
S98_01802,Ni_num,HuberRegressor,5,1,3.0,2.162004586450665,0.837995413549335,0.837995413549335,0.702236313129721
S98_01805,Ni_num,HuberRegressor,5,1,1.1,1.6349788573898771,-0.534978857389877,0.534978857389877,0.2862023778541784
S98_01808,Ni_num,HuberRegressor,5,1,7.5,3.2207767144359307,4.279223285564069,4.279223285564069,18.311751927713747
S98_01811,Ni_num,HuberRegressor,5,1,8.0,0.7151917806785464,7.284808219321453,7.284808219321453,53.068430792293405
S98_01818,Ni_num,HuberRegressor,5,1,4.5,3.843413648236312,0.6565863517636878,0.6565863517636878,0.43110563732234924
S98_01822,Ni_num,HuberRegressor,5,1,3.9,3.034416168685122,0.8655838313148778,0.8655838313148778,0.7492353690337429
S98_01785,Ni_num,HuberRegressor,5,2,1.1,1.865131549445987,-0.7651315494459869,0.7651315494459869,0.5854262879576168
S98_01796,Ni_num,HuberRegressor,5,2,0.7,1.0244288285893892,-0.32442882858938926,0.32442882858938926,0.10525406481988332
S98_01807,Ni_num,HuberRegressor,5,2,1.6,1.414959474923272,0.1850405250767282,0.1850405250767282,0.03423999592067128
S98_01810,Ni_num,HuberRegressor,5,2,2.1,0.8144376937205151,1.285562306279485,1.285562306279485,1.6526704433266284
S98_01813,Ni_num,HuberRegressor,5,2,2.1,2.4112714177826025,-0.31127141778260237,0.31127141778260237,0.09688989552839139
S98_01823,Ni_num,HuberRegressor,5,2,1.0,1.349635733069149,-0.3496357330691491,0.3496357330691491,0.12224514583880126
S98_01825,Ni_num,HuberRegressor,5,2,3.1,4.178148417031732,-1.078148417031732,1.078148417031732,1.1624040091480294
S98_01826,Ni_num,HuberRegressor,5,2,8.9,3.161007707816184,5.738992292183816,5.738992292183816,32.936032529745255
S98_01791,Ni_num,HuberRegressor,5,3,1.0,1.0974533872690382,-0.09745338726903818,0.09745338726903818,0.009497162690209133
S98_01792,Ni_num,HuberRegressor,5,3,1.7,1.394599606573662,0.30540039342633785,0.30540039342633785,0.09326940030496195
S98_01794,Ni_num,HuberRegressor,5,3,1.3,1.7141913015088557,-0.41419130150885564,0.41419130150885564,0.17155443424559977
S98_01795,Ni_num,HuberRegressor,5,3,3.3,1.439775306981423,1.8602246930185768,1.8602246930185768,3.4604359085160583
S98_01806,Ni_num,HuberRegressor,5,3,1.5,1.9481394642054883,-0.44813946420548834,0.44813946420548834,0.20082897937838215
S98_01815,Ni_num,HuberRegressor,5,3,3.4,4.604980048445929,-1.2049800484459294,1.2049800484459294,1.4519769171527543
S98_01824,Ni_num,HuberRegressor,5,3,1.0,1.2694486679835597,-0.2694486679835597,0.2694486679835597,0.07260258467811459
S98_01827,Ni_num,HuberRegressor,5,3,3.0,3.541965229979084,-0.541965229979084,0.541965229979084,0.29372631050628145
S98_01786,Ni_num,HuberRegressor,5,4,1.0,1.0634858612888318,-0.06348586128883182,0.06348586128883182,0.004030454583584795
S98_01797,Ni_num,HuberRegressor,5,4,0.8,1.413411255249788,-0.6134112552497879,0.6134112552497879,0.3762733680671204
S98_01798,Ni_num,HuberRegressor,5,4,1.2,1.7604038209985513,-0.5604038209985513,0.5604038209985513,0.3140524425897764
S98_01801,Ni_num,HuberRegressor,5,4,1.3,0.9919779128689681,0.30802208713103196,0.30802208713103196,0.09487760616055704
S98_01803,Ni_num,HuberRegressor,5,4,2.0,1.2882450383631552,0.7117549616368448,0.7117549616368448,0.5065951254146664
S98_01804,Ni_num,HuberRegressor,5,4,1.5,2.735319909238253,-1.2353199092382532,1.2353199092382532,1.5260152781604062
S98_01820,Ni_num,HuberRegressor,5,4,5.5,4.693114606757813,0.8068853932421867,0.8068853932421867,0.6510640378275983
S98_01828,Ni_num,HuberRegressor,5,4,3.5,3.670557743335133,-0.17055774333513307,0.17055774333513307,0.029089943811573128
S98_01788,Ni_num,HuberRegressor,5,5,1.4,1.1705899125631463,0.22941008743685365,0.22941008743685365,0.05262898821778483
S98_01789,Ni_num,HuberRegressor,5,5,0.8,0.9866791393583934,-0.1866791393583933,0.1866791393583933,0.03484910107159043
S98_01800,Ni_num,HuberRegressor,5,5,2.4,1.2012420553675591,1.1987579446324408,1.1987579446324408,1.437020609819394
S98_01809,Ni_num,HuberRegressor,5,5,1.1,1.0395106710058564,0.06048932899414372,0.06048932899414372,0.003658958922161756
S98_01817,Ni_num,HuberRegressor,5,5,1.5,1.932467361583317,-0.432467361583317,0.432467361583317,0.18702801883483544
S98_01819,Ni_num,HuberRegressor,5,5,3.5,3.405227024704117,0.09477297529588302,0.09477297529588302,0.008981916846434054
S98_01821,Ni_num,HuberRegressor,5,5,4.7,4.810433925166663,-0.11043392516666284,0.11043392516666284,0.012195651827716088
S98_01834,Ni_num,HuberRegressor,5,5,2.2,2.2759498765227373,-0.0759498765227371,0.0759498765227371,0.005768383743819013
S98_01791,Ni_num,RandomForest,1,1,1.0,2.7107291513096468,-1.7107291513096468,1.7107291513096468,2.9265942291406244
S98_01799,Ni_num,RandomForest,1,1,0.5,2.3209313234065556,-1.8209313234065556,1.8209313234065556,3.31579088456315
S98_01802,Ni_num,RandomForest,1,1,3.0,1.5397584770750405,1.4602415229249595,1.4602415229249595,2.1323053052742047
S98_01803,Ni_num,RandomForest,1,1,2.0,1.3360349361967008,0.6639650638032992,0.6639650638032992,0.4408496059513192
S98_01806,Ni_num,RandomForest,1,1,1.5,1.5107233893557424,-0.010723389355742352,0.010723389355742352,0.00011499107927484837
S98_01815,Ni_num,RandomForest,1,1,3.4,5.148933862433863,-1.7489338624338635,1.7489338624338635,3.0587696551678323
S98_01817,Ni_num,RandomForest,1,1,1.5,2.6391512645994064,-1.1391512645994064,1.1391512645994064,1.2976656036384269
S98_01827,Ni_num,RandomForest,1,1,3.0,4.793372549019607,-1.7933725490196073,1.7933725490196073,3.2161850995770838
S98_01793,Ni_num,RandomForest,1,2,0.9,2.942762515262515,-2.042762515262515,2.042762515262515,4.172878693761637
S98_01795,Ni_num,RandomForest,1,2,3.3,1.329550384528326,1.9704496154716737,1.9704496154716737,3.882671687112467
S98_01796,Ni_num,RandomForest,1,2,0.7,1.4826315811095225,-0.7826315811095226,0.7826315811095226,0.6125121917499912
S98_01800,Ni_num,RandomForest,1,2,2.4,1.2362426922206333,1.1637573077793666,1.1637573077793666,1.3543310714098793
S98_01813,Ni_num,RandomForest,1,2,2.1,2.5691488971268384,-0.46914889712683827,0.46914889712683827,0.22010068767532867
S98_01821,Ni_num,RandomForest,1,2,4.7,4.29931746031746,0.4006825396825402,0.4006825396825402,0.1605464976064504
S98_01824,Ni_num,RandomForest,1,2,1.0,1.2704093588873002,-0.2704093588873002,0.2704093588873002,0.07312122137384074
S98_01834,Ni_num,RandomForest,1,2,2.2,2.4170276850056265,-0.2170276850056263,0.2170276850056263,0.04710101605890135
S98_01785,Ni_num,RandomForest,1,3,1.1,1.595156951493639,-0.4951569514936389,0.4951569514936389,0.2451804066124739
S98_01786,Ni_num,RandomForest,1,3,1.0,1.205959800064057,-0.205959800064057,0.205959800064057,0.04241943924242634
S98_01792,Ni_num,RandomForest,1,3,1.7,1.4477209819076686,0.25227901809233133,0.25227901809233133,0.06364470296963085
S98_01798,Ni_num,RandomForest,1,3,1.2,1.595156951493639,-0.39515695149363905,0.39515695149363905,0.1561490163137462
S98_01804,Ni_num,RandomForest,1,3,1.5,2.463489570835081,-0.963489570835081,0.963489570835081,0.9283121531079687
S98_01811,Ni_num,RandomForest,1,3,8.0,1.2124889209431777,6.787511079056822,6.787511079056822,46.070306648319104
S98_01819,Ni_num,RandomForest,1,3,3.5,4.847177980352981,-1.3471779803529813,1.3471779803529813,1.8148885107479378
S98_01823,Ni_num,RandomForest,1,3,1.0,1.6218398755441326,-0.6218398755441326,0.6218398755441326,0.38668483081674226
S98_01788,Ni_num,RandomForest,1,4,1.4,1.3918172655775596,0.00818273442244033,0.00818273442244033,6.695714262818987e-05
S98_01789,Ni_num,RandomForest,1,4,0.8,2.0158811149634674,-1.2158811149634674,1.2158811149634674,1.4783668857248047
S98_01808,Ni_num,RandomForest,1,4,7.5,3.2349220390720386,4.265077960927961,4.265077960927961,18.190890012793414
S98_01810,Ni_num,RandomForest,1,4,2.1,2.4237607565636976,-0.3237607565636975,0.3237607565636975,0.1048210274906978
S98_01820,Ni_num,RandomForest,1,4,5.5,4.207471428571427,1.2925285714285728,1.2925285714285728,1.6706301079591872
S98_01822,Ni_num,RandomForest,1,4,3.9,3.166193467643468,0.7338065323565317,0.7338065323565317,0.5384720269291177
S98_01825,Ni_num,RandomForest,1,4,3.1,3.0435197802197815,0.056480219780218555,0.056480219780218555,0.003190015226421791
S98_01826,Ni_num,RandomForest,1,4,8.9,3.2035738095238098,5.69642619047619,5.69642619047619,32.44927134354308
S98_01794,Ni_num,RandomForest,1,5,1.3,1.990944261043618,-0.6909442610436181,0.6909442610436181,0.47740397186911143
S98_01797,Ni_num,RandomForest,1,5,0.8,1.5880106434400312,-0.7880106434400311,0.7880106434400311,0.6209607741747719
S98_01801,Ni_num,RandomForest,1,5,1.3,1.5228189655273008,-0.22281896552730074,0.22281896552730074,0.04964829139865643
S98_01805,Ni_num,RandomForest,1,5,1.1,1.913122038821396,-0.813122038821396,0.813122038821396,0.6611674500170638
S98_01807,Ni_num,RandomForest,1,5,1.6,1.913122038821396,-0.313122038821396,0.313122038821396,0.09804541119566783
S98_01809,Ni_num,RandomForest,1,5,1.1,3.331284647610731,-2.231284647610731,2.231284647610731,4.978631178663344
S98_01818,Ni_num,RandomForest,1,5,4.5,4.253872116772118,0.24612788322788237,0.24612788322788237,0.0605789349022381
S98_01828,Ni_num,RandomForest,1,5,3.5,4.68204317904318,-1.1820431790431796,1.1820431790431796,1.3972260771225062
S98_01785,Ni_num,RandomForest,2,1,1.1,1.4748339239736301,-0.37483392397363,0.37483392397363,0.14050047056146905
S98_01788,Ni_num,RandomForest,2,1,1.4,1.2432030409677468,0.1567969590322531,0.1567969590322531,0.02458528636176206
S98_01795,Ni_num,RandomForest,2,1,3.3,1.4924758283655344,1.8075241716344654,1.8075241716344654,3.2671436310428605
S98_01805,Ni_num,RandomForest,2,1,1.1,1.3985019226416286,-0.29850192264162856,0.29850192264162856,0.0891033978207488
S98_01806,Ni_num,RandomForest,2,1,1.5,1.639983764873471,-0.13998376487347097,0.13998376487347097,0.019595454428151207
S98_01811,Ni_num,RandomForest,2,1,8.0,1.224793950058656,6.775206049941344,6.775206049941344,45.90341701916179
S98_01825,Ni_num,RandomForest,2,1,3.1,4.297666185666186,-1.1976661856661859,1.1976661856661859,1.4344042922881908
S98_01826,Ni_num,RandomForest,2,1,8.9,3.4652614237614245,5.434738576238576,5.434738576238576,29.536383392055708
S98_01791,Ni_num,RandomForest,2,2,1.0,2.4575595141116193,-1.4575595141116193,1.4575595141116193,2.1244797371772997
S98_01793,Ni_num,RandomForest,2,2,0.9,2.8367618478013217,-1.9367618478013218,1.9367618478013218,3.7510464550987903
S98_01794,Ni_num,RandomForest,2,2,1.3,1.9370404385449433,-0.6370404385449433,0.6370404385449433,0.4058205203415337
S98_01796,Ni_num,RandomForest,2,2,0.7,2.334801938354044,-1.634801938354044,1.634801938354044,2.6725773776461392
S98_01799,Ni_num,RandomForest,2,2,0.5,2.4147672493588286,-1.9147672493588286,1.9147672493588286,3.6663336192171743
S98_01802,Ni_num,RandomForest,2,2,3.0,1.5463726536037063,1.4536273463962937,1.4536273463962937,2.1130324621911303
S98_01808,Ni_num,RandomForest,2,2,7.5,4.037463240027947,3.4625367599720533,3.4625367599720533,11.989160814157765
S98_01827,Ni_num,RandomForest,2,2,3.0,4.238177525742232,-1.2381775257422323,1.2381775257422323,1.5330835852531564
S98_01801,Ni_num,RandomForest,2,3,1.3,1.2962386725593247,0.003761327440675366,0.003761327440675366,1.4147584115977499e-05
S98_01803,Ni_num,RandomForest,2,3,2.0,1.2792644825336639,0.7207355174663361,0.7207355174663361,0.5194596861374673
S98_01804,Ni_num,RandomForest,2,3,1.5,3.1586808099308104,-1.6586808099308104,1.6586808099308104,2.751222029232729
S98_01807,Ni_num,RandomForest,2,3,1.6,1.4365732222688743,0.1634267777311258,0.1634267777311258,0.026708311679578794
S98_01813,Ni_num,RandomForest,2,3,2.1,2.6893485403485413,-0.5893485403485412,0.5893485403485412,0.34733170201095614
S98_01820,Ni_num,RandomForest,2,3,5.5,4.128767195767197,1.371232804232803,1.371232804232803,1.8802794034041568
S98_01821,Ni_num,RandomForest,2,3,4.7,3.6181560846560847,1.0818439153439154,1.0818439153439154,1.1703862571666528
S98_01823,Ni_num,RandomForest,2,3,1.0,1.3675133932090453,-0.3675133932090453,0.3675133932090453,0.13506609418802634
S98_01786,Ni_num,RandomForest,2,4,1.0,1.4519200035227735,-0.4519200035227735,0.4519200035227735,0.20423168958402363
S98_01789,Ni_num,RandomForest,2,4,0.8,2.601268562918563,-1.801268562918563,1.801268562918563,3.2445684357587052
S98_01797,Ni_num,RandomForest,2,4,0.8,1.6071341643619343,-0.8071341643619343,0.8071341643619343,0.651465559280238
S98_01815,Ni_num,RandomForest,2,4,3.4,4.926749999999999,-1.5267499999999994,1.5267499999999994,2.330965562499998
S98_01817,Ni_num,RandomForest,2,4,1.5,2.4148214729714725,-0.9148214729714725,0.9148214729714725,0.8368983274096946
S98_01819,Ni_num,RandomForest,2,4,3.5,4.174227123936473,-0.6742271239364728,0.6742271239364728,0.45458221465164783
S98_01824,Ni_num,RandomForest,2,4,1.0,1.456925831028601,-0.45692583102860107,0.45692583102860107,0.2087812150611777
S98_01828,Ni_num,RandomForest,2,4,3.5,4.756755618375183,-1.2567556183751831,1.2567556183751831,1.5794346843175888
S98_01792,Ni_num,RandomForest,2,5,1.7,1.7495148882942786,-0.049514888294278636,0.049514888294278636,0.0024517241627948915
S98_01798,Ni_num,RandomForest,2,5,1.2,1.4426950937097787,-0.2426950937097787,0.2426950937097787,0.05890090851079827
S98_01800,Ni_num,RandomForest,2,5,2.4,1.4426950937097787,0.9573049062902212,0.9573049062902212,0.9164326836073293
S98_01809,Ni_num,RandomForest,2,5,1.1,4.175276704676472,-3.075276704676472,3.075276704676472,9.45732681032578
S98_01810,Ni_num,RandomForest,2,5,2.1,4.175276704676472,-2.075276704676472,2.075276704676472,4.306773400972837
S98_01818,Ni_num,RandomForest,2,5,4.5,4.6695041736041745,-0.16950417360417447,0.16950417360417447,0.028731664869234116
S98_01822,Ni_num,RandomForest,2,5,3.9,6.580609589058283,-2.680609589058283,2.680609589058283,7.185667768951217
S98_01834,Ni_num,RandomForest,2,5,2.2,1.9261246011545174,0.27387539884548273,0.27387539884548273,0.07500773409277224
S98_01788,Ni_num,RandomForest,3,1,1.4,1.2708863999863227,0.12911360001367722,0.12911360001367722,0.01667032170849183
S98_01792,Ni_num,RandomForest,3,1,1.7,1.4112926985982712,0.28870730140172873,0.28870730140172873,0.08335190588266864
S98_01793,Ni_num,RandomForest,3,1,0.9,2.9597928507766733,-2.0597928507766734,2.0597928507766734,4.242746588110695
S98_01803,Ni_num,RandomForest,3,1,2.0,1.106932720332643,0.8930672796673571,0.8930672796673571,0.7975691660124534
S98_01807,Ni_num,RandomForest,3,1,1.6,1.6110565825815055,-0.011056582581505436,0.011056582581505436,0.00012224801838164943
S98_01825,Ni_num,RandomForest,3,1,3.1,4.8775698412698425,-1.7775698412698424,1.7775698412698424,3.159754540592093
S98_01828,Ni_num,RandomForest,3,1,3.5,4.810372438672439,-1.310372438672439,1.310372438672439,1.7170759280323546
S98_01834,Ni_num,RandomForest,3,1,2.2,1.7436524340039048,0.4563475659960954,0.4563475659960954,0.20825310099056063
S98_01789,Ni_num,RandomForest,3,2,0.8,2.5057496671297823,-1.7057496671297823,1.7057496671297823,2.909581926913363
S98_01791,Ni_num,RandomForest,3,2,1.0,2.657392524272639,-1.6573925242726388,1.6573925242726388,2.7469499795148296
S98_01794,Ni_num,RandomForest,3,2,1.3,1.579470746904267,-0.279470746904267,0.279470746904267,0.07810389837522885
S98_01802,Ni_num,RandomForest,3,2,3.0,1.5537445564280772,1.4462554435719228,1.4462554435719228,2.0916548080614192
S98_01809,Ni_num,RandomForest,3,2,1.1,3.033216126394532,-1.933216126394532,1.933216126394532,3.737324591351879
S98_01810,Ni_num,RandomForest,3,2,2.1,2.9750911263945317,-0.8750911263945316,0.8750911263945316,0.76578447949445
S98_01821,Ni_num,RandomForest,3,2,4.7,4.319611471861472,0.3803885281385284,0.3803885281385284,0.14469543233939602
S98_01824,Ni_num,RandomForest,3,2,1.0,1.3856101352936556,-0.3856101352936556,0.3856101352936556,0.1486951764411914
S98_01799,Ni_num,RandomForest,3,3,0.5,2.2128386556272877,-1.7128386556272877,1.7128386556272877,2.933816260211094
S98_01800,Ni_num,RandomForest,3,3,2.4,1.2744763308605513,1.1255236691394486,1.1255236691394486,1.2668035297931268
S98_01801,Ni_num,RandomForest,3,3,1.3,1.32704775943198,-0.027047759431980012,0.027047759431980012,0.0007315812902902636
S98_01813,Ni_num,RandomForest,3,3,2.1,2.991978025872762,-0.8919780258727621,0.8919780258727621,0.7956247986398698
S98_01815,Ni_num,RandomForest,3,3,3.4,5.590707671957673,-2.190707671957673,2.190707671957673,4.799200103974207
S98_01817,Ni_num,RandomForest,3,3,1.5,2.633582174778702,-1.1335821747787018,1.1335821747787018,1.2850085469760113
S98_01818,Ni_num,RandomForest,3,3,4.5,5.497374338624339,-0.997374338624339,0.997374338624339,0.9947555713463376
S98_01823,Ni_num,RandomForest,3,3,1.0,1.5753326319668524,-0.5753326319668524,0.5753326319668524,0.3310076374059056
S98_01785,Ni_num,RandomForest,3,4,1.1,1.513585219021617,-0.41358521902161693,0.41358521902161693,0.17105273339315885
S98_01786,Ni_num,RandomForest,3,4,1.0,1.4249712589076569,-0.42497125890765686,0.42497125890765686,0.1806005708975587
S98_01795,Ni_num,RandomForest,3,4,3.3,1.4902518856882836,1.8097481143117162,1.8097481143117162,3.2751882372548127
S98_01797,Ni_num,RandomForest,3,4,0.8,1.4971749626113606,-0.6971749626113606,0.6971749626113606,0.48605292849215204
S98_01806,Ni_num,RandomForest,3,4,1.5,1.4902518856882836,0.009748114311716405,0.009748114311716405,9.50257326342902e-05
S98_01808,Ni_num,RandomForest,3,4,7.5,3.1743577075098814,4.325642292490119,4.325642292490119,18.71118124257917
S98_01822,Ni_num,RandomForest,3,4,3.9,3.180226431378605,0.7197735686213949,0.7197735686213949,0.5180739900859778
S98_01826,Ni_num,RandomForest,3,4,8.9,3.246651552151552,5.653348447848448,5.653348447848448,31.96034867279046
S98_01796,Ni_num,RandomForest,3,5,0.7,1.2931253607933173,-0.5931253607933173,0.5931253607933173,0.3517976936162029
S98_01798,Ni_num,RandomForest,3,5,1.2,1.7105668793624675,-0.5105668793624676,0.5105668793624676,0.26067853830192855
S98_01804,Ni_num,RandomForest,3,5,1.5,2.824979067011419,-1.324979067011419,1.324979067011419,1.7555695280184502
S98_01805,Ni_num,RandomForest,3,5,1.1,1.5271447152950253,-0.4271447152950252,0.4271447152950252,0.18245260780446812
S98_01811,Ni_num,RandomForest,3,5,8.0,1.3059275585955152,6.694072441404485,6.694072441404485,44.810605850771
S98_01819,Ni_num,RandomForest,3,5,3.5,5.565852380952381,-2.065852380952381,2.065852380952381,4.267746059886623
S98_01820,Ni_num,RandomForest,3,5,5.5,4.46686349206349,1.0331365079365096,1.0331365079365096,1.0673710440312456
S98_01827,Ni_num,RandomForest,3,5,3.0,5.175419047619047,-2.175419047619047,2.175419047619047,4.732448032743762
S98_01791,Ni_num,RandomForest,4,1,1.0,3.241453348523395,-2.241453348523395,2.241453348523395,5.02411311360674
S98_01801,Ni_num,RandomForest,4,1,1.3,1.1217662103691513,0.1782337896308488,0.1782337896308488,0.03176728376617366
S98_01804,Ni_num,RandomForest,4,1,1.5,3.436490800865801,-1.9364908008658008,1.9364908008658008,3.749996621837871
S98_01807,Ni_num,RandomForest,4,1,1.6,1.6006019912749787,-0.0006019912749786194,0.0006019912749786194,3.6239349515038374e-07
S98_01821,Ni_num,RandomForest,4,1,4.7,4.692158609908609,0.007841390091391176,0.007841390091391176,6.148739856536771e-05
S98_01823,Ni_num,RandomForest,4,1,1.0,1.4602601109330986,-0.4602601109330986,0.4602601109330986,0.21183936971614822
S98_01828,Ni_num,RandomForest,4,1,3.5,4.428678451178452,-0.9286784511784516,0.9286784511784516,0.8624436656832077
S98_01834,Ni_num,RandomForest,4,1,2.2,3.06036525974026,-0.8603652597402598,0.8603652597402598,0.7402283801679247
S98_01789,Ni_num,RandomForest,4,2,0.8,2.220279711077275,-1.420279711077275,1.420279711077275,2.0171944576977476
S98_01793,Ni_num,RandomForest,4,2,0.9,3.9269398306629717,-3.026939830662972,3.026939830662972,9.16236473845398
S98_01796,Ni_num,RandomForest,4,2,0.7,1.8757371723552472,-1.1757371723552472,1.1757371723552472,1.3823578984579123
S98_01798,Ni_num,RandomForest,4,2,1.2,1.711823753026038,-0.5118237530260381,0.5118237530260381,0.26196355416165884
S98_01805,Ni_num,RandomForest,4,2,1.1,1.6521950145130893,-0.5521950145130892,0.5521950145130892,0.3049193340531108
S98_01810,Ni_num,RandomForest,4,2,2.1,3.898117608440749,-1.7981176084407489,1.7981176084407489,3.233226933784678
S98_01824,Ni_num,RandomForest,4,2,1.0,1.4944664430845176,-0.4944664430845176,0.4944664430845176,0.24449706333665447
S98_01825,Ni_num,RandomForest,4,2,3.1,4.615625213675213,-1.515625213675213,1.515625213675213,2.297119788328035
S98_01785,Ni_num,RandomForest,4,3,1.1,1.5216996746742237,-0.42169967467422365,0.42169967467422365,0.17783061562034605
S98_01786,Ni_num,RandomForest,4,3,1.0,1.4724186596366298,-0.47241865963662977,0.47241865963662977,0.22317938997286985
S98_01788,Ni_num,RandomForest,4,3,1.4,1.5216996746742237,-0.12169967467422382,0.12169967467422382,0.014810810815811915
S98_01809,Ni_num,RandomForest,4,3,1.1,3.267457756986536,-2.167457756986536,2.167457756986536,4.697873128321105
S98_01813,Ni_num,RandomForest,4,3,2.1,1.8639237954336385,0.23607620456636158,0.23607620456636158,0.0557319743624586
S98_01818,Ni_num,RandomForest,4,3,4.5,4.857390424390425,-0.3573904243904247,0.3573904243904247,0.12772791544596787
S98_01822,Ni_num,RandomForest,4,3,3.9,6.331092592592594,-2.4310925925925937,2.4310925925925937,5.910211193758578
S98_01827,Ni_num,RandomForest,4,3,3.0,5.121408942908943,-2.1214089429089427,2.1214089429089427,4.500375903054038
S98_01795,Ni_num,RandomForest,4,4,3.3,1.3314176122208157,1.9685823877791842,1.9685823877791842,3.875316617474394
S98_01799,Ni_num,RandomForest,4,4,0.5,1.9117237247242966,-1.4117237247242966,1.4117237247242966,1.9929638749494416
S98_01800,Ni_num,RandomForest,4,4,2.4,1.2796632262559033,1.1203367737440966,1.1203367737440966,1.255154486603331
S98_01803,Ni_num,RandomForest,4,4,2.0,1.3314176122208157,0.6685823877791843,0.6685823877791843,0.4470024092485156
S98_01808,Ni_num,RandomForest,4,4,7.5,3.161306439132526,4.338693560867474,4.338693560867474,18.824261815112884
S98_01817,Ni_num,RandomForest,4,4,1.5,2.23948330758571,-0.7394833075857101,0.7394833075857101,0.546835562197902
S98_01819,Ni_num,RandomForest,4,4,3.5,3.51872484626146,-0.018724846261460204,0.018724846261460204,0.0003506198675153202
S98_01826,Ni_num,RandomForest,4,4,8.9,2.9835890838756973,5.916410916124303,5.916410916124303,35.00391812843481
S98_01792,Ni_num,RandomForest,4,5,1.7,1.509364871970135,0.19063512802986504,0.19063512802986504,0.03634175203896304
S98_01794,Ni_num,RandomForest,4,5,1.3,1.7185952429063884,-0.4185952429063884,0.4185952429063884,0.1752219773838583
S98_01797,Ni_num,RandomForest,4,5,0.8,1.5916204399315852,-0.7916204399315852,0.7916204399315852,0.6266629209174764
S98_01802,Ni_num,RandomForest,4,5,3.0,2.108404761904762,0.8915952380952379,0.8915952380952379,0.7949420685941039
S98_01806,Ni_num,RandomForest,4,5,1.5,1.994253871859135,-0.49425387185913494,0.49425387185913494,0.24428688984774619
S98_01811,Ni_num,RandomForest,4,5,8.0,1.18219697450812,6.81780302549188,6.81780302549188,46.482438094406234
S98_01815,Ni_num,RandomForest,4,5,3.4,4.493699735449735,-1.0936997354497353,1.0936997354497353,1.196179111322821
S98_01820,Ni_num,RandomForest,4,5,5.5,4.526298941798942,0.9737010582010583,0.9737010582010583,0.9480937507418609
S98_01793,Ni_num,RandomForest,5,1,0.9,1.6104582664067961,-0.7104582664067961,0.7104582664067961,0.5047509483057501
S98_01799,Ni_num,RandomForest,5,1,0.5,1.1924456654456657,-0.6924456654456657,0.6924456654456657,0.47948099959449075
S98_01802,Ni_num,RandomForest,5,1,3.0,2.2362761826953004,0.7637238173046996,0.7637238173046996,0.5832740691184622
S98_01805,Ni_num,RandomForest,5,1,1.1,1.6063397672588848,-0.5063397672588847,0.5063397672588847,0.25637995990778156
S98_01808,Ni_num,RandomForest,5,1,7.5,3.497246031746031,4.002753968253969,4.002753968253969,16.022039330372895
S98_01811,Ni_num,RandomForest,5,1,8.0,1.3187708217708223,6.681229178229177,6.681229178229177,44.63882333202093
S98_01818,Ni_num,RandomForest,5,1,4.5,4.834246031746032,-0.33424603174603185,0.33424603174603185,0.11172040973796933
S98_01822,Ni_num,RandomForest,5,1,3.9,6.924706349206351,-3.0247063492063515,3.0247063492063515,9.148848498929215
S98_01785,Ni_num,RandomForest,5,2,1.1,1.5693649264923462,-0.46936492649234607,0.46936492649234607,0.22030343422116544
S98_01796,Ni_num,RandomForest,5,2,0.7,1.711136419034891,-1.011136419034891,1.011136419034891,1.0223968578987028
S98_01807,Ni_num,RandomForest,5,2,1.6,1.699656873374154,-0.09965687337415385,0.09965687337415385,0.009931492410712135
S98_01810,Ni_num,RandomForest,5,2,2.1,2.291384623652099,-0.19138462365209907,0.19138462365209907,0.0366280741704556
S98_01813,Ni_num,RandomForest,5,2,2.1,2.2648709768720976,-0.1648709768720975,0.1648709768720975,0.02718243901475971
S98_01823,Ni_num,RandomForest,5,2,1.0,1.614311777680374,-0.6143117776803739,0.6143117776803739,0.37737896019682116
S98_01825,Ni_num,RandomForest,5,2,3.1,4.6745171828171825,-1.5745171828171824,1.5745171828171824,2.479104358986557
S98_01826,Ni_num,RandomForest,5,2,8.9,3.4128064756698246,5.487193524330175,5.487193524330175,30.10929277345101
S98_01791,Ni_num,RandomForest,5,3,1.0,2.8241448248890197,-1.8241448248890197,1.8241448248890197,3.3275043421693926
S98_01792,Ni_num,RandomForest,5,3,1.7,2.8241448248890197,-1.1241448248890198,1.1241448248890198,1.263701587324765
S98_01794,Ni_num,RandomForest,5,3,1.3,1.3641409534712807,-0.06414095347128068,0.06414095347128068,0.004114061912204993
S98_01795,Ni_num,RandomForest,5,3,3.3,1.3641409534712807,1.935859046528719,1.935859046528719,3.7475502480270815
S98_01806,Ni_num,RandomForest,5,3,1.5,1.3992203185506458,0.10077968144935423,0.10077968144935423,0.010156544193033313
S98_01815,Ni_num,RandomForest,5,3,3.4,4.728412698412699,-1.328412698412699,1.328412698412699,1.7646802973041082
S98_01824,Ni_num,RandomForest,5,3,1.0,1.3641409534712807,-0.3641409534712807,0.3641409534712807,0.13259863399497343
S98_01827,Ni_num,RandomForest,5,3,3.0,4.639579365079365,-1.6395793650793653,1.6395793650793653,2.688220494394055
S98_01786,Ni_num,RandomForest,5,4,1.0,1.5150704246000284,-0.5150704246000284,0.5150704246000284,0.2652975422976535
S98_01797,Ni_num,RandomForest,5,4,0.8,1.6972647830451604,-0.8972647830451603,0.8972647830451603,0.8050840908930786
S98_01798,Ni_num,RandomForest,5,4,1.2,1.5914314497118274,-0.3914314497118274,0.3914314497118274,0.15321857982350287
S98_01801,Ni_num,RandomForest,5,4,1.3,1.489772805552409,-0.18977280555240905,0.18977280555240905,0.036013717727232455
S98_01803,Ni_num,RandomForest,5,4,2.0,1.485140600038625,0.5148593999613751,0.5148593999613751,0.2650802017285872
S98_01804,Ni_num,RandomForest,5,4,1.5,1.9028190759744537,-0.40281907597445366,0.40281907597445366,0.16226320796891266
S98_01820,Ni_num,RandomForest,5,4,5.5,4.216198653198655,1.2838013468013454,1.2838013468013454,1.6481458980489483
S98_01828,Ni_num,RandomForest,5,4,3.5,4.98936531986532,-1.4893653198653203,1.4893653198653203,2.218209056017528
S98_01788,Ni_num,RandomForest,5,5,1.4,1.3524907469981,0.0475092530018999,0.0475092530018999,0.0022571291207985344
S98_01789,Ni_num,RandomForest,5,5,0.8,2.075711802086802,-1.275711802086802,1.275711802086802,1.6274406019835557
S98_01800,Ni_num,RandomForest,5,5,2.4,1.3648716993790522,1.0351283006209477,1.0351283006209477,1.0714905987464112
S98_01809,Ni_num,RandomForest,5,5,1.1,3.0993256898330426,-1.9993256898330425,1.9993256898330425,3.9973032140263713
S98_01817,Ni_num,RandomForest,5,5,1.5,2.6589540598290595,-1.1589540598290595,1.1589540598290595,1.3431745127942594
S98_01819,Ni_num,RandomForest,5,5,3.5,3.895638888888889,-0.3956388888888891,0.3956388888888891,0.15653013040123473
S98_01821,Ni_num,RandomForest,5,5,4.7,4.11864898989899,0.5813510101010104,0.5813510101010104,0.3379689969454651
S98_01834,Ni_num,RandomForest,5,5,2.2,2.7271388888888892,-0.527138888888889,0.527138888888889,0.2778754081790125
S98_01791,Ni_num,ExtraTrees,1,1,1.0,2.5147085058661145,-1.5147085058661145,1.5147085058661145,2.294341857743157
S98_01799,Ni_num,ExtraTrees,1,1,0.5,2.4158407809983897,-1.9158407809983897,1.9158407809983897,3.67044589813652
S98_01802,Ni_num,ExtraTrees,1,1,3.0,2.902198624135645,0.09780137586435478,0.09780137586435478,0.009565109120960797
S98_01803,Ni_num,ExtraTrees,1,1,2.0,1.6229892504483299,0.37701074955167013,0.37701074955167013,0.14213710527751214
S98_01806,Ni_num,ExtraTrees,1,1,1.5,1.9164777388118184,-0.4164777388118184,0.4164777388118184,0.1734537069258052
S98_01815,Ni_num,ExtraTrees,1,1,3.4,4.383213203463203,-0.9832132034632033,0.9832132034632033,0.9667082034643744
S98_01817,Ni_num,ExtraTrees,1,1,1.5,2.5948098767174854,-1.0948098767174854,1.0948098767174854,1.1986086661581556
S98_01827,Ni_num,ExtraTrees,1,1,3.0,4.061893097643098,-1.0618930976430976,1.0618930976430976,1.1276169508220533
S98_01793,Ni_num,ExtraTrees,1,2,0.9,2.0063361781493363,-1.1063361781493364,1.1063361781493364,1.2239797390820801
S98_01795,Ni_num,ExtraTrees,1,2,3.3,1.6620749187946553,1.6379250812053445,1.6379250812053445,2.6827985716415346
S98_01796,Ni_num,ExtraTrees,1,2,0.7,1.7924613323810692,-1.0924613323810692,1.0924613323810692,1.193471762747821
S98_01800,Ni_num,ExtraTrees,1,2,2.4,1.3583328909394696,1.0416671090605303,1.0416671090605303,1.0850703660985226
S98_01813,Ni_num,ExtraTrees,1,2,2.1,3.106481101500839,-1.0064811015008388,1.0064811015008388,1.0130042076783419
S98_01821,Ni_num,ExtraTrees,1,2,4.7,4.402637373737374,0.29736262626262633,0.29736262626262633,0.08842453149780638
S98_01824,Ni_num,ExtraTrees,1,2,1.0,1.5515786705984076,-0.5515786705984076,0.5515786705984076,0.3042390298591066
S98_01834,Ni_num,ExtraTrees,1,2,2.2,2.868434947654685,-0.6684349476546849,0.6684349476546849,0.44680527924612135
S98_01785,Ni_num,ExtraTrees,1,3,1.1,1.604239915788459,-0.504239915788459,0.504239915788459,0.25425789267435217
S98_01786,Ni_num,ExtraTrees,1,3,1.0,1.4648194035783046,-0.46481940357830465,0.46481940357830465,0.21605707794289086
S98_01792,Ni_num,ExtraTrees,1,3,1.7,1.4649370936106367,0.23506290638936322,0.23506290638936322,0.055254569960214536
S98_01798,Ni_num,ExtraTrees,1,3,1.2,1.585755067303611,-0.385755067303611,0.385755067303611,0.14880697195041342
S98_01804,Ni_num,ExtraTrees,1,3,1.5,3.1160118607767355,-1.6160118607767355,1.6160118607767355,2.6114943341710872
S98_01811,Ni_num,ExtraTrees,1,3,8.0,1.3133433787861035,6.6866566212138965,6.6866566212138965,44.71137677002364
S98_01819,Ni_num,ExtraTrees,1,3,3.5,4.526966868731743,-1.0269668687317433,1.0269668687317433,1.0546609494726815
S98_01823,Ni_num,ExtraTrees,1,3,1.0,1.5894725975946702,-0.5894725975946702,0.5894725975946702,0.347477943315008
S98_01788,Ni_num,ExtraTrees,1,4,1.4,1.6251475842911671,-0.2251475842911672,0.2251475842911672,0.050691434712148244
S98_01789,Ni_num,ExtraTrees,1,4,0.8,2.005686629795325,-1.205686629795325,1.205686629795325,1.4536802492672092
S98_01808,Ni_num,ExtraTrees,1,4,7.5,2.893475262418741,4.606524737581259,4.606524737581259,21.220070157948083
S98_01810,Ni_num,ExtraTrees,1,4,2.1,1.594312627822515,0.505687372177485,0.505687372177485,0.25571971837977026
S98_01820,Ni_num,ExtraTrees,1,4,5.5,4.2395999999999985,1.2604000000000015,1.2604000000000015,1.588608160000004
S98_01822,Ni_num,ExtraTrees,1,4,3.9,2.8716336067314323,1.0283663932685676,1.0283663932685676,1.0575374388042023
S98_01825,Ni_num,ExtraTrees,1,4,3.1,3.3070114040548835,-0.20701140405488339,0.20701140405488339,0.04285372140877419
S98_01826,Ni_num,ExtraTrees,1,4,8.9,2.9466915777459257,5.953308422254075,5.953308422254075,35.4418811704813
S98_01794,Ni_num,ExtraTrees,1,5,1.3,1.9935981105138465,-0.6935981105138465,0.6935981105138465,0.481078338908378
S98_01797,Ni_num,ExtraTrees,1,5,0.8,1.7624691931349288,-0.9624691931349287,0.9624691931349287,0.9263469477338008
S98_01801,Ni_num,ExtraTrees,1,5,1.3,1.662506541407571,-0.362506541407571,0.362506541407571,0.13141099256327898
S98_01805,Ni_num,ExtraTrees,1,5,1.1,1.9822026171183529,-0.8822026171183528,0.8822026171183528,0.778281457650471
S98_01807,Ni_num,ExtraTrees,1,5,1.6,1.9484592308749666,-0.34845923087496655,0.34845923087496655,0.12142383558197324
S98_01809,Ni_num,ExtraTrees,1,5,1.1,1.781812405478141,-0.6818124054781409,0.6818124054781409,0.46486815626388883
S98_01818,Ni_num,ExtraTrees,1,5,4.5,4.263247530247529,0.23675246975247077,0.23675246975247077,0.05605173193389459
S98_01828,Ni_num,ExtraTrees,1,5,3.5,4.776567155067156,-1.2765671550671556,1.2765671550671556,1.6296237013962511
S98_01785,Ni_num,ExtraTrees,2,1,1.1,1.4247993844009894,-0.3247993844009893,0.3247993844009893,0.10549464010726163
S98_01788,Ni_num,ExtraTrees,2,1,1.4,1.3480382455398507,0.05196175446014917,0.05196175446014917,0.002700023926576832
S98_01795,Ni_num,ExtraTrees,2,1,3.3,1.5864841628578263,1.7135158371421735,1.7135158371421735,2.9361365241370434
S98_01805,Ni_num,ExtraTrees,2,1,1.1,1.869704569738528,-0.7697045697385279,0.7697045697385279,0.5924451246763723
S98_01806,Ni_num,ExtraTrees,2,1,1.5,1.9527315538655123,-0.45273155386551234,0.45273155386551234,0.2049658598654813
S98_01811,Ni_num,ExtraTrees,2,1,8.0,1.269240126991732,6.730759873008268,6.730759873008268,45.30312846809828
S98_01825,Ni_num,ExtraTrees,2,1,3.1,3.9057893239113826,-0.8057893239113825,0.8057893239113825,0.6492964345295629
S98_01826,Ni_num,ExtraTrees,2,1,8.9,3.4246808379528977,5.475319162047103,5.475319162047103,29.979119926280188
S98_01791,Ni_num,ExtraTrees,2,2,1.0,2.51144740928408,-1.51144740928408,1.51144740928408,2.284473271031557
S98_01793,Ni_num,ExtraTrees,2,2,0.9,1.7806105027265853,-0.8806105027265853,0.8806105027265853,0.7754748575123692
S98_01794,Ni_num,ExtraTrees,2,2,1.3,1.8461586664365135,-0.5461586664365135,0.5461586664365135,0.29828928892371076
S98_01796,Ni_num,ExtraTrees,2,2,0.7,1.9415627669656141,-1.2415627669656142,1.2415627669656142,1.541478104315312
S98_01799,Ni_num,ExtraTrees,2,2,0.5,2.414728844080221,-1.914728844080221,1.914728844080221,3.666186546352779
S98_01802,Ni_num,ExtraTrees,2,2,3.0,2.076676175486918,0.9233238245130821,0.9233238245130821,0.852526884913465
S98_01808,Ni_num,ExtraTrees,2,2,7.5,3.3349633190883194,4.1650366809116806,4.1650366809116806,17.347530553339787
S98_01827,Ni_num,ExtraTrees,2,2,3.0,3.385805911680912,-0.38580591168091205,0.38580591168091205,0.1488462014879397
S98_01801,Ni_num,ExtraTrees,2,3,1.3,1.562940888665185,-0.26294088866518495,0.26294088866518495,0.06913791093203718
S98_01803,Ni_num,ExtraTrees,2,3,2.0,1.7386536048100354,0.2613463951899646,0.2613463951899646,0.06830193827878915
S98_01804,Ni_num,ExtraTrees,2,3,1.5,3.1419305991327,-1.6419305991326998,1.6419305991326998,2.6959360923682665
S98_01807,Ni_num,ExtraTrees,2,3,1.6,1.7659000775756897,-0.1659000775756896,0.1659000775756896,0.027522835739619823
S98_01813,Ni_num,ExtraTrees,2,3,2.1,2.9925221135716567,-0.8925221135716566,0.8925221135716566,0.796595723214417
S98_01820,Ni_num,ExtraTrees,2,3,5.5,4.108274453324454,1.3917255466755458,1.3917255466755458,1.9368999972693468
S98_01821,Ni_num,ExtraTrees,2,3,4.7,3.8901501557266265,0.8098498442733737,0.8098498442733737,0.6558567702696076
S98_01823,Ni_num,ExtraTrees,2,3,1.0,1.724364724040336,-0.7243647240403359,0.7243647240403359,0.524704253434032
S98_01786,Ni_num,ExtraTrees,2,4,1.0,1.713276465337308,-0.713276465337308,0.713276465337308,0.508763316004084
S98_01789,Ni_num,ExtraTrees,2,4,0.8,2.159405567057741,-1.3594055670577407,1.3594055670577407,1.8479834957475776
S98_01797,Ni_num,ExtraTrees,2,4,0.8,1.9875957786349496,-1.1875957786349496,1.1875957786349496,1.410383733431552
S98_01815,Ni_num,ExtraTrees,2,4,3.4,4.31271953971954,-0.9127195397195398,0.9127195397195398,0.8330569581858486
S98_01817,Ni_num,ExtraTrees,2,4,1.5,2.4766717287139954,-0.9766717287139954,0.9766717287139954,0.9538876656691843
S98_01819,Ni_num,ExtraTrees,2,4,3.5,4.3251983971194505,-0.8251983971194505,0.8251983971194505,0.6809523946085104
S98_01824,Ni_num,ExtraTrees,2,4,1.0,1.8147111904562439,-0.8147111904562439,0.8147111904562439,0.6637543238546301
S98_01828,Ni_num,ExtraTrees,2,4,3.5,4.601397725568779,-1.1013977255687788,1.1013977255687788,1.213076949888079
S98_01792,Ni_num,ExtraTrees,2,5,1.7,1.8387777042583215,-0.1387777042583216,0.1387777042583216,0.01925925119921017
S98_01798,Ni_num,ExtraTrees,2,5,1.2,1.5692873190964531,-0.3692873190964532,0.3692873190964532,0.13637312404544563
S98_01800,Ni_num,ExtraTrees,2,5,2.4,1.4820840001931341,0.9179159998068658,0.9179159998068658,0.842569782701438
S98_01809,Ni_num,ExtraTrees,2,5,1.1,1.8824205717914702,-0.7824205717914701,0.7824205717914701,0.612181951162491
S98_01810,Ni_num,ExtraTrees,2,5,2.1,1.770449359670258,0.32955064032974213,0.32955064032974213,0.10860362454174306
S98_01818,Ni_num,ExtraTrees,2,5,4.5,4.1603987068487065,0.3396012931512935,0.3396012931512935,0.11532903831003079
S98_01822,Ni_num,ExtraTrees,2,5,3.9,4.303118773979643,-0.4031187739796427,0.4031187739796427,0.16250474593485026
S98_01834,Ni_num,ExtraTrees,2,5,2.2,2.5307269499043157,-0.3307269499043155,0.3307269499043155,0.10938031539301162
S98_01788,Ni_num,ExtraTrees,3,1,1.4,1.7193918689600982,-0.3193918689600983,0.3193918689600983,0.1020111659578246
S98_01792,Ni_num,ExtraTrees,3,1,1.7,1.895636348064872,-0.19563634806487196,0.19563634806487196,0.03827358068415973
S98_01793,Ni_num,ExtraTrees,3,1,0.9,1.9706528117210411,-1.070652811721041,1.070652811721041,1.1462974432461708
S98_01803,Ni_num,ExtraTrees,3,1,2.0,1.6780355678537973,0.32196443214620274,0.32196443214620274,0.10366109556722679
S98_01807,Ni_num,ExtraTrees,3,1,1.6,1.6849172923384628,-0.08491729233846268,0.08491729233846268,0.007210946538095933
S98_01825,Ni_num,ExtraTrees,3,1,3.1,3.769593869093869,-0.6695938690938688,0.6695938690938688,0.44835594952809704
S98_01828,Ni_num,ExtraTrees,3,1,3.5,4.764545954045954,-1.2645459540459543,1.2645459540459543,1.5990764698939928
S98_01834,Ni_num,ExtraTrees,3,1,2.2,2.498730933791037,-0.2987309337910369,0.2987309337910369,0.08924017080366486
S98_01789,Ni_num,ExtraTrees,3,2,0.8,2.1525536975408497,-1.3525536975408496,1.3525536975408496,1.8294015047314243
S98_01791,Ni_num,ExtraTrees,3,2,1.0,2.406721777500106,-1.4067217775001062,1.4067217775001062,1.9788661592930583
S98_01794,Ni_num,ExtraTrees,3,2,1.3,2.080249473363567,-0.7802494733635668,0.7802494733635668,0.6087892406841233
S98_01802,Ni_num,ExtraTrees,3,2,3.0,2.845063973706705,0.15493602629329484,0.15493602629329484,0.024005172243556548
S98_01809,Ni_num,ExtraTrees,3,2,1.1,1.8254253474894413,-0.7254253474894412,0.7254253474894412,0.5262419347801766
S98_01810,Ni_num,ExtraTrees,3,2,2.1,1.606114542272986,0.4938854577270142,0.4938854577270142,0.24392284535422232
S98_01821,Ni_num,ExtraTrees,3,2,4.7,4.2755049852194595,0.42449501478054064,0.42449501478054064,0.1801960175735314
S98_01824,Ni_num,ExtraTrees,3,2,1.0,1.7806347491988428,-0.7806347491988428,0.7806347491988428,0.6093906116567401
S98_01799,Ni_num,ExtraTrees,3,3,0.5,2.261372755457054,-1.761372755457054,1.761372755457054,3.102433983666375
S98_01800,Ni_num,ExtraTrees,3,3,2.4,1.5481633761710492,0.8518366238289508,0.8518366238289508,0.7256256336963054
S98_01801,Ni_num,ExtraTrees,3,3,1.3,1.5752273730616713,-0.2752273730616712,0.2752273730616712,0.07575010688242835
S98_01813,Ni_num,ExtraTrees,3,3,2.1,3.2112056709076158,-1.1112056709076157,1.1112056709076157,1.2347780430572444
S98_01815,Ni_num,ExtraTrees,3,3,3.4,4.760383884633884,-1.3603838846338845,1.3603838846338845,1.850644313571578
S98_01817,Ni_num,ExtraTrees,3,3,1.5,2.5046782680272717,-1.0046782680272717,1.0046782680272717,1.0093784222462783
S98_01818,Ni_num,ExtraTrees,3,3,4.5,4.752479122729123,-0.252479122729123,0.252479122729123,0.06374570741406754
S98_01823,Ni_num,ExtraTrees,3,3,1.0,1.6916246011059581,-0.6916246011059581,0.6916246011059581,0.4783445888549757
S98_01785,Ni_num,ExtraTrees,3,4,1.1,1.6483364895682235,-0.5483364895682235,0.5483364895682235,0.3006729057920024
S98_01786,Ni_num,ExtraTrees,3,4,1.0,1.623451738371708,-0.623451738371708,0.623451738371708,0.3886920700787046
S98_01795,Ni_num,ExtraTrees,3,4,3.3,1.6725038140737833,1.6274961859262165,1.6274961859262165,2.6487438352043817
S98_01797,Ni_num,ExtraTrees,3,4,0.8,1.6327028121345464,-0.8327028121345463,0.8327028121345463,0.6933939733367815
S98_01806,Ni_num,ExtraTrees,3,4,1.5,1.7965368192522997,-0.2965368192522997,0.2965368192522997,0.08793408517227105
S98_01808,Ni_num,ExtraTrees,3,4,7.5,3.0050607699490053,4.494939230050995,4.494939230050995,20.20447868185143
S98_01822,Ni_num,ExtraTrees,3,4,3.9,2.9740472527472526,0.9259527472527473,0.9259527472527473,0.8573884901449103
S98_01826,Ni_num,ExtraTrees,3,4,8.9,3.120621855921856,5.779378144078144,5.779378144078144,33.401211732248136
S98_01796,Ni_num,ExtraTrees,3,5,0.7,1.5229130636392714,-0.8229130636392714,0.8229130636392714,0.6771859103081715
S98_01798,Ni_num,ExtraTrees,3,5,1.2,1.615156805105923,-0.4151568051059231,0.4151568051059231,0.17235517282575744
S98_01804,Ni_num,ExtraTrees,3,5,1.5,3.4668067238719424,-1.9668067238719424,1.9668067238719424,3.868328689067883
S98_01805,Ni_num,ExtraTrees,3,5,1.1,1.8110253631045121,-0.711025363104512,0.711025363104512,0.5055570669779031
S98_01811,Ni_num,ExtraTrees,3,5,8.0,1.4075060588083539,6.592493941191647,6.592493941191647,43.460976364648566
S98_01819,Ni_num,ExtraTrees,3,5,3.5,4.6493087106130595,-1.1493087106130595,1.1493087106130595,1.3209105122910534
S98_01820,Ni_num,ExtraTrees,3,5,5.5,4.360530932835281,1.1394690671647192,1.1394690671647192,1.2983897550252352
S98_01827,Ni_num,ExtraTrees,3,5,3.0,4.007458801263149,-1.007458801263149,1.007458801263149,1.014973236242581
S98_01791,Ni_num,ExtraTrees,4,1,1.0,2.2113275822406253,-1.2113275822406253,1.2113275822406253,1.4673145114969188
S98_01801,Ni_num,ExtraTrees,4,1,1.3,1.5889976589551402,-0.2889976589551402,0.2889976589551402,0.08351964688155152
S98_01804,Ni_num,ExtraTrees,4,1,1.5,3.3980771064684103,-1.8980771064684103,1.8980771064684103,3.602696702099493
S98_01807,Ni_num,ExtraTrees,4,1,1.6,1.7988668638243444,-0.19886686382434426,0.19886686382434426,0.03954802952733028
S98_01821,Ni_num,ExtraTrees,4,1,4.7,4.539195767195766,0.16080423280423428,0.16080423280423428,0.025858001287758378
S98_01823,Ni_num,ExtraTrees,4,1,1.0,1.7693298267873074,-0.7693298267873074,0.7693298267873074,0.5918683823845885
S98_01828,Ni_num,ExtraTrees,4,1,3.5,4.909073959052219,-1.4090739590522192,1.4090739590522192,1.985489422079095
S98_01834,Ni_num,ExtraTrees,4,1,2.2,2.8238673017803446,-0.6238673017803444,0.6238673017803444,0.38921041023068736
S98_01789,Ni_num,ExtraTrees,4,2,0.8,1.825963430417764,-1.025963430417764,1.025963430417764,1.0526009605545863
S98_01793,Ni_num,ExtraTrees,4,2,0.9,2.3281580192826317,-1.4281580192826318,1.4281580192826318,2.0396353280412898
S98_01796,Ni_num,ExtraTrees,4,2,0.7,2.0101848462568275,-1.3101848462568275,1.3101848462568275,1.7165843313610267
S98_01798,Ni_num,ExtraTrees,4,2,1.2,1.769601362489133,-0.569601362489133,0.569601362489133,0.32444571214947665
S98_01805,Ni_num,ExtraTrees,4,2,1.1,1.9589038192915897,-0.8589038192915897,0.8589038192915897,0.7377157707936797
S98_01810,Ni_num,ExtraTrees,4,2,2.1,2.120496582937759,-0.020496582937759023,0.020496582937759023,0.0004201099121244343
S98_01824,Ni_num,ExtraTrees,4,2,1.0,1.8597954461832167,-0.8597954461832167,0.8597954461832167,0.7392482092773967
S98_01825,Ni_num,ExtraTrees,4,2,3.1,3.698639145454935,-0.5986391454549351,0.5986391454549351,0.358368826471015
S98_01785,Ni_num,ExtraTrees,4,3,1.1,1.813923349163338,-0.7139233491633379,0.7139233491633379,0.5096865484805972
S98_01786,Ni_num,ExtraTrees,4,3,1.0,1.7325964976522756,-0.7325964976522756,0.7325964976522756,0.5366976283723807
S98_01788,Ni_num,ExtraTrees,4,3,1.4,1.7743970333738643,-0.37439703337386443,0.37439703337386443,0.14017313859915057
S98_01809,Ni_num,ExtraTrees,4,3,1.1,1.7996239176007485,-0.6996239176007484,0.6996239176007484,0.48947362607901873
S98_01813,Ni_num,ExtraTrees,4,3,2.1,2.751011155108981,-0.6510111551089808,0.6510111551089808,0.42381552407632944
S98_01818,Ni_num,ExtraTrees,4,3,4.5,4.184129139379141,0.31587086062085934,0.31587086062085934,0.09977440058936235
S98_01822,Ni_num,ExtraTrees,4,3,3.9,4.574137011623853,-0.6741370116238534,0.6741370116238534,0.4544607104411395
S98_01827,Ni_num,ExtraTrees,4,3,3.0,3.904185498224973,-0.9041854982249729,0.9041854982249729,0.8175514152003424
S98_01795,Ni_num,ExtraTrees,4,4,3.3,1.626393345414475,1.6736066545855248,1.6736066545855248,2.8009592342729523
S98_01799,Ni_num,ExtraTrees,4,4,0.5,1.9515693231347253,-1.4515693231347253,1.4515693231347253,2.1070534998658044
S98_01800,Ni_num,ExtraTrees,4,4,2.4,1.4518654381909801,0.9481345618090198,0.9481345618090198,0.898959147296782
S98_01803,Ni_num,ExtraTrees,4,4,2.0,1.519839392014934,0.480160607985066,0.480160607985066,0.23055420946058822
S98_01808,Ni_num,ExtraTrees,4,4,7.5,2.950686413586413,4.549313586413588,4.549313586413588,20.69625410752726
S98_01817,Ni_num,ExtraTrees,4,4,1.5,2.2948567792286836,-0.7948567792286836,0.7948567792286836,0.6317972994857962
S98_01819,Ni_num,ExtraTrees,4,4,3.5,3.0914402884697,0.4085597115302999,0.4085597115302999,0.16692103788572188
S98_01826,Ni_num,ExtraTrees,4,4,8.9,3.258305172605172,5.641694827394828,5.641694827394828,31.828720525453562
S98_01792,Ni_num,ExtraTrees,4,5,1.7,1.363268429149484,0.33673157085051586,0.33673157085051586,0.11338815080745598
S98_01794,Ni_num,ExtraTrees,4,5,1.3,1.9882617800795992,-0.6882617800795992,0.6882617800795992,0.4737042779183385
S98_01797,Ni_num,ExtraTrees,4,5,0.8,1.514320472204468,-0.714320472204468,0.714320472204468,0.5102537370104142
S98_01802,Ni_num,ExtraTrees,4,5,3.0,2.832772907067507,0.16722709293249283,0.16722709293249283,0.027964900610652592
S98_01806,Ni_num,ExtraTrees,4,5,1.5,1.971753254391321,-0.471753254391321,0.471753254391321,0.22255113302880242
S98_01811,Ni_num,ExtraTrees,4,5,8.0,1.3337968086699354,6.666203191330064,6.666203191330064,44.43826498809913
S98_01815,Ni_num,ExtraTrees,4,5,3.4,4.113072192228061,-0.713072192228061,0.713072192228061,0.5084719513289327
S98_01820,Ni_num,ExtraTrees,4,5,5.5,4.368872534108402,1.1311274658915984,1.1311274658915984,1.279449344094349
S98_01793,Ni_num,ExtraTrees,5,1,0.9,1.4814810342163287,-0.5814810342163287,0.5814810342163287,0.3381201931532912
S98_01799,Ni_num,ExtraTrees,5,1,0.5,1.3671072968425912,-0.8671072968425912,0.8671072968425912,0.7518750642376657
S98_01802,Ni_num,ExtraTrees,5,1,3.0,2.3875276661389195,0.6124723338610805,0.6124723338610805,0.37512235974523883
S98_01805,Ni_num,ExtraTrees,5,1,1.1,1.743542907977691,-0.6435429079776909,0.6435429079776909,0.4141474744083827
S98_01808,Ni_num,ExtraTrees,5,1,7.5,3.639487389422172,3.860512610577828,3.860512610577828,14.903557616430435
S98_01811,Ni_num,ExtraTrees,5,1,8.0,1.4182140789493733,6.581785921050627,6.581785921050627,43.31990591054025
S98_01818,Ni_num,ExtraTrees,5,1,4.5,3.941590564025347,0.558409435974653,0.558409435974653,0.31182109818553005
S98_01822,Ni_num,ExtraTrees,5,1,3.9,4.255098500533284,-0.3550985005332845,0.3550985005332845,0.12609494508098706
S98_01785,Ni_num,ExtraTrees,5,2,1.1,1.6575936745361297,-0.5575936745361296,0.5575936745361296,0.31091070588270325
S98_01796,Ni_num,ExtraTrees,5,2,0.7,1.858313269755725,-1.158313269755725,1.158313269755725,1.341689630892199
S98_01807,Ni_num,ExtraTrees,5,2,1.6,1.849922536850286,-0.24992253685028598,0.24992253685028598,0.062461274425682556
S98_01810,Ni_num,ExtraTrees,5,2,2.1,1.6289402353826905,0.4710597646173096,0.4710597646173096,0.22189730184131512
S98_01813,Ni_num,ExtraTrees,5,2,2.1,2.6078985080468455,-0.5078985080468454,0.5078985080468454,0.2579608944762115
S98_01823,Ni_num,ExtraTrees,5,2,1.0,1.7708691180468674,-0.7708691180468674,0.7708691180468674,0.5942391971583553
S98_01825,Ni_num,ExtraTrees,5,2,3.1,3.8509249144102076,-0.7509249144102075,0.7509249144102075,0.5638882270819774
S98_01826,Ni_num,ExtraTrees,5,2,8.9,3.5265405025257963,5.3734594974742045,5.3734594974742045,28.87406697099573
S98_01791,Ni_num,ExtraTrees,5,3,1.0,2.129589885970035,-1.1295898859700348,1.1295898859700348,1.2759733104857964
S98_01792,Ni_num,ExtraTrees,5,3,1.7,1.9682630646432135,-0.2682630646432136,0.2682630646432136,0.071965071851769
S98_01794,Ni_num,ExtraTrees,5,3,1.3,1.849760726581665,-0.5497607265816649,0.5497607265816649,0.3022368564916001
S98_01795,Ni_num,ExtraTrees,5,3,3.3,1.900470382666321,1.3995296173336789,1.3995296173336789,1.9586831497941537
S98_01806,Ni_num,ExtraTrees,5,3,1.5,1.8156980485189869,-0.31569804851898686,0.31569804851898686,0.09966525783869658
S98_01815,Ni_num,ExtraTrees,5,3,3.4,4.4292623117623116,-1.0292623117623116,1.0292623117623116,1.059380906414298
S98_01824,Ni_num,ExtraTrees,5,3,1.0,1.6009123943583328,-0.6009123943583328,0.6009123943583328,0.36109570569346444
S98_01827,Ni_num,ExtraTrees,5,3,3.0,3.8189102934102936,-0.8189102934102936,0.8189102934102936,0.6706140686533332
S98_01786,Ni_num,ExtraTrees,5,4,1.0,1.6730311478080355,-0.6730311478080355,0.6730311478080355,0.45297092591980176
S98_01797,Ni_num,ExtraTrees,5,4,0.8,1.8341934563571862,-1.0341934563571862,1.0341934563571862,1.0695561051720233
S98_01798,Ni_num,ExtraTrees,5,4,1.2,1.7819976891614189,-0.5819976891614189,0.5819976891614189,0.3387213101892316
S98_01801,Ni_num,ExtraTrees,5,4,1.3,1.6618935816704692,-0.36189358167046914,0.36189358167046914,0.13096696445428052
S98_01803,Ni_num,ExtraTrees,5,4,2.0,1.7826524510661808,0.21734754893381925,0.21734754893381925,0.04723995702753895
S98_01804,Ni_num,ExtraTrees,5,4,1.5,3.3753575174422994,-1.8753575174422994,1.8753575174422994,3.5169658182273444
S98_01820,Ni_num,ExtraTrees,5,4,5.5,4.36405855995856,1.1359414400414396,1.1359414400414396,1.2903629552034195
S98_01828,Ni_num,ExtraTrees,5,4,3.5,4.701323110223112,-1.201323110223112,1.201323110223112,1.443177215156131
S98_01788,Ni_num,ExtraTrees,5,5,1.4,1.6916817966781432,-0.2916817966781433,0.2916817966781433,0.08507827051338973
S98_01789,Ni_num,ExtraTrees,5,5,0.8,2.100470126855017,-1.3004701268550172,1.3004701268550172,1.6912225508423044
S98_01800,Ni_num,ExtraTrees,5,5,2.4,1.6916817966781432,0.7083182033218567,0.7083182033218567,0.5017146771571032
S98_01809,Ni_num,ExtraTrees,5,5,1.1,1.7007080305749651,-0.600708030574965,0.600708030574965,0.36085013799725313
S98_01817,Ni_num,ExtraTrees,5,5,1.5,2.657158956188739,-1.1571589561887392,1.1571589561887392,1.3390168498878126
S98_01819,Ni_num,ExtraTrees,5,5,3.5,4.04299090156833,-0.5429909015683299,0.5429909015683299,0.29483911918598765
S98_01821,Ni_num,ExtraTrees,5,5,4.7,4.3487560786135075,0.35124392138649263,0.35124392138649263,0.12337229231096061
S98_01834,Ni_num,ExtraTrees,5,5,2.2,2.871158645388428,-0.6711586453884277,0.6711586453884277,0.4504539272796293
S98_01791,Ni_num,GradientBoosting,1,1,1.0,2.4260444496107976,-1.4260444496107976,1.4260444496107976,2.0336027722657626
S98_01799,Ni_num,GradientBoosting,1,1,0.5,2.089491183790195,-1.5894911837901948,1.5894911837901948,2.526482223346755
S98_01802,Ni_num,GradientBoosting,1,1,3.0,1.6778958379039979,1.3221041620960021,1.3221041620960021,1.7479594154315719
S98_01803,Ni_num,GradientBoosting,1,1,2.0,1.5103003557814567,0.4896996442185433,0.4896996442185433,0.23980574154776788
S98_01806,Ni_num,GradientBoosting,1,1,1.5,1.5103003557814567,-0.010300355781456716,0.010300355781456716,0.00010609732922458879
S98_01815,Ni_num,GradientBoosting,1,1,3.4,4.015761444504139,-0.6157614445041388,0.6157614445041388,0.37916215653782365
S98_01817,Ni_num,GradientBoosting,1,1,1.5,2.4260444496107976,-0.9260444496107976,0.9260444496107976,0.857558322654965
S98_01827,Ni_num,GradientBoosting,1,1,3.0,3.8372636079768294,-0.8372636079768294,0.8372636079768294,0.7010103492423779
S98_01793,Ni_num,GradientBoosting,1,2,0.9,2.902454431699674,-2.002454431699674,2.002454431699674,4.0098237510336645
S98_01795,Ni_num,GradientBoosting,1,2,3.3,1.576702364503245,1.7232976354967549,1.7232976354967549,2.9697547405087064
S98_01796,Ni_num,GradientBoosting,1,2,0.7,1.5758221725288197,-0.8758221725288198,0.8758221725288198,0.7670644778931017
S98_01800,Ni_num,GradientBoosting,1,2,2.4,1.500662284419736,0.899337715580264,0.899337715580264,0.8088083266651278
S98_01813,Ni_num,GradientBoosting,1,2,2.1,2.2953284734847528,-0.19532847348475268,0.19532847348475268,0.03815321255388373
S98_01821,Ni_num,GradientBoosting,1,2,4.7,3.702048669459418,0.997951330540582,0.997951330540582,0.9959068581277181
S98_01824,Ni_num,GradientBoosting,1,2,1.0,1.5393538963972404,-0.5393538963972404,0.5393538963972404,0.29090262555888513
S98_01834,Ni_num,GradientBoosting,1,2,2.2,2.2953284734847528,-0.0953284734847526,0.0953284734847526,0.009087517856933179
S98_01785,Ni_num,GradientBoosting,1,3,1.1,1.5994439173261612,-0.4994439173261611,0.4994439173261611,0.24944422655410126
S98_01786,Ni_num,GradientBoosting,1,3,1.0,1.5679079182738402,-0.5679079182738402,0.5679079182738402,0.3225194036381268
S98_01792,Ni_num,GradientBoosting,1,3,1.7,1.573606999432558,0.12639300056744185,0.12639300056744185,0.015975190592441357
S98_01798,Ni_num,GradientBoosting,1,3,1.2,1.5994439173261612,-0.39944391732616125,0.39944391732616125,0.15955544308886915
S98_01804,Ni_num,GradientBoosting,1,3,1.5,2.733202931811144,-1.2332029318111442,1.2332029318111442,1.5207894710276015
S98_01811,Ni_num,GradientBoosting,1,3,8.0,1.495664602707724,6.504335397292276,6.504335397292276,42.30637896046927
S98_01819,Ni_num,GradientBoosting,1,3,3.5,4.101062311527998,-0.6010623115279978,0.6010623115279978,0.3612759023393799
S98_01823,Ni_num,GradientBoosting,1,3,1.0,1.8521252668741888,-0.8521252668741888,0.8521252668741888,0.7261174704454074
S98_01788,Ni_num,GradientBoosting,1,4,1.4,2.3759070765401757,-0.9759070765401758,0.9759070765401758,0.9523946220411926
S98_01789,Ni_num,GradientBoosting,1,4,0.8,1.876626458167077,-1.076626458167077,1.076626458167077,1.1591245304253848
S98_01808,Ni_num,GradientBoosting,1,4,7.5,2.8615950810078803,4.638404918992119,4.638404918992119,21.514800192530288
S98_01810,Ni_num,GradientBoosting,1,4,2.1,2.0822768538530685,0.0177231461469316,0.0177231461469316,0.00031410990934549644
S98_01820,Ni_num,GradientBoosting,1,4,5.5,3.701725853588281,1.798274146411719,1.798274146411719,3.233789905652796
S98_01822,Ni_num,GradientBoosting,1,4,3.9,2.9922038773394593,0.9077961226605407,0.9077961226605407,0.8240938003175113
S98_01825,Ni_num,GradientBoosting,1,4,3.1,2.8054520322306873,0.2945479677693128,0.2945479677693128,0.08675850531703214
S98_01826,Ni_num,GradientBoosting,1,4,8.9,2.9922038773394593,5.907796122660541,5.907796122660541,34.902055026922916
S98_01794,Ni_num,GradientBoosting,1,5,1.3,1.9895553126069951,-0.6895553126069951,0.6895553126069951,0.4754865291445307
S98_01797,Ni_num,GradientBoosting,1,5,0.8,1.9115229193493724,-1.1115229193493723,1.1115229193493723,1.2354832002389513
S98_01801,Ni_num,GradientBoosting,1,5,1.3,1.371416814794496,-0.07141681479449602,0.07141681479449602,0.005100361435391346
S98_01805,Ni_num,GradientBoosting,1,5,1.1,1.9895553126069951,-0.889555312606995,0.889555312606995,0.7913086541873287
S98_01807,Ni_num,GradientBoosting,1,5,1.6,1.9895553126069951,-0.38955531260699505,0.38955531260699505,0.15175334158033363
S98_01809,Ni_num,GradientBoosting,1,5,1.1,3.916482048512492,-2.816482048512492,2.816482048512492,7.932571129593123
S98_01818,Ni_num,GradientBoosting,1,5,4.5,3.9117214023775824,0.5882785976224176,0.5882785976224176,0.34607170842059837
S98_01828,Ni_num,GradientBoosting,1,5,3.5,3.9117214023775824,-0.41172140237758237,0.41172140237758237,0.16951451317576308
S98_01785,Ni_num,GradientBoosting,2,1,1.1,1.528048710610278,-0.42804871061027794,0.42804871061027794,0.18322569865512148
S98_01788,Ni_num,GradientBoosting,2,1,1.4,1.528048710610278,-0.12804871061027812,0.12804871061027812,0.01639647228895475
S98_01795,Ni_num,GradientBoosting,2,1,3.3,1.569618308886409,1.7303816911135907,1.7303816911135907,2.9942207969411303
S98_01805,Ni_num,GradientBoosting,2,1,1.1,1.569618308886409,-0.469618308886409,0.469618308886409,0.22054135604133066
S98_01806,Ni_num,GradientBoosting,2,1,1.5,1.569618308886409,-0.06961830888640907,0.06961830888640907,0.0048467089322034645
S98_01811,Ni_num,GradientBoosting,2,1,8.0,1.4711038537074692,6.528896146292531,6.528896146292531,42.62648488907346
S98_01825,Ni_num,GradientBoosting,2,1,3.1,4.066172564680192,-0.9661725646801922,0.9661725646801922,0.9334894247407002
S98_01826,Ni_num,GradientBoosting,2,1,8.9,3.2671978528901096,5.63280214710989,5.63280214710989,31.72846002848579
S98_01791,Ni_num,GradientBoosting,2,2,1.0,2.342923712187064,-1.3429237121870639,1.3429237121870639,1.803444096754284
S98_01793,Ni_num,GradientBoosting,2,2,0.9,2.64602616465182,-1.7460261646518203,1.7460261646518203,3.0486073676487453
S98_01794,Ni_num,GradientBoosting,2,2,1.3,2.162257958003594,-0.8622579580035941,0.8622579580035941,0.7434887861405278
S98_01796,Ni_num,GradientBoosting,2,2,0.7,2.342923712187064,-1.642923712187064,1.642923712187064,2.6991983240665225
S98_01799,Ni_num,GradientBoosting,2,2,0.5,2.210064435247496,-1.7100644352474959,1.7100644352474959,2.924320372698337
S98_01802,Ni_num,GradientBoosting,2,2,3.0,1.625074133244455,1.374925866755545,1.374925866755545,1.8904211390734869
S98_01808,Ni_num,GradientBoosting,2,2,7.5,3.3597729920468757,4.140227007953124,4.140227007953124,17.141479677384478
S98_01827,Ni_num,GradientBoosting,2,2,3.0,3.3597729920468757,-0.35977299204687574,0.35977299204687574,0.12943660580636132
S98_01801,Ni_num,GradientBoosting,2,3,1.3,1.381397482102635,-0.08139748210263487,0.08139748210263487,0.006625550092648764
S98_01803,Ni_num,GradientBoosting,2,3,2.0,1.646951465605398,0.35304853439460193,0.35304853439460193,0.12464326763817642
S98_01804,Ni_num,GradientBoosting,2,3,1.5,2.4322874607220406,-0.9322874607220406,0.9322874607220406,0.8691599094195505
S98_01807,Ni_num,GradientBoosting,2,3,1.6,1.646951465605398,-0.04695146560539798,0.04695146560539798,0.0022044401224948695
S98_01813,Ni_num,GradientBoosting,2,3,2.1,2.478586110753858,-0.37858611075385795,0.37858611075385795,0.1433274432557324
S98_01820,Ni_num,GradientBoosting,2,3,5.5,3.5821536313764355,1.9178463686235645,1.9178463686235645,3.678134693642593
S98_01821,Ni_num,GradientBoosting,2,3,4.7,3.5821536313764355,1.1178463686235647,1.1178463686235647,1.2495805038448904
S98_01823,Ni_num,GradientBoosting,2,3,1.0,1.646951465605398,-0.6469514656053981,0.6469514656053981,0.41854619884897254
S98_01786,Ni_num,GradientBoosting,2,4,1.0,1.5672003357615847,-0.5672003357615847,0.5672003357615847,0.3217162208880544
S98_01789,Ni_num,GradientBoosting,2,4,0.8,2.2173730780126144,-1.4173730780126144,1.4173730780126144,2.0089464422749526
S98_01797,Ni_num,GradientBoosting,2,4,0.8,1.8504996854617548,-1.0504996854617548,1.0504996854617548,1.1035495891552456
S98_01815,Ni_num,GradientBoosting,2,4,3.4,4.35645685952909,-0.9564568595290903,0.9564568595290903,0.91480972414025
S98_01817,Ni_num,GradientBoosting,2,4,1.5,2.500173292783222,-1.0001732927832219,1.0001732927832219,1.0003466155968324
S98_01819,Ni_num,GradientBoosting,2,4,3.5,4.377606189094352,-0.8776061890943518,0.8776061890943518,0.7701926231367112
S98_01824,Ni_num,GradientBoosting,2,4,1.0,1.7996307036562407,-0.7996307036562407,0.7996307036562407,0.6394092622297746
S98_01828,Ni_num,GradientBoosting,2,4,3.5,4.377606189094352,-0.8776061890943518,0.8776061890943518,0.7701926231367112
S98_01792,Ni_num,GradientBoosting,2,5,1.7,1.8812341287447312,-0.18123412874473122,0.18123412874473122,0.032845809421861806
S98_01798,Ni_num,GradientBoosting,2,5,1.2,1.754530201646068,-0.554530201646068,0.554530201646068,0.30750374453762885
S98_01800,Ni_num,GradientBoosting,2,5,2.4,1.4348640589069461,0.9651359410930538,0.9651359410930538,0.9314873847895746
S98_01809,Ni_num,GradientBoosting,2,5,1.1,4.212843202195813,-3.1128432021958132,3.1128432021958132,9.689792801456685
S98_01810,Ni_num,GradientBoosting,2,5,2.1,3.0032099348639787,-0.9032099348639786,0.9032099348639786,0.8157881864369925
S98_01818,Ni_num,GradientBoosting,2,5,4.5,3.747819074081494,0.7521809259185059,0.7521809259185059,0.5657761453156209
S98_01822,Ni_num,GradientBoosting,2,5,3.9,6.368981040072422,-2.4689810400724217,2.4689810400724217,6.095867376237098
S98_01834,Ni_num,GradientBoosting,2,5,2.2,2.0607972166378805,0.13920278336211966,0.13920278336211966,0.019377414895761218
S98_01788,Ni_num,GradientBoosting,3,1,1.4,1.919257698032678,-0.5192576980326782,0.5192576980326782,0.269628556966196
S98_01792,Ni_num,GradientBoosting,3,1,1.7,2.0790519942642494,-0.3790519942642494,0.3790519942642494,0.14368041435570456
S98_01793,Ni_num,GradientBoosting,3,1,0.9,2.8323331292048537,-1.9323331292048538,1.9323331292048538,3.7339113222226223
S98_01803,Ni_num,GradientBoosting,3,1,2.0,1.660234079769345,0.3397659202306551,0.3397659202306551,0.1154408805501839
S98_01807,Ni_num,GradientBoosting,3,1,1.6,1.660234079769345,-0.060234079769344806,0.060234079769344806,0.003628144365659793
S98_01825,Ni_num,GradientBoosting,3,1,3.1,4.025287948376408,-0.925287948376408,0.925287948376408,0.8561577874106223
S98_01828,Ni_num,GradientBoosting,3,1,3.5,4.025287948376408,-0.5252879483764081,0.5252879483764081,0.275927428709496
S98_01834,Ni_num,GradientBoosting,3,1,2.2,2.2815220194899997,-0.08152201948999949,0.08152201948999949,0.006645839661727856
S98_01789,Ni_num,GradientBoosting,3,2,0.8,2.18157772149398,-1.38157772149398,1.38157772149398,1.9087570005284973
S98_01791,Ni_num,GradientBoosting,3,2,1.0,2.3187649350436574,-1.3187649350436574,1.3187649350436574,1.7391409539007021
S98_01794,Ni_num,GradientBoosting,3,2,1.3,1.7101698429025898,-0.41016984290258973,0.41016984290258973,0.16823930002673515
S98_01802,Ni_num,GradientBoosting,3,2,3.0,1.7101698429025898,1.2898301570974102,1.2898301570974102,1.66366183415793
S98_01809,Ni_num,GradientBoosting,3,2,1.1,3.643259406835337,-2.543259406835337,2.543259406835337,6.46816841045643
S98_01810,Ni_num,GradientBoosting,3,2,2.1,2.9682668123527876,-0.8682668123527875,0.8682668123527875,0.7538872574332707
S98_01821,Ni_num,GradientBoosting,3,2,4.7,3.6997106156951873,1.0002893843048128,1.0002893843048128,1.0005788523529016
S98_01824,Ni_num,GradientBoosting,3,2,1.0,1.7101698429025898,-0.7101698429025898,0.7101698429025898,0.504341205768289
S98_01799,Ni_num,GradientBoosting,3,3,0.5,1.9111594060859034,-1.4111594060859034,1.4111594060859034,1.9913708693847196
S98_01800,Ni_num,GradientBoosting,3,3,2.4,1.4314535549473206,0.9685464450526793,0.9685464450526793,0.9380822162241826
S98_01801,Ni_num,GradientBoosting,3,3,1.3,1.42266503153999,-0.12266503153998998,0.12266503153998998,0.015046709962706736
S98_01813,Ni_num,GradientBoosting,3,3,2.1,2.397733335361921,-0.2977333353619209,0.2977333353619209,0.08864513898573408
S98_01815,Ni_num,GradientBoosting,3,3,3.4,4.972769573267277,-1.5727695732672768,1.5727695732672768,2.4736041305953322
S98_01817,Ni_num,GradientBoosting,3,3,1.5,2.252625678489469,-0.7526256784894692,0.7526256784894692,0.5664454119217338
S98_01818,Ni_num,GradientBoosting,3,3,4.5,4.972769573267277,-0.47276957326727675,0.47276957326727675,0.22351106940732296
S98_01823,Ni_num,GradientBoosting,3,3,1.0,1.7904681570534624,-0.7904681570534624,0.7904681570534624,0.6248399073154973
S98_01785,Ni_num,GradientBoosting,3,4,1.1,1.5843988360060597,-0.4843988360060596,0.4843988360060596,0.23464223232402542
S98_01786,Ni_num,GradientBoosting,3,4,1.0,1.4610030743470546,-0.46100307434705456,0.46100307434705456,0.21252383455743593
S98_01795,Ni_num,GradientBoosting,3,4,3.3,1.5843988360060597,1.7156011639939401,1.7156011639939401,2.9432873538973623
S98_01797,Ni_num,GradientBoosting,3,4,0.8,1.5843988360060597,-0.7843988360060596,0.7843988360060596,0.6152815339276613
S98_01806,Ni_num,GradientBoosting,3,4,1.5,1.5843988360060597,-0.08439883600605969,0.08439883600605969,0.007123163519177756
S98_01808,Ni_num,GradientBoosting,3,4,7.5,2.9636995578134337,4.536300442186566,4.536300442186566,20.578021701782035
S98_01822,Ni_num,GradientBoosting,3,4,3.9,2.993590657727347,0.9064093422726529,0.9064093422726529,0.8215778957591432
S98_01826,Ni_num,GradientBoosting,3,4,8.9,2.993590657727347,5.906409342272653,5.906409342272653,34.88567131848567
S98_01796,Ni_num,GradientBoosting,3,5,0.7,1.5050672182002514,-0.8050672182002514,0.8050672182002514,0.6481332258206912
S98_01798,Ni_num,GradientBoosting,3,5,1.2,1.6381723941954576,-0.4381723941954576,0.4381723941954576,0.1919950470349795
S98_01804,Ni_num,GradientBoosting,3,5,1.5,2.338975783879073,-0.8389757838790728,0.8389757838790728,0.7038803659355046
S98_01805,Ni_num,GradientBoosting,3,5,1.1,1.8332229313284973,-0.7332229313284973,0.7332229313284973,0.5376158670259542
S98_01811,Ni_num,GradientBoosting,3,5,8.0,1.5050672182002514,6.494932781799749,6.494932781799749,42.18415184009702
S98_01819,Ni_num,GradientBoosting,3,5,3.5,4.310846848474924,-0.8108468484749238,0.8108468484749238,0.6574726116817161
S98_01820,Ni_num,GradientBoosting,3,5,5.5,3.7253091251595274,1.7746908748404726,1.7746908748404726,3.149527701242042
S98_01827,Ni_num,GradientBoosting,3,5,3.0,4.310846848474924,-1.3108468484749238,1.3108468484749238,1.7183194601566398
S98_01791,Ni_num,GradientBoosting,4,1,1.0,2.613058715497159,-1.613058715497159,1.613058715497159,2.6019584196413446
S98_01801,Ni_num,GradientBoosting,4,1,1.3,1.482014724565911,-0.18201472456591095,0.18201472456591095,0.03312935995880443
S98_01804,Ni_num,GradientBoosting,4,1,1.5,2.375846667815963,-0.8758466678159631,0.8758466678159631,0.767107385524326
S98_01807,Ni_num,GradientBoosting,4,1,1.6,1.7038900301523139,-0.1038900301523138,0.1038900301523138,0.010793138365048669
S98_01821,Ni_num,GradientBoosting,4,1,4.7,3.930149323270743,0.769850676729257,0.769850676729257,0.592670064460495
S98_01823,Ni_num,GradientBoosting,4,1,1.0,1.7038900301523139,-0.7038900301523139,0.7038900301523139,0.49546117454782534
S98_01828,Ni_num,GradientBoosting,4,1,3.5,3.930149323270743,-0.4301493232707432,0.4301493232707432,0.18502844031027832
S98_01834,Ni_num,GradientBoosting,4,1,2.2,2.4126836605458863,-0.21268366054588617,0.21268366054588617,0.045234339463197736
S98_01789,Ni_num,GradientBoosting,4,2,0.8,1.9997027275010355,-1.1997027275010355,1.1997027275010355,1.4392866343734236
S98_01793,Ni_num,GradientBoosting,4,2,0.9,2.9482921186204485,-2.0482921186204486,2.0482921186204486,4.195500603202646
S98_01796,Ni_num,GradientBoosting,4,2,0.7,2.0294774714605035,-1.3294774714605035,1.3294774714605035,1.767510347121014
S98_01798,Ni_num,GradientBoosting,4,2,1.2,1.878262331095367,-0.678262331095367,0.678262331095367,0.4600397897829213
S98_01805,Ni_num,GradientBoosting,4,2,1.1,1.878262331095367,-0.7782623310953669,0.7782623310953669,0.6056922560019945
S98_01810,Ni_num,GradientBoosting,4,2,2.1,2.9482921186204485,-0.8482921186204484,0.8482921186204484,0.7195995185135688
S98_01824,Ni_num,GradientBoosting,4,2,1.0,1.878262331095367,-0.878262331095367,0.878262331095367,0.7713447222210681
S98_01825,Ni_num,GradientBoosting,4,2,3.1,3.917035702203339,-0.8170357022033388,0.8170357022033388,0.6675473386749029
S98_01785,Ni_num,GradientBoosting,4,3,1.1,1.841400741121047,-0.7414007411210468,0.7414007411210468,0.5496750589348375
S98_01786,Ni_num,GradientBoosting,4,3,1.0,1.3872032319962573,-0.3872032319962573,0.3872032319962573,0.14992634286834744
S98_01788,Ni_num,GradientBoosting,4,3,1.4,1.841400741121047,-0.441400741121047,0.441400741121047,0.19483461426220955
S98_01809,Ni_num,GradientBoosting,4,3,1.1,3.7733301791388008,-2.6733301791388007,2.6733301791388007,7.146694246694292
S98_01813,Ni_num,GradientBoosting,4,3,2.1,2.164263801850052,-0.0642638018500521,0.0642638018500521,0.004129836228222759
S98_01818,Ni_num,GradientBoosting,4,3,4.5,3.886516799980363,0.6134832000196369,0.6134832000196369,0.37636163670633377
S98_01822,Ni_num,GradientBoosting,4,3,3.9,6.486862724892156,-2.5868627248921565,2.5868627248921565,6.691858757436473
S98_01827,Ni_num,GradientBoosting,4,3,3.0,3.993846061667305,-0.993846061667305,0.993846061667305,0.9877299942916127
S98_01795,Ni_num,GradientBoosting,4,4,3.3,1.4232011805339966,1.8767988194660032,1.8767988194660032,3.5223738087489833
S98_01799,Ni_num,GradientBoosting,4,4,0.5,1.3507527322257884,-0.8507527322257884,0.8507527322257884,0.723780211389644
S98_01800,Ni_num,GradientBoosting,4,4,2.4,1.2384014234941811,1.1615985765058188,1.1615985765058188,1.3493112529403446
S98_01803,Ni_num,GradientBoosting,4,4,2.0,1.4232011805339966,0.5767988194660034,0.5767988194660034,0.3326968781373752
S98_01808,Ni_num,GradientBoosting,4,4,7.5,3.0380784433407837,4.461921556659217,4.461921556659217,19.908743977780208
S98_01817,Ni_num,GradientBoosting,4,4,1.5,2.0729673182190584,-0.5729673182190584,0.5729673182190584,0.32829154774713976
S98_01819,Ni_num,GradientBoosting,4,4,3.5,3.940773170453195,-0.4407731704531952,0.4407731704531952,0.19428098779136146
S98_01826,Ni_num,GradientBoosting,4,4,8.9,3.1459394330836488,5.754060566916351,5.754060566916351,33.10921300774172
S98_01792,Ni_num,GradientBoosting,4,5,1.7,1.5479640446160605,0.15203595538393944,0.15203595538393944,0.023114931729507224
S98_01794,Ni_num,GradientBoosting,4,5,1.3,1.845069376394165,-0.545069376394165,0.545069376394165,0.2971006250827239
S98_01797,Ni_num,GradientBoosting,4,5,0.8,1.5180568160000487,-0.7180568160000487,0.7180568160000487,0.5156055910041277
S98_01802,Ni_num,GradientBoosting,4,5,3.0,2.079098838298039,0.9209011617019609,0.9209011617019609,0.8480589496240212
S98_01806,Ni_num,GradientBoosting,4,5,1.5,1.874976605010177,-0.37497660501017704,0.37497660501017704,0.14060745430495833
S98_01811,Ni_num,GradientBoosting,4,5,8.0,1.5541605192044983,6.4458394807955015,6.4458394807955015,41.54884661218202
S98_01815,Ni_num,GradientBoosting,4,5,3.4,3.8261775589877614,-0.42617755898776144,0.42617755898776144,0.18162731178476688
S98_01820,Ni_num,GradientBoosting,4,5,5.5,3.8261775589877614,1.6738224410122386,1.6738224410122386,2.801681564036169
S98_01793,Ni_num,GradientBoosting,5,1,0.9,1.635105676246966,-0.735105676246966,0.735105676246966,0.5403803552505092
S98_01799,Ni_num,GradientBoosting,5,1,0.5,1.5174186205229834,-1.0174186205229834,1.0174186205229834,1.0351406493868904
S98_01802,Ni_num,GradientBoosting,5,1,3.0,1.9013003202296954,1.0986996797703046,1.0986996797703046,1.2071409863273699
S98_01805,Ni_num,GradientBoosting,5,1,1.1,1.8473676496236724,-0.7473676496236723,0.7473676496236723,0.5585584037040122
S98_01808,Ni_num,GradientBoosting,5,1,7.5,3.3176374884178736,4.182362511582126,4.182362511582126,17.49215617828755
S98_01811,Ni_num,GradientBoosting,5,1,8.0,1.5174186205229834,6.482581379477017,6.482581379477017,42.02386134154214
S98_01818,Ni_num,GradientBoosting,5,1,4.5,3.546758048436527,0.9532419515634731,0.9532419515634731,0.9086702182205388
S98_01822,Ni_num,GradientBoosting,5,1,3.9,6.469341329556046,-2.5693413295560457,2.5693413295560457,6.601514867764829
S98_01785,Ni_num,GradientBoosting,5,2,1.1,1.819825719545214,-0.719825719545214,0.719825719545214,0.5181490665187851
S98_01796,Ni_num,GradientBoosting,5,2,0.7,2.1775857967726306,-1.4775857967726307,1.4775857967726307,2.18325978682421
S98_01807,Ni_num,GradientBoosting,5,2,1.6,1.819825719545214,-0.21982571954521402,0.21982571954521402,0.04832334697357109
S98_01810,Ni_num,GradientBoosting,5,2,2.1,2.1191266555749277,-0.019126655574927653,0.019126655574927653,0.0003658289534819111
S98_01813,Ni_num,GradientBoosting,5,2,2.1,2.2330613938853756,-0.13306139388537552,0.13306139388537552,0.01770533454271905
S98_01823,Ni_num,GradientBoosting,5,2,1.0,1.819825719545214,-0.8198257195452141,0.8198257195452141,0.672114210427828
S98_01825,Ni_num,GradientBoosting,5,2,3.1,4.024475487490173,-0.9244754874901733,0.9244754874901733,0.8546549269701935
S98_01826,Ni_num,GradientBoosting,5,2,8.9,3.3222121219889043,5.577787878011096,5.577787878011096,31.11171761208752
S98_01791,Ni_num,GradientBoosting,5,3,1.0,2.713034914065949,-1.713034914065949,1.713034914065949,2.9344886168089337
S98_01792,Ni_num,GradientBoosting,5,3,1.7,2.4387155765807824,-0.7387155765807825,0.7387155765807825,0.5457007030830778
S98_01794,Ni_num,GradientBoosting,5,3,1.3,1.666583297372728,-0.3665832973727279,0.3665832973727279,0.13438331391266184
S98_01795,Ni_num,GradientBoosting,5,3,3.3,1.666583297372728,1.633416702627272,1.633416702627272,2.6680501244217494
S98_01806,Ni_num,GradientBoosting,5,3,1.5,1.666583297372728,-0.16658329737272792,0.16658329737272792,0.027749994963570702
S98_01815,Ni_num,GradientBoosting,5,3,3.4,4.001748825895713,-0.6017488258957129,0.6017488258957129,0.36210164946686896
S98_01824,Ni_num,GradientBoosting,5,3,1.0,1.666583297372728,-0.6665832973727279,0.6665832973727279,0.44433329233629865
S98_01827,Ni_num,GradientBoosting,5,3,3.0,4.001748825895713,-1.0017488258957128,1.0017488258957128,1.003500710183439
S98_01786,Ni_num,GradientBoosting,5,4,1.0,1.4652427068089438,-0.46524270680894375,0.46524270680894375,0.2164507762389128
S98_01797,Ni_num,GradientBoosting,5,4,0.8,1.7772989762235116,-0.9772989762235116,0.9772989762235116,0.9551132889275239
S98_01798,Ni_num,GradientBoosting,5,4,1.2,1.7772989762235116,-0.5772989762235117,0.5772989762235117,0.3332741079487147
S98_01801,Ni_num,GradientBoosting,5,4,1.3,1.4652427068089438,-0.1652427068089437,0.1652427068089437,0.027305152153546532
S98_01803,Ni_num,GradientBoosting,5,4,2.0,1.7772989762235116,0.22270102377648837,0.22270102377648837,0.04959574599109604
S98_01804,Ni_num,GradientBoosting,5,4,1.5,2.3332826507818294,-0.8332826507818294,0.8332826507818294,0.6943599760939922
S98_01820,Ni_num,GradientBoosting,5,4,5.5,3.796460750388386,1.7035392496116142,1.7035392496116142,2.9020459749673013
S98_01828,Ni_num,GradientBoosting,5,4,3.5,3.796460750388386,-0.2964607503883858,0.2964607503883858,0.0878889765208448
S98_01788,Ni_num,GradientBoosting,5,5,1.4,1.9306601387110494,-0.5306601387110494,0.5306601387110494,0.28160018281683025
S98_01789,Ni_num,GradientBoosting,5,5,0.8,2.1035418805471435,-1.3035418805471435,1.3035418805471435,1.6992214343403833
S98_01800,Ni_num,GradientBoosting,5,5,2.4,1.3425293812041827,1.0574706187958172,1.0574706187958172,1.1182441096164084
S98_01809,Ni_num,GradientBoosting,5,5,1.1,3.3891926498975145,-2.2891926498975144,2.2891926498975144,5.240402988344804
S98_01817,Ni_num,GradientBoosting,5,5,1.5,2.4766710075302334,-0.9766710075302334,0.9766710075302334,0.9538862569501212
S98_01819,Ni_num,GradientBoosting,5,5,3.5,3.816377932508911,-0.3163779325089111,0.3163779325089111,0.10009499617861312
S98_01821,Ni_num,GradientBoosting,5,5,4.7,3.816377932508911,0.8836220674910891,0.8836220674910891,0.7807879581572268
S98_01834,Ni_num,GradientBoosting,5,5,2.2,2.3741226962285396,-0.17412269622853938,0.17412269622853938,0.0303187133418962
S98_01791,Ni_num,HistGradientBoosting,1,1,1.0,2.646875,-1.646875,1.646875,2.7121972656250004
S98_01799,Ni_num,HistGradientBoosting,1,1,0.5,2.646875,-2.146875,2.146875,4.6090722656250005
S98_01802,Ni_num,HistGradientBoosting,1,1,3.0,2.646875,0.3531249999999999,0.3531249999999999,0.12469726562499994
S98_01803,Ni_num,HistGradientBoosting,1,1,2.0,2.646875,-0.6468750000000001,0.6468750000000001,0.4184472656250001
S98_01806,Ni_num,HistGradientBoosting,1,1,1.5,2.646875,-1.146875,1.146875,1.315322265625
S98_01815,Ni_num,HistGradientBoosting,1,1,3.4,2.646875,0.7531249999999998,0.7531249999999998,0.5671972656249997
S98_01817,Ni_num,HistGradientBoosting,1,1,1.5,2.646875,-1.146875,1.146875,1.315322265625
S98_01827,Ni_num,HistGradientBoosting,1,1,3.0,2.646875,0.3531249999999999,0.3531249999999999,0.12469726562499994
S98_01793,Ni_num,HistGradientBoosting,1,2,0.9,2.6031250000000004,-1.7031250000000004,1.7031250000000004,2.9006347656250013
S98_01795,Ni_num,HistGradientBoosting,1,2,3.3,2.6031250000000004,0.6968749999999995,0.6968749999999995,0.48563476562499924
S98_01796,Ni_num,HistGradientBoosting,1,2,0.7,2.6031250000000004,-1.9031250000000004,1.9031250000000004,3.6218847656250017
S98_01800,Ni_num,HistGradientBoosting,1,2,2.4,2.6031250000000004,-0.20312500000000044,0.20312500000000044,0.04125976562500018
S98_01813,Ni_num,HistGradientBoosting,1,2,2.1,2.6031250000000004,-0.5031250000000003,0.5031250000000003,0.25313476562500026
S98_01821,Ni_num,HistGradientBoosting,1,2,4.7,2.6031250000000004,2.096875,2.096875,4.396884765624999
S98_01824,Ni_num,HistGradientBoosting,1,2,1.0,2.6031250000000004,-1.6031250000000004,1.6031250000000004,2.570009765625001
S98_01834,Ni_num,HistGradientBoosting,1,2,2.2,2.6031250000000004,-0.4031250000000002,0.4031250000000002,0.16250976562500014
S98_01785,Ni_num,HistGradientBoosting,1,3,1.1,2.55,-1.4499999999999997,1.4499999999999997,2.102499999999999
S98_01786,Ni_num,HistGradientBoosting,1,3,1.0,2.55,-1.5499999999999998,1.5499999999999998,2.4024999999999994
S98_01792,Ni_num,HistGradientBoosting,1,3,1.7,2.55,-0.8499999999999999,0.8499999999999999,0.7224999999999998
S98_01798,Ni_num,HistGradientBoosting,1,3,1.2,2.55,-1.3499999999999999,1.3499999999999999,1.8224999999999996
S98_01804,Ni_num,HistGradientBoosting,1,3,1.5,2.55,-1.0499999999999998,1.0499999999999998,1.1024999999999996
S98_01811,Ni_num,HistGradientBoosting,1,3,8.0,2.55,5.45,5.45,29.7025
S98_01819,Ni_num,HistGradientBoosting,1,3,3.5,2.55,0.9500000000000002,0.9500000000000002,0.9025000000000003
S98_01823,Ni_num,HistGradientBoosting,1,3,1.0,2.55,-1.5499999999999998,1.5499999999999998,2.4024999999999994
S98_01788,Ni_num,HistGradientBoosting,1,4,1.4,2.10625,-0.7062500000000003,0.7062500000000003,0.4987890625000004
S98_01789,Ni_num,HistGradientBoosting,1,4,0.8,2.10625,-1.3062500000000001,1.3062500000000001,1.7062890625000005
S98_01808,Ni_num,HistGradientBoosting,1,4,7.5,2.10625,5.39375,5.39375,29.0925390625
S98_01810,Ni_num,HistGradientBoosting,1,4,2.1,2.10625,-0.006250000000000089,0.006250000000000089,3.906250000000111e-05
S98_01820,Ni_num,HistGradientBoosting,1,4,5.5,2.10625,3.39375,3.39375,11.5175390625
S98_01822,Ni_num,HistGradientBoosting,1,4,3.9,2.10625,1.7937499999999997,1.7937499999999997,3.217539062499999
S98_01825,Ni_num,HistGradientBoosting,1,4,3.1,2.10625,0.9937499999999999,0.9937499999999999,0.9875390624999998
S98_01826,Ni_num,HistGradientBoosting,1,4,8.9,2.10625,6.79375,6.79375,46.1550390625
S98_01794,Ni_num,HistGradientBoosting,1,5,1.3,2.66875,-1.3687500000000001,1.3687500000000001,1.8734765625000003
S98_01797,Ni_num,HistGradientBoosting,1,5,0.8,2.66875,-1.8687500000000001,1.8687500000000001,3.4922265625000004
S98_01801,Ni_num,HistGradientBoosting,1,5,1.3,2.66875,-1.3687500000000001,1.3687500000000001,1.8734765625000003
S98_01805,Ni_num,HistGradientBoosting,1,5,1.1,2.66875,-1.56875,1.56875,2.4609765625000004
S98_01807,Ni_num,HistGradientBoosting,1,5,1.6,2.66875,-1.06875,1.06875,1.1422265625
S98_01809,Ni_num,HistGradientBoosting,1,5,1.1,2.66875,-1.56875,1.56875,2.4609765625000004
S98_01818,Ni_num,HistGradientBoosting,1,5,4.5,2.66875,1.8312499999999998,1.8312499999999998,3.353476562499999
S98_01828,Ni_num,HistGradientBoosting,1,5,3.5,2.66875,0.8312499999999998,0.8312499999999998,0.6909765624999997
S98_01785,Ni_num,HistGradientBoosting,2,1,1.1,2.25625,-1.15625,1.15625,1.3369140625
S98_01788,Ni_num,HistGradientBoosting,2,1,1.4,2.25625,-0.8562500000000002,0.8562500000000002,0.7331640625000003
S98_01795,Ni_num,HistGradientBoosting,2,1,3.3,2.25625,1.0437499999999997,1.0437499999999997,1.0894140624999995
S98_01805,Ni_num,HistGradientBoosting,2,1,1.1,2.25625,-1.15625,1.15625,1.3369140625
S98_01806,Ni_num,HistGradientBoosting,2,1,1.5,2.25625,-0.7562500000000001,0.7562500000000001,0.5719140625000001
S98_01811,Ni_num,HistGradientBoosting,2,1,8.0,2.25625,5.74375,5.74375,32.9906640625
S98_01825,Ni_num,HistGradientBoosting,2,1,3.1,2.25625,0.84375,0.84375,0.7119140625
S98_01826,Ni_num,HistGradientBoosting,2,1,8.9,2.25625,6.643750000000001,6.643750000000001,44.13941406250001
S98_01791,Ni_num,HistGradientBoosting,2,2,1.0,2.584375,-1.584375,1.584375,2.5102441406250002
S98_01793,Ni_num,HistGradientBoosting,2,2,0.9,2.584375,-1.6843750000000002,1.6843750000000002,2.8371191406250005
S98_01794,Ni_num,HistGradientBoosting,2,2,1.3,2.584375,-1.284375,1.284375,1.649619140625
S98_01796,Ni_num,HistGradientBoosting,2,2,0.7,2.584375,-1.8843750000000001,1.8843750000000001,3.5508691406250006
S98_01799,Ni_num,HistGradientBoosting,2,2,0.5,2.584375,-2.084375,2.084375,4.344619140625
S98_01802,Ni_num,HistGradientBoosting,2,2,3.0,2.584375,0.4156249999999999,0.4156249999999999,0.17274414062499993
S98_01808,Ni_num,HistGradientBoosting,2,2,7.5,2.584375,4.915625,4.915625,24.163369140625004
S98_01827,Ni_num,HistGradientBoosting,2,2,3.0,2.584375,0.4156249999999999,0.4156249999999999,0.17274414062499993
S98_01801,Ni_num,HistGradientBoosting,2,3,1.3,2.528125,-1.2281250000000001,1.2281250000000001,1.5082910156250002
S98_01803,Ni_num,HistGradientBoosting,2,3,2.0,2.528125,-0.5281250000000002,0.5281250000000002,0.2789160156250002
S98_01804,Ni_num,HistGradientBoosting,2,3,1.5,2.528125,-1.0281250000000002,1.0281250000000002,1.0570410156250003
S98_01807,Ni_num,HistGradientBoosting,2,3,1.6,2.528125,-0.9281250000000001,0.9281250000000001,0.8614160156250001
S98_01813,Ni_num,HistGradientBoosting,2,3,2.1,2.528125,-0.4281250000000001,0.4281250000000001,0.18329101562500008
S98_01820,Ni_num,HistGradientBoosting,2,3,5.5,2.528125,2.971875,2.971875,8.832041015624998
S98_01821,Ni_num,HistGradientBoosting,2,3,4.7,2.528125,2.171875,2.171875,4.717041015625
S98_01823,Ni_num,HistGradientBoosting,2,3,1.0,2.528125,-1.5281250000000002,1.5281250000000002,2.3351660156250005
S98_01786,Ni_num,HistGradientBoosting,2,4,1.0,2.659375,-1.6593749999999998,1.6593749999999998,2.7535253906249992
S98_01789,Ni_num,HistGradientBoosting,2,4,0.8,2.659375,-1.8593749999999998,1.8593749999999998,3.457275390624999
S98_01797,Ni_num,HistGradientBoosting,2,4,0.8,2.659375,-1.8593749999999998,1.8593749999999998,3.457275390624999
S98_01815,Ni_num,HistGradientBoosting,2,4,3.4,2.659375,0.7406250000000001,0.7406250000000001,0.5485253906250002
S98_01817,Ni_num,HistGradientBoosting,2,4,1.5,2.659375,-1.1593749999999998,1.1593749999999998,1.3441503906249996
S98_01819,Ni_num,HistGradientBoosting,2,4,3.5,2.659375,0.8406250000000002,0.8406250000000002,0.7066503906250003
S98_01824,Ni_num,HistGradientBoosting,2,4,1.0,2.659375,-1.6593749999999998,1.6593749999999998,2.7535253906249992
S98_01828,Ni_num,HistGradientBoosting,2,4,3.5,2.659375,0.8406250000000002,0.8406250000000002,0.7066503906250003
S98_01792,Ni_num,HistGradientBoosting,2,5,1.7,2.546875,-0.846875,0.846875,0.7171972656250001
S98_01798,Ni_num,HistGradientBoosting,2,5,1.2,2.546875,-1.346875,1.346875,1.8140722656250001
S98_01800,Ni_num,HistGradientBoosting,2,5,2.4,2.546875,-0.1468750000000001,0.1468750000000001,0.021572265625000028
S98_01809,Ni_num,HistGradientBoosting,2,5,1.1,2.546875,-1.446875,1.446875,2.0934472656249996
S98_01810,Ni_num,HistGradientBoosting,2,5,2.1,2.546875,-0.4468749999999999,0.4468749999999999,0.19969726562499993
S98_01818,Ni_num,HistGradientBoosting,2,5,4.5,2.546875,1.953125,1.953125,3.814697265625
S98_01822,Ni_num,HistGradientBoosting,2,5,3.9,2.546875,1.353125,1.353125,1.8309472656249997
S98_01834,Ni_num,HistGradientBoosting,2,5,2.2,2.546875,-0.3468749999999998,0.3468749999999998,0.12032226562499988
S98_01788,Ni_num,HistGradientBoosting,3,1,1.4,2.63125,-1.2312500000000002,1.2312500000000002,1.5159765625000003
S98_01792,Ni_num,HistGradientBoosting,3,1,1.7,2.63125,-0.9312500000000001,0.9312500000000001,0.8672265625000003
S98_01793,Ni_num,HistGradientBoosting,3,1,0.9,2.63125,-1.7312500000000002,1.7312500000000002,2.9972265625000007
S98_01803,Ni_num,HistGradientBoosting,3,1,2.0,2.63125,-0.6312500000000001,0.6312500000000001,0.39847656250000013
S98_01807,Ni_num,HistGradientBoosting,3,1,1.6,2.63125,-1.03125,1.03125,1.0634765625
S98_01825,Ni_num,HistGradientBoosting,3,1,3.1,2.63125,0.46875,0.46875,0.2197265625
S98_01828,Ni_num,HistGradientBoosting,3,1,3.5,2.63125,0.8687499999999999,0.8687499999999999,0.7547265624999998
S98_01834,Ni_num,HistGradientBoosting,3,1,2.2,2.63125,-0.4312499999999999,0.4312499999999999,0.18597656249999991
S98_01789,Ni_num,HistGradientBoosting,3,2,0.8,2.675,-1.8749999999999998,1.8749999999999998,3.515624999999999
S98_01791,Ni_num,HistGradientBoosting,3,2,1.0,2.675,-1.6749999999999998,1.6749999999999998,2.8056249999999996
S98_01794,Ni_num,HistGradientBoosting,3,2,1.3,2.675,-1.3749999999999998,1.3749999999999998,1.8906249999999993
S98_01802,Ni_num,HistGradientBoosting,3,2,3.0,2.675,0.3250000000000002,0.3250000000000002,0.10562500000000012
S98_01809,Ni_num,HistGradientBoosting,3,2,1.1,2.675,-1.5749999999999997,1.5749999999999997,2.480624999999999
S98_01810,Ni_num,HistGradientBoosting,3,2,2.1,2.675,-0.5749999999999997,0.5749999999999997,0.33062499999999967
S98_01821,Ni_num,HistGradientBoosting,3,2,4.7,2.675,2.0250000000000004,2.0250000000000004,4.100625000000002
S98_01824,Ni_num,HistGradientBoosting,3,2,1.0,2.675,-1.6749999999999998,1.6749999999999998,2.8056249999999996
S98_01799,Ni_num,HistGradientBoosting,3,3,0.5,2.621875,-2.121875,2.121875,4.502353515625001
S98_01800,Ni_num,HistGradientBoosting,3,3,2.4,2.621875,-0.22187500000000027,0.22187500000000027,0.04922851562500012
S98_01801,Ni_num,HistGradientBoosting,3,3,1.3,2.621875,-1.3218750000000001,1.3218750000000001,1.7473535156250004
S98_01813,Ni_num,HistGradientBoosting,3,3,2.1,2.621875,-0.5218750000000001,0.5218750000000001,0.2723535156250001
S98_01815,Ni_num,HistGradientBoosting,3,3,3.4,2.621875,0.7781249999999997,0.7781249999999997,0.6054785156249995
S98_01817,Ni_num,HistGradientBoosting,3,3,1.5,2.621875,-1.1218750000000002,1.1218750000000002,1.2586035156250004
S98_01818,Ni_num,HistGradientBoosting,3,3,4.5,2.621875,1.8781249999999998,1.8781249999999998,3.5273535156249993
S98_01823,Ni_num,HistGradientBoosting,3,3,1.0,2.621875,-1.6218750000000002,1.6218750000000002,2.6304785156250006
S98_01785,Ni_num,HistGradientBoosting,3,4,1.1,2.26875,-1.1687499999999997,1.1687499999999997,1.3659765624999993
S98_01786,Ni_num,HistGradientBoosting,3,4,1.0,2.26875,-1.2687499999999998,1.2687499999999998,1.6097265624999995
S98_01795,Ni_num,HistGradientBoosting,3,4,3.3,2.26875,1.03125,1.03125,1.0634765625
S98_01797,Ni_num,HistGradientBoosting,3,4,0.8,2.26875,-1.4687499999999998,1.4687499999999998,2.1572265624999996
S98_01806,Ni_num,HistGradientBoosting,3,4,1.5,2.26875,-0.7687499999999998,0.7687499999999998,0.5909765624999997
S98_01808,Ni_num,HistGradientBoosting,3,4,7.5,2.26875,5.23125,5.23125,27.365976562500002
S98_01822,Ni_num,HistGradientBoosting,3,4,3.9,2.26875,1.63125,1.63125,2.6609765625
S98_01826,Ni_num,HistGradientBoosting,3,4,8.9,2.26875,6.6312500000000005,6.6312500000000005,43.973476562500004
S98_01796,Ni_num,HistGradientBoosting,3,5,0.7,2.378125,-1.6781249999999999,1.6781249999999999,2.8161035156249996
S98_01798,Ni_num,HistGradientBoosting,3,5,1.2,2.378125,-1.1781249999999999,1.1781249999999999,1.3879785156249997
S98_01804,Ni_num,HistGradientBoosting,3,5,1.5,2.378125,-0.8781249999999998,0.8781249999999998,0.7711035156249997
S98_01805,Ni_num,HistGradientBoosting,3,5,1.1,2.378125,-1.2781249999999997,1.2781249999999997,1.6336035156249993
S98_01811,Ni_num,HistGradientBoosting,3,5,8.0,2.378125,5.621875,5.621875,31.605478515625002
S98_01819,Ni_num,HistGradientBoosting,3,5,3.5,2.378125,1.1218750000000002,1.1218750000000002,1.2586035156250004
S98_01820,Ni_num,HistGradientBoosting,3,5,5.5,2.378125,3.121875,3.121875,9.746103515625002
S98_01827,Ni_num,HistGradientBoosting,3,5,3.0,2.378125,0.6218750000000002,0.6218750000000002,0.3867285156250002
S98_01791,Ni_num,HistGradientBoosting,4,1,1.0,2.6187500000000004,-1.6187500000000004,1.6187500000000004,2.620351562500001
S98_01801,Ni_num,HistGradientBoosting,4,1,1.3,2.6187500000000004,-1.3187500000000003,1.3187500000000003,1.7391015625000008
S98_01804,Ni_num,HistGradientBoosting,4,1,1.5,2.6187500000000004,-1.1187500000000004,1.1187500000000004,1.2516015625000008
S98_01807,Ni_num,HistGradientBoosting,4,1,1.6,2.6187500000000004,-1.0187500000000003,1.0187500000000003,1.0378515625000004
S98_01821,Ni_num,HistGradientBoosting,4,1,4.7,2.6187500000000004,2.08125,2.08125,4.3316015624999995
S98_01823,Ni_num,HistGradientBoosting,4,1,1.0,2.6187500000000004,-1.6187500000000004,1.6187500000000004,2.620351562500001
S98_01828,Ni_num,HistGradientBoosting,4,1,3.5,2.6187500000000004,0.8812499999999996,0.8812499999999996,0.7766015624999993
S98_01834,Ni_num,HistGradientBoosting,4,1,2.2,2.6187500000000004,-0.4187500000000002,0.4187500000000002,0.17535156250000014
S98_01789,Ni_num,HistGradientBoosting,4,2,0.8,2.803125,-2.003125,2.003125,4.0125097656249995
S98_01793,Ni_num,HistGradientBoosting,4,2,0.9,2.803125,-1.9031250000000002,1.9031250000000002,3.621884765625001
S98_01796,Ni_num,HistGradientBoosting,4,2,0.7,2.803125,-2.1031250000000004,2.1031250000000004,4.423134765625002
S98_01798,Ni_num,HistGradientBoosting,4,2,1.2,2.803125,-1.6031250000000001,1.6031250000000001,2.5700097656250005
S98_01805,Ni_num,HistGradientBoosting,4,2,1.1,2.803125,-1.703125,1.703125,2.900634765625
S98_01810,Ni_num,HistGradientBoosting,4,2,2.1,2.803125,-0.703125,0.703125,0.494384765625
S98_01824,Ni_num,HistGradientBoosting,4,2,1.0,2.803125,-1.803125,1.803125,3.2512597656250004
S98_01825,Ni_num,HistGradientBoosting,4,2,3.1,2.803125,0.296875,0.296875,0.088134765625
S98_01785,Ni_num,HistGradientBoosting,4,3,1.1,2.578125,-1.478125,1.478125,2.1848535156249995
S98_01786,Ni_num,HistGradientBoosting,4,3,1.0,2.578125,-1.578125,1.578125,2.490478515625
S98_01788,Ni_num,HistGradientBoosting,4,3,1.4,2.578125,-1.178125,1.178125,1.3879785156250002
S98_01809,Ni_num,HistGradientBoosting,4,3,1.1,2.578125,-1.478125,1.478125,2.1848535156249995
S98_01813,Ni_num,HistGradientBoosting,4,3,2.1,2.578125,-0.4781249999999999,0.4781249999999999,0.22860351562499992
S98_01818,Ni_num,HistGradientBoosting,4,3,4.5,2.578125,1.921875,1.921875,3.693603515625
S98_01822,Ni_num,HistGradientBoosting,4,3,3.9,2.578125,1.321875,1.321875,1.7473535156249997
S98_01827,Ni_num,HistGradientBoosting,4,3,3.0,2.578125,0.421875,0.421875,0.177978515625
S98_01795,Ni_num,HistGradientBoosting,4,4,3.3,2.21875,1.0812499999999998,1.0812499999999998,1.1691015624999996
S98_01799,Ni_num,HistGradientBoosting,4,4,0.5,2.21875,-1.71875,1.71875,2.9541015625
S98_01800,Ni_num,HistGradientBoosting,4,4,2.4,2.21875,0.1812499999999999,0.1812499999999999,0.032851562499999966
S98_01803,Ni_num,HistGradientBoosting,4,4,2.0,2.21875,-0.21875,0.21875,0.0478515625
S98_01808,Ni_num,HistGradientBoosting,4,4,7.5,2.21875,5.28125,5.28125,27.8916015625
S98_01817,Ni_num,HistGradientBoosting,4,4,1.5,2.21875,-0.71875,0.71875,0.5166015625
S98_01819,Ni_num,HistGradientBoosting,4,4,3.5,2.21875,1.28125,1.28125,1.6416015625
S98_01826,Ni_num,HistGradientBoosting,4,4,8.9,2.21875,6.68125,6.68125,44.6391015625
S98_01792,Ni_num,HistGradientBoosting,4,5,1.7,2.35625,-0.6562500000000002,0.6562500000000002,0.4306640625000003
S98_01794,Ni_num,HistGradientBoosting,4,5,1.3,2.35625,-1.0562500000000001,1.0562500000000001,1.1156640625000003
S98_01797,Ni_num,HistGradientBoosting,4,5,0.8,2.35625,-1.5562500000000001,1.5562500000000001,2.4219140625000004
S98_01802,Ni_num,HistGradientBoosting,4,5,3.0,2.35625,0.6437499999999998,0.6437499999999998,0.4144140624999998
S98_01806,Ni_num,HistGradientBoosting,4,5,1.5,2.35625,-0.8562500000000002,0.8562500000000002,0.7331640625000003
S98_01811,Ni_num,HistGradientBoosting,4,5,8.0,2.35625,5.64375,5.64375,31.851914062499997
S98_01815,Ni_num,HistGradientBoosting,4,5,3.4,2.35625,1.0437499999999997,1.0437499999999997,1.0894140624999995
S98_01820,Ni_num,HistGradientBoosting,4,5,5.5,2.35625,3.14375,3.14375,9.883164062499999
S98_01793,Ni_num,HistGradientBoosting,5,1,0.9,2.2249999999999996,-1.3249999999999997,1.3249999999999997,1.7556249999999993
S98_01799,Ni_num,HistGradientBoosting,5,1,0.5,2.2249999999999996,-1.7249999999999996,1.7249999999999996,2.9756249999999986
S98_01802,Ni_num,HistGradientBoosting,5,1,3.0,2.2249999999999996,0.7750000000000004,0.7750000000000004,0.6006250000000005
S98_01805,Ni_num,HistGradientBoosting,5,1,1.1,2.2249999999999996,-1.1249999999999996,1.1249999999999996,1.2656249999999991
S98_01808,Ni_num,HistGradientBoosting,5,1,7.5,2.2249999999999996,5.275,5.275,27.825625000000002
S98_01811,Ni_num,HistGradientBoosting,5,1,8.0,2.2249999999999996,5.775,5.775,33.350625
S98_01818,Ni_num,HistGradientBoosting,5,1,4.5,2.2249999999999996,2.2750000000000004,2.2750000000000004,5.175625000000002
S98_01822,Ni_num,HistGradientBoosting,5,1,3.9,2.2249999999999996,1.6750000000000003,1.6750000000000003,2.805625000000001
S98_01785,Ni_num,HistGradientBoosting,5,2,1.1,2.5,-1.4,1.4,1.9599999999999997
S98_01796,Ni_num,HistGradientBoosting,5,2,0.7,2.5,-1.8,1.8,3.24
S98_01807,Ni_num,HistGradientBoosting,5,2,1.6,2.5,-0.8999999999999999,0.8999999999999999,0.8099999999999998
S98_01810,Ni_num,HistGradientBoosting,5,2,2.1,2.5,-0.3999999999999999,0.3999999999999999,0.15999999999999992
S98_01813,Ni_num,HistGradientBoosting,5,2,2.1,2.5,-0.3999999999999999,0.3999999999999999,0.15999999999999992
S98_01823,Ni_num,HistGradientBoosting,5,2,1.0,2.5,-1.5,1.5,2.25
S98_01825,Ni_num,HistGradientBoosting,5,2,3.1,2.5,0.6000000000000001,0.6000000000000001,0.3600000000000001
S98_01826,Ni_num,HistGradientBoosting,5,2,8.9,2.5,6.4,6.4,40.96000000000001
S98_01791,Ni_num,HistGradientBoosting,5,3,1.0,2.6375,-1.6375000000000002,1.6375000000000002,2.6814062500000007
S98_01792,Ni_num,HistGradientBoosting,5,3,1.7,2.6375,-0.9375000000000002,0.9375000000000002,0.8789062500000004
S98_01794,Ni_num,HistGradientBoosting,5,3,1.3,2.6375,-1.3375000000000001,1.3375000000000001,1.7889062500000004
S98_01795,Ni_num,HistGradientBoosting,5,3,3.3,2.6375,0.6624999999999996,0.6624999999999996,0.43890624999999955
S98_01806,Ni_num,HistGradientBoosting,5,3,1.5,2.6375,-1.1375000000000002,1.1375000000000002,1.2939062500000005
S98_01815,Ni_num,HistGradientBoosting,5,3,3.4,2.6375,0.7624999999999997,0.7624999999999997,0.5814062499999996
S98_01824,Ni_num,HistGradientBoosting,5,3,1.0,2.6375,-1.6375000000000002,1.6375000000000002,2.6814062500000007
S98_01827,Ni_num,HistGradientBoosting,5,3,3.0,2.6375,0.3624999999999998,0.3624999999999998,0.13140624999999986
S98_01786,Ni_num,HistGradientBoosting,5,4,1.0,2.61875,-1.61875,1.61875,2.6203515625
S98_01797,Ni_num,HistGradientBoosting,5,4,0.8,2.61875,-1.8187499999999999,1.8187499999999999,3.3078515624999993
S98_01798,Ni_num,HistGradientBoosting,5,4,1.2,2.61875,-1.41875,1.41875,2.0128515625
S98_01801,Ni_num,HistGradientBoosting,5,4,1.3,2.61875,-1.3187499999999999,1.3187499999999999,1.7391015624999997
S98_01803,Ni_num,HistGradientBoosting,5,4,2.0,2.61875,-0.6187499999999999,0.6187499999999999,0.3828515624999999
S98_01804,Ni_num,HistGradientBoosting,5,4,1.5,2.61875,-1.11875,1.11875,1.2516015624999999
S98_01820,Ni_num,HistGradientBoosting,5,4,5.5,2.61875,2.88125,2.88125,8.3016015625
S98_01828,Ni_num,HistGradientBoosting,5,4,3.5,2.61875,0.8812500000000001,0.8812500000000001,0.7766015625000001
S98_01788,Ni_num,HistGradientBoosting,5,5,1.4,2.59375,-1.19375,1.19375,1.4250390625000002
S98_01789,Ni_num,HistGradientBoosting,5,5,0.8,2.59375,-1.79375,1.79375,3.2175390624999998
S98_01800,Ni_num,HistGradientBoosting,5,5,2.4,2.59375,-0.1937500000000001,0.1937500000000001,0.03753906250000003
S98_01809,Ni_num,HistGradientBoosting,5,5,1.1,2.59375,-1.49375,1.49375,2.2312890624999997
S98_01817,Ni_num,HistGradientBoosting,5,5,1.5,2.59375,-1.09375,1.09375,1.1962890625
S98_01819,Ni_num,HistGradientBoosting,5,5,3.5,2.59375,0.90625,0.90625,0.8212890625
S98_01821,Ni_num,HistGradientBoosting,5,5,4.7,2.59375,2.10625,2.10625,4.436289062500001
S98_01834,Ni_num,HistGradientBoosting,5,5,2.2,2.59375,-0.3937499999999998,0.3937499999999998,0.15503906249999985
