SAMPLE_ID,target,model,repeat,outer_fold,true_value,predicted_value,residual,absolute_error,squared_error
S98_01791,Cd_num,Dummy_Median,1,1,0.12,0.07500000000000001,0.044999999999999984,0.044999999999999984,0.0020249999999999986
S98_01799,Cd_num,Dummy_Median,1,1,0.06,0.07500000000000001,-0.015000000000000013,0.015000000000000013,0.0002250000000000004
S98_01802,Cd_num,Dummy_Median,1,1,0.2,0.07500000000000001,0.125,0.125,0.015625
S98_01803,Cd_num,Dummy_Median,1,1,0.08,0.07500000000000001,0.0049999999999999906,0.0049999999999999906,2.4999999999999906e-05
S98_01806,Cd_num,Dummy_Median,1,1,0.05,0.07500000000000001,-0.02500000000000001,0.02500000000000001,0.0006250000000000004
S98_01815,Cd_num,Dummy_Median,1,1,0.03,0.07500000000000001,-0.04500000000000001,0.04500000000000001,0.002025000000000001
S98_01817,Cd_num,Dummy_Median,1,1,0.01,0.07500000000000001,-0.06500000000000002,0.06500000000000002,0.004225000000000002
S98_01827,Cd_num,Dummy_Median,1,1,0.07,0.07500000000000001,-0.0050000000000000044,0.0050000000000000044,2.5000000000000045e-05
S98_01793,Cd_num,Dummy_Median,1,2,0.16,0.07500000000000001,0.08499999999999999,0.08499999999999999,0.007224999999999999
S98_01795,Cd_num,Dummy_Median,1,2,0.08,0.07500000000000001,0.0049999999999999906,0.0049999999999999906,2.4999999999999906e-05
S98_01796,Cd_num,Dummy_Median,1,2,0.06,0.07500000000000001,-0.015000000000000013,0.015000000000000013,0.0002250000000000004
S98_01800,Cd_num,Dummy_Median,1,2,0.15,0.07500000000000001,0.07499999999999998,0.07499999999999998,0.005624999999999997
S98_01813,Cd_num,Dummy_Median,1,2,0.01,0.07500000000000001,-0.06500000000000002,0.06500000000000002,0.004225000000000002
S98_01821,Cd_num,Dummy_Median,1,2,0.03,0.07500000000000001,-0.04500000000000001,0.04500000000000001,0.002025000000000001
S98_01824,Cd_num,Dummy_Median,1,2,0.06,0.07500000000000001,-0.015000000000000013,0.015000000000000013,0.0002250000000000004
S98_01834,Cd_num,Dummy_Median,1,2,0.01,0.07500000000000001,-0.06500000000000002,0.06500000000000002,0.004225000000000002
S98_01785,Cd_num,Dummy_Median,1,3,0.28,0.065,0.21500000000000002,0.21500000000000002,0.04622500000000001
S98_01786,Cd_num,Dummy_Median,1,3,0.19,0.065,0.125,0.125,0.015625
S98_01792,Cd_num,Dummy_Median,1,3,0.66,0.065,0.595,0.595,0.354025
S98_01798,Cd_num,Dummy_Median,1,3,0.39,0.065,0.325,0.325,0.10562500000000001
S98_01804,Cd_num,Dummy_Median,1,3,0.07,0.065,0.0050000000000000044,0.0050000000000000044,2.5000000000000045e-05
S98_01811,Cd_num,Dummy_Median,1,3,0.05,0.065,-0.015,0.015,0.000225
S98_01819,Cd_num,Dummy_Median,1,3,0.02,0.065,-0.045,0.045,0.002025
S98_01823,Cd_num,Dummy_Median,1,3,0.06,0.065,-0.0050000000000000044,0.0050000000000000044,2.5000000000000045e-05
S98_01788,Cd_num,Dummy_Median,1,4,0.27,0.07,0.2,0.2,0.04000000000000001
S98_01789,Cd_num,Dummy_Median,1,4,0.12,0.07,0.04999999999999999,0.04999999999999999,0.0024999999999999988
S98_01808,Cd_num,Dummy_Median,1,4,0.11,0.07,0.039999999999999994,0.039999999999999994,0.0015999999999999994
S98_01810,Cd_num,Dummy_Median,1,4,0.01,0.07,-0.060000000000000005,0.060000000000000005,0.0036000000000000008
S98_01820,Cd_num,Dummy_Median,1,4,0.03,0.07,-0.04000000000000001,0.04000000000000001,0.0016000000000000007
S98_01822,Cd_num,Dummy_Median,1,4,0.11,0.07,0.039999999999999994,0.039999999999999994,0.0015999999999999994
S98_01825,Cd_num,Dummy_Median,1,4,0.03,0.07,-0.04000000000000001,0.04000000000000001,0.0016000000000000007
S98_01826,Cd_num,Dummy_Median,1,4,0.02,0.07,-0.05,0.05,0.0025000000000000005
S98_01794,Cd_num,Dummy_Median,1,5,0.14,0.065,0.07500000000000001,0.07500000000000001,0.0056250000000000015
S98_01797,Cd_num,Dummy_Median,1,5,0.02,0.065,-0.045,0.045,0.002025
S98_01801,Cd_num,Dummy_Median,1,5,0.09,0.065,0.024999999999999994,0.024999999999999994,0.0006249999999999997
S98_01805,Cd_num,Dummy_Median,1,5,0.01,0.065,-0.055,0.055,0.003025
S98_01807,Cd_num,Dummy_Median,1,5,0.16,0.065,0.095,0.095,0.009025
S98_01809,Cd_num,Dummy_Median,1,5,0.08,0.065,0.015,0.015,0.000225
S98_01818,Cd_num,Dummy_Median,1,5,0.01,0.065,-0.055,0.055,0.003025
S98_01828,Cd_num,Dummy_Median,1,5,0.09,0.065,0.024999999999999994,0.024999999999999994,0.0006249999999999997
S98_01785,Cd_num,Dummy_Median,2,1,0.28,0.07500000000000001,0.20500000000000002,0.20500000000000002,0.04202500000000001
S98_01788,Cd_num,Dummy_Median,2,1,0.27,0.07500000000000001,0.195,0.195,0.038025
S98_01795,Cd_num,Dummy_Median,2,1,0.08,0.07500000000000001,0.0049999999999999906,0.0049999999999999906,2.4999999999999906e-05
S98_01805,Cd_num,Dummy_Median,2,1,0.01,0.07500000000000001,-0.06500000000000002,0.06500000000000002,0.004225000000000002
S98_01806,Cd_num,Dummy_Median,2,1,0.05,0.07500000000000001,-0.02500000000000001,0.02500000000000001,0.0006250000000000004
S98_01811,Cd_num,Dummy_Median,2,1,0.05,0.07500000000000001,-0.02500000000000001,0.02500000000000001,0.0006250000000000004
S98_01825,Cd_num,Dummy_Median,2,1,0.03,0.07500000000000001,-0.04500000000000001,0.04500000000000001,0.002025000000000001
S98_01826,Cd_num,Dummy_Median,2,1,0.02,0.07500000000000001,-0.05500000000000001,0.05500000000000001,0.0030250000000000008
S98_01791,Cd_num,Dummy_Median,2,2,0.12,0.06,0.06,0.06,0.0036
S98_01793,Cd_num,Dummy_Median,2,2,0.16,0.06,0.1,0.1,0.010000000000000002
S98_01794,Cd_num,Dummy_Median,2,2,0.14,0.06,0.08000000000000002,0.08000000000000002,0.006400000000000003
S98_01796,Cd_num,Dummy_Median,2,2,0.06,0.06,0.0,0.0,0.0
S98_01799,Cd_num,Dummy_Median,2,2,0.06,0.06,0.0,0.0,0.0
S98_01802,Cd_num,Dummy_Median,2,2,0.2,0.06,0.14,0.14,0.019600000000000003
S98_01808,Cd_num,Dummy_Median,2,2,0.11,0.06,0.05,0.05,0.0025000000000000005
S98_01827,Cd_num,Dummy_Median,2,2,0.07,0.06,0.010000000000000009,0.010000000000000009,0.00010000000000000018
S98_01801,Cd_num,Dummy_Median,2,3,0.09,0.07500000000000001,0.014999999999999986,0.014999999999999986,0.00022499999999999956
S98_01803,Cd_num,Dummy_Median,2,3,0.08,0.07500000000000001,0.0049999999999999906,0.0049999999999999906,2.4999999999999906e-05
S98_01804,Cd_num,Dummy_Median,2,3,0.07,0.07500000000000001,-0.0050000000000000044,0.0050000000000000044,2.5000000000000045e-05
S98_01807,Cd_num,Dummy_Median,2,3,0.16,0.07500000000000001,0.08499999999999999,0.08499999999999999,0.007224999999999999
S98_01813,Cd_num,Dummy_Median,2,3,0.01,0.07500000000000001,-0.06500000000000002,0.06500000000000002,0.004225000000000002
S98_01820,Cd_num,Dummy_Median,2,3,0.03,0.07500000000000001,-0.04500000000000001,0.04500000000000001,0.002025000000000001
S98_01821,Cd_num,Dummy_Median,2,3,0.03,0.07500000000000001,-0.04500000000000001,0.04500000000000001,0.002025000000000001
S98_01823,Cd_num,Dummy_Median,2,3,0.06,0.07500000000000001,-0.015000000000000013,0.015000000000000013,0.0002250000000000004
S98_01786,Cd_num,Dummy_Median,2,4,0.19,0.07500000000000001,0.11499999999999999,0.11499999999999999,0.013224999999999997
S98_01789,Cd_num,Dummy_Median,2,4,0.12,0.07500000000000001,0.044999999999999984,0.044999999999999984,0.0020249999999999986
S98_01797,Cd_num,Dummy_Median,2,4,0.02,0.07500000000000001,-0.05500000000000001,0.05500000000000001,0.0030250000000000008
S98_01815,Cd_num,Dummy_Median,2,4,0.03,0.07500000000000001,-0.04500000000000001,0.04500000000000001,0.002025000000000001
S98_01817,Cd_num,Dummy_Median,2,4,0.01,0.07500000000000001,-0.06500000000000002,0.06500000000000002,0.004225000000000002
S98_01819,Cd_num,Dummy_Median,2,4,0.02,0.07500000000000001,-0.05500000000000001,0.05500000000000001,0.0030250000000000008
S98_01824,Cd_num,Dummy_Median,2,4,0.06,0.07500000000000001,-0.015000000000000013,0.015000000000000013,0.0002250000000000004
S98_01828,Cd_num,Dummy_Median,2,4,0.09,0.07500000000000001,0.014999999999999986,0.014999999999999986,0.00022499999999999956
S98_01792,Cd_num,Dummy_Median,2,5,0.66,0.065,0.595,0.595,0.354025
S98_01798,Cd_num,Dummy_Median,2,5,0.39,0.065,0.325,0.325,0.10562500000000001
S98_01800,Cd_num,Dummy_Median,2,5,0.15,0.065,0.08499999999999999,0.08499999999999999,0.007224999999999999
S98_01809,Cd_num,Dummy_Median,2,5,0.08,0.065,0.015,0.015,0.000225
S98_01810,Cd_num,Dummy_Median,2,5,0.01,0.065,-0.055,0.055,0.003025
S98_01818,Cd_num,Dummy_Median,2,5,0.01,0.065,-0.055,0.055,0.003025
S98_01822,Cd_num,Dummy_Median,2,5,0.11,0.065,0.045,0.045,0.002025
S98_01834,Cd_num,Dummy_Median,2,5,0.01,0.065,-0.055,0.055,0.003025
S98_01788,Cd_num,Dummy_Median,3,1,0.27,0.06,0.21000000000000002,0.21000000000000002,0.04410000000000001
S98_01792,Cd_num,Dummy_Median,3,1,0.66,0.06,0.6000000000000001,0.6000000000000001,0.3600000000000001
S98_01793,Cd_num,Dummy_Median,3,1,0.16,0.06,0.1,0.1,0.010000000000000002
S98_01803,Cd_num,Dummy_Median,3,1,0.08,0.06,0.020000000000000004,0.020000000000000004,0.0004000000000000002
S98_01807,Cd_num,Dummy_Median,3,1,0.16,0.06,0.1,0.1,0.010000000000000002
S98_01825,Cd_num,Dummy_Median,3,1,0.03,0.06,-0.03,0.03,0.0009
S98_01828,Cd_num,Dummy_Median,3,1,0.09,0.06,0.03,0.03,0.0009
S98_01834,Cd_num,Dummy_Median,3,1,0.01,0.06,-0.049999999999999996,0.049999999999999996,0.0024999999999999996
S98_01789,Cd_num,Dummy_Median,3,2,0.12,0.065,0.05499999999999999,0.05499999999999999,0.0030249999999999995
S98_01791,Cd_num,Dummy_Median,3,2,0.12,0.065,0.05499999999999999,0.05499999999999999,0.0030249999999999995
S98_01794,Cd_num,Dummy_Median,3,2,0.14,0.065,0.07500000000000001,0.07500000000000001,0.0056250000000000015
S98_01802,Cd_num,Dummy_Median,3,2,0.2,0.065,0.135,0.135,0.018225
S98_01809,Cd_num,Dummy_Median,3,2,0.08,0.065,0.015,0.015,0.000225
S98_01810,Cd_num,Dummy_Median,3,2,0.01,0.065,-0.055,0.055,0.003025
S98_01821,Cd_num,Dummy_Median,3,2,0.03,0.065,-0.035,0.035,0.0012250000000000002
S98_01824,Cd_num,Dummy_Median,3,2,0.06,0.065,-0.0050000000000000044,0.0050000000000000044,2.5000000000000045e-05
S98_01799,Cd_num,Dummy_Median,3,3,0.06,0.08,-0.020000000000000004,0.020000000000000004,0.0004000000000000002
S98_01800,Cd_num,Dummy_Median,3,3,0.15,0.08,0.06999999999999999,0.06999999999999999,0.004899999999999999
S98_01801,Cd_num,Dummy_Median,3,3,0.09,0.08,0.009999999999999995,0.009999999999999995,9.99999999999999e-05
S98_01813,Cd_num,Dummy_Median,3,3,0.01,0.08,-0.07,0.07,0.004900000000000001
S98_01815,Cd_num,Dummy_Median,3,3,0.03,0.08,-0.05,0.05,0.0025000000000000005
S98_01817,Cd_num,Dummy_Median,3,3,0.01,0.08,-0.07,0.07,0.004900000000000001
S98_01818,Cd_num,Dummy_Median,3,3,0.01,0.08,-0.07,0.07,0.004900000000000001
S98_01823,Cd_num,Dummy_Median,3,3,0.06,0.08,-0.020000000000000004,0.020000000000000004,0.0004000000000000002
S98_01785,Cd_num,Dummy_Median,3,4,0.28,0.065,0.21500000000000002,0.21500000000000002,0.04622500000000001
S98_01786,Cd_num,Dummy_Median,3,4,0.19,0.065,0.125,0.125,0.015625
S98_01795,Cd_num,Dummy_Median,3,4,0.08,0.065,0.015,0.015,0.000225
S98_01797,Cd_num,Dummy_Median,3,4,0.02,0.065,-0.045,0.045,0.002025
S98_01806,Cd_num,Dummy_Median,3,4,0.05,0.065,-0.015,0.015,0.000225
S98_01808,Cd_num,Dummy_Median,3,4,0.11,0.065,0.045,0.045,0.002025
S98_01822,Cd_num,Dummy_Median,3,4,0.11,0.065,0.045,0.045,0.002025
S98_01826,Cd_num,Dummy_Median,3,4,0.02,0.065,-0.045,0.045,0.002025
S98_01796,Cd_num,Dummy_Median,3,5,0.06,0.08,-0.020000000000000004,0.020000000000000004,0.0004000000000000002
S98_01798,Cd_num,Dummy_Median,3,5,0.39,0.08,0.31,0.31,0.0961
S98_01804,Cd_num,Dummy_Median,3,5,0.07,0.08,-0.009999999999999995,0.009999999999999995,9.99999999999999e-05
S98_01805,Cd_num,Dummy_Median,3,5,0.01,0.08,-0.07,0.07,0.004900000000000001
S98_01811,Cd_num,Dummy_Median,3,5,0.05,0.08,-0.03,0.03,0.0009
S98_01819,Cd_num,Dummy_Median,3,5,0.02,0.08,-0.06,0.06,0.0036
S98_01820,Cd_num,Dummy_Median,3,5,0.03,0.08,-0.05,0.05,0.0025000000000000005
S98_01827,Cd_num,Dummy_Median,3,5,0.07,0.08,-0.009999999999999995,0.009999999999999995,9.99999999999999e-05
S98_01791,Cd_num,Dummy_Median,4,1,0.12,0.065,0.05499999999999999,0.05499999999999999,0.0030249999999999995
S98_01801,Cd_num,Dummy_Median,4,1,0.09,0.065,0.024999999999999994,0.024999999999999994,0.0006249999999999997
S98_01804,Cd_num,Dummy_Median,4,1,0.07,0.065,0.0050000000000000044,0.0050000000000000044,2.5000000000000045e-05
S98_01807,Cd_num,Dummy_Median,4,1,0.16,0.065,0.095,0.095,0.009025
S98_01821,Cd_num,Dummy_Median,4,1,0.03,0.065,-0.035,0.035,0.0012250000000000002
S98_01823,Cd_num,Dummy_Median,4,1,0.06,0.065,-0.0050000000000000044,0.0050000000000000044,2.5000000000000045e-05
S98_01828,Cd_num,Dummy_Median,4,1,0.09,0.065,0.024999999999999994,0.024999999999999994,0.0006249999999999997
S98_01834,Cd_num,Dummy_Median,4,1,0.01,0.065,-0.055,0.055,0.003025
S98_01789,Cd_num,Dummy_Median,4,2,0.12,0.07500000000000001,0.044999999999999984,0.044999999999999984,0.0020249999999999986
S98_01793,Cd_num,Dummy_Median,4,2,0.16,0.07500000000000001,0.08499999999999999,0.08499999999999999,0.007224999999999999
S98_01796,Cd_num,Dummy_Median,4,2,0.06,0.07500000000000001,-0.015000000000000013,0.015000000000000013,0.0002250000000000004
S98_01798,Cd_num,Dummy_Median,4,2,0.39,0.07500000000000001,0.315,0.315,0.09922500000000001
S98_01805,Cd_num,Dummy_Median,4,2,0.01,0.07500000000000001,-0.06500000000000002,0.06500000000000002,0.004225000000000002
S98_01810,Cd_num,Dummy_Median,4,2,0.01,0.07500000000000001,-0.06500000000000002,0.06500000000000002,0.004225000000000002
S98_01824,Cd_num,Dummy_Median,4,2,0.06,0.07500000000000001,-0.015000000000000013,0.015000000000000013,0.0002250000000000004
S98_01825,Cd_num,Dummy_Median,4,2,0.03,0.07500000000000001,-0.04500000000000001,0.04500000000000001,0.002025000000000001
S98_01785,Cd_num,Dummy_Median,4,3,0.28,0.06,0.22000000000000003,0.22000000000000003,0.04840000000000001
S98_01786,Cd_num,Dummy_Median,4,3,0.19,0.06,0.13,0.13,0.016900000000000002
S98_01788,Cd_num,Dummy_Median,4,3,0.27,0.06,0.21000000000000002,0.21000000000000002,0.04410000000000001
S98_01809,Cd_num,Dummy_Median,4,3,0.08,0.06,0.020000000000000004,0.020000000000000004,0.0004000000000000002
S98_01813,Cd_num,Dummy_Median,4,3,0.01,0.06,-0.049999999999999996,0.049999999999999996,0.0024999999999999996
S98_01818,Cd_num,Dummy_Median,4,3,0.01,0.06,-0.049999999999999996,0.049999999999999996,0.0024999999999999996
S98_01822,Cd_num,Dummy_Median,4,3,0.11,0.06,0.05,0.05,0.0025000000000000005
S98_01827,Cd_num,Dummy_Median,4,3,0.07,0.06,0.010000000000000009,0.010000000000000009,0.00010000000000000018
S98_01795,Cd_num,Dummy_Median,4,4,0.08,0.07,0.009999999999999995,0.009999999999999995,9.99999999999999e-05
S98_01799,Cd_num,Dummy_Median,4,4,0.06,0.07,-0.010000000000000009,0.010000000000000009,0.00010000000000000018
S98_01800,Cd_num,Dummy_Median,4,4,0.15,0.07,0.07999999999999999,0.07999999999999999,0.006399999999999998
S98_01803,Cd_num,Dummy_Median,4,4,0.08,0.07,0.009999999999999995,0.009999999999999995,9.99999999999999e-05
S98_01808,Cd_num,Dummy_Median,4,4,0.11,0.07,0.039999999999999994,0.039999999999999994,0.0015999999999999994
S98_01817,Cd_num,Dummy_Median,4,4,0.01,0.07,-0.060000000000000005,0.060000000000000005,0.0036000000000000008
S98_01819,Cd_num,Dummy_Median,4,4,0.02,0.07,-0.05,0.05,0.0025000000000000005
S98_01826,Cd_num,Dummy_Median,4,4,0.02,0.07,-0.05,0.05,0.0025000000000000005
S98_01792,Cd_num,Dummy_Median,4,5,0.66,0.07500000000000001,0.585,0.585,0.34222499999999995
S98_01794,Cd_num,Dummy_Median,4,5,0.14,0.07500000000000001,0.065,0.065,0.0042250000000000005
S98_01797,Cd_num,Dummy_Median,4,5,0.02,0.07500000000000001,-0.05500000000000001,0.05500000000000001,0.0030250000000000008
S98_01802,Cd_num,Dummy_Median,4,5,0.2,0.07500000000000001,0.125,0.125,0.015625
S98_01806,Cd_num,Dummy_Median,4,5,0.05,0.07500000000000001,-0.02500000000000001,0.02500000000000001,0.0006250000000000004
S98_01811,Cd_num,Dummy_Median,4,5,0.05,0.07500000000000001,-0.02500000000000001,0.02500000000000001,0.0006250000000000004
S98_01815,Cd_num,Dummy_Median,4,5,0.03,0.07500000000000001,-0.04500000000000001,0.04500000000000001,0.002025000000000001
S98_01820,Cd_num,Dummy_Median,4,5,0.03,0.07500000000000001,-0.04500000000000001,0.04500000000000001,0.002025000000000001
S98_01793,Cd_num,Dummy_Median,5,1,0.16,0.07,0.09,0.09,0.0081
S98_01799,Cd_num,Dummy_Median,5,1,0.06,0.07,-0.010000000000000009,0.010000000000000009,0.00010000000000000018
S98_01802,Cd_num,Dummy_Median,5,1,0.2,0.07,0.13,0.13,0.016900000000000002
S98_01805,Cd_num,Dummy_Median,5,1,0.01,0.07,-0.060000000000000005,0.060000000000000005,0.0036000000000000008
S98_01808,Cd_num,Dummy_Median,5,1,0.11,0.07,0.039999999999999994,0.039999999999999994,0.0015999999999999994
S98_01811,Cd_num,Dummy_Median,5,1,0.05,0.07,-0.020000000000000004,0.020000000000000004,0.0004000000000000002
S98_01818,Cd_num,Dummy_Median,5,1,0.01,0.07,-0.060000000000000005,0.060000000000000005,0.0036000000000000008
S98_01822,Cd_num,Dummy_Median,5,1,0.11,0.07,0.039999999999999994,0.039999999999999994,0.0015999999999999994
S98_01785,Cd_num,Dummy_Median,5,2,0.28,0.08,0.2,0.2,0.04000000000000001
S98_01796,Cd_num,Dummy_Median,5,2,0.06,0.08,-0.020000000000000004,0.020000000000000004,0.0004000000000000002
S98_01807,Cd_num,Dummy_Median,5,2,0.16,0.08,0.08,0.08,0.0064
S98_01810,Cd_num,Dummy_Median,5,2,0.01,0.08,-0.07,0.07,0.004900000000000001
S98_01813,Cd_num,Dummy_Median,5,2,0.01,0.08,-0.07,0.07,0.004900000000000001
S98_01823,Cd_num,Dummy_Median,5,2,0.06,0.08,-0.020000000000000004,0.020000000000000004,0.0004000000000000002
S98_01825,Cd_num,Dummy_Median,5,2,0.03,0.08,-0.05,0.05,0.0025000000000000005
S98_01826,Cd_num,Dummy_Median,5,2,0.02,0.08,-0.06,0.06,0.0036
S98_01791,Cd_num,Dummy_Median,5,3,0.12,0.065,0.05499999999999999,0.05499999999999999,0.0030249999999999995
S98_01792,Cd_num,Dummy_Median,5,3,0.66,0.065,0.595,0.595,0.354025
S98_01794,Cd_num,Dummy_Median,5,3,0.14,0.065,0.07500000000000001,0.07500000000000001,0.0056250000000000015
S98_01795,Cd_num,Dummy_Median,5,3,0.08,0.065,0.015,0.015,0.000225
S98_01806,Cd_num,Dummy_Median,5,3,0.05,0.065,-0.015,0.015,0.000225
S98_01815,Cd_num,Dummy_Median,5,3,0.03,0.065,-0.035,0.035,0.0012250000000000002
S98_01824,Cd_num,Dummy_Median,5,3,0.06,0.065,-0.0050000000000000044,0.0050000000000000044,2.5000000000000045e-05
S98_01827,Cd_num,Dummy_Median,5,3,0.07,0.065,0.0050000000000000044,0.0050000000000000044,2.5000000000000045e-05
S98_01786,Cd_num,Dummy_Median,5,4,0.19,0.06,0.13,0.13,0.016900000000000002
S98_01797,Cd_num,Dummy_Median,5,4,0.02,0.06,-0.039999999999999994,0.039999999999999994,0.0015999999999999994
S98_01798,Cd_num,Dummy_Median,5,4,0.39,0.06,0.33,0.33,0.10890000000000001
S98_01801,Cd_num,Dummy_Median,5,4,0.09,0.06,0.03,0.03,0.0009
S98_01803,Cd_num,Dummy_Median,5,4,0.08,0.06,0.020000000000000004,0.020000000000000004,0.0004000000000000002
S98_01804,Cd_num,Dummy_Median,5,4,0.07,0.06,0.010000000000000009,0.010000000000000009,0.00010000000000000018
S98_01820,Cd_num,Dummy_Median,5,4,0.03,0.06,-0.03,0.03,0.0009
S98_01828,Cd_num,Dummy_Median,5,4,0.09,0.06,0.03,0.03,0.0009
S98_01788,Cd_num,Dummy_Median,5,5,0.27,0.07,0.2,0.2,0.04000000000000001
S98_01789,Cd_num,Dummy_Median,5,5,0.12,0.07,0.04999999999999999,0.04999999999999999,0.0024999999999999988
S98_01800,Cd_num,Dummy_Median,5,5,0.15,0.07,0.07999999999999999,0.07999999999999999,0.006399999999999998
S98_01809,Cd_num,Dummy_Median,5,5,0.08,0.07,0.009999999999999995,0.009999999999999995,9.99999999999999e-05
S98_01817,Cd_num,Dummy_Median,5,5,0.01,0.07,-0.060000000000000005,0.060000000000000005,0.0036000000000000008
S98_01819,Cd_num,Dummy_Median,5,5,0.02,0.07,-0.05,0.05,0.0025000000000000005
S98_01821,Cd_num,Dummy_Median,5,5,0.03,0.07,-0.04000000000000001,0.04000000000000001,0.0016000000000000007
S98_01834,Cd_num,Dummy_Median,5,5,0.01,0.07,-0.060000000000000005,0.060000000000000005,0.0036000000000000008
S98_01791,Cd_num,LinearRegression,1,1,0.12,0.18452968259401192,-0.06452968259401193,0.06452968259401193,0.004164079935683926
S98_01799,Cd_num,LinearRegression,1,1,0.06,0.060784188888776125,-0.0007841888887761272,0.0007841888887761272,6.149522132799373e-07
S98_01802,Cd_num,LinearRegression,1,1,0.2,0.16847458339047358,0.03152541660952643,0.03152541660952643,0.0009938518924042048
S98_01803,Cd_num,LinearRegression,1,1,0.08,0.07375788309861253,0.0062421169013874706,0.0062421169013874706,3.896402341058712e-05
S98_01806,Cd_num,LinearRegression,1,1,0.05,0.12317266844511583,-0.07317266844511583,0.07317266844511583,0.00535423940737885
S98_01815,Cd_num,LinearRegression,1,1,0.03,-0.016363405326311156,0.046363405326311155,0.046363405326311155,0.0021495653534518177
S98_01817,Cd_num,LinearRegression,1,1,0.01,0.045197448327686046,-0.035197448327686044,0.035197448327686044,0.001238860368780129
S98_01827,Cd_num,LinearRegression,1,1,0.07,0.043219157635304095,0.02678084236469591,0.02678084236469591,0.0007172135177626913
S98_01793,Cd_num,LinearRegression,1,2,0.16,0.18660970903260943,-0.026609709032609424,0.026609709032609424,0.0007080766148001356
S98_01795,Cd_num,LinearRegression,1,2,0.08,0.1150083601440048,-0.035008360144004796,0.035008360144004796,0.0012255852799723434
S98_01796,Cd_num,LinearRegression,1,2,0.06,0.06359712564588219,-0.0035971256458821876,0.0035971256458821876,1.2939312912263345e-05
S98_01800,Cd_num,LinearRegression,1,2,0.15,0.19147280717927015,-0.041472807179270155,0.041472807179270155,0.001719993735328922
S98_01813,Cd_num,LinearRegression,1,2,0.01,0.048483379187882064,-0.03848337918788206,0.03848337918788206,0.0014809704737183142
S98_01821,Cd_num,LinearRegression,1,2,0.03,0.029963684774267918,3.63152257320809e-05,3.63152257320809e-05,1.318795619971991e-09
S98_01824,Cd_num,LinearRegression,1,2,0.06,0.06639191933985271,-0.006391919339852711,0.006391919339852711,4.085663284718312e-05
S98_01834,Cd_num,LinearRegression,1,2,0.01,0.046588155448029814,-0.03658815544802981,0.03658815544802981,0.0013386931190891935
S98_01785,Cd_num,LinearRegression,1,3,0.28,0.30919276364136694,-0.029192763641366914,0.029192763641366914,0.0008522174490207141
S98_01786,Cd_num,LinearRegression,1,3,0.19,0.07161270444110315,0.11838729555889685,0.11838729555889685,0.014015551749749597
S98_01792,Cd_num,LinearRegression,1,3,0.66,0.43044593572622686,0.22955406427377317,0.22955406427377317,0.05269506842460758
S98_01798,Cd_num,LinearRegression,1,3,0.39,0.3179626254971897,0.07203737450281034,0.07203737450281034,0.005189383325258149
S98_01804,Cd_num,LinearRegression,1,3,0.07,0.07383261810775102,-0.0038326181077510124,0.0038326181077510124,1.4688961559860951e-05
S98_01811,Cd_num,LinearRegression,1,3,0.05,0.049259734270697214,0.0007402657293027887,0.0007402657293027887,5.479933499801896e-07
S98_01819,Cd_num,LinearRegression,1,3,0.02,0.05532195764911943,-0.035321957649119426,0.035321957649119426,0.0012476406921661863
S98_01823,Cd_num,LinearRegression,1,3,0.06,0.06959363183795811,-0.009593631837958111,0.009593631837958111,9.203777184228353e-05
S98_01788,Cd_num,LinearRegression,1,4,0.27,0.18019758622498916,0.08980241377501086,0.08980241377501086,0.00806447351981826
S98_01789,Cd_num,LinearRegression,1,4,0.12,0.20436569177250402,-0.08436569177250403,0.08436569177250403,0.007117569948253154
S98_01808,Cd_num,LinearRegression,1,4,0.11,0.1700449447765997,-0.060044944776599704,0.060044944776599704,0.003605395393224908
S98_01810,Cd_num,LinearRegression,1,4,0.01,0.06973271280622344,-0.059732712806223436,0.059732712806223436,0.003567996979190769
S98_01820,Cd_num,LinearRegression,1,4,0.03,0.022124702448131153,0.007875297551868846,0.007875297551868846,6.202031153047143e-05
S98_01822,Cd_num,LinearRegression,1,4,0.11,0.03715833755046345,0.07284166244953655,0.07284166244953655,0.005305907788412223
S98_01825,Cd_num,LinearRegression,1,4,0.03,0.03850506351512434,-0.00850506351512434,0.00850506351512434,7.233610539629918e-05
S98_01826,Cd_num,LinearRegression,1,4,0.02,0.03541568216845817,-0.015415682168458168,0.015415682168458168,0.0002376432567189191
S98_01794,Cd_num,LinearRegression,1,5,0.14,0.0465748225711035,0.09342517742889651,0.09342517742889651,0.008728263777620794
S98_01797,Cd_num,LinearRegression,1,5,0.02,0.04893234987355173,-0.02893234987355173,0.02893234987355173,0.0008370808692056089
S98_01801,Cd_num,LinearRegression,1,5,0.09,0.0533737929209892,0.0366262070790108,0.0366262070790108,0.0013414790449945808
S98_01805,Cd_num,LinearRegression,1,5,0.01,0.04724911623657413,-0.03724911623657413,0.03724911623657413,0.0013874966604058103
S98_01807,Cd_num,LinearRegression,1,5,0.16,0.05074019917847336,0.10925980082152664,0.10925980082152664,0.011937704075559673
S98_01809,Cd_num,LinearRegression,1,5,0.08,0.05147305446192234,0.028526945538077664,0.028526945538077664,0.0008137866217324491
S98_01818,Cd_num,LinearRegression,1,5,0.01,0.02472605694488504,-0.014726056944885041,0.014726056944885041,0.00021685675314399695
S98_01828,Cd_num,LinearRegression,1,5,0.09,0.06082848978379641,0.029171510216203587,0.029171510216203587,0.0008509770082940702
S98_01785,Cd_num,LinearRegression,2,1,0.28,0.39711101290934414,-0.11711101290934411,0.11711101290934411,0.013714989344652564
S98_01788,Cd_num,LinearRegression,2,1,0.27,0.18580747418591725,0.08419252581408276,0.08419252581408276,0.007088381402954993
S98_01795,Cd_num,LinearRegression,2,1,0.08,0.11411766056739578,-0.03411766056739578,0.03411766056739578,0.0011640147625920328
S98_01805,Cd_num,LinearRegression,2,1,0.01,0.06450630902369084,-0.05450630902369084,0.05450630902369084,0.002970937723386081
S98_01806,Cd_num,LinearRegression,2,1,0.05,0.13334494167953326,-0.08334494167953325,0.08334494167953325,0.0069463793035648
S98_01811,Cd_num,LinearRegression,2,1,0.05,0.051960897789512545,-0.001960897789512542,0.001960897789512542,3.845120140915173e-06
S98_01825,Cd_num,LinearRegression,2,1,0.03,0.05900811894758038,-0.02900811894758038,0.02900811894758038,0.0008414709648769719
S98_01826,Cd_num,LinearRegression,2,1,0.02,0.034780354421084375,-0.014780354421084375,0.014780354421084375,0.00021845887681286842
S98_01791,Cd_num,LinearRegression,2,2,0.12,0.18445219524002338,-0.06445219524002338,0.06445219524002338,0.0041540854712580925
S98_01793,Cd_num,LinearRegression,2,2,0.16,0.1901941004765138,-0.030194100476513802,0.030194100476513802,0.000911683703585811
S98_01794,Cd_num,LinearRegression,2,2,0.14,0.051104699643935145,0.08889530035606487,0.08889530035606487,0.007902374425394987
S98_01796,Cd_num,LinearRegression,2,2,0.06,0.05370161318822826,0.006298386811771736,0.006298386811771736,3.966967643070014e-05
S98_01799,Cd_num,LinearRegression,2,2,0.06,0.05102794038249155,0.008972059617508445,0.008972059617508445,8.049785378012578e-05
S98_01802,Cd_num,LinearRegression,2,2,0.2,0.1715944538632871,0.028405546136712923,0.028405546136712923,0.0008068750513249265
S98_01808,Cd_num,LinearRegression,2,2,0.11,0.178538861042479,-0.06853886104247901,0.06853886104247901,0.004697575473000247
S98_01827,Cd_num,LinearRegression,2,2,0.07,0.04664072176918915,0.023359278230810854,0.023359278230810854,0.0005456558794644338
S98_01801,Cd_num,LinearRegression,2,3,0.09,0.05420462472075437,0.035795375279245624,0.035795375279245624,0.0012813088913820288
S98_01803,Cd_num,LinearRegression,2,3,0.08,0.060492320388162095,0.019507679611837907,0.019507679611837907,0.0003805495638381163
S98_01804,Cd_num,LinearRegression,2,3,0.07,0.06417481974695508,0.0058251802530449315,0.0058251802530449315,3.393272498046461e-05
S98_01807,Cd_num,LinearRegression,2,3,0.16,0.05348103238135504,0.10651896761864496,0.10651896761864496,0.011346290462541934
S98_01813,Cd_num,LinearRegression,2,3,0.01,0.04117923622294402,-0.031179236222944016,0.031179236222944016,0.0009721447714461443
S98_01820,Cd_num,LinearRegression,2,3,0.03,0.026258731148794026,0.0037412688512059727,0.0037412688512059727,1.3997092617004059e-05
S98_01821,Cd_num,LinearRegression,2,3,0.03,0.03020950339793345,-0.00020950339793344985,0.00020950339793344985,4.389167374566144e-08
S98_01823,Cd_num,LinearRegression,2,3,0.06,0.053413583388404524,0.006586416611595473,0.006586416611595473,4.33808837815008e-05
S98_01786,Cd_num,LinearRegression,2,4,0.19,0.06588283621319357,0.12411716378680643,0.12411716378680643,0.015405070346480932
S98_01789,Cd_num,LinearRegression,2,4,0.12,0.233196254835444,-0.11319625483544402,0.11319625483544402,0.012813392108770782
S98_01797,Cd_num,LinearRegression,2,4,0.02,0.06972868763616737,-0.04972868763616736,0.04972868763616736,0.002472942374015505
S98_01815,Cd_num,LinearRegression,2,4,0.03,0.021189776105596664,0.008810223894403335,0.008810223894403335,7.762004506951547e-05
S98_01817,Cd_num,LinearRegression,2,4,0.01,0.04788340928920236,-0.037883409289202356,0.037883409289202356,0.0014351526993732235
S98_01819,Cd_num,LinearRegression,2,4,0.02,0.04359396121640789,-0.02359396121640789,0.02359396121640789,0.0005566750058813597
S98_01824,Cd_num,LinearRegression,2,4,0.06,0.05933406568024406,0.000665934319755937,0.000665934319755937,4.434685182288025e-07
S98_01828,Cd_num,LinearRegression,2,4,0.09,0.0616674349052297,0.0283325650947703,0.0283325650947703,0.0008027342448493963
S98_01792,Cd_num,LinearRegression,2,5,0.66,0.3945567989298975,0.26544320107010255,0.26544320107010255,0.07046009299434289
S98_01798,Cd_num,LinearRegression,2,5,0.39,0.29744458566079895,0.09255541433920106,0.09255541433920106,0.008566504723501185
S98_01800,Cd_num,LinearRegression,2,5,0.15,0.16380053327189115,-0.013800533271891152,0.013800533271891152,0.00019045471858857471
S98_01809,Cd_num,LinearRegression,2,5,0.08,0.08101242330221747,-0.0010124233022174717,0.0010124233022174717,1.02500094287293e-06
S98_01810,Cd_num,LinearRegression,2,5,0.01,0.08822331509662608,-0.07822331509662608,0.07822331509662608,0.0061188870247060505
S98_01818,Cd_num,LinearRegression,2,5,0.01,0.014338602925974095,-0.004338602925974095,0.004338602925974095,1.8823475349270975e-05
S98_01822,Cd_num,LinearRegression,2,5,0.11,0.040182628458094255,0.06981737154190575,0.06981737154190575,0.00487446536902051
S98_01834,Cd_num,LinearRegression,2,5,0.01,0.039442261598486156,-0.029442261598486154,0.029442261598486154,0.0008668467680336924
S98_01788,Cd_num,LinearRegression,3,1,0.27,0.15340296966689754,0.11659703033310248,0.11659703033310248,0.01359486748249842
S98_01792,Cd_num,LinearRegression,3,1,0.66,0.44265980189018383,0.2173401981098162,0.2173401981098162,0.047236761714414155
S98_01793,Cd_num,LinearRegression,3,1,0.16,0.14955203585944954,0.010447964140550464,0.010447964140550464,0.0001091599546822284
S98_01803,Cd_num,LinearRegression,3,1,0.08,0.06683223557052091,0.01316776442947909,0.01316776442947909,0.00017339002007025478
S98_01807,Cd_num,LinearRegression,3,1,0.16,0.06309509000031649,0.09690490999968351,0.09690490999968351,0.009390561582046762
S98_01825,Cd_num,LinearRegression,3,1,0.03,0.04462311639729482,-0.01462311639729482,0.01462311639729482,0.00021383553316883265
S98_01828,Cd_num,LinearRegression,3,1,0.09,0.063671029157027,0.02632897084297299,0.02632897084297299,0.0006932147056501218
S98_01834,Cd_num,LinearRegression,3,1,0.01,0.03652281704406658,-0.02652281704406658,0.02652281704406658,0.0007034598239530288
S98_01789,Cd_num,LinearRegression,3,2,0.12,0.23977724616625823,-0.11977724616625823,0.11977724616625823,0.014346588699172423
S98_01791,Cd_num,LinearRegression,3,2,0.12,0.20164452431912813,-0.08164452431912814,0.08164452431912814,0.006665828351296706
S98_01794,Cd_num,LinearRegression,3,2,0.14,0.05879126149992686,0.08120873850007315,0.08120873850007315,0.006594859208773263
S98_01802,Cd_num,LinearRegression,3,2,0.2,0.16097893534554134,0.039021064654458676,0.039021064654458676,0.0015226434867674442
S98_01809,Cd_num,LinearRegression,3,2,0.08,0.06050432886519161,0.019495671134808393,0.019495671134808393,0.00038008119299660117
S98_01810,Cd_num,LinearRegression,3,2,0.01,0.06234802996722247,-0.052348029967222466,0.052348029967222466,0.0027403162414492213
S98_01821,Cd_num,LinearRegression,3,2,0.03,0.01713727242975506,0.012862727570244939,0.012862727570244939,0.00016544976054633928
S98_01824,Cd_num,LinearRegression,3,2,0.06,0.06262151804412006,-0.002621518044120058,0.002621518044120058,6.872356855647055e-06
S98_01799,Cd_num,LinearRegression,3,3,0.06,0.058320737803727186,0.0016792621962728113,0.0016792621962728113,2.819921523830986e-06
S98_01800,Cd_num,LinearRegression,3,3,0.15,0.19510472898982986,-0.04510472898982987,0.04510472898982987,0.002034436577245999
S98_01801,Cd_num,LinearRegression,3,3,0.09,0.07154060925003872,0.01845939074996128,0.01845939074996128,0.00034074910685975607
S98_01813,Cd_num,LinearRegression,3,3,0.01,0.03977378343284091,-0.029773783432840907,0.029773783432840907,0.0008864781799057116
S98_01815,Cd_num,LinearRegression,3,3,0.03,-0.009667257031943696,0.039667257031943695,0.039667257031943695,0.0015734912804382865
S98_01817,Cd_num,LinearRegression,3,3,0.01,0.044905842500739576,-0.034905842500739574,0.034905842500739574,0.0012184178406864372
S98_01818,Cd_num,LinearRegression,3,3,0.01,0.018392180023526855,-0.008392180023526855,0.008392180023526855,7.04286855472832e-05
S98_01823,Cd_num,LinearRegression,3,3,0.06,0.0667450279844628,-0.006745027984462804,0.006745027984462804,4.549540251118635e-05
S98_01785,Cd_num,LinearRegression,3,4,0.28,0.4125089405036258,-0.13250894050362577,0.13250894050362577,0.017558619313393434
S98_01786,Cd_num,LinearRegression,3,4,0.19,0.060079965286009875,0.12992003471399013,0.12992003471399013,0.0168792154200844
S98_01795,Cd_num,LinearRegression,3,4,0.08,0.11034694312155591,-0.030346943121555905,0.030346943121555905,0.0009209369568229492
S98_01797,Cd_num,LinearRegression,3,4,0.02,0.048014995807783435,-0.028014995807783435,0.028014995807783435,0.0007848399901101234
S98_01806,Cd_num,LinearRegression,3,4,0.05,0.13217937319155834,-0.08217937319155834,0.08217937319155834,0.006753449378157418
S98_01808,Cd_num,LinearRegression,3,4,0.11,0.199180670920746,-0.08918067092074601,0.08918067092074601,0.007953192065874392
S98_01822,Cd_num,LinearRegression,3,4,0.11,0.03667472307834964,0.07332527692165036,0.07332527692165036,0.0053765962356367115
S98_01826,Cd_num,LinearRegression,3,4,0.02,0.030513853887969872,-0.010513853887969871,0.010513853887969871,0.00011054112357757918
S98_01796,Cd_num,LinearRegression,3,5,0.06,0.05878311195676626,0.0012168880432337353,0.0012168880432337353,1.4808165097652294e-06
S98_01798,Cd_num,LinearRegression,3,5,0.39,0.39250252685873593,-0.0025025268587359206,0.0025025268587359206,6.262640678694674e-06
S98_01804,Cd_num,LinearRegression,3,5,0.07,0.07077704097455113,-0.000777040974551127,0.000777040974551127,6.037926761313651e-07
S98_01805,Cd_num,LinearRegression,3,5,0.01,0.05893643564175727,-0.048936435641757266,0.048936435641757266,0.0023947747333198507
S98_01811,Cd_num,LinearRegression,3,5,0.05,0.05565879413816274,-0.00565879413816274,0.00565879413816274,3.202195109810499e-05
S98_01819,Cd_num,LinearRegression,3,5,0.02,0.04425699822913984,-0.024256998229139837,0.024256998229139837,0.0005884019630884932
S98_01820,Cd_num,LinearRegression,3,5,0.03,0.025316890112753107,0.004683109887246892,0.004683109887246892,2.1931518216029594e-05
S98_01827,Cd_num,LinearRegression,3,5,0.07,0.04573192955788505,0.02426807044211496,0.02426807044211496,0.0005889392429834537
S98_01791,Cd_num,LinearRegression,4,1,0.12,0.18892970983362917,-0.06892970983362917,0.06892970983362917,0.0047513048977483145
S98_01801,Cd_num,LinearRegression,4,1,0.09,0.05642585898109306,0.03357414101890693,0.03357414101890693,0.001127222945157449
S98_01804,Cd_num,LinearRegression,4,1,0.07,0.06127361117314291,0.008726388826857098,0.008726388826857098,7.61498619574964e-05
S98_01807,Cd_num,LinearRegression,4,1,0.16,0.05442460970243778,0.10557539029756222,0.10557539029756222,0.011146163036482594
S98_01821,Cd_num,LinearRegression,4,1,0.03,0.019325196926326144,0.010674803073673855,0.010674803073673855,0.00011395142066171678
S98_01823,Cd_num,LinearRegression,4,1,0.06,0.054581151184880834,0.0054188488151191636,0.0054188488151191636,2.9363922481118362e-05
S98_01828,Cd_num,LinearRegression,4,1,0.09,0.05622591848903686,0.03377408151096314,0.03377408151096314,0.001140688581909182
S98_01834,Cd_num,LinearRegression,4,1,0.01,0.045258046994134854,-0.03525804699413485,0.03525804699413485,0.0012431298778406217
S98_01789,Cd_num,LinearRegression,4,2,0.12,0.2209251555288536,-0.10092515552885362,0.10092515552885362,0.010185887018523292
S98_01793,Cd_num,LinearRegression,4,2,0.16,0.18347926721261754,-0.023479267212617533,0.023479267212617533,0.0005512759888414967
S98_01796,Cd_num,LinearRegression,4,2,0.06,0.06927998373502897,-0.009279983735028974,0.009279983735028974,8.61180981224023e-05
S98_01798,Cd_num,LinearRegression,4,2,0.39,0.4019935161593961,-0.01199351615939609,0.01199351615939609,0.0001438444298656951
S98_01805,Cd_num,LinearRegression,4,2,0.01,0.06336990750930421,-0.05336990750930421,0.05336990750930421,0.002848347027551686
S98_01810,Cd_num,LinearRegression,4,2,0.01,0.07661043092425394,-0.06661043092425395,0.06661043092425395,0.0044369495079148065
S98_01824,Cd_num,LinearRegression,4,2,0.06,0.07034487019959301,-0.010344870199593015,0.010344870199593015,0.00010701633944642762
S98_01825,Cd_num,LinearRegression,4,2,0.03,0.03270052713064038,-0.0027005271306403816,0.0027005271306403816,7.292846783324773e-06
S98_01785,Cd_num,LinearRegression,4,3,0.28,0.3828760724118415,-0.10287607241184149,0.10287607241184149,0.010583486274886453
S98_01786,Cd_num,LinearRegression,4,3,0.19,0.04762942135039318,0.14237057864960684,0.14237057864960684,0.020269381665023886
S98_01788,Cd_num,LinearRegression,4,3,0.27,0.17170184625926724,0.09829815374073278,0.09829815374073278,0.009662527028836737
S98_01809,Cd_num,LinearRegression,4,3,0.08,0.052975306466722195,0.027024693533277806,0.027024693533277806,0.0007303340605675873
S98_01813,Cd_num,LinearRegression,4,3,0.01,0.03581623483021466,-0.02581623483021466,0.02581623483021466,0.0006664779808087886
S98_01818,Cd_num,LinearRegression,4,3,0.01,0.015981721464240067,-0.005981721464240067,0.005981721464240067,3.578099167575033e-05
S98_01822,Cd_num,LinearRegression,4,3,0.11,0.03003702620540495,0.07996297379459505,0.07996297379459505,0.006394077178075094
S98_01827,Cd_num,LinearRegression,4,3,0.07,0.041636091611143206,0.0283639083888568,0.0283639083888568,0.0008045112990914612
S98_01795,Cd_num,LinearRegression,4,4,0.08,0.11396046107445118,-0.03396046107445118,0.03396046107445118,0.0011533129163893137
S98_01799,Cd_num,LinearRegression,4,4,0.06,0.0574672347333188,0.0025327652666811973,0.0025327652666811973,6.414899896106676e-06
S98_01800,Cd_num,LinearRegression,4,4,0.15,0.19566947946630478,-0.045669479466304785,0.045669479466304785,0.0020857013547232344
S98_01803,Cd_num,LinearRegression,4,4,0.08,0.07227502817207976,0.007724971827920243,0.007724971827920243,5.967518974216143e-05
S98_01808,Cd_num,LinearRegression,4,4,0.11,0.1806197092777847,-0.0706197092777847,0.0706197092777847,0.00498714333847883
S98_01817,Cd_num,LinearRegression,4,4,0.01,0.04901071824254363,-0.03901071824254363,0.03901071824254363,0.0015218361377991264
S98_01819,Cd_num,LinearRegression,4,4,0.02,0.05278077223229151,-0.032780772232291505,0.032780772232291505,0.0010745790281453738
S98_01826,Cd_num,LinearRegression,4,4,0.02,0.041906244398241116,-0.021906244398241115,0.021906244398241115,0.00047988354363547026
S98_01792,Cd_num,LinearRegression,4,5,0.66,0.4154532113624578,0.24454678863754226,0.24454678863754226,0.059803131832934765
S98_01794,Cd_num,LinearRegression,4,5,0.14,0.06945008978836585,0.07054991021163416,0.07054991021163416,0.004977289830869642
S98_01797,Cd_num,LinearRegression,4,5,0.02,0.09027580934529553,-0.07027580934529552,0.07027580934529552,0.004938689379136325
S98_01802,Cd_num,LinearRegression,4,5,0.2,0.14685630022739082,0.05314369977260919,0.05314369977260919,0.002824252825521222
S98_01806,Cd_num,LinearRegression,4,5,0.05,0.12885884349372181,-0.07885884349372181,0.07885884349372181,0.006218717197167311
S98_01811,Cd_num,LinearRegression,4,5,0.05,0.035340857241985296,0.014659142758014707,0.014659142758014707,0.00021489046639985501
S98_01815,Cd_num,LinearRegression,4,5,0.03,-0.09110739293144451,0.12110739293144451,0.12110739293144451,0.014667000622651296
S98_01820,Cd_num,LinearRegression,4,5,0.03,0.0209416099475751,0.009058390052424897,0.009058390052424897,8.205443034187033e-05
S98_01793,Cd_num,LinearRegression,5,1,0.16,0.1971315596585237,-0.03713155965852369,0.03713155965852369,0.0013787527226745038
S98_01799,Cd_num,LinearRegression,5,1,0.06,0.052314160108706285,0.007685839891293712,0.007685839891293712,5.907213483460174e-05
S98_01802,Cd_num,LinearRegression,5,1,0.2,0.17391428199981754,0.026085718000182473,0.026085718000182473,0.0006804646835850439
S98_01805,Cd_num,LinearRegression,5,1,0.01,0.06094531521851867,-0.050945315218518666,0.050945315218518666,0.0025954251427142295
S98_01808,Cd_num,LinearRegression,5,1,0.11,0.18044643193529197,-0.07044643193529197,0.07044643193529197,0.004962699772413725
S98_01811,Cd_num,LinearRegression,5,1,0.05,0.05936676716591604,-0.009366767165916036,0.009366767165916036,8.773632714048273e-05
S98_01818,Cd_num,LinearRegression,5,1,0.01,0.01585738094348993,-0.005857380943489929,0.005857380943489929,3.430891151715897e-05
S98_01822,Cd_num,LinearRegression,5,1,0.11,0.03602878745647618,0.07397121254352382,0.07397121254352382,0.005471740285159175
S98_01785,Cd_num,LinearRegression,5,2,0.28,0.3934849850655267,-0.11348498506552668,0.11348498506552668,0.012878841835322813
S98_01796,Cd_num,LinearRegression,5,2,0.06,0.05415329713471271,0.0058467028652872885,0.0058467028652872885,3.418393439495859e-05
S98_01807,Cd_num,LinearRegression,5,2,0.16,0.06435377380779811,0.0956462261922019,0.0956462261922019,0.009148200584809847
S98_01810,Cd_num,LinearRegression,5,2,0.01,0.07063167593892936,-0.060631675938929354,0.060631675938929354,0.0036762001271633447
S98_01813,Cd_num,LinearRegression,5,2,0.01,0.04195263611381564,-0.03195263611381564,0.03195263611381564,0.0010209709546219153
S98_01823,Cd_num,LinearRegression,5,2,0.06,0.06403147729215733,-0.004031477292157332,0.004031477292157332,1.625280915718021e-05
S98_01825,Cd_num,LinearRegression,5,2,0.03,0.04924056372797962,-0.019240563727979623,0.019240563727979623,0.0003701992925704451
S98_01826,Cd_num,LinearRegression,5,2,0.02,0.03363936314620289,-0.013639363146202888,0.013639363146202888,0.00018603222703399754
S98_01791,Cd_num,LinearRegression,5,3,0.12,0.15036066470914478,-0.03036066470914478,0.03036066470914478,0.0009217699615811092
S98_01792,Cd_num,LinearRegression,5,3,0.66,0.4451270644068255,0.21487293559317455,0.21487293559317455,0.04617037845042854
S98_01794,Cd_num,LinearRegression,5,3,0.14,0.06664585476150962,0.07335414523849039,0.07335414523849039,0.005380830623669543
S98_01795,Cd_num,LinearRegression,5,3,0.08,0.10852150303104646,-0.02852150303104646,0.02852150303104646,0.0008134761351499925
S98_01806,Cd_num,LinearRegression,5,3,0.05,0.12862138858519112,-0.07862138858519112,0.07862138858519112,0.0061813227430636206
S98_01815,Cd_num,LinearRegression,5,3,0.03,-0.06903153147514994,0.09903153147514994,0.09903153147514994,0.009807244226313613
S98_01824,Cd_num,LinearRegression,5,3,0.06,0.07509002714791382,-0.015090027147913826,0.015090027147913826,0.00022770891932477627
S98_01827,Cd_num,LinearRegression,5,3,0.07,0.05159896798784132,0.01840103201215869,0.01840103201215869,0.00033859797911248884
S98_01786,Cd_num,LinearRegression,5,4,0.19,0.05011135362179042,0.13988864637820958,0.13988864637820958,0.019568833385527767
S98_01797,Cd_num,LinearRegression,5,4,0.02,0.04220344845858995,-0.022203448458589948,0.022203448458589948,0.0004929931234532604
S98_01798,Cd_num,LinearRegression,5,4,0.39,0.3926986997186986,-0.0026986997186985717,0.0026986997186985717,7.28298017170375e-06
S98_01801,Cd_num,LinearRegression,5,4,0.09,0.05015347557606173,0.03984652442393827,0.03984652442393827,0.001587745508667509
S98_01803,Cd_num,LinearRegression,5,4,0.08,0.05834900662709342,0.02165099337290658,0.02165099337290658,0.0004687655140336447
S98_01804,Cd_num,LinearRegression,5,4,0.07,0.06129369850097604,0.008706301499023968,0.008706301499023968,7.579968579190698e-05
S98_01820,Cd_num,LinearRegression,5,4,0.03,0.021743314086856202,0.008256685913143796,0.008256685913143796,6.817286226830721e-05
S98_01828,Cd_num,LinearRegression,5,4,0.09,0.058914236023857786,0.03108576397614221,0.03108576397614221,0.0009663247219804208
S98_01788,Cd_num,LinearRegression,5,5,0.27,0.18845646331115634,0.08154353668884368,0.08154353668884368,0.006649348375724794
S98_01789,Cd_num,LinearRegression,5,5,0.12,0.24080982480809268,-0.12080982480809269,0.12080982480809269,0.014595013770162047
S98_01800,Cd_num,LinearRegression,5,5,0.15,0.20969098509726092,-0.059690985097260923,0.059690985097260923,0.0035630137018814257
S98_01809,Cd_num,LinearRegression,5,5,0.08,0.05698687309149064,0.02301312690850936,0.02301312690850936,0.0005296040101071575
S98_01817,Cd_num,LinearRegression,5,5,0.01,0.05136751006388366,-0.04136751006388366,0.04136751006388366,0.0017112708888855157
S98_01819,Cd_num,LinearRegression,5,5,0.02,0.049003742616960014,-0.029003742616960013,0.029003742616960013,0.0008412170857908625
S98_01821,Cd_num,LinearRegression,5,5,0.03,0.034125882627097384,-0.004125882627097385,0.004125882627097385,1.702290745258402e-05
S98_01834,Cd_num,LinearRegression,5,5,0.01,0.04834600213525736,-0.03834600213525736,0.03834600213525736,0.001470415879757162
S98_01791,Cd_num,Ridge,1,1,0.12,0.1844057967737236,-0.0644057967737236,0.0644057967737236,0.0041481066580581856
S98_01799,Cd_num,Ridge,1,1,0.06,0.06123381585232413,-0.001233815852324134,0.001233815852324134,1.5223015574463295e-06
S98_01802,Cd_num,Ridge,1,1,0.2,0.16805411613668167,0.03194588386331834,0.03194588386331834,0.0010205394958086233
S98_01803,Cd_num,Ridge,1,1,0.08,0.07391946500687474,0.006080534993125261,0.006080534993125261,3.697290580262082e-05
S98_01806,Cd_num,Ridge,1,1,0.05,0.12303304235982084,-0.07303304235982083,0.07303304235982083,0.005333825276331384
S98_01815,Cd_num,Ridge,1,1,0.03,-0.016487475249642863,0.04648747524964286,0.04648747524964286,0.0021610853550861576
S98_01817,Cd_num,Ridge,1,1,0.01,0.04519599793217549,-0.03519599793217549,0.03519599793217549,0.0012387582704417013
S98_01827,Cd_num,Ridge,1,1,0.07,0.043071090713370855,0.026928909286629152,0.026928909286629152,0.0007251661553675018
S98_01793,Cd_num,Ridge,1,2,0.16,0.18499370036235002,-0.02499370036235002,0.02499370036235002,0.0006246850578029354
S98_01795,Cd_num,Ridge,1,2,0.08,0.11510058618186601,-0.03510058618186601,0.03510058618186601,0.0012320511503106032
S98_01796,Cd_num,Ridge,1,2,0.06,0.06379416671367627,-0.0037941667136762725,0.0037941667136762725,1.4395701051169006e-05
S98_01800,Cd_num,Ridge,1,2,0.15,0.1921508587291097,-0.0421508587291097,0.0421508587291097,0.0017766948916013636
S98_01813,Cd_num,Ridge,1,2,0.01,0.04822614938440399,-0.03822614938440399,0.03822614938440399,0.0014612384967587694
S98_01821,Cd_num,Ridge,1,2,0.03,0.03058336696596624,-0.0005833669659662394,0.0005833669659662394,3.403170169806555e-07
S98_01824,Cd_num,Ridge,1,2,0.06,0.06656063441387296,-0.006560634413872959,0.006560634413872959,4.304192391249419e-05
S98_01834,Cd_num,Ridge,1,2,0.01,0.046429632078242175,-0.03642963207824217,0.03642963207824217,0.001327118093356091
S98_01785,Cd_num,Ridge,1,3,0.28,0.25663170674029767,0.023368293259702355,0.023368293259702355,0.0005460771298714506
S98_01786,Cd_num,Ridge,1,3,0.19,0.0765835558712074,0.1134164441287926,0.1134164441287926,0.012863289798819535
S98_01792,Cd_num,Ridge,1,3,0.66,0.34771396791996434,0.3122860320800357,0.3122860320800357,0.09752256583229309
S98_01798,Cd_num,Ridge,1,3,0.39,0.26301610320822433,0.12698389679177569,0.12698389679177569,0.01612491004442434
S98_01804,Cd_num,Ridge,1,3,0.07,0.0743950196058134,-0.0043950196058133995,0.0043950196058133995,1.9316197335484168e-05
S98_01811,Cd_num,Ridge,1,3,0.05,0.05631547616434847,-0.006315476164348466,0.006315476164348466,3.988523918245361e-05
S98_01819,Cd_num,Ridge,1,3,0.02,0.06012899342333355,-0.04012899342333355,0.04012899342333355,0.0016103361131699473
S98_01823,Cd_num,Ridge,1,3,0.06,0.07333425507543061,-0.01333425507543061,0.01333425507543061,0.00017780235841664696
S98_01788,Cd_num,Ridge,1,4,0.27,0.18150908952564934,0.08849091047435068,0.08849091047435068,0.007830641236579547
S98_01789,Cd_num,Ridge,1,4,0.12,0.21311918798324048,-0.09311918798324048,0.09311918798324048,0.008671183170658079
S98_01808,Cd_num,Ridge,1,4,0.11,0.1616993592299345,-0.0516993592299345,0.0516993592299345,0.0026728237447858137
S98_01810,Cd_num,Ridge,1,4,0.01,0.06722875655606315,-0.05722875655606315,0.05722875655606315,0.0032751305769531413
S98_01820,Cd_num,Ridge,1,4,0.03,0.0252789700415786,0.004721029958421399,0.004721029958421399,2.228812386831236e-05
S98_01822,Cd_num,Ridge,1,4,0.11,0.038943616792044555,0.07105638320795545,0.07105638320795545,0.005049009594595813
S98_01825,Cd_num,Ridge,1,4,0.03,0.03198404510557411,-0.0019840451055741087,0.0019840451055741087,3.936434980952576e-06
S98_01826,Cd_num,Ridge,1,4,0.02,0.03840559248616282,-0.01840559248616282,0.01840559248616282,0.00033876583476669326
S98_01794,Cd_num,Ridge,1,5,0.14,0.0470239884395308,0.09297601156046921,0.09297601156046921,0.008644538725692505
S98_01797,Cd_num,Ridge,1,5,0.02,0.049970701490872335,-0.029970701490872335,0.029970701490872335,0.0008982429478549772
S98_01801,Cd_num,Ridge,1,5,0.09,0.054091610820221035,0.03590838917977896,0.03590838917977896,0.0012894124134864668
S98_01805,Cd_num,Ridge,1,5,0.01,0.04742539181987422,-0.03742539181987422,0.03742539181987422,0.001400659952871108
S98_01807,Cd_num,Ridge,1,5,0.16,0.05097780306644824,0.10902219693355177,0.10902219693355177,0.011885839424218144
S98_01809,Cd_num,Ridge,1,5,0.08,0.051453202736101815,0.028546797263898187,0.028546797263898187,0.000814919634026105
S98_01818,Cd_num,Ridge,1,5,0.01,0.02505023439592663,-0.01505023439592663,0.01505023439592663,0.00022650955537233298
S98_01828,Cd_num,Ridge,1,5,0.09,0.061012955409311426,0.02898704459068857,0.02898704459068857,0.0008402487541025675
S98_01785,Cd_num,Ridge,2,1,0.28,0.3879620454784712,-0.10796204547847116,0.10796204547847116,0.011655803263895474
S98_01788,Cd_num,Ridge,2,1,0.27,0.1857470783829442,0.08425292161705583,0.08425292161705583,0.007098554801009754
S98_01795,Cd_num,Ridge,2,1,0.08,0.11483872055321498,-0.03483872055321498,0.03483872055321498,0.0012137364497850037
S98_01805,Cd_num,Ridge,2,1,0.01,0.06479327122318965,-0.054793271223189645,0.054793271223189645,0.0030023025713380226
S98_01806,Cd_num,Ridge,2,1,0.05,0.13086180712274426,-0.08086180712274425,0.08086180712274425,0.006538631851155894
S98_01811,Cd_num,Ridge,2,1,0.05,0.052099041653601366,-0.0020990416536013634,0.0020990416536013634,4.405975863553546e-06
S98_01825,Cd_num,Ridge,2,1,0.03,0.05397063436297889,-0.023970634362978895,0.023970634362978895,0.0005745913117636246
S98_01826,Cd_num,Ridge,2,1,0.02,0.037368217359567676,-0.017368217359567676,0.017368217359567676,0.000301654974249188
S98_01791,Cd_num,Ridge,2,2,0.12,0.1843669324009634,-0.06436693240096342,0.06436693240096342,0.004143101986710194
S98_01793,Cd_num,Ridge,2,2,0.16,0.18833214057533681,-0.02833214057533681,0.02833214057533681,0.0008027101895806465
S98_01794,Cd_num,Ridge,2,2,0.14,0.05148852956553618,0.08851147043446383,0.08851147043446383,0.007834280398470965
S98_01796,Cd_num,Ridge,2,2,0.06,0.054033095814594874,0.005966904185405124,0.005966904185405124,3.560394555780518e-05
S98_01799,Cd_num,Ridge,2,2,0.06,0.05173829682816927,0.008261703171830725,0.008261703171830725,6.825573929943787e-05
S98_01802,Cd_num,Ridge,2,2,0.2,0.17083612696335018,0.02916387303664983,0.02916387303664983,0.0008505314904978309
S98_01808,Cd_num,Ridge,2,2,0.11,0.17729976690781168,-0.06729976690781168,0.06729976690781168,0.0045292586258457845
S98_01827,Cd_num,Ridge,2,2,0.07,0.046162376248149874,0.023837623751850133,0.023837623751850133,0.0005682323061347697
S98_01801,Cd_num,Ridge,2,3,0.09,0.05484343139854847,0.03515656860145153,0.03515656860145153,0.0012359843158285674
S98_01803,Cd_num,Ridge,2,3,0.08,0.060725528878528,0.019274471121472,0.019274471121472,0.0003715052370124581
S98_01804,Cd_num,Ridge,2,3,0.07,0.064456675358551,0.005543324641449007,0.005543324641449007,3.0728448080495764e-05
S98_01807,Cd_num,Ridge,2,3,0.16,0.05368330864650357,0.10631669135349643,0.10631669135349643,0.011303238860354623
S98_01813,Cd_num,Ridge,2,3,0.01,0.041089218871545735,-0.031089218871545733,0.031089218871545733,0.0009665395300428754
S98_01820,Cd_num,Ridge,2,3,0.03,0.02675628819015885,0.003243711809841149,0.003243711809841149,1.0521666305302941e-05
S98_01821,Cd_num,Ridge,2,3,0.03,0.030732249335789816,-0.0007322493357898169,0.0007322493357898169,5.36189089764628e-07
S98_01823,Cd_num,Ridge,2,3,0.06,0.053692993346570884,0.006307006653429113,0.006307006653429113,3.977833292639911e-05
S98_01786,Cd_num,Ridge,2,4,0.19,0.0664477539798045,0.1235522460201955,0.1235522460201955,0.015265157496634915
S98_01789,Cd_num,Ridge,2,4,0.12,0.2337498283260268,-0.11374982832602681,0.11374982832602681,0.012939023444200571
S98_01797,Cd_num,Ridge,2,4,0.02,0.07067338931493114,-0.050673389314931136,0.050673389314931136,0.002567792384662577
S98_01815,Cd_num,Ridge,2,4,0.03,0.02086766689546371,0.009132333104536289,0.009132333104536289,8.339950793220941e-05
S98_01817,Cd_num,Ridge,2,4,0.01,0.0478748070691537,-0.0378748070691537,0.0378748070691537,0.001434501010525615
S98_01819,Cd_num,Ridge,2,4,0.02,0.04413541927567055,-0.02413541927567055,0.02413541927567055,0.0005825184636124096
S98_01824,Cd_num,Ridge,2,4,0.06,0.05964252754432246,0.00035747245567753494,0.00035747245567753494,1.277865565681272e-07
S98_01828,Cd_num,Ridge,2,4,0.09,0.061864386129806125,0.028135613870193872,0.028135613870193872,0.0007916127678526457
S98_01792,Cd_num,Ridge,2,5,0.66,0.32531644720807673,0.3346835527919233,0.3346835527919233,0.11201308050942411
S98_01798,Cd_num,Ridge,2,5,0.39,0.2525046347895525,0.13749536521044753,0.13749536521044753,0.018904975454354343
S98_01800,Cd_num,Ridge,2,5,0.15,0.15247694536424117,-0.002476945364241173,0.002476945364241173,6.135258337435838e-06
S98_01809,Cd_num,Ridge,2,5,0.08,0.08200336877847307,-0.002003368778473069,0.002003368778473069,4.013486462560677e-06
S98_01810,Cd_num,Ridge,2,5,0.01,0.08796164074362758,-0.07796164074362759,0.07796164074362759,0.006078017427438453
S98_01818,Cd_num,Ridge,2,5,0.01,0.027032589802253815,-0.017032589802253813,0.017032589802253813,0.0002901091153718406
S98_01822,Cd_num,Ridge,2,5,0.11,0.048822152938245975,0.061177847061754026,0.061177847061754026,0.0037427289711113657
S98_01834,Cd_num,Ridge,2,5,0.01,0.0464746050022672,-0.0364746050022672,0.0364746050022672,0.0013303968100714155
S98_01788,Cd_num,Ridge,3,1,0.27,0.15261611368301475,0.11738388631698526,0.11738388631698526,0.01377897676687892
S98_01792,Cd_num,Ridge,3,1,0.66,0.4297864601034059,0.23021353989659415,0.23021353989659415,0.05299827395172075
S98_01793,Cd_num,Ridge,3,1,0.16,0.14245291538974844,0.017547084610251562,0.017547084610251562,0.0003079001783193272
S98_01803,Cd_num,Ridge,3,1,0.08,0.06745810278278642,0.012541897217213577,0.012541897217213577,0.00015729918580714965
S98_01807,Cd_num,Ridge,3,1,0.16,0.06359389148240066,0.09640610851759934,0.09640610851759934,0.00929413775950714
S98_01825,Cd_num,Ridge,3,1,0.03,0.04263723353640088,-0.01263723353640088,0.01263723353640088,0.0001596996714535351
S98_01828,Cd_num,Ridge,3,1,0.09,0.06430604685512709,0.02569395314487291,0.02569395314487291,0.0006601792282109245
S98_01834,Cd_num,Ridge,3,1,0.01,0.03621943338635752,-0.026219433386357516,0.026219433386357516,0.0006874586871016391
S98_01789,Cd_num,Ridge,3,2,0.12,0.24015028950087552,-0.12015028950087553,0.12015028950087553,0.014436092067144201
S98_01791,Cd_num,Ridge,3,2,0.12,0.201476312394535,-0.08147631239453501,0.08147631239453501,0.00663838948141186
S98_01794,Cd_num,Ridge,3,2,0.14,0.05907258763693067,0.08092741236306934,0.08092741236306934,0.006549246071782268
S98_01802,Cd_num,Ridge,3,2,0.2,0.1606399515376364,0.0393600484623636,0.0393600484623636,0.0015492134149596112
S98_01809,Cd_num,Ridge,3,2,0.08,0.060397545970456976,0.019602454029543026,0.019602454029543026,0.0003842562039803476
S98_01810,Cd_num,Ridge,3,2,0.01,0.062199674069928074,-0.05219967406992807,0.05219967406992807,0.002724805973006721
S98_01821,Cd_num,Ridge,3,2,0.03,0.017564691882602068,0.01243530811739793,0.01243530811739793,0.00015463688797462286
S98_01824,Cd_num,Ridge,3,2,0.06,0.0628009039221183,-0.0028009039221183057,0.0028009039221183057,7.845062780937708e-06
S98_01799,Cd_num,Ridge,3,3,0.06,0.06307060376674495,-0.0030706037667449504,0.0030706037667449504,9.428607492348277e-06
S98_01800,Cd_num,Ridge,3,3,0.15,0.19957216746337894,-0.04957216746337895,0.04957216746337895,0.0024573997870172863
S98_01801,Cd_num,Ridge,3,3,0.09,0.07728770371665775,0.01271229628334225,0.01271229628334225,0.00016160247679547718
S98_01813,Cd_num,Ridge,3,3,0.01,0.03889452345107974,-0.02889452345107974,0.02889452345107974,0.0008348934854649972
S98_01815,Cd_num,Ridge,3,3,0.03,-0.011967649196832505,0.041967649196832504,0.041967649196832504,0.001761283579108396
S98_01817,Cd_num,Ridge,3,3,0.01,0.04504285842874288,-0.03504285842874288,0.03504285842874288,0.0012280019268569157
S98_01818,Cd_num,Ridge,3,3,0.01,0.020583103438428035,-0.010583103438428035,0.010583103438428035,0.0001120020783884673
S98_01823,Cd_num,Ridge,3,3,0.06,0.06931354765218495,-0.00931354765218495,0.00931354765218495,8.67421698695198e-05
S98_01785,Cd_num,Ridge,3,4,0.28,0.4020893280328316,-0.12208932803283157,0.12208932803283157,0.014905804019508351
S98_01786,Cd_num,Ridge,3,4,0.19,0.06537309898771418,0.12462690101228582,0.12462690101228582,0.01553186445592609
S98_01795,Cd_num,Ridge,3,4,0.08,0.11185932171732672,-0.03185932171732672,0.03185932171732672,0.0010150163802881262
S98_01797,Cd_num,Ridge,3,4,0.02,0.05777940492554963,-0.037779404925549626,0.037779404925549626,0.0014272834365286432
S98_01806,Cd_num,Ridge,3,4,0.05,0.12967624839369443,-0.07967624839369443,0.07967624839369443,0.0063483045580936944
S98_01808,Cd_num,Ridge,3,4,0.11,0.18949982243857574,-0.07949982243857574,0.07949982243857574,0.006320221767765071
S98_01822,Cd_num,Ridge,3,4,0.11,0.03865815857858511,0.07134184142141489,0.07134184142141489,0.005089658337398309
S98_01826,Cd_num,Ridge,3,4,0.02,0.033729596987133334,-0.013729596987133334,0.013729596987133334,0.0001885018334291007
S98_01796,Cd_num,Ridge,3,5,0.06,0.05900169318204037,0.000998306817959628,0.000998306817959628,9.966165027846778e-07
S98_01798,Cd_num,Ridge,3,5,0.39,0.39167352180526827,-0.0016735218052682521,0.0016735218052682521,2.8006752327083094e-06
S98_01804,Cd_num,Ridge,3,5,0.07,0.07094662487779572,-0.0009466248777957181,0.0009466248777957181,8.960986592617583e-07
S98_01805,Cd_num,Ridge,3,5,0.01,0.05902430567368348,-0.04902430567368348,0.04902430567368348,0.0024033825467867542
S98_01811,Cd_num,Ridge,3,5,0.05,0.05559164783039803,-0.005591647830398026,0.005591647830398026,3.1266525459194956e-05
S98_01819,Cd_num,Ridge,3,5,0.02,0.04467049215759057,-0.02467049215759057,0.02467049215759057,0.0006086331832977379
S98_01820,Cd_num,Ridge,3,5,0.03,0.02569990708795672,0.00430009291204328,0.00430009291204328,1.8490799052204853e-05
S98_01827,Cd_num,Ridge,3,5,0.07,0.04568818343040294,0.024311816569597064,0.024311816569597064,0.0005910644249137344
S98_01791,Cd_num,Ridge,4,1,0.12,0.18874985274520006,-0.06874985274520007,0.06874985274520007,0.004726542252486693
S98_01801,Cd_num,Ridge,4,1,0.09,0.05704356982753015,0.032956430172469846,0.032956430172469846,0.0010861262897128808
S98_01804,Cd_num,Ridge,4,1,0.07,0.06154789644484999,0.008452103555150019,0.008452103555150019,7.143805450697958e-05
S98_01807,Cd_num,Ridge,4,1,0.16,0.054624726508770385,0.10537527349122962,0.10537527349122962,0.01110394826335144
S98_01821,Cd_num,Ridge,4,1,0.03,0.0198447577807465,0.010155242219253499,0.010155242219253499,0.00010312894453170874
S98_01823,Cd_num,Ridge,4,1,0.06,0.05485473469698215,0.00514526530301785,0.00514526530301785,2.647375503843937e-05
S98_01828,Cd_num,Ridge,4,1,0.09,0.056466531718570974,0.03353346828142902,0.03353346828142902,0.0011244934949816063
S98_01834,Cd_num,Ridge,4,1,0.01,0.04519504175675121,-0.03519504175675121,0.03519504175675121,0.001238690964259461
S98_01789,Cd_num,Ridge,4,2,0.12,0.2217051441512852,-0.1017051441512852,0.1017051441512852,0.010343936346833702
S98_01793,Cd_num,Ridge,4,2,0.16,0.18206741414663308,-0.022067414146633074,0.022067414146633074,0.00048697076711902155
S98_01796,Cd_num,Ridge,4,2,0.06,0.06946061654488253,-0.009460616544882533,0.009460616544882533,8.950326540930512e-05
S98_01798,Cd_num,Ridge,4,2,0.39,0.4011786373600956,-0.011178637360095611,0.011178637360095611,0.00012496193322852537
S98_01805,Cd_num,Ridge,4,2,0.01,0.06330356920171887,-0.053303569201718866,0.053303569201718866,0.002841270489642432
S98_01810,Cd_num,Ridge,4,2,0.01,0.07621650221931918,-0.06621650221931918,0.06621650221931918,0.004384625166161103
S98_01824,Cd_num,Ridge,4,2,0.06,0.07043620437054256,-0.01043620437054256,0.01043620437054256,0.00010891436166373162
S98_01825,Cd_num,Ridge,4,2,0.03,0.032079372531790676,-0.002079372531790677,0.002079372531790677,4.32379012596557e-06
S98_01785,Cd_num,Ridge,4,3,0.28,0.3819710211495182,-0.10197102114951817,0.10197102114951817,0.010398089154275482
S98_01786,Cd_num,Ridge,4,3,0.19,0.048064213634425854,0.14193578636557413,0.14193578636557413,0.0201457674512139
S98_01788,Cd_num,Ridge,4,3,0.27,0.17173899152059352,0.0982610084794065,0.0982610084794065,0.009655225787389995
S98_01809,Cd_num,Ridge,4,3,0.08,0.052871582307529814,0.027128417692470187,0.027128417692470187,0.0007359510464971295
S98_01813,Cd_num,Ridge,4,3,0.01,0.035745194035648534,-0.025745194035648532,0.025745194035648532,0.0006628150159331928
S98_01818,Cd_num,Ridge,4,3,0.01,0.016323583217859636,-0.0063235832178596355,0.0063235832178596355,3.9987704713196023e-05
S98_01822,Cd_num,Ridge,4,3,0.11,0.030244576081356514,0.07975542391864349,0.07975542391864349,0.0063609276444425294
S98_01827,Cd_num,Ridge,4,3,0.07,0.04145491065518749,0.028545089344812515,0.028545089344812515,0.0008148221257033289
S98_01795,Cd_num,Ridge,4,4,0.08,0.1155247179439261,-0.0355247179439261,0.0355247179439261,0.001262005584995505
S98_01799,Cd_num,Ridge,4,4,0.06,0.06300229304261813,-0.0030022930426181343,0.0030022930426181343,9.013763513753255e-06
S98_01800,Cd_num,Ridge,4,4,0.15,0.20024260121846668,-0.05024260121846669,0.05024260121846669,0.00252431897719787
S98_01803,Cd_num,Ridge,4,4,0.08,0.07436944599203925,0.005630554007960753,0.005630554007960753,3.17031384365629e-05
S98_01808,Cd_num,Ridge,4,4,0.11,0.17343667124246792,-0.06343667124246792,0.06343667124246792,0.004024211258324957
S98_01817,Cd_num,Ridge,4,4,0.01,0.04959222599079087,-0.03959222599079087,0.03959222599079087,0.001567544358905856
S98_01819,Cd_num,Ridge,4,4,0.02,0.056822590769675864,-0.03682259076967587,0.03682259076967587,0.0013559031909910185
S98_01826,Cd_num,Ridge,4,4,0.02,0.044822164973953846,-0.024822164973953845,0.024822164973953845,0.0006161398739941811
S98_01792,Cd_num,Ridge,4,5,0.66,0.40579909382632773,0.2542009061736723,0.2542009061736723,0.06461810069951615
S98_01794,Cd_num,Ridge,4,5,0.14,0.07063230093202583,0.06936769906797419,0.06936769906797419,0.004811877673985027
S98_01797,Cd_num,Ridge,4,5,0.02,0.09236264286660935,-0.07236264286660934,0.07236264286660934,0.005236352082640448
S98_01802,Cd_num,Ridge,4,5,0.2,0.1449000577176775,0.05509994228232251,0.05509994228232251,0.003036003639515272
S98_01806,Cd_num,Ridge,4,5,0.05,0.12804797485679517,-0.07804797485679517,0.07804797485679517,0.006091486379246931
S98_01811,Cd_num,Ridge,4,5,0.05,0.035929155546248384,0.014070844453751619,0.014070844453751619,0.0001979886636416727
S98_01815,Cd_num,Ridge,4,5,0.03,-0.08910222833850091,0.11910222833850091,0.11910222833850091,0.01418534079519641
S98_01820,Cd_num,Ridge,4,5,0.03,0.022793605920933088,0.007206394079066911,0.007206394079066911,5.1932115622810625e-05
S98_01793,Cd_num,Ridge,5,1,0.16,0.19518336825230007,-0.03518336825230006,0.03518336825230006,0.0012378694015769559
S98_01799,Cd_num,Ridge,5,1,0.06,0.052954010658075985,0.0070459893419240124,0.0070459893419240124,4.964596580650678e-05
S98_01802,Cd_num,Ridge,5,1,0.2,0.17317520884171117,0.02682479115828884,0.02682479115828884,0.0007195694206858111
S98_01805,Cd_num,Ridge,5,1,0.01,0.06086737526767539,-0.05086737526767539,0.05086737526767539,0.002587489866622514
S98_01808,Cd_num,Ridge,5,1,0.11,0.179288022315576,-0.069288022315576,0.069288022315576,0.0048008300364037575
S98_01811,Cd_num,Ridge,5,1,0.05,0.05905547852497468,-0.00905547852497468,0.00905547852497468,8.200169131627761e-05
S98_01818,Cd_num,Ridge,5,1,0.01,0.016344217899509378,-0.006344217899509378,0.006344217899509378,4.024910075645518e-05
S98_01822,Cd_num,Ridge,5,1,0.11,0.036254065738519456,0.07374593426148054,0.07374593426148054,0.00543846282009861
S98_01785,Cd_num,Ridge,5,2,0.28,0.3925705539361143,-0.11257055393611426,0.11257055393611426,0.01267212961348361
S98_01796,Cd_num,Ridge,5,2,0.06,0.054448899450417636,0.005551100549582362,0.005551100549582362,3.0814717311573604e-05
S98_01807,Cd_num,Ridge,5,2,0.16,0.0644351815841119,0.0955648184158881,0.0955648184158881,0.009132634518861664
S98_01810,Cd_num,Ridge,5,2,0.01,0.07047681468348704,-0.06047681468348704,0.06047681468348704,0.003657445114260834
S98_01813,Cd_num,Ridge,5,2,0.01,0.04188135902927301,-0.031881359029273006,0.031881359029273006,0.0010164210535534074
S98_01823,Cd_num,Ridge,5,2,0.06,0.06418564481083804,-0.004185644810838038,0.004185644810838038,1.7519622482495392e-05
S98_01825,Cd_num,Ridge,5,2,0.03,0.048716255557895854,-0.018716255557895856,0.018716255557895856,0.0003502982221084675
S98_01826,Cd_num,Ridge,5,2,0.02,0.033909635147882686,-0.013909635147882685,0.013909635147882685,0.00019347794994721337
S98_01791,Cd_num,Ridge,5,3,0.12,0.1363027545844708,-0.016302754584470808,0.016302754584470808,0.00026577980704148394
S98_01792,Cd_num,Ridge,5,3,0.66,0.3633237091459408,0.2966762908540592,0.2966762908540592,0.08801682155492234
S98_01794,Cd_num,Ridge,5,3,0.14,0.07516520557044493,0.06483479442955509,0.06483479442955509,0.004203550568722667
S98_01795,Cd_num,Ridge,5,3,0.08,0.1070544792255484,-0.027054479225548392,0.027054479225548392,0.0007319448461656295
S98_01806,Cd_num,Ridge,5,3,0.05,0.12334092158572224,-0.07334092158572224,0.07334092158572224,0.005378890779043058
S98_01815,Cd_num,Ridge,5,3,0.03,-0.05647358012672196,0.08647358012672196,0.08647358012672196,0.007477680059932604
S98_01824,Cd_num,Ridge,5,3,0.06,0.08159656918275174,-0.02159656918275174,0.02159656918275174,0.00046641180046538215
S98_01827,Cd_num,Ridge,5,3,0.07,0.05702692777173496,0.012973072228265048,0.012973072228265048,0.00016830060303978185
S98_01786,Cd_num,Ridge,5,4,0.19,0.05072223041142731,0.1392777695885727,0.1392777695885727,0.01939829710156754
S98_01797,Cd_num,Ridge,5,4,0.02,0.043231379240344314,-0.023231379240344314,0.023231379240344314,0.0005396969814087007
S98_01798,Cd_num,Ridge,5,4,0.39,0.39181408998370554,-0.0018140899837055247,0.0018140899837055247,3.2909224689807107e-06
S98_01801,Cd_num,Ridge,5,4,0.09,0.050865841512751614,0.03913415848724838,0.03913415848724838,0.0015314823605050746
S98_01803,Cd_num,Ridge,5,4,0.08,0.058626869805071244,0.021373130194928758,0.021373130194928758,0.0004568106943293754
S98_01804,Cd_num,Ridge,5,4,0.07,0.06155846493491329,0.008441535065086714,0.008441535065086714,7.125951425508855e-05
S98_01820,Cd_num,Ridge,5,4,0.03,0.022163805674470877,0.007836194325529122,0.007836194325529122,6.140594150745482e-05
S98_01828,Cd_num,Ridge,5,4,0.09,0.05910343970934469,0.03089656029065531,0.03089656029065531,0.0009545974377940985
S98_01788,Cd_num,Ridge,5,5,0.27,0.18854224335152459,0.08145775664847543,0.08145775664847543,0.006635366118202243
S98_01789,Cd_num,Ridge,5,5,0.12,0.24123439862477142,-0.12123439862477142,0.12123439862477142,0.014697779409909979
S98_01800,Cd_num,Ridge,5,5,0.15,0.21008902274247504,-0.060089022742475046,0.060089022742475046,0.003610690654145683
S98_01809,Cd_num,Ridge,5,5,0.08,0.05688784741864683,0.02311215258135317,0.02311215258135317,0.00053417159694375
S98_01817,Cd_num,Ridge,5,5,0.01,0.051352808544362936,-0.041352808544362935,0.041352808544362935,0.0017100547745067362
S98_01819,Cd_num,Ridge,5,5,0.02,0.049500124492781156,-0.029500124492781155,0.029500124492781155,0.0008702573450895866
S98_01821,Cd_num,Ridge,5,5,0.03,0.034595313915925394,-0.004595313915925395,0.004595313915925395,2.1116909985897584e-05
S98_01834,Cd_num,Ridge,5,5,0.01,0.04832653502698391,-0.03832653502698391,0.03832653502698391,0.0014689232871746246
S98_01791,Cd_num,Lasso,1,1,0.12,0.18445504794771939,-0.06445504794771939,0.06445504794771939,0.004154453205942806
S98_01799,Cd_num,Lasso,1,1,0.06,0.06593843911639355,-0.005938439116393551,0.005938439116393551,3.526505913911302e-05
S98_01802,Cd_num,Lasso,1,1,0.2,0.16116039223067408,0.038839607769325935,0.038839607769325935,0.0015085151316750836
S98_01803,Cd_num,Lasso,1,1,0.08,0.07000762976126124,0.009992370238738765,0.009992370238738765,9.984746298803221e-05
S98_01806,Cd_num,Lasso,1,1,0.05,0.11144159858816008,-0.061441598588160076,0.061441598588160076,0.0037750700370685944
S98_01815,Cd_num,Lasso,1,1,0.03,0.042315397240945254,-0.012315397240945256,0.012315397240945256,0.000151669009202282
S98_01817,Cd_num,Lasso,1,1,0.01,0.05809129243875878,-0.04809129243875878,0.04809129243875878,0.0023127724084302174
S98_01827,Cd_num,Lasso,1,1,0.07,0.04894497066344616,0.021055029336553843,0.021055029336553843,0.000443314260363143
S98_01793,Cd_num,Lasso,1,2,0.16,0.16567898838125186,-0.005678988381251859,0.005678988381251859,3.2250909034393615e-05
S98_01795,Cd_num,Lasso,1,2,0.08,0.11146684225653608,-0.03146684225653608,0.03146684225653608,0.0009901621615977245
S98_01796,Cd_num,Lasso,1,2,0.06,0.06407609614843293,-0.004076096148432934,0.004076096148432934,1.66145598112698e-05
S98_01800,Cd_num,Lasso,1,2,0.15,0.18414718678679054,-0.034147186786790545,0.034147186786790545,0.0011660303654519627
S98_01813,Cd_num,Lasso,1,2,0.01,0.05697813227420255,-0.04697813227420255,0.04697813227420255,0.0022069449119724712
S98_01821,Cd_num,Lasso,1,2,0.03,0.046714210242577076,-0.016714210242577077,0.016714210242577077,0.00027936482403306844
S98_01824,Cd_num,Lasso,1,2,0.06,0.0635024317795346,-0.003502431779534604,0.003502431779534604,1.2267028370293932e-05
S98_01834,Cd_num,Lasso,1,2,0.01,0.05822234964781555,-0.04822234964781555,0.04822234964781555,0.0023253950055561762
S98_01785,Cd_num,Lasso,1,3,0.28,0.25202323644444,0.027976763555560002,0.027976763555560002,0.0007826992990437103
S98_01786,Cd_num,Lasso,1,3,0.19,0.06490665035658506,0.12509334964341495,0.12509334964341495,0.015648346125009663
S98_01792,Cd_num,Lasso,1,3,0.66,0.3593919899235854,0.30060801007641463,0.30060801007641463,0.0903651757221018
S98_01798,Cd_num,Lasso,1,3,0.39,0.2636722716034844,0.12632772839651563,0.12632772839651563,0.01595869496182382
S98_01804,Cd_num,Lasso,1,3,0.07,0.07308851123354411,-0.003088511233544103,0.003088511233544103,9.538901639728115e-06
S98_01811,Cd_num,Lasso,1,3,0.05,0.05559194639662272,-0.005591946396622714,0.005591946396622714,3.126986450270176e-05
S98_01819,Cd_num,Lasso,1,3,0.02,0.05997694766951593,-0.03997694766951593,0.03997694766951593,0.0015981563449712149
S98_01823,Cd_num,Lasso,1,3,0.06,0.06445081945548517,-0.004450819455485172,0.004450819455485172,1.9809793825325325e-05
S98_01788,Cd_num,Lasso,1,4,0.27,0.17115123632364676,0.09884876367635326,0.09884876367635326,0.009771078080343535
S98_01789,Cd_num,Lasso,1,4,0.12,0.206466825804012,-0.08646682580401199,0.08646682580401199,0.007476511964621354
S98_01808,Cd_num,Lasso,1,4,0.11,0.16823104181037912,-0.05823104181037912,0.05823104181037912,0.0033908542303221216
S98_01810,Cd_num,Lasso,1,4,0.01,0.06134895860645095,-0.051348958606450945,0.051348958606450945,0.0026367155499670124
S98_01820,Cd_num,Lasso,1,4,0.03,0.045169037327189215,-0.015169037327189216,0.015169037327189216,0.00023009969343365977
S98_01822,Cd_num,Lasso,1,4,0.11,0.05118371856665509,0.058816281433344914,0.058816281433344914,0.0034593549616464335
S98_01825,Cd_num,Lasso,1,4,0.03,0.04749038578926412,-0.017490385789264123,0.017490385789264123,0.0003059135950572924
S98_01826,Cd_num,Lasso,1,4,0.02,0.051410340975881395,-0.0314103409758814,0.0314103409758814,0.000986609520221134
S98_01794,Cd_num,Lasso,1,5,0.14,0.04744192545509121,0.0925580745449088,0.0925580745449088,0.008566997163460896
S98_01797,Cd_num,Lasso,1,5,0.02,0.04759677515652709,-0.02759677515652709,0.02759677515652709,0.0007615819990399108
S98_01801,Cd_num,Lasso,1,5,0.09,0.04772110244563253,0.042278897554367464,0.042278897554367464,0.001787505178412699
S98_01805,Cd_num,Lasso,1,5,0.01,0.047396166978615595,-0.03739616697861559,0.03739616697861559,0.0013984733046924992
S98_01807,Cd_num,Lasso,1,5,0.16,0.04753319098784202,0.11246680901215798,0.11246680901215798,0.012648783129377221
S98_01809,Cd_num,Lasso,1,5,0.08,0.04763431219244911,0.03236568780755089,0.03236568780755089,0.0010475377472558484
S98_01818,Cd_num,Lasso,1,5,0.01,0.046563211854639214,-0.03656321185463921,0.03656321185463921,0.0013368684611272295
S98_01828,Cd_num,Lasso,1,5,0.09,0.07029047482598447,0.01970952517401553,0.01970952517401553,0.0003884653825851519
S98_01785,Cd_num,Lasso,2,1,0.28,0.35997747136953,-0.07997747136952998,0.07997747136952998,0.006396395926663989
S98_01788,Cd_num,Lasso,2,1,0.27,0.17465254197651536,0.09534745802348465,0.09534745802348465,0.009091137751540168
S98_01795,Cd_num,Lasso,2,1,0.08,0.10990569267286035,-0.02990569267286035,0.02990569267286035,0.0008943504542435731
S98_01805,Cd_num,Lasso,2,1,0.01,0.06086000105880556,-0.05086000105880556,0.05086000105880556,0.0025867397077017026
S98_01806,Cd_num,Lasso,2,1,0.05,0.11946417646629162,-0.06946417646629162,0.06946417646629162,0.0048252718121401025
S98_01811,Cd_num,Lasso,2,1,0.05,0.05338327879368417,-0.0033832787936841704,0.0033832787936841704,1.1446575395793016e-05
S98_01825,Cd_num,Lasso,2,1,0.03,0.0585453583414664,-0.028545358341466404,0.028545358341466404,0.0008148374828427256
S98_01826,Cd_num,Lasso,2,1,0.02,0.05126022684494578,-0.03126022684494578,0.03126022684494578,0.0009772017823974689
S98_01791,Cd_num,Lasso,2,2,0.12,0.1799579368859992,-0.05995793688599921,0.05995793688599921,0.003594954195625464
S98_01793,Cd_num,Lasso,2,2,0.16,0.16055531085234076,-0.0005553108523407568,0.0005553108523407568,3.0837014272741785e-07
S98_01794,Cd_num,Lasso,2,2,0.14,0.05285037889122427,0.08714962110877575,0.08714962110877575,0.007595056459403172
S98_01796,Cd_num,Lasso,2,2,0.06,0.05462495335727782,0.0053750466427221755,0.0053750466427221755,2.889112641143893e-05
S98_01799,Cd_num,Lasso,2,2,0.06,0.05586077422479851,0.00413922577520149,0.00413922577520149,1.7133190018092373e-05
S98_01802,Cd_num,Lasso,2,2,0.2,0.15996578868390351,0.040034211316096496,0.040034211316096496,0.0016027380757018689
S98_01808,Cd_num,Lasso,2,2,0.11,0.16753626737847616,-0.057536267378476155,0.057536267378476155,0.0033104220638474993
S98_01827,Cd_num,Lasso,2,2,0.07,0.04688317131253746,0.023116828687462544,0.023116828687462544,0.0005343877685654913
S98_01801,Cd_num,Lasso,2,3,0.09,0.05028416631679461,0.03971583368320539,0.03971583368320539,0.0015773474451520315
S98_01803,Cd_num,Lasso,2,3,0.08,0.058041314046258216,0.021958685953741786,0.021958685953741786,0.0004821838888150568
S98_01804,Cd_num,Lasso,2,3,0.07,0.06966520661912029,0.00033479338087971655,0.00033479338087971655,1.1208660788087095e-07
S98_01807,Cd_num,Lasso,2,3,0.16,0.050275150857105086,0.10972484914289492,0.10972484914289492,0.012039542519431047
S98_01813,Cd_num,Lasso,2,3,0.01,0.05025499453767612,-0.04025499453767612,0.04025499453767612,0.0016204645852283344
S98_01820,Cd_num,Lasso,2,3,0.03,0.050219941118010925,-0.020219941118010926,0.020219941118010926,0.0004088460188158289
S98_01821,Cd_num,Lasso,2,3,0.03,0.05021947068326661,-0.020219470683266613,0.020219470683266613,0.00040882699471147805
S98_01823,Cd_num,Lasso,2,3,0.06,0.050276429474615233,0.009723570525384764,0.009723570525384764,9.454782376213134e-05
S98_01786,Cd_num,Lasso,2,4,0.19,0.05824596793785471,0.13175403206214528,0.13175403206214528,0.017359124964632808
S98_01789,Cd_num,Lasso,2,4,0.12,0.20598962298259849,-0.08598962298259849,0.08598962298259849,0.00739421526068943
S98_01797,Cd_num,Lasso,2,4,0.02,0.0574088433879229,-0.0374088433879229,0.0374088433879229,0.0013994215636221427
S98_01815,Cd_num,Lasso,2,4,0.03,0.0462606315001704,-0.016260631500170403,0.016260631500170403,0.00026440813678433396
S98_01817,Cd_num,Lasso,2,4,0.01,0.05473063888459285,-0.04473063888459285,0.04473063888459285,0.0020008300550238495
S98_01819,Cd_num,Lasso,2,4,0.02,0.05010467179007018,-0.03010467179007018,0.03010467179007018,0.0009062912635878472
S98_01824,Cd_num,Lasso,2,4,0.06,0.05728037868023082,0.002719621319769175,0.002719621319769175,7.396340122943028e-06
S98_01828,Cd_num,Lasso,2,4,0.09,0.07236971223919064,0.017630287760809354,0.017630287760809354,0.0003108270465289441
S98_01792,Cd_num,Lasso,2,5,0.66,0.34548050975108474,0.3145194902489153,0.3145194902489153,0.09892250974643751
S98_01798,Cd_num,Lasso,2,5,0.39,0.2586106974729014,0.13138930252709863,0.13138930252709863,0.017263148818557447
S98_01800,Cd_num,Lasso,2,5,0.15,0.1477289702006681,0.002271029799331886,0.002271029799331886,5.157576349453427e-06
S98_01809,Cd_num,Lasso,2,5,0.08,0.075351904083841,0.004648095916159001,0.004648095916159001,2.1604795645813982e-05
S98_01810,Cd_num,Lasso,2,5,0.01,0.07888653857354455,-0.06888653857354456,0.06888653857354456,0.004745355196644442
S98_01818,Cd_num,Lasso,2,5,0.01,0.04160511702287404,-0.03160511702287404,0.03160511702287404,0.0009988834220295622
S98_01822,Cd_num,Lasso,2,5,0.11,0.05451313677193142,0.05548686322806858,0.05548686322806858,0.0030787919908903893
S98_01834,Cd_num,Lasso,2,5,0.01,0.05467168249944514,-0.044671682499445135,0.044671682499445135,0.001995559217331233
S98_01788,Cd_num,Lasso,3,1,0.27,0.13944029428887048,0.13055970571112954,0.13055970571112954,0.017045836755376752
S98_01792,Cd_num,Lasso,3,1,0.66,0.40294551059355377,0.25705448940644626,0.25705448940644626,0.0660770105240088
S98_01793,Cd_num,Lasso,3,1,0.16,0.13388975646324597,0.026110243536754035,0.026110243536754035,0.0006817448175486058
S98_01803,Cd_num,Lasso,3,1,0.08,0.06303131290116162,0.016968687098838378,0.016968687098838378,0.000287936341858284
S98_01807,Cd_num,Lasso,3,1,0.16,0.058349361874386385,0.10165063812561362,0.10165063812561362,0.010332852231344452
S98_01825,Cd_num,Lasso,3,1,0.03,0.05405036820842328,-0.02405036820842328,0.02405036820842328,0.0005784202109607372
S98_01828,Cd_num,Lasso,3,1,0.09,0.07087006511932707,0.019129934880672925,0.019129934880672925,0.0003659544085387866
S98_01834,Cd_num,Lasso,3,1,0.01,0.049787187751736094,-0.03978718775173609,0.03978718775173609,0.0015830203091918985
S98_01789,Cd_num,Lasso,3,2,0.12,0.21128378588572505,-0.09128378588572506,0.09128378588572506,0.008332729565630897
S98_01791,Cd_num,Lasso,3,2,0.12,0.18661422746564255,-0.06661422746564255,0.06661422746564255,0.004437455300844367
S98_01794,Cd_num,Lasso,3,2,0.14,0.05825896578534301,0.081741034214657,0.081741034214657,0.006681596674481727
S98_01802,Cd_num,Lasso,3,2,0.2,0.1613746158708002,0.0386253841291998,0.0386253841291998,0.00149192029912824
S98_01809,Cd_num,Lasso,3,2,0.08,0.06243501315506516,0.017564986844934842,0.017564986844934842,0.00030852876286273405
S98_01810,Cd_num,Lasso,3,2,0.01,0.06409462633479923,-0.05409462633479923,0.05409462633479923,0.0029262285983015545
S98_01821,Cd_num,Lasso,3,2,0.03,0.035048394087187865,-0.005048394087187866,0.005048394087187866,2.5486282859553403e-05
S98_01824,Cd_num,Lasso,3,2,0.06,0.061336972471860644,-0.0013369724718606465,0.0013369724718606465,1.7874953905131673e-06
S98_01799,Cd_num,Lasso,3,3,0.06,0.06174297535770464,-0.0017429753577046445,0.0017429753577046445,3.037963097565633e-06
S98_01800,Cd_num,Lasso,3,3,0.15,0.18141980347343292,-0.03141980347343293,0.03141980347343293,0.000987204050309148
S98_01801,Cd_num,Lasso,3,3,0.09,0.06152821065735222,0.028471789342647776,0.028471789342647776,0.0008106427883721115
S98_01813,Cd_num,Lasso,3,3,0.01,0.057392964229547365,-0.04739296422954736,0.04739296422954736,0.002246093058463156
S98_01815,Cd_num,Lasso,3,3,0.03,0.05298139634014258,-0.022981396340142582,0.022981396340142582,0.0005281445777427188
S98_01817,Cd_num,Lasso,3,3,0.01,0.05883253748772174,-0.04883253748772174,0.04883253748772174,0.002384616717489749
S98_01818,Cd_num,Lasso,3,3,0.01,0.05365339098376122,-0.04365339098376122,0.04365339098376122,0.0019056185443811252
S98_01823,Cd_num,Lasso,3,3,0.06,0.060431474361125774,-0.00043147436112577625,0.00043147436112577625,1.8617012430889677e-07
S98_01785,Cd_num,Lasso,3,4,0.28,0.37415270636601744,-0.09415270636601741,0.09415270636601741,0.008864732116045496
S98_01786,Cd_num,Lasso,3,4,0.19,0.057660356904915874,0.13233964309508411,0.13233964309508411,0.017513781134534244
S98_01795,Cd_num,Lasso,3,4,0.08,0.1075325944336871,-0.027532594433687094,0.027532594433687094,0.0007580437562498976
S98_01797,Cd_num,Lasso,3,4,0.02,0.0555354550393677,-0.0355354550393677,0.0355354550393677,0.001262768564854923
S98_01806,Cd_num,Lasso,3,4,0.05,0.11807053397339834,-0.06807053397339834,0.06807053397339834,0.004633597595423577
S98_01808,Cd_num,Lasso,3,4,0.11,0.18459570727443653,-0.07459570727443653,0.07459570727443653,0.0055645195437734225
S98_01822,Cd_num,Lasso,3,4,0.11,0.049160749442723195,0.060839250557276806,0.060839250557276806,0.003701414408371106
S98_01826,Cd_num,Lasso,3,4,0.02,0.04703584757717503,-0.027035847577175028,0.027035847577175028,0.0007309370542162408
S98_01796,Cd_num,Lasso,3,5,0.06,0.06087166072950937,-0.0008716607295093728,0.0008716607295093728,7.597924273688121e-07
S98_01798,Cd_num,Lasso,3,5,0.39,0.36398650610209676,0.02601349389790325,0.02601349389790325,0.0006767018647762497
S98_01804,Cd_num,Lasso,3,5,0.07,0.07321164931057858,-0.0032116493105785737,0.0032116493105785737,1.0314691294139828e-05
S98_01805,Cd_num,Lasso,3,5,0.01,0.05857330132369836,-0.04857330132369836,0.04857330132369836,0.0023593656014827967
S98_01811,Cd_num,Lasso,3,5,0.05,0.060654025678674596,-0.010654025678674593,0.010654025678674593,0.00011350826316185763
S98_01819,Cd_num,Lasso,3,5,0.02,0.051903840519514216,-0.03190384051951421,0.03190384051951421,0.001017855039894597
S98_01820,Cd_num,Lasso,3,5,0.03,0.04529948303580289,-0.015299483035802891,0.015299483035802891,0.00023407418116282044
S98_01827,Cd_num,Lasso,3,5,0.07,0.05154759899955083,0.018452401000449176,0.018452401000449176,0.0003404911026813777
S98_01791,Cd_num,Lasso,4,1,0.12,0.17886106263393214,-0.05886106263393215,0.05886106263393215,0.0034646246943956832
S98_01801,Cd_num,Lasso,4,1,0.09,0.05505412220828183,0.03494587779171816,0.03494587779171816,0.0012212143746337008
S98_01804,Cd_num,Lasso,4,1,0.07,0.06892396659708809,0.0010760334029119162,0.0010760334029119162,1.157847884182198e-06
S98_01807,Cd_num,Lasso,4,1,0.16,0.05341496904628014,0.10658503095371986,0.10658503095371986,0.011360368823405421
S98_01821,Cd_num,Lasso,4,1,0.03,0.04329143279286857,-0.013291432792868568,0.013291432792868568,0.00017666218568734195
S98_01823,Cd_num,Lasso,4,1,0.06,0.05364744193251533,0.006352558067484665,0.006352558067484665,4.03549940007645e-05
S98_01828,Cd_num,Lasso,4,1,0.09,0.06993438738730746,0.020065612612692532,0.020065612612692532,0.0004026288095226456
S98_01834,Cd_num,Lasso,4,1,0.01,0.050533182513138285,-0.04053318251313828,0.04053318251313828,0.001642938884643379
S98_01789,Cd_num,Lasso,4,2,0.12,0.21253491333058733,-0.09253491333058733,0.09253491333058733,0.008562710185099309
S98_01793,Cd_num,Lasso,4,2,0.16,0.170117123209464,-0.010117123209464007,0.010117123209464007,0.0001023561820354753
S98_01796,Cd_num,Lasso,4,2,0.06,0.0680325182553652,-0.008032518255365204,0.008032518255365204,6.452134952277525e-05
S98_01798,Cd_num,Lasso,4,2,0.39,0.37362409879614183,0.01637590120385818,0.01637590120385818,0.00026817014023852373
S98_01805,Cd_num,Lasso,4,2,0.01,0.06275049970028201,-0.05275049970028201,0.05275049970028201,0.0027826152186294527
S98_01810,Cd_num,Lasso,4,2,0.01,0.07000877975516406,-0.06000877975516406,0.06000877975516406,0.003601053647703788
S98_01824,Cd_num,Lasso,4,2,0.06,0.06707774090618149,-0.00707774090618149,0.00707774090618149,5.009441633503478e-05
S98_01825,Cd_num,Lasso,4,2,0.03,0.043759363362326394,-0.013759363362326395,0.013759363362326395,0.0001893200801365299
S98_01785,Cd_num,Lasso,4,3,0.28,0.348021017346716,-0.06802101734671595,0.06802101734671595,0.004626858800882232
S98_01786,Cd_num,Lasso,4,3,0.19,0.0444856960689345,0.14551430393106551,0.14551430393106551,0.021174412648542508
S98_01788,Cd_num,Lasso,4,3,0.27,0.16185268696301003,0.10814731303698999,0.10814731303698999,0.011695841317120705
S98_01809,Cd_num,Lasso,4,3,0.08,0.0444856960689345,0.0355143039310655,0.0355143039310655,0.0012612657837080944
S98_01813,Cd_num,Lasso,4,3,0.01,0.0444856960689345,-0.0344856960689345,0.0344856960689345,0.0011892632333589245
S98_01818,Cd_num,Lasso,4,3,0.01,0.0444856960689345,-0.0344856960689345,0.0344856960689345,0.0011892632333589245
S98_01822,Cd_num,Lasso,4,3,0.11,0.0444856960689345,0.0655143039310655,0.0655143039310655,0.004292124019572024
S98_01827,Cd_num,Lasso,4,3,0.07,0.0444856960689345,0.025514303931065505,0.025514303931065505,0.0006509797050867846
S98_01795,Cd_num,Lasso,4,4,0.08,0.11092206308308995,-0.03092206308308995,0.03092206308308995,0.0009561739853145944
S98_01799,Cd_num,Lasso,4,4,0.06,0.061361316284537046,-0.001361316284537048,0.001361316284537048,1.853182026545753e-06
S98_01800,Cd_num,Lasso,4,4,0.15,0.18455254746783328,-0.03455254746783329,0.03455254746783329,0.0011938785365168726
S98_01803,Cd_num,Lasso,4,4,0.08,0.06958105439434684,0.010418945605653165,0.010418945605653165,0.00010855442753355941
S98_01808,Cd_num,Lasso,4,4,0.11,0.17633153117512887,-0.06633153117512887,0.06633153117512887,0.004399872028037093
S98_01817,Cd_num,Lasso,4,4,0.01,0.05870004734944363,-0.04870004734944363,0.04870004734944363,0.0023716946118380517
S98_01819,Cd_num,Lasso,4,4,0.02,0.058378142707946716,-0.03837814270794672,0.03837814270794672,0.001472881837711524
S98_01826,Cd_num,Lasso,4,4,0.02,0.05653895579389519,-0.036538955793895184,0.036538955793895184,0.0013350952905082263
S98_01792,Cd_num,Lasso,4,5,0.66,0.39393597724122,0.26606402275878005,0.26606402275878005,0.07079006420658462
S98_01794,Cd_num,Lasso,4,5,0.14,0.06657320705369993,0.07342679294630008,0.07342679294630008,0.005391493922378824
S98_01797,Cd_num,Lasso,4,5,0.02,0.0723428870894447,-0.05234288708944469,0.05234288708944469,0.0027397778288583557
S98_01802,Cd_num,Lasso,4,5,0.2,0.14391210848338465,0.05608789151661536,0.05608789151661536,0.0031458515747796135
S98_01806,Cd_num,Lasso,4,5,0.05,0.11804006807240597,-0.06804006807240597,0.06804006807240597,0.004629450863297638
S98_01811,Cd_num,Lasso,4,5,0.05,0.05220925901758622,-0.0022092590175862153,0.0022092590175862153,4.880825406786009e-06
S98_01815,Cd_num,Lasso,4,5,0.03,-0.019306816016320935,0.049306816016320934,0.049306816016320934,0.0024311621056673227
S98_01820,Cd_num,Lasso,4,5,0.03,0.03874741292174793,-0.008747412921747931,0.008747412921747931,7.651723282356267e-05
S98_01793,Cd_num,Lasso,5,1,0.16,0.16200582926343032,-0.00200582926343032,0.00200582926343032,4.023351034033419e-06
S98_01799,Cd_num,Lasso,5,1,0.06,0.05926665744746155,0.0007333425525384504,0.0007333425525384504,5.377912993636099e-07
S98_01802,Cd_num,Lasso,5,1,0.2,0.16121341897924374,0.03878658102075627,0.03878658102075627,0.0015043988672796907
S98_01805,Cd_num,Lasso,5,1,0.01,0.05692858530744703,-0.04692858530744703,0.04692858530744703,0.002202292118958333
S98_01808,Cd_num,Lasso,5,1,0.11,0.1683564217825177,-0.058356421782517695,0.058356421782517695,0.003405471963259106
S98_01811,Cd_num,Lasso,5,1,0.05,0.05785697021208285,-0.007856970212082849,0.007856970212082849,6.173198091355722e-05
S98_01818,Cd_num,Lasso,5,1,0.01,0.04620629441993458,-0.03620629441993458,0.03620629441993458,0.001310895755622986
S98_01822,Cd_num,Lasso,5,1,0.11,0.05061144815155188,0.05938855184844812,0.05938855184844812,0.0035270000906558107
S98_01785,Cd_num,Lasso,5,2,0.28,0.3578934176231841,-0.07789341762318408,0.07789341762318408,0.006067384509019764
S98_01796,Cd_num,Lasso,5,2,0.06,0.05551737484555459,0.004482625154445405,0.004482625154445405,2.009392827526669e-05
S98_01807,Cd_num,Lasso,5,2,0.16,0.05720198587995544,0.10279801412004456,0.10279801412004456,0.010567431707024882
S98_01810,Cd_num,Lasso,5,2,0.01,0.05815744760264122,-0.04815744760264122,0.04815744760264122,0.0023191397596011346
S98_01813,Cd_num,Lasso,5,2,0.01,0.051309533422132965,-0.04130953342213296,0.04130953342213296,0.0017064775515543203
S98_01823,Cd_num,Lasso,5,2,0.06,0.05734537954072946,0.0026546204592705347,0.0026546204592705347,7.047009782777705e-06
S98_01825,Cd_num,Lasso,5,2,0.03,0.05130936115192568,-0.02130936115192568,0.02130936115192568,0.0004540888727031993
S98_01826,Cd_num,Lasso,5,2,0.02,0.05013532872824756,-0.03013532872824756,0.03013532872824756,0.0009081380375595427
S98_01791,Cd_num,Lasso,5,3,0.12,0.14629181191190183,-0.02629181191190183,0.02629181191190183,0.000691259373610823
S98_01792,Cd_num,Lasso,5,3,0.66,0.4149654241617933,0.24503457583820676,0.24503457583820676,0.0600419433562099
S98_01794,Cd_num,Lasso,5,3,0.14,0.06548850695906391,0.0745114930409361,0.0745114930409361,0.005551962595189469
S98_01795,Cd_num,Lasso,5,3,0.08,0.10325778975842044,-0.02325778975842044,0.02325778975842044,0.0005409247844468866
S98_01806,Cd_num,Lasso,5,3,0.05,0.11809394591257896,-0.06809394591257896,0.06809394591257896,0.004636785469945229
S98_01815,Cd_num,Lasso,5,3,0.03,-0.012541856916407176,0.042541856916407175,0.042541856916407175,0.001809809589896061
S98_01824,Cd_num,Lasso,5,3,0.06,0.07056567475990047,-0.010565674759900473,0.010565674759900473,0.00011163348313199792
S98_01827,Cd_num,Lasso,5,3,0.07,0.060333794359898024,0.009666205640101982,0.009666205640101982,9.343553147673937e-05
S98_01786,Cd_num,Lasso,5,4,0.19,0.048053415196271466,0.14194658480372854,0.14194658480372854,0.020148832937442098
S98_01797,Cd_num,Lasso,5,4,0.02,0.04793662476879994,-0.027936624768799937,0.027936624768799937,0.0007804550034727261
S98_01798,Cd_num,Lasso,5,4,0.39,0.3661647520223511,0.02383524797764891,0.02383524797764891,0.0005681190461560165
S98_01801,Cd_num,Lasso,5,4,0.09,0.04810739019276407,0.04189260980723593,0.04189260980723593,0.00175499075646132
S98_01803,Cd_num,Lasso,5,4,0.08,0.055655041052016775,0.024344958947983227,0.024344958947983227,0.0005926770261789886
S98_01804,Cd_num,Lasso,5,4,0.07,0.06663786999405977,0.0033621300059402393,0.0033621300059402393,1.1303918176843713e-05
S98_01820,Cd_num,Lasso,5,4,0.03,0.046268717951399814,-0.016268717951399815,0.016268717951399815,0.0002646711837821986
S98_01828,Cd_num,Lasso,5,4,0.09,0.07006627961919648,0.019933720380803516,0.019933720380803516,0.00039735320822006145
S98_01788,Cd_num,Lasso,5,5,0.27,0.17103553857959763,0.09896446142040238,0.09896446142040238,0.009793964624230312
S98_01789,Cd_num,Lasso,5,5,0.12,0.2058294444417343,-0.08582944444173429,0.08582944444173429,0.007366693533176753
S98_01800,Cd_num,Lasso,5,5,0.15,0.1824542880223058,-0.032454288022305794,0.032454288022305794,0.0010532808110347814
S98_01809,Cd_num,Lasso,5,5,0.08,0.06156661836501709,0.018433381634982912,0.018433381634982912,0.0003397895585009253
S98_01817,Cd_num,Lasso,5,5,0.01,0.05830865713652668,-0.04830865713652668,0.04830865713652668,0.0023337263543344896
S98_01819,Cd_num,Lasso,5,5,0.02,0.05336363663792704,-0.03336363663792703,0.03336363663792703,0.001113132249707627
S98_01821,Cd_num,Lasso,5,5,0.03,0.04828869987495732,-0.01828869987495732,0.01828869987495732,0.00033447654311626393
S98_01834,Cd_num,Lasso,5,5,0.01,0.05702563480265597,-0.047025634802655966,0.047025634802655966,0.002211410328592768
S98_01791,Cd_num,ElasticNet,1,1,0.12,0.18470618581588644,-0.06470618581588644,0.06470618581588644,0.004186890482840024
S98_01799,Cd_num,ElasticNet,1,1,0.06,0.06437214337900748,-0.004372143379007487,0.004372143379007487,1.9115637726599006e-05
S98_01802,Cd_num,ElasticNet,1,1,0.2,0.16401424516915944,0.03598575483084057,0.03598575483084057,0.0012949745507453655
S98_01803,Cd_num,ElasticNet,1,1,0.08,0.07205776604374142,0.00794223395625858,0.00794223395625858,6.30790802159468e-05
S98_01806,Cd_num,ElasticNet,1,1,0.05,0.11673126887246056,-0.06673126887246056,0.06673126887246056,0.0044530622453286236
S98_01815,Cd_num,ElasticNet,1,1,0.03,0.014243227273058295,0.015756772726941703,0.015756772726941703,0.00024827588676849387
S98_01817,Cd_num,ElasticNet,1,1,0.01,0.05201689888559205,-0.04201689888559205,0.04201689888559205,0.0017654197919620663
S98_01827,Cd_num,ElasticNet,1,1,0.07,0.04564393289330344,0.024356067106696563,0.024356067106696563,0.0005932180049059063
S98_01793,Cd_num,ElasticNet,1,2,0.16,0.17113358018724195,-0.011133580187241948,0.011133580187241948,0.00012395660778574645
S98_01795,Cd_num,ElasticNet,1,2,0.08,0.11348925064283893,-0.03348925064283893,0.03348925064283893,0.0011215299086188878
S98_01796,Cd_num,ElasticNet,1,2,0.06,0.06441928177742487,-0.004419281777424872,0.004419281777424872,1.9530051428279534e-05
S98_01800,Cd_num,ElasticNet,1,2,0.15,0.1901005047086738,-0.040100504708673795,0.040100504708673795,0.0016080504778903692
S98_01813,Cd_num,ElasticNet,1,2,0.01,0.052142171810859915,-0.04214217181085991,0.04214217181085991,0.0017759626449360359
S98_01821,Cd_num,ElasticNet,1,2,0.03,0.039307993430991034,-0.009307993430991035,0.009307993430991035,8.663874171137226e-05
S98_01824,Cd_num,ElasticNet,1,2,0.06,0.0649698318900995,-0.004969831890099502,0.004969831890099502,2.4699229015849987e-05
S98_01834,Cd_num,ElasticNet,1,2,0.01,0.05261660357892691,-0.04261660357892691,0.04261660357892691,0.001816174900603406
S98_01785,Cd_num,ElasticNet,1,3,0.28,0.27960771087575786,0.0003922891242421622,0.0003922891242421622,1.538907569986826e-07
S98_01786,Cd_num,ElasticNet,1,3,0.19,0.06826229273021098,0.12173770726978903,0.12173770726978903,0.014820069371304844
S98_01792,Cd_num,ElasticNet,1,3,0.66,0.3935207175405729,0.26647928245942715,0.26647928245942715,0.07101120798009115
S98_01798,Cd_num,ElasticNet,1,3,0.39,0.28979543361800586,0.10020456638199415,0.10020456638199415,0.010040955123803473
S98_01804,Cd_num,ElasticNet,1,3,0.07,0.07338165688930515,-0.00338165688930514,0.00338165688930514,1.1435603316984917e-05
S98_01811,Cd_num,ElasticNet,1,3,0.05,0.05281940723375632,-0.002819407233756316,0.002819407233756316,7.949057149757442e-06
S98_01819,Cd_num,ElasticNet,1,3,0.02,0.05748314878326498,-0.037483148783264975,0.037483148783264975,0.0014049864427083786
S98_01823,Cd_num,ElasticNet,1,3,0.06,0.06711919843855325,-0.007119198438553256,0.007119198438553256,5.0682986407499125e-05
S98_01788,Cd_num,ElasticNet,1,4,0.27,0.1762414890482366,0.09375851095176341,0.09375851095176341,0.008790658375891939
S98_01789,Cd_num,ElasticNet,1,4,0.12,0.21131314164432338,-0.09131314164432339,0.09131314164432339,0.008338089836956266
S98_01808,Cd_num,ElasticNet,1,4,0.11,0.16544876984278034,-0.05544876984278034,0.05544876984278034,0.0030745660770776263
S98_01810,Cd_num,ElasticNet,1,4,0.01,0.06387269479213772,-0.05387269479213772,0.05387269479213772,0.0029022672441668227
S98_01820,Cd_num,ElasticNet,1,4,0.03,0.03392111585332548,-0.0039211158533254825,0.0039211158533254825,1.5375149535200426e-05
S98_01822,Cd_num,ElasticNet,1,4,0.11,0.0445630458525543,0.0654369541474457,0.0654369541474457,0.004281994968094911
S98_01825,Cd_num,ElasticNet,1,4,0.03,0.03902135879761859,-0.00902135879761859,0.00902135879761859,8.138491455537032e-05
S98_01826,Cd_num,ElasticNet,1,4,0.02,0.04463300753901943,-0.024633007539019428,0.024633007539019428,0.000606785060417388
S98_01794,Cd_num,ElasticNet,1,5,0.14,0.047181876299028466,0.09281812370097155,0.09281812370097155,0.008615204087368857
S98_01797,Cd_num,ElasticNet,1,5,0.02,0.04879844629719657,-0.028798446297196568,0.028798446297196568,0.0008293505091325148
S98_01801,Cd_num,ElasticNet,1,5,0.09,0.05021963110090509,0.039780368899094906,0.039780368899094906,0.0015824777497480773
S98_01805,Cd_num,ElasticNet,1,5,0.01,0.0468375632805173,-0.0368375632805173,0.0368375632805173,0.0013570060684461166
S98_01807,Cd_num,ElasticNet,1,5,0.16,0.048331373621961785,0.11166862637803822,0.11166862637803822,0.012469882117157893
S98_01809,Cd_num,ElasticNet,1,5,0.08,0.0491653592366504,0.030834640763349602,0.030834640763349602,0.0009507750710048209
S98_01818,Cd_num,ElasticNet,1,5,0.01,0.03771754539089295,-0.027717545390892946,0.027717545390892946,0.0007682623224962108
S98_01828,Cd_num,ElasticNet,1,5,0.09,0.06464501343437294,0.025354986565627055,0.025354986565627055,0.0006428753437431285
S98_01785,Cd_num,ElasticNet,2,1,0.28,0.3775502251023212,-0.0975502251023212,0.0975502251023212,0.009516046417513536
S98_01788,Cd_num,ElasticNet,2,1,0.27,0.18151764303251244,0.08848235696748757,0.08848235696748757,0.007829127494521897
S98_01795,Cd_num,ElasticNet,2,1,0.08,0.11236634592844315,-0.032366345928443147,0.032366345928443147,0.0010475803487596483
S98_01805,Cd_num,ElasticNet,2,1,0.01,0.06190424320120568,-0.05190424320120568,0.05190424320120568,0.002694050462289906
S98_01806,Cd_num,ElasticNet,2,1,0.05,0.12519267745519036,-0.07519267745519036,0.07519267745519036,0.005653938742880292
S98_01811,Cd_num,ElasticNet,2,1,0.05,0.050409116915461655,-0.00040911691546165196,0.00040911691546165196,1.673766505168565e-07
S98_01825,Cd_num,ElasticNet,2,1,0.03,0.05502851071514467,-0.02502851071514467,0.02502851071514467,0.0006264263486181115
S98_01826,Cd_num,ElasticNet,2,1,0.02,0.04410251195039103,-0.024102511950391026,0.024102511950391026,0.0005809310823187422
S98_01791,Cd_num,ElasticNet,2,2,0.12,0.18289842879683288,-0.06289842879683288,0.06289842879683288,0.003956212345110256
S98_01793,Cd_num,ElasticNet,2,2,0.16,0.1659144077073124,-0.005914407707312386,0.005914407707312386,3.498021852831615e-05
S98_01794,Cd_num,ElasticNet,2,2,0.14,0.053033880840521616,0.0869661191594784,0.0869661191594784,0.007563105881660596
S98_01796,Cd_num,ElasticNet,2,2,0.06,0.055012788214479386,0.004987211785520612,0.004987211785520612,2.4872281393635693e-05
S98_01799,Cd_num,ElasticNet,2,2,0.06,0.05633863417953883,0.003661365820461171,0.003661365820461171,1.3405599671241303e-05
S98_01802,Cd_num,ElasticNet,2,2,0.2,0.16245488185984885,0.03754511814015116,0.03754511814015116,0.0014096358961579074
S98_01808,Cd_num,ElasticNet,2,2,0.11,0.16762350169527698,-0.05762350169527698,0.05762350169527698,0.0033204679476255892
S98_01827,Cd_num,ElasticNet,2,2,0.07,0.04358761785589081,0.026412382144109195,0.026412382144109195,0.0006976139305264582
S98_01801,Cd_num,ElasticNet,2,3,0.09,0.05296794539800795,0.03703205460199205,0.03703205460199205,0.0013713730680449203
S98_01803,Cd_num,ElasticNet,2,3,0.08,0.059113987364141085,0.020886012635858917,0.020886012635858917,0.00043622552382525833
S98_01804,Cd_num,ElasticNet,2,3,0.07,0.06668819530813219,0.0033118046918678146,0.0033118046918678146,1.096805031707767e-05
S98_01807,Cd_num,ElasticNet,2,3,0.16,0.05114141696367043,0.10885858303632957,0.10885858303632957,0.01185019110067746
S98_01813,Cd_num,ElasticNet,2,3,0.01,0.045745558925779764,-0.03574555892577976,0.03574555892577976,0.0012777449829163932
S98_01820,Cd_num,ElasticNet,2,3,0.03,0.039351868659172035,-0.009351868659172036,0.009351868659172036,8.745744741840416e-05
S98_01821,Cd_num,ElasticNet,2,3,0.03,0.040187145062008905,-0.010187145062008907,0.010187145062008907,0.00010377792451441245
S98_01823,Cd_num,ElasticNet,2,3,0.06,0.05138588439119457,0.008614115608805428,0.008614115608805428,7.420298772186531e-05
S98_01786,Cd_num,ElasticNet,2,4,0.19,0.060064107253797114,0.12993589274620287,0.12993589274620287,0.016883336223752737
S98_01789,Cd_num,ElasticNet,2,4,0.12,0.21266632002021063,-0.09266632002021064,0.09266632002021064,0.008587046866088091
S98_01797,Cd_num,ElasticNet,2,4,0.02,0.05841134632156167,-0.038411346321561665,0.038411346321561665,0.0014754315262349488
S98_01815,Cd_num,ElasticNet,2,4,0.03,0.036401086230801113,-0.006401086230801115,0.006401086230801115,4.097390493415162e-05
S98_01817,Cd_num,ElasticNet,2,4,0.01,0.05312368420246424,-0.043123684202464235,0.043123684202464235,0.0018596521391938635
S98_01819,Cd_num,ElasticNet,2,4,0.02,0.04399049405978292,-0.02399049405978292,0.02399049405978292,0.0005755438052324795
S98_01824,Cd_num,ElasticNet,2,4,0.06,0.05815771446945339,0.0018422855305466057,0.0018422855305466057,3.3940159760613887e-06
S98_01828,Cd_num,ElasticNet,2,4,0.09,0.06598705385043738,0.02401294614956262,0.02401294614956262,0.0005766215827817942
S98_01792,Cd_num,ElasticNet,2,5,0.66,0.3684849976823083,0.29151500231769173,0.29151500231769173,0.08498099657628382
S98_01798,Cd_num,ElasticNet,2,5,0.39,0.27730774759373006,0.11269225240626995,0.11269225240626995,0.012699543752398457
S98_01800,Cd_num,ElasticNet,2,5,0.15,0.15668157120894868,-0.006681571208948689,0.006681571208948689,4.464339382025204e-05
S98_01809,Cd_num,ElasticNet,2,5,0.08,0.07753150383978419,0.0024684961602158134,0.0024684961602158134,6.093473293000215e-06
S98_01810,Cd_num,ElasticNet,2,5,0.01,0.08278263358884697,-0.07278263358884697,0.07278263358884697,0.005297311752128355
S98_01818,Cd_num,ElasticNet,2,5,0.01,0.028598862173446177,-0.018598862173446175,0.018598862173446175,0.00034591767414684696
S98_01822,Cd_num,ElasticNet,2,5,0.11,0.04765614131890878,0.06234385868109122,0.06234385868109122,0.003886756715247873
S98_01834,Cd_num,ElasticNet,2,5,0.01,0.04675268288160407,-0.03675268288160407,0.03675268288160407,0.0013507596989957528
S98_01788,Cd_num,ElasticNet,3,1,0.27,0.146310620893371,0.12368937910662903,0.12368937910662903,0.015299062503783397
S98_01792,Cd_num,ElasticNet,3,1,0.66,0.42074712474214093,0.2392528752578591,0.2392528752578591,0.05724193831915269
S98_01793,Cd_num,ElasticNet,3,1,0.16,0.14062134766485618,0.019378652335143826,0.019378652335143826,0.00037553216632637523
S98_01803,Cd_num,ElasticNet,3,1,0.08,0.06504890059901353,0.014951099400986476,0.014951099400986476,0.00022353537329817814
S98_01807,Cd_num,ElasticNet,3,1,0.16,0.060822244967940864,0.09917775503205914,0.09917775503205914,0.009836227093199132
S98_01825,Cd_num,ElasticNet,3,1,0.03,0.04900715073293488,-0.01900715073293488,0.01900715073293488,0.0003612717789845069
S98_01828,Cd_num,ElasticNet,3,1,0.09,0.06735465746116842,0.022645342538831575,0.022645342538831575,0.000512811538701015
S98_01834,Cd_num,ElasticNet,3,1,0.01,0.0430934004665408,-0.0330934004665408,0.0330934004665408,0.0010951731544388429
S98_01789,Cd_num,ElasticNet,3,2,0.12,0.2184298265311151,-0.0984298265311151,0.0984298265311151,0.00968843075094541
S98_01791,Cd_num,ElasticNet,3,2,0.12,0.19242735007274075,-0.07242735007274076,0.07242735007274076,0.005245721038559341
S98_01794,Cd_num,ElasticNet,3,2,0.14,0.05835023964673386,0.08164976035326615,0.08164976035326615,0.0066666833657457935
S98_01802,Cd_num,ElasticNet,3,2,0.2,0.16250630453675796,0.03749369546324205,0.03749369546324205,0.0014057771994903374
S98_01809,Cd_num,ElasticNet,3,2,0.08,0.06432755767650526,0.01567244232349474,0.01567244232349474,0.0002456254483832692
S98_01810,Cd_num,ElasticNet,3,2,0.01,0.06670301822649674,-0.05670301822649674,0.05670301822649674,0.0032152322759944215
S98_01821,Cd_num,ElasticNet,3,2,0.03,0.025128162306668783,0.004871837693331216,0.004871837693331216,2.3734802510162822e-05
S98_01824,Cd_num,ElasticNet,3,2,0.06,0.06275589485947702,-0.002755894859477026,0.002755894859477026,7.594956476491897e-06
S98_01799,Cd_num,ElasticNet,3,3,0.06,0.062390809295450336,-0.0023908092954503385,0.0023908092954503385,5.715969087211744e-06
S98_01800,Cd_num,ElasticNet,3,3,0.15,0.18753140685185757,-0.037531406851857574,0.037531406851857574,0.0014086065002796616
S98_01801,Cd_num,ElasticNet,3,3,0.09,0.06551237479936425,0.024487625200635743,0.024487625200635743,0.0005996437879668107
S98_01813,Cd_num,ElasticNet,3,3,0.01,0.051176220811793974,-0.04117622081179397,0.04117622081179397,0.001695481160341615
S98_01815,Cd_num,ElasticNet,3,3,0.03,0.031988069237980504,-0.0019880692379805054,0.0019880692379805054,3.9524192950043875e-06
S98_01817,Cd_num,ElasticNet,3,3,0.01,0.054610011219337395,-0.044610011219337393,0.044610011219337393,0.001990053100989408
S98_01818,Cd_num,ElasticNet,3,3,0.01,0.04029959508542458,-0.030299595085424576,0.030299595085424576,0.0009180654623406851
S98_01823,Cd_num,ElasticNet,3,3,0.06,0.0626168215864748,-0.0026168215864748046,0.0026168215864748046,6.847755215440513e-06
S98_01785,Cd_num,ElasticNet,3,4,0.28,0.39219761274045506,-0.11219761274045503,0.11219761274045503,0.012588304304657117
S98_01786,Cd_num,ElasticNet,3,4,0.19,0.06088751771513242,0.12911248228486757,0.12911248228486757,0.01667003308176024
S98_01795,Cd_num,ElasticNet,3,4,0.08,0.10945087893796394,-0.029450878937963942,0.029450878937963942,0.0008673542702186081
S98_01797,Cd_num,ElasticNet,3,4,0.02,0.05702791070089826,-0.03702791070089825,0.03702791070089825,0.0013710661708736954
S98_01806,Cd_num,ElasticNet,3,4,0.05,0.1242366882102297,-0.0742366882102297,0.0742366882102297,0.005511085876422858
S98_01808,Cd_num,ElasticNet,3,4,0.11,0.18894274676867107,-0.07894274676867107,0.07894274676867107,0.006231957267382526
S98_01822,Cd_num,ElasticNet,3,4,0.11,0.04423156131807979,0.06576843868192021,0.06576843868192021,0.004325487526657499
S98_01826,Cd_num,ElasticNet,3,4,0.02,0.04064304228623411,-0.02064304228623411,0.02064304228623411,0.00042613519483124956
S98_01796,Cd_num,ElasticNet,3,5,0.06,0.060132806528600785,-0.00013280652860078734,0.00013280652860078734,1.7637574038991748e-08
S98_01798,Cd_num,ElasticNet,3,5,0.39,0.3770356886429774,0.01296431135702264,0.01296431135702264,0.0001680733689618262
S98_01804,Cd_num,ElasticNet,3,5,0.07,0.07235781530434607,-0.0023578153043460615,0.0023578153043460615,5.55929300940851e-06
S98_01805,Cd_num,ElasticNet,3,5,0.01,0.05881822096930774,-0.04881822096930774,0.04881822096930774,0.002383218698608158
S98_01811,Cd_num,ElasticNet,3,5,0.05,0.05774456771831669,-0.007744567718316685,0.007744567718316685,5.99783291435929e-05
S98_01819,Cd_num,ElasticNet,3,5,0.02,0.04900268185615879,-0.02900268185615879,0.02900268185615879,0.0008411555548495622
S98_01820,Cd_num,ElasticNet,3,5,0.03,0.03618104283873187,-0.006181042838731873,0.006181042838731873,3.820529057423858e-05
S98_01827,Cd_num,ElasticNet,3,5,0.07,0.048478396209148976,0.02152160379085103,0.02152160379085103,0.00046317942973037344
S98_01791,Cd_num,ElasticNet,4,1,0.12,0.1840899529679404,-0.0640899529679404,0.0640899529679404,0.0041075220714328125
S98_01801,Cd_num,ElasticNet,4,1,0.09,0.05721399702939981,0.032786002970600185,0.032786002970600185,0.0010749219907882043
S98_01804,Cd_num,ElasticNet,4,1,0.07,0.06559046370118815,0.004409536298811856,0.004409536298811856,1.944401037053936e-05
S98_01807,Cd_num,ElasticNet,4,1,0.16,0.05378661840972262,0.10621338159027738,0.10621338159027738,0.011281282428841874
S98_01821,Cd_num,ElasticNet,4,1,0.03,0.03261886391623861,-0.002618863916238612,0.002618863916238612,6.8584482117766385e-06
S98_01823,Cd_num,ElasticNet,4,1,0.06,0.05427270635952966,0.005727293640470338,0.005727293640470338,3.2801892444171975e-05
S98_01828,Cd_num,ElasticNet,4,1,0.09,0.0635782755053681,0.0264217244946319,0.0264217244946319,0.0006981075252702313
S98_01834,Cd_num,ElasticNet,4,1,0.01,0.047760962126265516,-0.037760962126265514,0.037760962126265514,0.0014258902607012585
S98_01789,Cd_num,ElasticNet,4,2,0.12,0.2193610358032586,-0.09936103580325861,0.09936103580325861,0.00987261543589644
S98_01793,Cd_num,ElasticNet,4,2,0.16,0.17612138850448344,-0.01612138850448344,0.01612138850448344,0.00025989916731249086
S98_01796,Cd_num,ElasticNet,4,2,0.06,0.06966080613258419,-0.009660806132584188,0.009660806132584188,9.333117513137624e-05
S98_01798,Cd_num,ElasticNet,4,2,0.39,0.3861255932544318,0.003874406745568215,0.003874406745568215,1.5011027630104489e-05
S98_01805,Cd_num,ElasticNet,4,2,0.01,0.0627270215045966,-0.05272702150459659,0.05272702150459659,0.0027801387967461917
S98_01810,Cd_num,ElasticNet,4,2,0.01,0.07292403867065723,-0.06292403867065724,0.06292403867065724,0.0039594346426263674
S98_01824,Cd_num,ElasticNet,4,2,0.06,0.06869987775217694,-0.00869987775217694,0.00869987775217694,7.568787290282329e-05
S98_01825,Cd_num,ElasticNet,4,2,0.03,0.036513708696851235,-0.0065137086968512364,0.0065137086968512364,4.242840098743543e-05
S98_01785,Cd_num,ElasticNet,4,3,0.28,0.36346304632196647,-0.08346304632196644,0.08346304632196644,0.006966080101342716
S98_01786,Cd_num,ElasticNet,4,3,0.19,0.04701623112734504,0.14298376887265496,0.14298376887265496,0.020444358161028815
S98_01788,Cd_num,ElasticNet,4,3,0.27,0.16763430293290102,0.102365697067099,0.102365697067099,0.01047873593603308
S98_01809,Cd_num,ElasticNet,4,3,0.08,0.045759503407695565,0.03424049659230444,0.03424049659230444,0.0011724116068876117
S98_01813,Cd_num,ElasticNet,4,3,0.01,0.03893938127391966,-0.028939381273919658,0.028939381273919658,0.0008374877885172918
S98_01818,Cd_num,ElasticNet,4,3,0.01,0.03363044914824369,-0.023630449148243686,0.023630449148243686,0.0005583981269477307
S98_01822,Cd_num,ElasticNet,4,3,0.11,0.03865699043825586,0.07134300956174414,0.07134300956174414,0.0050898250133271155
S98_01827,Cd_num,ElasticNet,4,3,0.07,0.041383719537288574,0.028616280462711433,0.028616280462711433,0.0008188915075205601
S98_01795,Cd_num,ElasticNet,4,4,0.08,0.11266287530551373,-0.03266287530551373,0.03266287530551373,0.0010668634232235388
S98_01799,Cd_num,ElasticNet,4,4,0.06,0.06021495785604585,-0.000214957856045854,0.000214957856045854,4.6206879875830085e-08
S98_01800,Cd_num,ElasticNet,4,4,0.15,0.19052230180701796,-0.04052230180701796,0.04052230180701796,0.0016420569437390513
S98_01803,Cd_num,ElasticNet,4,4,0.08,0.07128923609926015,0.008710763900739854,0.008710763900739854,7.58774077344326e-05
S98_01808,Cd_num,ElasticNet,4,4,0.11,0.17747172061221567,-0.06747172061221567,0.06747172061221567,0.004552433082372889
S98_01817,Cd_num,ElasticNet,4,4,0.01,0.054051956760635365,-0.044051956760635363,0.044051956760635363,0.0019405748944408877
S98_01819,Cd_num,ElasticNet,4,4,0.02,0.05602311560244221,-0.036023115602442216,0.036023115602442216,0.0012976648577069157
S98_01826,Cd_num,ElasticNet,4,4,0.02,0.04958259673060712,-0.029582596730607123,0.029582596730607123,0.0008751300293257272
S98_01792,Cd_num,ElasticNet,4,5,0.66,0.4083105780646226,0.2516894219353774,0.2516894219353774,0.06334756511416444
S98_01794,Cd_num,ElasticNet,4,5,0.14,0.06662700636554328,0.07337299363445673,0.07337299363445673,0.005383596194882028
S98_01797,Cd_num,ElasticNet,4,5,0.02,0.07471467707723893,-0.05471467707723893,0.05471467707723893,0.0029936958876665347
S98_01802,Cd_num,ElasticNet,4,5,0.2,0.14728688347881036,0.05271311652118965,0.05271311652118965,0.002778672653376517
S98_01806,Cd_num,ElasticNet,4,5,0.05,0.12382281363517528,-0.07382281363517527,0.07382281363517527,0.00544980781301382
S98_01811,Cd_num,ElasticNet,4,5,0.05,0.0485934369241707,0.0014065630758293007,0.0014065630758293007,1.978419686286383e-06
S98_01815,Cd_num,ElasticNet,4,5,0.03,-0.049055848401214006,0.079055848401214,0.079055848401214,0.006249827166435731
S98_01820,Cd_num,ElasticNet,4,5,0.03,0.026514991234151658,0.003485008765848341,0.003485008765848341,1.2145286098039776e-05
S98_01793,Cd_num,ElasticNet,5,1,0.16,0.16745306340913213,-0.007453063409132127,0.007453063409132127,5.5548154180544204e-05
S98_01799,Cd_num,ElasticNet,5,1,0.06,0.05777960566985137,0.002220394330148631,0.002220394330148631,4.930150981356189e-06
S98_01802,Cd_num,ElasticNet,5,1,0.2,0.1642248689397554,0.0357751310602446,0.0357751310602446,0.0012798600023776782
S98_01805,Cd_num,ElasticNet,5,1,0.01,0.057363802400567356,-0.047363802400567354,0.047363802400567354,0.00224332977783999
S98_01808,Cd_num,ElasticNet,5,1,0.11,0.16938836403413904,-0.05938836403413904,0.05938836403413904,0.003526977782651419
S98_01811,Cd_num,ElasticNet,5,1,0.05,0.05450409871670733,-0.00450409871670733,0.00450409871670733,2.028690524984462e-05
S98_01818,Cd_num,ElasticNet,5,1,0.01,0.03382051813575199,-0.023820518135751985,0.023820518135751985,0.0005674170842556892
S98_01822,Cd_num,ElasticNet,5,1,0.11,0.04428064842497259,0.06571935157502741,0.06571935157502741,0.0043190331714420575
S98_01785,Cd_num,ElasticNet,5,2,0.28,0.37451557943308855,-0.09451557943308853,0.09451557943308853,0.008933194755572466
S98_01796,Cd_num,ElasticNet,5,2,0.06,0.05515211344094439,0.00484788655905561,0.00484788655905561,2.3502004089472043e-05
S98_01807,Cd_num,ElasticNet,5,2,0.16,0.06029662577486988,0.09970337422513012,0.09970337422513012,0.009940762831876341
S98_01810,Cd_num,ElasticNet,5,2,0.01,0.06230921173791587,-0.05230921173791587,0.05230921173791587,0.0027362536326421155
S98_01813,Cd_num,ElasticNet,5,2,0.01,0.04522468001034323,-0.03522468001034323,0.03522468001034323,0.0012407780818310737
S98_01823,Cd_num,ElasticNet,5,2,0.06,0.06059867039058965,-0.0005986703905896534,0.0005986703905896534,3.584062365687682e-07
S98_01825,Cd_num,ElasticNet,5,2,0.03,0.04735237740630169,-0.01735237740630169,0.01735237740630169,0.00030110500165072933
S98_01826,Cd_num,ElasticNet,5,2,0.02,0.04275133353444924,-0.022751333534449237,0.022751333534449237,0.0005176231775957544
S98_01791,Cd_num,ElasticNet,5,3,0.12,0.1482002739855727,-0.028200273985572705,0.028200273985572705,0.0007952554528613687
S98_01792,Cd_num,ElasticNet,5,3,0.66,0.4295783903134581,0.2304216096865419,0.2304216096865419,0.05309411821053706
S98_01794,Cd_num,ElasticNet,5,3,0.14,0.06583477170815011,0.0741652282918499,0.0741652282918499,0.005500481087582214
S98_01795,Cd_num,ElasticNet,5,3,0.08,0.10573286818335521,-0.025732868183355212,0.025732868183355212,0.000662180504941935
S98_01806,Cd_num,ElasticNet,5,3,0.05,0.1235864307229863,-0.0735864307229863,0.0735864307229863,0.005414962786548862
S98_01815,Cd_num,ElasticNet,5,3,0.03,-0.039064867249617885,0.06906486724961788,0.06906486724961788,0.004769955888207341
S98_01824,Cd_num,ElasticNet,5,3,0.06,0.07295857872501796,-0.01295857872501796,0.01295857872501796,0.0001679247625724881
S98_01827,Cd_num,ElasticNet,5,3,0.07,0.0568012745378274,0.013198725462172607,0.013198725462172607,0.0001742063538258035
S98_01786,Cd_num,ElasticNet,5,4,0.19,0.05055501988322963,0.13944498011677037,0.13944498011677037,0.019444902479766484
S98_01797,Cd_num,ElasticNet,5,4,0.02,0.04940334909258617,-0.029403349092586167,0.029403349092586167,0.0008645569378604878
S98_01798,Cd_num,ElasticNet,5,4,0.39,0.377729151475823,0.012270848524177036,0.012270848524177036,0.00015057372350329773
S98_01801,Cd_num,ElasticNet,5,4,0.09,0.05105089082829411,0.03894910917170589,0.03894910917170589,0.0015170331052694638
S98_01803,Cd_num,ElasticNet,5,4,0.08,0.05708941502983807,0.022910584970161935,0.022910584970161935,0.00052489490367501
S98_01804,Cd_num,ElasticNet,5,4,0.07,0.06419137868297786,0.005808621317022145,0.005808621317022145,3.3740081604564074e-05
S98_01820,Cd_num,ElasticNet,5,4,0.03,0.03614175919524276,-0.006141759195242763,0.006141759195242763,3.772120601234903e-05
S98_01828,Cd_num,ElasticNet,5,4,0.09,0.06463966886285387,0.025360331137146128,0.025360331137146128,0.0006431463953857034
S98_01788,Cd_num,ElasticNet,5,5,0.27,0.1766404262684974,0.09335957373150261,0.09335957373150261,0.008716010007327872
S98_01789,Cd_num,ElasticNet,5,5,0.12,0.21386998159437182,-0.09386998159437182,0.09386998159437182,0.008811573444527704
S98_01800,Cd_num,ElasticNet,5,5,0.15,0.18887433980140536,-0.038874339801405366,0.038874339801405366,0.0015112142949951293
S98_01809,Cd_num,ElasticNet,5,5,0.08,0.0629466905457033,0.0170533094542967,0.0170533094542967,0.0002908153633440052
S98_01817,Cd_num,ElasticNet,5,5,0.01,0.05679448568018259,-0.04679448568018259,0.04679448568018259,0.0021897238900728134
S98_01819,Cd_num,ElasticNet,5,5,0.02,0.04770487109406691,-0.02770487109406691,0.02770487109406691,0.0007675598823388642
S98_01821,Cd_num,ElasticNet,5,5,0.03,0.03788367634173853,-0.007883676341738532,0.007883676341738532,6.215235266128785e-05
S98_01834,Cd_num,ElasticNet,5,5,0.01,0.05433959387611423,-0.044339593876114226,0.044339593876114226,0.0019659995850987463
S98_01791,Cd_num,HuberRegressor,1,1,0.12,0.16511639332663341,-0.04511639332663342,0.04511639332663342,0.0020354889468034926
S98_01799,Cd_num,HuberRegressor,1,1,0.06,0.04531766803048877,0.014682331969511228,0.014682331969511228,0.00021557087206293147
S98_01802,Cd_num,HuberRegressor,1,1,0.2,0.16031328417806254,0.039686715821937474,0.039686715821937474,0.0015750354127312223
S98_01803,Cd_num,HuberRegressor,1,1,0.08,0.06450315370451783,0.015496846295482175,0.015496846295482175,0.0002401522451057996
S98_01806,Cd_num,HuberRegressor,1,1,0.05,0.11718838975978563,-0.06718838975978562,0.06718838975978562,0.004514279718512866
S98_01815,Cd_num,HuberRegressor,1,1,0.03,-0.028958859605833373,0.05895885960583337,0.05895885960583337,0.00347614712602037
S98_01817,Cd_num,HuberRegressor,1,1,0.01,0.034987852259497174,-0.02498785225949717,0.02498785225949717,0.0006243927605424579
S98_01827,Cd_num,HuberRegressor,1,1,0.07,0.04328340756806798,0.02671659243193203,0.02671659243193203,0.0007137763111739677
S98_01793,Cd_num,HuberRegressor,1,2,0.16,0.17944413526120218,-0.019444135261202172,0.019444135261202172,0.0003780743960559257
S98_01795,Cd_num,HuberRegressor,1,2,0.08,0.10635439606085016,-0.02635439606085016,0.02635439606085016,0.0006945541917321545
S98_01796,Cd_num,HuberRegressor,1,2,0.06,0.054382896688438785,0.005617103311561213,0.005617103311561213,3.155184961275194e-05
S98_01800,Cd_num,HuberRegressor,1,2,0.15,0.17977528261313347,-0.029775282613133475,0.029775282613133475,0.0008865674546919686
S98_01813,Cd_num,HuberRegressor,1,2,0.01,0.044728852856339485,-0.03472885285633948,0.03472885285633948,0.001206093220717279
S98_01821,Cd_num,HuberRegressor,1,2,0.03,0.03223086071620518,-0.0022308607162051797,0.0022308607162051797,4.976739535107487e-06
S98_01824,Cd_num,HuberRegressor,1,2,0.06,0.05794664543986937,0.0020533545601306297,0.0020533545601306297,4.216264949609252e-06
S98_01834,Cd_num,HuberRegressor,1,2,0.01,0.04146564787432325,-0.031465647874323245,0.031465647874323245,0.000990086996150903
S98_01785,Cd_num,HuberRegressor,1,3,0.28,0.2800638890556556,-6.38890556555749e-05,6.38890556555749e-05,4.081811432561147e-09
S98_01786,Cd_num,HuberRegressor,1,3,0.19,0.06578894864063523,0.12421105135936478,0.12421105135936478,0.015428385279798755
S98_01792,Cd_num,HuberRegressor,1,3,0.66,0.3872449549764697,0.2727550450235303,0.2727550450235303,0.07439531458578805
S98_01798,Cd_num,HuberRegressor,1,3,0.39,0.28676929433887544,0.10323070566112458,0.10323070566112458,0.010656578591293738
S98_01804,Cd_num,HuberRegressor,1,3,0.07,0.06666706023026608,0.0033329397697339225,0.0033329397697339225,1.1108487508674012e-05
S98_01811,Cd_num,HuberRegressor,1,3,0.05,0.04747361569077569,0.0025263843092243124,0.0025263843092243124,6.382617677894806e-06
S98_01819,Cd_num,HuberRegressor,1,3,0.02,0.04792403788080632,-0.02792403788080632,0.02792403788080632,0.0007797518915687063
S98_01823,Cd_num,HuberRegressor,1,3,0.06,0.06520759808220972,-0.005207598082209719,0.005207598082209719,2.7119077785834342e-05
S98_01788,Cd_num,HuberRegressor,1,4,0.27,0.168360883560544,0.10163911643945603,0.10163911643945603,0.0103305099905933
S98_01789,Cd_num,HuberRegressor,1,4,0.12,0.17941804412915352,-0.059418044129153524,0.059418044129153524,0.0035305039681340356
S98_01808,Cd_num,HuberRegressor,1,4,0.11,0.17597886314167765,-0.06597886314167765,0.06597886314167765,0.00435321038146823
S98_01810,Cd_num,HuberRegressor,1,4,0.01,0.06495886054601227,-0.05495886054601227,0.05495886054601227,0.003020476352516024
S98_01820,Cd_num,HuberRegressor,1,4,0.03,0.026041727119986563,0.003958272880013436,0.003958272880013436,1.566792419264986e-05
S98_01822,Cd_num,HuberRegressor,1,4,0.11,0.036081589780004863,0.07391841021999514,0.07391841021999514,0.0054639313694514816
S98_01825,Cd_num,HuberRegressor,1,4,0.03,0.04996210959413788,-0.019962109594137883,0.019962109594137883,0.00039848581944837175
S98_01826,Cd_num,HuberRegressor,1,4,0.02,0.03237730514372883,-0.012377305143728829,0.012377305143728829,0.00015319768262097612
S98_01794,Cd_num,HuberRegressor,1,5,0.14,0.04109276956529635,0.09890723043470366,0.09890723043470366,0.00978264023226357
S98_01797,Cd_num,HuberRegressor,1,5,0.02,0.04011811660935316,-0.02011811660935316,0.02011811660935316,0.0004047386159075315
S98_01801,Cd_num,HuberRegressor,1,5,0.09,0.045474293940685494,0.0445257060593145,0.0445257060593145,0.0019825385000804764
S98_01805,Cd_num,HuberRegressor,1,5,0.01,0.04329298155582591,-0.033292981555825905,0.033292981555825905,0.0011084226208765639
S98_01807,Cd_num,HuberRegressor,1,5,0.16,0.045910130566155546,0.11408986943384446,0.11408986943384446,0.013016498307431675
S98_01809,Cd_num,HuberRegressor,1,5,0.08,0.04711535072664585,0.032884649273354154,0.032884649273354154,0.001081400157831512
S98_01818,Cd_num,HuberRegressor,1,5,0.01,0.02376006683861566,-0.01376006683861566,0.01376006683861566,0.00018933943940317033
S98_01828,Cd_num,HuberRegressor,1,5,0.09,0.059040415438798864,0.030959584561201133,0.030959584561201133,0.0009584958762021635
S98_01785,Cd_num,HuberRegressor,2,1,0.28,0.37659765281475277,-0.09659765281475274,0.09659765281475274,0.009331106529319509
S98_01788,Cd_num,HuberRegressor,2,1,0.27,0.17103631143757198,0.09896368856242804,0.09896368856242804,0.00979381165388125
S98_01795,Cd_num,HuberRegressor,2,1,0.08,0.10407478568260162,-0.024074785682601615,0.024074785682601615,0.0005795953056631997
S98_01805,Cd_num,HuberRegressor,2,1,0.01,0.05915078139498405,-0.04915078139498405,0.04915078139498405,0.00241579931173751
S98_01806,Cd_num,HuberRegressor,2,1,0.05,0.12609024122576443,-0.07609024122576442,0.07609024122576442,0.00578972480979502
S98_01811,Cd_num,HuberRegressor,2,1,0.05,0.0459705286065585,0.004029471393441501,0.004029471393441501,1.6236639710563393e-05
S98_01825,Cd_num,HuberRegressor,2,1,0.03,0.0629232504801283,-0.0329232504801283,0.0329232504801283,0.0010839404221772682
S98_01826,Cd_num,HuberRegressor,2,1,0.02,0.03131270845215341,-0.011312708452153406,0.011312708452153406,0.00012797737252342312
S98_01791,Cd_num,HuberRegressor,2,2,0.12,0.17210036896137645,-0.05210036896137646,0.05210036896137646,0.0027144484459115594
S98_01793,Cd_num,HuberRegressor,2,2,0.16,0.18147438065048832,-0.021474380650488317,0.021474380650488317,0.00046114902432206704
S98_01794,Cd_num,HuberRegressor,2,2,0.14,0.040905357446518145,0.09909464255348187,0.09909464255348187,0.009819748182802339
S98_01796,Cd_num,HuberRegressor,2,2,0.06,0.04133135331614537,0.01866864668385463,0.01866864668385463,0.00034851836900659646
S98_01799,Cd_num,HuberRegressor,2,2,0.06,0.036435655429331706,0.02356434457066829,0.02356434457066829,0.0005552783350451842
S98_01802,Cd_num,HuberRegressor,2,2,0.2,0.1660621877059444,0.033937812294055625,0.033937812294055625,0.001151775103306553
S98_01808,Cd_num,HuberRegressor,2,2,0.11,0.17846498719681572,-0.06846498719681572,0.06846498719681572,0.004687454471860141
S98_01827,Cd_num,HuberRegressor,2,2,0.07,0.04470127605437447,0.02529872394562554,0.02529872394562554,0.000640025433276967
S98_01801,Cd_num,HuberRegressor,2,3,0.09,0.040371773201657093,0.0496282267983429,0.0496282267983429,0.0024629608951477608
S98_01803,Cd_num,HuberRegressor,2,3,0.08,0.05066586570421717,0.029334134295782834,0.029334134295782834,0.0008604914348830226
S98_01804,Cd_num,HuberRegressor,2,3,0.07,0.05822605121268562,0.011773948787314387,0.011773948787314387,0.00013862587004630193
S98_01807,Cd_num,HuberRegressor,2,3,0.16,0.04457411937411768,0.11542588062588233,0.11542588062588233,0.013323133918260437
S98_01813,Cd_num,HuberRegressor,2,3,0.01,0.03802210600284403,-0.02802210600284403,0.02802210600284403,0.0007852384248346274
S98_01820,Cd_num,HuberRegressor,2,3,0.03,0.02609233702862089,0.003907662971379108,0.003907662971379108,1.5269829897887403e-05
S98_01821,Cd_num,HuberRegressor,2,3,0.03,0.03021763343978298,-0.00021763343978298266,0.00021763343978298266,4.736431411177314e-08
S98_01823,Cd_num,HuberRegressor,2,3,0.06,0.04369495943273696,0.016305040567263035,0.016305040567263035,0.0002658543479000933
S98_01786,Cd_num,HuberRegressor,2,4,0.19,0.06819151240472834,0.12180848759527166,0.12180848759527166,0.014837307650247449
S98_01789,Cd_num,HuberRegressor,2,4,0.12,0.20220583924522234,-0.08220583924522235,0.08220583924522235,0.006757800006011339
S98_01797,Cd_num,HuberRegressor,2,4,0.02,0.0673986995515844,-0.04739869955158439,0.04739869955158439,0.0022466367191813666
S98_01815,Cd_num,HuberRegressor,2,4,0.03,-0.01959979660426371,0.04959979660426371,0.04959979660426371,0.00246013982318433
S98_01817,Cd_num,HuberRegressor,2,4,0.01,0.037202253321753906,-0.027202253321753904,0.027202253321753904,0.0007399625857808713
S98_01819,Cd_num,HuberRegressor,2,4,0.02,0.04549144690717351,-0.025491446907173507,0.025491446907173507,0.0006498138654212458
S98_01824,Cd_num,HuberRegressor,2,4,0.06,0.05973382943700006,0.00026617056299993447,0.00026617056299993447,7.084676860770209e-08
S98_01828,Cd_num,HuberRegressor,2,4,0.09,0.06175458586448057,0.028245414135519425,0.028245414135519425,0.0007978034196870006
S98_01792,Cd_num,HuberRegressor,2,5,0.66,0.37801028451258883,0.2819897154874112,0.2819897154874112,0.07951819964067111
S98_01798,Cd_num,HuberRegressor,2,5,0.39,0.28114976116049206,0.10885023883950795,0.10885023883950795,0.011848374495417925
S98_01800,Cd_num,HuberRegressor,2,5,0.15,0.14416918773108192,0.005830812268918073,0.005830812268918073,3.399837171536553e-05
S98_01809,Cd_num,HuberRegressor,2,5,0.08,0.0711476526737353,0.008852347326264706,0.008852347326264706,7.83640531848259e-05
S98_01810,Cd_num,HuberRegressor,2,5,0.01,0.07801248944772586,-0.06801248944772587,0.06801248944772587,0.004625698720877022
S98_01818,Cd_num,HuberRegressor,2,5,0.01,0.010449779334830794,-0.00044977933483079414,0.00044977933483079414,2.0230145004083164e-07
S98_01822,Cd_num,HuberRegressor,2,5,0.11,0.03418055423202017,0.07581944576797983,0.07581944576797983,0.005748588356563635
S98_01834,Cd_num,HuberRegressor,2,5,0.01,0.03301419515723156,-0.023014195157231555,0.023014195157231555,0.0005296531787351403
S98_01788,Cd_num,HuberRegressor,3,1,0.27,0.13902358973852105,0.13097641026147896,0.13097641026147896,0.01715482004498325
S98_01792,Cd_num,HuberRegressor,3,1,0.66,0.41840379825128293,0.2415962017487171,0.2415962017487171,0.058368724699406814
S98_01793,Cd_num,HuberRegressor,3,1,0.16,0.14708834452730407,0.012911655472695932,0.012911655472695932,0.00016671084704559882
S98_01803,Cd_num,HuberRegressor,3,1,0.08,0.05958776810223701,0.020412231897762992,0.020412231897762992,0.00041665921104805295
S98_01807,Cd_num,HuberRegressor,3,1,0.16,0.05632377657435976,0.10367622342564024,0.10367622342564024,0.010748759303803274
S98_01825,Cd_num,HuberRegressor,3,1,0.03,0.04430574984800633,-0.014305749848006331,0.014305749848006331,0.00020465447871373317
S98_01828,Cd_num,HuberRegressor,3,1,0.09,0.05661835725314477,0.03338164274685523,0.03338164274685523,0.0011143340724786722
S98_01834,Cd_num,HuberRegressor,3,1,0.01,0.03526462123530775,-0.025264621235307747,0.025264621235307747,0.0006383010861635631
S98_01789,Cd_num,HuberRegressor,3,2,0.12,0.21248738985751514,-0.09248738985751515,0.09248738985751515,0.008553917282655995
S98_01791,Cd_num,HuberRegressor,3,2,0.12,0.18387577646288708,-0.06387577646288708,0.06387577646288708,0.00408011481873672
S98_01794,Cd_num,HuberRegressor,3,2,0.14,0.04769814291074965,0.09230185708925037,0.09230185708925037,0.008519632822124399
S98_01802,Cd_num,HuberRegressor,3,2,0.2,0.15662298101889988,0.043377018981100135,0.043377018981100135,0.0018815657756867214
S98_01809,Cd_num,HuberRegressor,3,2,0.08,0.050810949796036696,0.029189050203963306,0.029189050203963306,0.0008520006518094903
S98_01810,Cd_num,HuberRegressor,3,2,0.01,0.05285808897055656,-0.04285808897055656,0.04285808897055656,0.0018368157902081419
S98_01821,Cd_num,HuberRegressor,3,2,0.03,0.02229437450696886,0.007705625493031137,0.007705625493031137,5.9376664238851357e-05
S98_01824,Cd_num,HuberRegressor,3,2,0.06,0.05094348019147031,0.009056519808529687,0.009056519808529687,8.202055104229059e-05
S98_01799,Cd_num,HuberRegressor,3,3,0.06,0.04086564854594027,0.019134351454059728,0.019134351454059728,0.00036612340556747765
S98_01800,Cd_num,HuberRegressor,3,3,0.15,0.175168365814762,-0.025168365814762006,0.025168365814762006,0.0006334466377856808
S98_01801,Cd_num,HuberRegressor,3,3,0.09,0.05821665965111241,0.031783340348887586,0.031783340348887586,0.0010101807237332255
S98_01813,Cd_num,HuberRegressor,3,3,0.01,0.03472161402257032,-0.024721614022570317,0.024721614022570317,0.0006111581998809453
S98_01815,Cd_num,HuberRegressor,3,3,0.03,-0.018346826283328066,0.048346826283328065,0.048346826283328065,0.0023374156116703015
S98_01817,Cd_num,HuberRegressor,3,3,0.01,0.0364185985335498,-0.026418598533549796,0.026418598533549796,0.0006979423484768794
S98_01818,Cd_num,HuberRegressor,3,3,0.01,0.012426596945696533,-0.002426596945696533,0.002426596945696533,5.888372736863742e-06
S98_01823,Cd_num,HuberRegressor,3,3,0.06,0.05864632996543935,0.0013536700345606473,0.0013536700345606473,1.832422562467424e-06
S98_01785,Cd_num,HuberRegressor,3,4,0.28,0.3940151355580788,-0.1140151355580788,0.1140151355580788,0.012999451136327084
S98_01786,Cd_num,HuberRegressor,3,4,0.19,0.05757578197952962,0.13242421802047039,0.13242421802047039,0.017536173518333073
S98_01795,Cd_num,HuberRegressor,3,4,0.08,0.10622706507019716,-0.02622706507019716,0.02622706507019716,0.000687858942196356
S98_01797,Cd_num,HuberRegressor,3,4,0.02,0.04811665198889062,-0.028116651988890618,0.028116651988890618,0.0007905461190643868
S98_01806,Cd_num,HuberRegressor,3,4,0.05,0.12368338102199722,-0.07368338102199722,0.07368338102199722,0.005429240638832819
S98_01808,Cd_num,HuberRegressor,3,4,0.11,0.186589312658135,-0.076589312658135,0.076589312658135,0.005865922813445557
S98_01822,Cd_num,HuberRegressor,3,4,0.11,0.03468262393994534,0.07531737606005466,0.07531737606005466,0.005672707136571695
S98_01826,Cd_num,HuberRegressor,3,4,0.02,0.029848648533207178,-0.009848648533207178,0.009848648533207178,9.699587793064389e-05
S98_01796,Cd_num,HuberRegressor,3,5,0.06,0.05262396440532731,0.007376035594672689,0.007376035594672689,5.440590109387849e-05
S98_01798,Cd_num,HuberRegressor,3,5,0.39,0.3287788076993854,0.061221192300614624,0.061221192300614624,0.0037480343867088354
S98_01804,Cd_num,HuberRegressor,3,5,0.07,0.0648798744402515,0.005120125559748501,0.005120125559748501,2.6215685747589896e-05
S98_01805,Cd_num,HuberRegressor,3,5,0.01,0.055586032737939994,-0.04558603273793999,0.04558603273793999,0.002078086380784537
S98_01811,Cd_num,HuberRegressor,3,5,0.05,0.05032466069929476,-0.00032466069929475844,0.00032466069929475844,1.0540456966656156e-07
S98_01819,Cd_num,HuberRegressor,3,5,0.02,0.042253550672931225,-0.022253550672931225,0.022253550672931225,0.0004952205175527178
S98_01820,Cd_num,HuberRegressor,3,5,0.03,0.02528788771187379,0.004712112288126208,0.004712112288126208,2.2204002215910008e-05
S98_01827,Cd_num,HuberRegressor,3,5,0.07,0.0465513825496358,0.02344861745036421,0.02344861745036421,0.0005498376603335249
S98_01791,Cd_num,HuberRegressor,4,1,0.12,0.17891749808044133,-0.05891749808044133,0.05891749808044133,0.003471271580058808
S98_01801,Cd_num,HuberRegressor,4,1,0.09,0.04350419407076512,0.04649580592923488,0.04649580592923488,0.0021618599690090734
S98_01804,Cd_num,HuberRegressor,4,1,0.07,0.054649708722837705,0.015350291277162302,0.015350291277162302,0.00023563144229372506
S98_01807,Cd_num,HuberRegressor,4,1,0.16,0.044915849911108655,0.11508415008889135,0.11508415008889135,0.01324436160168247
S98_01821,Cd_num,HuberRegressor,4,1,0.03,0.017243709733157836,0.012756290266842163,0.012756290266842163,0.0001627229413719321
S98_01823,Cd_num,HuberRegressor,4,1,0.06,0.04452636029668747,0.01547363970331253,0.01547363970331253,0.0002394335256679299
S98_01828,Cd_num,HuberRegressor,4,1,0.09,0.052273716761233754,0.03772628323876624,0.03772628323876624,0.0014232724470116147
S98_01834,Cd_num,HuberRegressor,4,1,0.01,0.04016812280543475,-0.030168122805434745,0.030168122805434745,0.000910115633603792
S98_01789,Cd_num,HuberRegressor,4,2,0.12,0.18147888358922742,-0.06147888358922743,0.06147888358922743,0.0037796531273777776
S98_01793,Cd_num,HuberRegressor,4,2,0.16,0.183592362153197,-0.02359236215319699,0.02359236215319699,0.0005565995519676017
S98_01796,Cd_num,HuberRegressor,4,2,0.06,0.05653309019055207,0.0034669098094479295,0.0034669098094479295,1.2019463626846278e-05
S98_01798,Cd_num,HuberRegressor,4,2,0.39,0.3772925902285278,0.012707409771472222,0.012707409771472222,0.00016147826310010773
S98_01805,Cd_num,HuberRegressor,4,2,0.01,0.05942168574858202,-0.049421685748582016,0.049421685748582016,0.0024425030222315946
S98_01810,Cd_num,HuberRegressor,4,2,0.01,0.07313595182233501,-0.06313595182233502,0.06313595182233502,0.0039861484125122085
S98_01824,Cd_num,HuberRegressor,4,2,0.06,0.06148749504135141,-0.0014874950413514137,0.0014874950413514137,2.212641498045044e-06
S98_01825,Cd_num,HuberRegressor,4,2,0.03,0.048523254296811445,-0.018523254296811446,0.018523254296811446,0.0003431109497443437
S98_01785,Cd_num,HuberRegressor,4,3,0.28,0.36825632161265887,-0.08825632161265884,0.08825632161265884,0.007789178304597071
S98_01786,Cd_num,HuberRegressor,4,3,0.19,0.04307467727948749,0.1469253227205125,0.1469253227205125,0.02158705045652675
S98_01788,Cd_num,HuberRegressor,4,3,0.27,0.16478077989935191,0.1052192201006481,0.1052192201006481,0.01107108427858863
S98_01809,Cd_num,HuberRegressor,4,3,0.08,0.04709130117886718,0.03290869882113282,0.03290869882113282,0.0010829824581000287
S98_01813,Cd_num,HuberRegressor,4,3,0.01,0.03519144905401832,-0.025191449054018315,0.025191449054018315,0.0006346091054412003
S98_01818,Cd_num,HuberRegressor,4,3,0.01,0.021299926949658946,-0.011299926949658945,0.011299926949658945,0.00012768834906762852
S98_01822,Cd_num,HuberRegressor,4,3,0.11,0.03117183704379456,0.07882816295620544,0.07882816295620544,0.00621387927505008
S98_01827,Cd_num,HuberRegressor,4,3,0.07,0.039652612118283886,0.03034738788171612,0.03034738788171612,0.0009209639512433304
S98_01795,Cd_num,HuberRegressor,4,4,0.08,0.10543590823361788,-0.025435908233617882,0.025435908233617882,0.00064698542766903
S98_01799,Cd_num,HuberRegressor,4,4,0.06,0.046430634790186984,0.013569365209813014,0.013569365209813014,0.00018412767219728378
S98_01800,Cd_num,HuberRegressor,4,4,0.15,0.1845404113290638,-0.0345404113290638,0.0345404113290638,0.0011930400147809187
S98_01803,Cd_num,HuberRegressor,4,4,0.08,0.06366276022632636,0.016337239773673642,0.016337239773673642,0.000266905403422504
S98_01808,Cd_num,HuberRegressor,4,4,0.11,0.17983609558251096,-0.06983609558251096,0.06983609558251096,0.004877080246209606
S98_01817,Cd_num,HuberRegressor,4,4,0.01,0.04272087055706235,-0.03272087055706235,0.03272087055706235,0.0010706553700120295
S98_01819,Cd_num,HuberRegressor,4,4,0.02,0.04781870082178896,-0.02781870082178896,0.02781870082178896,0.0007738801154122018
S98_01826,Cd_num,HuberRegressor,4,4,0.02,0.037309446333827115,-0.017309446333827114,0.017309446333827114,0.00029961693238364094
S98_01792,Cd_num,HuberRegressor,4,5,0.66,0.37480386178126524,0.2851961382187348,0.2851961382187348,0.08133683725487968
S98_01794,Cd_num,HuberRegressor,4,5,0.14,0.0603625471242379,0.07963745287576211,0.07963745287576211,0.006342123900539232
S98_01797,Cd_num,HuberRegressor,4,5,0.02,0.07113417466622719,-0.05113417466622719,0.05113417466622719,0.0026147038187962304
S98_01802,Cd_num,HuberRegressor,4,5,0.2,0.1338191828593542,0.0661808171406458,0.0661808171406458,0.004379900557403597
S98_01806,Cd_num,HuberRegressor,4,5,0.05,0.11588322678692242,-0.06588322678692242,0.06588322678692242,0.004340599571857052
S98_01811,Cd_num,HuberRegressor,4,5,0.05,0.0395133444909785,0.010486655509021503,0.010486655509021503,0.00010996994376489104
S98_01815,Cd_num,HuberRegressor,4,5,0.03,-0.07291181719787526,0.10291181719787526,0.10291181719787526,0.010590842118968893
S98_01820,Cd_num,HuberRegressor,4,5,0.03,0.012923938069285629,0.01707606193071437,0.01707606193071437,0.0002915918910615926
S98_01793,Cd_num,HuberRegressor,5,1,0.16,0.18771193650491652,-0.027711936504916518,0.027711936504916518,0.0007679514248525247
S98_01799,Cd_num,HuberRegressor,5,1,0.06,0.03797659767088955,0.022023402329110445,0.022023402329110445,0.00048503025014986736
S98_01802,Cd_num,HuberRegressor,5,1,0.2,0.16740655745511251,0.032593442544887496,0.032593442544887496,0.0010623324969268823
S98_01805,Cd_num,HuberRegressor,5,1,0.01,0.054027010192521485,-0.04402701019252148,0.04402701019252148,0.0019383776264923905
S98_01808,Cd_num,HuberRegressor,5,1,0.11,0.17987276077087835,-0.06987276077087835,0.06987276077087835,0.0048822026977443965
S98_01811,Cd_num,HuberRegressor,5,1,0.05,0.04803943706409988,0.0019605629359001203,0.0019605629359001203,3.843807025625299e-06
S98_01818,Cd_num,HuberRegressor,5,1,0.01,0.015239033209214214,-0.005239033209214214,0.005239033209214214,2.744746896724939e-05
S98_01822,Cd_num,HuberRegressor,5,1,0.11,0.03357842391585947,0.07642157608414053,0.07642157608414053,0.00584025729118408
S98_01785,Cd_num,HuberRegressor,5,2,0.28,0.37633061673719115,-0.09633061673719112,0.09633061673719112,0.009279587720967606
S98_01796,Cd_num,HuberRegressor,5,2,0.06,0.045879994610087224,0.014120005389912774,0.014120005389912774,0.00019937455221116578
S98_01807,Cd_num,HuberRegressor,5,2,0.16,0.05775772885634964,0.10224227114365037,0.10224227114365037,0.01045348200861172
S98_01810,Cd_num,HuberRegressor,5,2,0.01,0.06517845480887183,-0.055178454808871825,0.055178454808871825,0.0030446618750947104
S98_01813,Cd_num,HuberRegressor,5,2,0.01,0.042465269832142466,-0.032465269832142464,0.032465269832142464,0.0010539937452738195
S98_01823,Cd_num,HuberRegressor,5,2,0.06,0.05645086130195709,0.0035491386980429085,0.0035491386980429085,1.2596385497945712e-05
S98_01825,Cd_num,HuberRegressor,5,2,0.03,0.05702552172702459,-0.02702552172702459,0.02702552172702459,0.0007303788246178782
S98_01826,Cd_num,HuberRegressor,5,2,0.02,0.03220069317354399,-0.012200693173543987,0.012200693173543987,0.00014885691391496283
S98_01791,Cd_num,HuberRegressor,5,3,0.12,0.13781324039990245,-0.017813240399902452,0.017813240399902452,0.0003173115335447169
S98_01792,Cd_num,HuberRegressor,5,3,0.66,0.41421243956514486,0.24578756043485517,0.24578756043485517,0.060411524864517584
S98_01794,Cd_num,HuberRegressor,5,3,0.14,0.05833106663031025,0.08166893336968976,0.08166893336968976,0.006669814677742826
S98_01795,Cd_num,HuberRegressor,5,3,0.08,0.09786551425109052,-0.017865514251090522,0.017865514251090522,0.00031917659945591856
S98_01806,Cd_num,HuberRegressor,5,3,0.05,0.1174948668294733,-0.0674948668294733,0.0674948668294733,0.004555557048328334
S98_01815,Cd_num,HuberRegressor,5,3,0.03,-0.05874977012797164,0.08874977012797164,0.08874977012797164,0.007876521697767806
S98_01824,Cd_num,HuberRegressor,5,3,0.06,0.06694367072284262,-0.006943670722842618,0.006943670722842618,4.821456310726173e-05
S98_01827,Cd_num,HuberRegressor,5,3,0.07,0.048185471719121145,0.02181452828087886,0.02181452828087886,0.0004758736441172637
S98_01786,Cd_num,HuberRegressor,5,4,0.19,0.0466536510178078,0.1433463489821922,0.1433463489821922,0.020548175766524436
S98_01797,Cd_num,HuberRegressor,5,4,0.02,0.03779005346555231,-0.01779005346555231,0.01779005346555231,0.0003164860023072097
S98_01798,Cd_num,HuberRegressor,5,4,0.39,0.33055427559179135,0.05944572440820867,0.05944572440820867,0.003533794150416696
S98_01801,Cd_num,HuberRegressor,5,4,0.09,0.04657277045282552,0.04342722954717448,0.04342722954717448,0.001885924266142984
S98_01803,Cd_num,HuberRegressor,5,4,0.08,0.053818485900791184,0.026181514099208818,0.026181514099208818,0.0006854716805270701
S98_01804,Cd_num,HuberRegressor,5,4,0.07,0.05500089708223199,0.014999102917768015,0.014999102917768015,0.00022497308833779696
S98_01820,Cd_num,HuberRegressor,5,4,0.03,0.018697967867153026,0.011302032132846973,0.011302032132846973,0.0001277359303319055
S98_01828,Cd_num,HuberRegressor,5,4,0.09,0.05212904017628282,0.037870959823717174,0.037870959823717174,0.0014342095979696004
S98_01788,Cd_num,HuberRegressor,5,5,0.27,0.17753887589442305,0.09246112410557697,0.09246112410557697,0.008549059470866906
S98_01789,Cd_num,HuberRegressor,5,5,0.12,0.21893186529137945,-0.09893186529137946,0.09893186529137946,0.009787513970031652
S98_01800,Cd_num,HuberRegressor,5,5,0.15,0.19522413199256516,-0.04522413199256517,0.04522413199256517,0.0020452221144809566
S98_01809,Cd_num,HuberRegressor,5,5,0.08,0.051269435875592406,0.028730564124407595,0.028730564124407595,0.0008254453149066968
S98_01817,Cd_num,HuberRegressor,5,5,0.01,0.04441867912023254,-0.03441867912023254,0.03441867912023254,0.0011846454723815315
S98_01819,Cd_num,HuberRegressor,5,5,0.02,0.04548761391877281,-0.02548761391877281,0.02548761391877281,0.0006496184632724215
S98_01821,Cd_num,HuberRegressor,5,5,0.03,0.03590642026084344,-0.00590642026084344,0.00590642026084344,3.488580029770188e-05
S98_01834,Cd_num,HuberRegressor,5,5,0.01,0.040905788574224736,-0.030905788574224734,0.030905788574224734,0.0009551677673946801
S98_01791,Cd_num,RandomForest,1,1,0.12,0.18754983023512442,-0.06754983023512443,0.06754983023512443,0.00456297956479413
S98_01799,Cd_num,RandomForest,1,1,0.06,0.07924218833998248,-0.01924218833998248,0.01924218833998248,0.0003702618121113577
S98_01802,Cd_num,RandomForest,1,1,0.2,0.1669039880598704,0.03309601194012962,0.03309601194012962,0.0010953460063412024
S98_01803,Cd_num,RandomForest,1,1,0.08,0.0678860331023055,0.012113966897694506,0.012113966897694506,0.00014674819399843826
S98_01806,Cd_num,RandomForest,1,1,0.05,0.07451905817494056,-0.02451905817494056,0.02451905817494056,0.0006011842137861194
S98_01815,Cd_num,RandomForest,1,1,0.03,0.032441505843072344,-0.0024415058430723446,0.0024415058430723446,5.960950781756401e-06
S98_01817,Cd_num,RandomForest,1,1,0.01,0.04301477282663344,-0.03301477282663344,0.03301477282663344,0.0010899752247942138
S98_01827,Cd_num,RandomForest,1,1,0.07,0.050552880089740716,0.01944711991025929,0.01944711991025929,0.0003781904728040033
S98_01793,Cd_num,RandomForest,1,2,0.16,0.17136550024050023,-0.011365500240500231,0.011365500240500231,0.0001291745957168108
S98_01795,Cd_num,RandomForest,1,2,0.08,0.06433598363497678,0.015664016365023223,0.015664016365023223,0.0002453614086837153
S98_01796,Cd_num,RandomForest,1,2,0.06,0.06433598363497678,-0.004335983634976781,0.004335983634976781,1.8800754082786458e-05
S98_01800,Cd_num,RandomForest,1,2,0.15,0.1903655002405002,-0.0403655002405002,0.0403655002405002,0.0016293736096658219
S98_01813,Cd_num,RandomForest,1,2,0.01,0.06057230842130156,-0.05057230842130156,0.05057230842130156,0.0025575583790592485
S98_01821,Cd_num,RandomForest,1,2,0.03,0.0756162157809984,-0.045616215780998406,0.045616215780998406,0.002080839142178608
S98_01824,Cd_num,RandomForest,1,2,0.06,0.06433598363497678,-0.004335983634976781,0.004335983634976781,1.8800754082786458e-05
S98_01834,Cd_num,RandomForest,1,2,0.01,0.06057230842130156,-0.05057230842130156,0.05057230842130156,0.0025575583790592485
S98_01785,Cd_num,RandomForest,1,3,0.28,0.16032111111111116,0.11967888888888886,0.11967888888888886,0.014323036445679007
S98_01786,Cd_num,RandomForest,1,3,0.19,0.06789814506528903,0.12210185493471097,0.12210185493471097,0.014908862978497202
S98_01792,Cd_num,RandomForest,1,3,0.66,0.14973158730158737,0.5102684126984127,0.5102684126984127,0.26037385299775767
S98_01798,Cd_num,RandomForest,1,3,0.39,0.16032111111111116,0.22967888888888885,0.22967888888888885,0.05275239200123455
S98_01804,Cd_num,RandomForest,1,3,0.07,0.06419407635622032,0.005805923643779687,0.005805923643779687,3.3708749357399994e-05
S98_01811,Cd_num,RandomForest,1,3,0.05,0.04847245754245754,0.001527542457542462,0.001527542457542462,2.3333859595948644e-06
S98_01819,Cd_num,RandomForest,1,3,0.02,0.0466706528352968,-0.026670652835296797,0.026670652835296797,0.0007113237226609251
S98_01823,Cd_num,RandomForest,1,3,0.06,0.06633100220814617,-0.006331002208146169,0.006331002208146169,4.008158895955167e-05
S98_01788,Cd_num,RandomForest,1,4,0.27,0.1508029304029304,0.1191970695970696,0.1191970695970696,0.014207941400528655
S98_01789,Cd_num,RandomForest,1,4,0.12,0.25715079365079363,-0.13715079365079363,0.13715079365079363,0.018810340199042576
S98_01808,Cd_num,RandomForest,1,4,0.11,0.15001282051282055,-0.040012820512820554,0.040012820512820554,0.0016010258053911933
S98_01810,Cd_num,RandomForest,1,4,0.01,0.10291709891988528,-0.09291709891988528,0.09291709891988528,0.008633587271687747
S98_01820,Cd_num,RandomForest,1,4,0.03,0.1255737561250837,-0.0955737561250837,0.0955737561250837,0.009134342859856974
S98_01822,Cd_num,RandomForest,1,4,0.11,0.039631423294515564,0.07036857670548444,0.07036857670548444,0.004951736587555647
S98_01825,Cd_num,RandomForest,1,4,0.03,0.039927719590811865,-0.009927719590811866,0.009927719590811866,9.855961627378973e-05
S98_01826,Cd_num,RandomForest,1,4,0.02,0.03350103113765282,-0.01350103113765282,0.01350103113765282,0.000182277841779871
S98_01794,Cd_num,RandomForest,1,5,0.14,0.06482305070803523,0.07517694929196478,0.07517694929196478,0.005651573704846644
S98_01797,Cd_num,RandomForest,1,5,0.02,0.06367840785089238,-0.04367840785089237,0.04367840785089237,0.0019078033123888965
S98_01801,Cd_num,RandomForest,1,5,0.09,0.09159038892537348,-0.0015903889253734843,0.0015903889253734843,2.529336933950626e-06
S98_01805,Cd_num,RandomForest,1,5,0.01,0.052634728844713354,-0.04263472884471335,0.04263472884471335,0.0018177201036622328
S98_01807,Cd_num,RandomForest,1,5,0.16,0.05418422759158053,0.10581577240841947,0.10581577240841947,0.011196977690390427
S98_01809,Cd_num,RandomForest,1,5,0.08,0.05599394981380276,0.02400605018619724,0.02400605018619724,0.0005762904455422205
S98_01818,Cd_num,RandomForest,1,5,0.01,0.056003264475749,-0.046003264475749,0.046003264475749,0.0021163003424257095
S98_01828,Cd_num,RandomForest,1,5,0.09,0.05112525566538725,0.03887474433461275,0.03887474433461275,0.001511245747081506
S98_01785,Cd_num,RandomForest,2,1,0.28,0.30806893939393937,-0.02806893939393934,0.02806893939393934,0.0007878653587006398
S98_01788,Cd_num,RandomForest,2,1,0.27,0.1270687900987901,0.14293120990120992,0.14293120990120992,0.02042933076382373
S98_01795,Cd_num,RandomForest,2,1,0.08,0.07287402946489903,0.007125970535100973,0.007125970535100973,5.077945606712724e-05
S98_01805,Cd_num,RandomForest,2,1,0.01,0.06473328872415827,-0.05473328872415827,0.05473328872415827,0.002995732894562071
S98_01806,Cd_num,RandomForest,2,1,0.05,0.0725115715524411,-0.0225115715524411,0.0225115715524411,0.0005067708537606755
S98_01811,Cd_num,RandomForest,2,1,0.05,0.06439973052310008,-0.014399730523100077,0.014399730523100077,0.0002073522391379
S98_01825,Cd_num,RandomForest,2,1,0.03,0.061389854380723946,-0.03138985438072395,0.03138985438072395,0.0009853229580430545
S98_01826,Cd_num,RandomForest,2,1,0.02,0.04968899459236416,-0.029688994592364158,0.029688994592364158,0.0008814363999054282
S98_01791,Cd_num,RandomForest,2,2,0.12,0.23200000000000004,-0.11200000000000004,0.11200000000000004,0.01254400000000001
S98_01793,Cd_num,RandomForest,2,2,0.16,0.17763636363636354,-0.017636363636363533,0.017636363636363533,0.00031104132231404597
S98_01794,Cd_num,RandomForest,2,2,0.14,0.0477088645244218,0.09229113547557821,0.09229113547557821,0.008517653687371531
S98_01796,Cd_num,RandomForest,2,2,0.06,0.06452748269961892,-0.004527482699618918,0.004527482699618918,2.0498099595348603e-05
S98_01799,Cd_num,RandomForest,2,2,0.06,0.0677989112710475,-0.007798911271047496,0.007798911271047496,6.0823017013671664e-05
S98_01802,Cd_num,RandomForest,2,2,0.2,0.20653225663225663,-0.006532256632256622,0.006532256632256622,4.267037670966063e-05
S98_01808,Cd_num,RandomForest,2,2,0.11,0.19419892329892333,-0.08419892329892333,0.08419892329892333,0.0070894586846979735
S98_01827,Cd_num,RandomForest,2,2,0.07,0.04231939843495571,0.027680601565044295,0.027680601565044295,0.0007662157030027327
S98_01801,Cd_num,RandomForest,2,3,0.09,0.08886476512250509,0.001135234877494909,0.001135234877494909,1.2887582270808809e-06
S98_01803,Cd_num,RandomForest,2,3,0.08,0.053128395011134956,0.026871604988865046,0.026871604988865046,0.0007220831546775968
S98_01804,Cd_num,RandomForest,2,3,0.07,0.06084839017191959,0.009151609828080415,0.009151609828080415,8.375196244541805e-05
S98_01807,Cd_num,RandomForest,2,3,0.16,0.05548024686298681,0.1045197531370132,0.1045197531370132,0.010924378795822181
S98_01813,Cd_num,RandomForest,2,3,0.01,0.031054077988288523,-0.021054077988288525,0.021054077988288525,0.0004432741999369354
S98_01820,Cd_num,RandomForest,2,3,0.03,0.05928217641491637,-0.029282176414916372,0.029282176414916372,0.0008574458555942846
S98_01821,Cd_num,RandomForest,2,3,0.03,0.05983398294172289,-0.02983398294172289,0.02983398294172289,0.0008900665381670124
S98_01823,Cd_num,RandomForest,2,3,0.06,0.05548024686298681,0.004519753137013187,0.004519753137013187,2.0428168419540543e-05
S98_01786,Cd_num,RandomForest,2,4,0.19,0.07775059214807666,0.11224940785192335,0.11224940785192335,0.012599929563107432
S98_01789,Cd_num,RandomForest,2,4,0.12,0.17473266700619644,-0.054732667006196445,0.054732667006196445,0.0029956648376111847
S98_01797,Cd_num,RandomForest,2,4,0.02,0.07680258576849133,-0.05680258576849133,0.05680258576849133,0.0032265337499868137
S98_01815,Cd_num,RandomForest,2,4,0.03,0.030286936332214975,-0.0002869363322149758,0.0002869363322149758,8.233245874498297e-08
S98_01817,Cd_num,RandomForest,2,4,0.01,0.03907103431484237,-0.02907103431484237,0.02907103431484237,0.0008451250361347426
S98_01819,Cd_num,RandomForest,2,4,0.02,0.04827359169611493,-0.028273591696114927,0.028273591696114927,0.000799395987398619
S98_01824,Cd_num,RandomForest,2,4,0.06,0.07775059214807666,-0.017750592148076658,0.017750592148076658,0.0003150835216073607
S98_01828,Cd_num,RandomForest,2,4,0.09,0.05133428263915882,0.03866571736084118,0.03866571736084118,0.001495037699028455
S98_01792,Cd_num,RandomForest,2,5,0.66,0.1985347041847042,0.46146529581529583,0.46146529581529583,0.2129502192418985
S98_01798,Cd_num,RandomForest,2,5,0.39,0.200562715389186,0.18943728461081402,0.18943728461081402,0.03588648480071856
S98_01800,Cd_num,RandomForest,2,5,0.15,0.19114978354978354,-0.04114978354978355,0.04114978354978355,0.0016933046861940366
S98_01809,Cd_num,RandomForest,2,5,0.08,0.07251806903059484,0.007481930969405165,0.007481930969405165,5.597929103094411e-05
S98_01810,Cd_num,RandomForest,2,5,0.01,0.10958427945893118,-0.09958427945893118,0.09958427945893118,0.009917028715354503
S98_01818,Cd_num,RandomForest,2,5,0.01,0.038634431576717435,-0.028634431576717433,0.028634431576717433,0.0008199306717217124
S98_01822,Cd_num,RandomForest,2,5,0.11,0.038634431576717435,0.07136556842328257,0.07136556842328257,0.005093044356378226
S98_01834,Cd_num,RandomForest,2,5,0.01,0.041776536839875325,-0.03177653683987532,0.03177653683987532,0.0010097482935359536
S98_01788,Cd_num,RandomForest,3,1,0.27,0.14004191086691092,0.1299580891330891,0.1299580891330891,0.01688910493112393
S98_01792,Cd_num,RandomForest,3,1,0.66,0.30912,0.35088,0.35088,0.12311677440000002
S98_01793,Cd_num,RandomForest,3,1,0.16,0.14466377344877354,0.015336226551226462,0.015336226551226462,0.0002351998448305435
S98_01803,Cd_num,RandomForest,3,1,0.08,0.06162482633809261,0.01837517366190739,0.01837517366190739,0.0003376470071052551
S98_01807,Cd_num,RandomForest,3,1,0.16,0.06390482633809261,0.0960951736619074,0.0960951736619074,0.009234282401112142
S98_01825,Cd_num,RandomForest,3,1,0.03,0.05034350932177558,-0.02034350932177558,0.02034350932177558,0.00041385837152516997
S98_01828,Cd_num,RandomForest,3,1,0.09,0.04065658601632288,0.049343413983677115,0.049343413983677115,0.002434772503564542
S98_01834,Cd_num,RandomForest,3,1,0.01,0.0429209220844515,-0.0329209220844515,0.0329209220844515,0.0010837871108905265
S98_01789,Cd_num,RandomForest,3,2,0.12,0.26232777777777777,-0.14232777777777778,0.14232777777777778,0.020257196327160495
S98_01791,Cd_num,RandomForest,3,2,0.12,0.14221111111111112,-0.022211111111111126,0.022211111111111126,0.0004933334567901242
S98_01794,Cd_num,RandomForest,3,2,0.14,0.05064337417467046,0.08935662582532955,0.08935662582532955,0.007984606578887951
S98_01802,Cd_num,RandomForest,3,2,0.2,0.142440745369294,0.05755925463070602,0.05755925463070602,0.0033130677936424524
S98_01809,Cd_num,RandomForest,3,2,0.08,0.09190086956530455,-0.011900869565304548,0.011900869565304548,0.00014163069641039207
S98_01810,Cd_num,RandomForest,3,2,0.01,0.13038301113374642,-0.12038301113374643,0.12038301113374643,0.014492069369627717
S98_01821,Cd_num,RandomForest,3,2,0.03,0.06675436816434092,-0.036754368164340925,0.036754368164340925,0.0013508835791599177
S98_01824,Cd_num,RandomForest,3,2,0.06,0.058146315351141044,0.001853684648858954,0.001853684648858954,3.4361467774153432e-06
S98_01799,Cd_num,RandomForest,3,3,0.06,0.07742182721444893,-0.01742182721444893,0.01742182721444893,0.00030352006349011344
S98_01800,Cd_num,RandomForest,3,3,0.15,0.17102946086480567,-0.02102946086480567,0.02102946086480567,0.0004422382242643933
S98_01801,Cd_num,RandomForest,3,3,0.09,0.08085516054778229,0.00914483945221771,0.00914483945221771,8.36280886068375e-05
S98_01813,Cd_num,RandomForest,3,3,0.01,0.06015056458818631,-0.05015056458818631,0.05015056458818631,0.002515079128513846
S98_01815,Cd_num,RandomForest,3,3,0.03,0.05816246935009106,-0.028162469350091063,0.028162469350091063,0.0007931246798948185
S98_01817,Cd_num,RandomForest,3,3,0.01,0.06231723125485297,-0.05231723125485297,0.05231723125485297,0.0027370926861737645
S98_01818,Cd_num,RandomForest,3,3,0.01,0.05656378513956475,-0.046563785139564745,0.046563785139564745,0.0021681860865235504
S98_01823,Cd_num,RandomForest,3,3,0.06,0.06759472043234215,-0.0075947204323421474,0.0075947204323421474,5.76797784454353e-05
S98_01785,Cd_num,RandomForest,3,4,0.28,0.3463222222222223,-0.06632222222222228,0.06632222222222228,0.004398637160493835
S98_01786,Cd_num,RandomForest,3,4,0.19,0.07839035090153512,0.11160964909846488,0.11160964909846488,0.012456713771882462
S98_01795,Cd_num,RandomForest,3,4,0.08,0.08796100247218669,-0.007961002472186687,0.007961002472186687,6.337756036216254e-05
S98_01797,Cd_num,RandomForest,3,4,0.02,0.07297368423486846,-0.05297368423486845,0.05297368423486845,0.0028062112214155503
S98_01806,Cd_num,RandomForest,3,4,0.05,0.0722564986641612,-0.022256498664161198,0.022256498664161198,0.0004953517327878092
S98_01808,Cd_num,RandomForest,3,4,0.11,0.18952941176470597,-0.07952941176470597,0.07952941176470597,0.006324927335640153
S98_01822,Cd_num,RandomForest,3,4,0.11,0.03303841345989179,0.0769615865401082,0.0769615865401082,0.005923085802770565
S98_01826,Cd_num,RandomForest,3,4,0.02,0.026273306247416157,-0.006273306247416156,0.006273306247416156,3.935437127387058e-05
S98_01796,Cd_num,RandomForest,3,5,0.06,0.06660333462322886,-0.00660333462322886,0.00660333462322886,4.360402814633303e-05
S98_01798,Cd_num,RandomForest,3,5,0.39,0.27117116579327105,0.11882883420672896,0.11882883420672896,0.01412029183893028
S98_01804,Cd_num,RandomForest,3,5,0.07,0.05988103624822924,0.010118963751770765,0.010118963751770765,0.00010239342740965069
S98_01805,Cd_num,RandomForest,3,5,0.01,0.0663197688237033,-0.0563197688237033,0.0563197688237033,0.003171916360355382
S98_01811,Cd_num,RandomForest,3,5,0.05,0.061117451339845565,-0.011117451339845562,0.011117451339845562,0.00012359772429383387
S98_01819,Cd_num,RandomForest,3,5,0.02,0.05988103624822924,-0.03988103624822924,0.03988103624822924,0.0015904970522325743
S98_01820,Cd_num,RandomForest,3,5,0.03,0.055727817949500096,-0.025727817949500097,0.025727817949500097,0.0006619206164426194
S98_01827,Cd_num,RandomForest,3,5,0.07,0.0606177029148959,0.009382297085104109,0.009382297085104109,8.802749859315305e-05
S98_01791,Cd_num,RandomForest,4,1,0.12,0.15489646742146743,-0.03489646742146743,0.03489646742146743,0.0012177634384975377
S98_01801,Cd_num,RandomForest,4,1,0.09,0.09609907429172135,-0.006099074291721351,0.006099074291721351,3.7198707215936304e-05
S98_01804,Cd_num,RandomForest,4,1,0.07,0.06048635922900628,0.009513640770993724,0.009513640770993724,9.050936071951406e-05
S98_01807,Cd_num,RandomForest,4,1,0.16,0.05769359480388892,0.10230640519611109,0.10230640519611109,0.010466600544150866
S98_01821,Cd_num,RandomForest,4,1,0.03,0.04062867573602868,-0.01062867573602868,0.01062867573602868,0.0001129687479016448
S98_01823,Cd_num,RandomForest,4,1,0.06,0.05769359480388892,0.0023064051961110763,0.0023064051961110763,5.319504928648172e-06
S98_01828,Cd_num,RandomForest,4,1,0.09,0.041933834466187404,0.04806616553381259,0.04806616553381259,0.0023103562691238737
S98_01834,Cd_num,RandomForest,4,1,0.01,0.04175610892375599,-0.03175610892375599,0.03175610892375599,0.0010084504539774545
S98_01789,Cd_num,RandomForest,4,2,0.12,0.2969596464646465,-0.17695964646464651,0.17695964646464651,0.031314716476892684
S98_01793,Cd_num,RandomForest,4,2,0.16,0.176432704488494,-0.016432704488493988,0.016432704488493988,0.0002700337768061705
S98_01796,Cd_num,RandomForest,4,2,0.06,0.0701521957823738,-0.010152195782373807,0.010152195782373807,0.00010306707920364852
S98_01798,Cd_num,RandomForest,4,2,0.39,0.321617196969697,0.06838280303030303,0.06838280303030303,0.004676207750281222
S98_01805,Cd_num,RandomForest,4,2,0.01,0.07208692361989577,-0.06208692361989577,0.06208692361989577,0.003854786084582771
S98_01810,Cd_num,RandomForest,4,2,0.01,0.10887452748575815,-0.09887452748575816,0.09887452748575816,0.009776172185531945
S98_01824,Cd_num,RandomForest,4,2,0.06,0.07865927987475203,-0.018659279874752036,0.018659279874752036,0.00034816872544432635
S98_01825,Cd_num,RandomForest,4,2,0.03,0.06508746474543688,-0.03508746474543688,0.03508746474543688,0.0012311301822622758
S98_01785,Cd_num,RandomForest,4,3,0.28,0.3009044973544973,-0.020904497354497287,0.020904497354497287,0.00043699800964418407
S98_01786,Cd_num,RandomForest,4,3,0.19,0.056922032074206,0.13307796792579402,0.13307796792579402,0.01770974554725866
S98_01788,Cd_num,RandomForest,4,3,0.27,0.13509356939356942,0.1349064306064306,0.1349064306064306,0.018199745018967674
S98_01809,Cd_num,RandomForest,4,3,0.08,0.056922032074206,0.023077967925794002,0.023077967925794002,0.0005325926035839767
S98_01813,Cd_num,RandomForest,4,3,0.01,0.047608061785235696,-0.037608061785235694,0.037608061785235694,0.0014143663112421055
S98_01818,Cd_num,RandomForest,4,3,0.01,0.04943028400745793,-0.039430284007457926,0.039430284007457926,0.0015547472969087922
S98_01822,Cd_num,RandomForest,4,3,0.11,0.04943028400745793,0.06056971599254207,0.06056971599254207,0.003668690495417207
S98_01827,Cd_num,RandomForest,4,3,0.07,0.051044040621214544,0.018955959378785463,0.018955959378785463,0.00035932839597016455
S98_01795,Cd_num,RandomForest,4,4,0.08,0.0691195567972587,0.0108804432027413,0.0108804432027413,0.00011838404428807934
S98_01799,Cd_num,RandomForest,4,4,0.06,0.07032036923559436,-0.01032036923559436,0.01032036923559436,0.0001065100211590025
S98_01800,Cd_num,RandomForest,4,4,0.15,0.18108344412177665,-0.03108344412177666,0.03108344412177666,0.000966180498471612
S98_01803,Cd_num,RandomForest,4,4,0.08,0.06649361411249248,0.013506385887507522,0.013506385887507522,0.00018242245974226234
S98_01808,Cd_num,RandomForest,4,4,0.11,0.16768254397702975,-0.05768254397702975,0.05768254397702975,0.003327275879661971
S98_01817,Cd_num,RandomForest,4,4,0.01,0.056971710090588455,-0.04697171009058845,0.04697171009058845,0.0022063415488342893
S98_01819,Cd_num,RandomForest,4,4,0.02,0.05509217255296268,-0.03509217255296268,0.03509217255296268,0.0012314605744869072
S98_01826,Cd_num,RandomForest,4,4,0.02,0.05374296620375633,-0.03374296620375633,0.03374296620375633,0.001138587768227842
S98_01792,Cd_num,RandomForest,4,5,0.66,0.3219416666666667,0.33805833333333335,0.33805833333333335,0.11428343673611112
S98_01794,Cd_num,RandomForest,4,5,0.14,0.0725303432202547,0.06746965677974531,0.06746965677974531,0.004552154585976633
S98_01797,Cd_num,RandomForest,4,5,0.02,0.07530777301268449,-0.05530777301268448,0.05530777301268448,0.00305894975562263
S98_01802,Cd_num,RandomForest,4,5,0.2,0.15840247309450098,0.04159752690549903,0.04159752690549903,0.0017303542446537158
S98_01806,Cd_num,RandomForest,4,5,0.05,0.08098134089904649,-0.030981340899046486,0.030981340899046486,0.0009598434839029306
S98_01811,Cd_num,RandomForest,4,5,0.05,0.05988648274217969,-0.009886482742179688,0.009886482742179688,9.77425410114168e-05
S98_01815,Cd_num,RandomForest,4,5,0.03,0.027789875878858585,0.0022101241211414137,0.0022101241211414137,4.8846486308511065e-06
S98_01820,Cd_num,RandomForest,4,5,0.03,0.05153992502584236,-0.021539925025842364,0.021539925025842364,0.00046396837011891017
S98_01793,Cd_num,RandomForest,5,1,0.16,0.15031329365079366,0.009686706349206348,0.009686706349206348,9.383227989575457e-05
S98_01799,Cd_num,RandomForest,5,1,0.06,0.07845211931206049,-0.01845211931206049,0.01845211931206049,0.00034048070710651575
S98_01802,Cd_num,RandomForest,5,1,0.2,0.17389362942612943,0.02610637057387058,0.02610637057387058,0.0006815425845402558
S98_01805,Cd_num,RandomForest,5,1,0.01,0.06277783156637114,-0.052777831566371135,0.052777831566371135,0.002785499504848241
S98_01808,Cd_num,RandomForest,5,1,0.11,0.16098251831501836,-0.05098251831501836,0.05098251831501836,0.002599217173741183
S98_01811,Cd_num,RandomForest,5,1,0.05,0.08513941831044772,-0.035139418310447715,0.035139418310447715,0.0012347787191966282
S98_01818,Cd_num,RandomForest,5,1,0.01,0.029398186202686215,-0.019398186202686213,0.019398186202686213,0.00037628962795408573
S98_01822,Cd_num,RandomForest,5,1,0.11,0.032006029339941115,0.07799397066005889,0.07799397066005889,0.006083059459322127
S98_01785,Cd_num,RandomForest,5,2,0.28,0.28460303030303025,-0.00460303030303022,0.00460303030303022,2.118788797061448e-05
S98_01796,Cd_num,RandomForest,5,2,0.06,0.06663863783390099,-0.006638637833900993,0.006638637833900993,4.4071512289701666e-05
S98_01807,Cd_num,RandomForest,5,2,0.16,0.06689199493431691,0.09310800506568309,0.09310800506568309,0.008669100607311268
S98_01810,Cd_num,RandomForest,5,2,0.01,0.09273499185999186,-0.08273499185999186,0.08273499185999186,0.00684507887807292
S98_01813,Cd_num,RandomForest,5,2,0.01,0.044703322767703585,-0.03470332276770358,0.03470332276770358,0.0012043206111194138
S98_01823,Cd_num,RandomForest,5,2,0.06,0.06689199493431691,-0.006891994934316914,0.006891994934316914,4.7499594174650007e-05
S98_01825,Cd_num,RandomForest,5,2,0.03,0.05305047071779271,-0.02305047071779271,0.02305047071779271,0.0005313242003118192
S98_01826,Cd_num,RandomForest,5,2,0.02,0.0437075772278404,-0.023707577227840396,0.023707577227840396,0.0005620492180140166
S98_01791,Cd_num,RandomForest,5,3,0.12,0.140175,-0.020175,0.020175,0.00040703062499999995
S98_01792,Cd_num,RandomForest,5,3,0.66,0.34455555555555556,0.31544444444444447,0.31544444444444447,0.09950519753086422
S98_01794,Cd_num,RandomForest,5,3,0.14,0.04116642159583336,0.09883357840416665,0.09883357840416665,0.009768076220172556
S98_01795,Cd_num,RandomForest,5,3,0.08,0.06923304157715922,0.010766958422840783,0.010766958422840783,0.00011592739367918208
S98_01806,Cd_num,RandomForest,5,3,0.05,0.093911337355455,-0.043911337355454994,0.043911337355454994,0.001928205548344577
S98_01815,Cd_num,RandomForest,5,3,0.03,0.02940834323628441,0.0005916567637155902,0.0005916567637155902,3.500577260504057e-07
S98_01824,Cd_num,RandomForest,5,3,0.06,0.0510261626717509,0.0089738373282491,0.0089738373282491,8.052975639387695e-05
S98_01827,Cd_num,RandomForest,5,3,0.07,0.04291245334186511,0.027087546658134898,0.027087546658134898,0.0007337351839566351
S98_01786,Cd_num,RandomForest,5,4,0.19,0.06941266401898755,0.12058733598101246,0.12058733598101246,0.014541305598997582
S98_01797,Cd_num,RandomForest,5,4,0.02,0.06708782741768035,-0.04708782741768035,0.04708782741768035,0.0022172634909172493
S98_01798,Cd_num,RandomForest,5,4,0.39,0.30546611111111116,0.08453388888888885,0.08453388888888885,0.0071459783706790065
S98_01801,Cd_num,RandomForest,5,4,0.09,0.07119933068565422,0.018800669314345778,0.018800669314345778,0.00035346516666738293
S98_01803,Cd_num,RandomForest,5,4,0.08,0.0689282195745431,0.011071780425456895,0.011071780425456895,0.00012258432178953048
S98_01804,Cd_num,RandomForest,5,4,0.07,0.045693520874550274,0.024306479125449733,0.024306479125449733,0.0005908049274759236
S98_01820,Cd_num,RandomForest,5,4,0.03,0.04137613992216933,-0.011376139922169334,0.011376139922169334,0.0001294165595287749
S98_01828,Cd_num,RandomForest,5,4,0.09,0.040040306588836005,0.04995969341116399,0.04995969341116399,0.0024959709657375027
S98_01788,Cd_num,RandomForest,5,5,0.27,0.1286160419424912,0.1413839580575088,0.1413839580575088,0.01998942359600741
S98_01789,Cd_num,RandomForest,5,5,0.12,0.18429931915910172,-0.06429931915910173,0.06429931915910173,0.004134402444324026
S98_01800,Cd_num,RandomForest,5,5,0.15,0.13875240557885482,0.011247594421145174,0.011247594421145174,0.00012650838026257604
S98_01809,Cd_num,RandomForest,5,5,0.08,0.06721413893893491,0.012785861061065093,0.012785861061065093,0.00016347824307286058
S98_01817,Cd_num,RandomForest,5,5,0.01,0.059229036581902705,-0.0492290365819027,0.0492290365819027,0.0024234980427823146
S98_01819,Cd_num,RandomForest,5,5,0.02,0.0608007842380802,-0.0408007842380802,0.0408007842380802,0.0016647039944423737
S98_01821,Cd_num,RandomForest,5,5,0.03,0.0841874929400063,-0.0541874929400063,0.0541874929400063,0.0029362843911232323
S98_01834,Cd_num,RandomForest,5,5,0.01,0.059229036581902705,-0.0492290365819027,0.0492290365819027,0.0024234980427823146
S98_01791,Cd_num,ExtraTrees,1,1,0.12,0.15126666666666658,-0.03126666666666658,0.03126666666666658,0.0009776044444444391
S98_01799,Cd_num,ExtraTrees,1,1,0.06,0.06050524001969822,-0.0005052400196982193,0.0005052400196982193,2.5526747750465703e-07
S98_01802,Cd_num,ExtraTrees,1,1,0.2,0.14354730158730156,0.056452698412698454,0.056452698412698454,0.0031869071580750865
S98_01803,Cd_num,ExtraTrees,1,1,0.08,0.0701630570882506,0.0098369429117494,0.0098369429117494,9.676544584901675e-05
S98_01806,Cd_num,ExtraTrees,1,1,0.05,0.10666199943847002,-0.056661999438470015,0.056661999438470015,0.0032105821803651764
S98_01815,Cd_num,ExtraTrees,1,1,0.03,0.03530204207728977,-0.005302042077289772,0.005302042077289772,2.8111650189351238e-05
S98_01817,Cd_num,ExtraTrees,1,1,0.01,0.05249888470834292,-0.04249888470834292,0.04249888470834292,0.0018061552014530236
S98_01827,Cd_num,ExtraTrees,1,1,0.07,0.06074150336419686,0.009258496635803144,0.009258496635803144,8.571975995517814e-05
S98_01793,Cd_num,ExtraTrees,1,2,0.16,0.14226032319968795,0.01773967680031205,0.01773967680031205,0.0003146961329795295
S98_01795,Cd_num,ExtraTrees,1,2,0.08,0.10929824673877285,-0.02929824673877285,0.02929824673877285,0.0008583872619660138
S98_01796,Cd_num,ExtraTrees,1,2,0.06,0.06963742232586509,-0.009637422325865092,0.009637422325865092,9.28799090870829e-05
S98_01800,Cd_num,ExtraTrees,1,2,0.15,0.15896263089199564,-0.008962630891995643,0.008962630891995643,8.032875250615462e-05
S98_01813,Cd_num,ExtraTrees,1,2,0.01,0.06397116463103153,-0.05397116463103153,0.05397116463103153,0.0029128866116299086
S98_01821,Cd_num,ExtraTrees,1,2,0.03,0.06645478163923833,-0.036454781639238334,0.036454781639238334,0.0013289511043645483
S98_01824,Cd_num,ExtraTrees,1,2,0.06,0.0702999223258651,-0.010299922325865102,0.010299922325865102,0.00010608839991885437
S98_01834,Cd_num,ExtraTrees,1,2,0.01,0.062119649479516384,-0.05211964947951638,0.05211964947951638,0.002716457861867652
S98_01785,Cd_num,ExtraTrees,1,3,0.28,0.14960523809523807,0.13039476190476196,0.13039476190476196,0.01700279393219956
S98_01786,Cd_num,ExtraTrees,1,3,0.19,0.06612302501849716,0.12387697498150284,0.12387697498150284,0.01534550493056788
S98_01792,Cd_num,ExtraTrees,1,3,0.66,0.13287857142857146,0.5271214285714285,0.5271214285714285,0.2778570004591836
S98_01798,Cd_num,ExtraTrees,1,3,0.39,0.15826523809523807,0.23173476190476194,0.23173476190476194,0.05370099987505671
S98_01804,Cd_num,ExtraTrees,1,3,0.07,0.07327494465115209,-0.0032749446511520786,0.0032749446511520786,1.0725262468109609e-05
S98_01811,Cd_num,ExtraTrees,1,3,0.05,0.047948083456790885,0.0020519165432091174,0.0020519165432091174,4.210361500295254e-06
S98_01819,Cd_num,ExtraTrees,1,3,0.02,0.05111120324378066,-0.031111203243780663,0.031111203243780663,0.0009679069672758285
S98_01823,Cd_num,ExtraTrees,1,3,0.06,0.0683315964470686,-0.008331596447068601,0.008331596447068601,6.941549935680613e-05
S98_01788,Cd_num,ExtraTrees,1,4,0.27,0.14820070546737218,0.12179929453262783,0.12179929453262783,0.014835068148645825
S98_01789,Cd_num,ExtraTrees,1,4,0.12,0.22572910052910056,-0.10572910052910056,0.10572910052910056,0.011178642698692653
S98_01808,Cd_num,ExtraTrees,1,4,0.11,0.15941058201058206,-0.04941058201058206,0.04941058201058206,0.0024414056146244553
S98_01810,Cd_num,ExtraTrees,1,4,0.01,0.07879765504829231,-0.06879765504829231,0.06879765504829231,0.004733117340143821
S98_01820,Cd_num,ExtraTrees,1,4,0.03,0.04523866398488949,-0.015238663984889489,0.015238663984889489,0.000232216880044368
S98_01822,Cd_num,ExtraTrees,1,4,0.11,0.05381487851110401,0.05618512148889599,0.05618512148889599,0.003156767876722002
S98_01825,Cd_num,ExtraTrees,1,4,0.03,0.0581948387197407,-0.028194838719740704,0.028194838719740704,0.0007949489304321896
S98_01826,Cd_num,ExtraTrees,1,4,0.02,0.04784472600565738,-0.02784472600565738,0.02784472600565738,0.0007753287663301324
S98_01794,Cd_num,ExtraTrees,1,5,0.14,0.056060910906259205,0.08393908909374082,0.08393908909374082,0.007045770677886958
S98_01797,Cd_num,ExtraTrees,1,5,0.02,0.060794986830335136,-0.04079498683033514,0.04079498683033514,0.0016642309504872174
S98_01801,Cd_num,ExtraTrees,1,5,0.09,0.06759361428131552,0.022406385718684474,0.022406385718684474,0.0005020461209744676
S98_01805,Cd_num,ExtraTrees,1,5,0.01,0.05244125722660553,-0.04244125722660553,0.04244125722660553,0.001801260314974896
S98_01807,Cd_num,ExtraTrees,1,5,0.16,0.05519788641441119,0.10480211358558882,0.10480211358558882,0.01098348301200666
S98_01809,Cd_num,ExtraTrees,1,5,0.08,0.054078421173769466,0.025921578826230536,0.025921578826230536,0.0006719282488444832
S98_01818,Cd_num,ExtraTrees,1,5,0.01,0.04112526834620489,-0.03112526834620489,0.03112526834620489,0.000968782329623264
S98_01828,Cd_num,ExtraTrees,1,5,0.09,0.06478407392744855,0.02521592607255145,0.02521592607255145,0.0006358429276963801
S98_01785,Cd_num,ExtraTrees,2,1,0.28,0.34832666666666684,-0.06832666666666681,0.06832666666666681,0.004668533377777798
S98_01788,Cd_num,ExtraTrees,2,1,0.27,0.145213308913309,0.12478669108669102,0.12478669108669102,0.015571718272365252
S98_01795,Cd_num,ExtraTrees,2,1,0.08,0.10963273133299452,-0.029632731332994516,0.029632731332994516,0.000878098766253435
S98_01805,Cd_num,ExtraTrees,2,1,0.01,0.06952147306354974,-0.05952147306354973,0.05952147306354973,0.0035428057556548763
S98_01806,Cd_num,ExtraTrees,2,1,0.05,0.11825888631836005,-0.06825888631836005,0.06825888631836005,0.004659275561422801
S98_01811,Cd_num,ExtraTrees,2,1,0.05,0.05658236783269528,-0.0065823678326952795,0.0065823678326952795,4.332756628490155e-05
S98_01825,Cd_num,ExtraTrees,2,1,0.03,0.06125281076094006,-0.03125281076094006,0.03125281076094006,0.0009767381804591307
S98_01826,Cd_num,ExtraTrees,2,1,0.02,0.053453880209207646,-0.03345388020920764,0.03345388020920764,0.0011191621010520148
S98_01791,Cd_num,ExtraTrees,2,2,0.12,0.16592862637362632,-0.045928626373626324,0.045928626373626324,0.0021094387205681637
S98_01793,Cd_num,ExtraTrees,2,2,0.16,0.15814119047619044,0.001858809523809568,0.001858809523809568,3.455172845805153e-06
S98_01794,Cd_num,ExtraTrees,2,2,0.14,0.05755023716135945,0.08244976283864056,0.08244976283864056,0.006797963392148073
S98_01796,Cd_num,ExtraTrees,2,2,0.06,0.0578026652234934,0.0021973347765065973,0.0021973347765065973,4.828280120045298e-06
S98_01799,Cd_num,ExtraTrees,2,2,0.06,0.0565361721190746,0.003463827880925398,0.003463827880925398,1.1998103588676132e-05
S98_01802,Cd_num,ExtraTrees,2,2,0.2,0.15175230158730157,0.048247698412698437,0.048247698412698437,0.002327840402122703
S98_01808,Cd_num,ExtraTrees,2,2,0.11,0.16740688034188037,-0.057406880341880365,0.057406880341880365,0.0032955499105869705
S98_01827,Cd_num,ExtraTrees,2,2,0.07,0.05295203591815823,0.017047964081841775,0.017047964081841775,0.0002906330793357673
S98_01801,Cd_num,ExtraTrees,2,3,0.09,0.06310452139041975,0.026895478609580248,0.026895478609580248,0.0007233667696383886
S98_01803,Cd_num,ExtraTrees,2,3,0.08,0.06791288846194471,0.012087111538055292,0.012087111538055292,0.00014609826533338937
S98_01804,Cd_num,ExtraTrees,2,3,0.07,0.06863083717989343,0.001369162820106573,0.001369162820106573,1.8746068279621842e-06
S98_01807,Cd_num,ExtraTrees,2,3,0.16,0.062386572672471045,0.09761342732752895,0.09761342732752895,0.009528381194626775
S98_01813,Cd_num,ExtraTrees,2,3,0.01,0.05761306839896678,-0.04761306839896678,0.04761306839896678,0.002267004282364689
S98_01820,Cd_num,ExtraTrees,2,3,0.03,0.05950730934320772,-0.02950730934320772,0.02950730934320772,0.0008706813046757537
S98_01821,Cd_num,ExtraTrees,2,3,0.03,0.061270129856028234,-0.031270129856028235,0.031270129856028235,0.0009778210212128685
S98_01823,Cd_num,ExtraTrees,2,3,0.06,0.062386572672471045,-0.0023865726724710476,0.0023865726724710476,5.695729120985598e-06
S98_01786,Cd_num,ExtraTrees,2,4,0.19,0.06743665246977638,0.12256334753022362,0.12256334753022362,0.015021774157814373
S98_01789,Cd_num,ExtraTrees,2,4,0.12,0.22339650793650787,-0.10339650793650787,0.10339650793650787,0.010690837853464336
S98_01797,Cd_num,ExtraTrees,2,4,0.02,0.06350306175278785,-0.04350306175278784,0.04350306175278784,0.0018925163818668724
S98_01815,Cd_num,ExtraTrees,2,4,0.03,0.035603104190570216,-0.005603104190570217,0.005603104190570217,3.139477657038553e-05
S98_01817,Cd_num,ExtraTrees,2,4,0.01,0.05464331946291396,-0.04464331946291396,0.04464331946291396,0.001993025972667792
S98_01819,Cd_num,ExtraTrees,2,4,0.02,0.05771990435463043,-0.037719904354630435,0.037719904354630435,0.0014227911845224681
S98_01824,Cd_num,ExtraTrees,2,4,0.06,0.06444363192822643,-0.00444363192822643,0.00444363192822643,1.9745864713553336e-05
S98_01828,Cd_num,ExtraTrees,2,4,0.09,0.06746762242431446,0.022532377575685533,0.022532377575685533,0.0005077080392132563
S98_01792,Cd_num,ExtraTrees,2,5,0.66,0.2583888888888887,0.4016111111111113,0.4016111111111113,0.1612914845679014
S98_01798,Cd_num,ExtraTrees,2,5,0.39,0.2644388888888888,0.12556111111111123,0.12556111111111123,0.015765592623456823
S98_01800,Cd_num,ExtraTrees,2,5,0.15,0.15968984126984131,-0.00968984126984132,0.00968984126984132,9.389302383472005e-05
S98_01809,Cd_num,ExtraTrees,2,5,0.08,0.07097402476247523,0.00902597523752477,0.00902597523752477,8.146822898841032e-05
S98_01810,Cd_num,ExtraTrees,2,5,0.01,0.08501599218102163,-0.07501599218102163,0.07501599218102163,0.005627399082903098
S98_01818,Cd_num,ExtraTrees,2,5,0.01,0.03576700877192983,-0.025767008771929827,0.025767008771929827,0.0006639387410527087
S98_01822,Cd_num,ExtraTrees,2,5,0.11,0.041843367315347185,0.06815663268465282,0.06815663268465282,0.004645326578910684
S98_01834,Cd_num,ExtraTrees,2,5,0.01,0.04500512250460239,-0.03500512250460239,0.03500512250460239,0.0012253586015622206
S98_01788,Cd_num,ExtraTrees,3,1,0.27,0.12791118437118432,0.1420888156288157,0.1420888156288157,0.02018923152679958
S98_01792,Cd_num,ExtraTrees,3,1,0.66,0.3497000000000002,0.31029999999999985,0.31029999999999985,0.09628608999999991
S98_01793,Cd_num,ExtraTrees,3,1,0.16,0.1220731504017437,0.037926849598256304,0.037926849598256304,0.0014384459204487543
S98_01803,Cd_num,ExtraTrees,3,1,0.08,0.061754911173898135,0.018245088826101867,0.018245088826101867,0.0003328832662723472
S98_01807,Cd_num,ExtraTrees,3,1,0.16,0.05809020587919285,0.10190979412080715,0.10190979412080715,0.0103856061377453
S98_01825,Cd_num,ExtraTrees,3,1,0.03,0.05407482459381156,-0.024074824593811564,0.024074824593811564,0.0005795971792227941
S98_01828,Cd_num,ExtraTrees,3,1,0.09,0.0674190299611398,0.0225809700388602,0.0225809700388602,0.000509900207895902
S98_01834,Cd_num,ExtraTrees,3,1,0.01,0.051302894769250144,-0.04130289476925014,0.04130289476925014,0.0017059291163197508
S98_01789,Cd_num,ExtraTrees,3,2,0.12,0.23738841269841277,-0.11738841269841277,0.11738841269841277,0.013780039435852877
S98_01791,Cd_num,ExtraTrees,3,2,0.12,0.18565396825396832,-0.06565396825396833,0.06565396825396833,0.004310443547493081
S98_01794,Cd_num,ExtraTrees,3,2,0.14,0.060840556598940186,0.07915944340105982,0.07915944340105982,0.006266217479565593
S98_01802,Cd_num,ExtraTrees,3,2,0.2,0.14771887021475258,0.05228112978524743,0.05228112978524743,0.0027333165316218862
S98_01809,Cd_num,ExtraTrees,3,2,0.08,0.06639586217571634,0.013604137824283657,0.013604137824283657,0.0001850725659421053
S98_01810,Cd_num,ExtraTrees,3,2,0.01,0.07656191861583624,-0.06656191861583624,0.06656191861583624,0.004430489009821207
S98_01821,Cd_num,ExtraTrees,3,2,0.03,0.048381114301471566,-0.018381114301471567,0.018381114301471567,0.0003378653629637626
S98_01824,Cd_num,ExtraTrees,3,2,0.06,0.06301747281997405,-0.003017472819974054,0.003017472819974054,9.10514221928217e-06
S98_01799,Cd_num,ExtraTrees,3,3,0.06,0.06996308944754215,-0.00996308944754215,0.00996308944754215,9.926315133972576e-05
S98_01800,Cd_num,ExtraTrees,3,3,0.15,0.15253182058682058,-0.0025318205868205823,0.0025318205868205823,6.410115483848518e-06
S98_01801,Cd_num,ExtraTrees,3,3,0.09,0.07934795356862918,0.010652046431370812,0.010652046431370812,0.00011346609317607966
S98_01813,Cd_num,ExtraTrees,3,3,0.01,0.060163847023299716,-0.050163847023299714,0.050163847023299714,0.0025164115481770156
S98_01815,Cd_num,ExtraTrees,3,3,0.03,0.048307869808793084,-0.018307869808793086,0.018307869808793086,0.00033517809693571737
S98_01817,Cd_num,ExtraTrees,3,3,0.01,0.06241273591218861,-0.05241273591218861,0.05241273591218861,0.0027470948858008258
S98_01818,Cd_num,ExtraTrees,3,3,0.01,0.04080529900269287,-0.030805299002692868,0.030805299002692868,0.0009489664466453102
S98_01823,Cd_num,ExtraTrees,3,3,0.06,0.07863684245751808,-0.01863684245751808,0.01863684245751808,0.0003473318967863485
S98_01785,Cd_num,ExtraTrees,3,4,0.28,0.3471333333333334,-0.06713333333333338,0.06713333333333338,0.00450688444444445
S98_01786,Cd_num,ExtraTrees,3,4,0.19,0.06162663486224866,0.12837336513775133,0.12837336513775133,0.016479720876790428
S98_01795,Cd_num,ExtraTrees,3,4,0.08,0.11415294065837546,-0.03415294065837546,0.03415294065837546,0.0011664233556145155
S98_01797,Cd_num,ExtraTrees,3,4,0.02,0.059450164274013374,-0.03945016427401338,0.03945016427401338,0.0015563154612466415
S98_01806,Cd_num,ExtraTrees,3,4,0.05,0.12274254713033486,-0.07274254713033486,0.07274254713033486,0.005291478163008988
S98_01808,Cd_num,ExtraTrees,3,4,0.11,0.2026333333333333,-0.0926333333333333,0.0926333333333333,0.00858093444444444
S98_01822,Cd_num,ExtraTrees,3,4,0.11,0.0487221422959914,0.0612778577040086,0.0612778577040086,0.003754975844792726
S98_01826,Cd_num,ExtraTrees,3,4,0.02,0.043957218548714726,-0.023957218548714725,0.023957218548714725,0.0005739483205908809
S98_01796,Cd_num,ExtraTrees,3,5,0.06,0.06733854735745999,-0.007338547357459993,0.007338547357459993,5.385427731768305e-05
S98_01798,Cd_num,ExtraTrees,3,5,0.39,0.3338821428571428,0.05611785714285722,0.05611785714285722,0.003149213890306131
S98_01804,Cd_num,ExtraTrees,3,5,0.07,0.07963828335245915,-0.009638283352459143,0.009638283352459143,9.289650598229105e-05
S98_01805,Cd_num,ExtraTrees,3,5,0.01,0.0708584041673168,-0.0608584041673168,0.0608584041673168,0.0037037453577924823
S98_01811,Cd_num,ExtraTrees,3,5,0.05,0.05572635038776303,-0.005726350387763028,0.005726350387763028,3.279108876343378e-05
S98_01819,Cd_num,ExtraTrees,3,5,0.02,0.061254969385724146,-0.04125496938572415,0.04125496938572415,0.0017019724990170368
S98_01820,Cd_num,ExtraTrees,3,5,0.03,0.04643748631324105,-0.016437486313241052,0.016437486313241052,0.00027019095629798694
S98_01827,Cd_num,ExtraTrees,3,5,0.07,0.06492988907130173,0.005070110928698274,0.005070110928698274,2.5706024829305672e-05
S98_01791,Cd_num,ExtraTrees,4,1,0.12,0.14929491864457378,-0.029294918644573786,0.029294918644573786,0.0008581922583921969
S98_01801,Cd_num,ExtraTrees,4,1,0.09,0.06261906860249143,0.027380931397508565,0.027380931397508565,0.0007497154041950703
S98_01804,Cd_num,ExtraTrees,4,1,0.07,0.07310599500941783,-0.003105995009417828,0.003105995009417828,9.647204998528453e-06
S98_01807,Cd_num,ExtraTrees,4,1,0.16,0.06110780209122492,0.09889219790877508,0.09889219790877508,0.009779666807228339
S98_01821,Cd_num,ExtraTrees,4,1,0.03,0.05709334837500649,-0.027093348375006494,0.027093348375006494,0.000734049526169467
S98_01823,Cd_num,ExtraTrees,4,1,0.06,0.06110780209122492,-0.0011078020912249215,0.0011078020912249215,1.2272254733223092e-06
S98_01828,Cd_num,ExtraTrees,4,1,0.09,0.07307821723164004,0.016921782768359955,0.016921782768359955,0.0002863467320595639
S98_01834,Cd_num,ExtraTrees,4,1,0.01,0.05558364308201947,-0.04558364308201947,0.04558364308201947,0.002077868516628941
S98_01789,Cd_num,ExtraTrees,4,2,0.12,0.2142531601731602,-0.09425316017316021,0.09425316017316021,0.008883658202627395
S98_01793,Cd_num,ExtraTrees,4,2,0.16,0.1354165405121195,0.024583459487880516,0.024583459487880516,0.0006043464803922625
S98_01796,Cd_num,ExtraTrees,4,2,0.06,0.06986625437466172,-0.009866254374661723,0.009866254374661723,9.734297538553158e-05
S98_01798,Cd_num,ExtraTrees,4,2,0.39,0.33245870129870125,0.05754129870129876,0.05754129870129876,0.0033110010562320863
S98_01805,Cd_num,ExtraTrees,4,2,0.01,0.06978989073829808,-0.05978989073829808,0.05978989073829808,0.0035748310344976227
S98_01810,Cd_num,ExtraTrees,4,2,0.01,0.07082625437466172,-0.06082625437466172,0.06082625437466172,0.0036998332212510544
S98_01824,Cd_num,ExtraTrees,4,2,0.06,0.07082625437466172,-0.010826254374661726,0.010826254374661726,0.00011720778378488215
S98_01825,Cd_num,ExtraTrees,4,2,0.03,0.06637904696219116,-0.03637904696219116,0.03637904696219116,0.0013234350578773097
S98_01785,Cd_num,ExtraTrees,4,3,0.28,0.3424015873015873,-0.06240158730158729,0.06240158730158729,0.0038939580977576205
S98_01786,Cd_num,ExtraTrees,4,3,0.19,0.05874536234487608,0.1312546376551239,0.1312546376551239,0.01722777990597787
S98_01788,Cd_num,ExtraTrees,4,3,0.27,0.1383218864468865,0.1316781135531135,0.1316781135531135,0.017339125588906656
S98_01809,Cd_num,ExtraTrees,4,3,0.08,0.054613198602186025,0.025386801397813977,0.025386801397813977,0.0006444896852120497
S98_01813,Cd_num,ExtraTrees,4,3,0.01,0.04480378301777045,-0.03480378301777045,0.03480378301777045,0.0012113033123480467
S98_01818,Cd_num,ExtraTrees,4,3,0.01,0.038808953797283316,-0.028808953797283314,0.028808953797283314,0.0008299558188940046
S98_01822,Cd_num,ExtraTrees,4,3,0.11,0.044478325142312564,0.06552167485768744,0.06552167485768744,0.00429308987615651
S98_01827,Cd_num,ExtraTrees,4,3,0.07,0.05128037031935774,0.018719629680642266,0.018719629680642266,0.0003504245353803829
S98_01795,Cd_num,ExtraTrees,4,4,0.08,0.09543036367141632,-0.015430363671416314,0.015430363671416314,0.00023809612303216435
S98_01799,Cd_num,ExtraTrees,4,4,0.06,0.06641715357140282,-0.006417153571402823,0.006417153571402823,4.1179859958968e-05
S98_01800,Cd_num,ExtraTrees,4,4,0.15,0.15871076923076927,-0.008710769230769272,0.008710769230769272,7.58775005917167e-05
S98_01803,Cd_num,ExtraTrees,4,4,0.08,0.07203007648182574,0.007969923518174257,0.007969923518174257,6.351968088554714e-05
S98_01808,Cd_num,ExtraTrees,4,4,0.11,0.17123219780219784,-0.06123219780219784,0.06123219780219784,0.003749382047687482
S98_01817,Cd_num,ExtraTrees,4,4,0.01,0.05971350943775868,-0.04971350943775868,0.04971350943775868,0.0024714330206181212
S98_01819,Cd_num,ExtraTrees,4,4,0.02,0.0634155493422986,-0.04341554934229859,0.04341554934229859,0.0018849099246935636
S98_01826,Cd_num,ExtraTrees,4,4,0.02,0.05973619342044265,-0.039736193420442656,0.039736193420442656,0.0015789650675468302
S98_01792,Cd_num,ExtraTrees,4,5,0.66,0.3529396825396826,0.3070603174603174,0.3070603174603174,0.09428603855883091
S98_01794,Cd_num,ExtraTrees,4,5,0.14,0.06005107416716683,0.07994892583283318,0.07994892583283318,0.00639183074182386
S98_01797,Cd_num,ExtraTrees,4,5,0.02,0.06168176199785466,-0.04168176199785466,0.04168176199785466,0.0017373692832458006
S98_01802,Cd_num,ExtraTrees,4,5,0.2,0.1513094444444444,0.0486905555555556,0.0486905555555556,0.0023707702003086463
S98_01806,Cd_num,ExtraTrees,4,5,0.05,0.1040804428904429,-0.05408044289044289,0.05408044289044289,0.002924694303226455
S98_01811,Cd_num,ExtraTrees,4,5,0.05,0.05140176098035366,-0.0014017609803536543,0.0014017609803536543,1.964933846042038e-06
S98_01815,Cd_num,ExtraTrees,4,5,0.03,0.046840322418915094,-0.016840322418915095,0.016840322418915095,0.00028359645917301434
S98_01820,Cd_num,ExtraTrees,4,5,0.03,0.05445677263536531,-0.02445677263536531,0.02445677263536531,0.0005981337277379535
S98_01793,Cd_num,ExtraTrees,5,1,0.16,0.14332905372405377,0.01667094627594623,0.01667094627594623,0.0002779204497354855
S98_01799,Cd_num,ExtraTrees,5,1,0.06,0.05668237050874823,0.003317629491251771,0.003317629491251771,1.1006665441223484e-05
S98_01802,Cd_num,ExtraTrees,5,1,0.2,0.1399090537240538,0.060090946275946217,0.060090946275946217,0.0036109218243386546
S98_01805,Cd_num,ExtraTrees,5,1,0.01,0.06648361093670692,-0.05648361093670692,0.05648361093670692,0.003190398304449277
S98_01808,Cd_num,ExtraTrees,5,1,0.11,0.15465238705738713,-0.044652387057387125,0.044652387057387125,0.001993835669922713
S98_01811,Cd_num,ExtraTrees,5,1,0.05,0.052001493315765784,-0.0020014933157657816,0.0020014933157657816,4.005975493055103e-06
S98_01818,Cd_num,ExtraTrees,5,1,0.01,0.038682919448972085,-0.028682919448972083,0.028682919448972083,0.000822709868116221
S98_01822,Cd_num,ExtraTrees,5,1,0.11,0.04528813395582747,0.06471186604417253,0.06471186604417253,0.00418762560691893
S98_01785,Cd_num,ExtraTrees,5,2,0.28,0.34742190476190493,-0.0674219047619049,0.0674219047619049,0.0045457132417233755
S98_01796,Cd_num,ExtraTrees,5,2,0.06,0.06545381503653613,-0.005453815036536136,0.005453815036536136,2.9744098452747655e-05
S98_01807,Cd_num,ExtraTrees,5,2,0.16,0.07632336948191877,0.08367663051808123,0.08367663051808123,0.007001778494859483
S98_01810,Cd_num,ExtraTrees,5,2,0.01,0.07890970786575714,-0.06890970786575715,0.06890970786575715,0.004748547838143992
S98_01813,Cd_num,ExtraTrees,5,2,0.01,0.05652155673927781,-0.04652155673927781,0.04652155673927781,0.0021642552414458446
S98_01823,Cd_num,ExtraTrees,5,2,0.06,0.07715859675464604,-0.01715859675464604,0.01715859675464604,0.0002944174425885496
S98_01825,Cd_num,ExtraTrees,5,2,0.03,0.05445717203815163,-0.024457172038151634,0.024457172038151634,0.0005981532641037462
S98_01826,Cd_num,ExtraTrees,5,2,0.02,0.055319193546914634,-0.03531919354691464,0.03531919354691464,0.0012474454328044165
S98_01791,Cd_num,ExtraTrees,5,3,0.12,0.16448487734487738,-0.04448487734487738,0.04448487734487738,0.001978904312388785
S98_01792,Cd_num,ExtraTrees,5,3,0.66,0.35357142857142887,0.30642857142857116,0.30642857142857116,0.09389846938775494
S98_01794,Cd_num,ExtraTrees,5,3,0.14,0.05768989299792507,0.08231010700207494,0.08231010700207494,0.006774953714693027
S98_01795,Cd_num,ExtraTrees,5,3,0.08,0.10860113135402612,-0.028601131354026116,0.028601131354026116,0.0008180247147302558
S98_01806,Cd_num,ExtraTrees,5,3,0.05,0.11690889429284168,-0.06690889429284168,0.06690889429284168,0.004476800135490662
S98_01815,Cd_num,ExtraTrees,5,3,0.03,0.04557673399318709,-0.01557673399318709,0.01557673399318709,0.00024263464189451024
S98_01824,Cd_num,ExtraTrees,5,3,0.06,0.060228105896137966,-0.00022810589613796867,0.00022810589613796867,5.203229985290575e-08
S98_01827,Cd_num,ExtraTrees,5,3,0.07,0.0570278883359204,0.012972111664079605,0.012972111664079605,0.00016827568102535014
S98_01786,Cd_num,ExtraTrees,5,4,0.19,0.05973891958478627,0.13026108041521373,0.13026108041521373,0.016967949070938775
S98_01797,Cd_num,ExtraTrees,5,4,0.02,0.059028919584786274,-0.03902891958478627,0.03902891958478627,0.0015232565639557133
S98_01798,Cd_num,ExtraTrees,5,4,0.39,0.3280292063492063,0.06197079365079372,0.06197079365079372,0.0038403792657092555
S98_01801,Cd_num,ExtraTrees,5,4,0.09,0.05973891958478627,0.030261080415213727,0.030261080415213727,0.0009157329878960318
S98_01803,Cd_num,ExtraTrees,5,4,0.08,0.06516523993110662,0.01483476006889338,0.01483476006889338,0.0002200701063016335
S98_01804,Cd_num,ExtraTrees,5,4,0.07,0.06944703157083942,0.000552968429160583,0.000552968429160583,3.057740836483227e-07
S98_01820,Cd_num,ExtraTrees,5,4,0.03,0.052109739925436334,-0.022109739925436335,0.022109739925436335,0.0004888405995704335
S98_01828,Cd_num,ExtraTrees,5,4,0.09,0.0715154442692521,0.018484555730747892,0.018484555730747892,0.00034167880056312473
S98_01788,Cd_num,ExtraTrees,5,5,0.27,0.13534634920634925,0.13465365079365077,0.13465365079365077,0.018131605672058446
S98_01789,Cd_num,ExtraTrees,5,5,0.12,0.20737523809523808,-0.08737523809523809,0.08737523809523809,0.007634432232199545
S98_01800,Cd_num,ExtraTrees,5,5,0.15,0.14789190476190484,0.002108095238095159,0.002108095238095159,4.444065532879485e-06
S98_01809,Cd_num,ExtraTrees,5,5,0.08,0.06590701832552966,0.014092981674470345,0.014092981674470345,0.00019861213247695698
S98_01817,Cd_num,ExtraTrees,5,5,0.01,0.060189702744466944,-0.05018970274446694,0.05018970274446694,0.0025190062615779527
S98_01819,Cd_num,ExtraTrees,5,5,0.02,0.05940163409055463,-0.039401634090554624,0.039401634090554624,0.0015524887690059562
S98_01821,Cd_num,ExtraTrees,5,5,0.03,0.05459614840664788,-0.02459614840664788,0.02459614840664788,0.0006049705164418471
S98_01834,Cd_num,ExtraTrees,5,5,0.01,0.05737166352878067,-0.047371663528780666,0.047371663528780666,0.0022440745054840084
S98_01791,Cd_num,GradientBoosting,1,1,0.12,0.1368399032310154,-0.01683990323101539,0.01683990323101539,0.0002835823408299626
S98_01799,Cd_num,GradientBoosting,1,1,0.06,0.08668737295275789,-0.026687372952757887,0.026687372952757887,0.0007122158751195932
S98_01802,Cd_num,GradientBoosting,1,1,0.2,0.12254753456264063,0.07745246543735938,0.07745246543735938,0.00599888440232535
S98_01803,Cd_num,GradientBoosting,1,1,0.08,0.08668737295275789,-0.0066873729527578835,0.0066873729527578835,4.472095700927769e-05
S98_01806,Cd_num,GradientBoosting,1,1,0.05,0.07019634201105632,-0.020196342011056315,0.020196342011056315,0.0004078922306275582
S98_01815,Cd_num,GradientBoosting,1,1,0.03,0.05564202133557693,-0.02564202133557693,0.02564202133557693,0.0006575132581741824
S98_01817,Cd_num,GradientBoosting,1,1,0.01,0.05564202133557693,-0.045642021335576925,0.045642021335576925,0.0020831941115972592
S98_01827,Cd_num,GradientBoosting,1,1,0.07,0.06401851280998003,0.0059814871900199795,0.0059814871900199795,3.577818900437311e-05
S98_01793,Cd_num,GradientBoosting,1,2,0.16,0.1477599745929672,0.012240025407032812,0.012240025407032812,0.00014981822196480875
S98_01795,Cd_num,GradientBoosting,1,2,0.08,0.08546454139456072,-0.005464541394560721,0.005464541394560721,2.9861212652867626e-05
S98_01796,Cd_num,GradientBoosting,1,2,0.06,0.08546454139456072,-0.025464541394560725,0.025464541394560725,0.0006484428684352967
S98_01800,Cd_num,GradientBoosting,1,2,0.15,0.14380515126692323,0.006194848733076769,0.006194848733076769,3.8376150825702845e-05
S98_01813,Cd_num,GradientBoosting,1,2,0.01,0.06405773178712279,-0.05405773178712279,0.05405773178712279,0.0029222383659685057
S98_01821,Cd_num,GradientBoosting,1,2,0.03,0.07036559640316484,-0.04036559640316484,0.04036559640316484,0.001629381372983194
S98_01824,Cd_num,GradientBoosting,1,2,0.06,0.08546454139456072,-0.025464541394560725,0.025464541394560725,0.0006484428684352967
S98_01834,Cd_num,GradientBoosting,1,2,0.01,0.06405773178712279,-0.05405773178712279,0.05405773178712279,0.0029222383659685057
S98_01785,Cd_num,GradientBoosting,1,3,0.28,0.12399502173637383,0.1560049782636262,0.1560049782636262,0.02433755324303448
S98_01786,Cd_num,GradientBoosting,1,3,0.19,0.07268694060539829,0.11731305939460171,0.11731305939460171,0.013762353904521348
S98_01792,Cd_num,GradientBoosting,1,3,0.66,0.12399502173637383,0.5360049782636263,0.5360049782636263,0.2873013367233905
S98_01798,Cd_num,GradientBoosting,1,3,0.39,0.12399502173637383,0.2660049782636262,0.2660049782636262,0.07075864846103223
S98_01804,Cd_num,GradientBoosting,1,3,0.07,0.062290009051752,0.007709990948248008,0.007709990948248008,5.944396042206622e-05
S98_01811,Cd_num,GradientBoosting,1,3,0.05,0.05025317562279317,-0.0002531756227931656,0.0002531756227931656,6.409789597670726e-08
S98_01819,Cd_num,GradientBoosting,1,3,0.02,0.054835315770751465,-0.03483531577075147,0.03483531577075147,0.001213499224847966
S98_01823,Cd_num,GradientBoosting,1,3,0.06,0.07268694060539829,-0.012686940605398295,0.012686940605398295,0.00016095846192490406
S98_01788,Cd_num,GradientBoosting,1,4,0.27,0.13736339520301213,0.13263660479698788,0.13263660479698788,0.01759246893207235
S98_01789,Cd_num,GradientBoosting,1,4,0.12,0.1914865012953807,-0.0714865012953807,0.0714865012953807,0.005110319867454466
S98_01808,Cd_num,GradientBoosting,1,4,0.11,0.1309164090584962,-0.02091640905849619,0.02091640905849619,0.0004374961679023415
S98_01810,Cd_num,GradientBoosting,1,4,0.01,0.0905560265908994,-0.0805560265908994,0.0805560265908994,0.0064892734201136915
S98_01820,Cd_num,GradientBoosting,1,4,0.03,0.12586214332648726,-0.09586214332648726,0.09586214332648726,0.009189550523147986
S98_01822,Cd_num,GradientBoosting,1,4,0.11,0.06350000258641539,0.04649999741358461,0.04649999741358461,0.0021622497594633756
S98_01825,Cd_num,GradientBoosting,1,4,0.03,0.07151084945354624,-0.041510849453546245,0.041510849453546245,0.0017231506223549806
S98_01826,Cd_num,GradientBoosting,1,4,0.02,0.05656739317378369,-0.036567393173783685,0.036567393173783685,0.0013371742435260817
S98_01794,Cd_num,GradientBoosting,1,5,0.14,0.07350987459725539,0.06649012540274463,0.06649012540274463,0.004420936776072706
S98_01797,Cd_num,GradientBoosting,1,5,0.02,0.07350987459725539,-0.05350987459725538,0.05350987459725538,0.0028633066794139968
S98_01801,Cd_num,GradientBoosting,1,5,0.09,0.07350987459725539,0.01649012540274461,0.01649012540274461,0.00027192423579824307
S98_01805,Cd_num,GradientBoosting,1,5,0.01,0.07350987459725539,-0.06350987459725539,0.06350987459725539,0.004033504171359106
S98_01807,Cd_num,GradientBoosting,1,5,0.16,0.07350987459725539,0.08649012540274462,0.08649012540274462,0.00748054179218249
S98_01809,Cd_num,GradientBoosting,1,5,0.08,0.07350987459725539,0.006490125402744615,0.006490125402744615,4.212172774335095e-05
S98_01818,Cd_num,GradientBoosting,1,5,0.01,0.05632138142536711,-0.04632138142536711,0.04632138142536711,0.002145670377154345
S98_01828,Cd_num,GradientBoosting,1,5,0.09,0.06818931540560663,0.021810684594393365,0.021810684594393365,0.0004757059624761081
S98_01785,Cd_num,GradientBoosting,2,1,0.28,0.32916332534492365,-0.049163325344923625,0.049163325344923625,0.0024170325589708097
S98_01788,Cd_num,GradientBoosting,2,1,0.27,0.1287777874222308,0.1412222125777692,0.1412222125777692,0.019943713325360636
S98_01795,Cd_num,GradientBoosting,2,1,0.08,0.09791464689767716,-0.01791464689767716,0.01791464689767716,0.0003209345734684539
S98_01805,Cd_num,GradientBoosting,2,1,0.01,0.08266283737283857,-0.07266283737283857,0.07266283737283857,0.005279887935071586
S98_01806,Cd_num,GradientBoosting,2,1,0.05,0.09791464689767716,-0.04791464689767716,0.04791464689767716,0.0022958133873290836
S98_01811,Cd_num,GradientBoosting,2,1,0.05,0.06847454627146041,-0.018474546271460404,0.018474546271460404,0.0003413088599363315
S98_01825,Cd_num,GradientBoosting,2,1,0.03,0.07158927256267555,-0.041589272562675556,0.041589272562675556,0.0017296675922925178
S98_01826,Cd_num,GradientBoosting,2,1,0.02,0.0574009814612974,-0.0374009814612974,0.0374009814612974,0.001398833414268312
S98_01791,Cd_num,GradientBoosting,2,2,0.12,0.14111631789515044,-0.02111631789515045,0.02111631789515045,0.0004458988814490511
S98_01793,Cd_num,GradientBoosting,2,2,0.16,0.14941941299649017,0.010580587003509834,0.010580587003509834,0.0001119488213388412
S98_01794,Cd_num,GradientBoosting,2,2,0.14,0.059355799868992504,0.08064420013100751,0.08064420013100751,0.006503487014769991
S98_01796,Cd_num,GradientBoosting,2,2,0.06,0.07797140909001207,-0.017971409090012075,0.017971409090012075,0.00032297154468056863
S98_01799,Cd_num,GradientBoosting,2,2,0.06,0.07797140909001207,-0.017971409090012075,0.017971409090012075,0.00032297154468056863
S98_01802,Cd_num,GradientBoosting,2,2,0.2,0.14661269058198145,0.05338730941801856,0.05338730941801856,0.002850204806895253
S98_01808,Cd_num,GradientBoosting,2,2,0.11,0.14661269058198145,-0.03661269058198145,0.03661269058198145,0.0013404891116519132
S98_01827,Cd_num,GradientBoosting,2,2,0.07,0.059355799868992504,0.010644200131007503,0.010644200131007503,0.00011329899642894014
S98_01801,Cd_num,GradientBoosting,2,3,0.09,0.07927474370451705,0.010725256295482946,0.010725256295482946,0.00011503112260379657
S98_01803,Cd_num,GradientBoosting,2,3,0.08,0.07413577262939784,0.00586422737060216,0.00586422737060216,3.438916265411952e-05
S98_01804,Cd_num,GradientBoosting,2,3,0.07,0.07556485419533512,-0.005564854195335117,0.005564854195335117,3.096760221533885e-05
S98_01807,Cd_num,GradientBoosting,2,3,0.16,0.07413577262939784,0.08586422737060216,0.08586422737060216,0.007372665541950465
S98_01813,Cd_num,GradientBoosting,2,3,0.01,0.05766432271835717,-0.04766432271835717,0.04766432271835717,0.0022718876601996994
S98_01820,Cd_num,GradientBoosting,2,3,0.03,0.07556485419533512,-0.045564854195335125,0.045564854195335125,0.002076155937842149
S98_01821,Cd_num,GradientBoosting,2,3,0.03,0.07556485419533512,-0.045564854195335125,0.045564854195335125,0.002076155937842149
S98_01823,Cd_num,GradientBoosting,2,3,0.06,0.07413577262939784,-0.014135772629397844,0.014135772629397844,0.00019982006783003325
S98_01786,Cd_num,GradientBoosting,2,4,0.19,0.07959979500758453,0.11040020499241547,0.11040020499241547,0.012188205262367358
S98_01789,Cd_num,GradientBoosting,2,4,0.12,0.1423665450373965,-0.022366545037396518,0.022366545037396518,0.0005002623369098868
S98_01797,Cd_num,GradientBoosting,2,4,0.02,0.07959979500758453,-0.05959979500758453,0.05959979500758453,0.0035521355649460974
S98_01815,Cd_num,GradientBoosting,2,4,0.03,0.05865899888351686,-0.028658998883516862,0.028658998883516862,0.0008213382170054207
S98_01817,Cd_num,GradientBoosting,2,4,0.01,0.06093990780822265,-0.05093990780822265,0.05093990780822265,0.0025948742075102226
S98_01819,Cd_num,GradientBoosting,2,4,0.02,0.06992865407130579,-0.049928654071305784,0.049928654071305784,0.0024928704973721195
S98_01824,Cd_num,GradientBoosting,2,4,0.06,0.07959979500758453,-0.019599795007584533,0.019599795007584533,0.0003841519643393356
S98_01828,Cd_num,GradientBoosting,2,4,0.09,0.06992865407130579,0.02007134592869421,0.02007134592869421,0.00040285892738930963
S98_01792,Cd_num,GradientBoosting,2,5,0.66,0.16009490762408224,0.4999050923759178,0.4999050923759178,0.2499051013833749
S98_01798,Cd_num,GradientBoosting,2,5,0.39,0.17981420479017352,0.2101857952098265,0.2101857952098265,0.044178068507987125
S98_01800,Cd_num,GradientBoosting,2,5,0.15,0.16148777335313164,-0.011487773353131642,0.011487773353131642,0.0001319689366129214
S98_01809,Cd_num,GradientBoosting,2,5,0.08,0.079567764759978,0.0004322352400220053,0.0004322352400220053,1.8682730271688053e-07
S98_01810,Cd_num,GradientBoosting,2,5,0.01,0.10343016132269293,-0.09343016132269294,0.09343016132269294,0.008729195044784428
S98_01818,Cd_num,GradientBoosting,2,5,0.01,0.04541985469705324,-0.035419854697053235,0.035419854697053235,0.0012545661067603641
S98_01822,Cd_num,GradientBoosting,2,5,0.11,0.04541985469705324,0.06458014530294676,0.06458014530294676,0.004170595167349716
S98_01834,Cd_num,GradientBoosting,2,5,0.01,0.04541985469705324,-0.035419854697053235,0.035419854697053235,0.0012545661067603641
S98_01788,Cd_num,GradientBoosting,3,1,0.27,0.1273219609005659,0.1426780390994341,0.1426780390994341,0.020357022841259648
S98_01792,Cd_num,GradientBoosting,3,1,0.66,0.31316236207390874,0.3468376379260913,0.3468376379260913,0.1202963470821504
S98_01793,Cd_num,GradientBoosting,3,1,0.16,0.11923434977809969,0.04076565022190032,0.04076565022190032,0.0016618382380143215
S98_01803,Cd_num,GradientBoosting,3,1,0.08,0.06494523194978506,0.01505476805021494,0.01505476805021494,0.00022664604104577252
S98_01807,Cd_num,GradientBoosting,3,1,0.16,0.06494523194978506,0.09505476805021494,0.09505476805021494,0.009035408929080163
S98_01825,Cd_num,GradientBoosting,3,1,0.03,0.060546640113427086,-0.030546640113427087,0.030546640113427087,0.0009330972222192328
S98_01828,Cd_num,GradientBoosting,3,1,0.09,0.05341151346353385,0.036588486536466146,0.036588486536466146,0.0013387173470291644
S98_01834,Cd_num,GradientBoosting,3,1,0.01,0.05874749186468074,-0.04874749186468074,0.04874749186468074,0.002376317963097115
S98_01789,Cd_num,GradientBoosting,3,2,0.12,0.162701426832939,-0.04270142683293901,0.04270142683293901,0.0018234118535688437
S98_01791,Cd_num,GradientBoosting,3,2,0.12,0.15345325350586955,-0.03345325350586956,0.03345325350586956,0.0011191201701279737
S98_01794,Cd_num,GradientBoosting,3,2,0.14,0.06421909111639497,0.07578090888360504,0.07578090888360504,0.00574274615122525
S98_01802,Cd_num,GradientBoosting,3,2,0.2,0.11576217688632573,0.08423782311367428,0.08423782311367428,0.007096010842930677
S98_01809,Cd_num,GradientBoosting,3,2,0.08,0.07655261046038717,0.0034473895396128357,0.0034473895396128357,1.1884494637832e-05
S98_01810,Cd_num,GradientBoosting,3,2,0.01,0.10153741131711844,-0.09153741131711844,0.09153741131711844,0.008379097670639324
S98_01821,Cd_num,GradientBoosting,3,2,0.03,0.06421909111639497,-0.03421909111639497,0.03421909111639497,0.0011709461968321413
S98_01824,Cd_num,GradientBoosting,3,2,0.06,0.07655261046038717,-0.016552610460387168,0.016552610460387168,0.0002739889130533187
S98_01799,Cd_num,GradientBoosting,3,3,0.06,0.08480995839949061,-0.024809958399490614,0.024809958399490614,0.0006155340357844549
S98_01800,Cd_num,GradientBoosting,3,3,0.15,0.143776614847787,0.00622338515221299,0.00622338515221299,3.87305227527851e-05
S98_01801,Cd_num,GradientBoosting,3,3,0.09,0.08480995839949061,0.005190041600509385,0.005190041600509385,2.6936531815018016e-05
S98_01813,Cd_num,GradientBoosting,3,3,0.01,0.07424203823774209,-0.06424203823774209,0.06424203823774209,0.004127039476939517
S98_01815,Cd_num,GradientBoosting,3,3,0.03,0.07424203823774209,-0.04424203823774209,0.04424203823774209,0.001957357947429833
S98_01817,Cd_num,GradientBoosting,3,3,0.01,0.07424203823774209,-0.06424203823774209,0.06424203823774209,0.004127039476939517
S98_01818,Cd_num,GradientBoosting,3,3,0.01,0.06632691979672083,-0.056326919796720824,0.056326919796720824,0.0031727218937862203
S98_01823,Cd_num,GradientBoosting,3,3,0.06,0.08480995839949061,-0.024809958399490614,0.024809958399490614,0.0006155340357844549
S98_01785,Cd_num,GradientBoosting,3,4,0.28,0.3326047635857094,-0.05260476358570937,0.05260476358570937,0.0027672611519083744
S98_01786,Cd_num,GradientBoosting,3,4,0.19,0.07556170000296376,0.11443829999703624,0.11443829999703624,0.013096124506211664
S98_01795,Cd_num,GradientBoosting,3,4,0.08,0.0950122848261808,-0.015012284826180805,0.015012284826180805,0.00022536869570237845
S98_01797,Cd_num,GradientBoosting,3,4,0.02,0.07556170000296376,-0.05556170000296376,0.05556170000296376,0.003087102507219343
S98_01806,Cd_num,GradientBoosting,3,4,0.05,0.0814604392697097,-0.03146043926970969,0.03146043926970969,0.0009897592390430917
S98_01808,Cd_num,GradientBoosting,3,4,0.11,0.1524061877767885,-0.04240618777678849,0.04240618777678849,0.0017982847617602458
S98_01822,Cd_num,GradientBoosting,3,4,0.11,0.05374969486915518,0.05625030513084482,0.05625030513084482,0.003164096827313147
S98_01826,Cd_num,GradientBoosting,3,4,0.02,0.05374969486915518,-0.033749694869155175,0.033749694869155175,0.0011390419037610791
S98_01796,Cd_num,GradientBoosting,3,5,0.06,0.08501224788131516,-0.02501224788131516,0.02501224788131516,0.0006256125440763547
S98_01798,Cd_num,GradientBoosting,3,5,0.39,0.23202297480391942,0.1579770251960806,0.1579770251960806,0.02495674048980308
S98_01804,Cd_num,GradientBoosting,3,5,0.07,0.07885023985717769,-0.008850239857177686,0.008850239857177686,7.83267455295765e-05
S98_01805,Cd_num,GradientBoosting,3,5,0.01,0.08323006588851313,-0.07323006588851314,0.07323006588851314,0.005362642550035975
S98_01811,Cd_num,GradientBoosting,3,5,0.05,0.05898028186845536,-0.008980281868455356,0.008980281868455356,8.064546243690802e-05
S98_01819,Cd_num,GradientBoosting,3,5,0.02,0.07885023985717769,-0.05885023985717769,0.05885023985717769,0.0034633507312473453
S98_01820,Cd_num,GradientBoosting,3,5,0.03,0.07885023985717769,-0.048850239857177694,0.048850239857177694,0.002386345934103792
S98_01827,Cd_num,GradientBoosting,3,5,0.07,0.07885023985717769,-0.008850239857177686,0.008850239857177686,7.83267455295765e-05
S98_01791,Cd_num,GradientBoosting,4,1,0.12,0.14427053156659464,-0.024270531566594644,0.024270531566594644,0.000589058702525067
S98_01801,Cd_num,GradientBoosting,4,1,0.09,0.07639630494616373,0.013603695053836268,0.013603695053836268,0.00018506051911776933
S98_01804,Cd_num,GradientBoosting,4,1,0.07,0.06689548334464995,0.0031045166553500536,0.0031045166553500536,9.638023663345883e-06
S98_01807,Cd_num,GradientBoosting,4,1,0.16,0.07639630494616373,0.08360369505383627,0.08360369505383627,0.006989577826654848
S98_01821,Cd_num,GradientBoosting,4,1,0.03,0.06505375947149941,-0.03505375947149941,0.03505375947149941,0.0012287660530857349
S98_01823,Cd_num,GradientBoosting,4,1,0.06,0.07639630494616373,-0.01639630494616373,0.01639630494616373,0.00026883881588759325
S98_01828,Cd_num,GradientBoosting,4,1,0.09,0.06505375947149941,0.024946240528500585,0.024946240528500585,0.0006223149165058052
S98_01834,Cd_num,GradientBoosting,4,1,0.01,0.05814715117210675,-0.048147151172106745,0.048147151172106745,0.0023181481659896998
S98_01789,Cd_num,GradientBoosting,4,2,0.12,0.2044815564643731,-0.08448155646437311,0.08448155646437311,0.007137133382643062
S98_01793,Cd_num,GradientBoosting,4,2,0.16,0.15123872448070808,0.008761275519291928,0.008761275519291928,7.675994872494404e-05
S98_01796,Cd_num,GradientBoosting,4,2,0.06,0.08623198172780255,-0.026231981727802556,0.026231981727802556,0.0006881168653677671
S98_01798,Cd_num,GradientBoosting,4,2,0.39,0.229136274131734,0.160863725868266,0.160863725868266,0.02587713830022063
S98_01805,Cd_num,GradientBoosting,4,2,0.01,0.0795856868840741,-0.0695856868840741,0.0695856868840741,0.004842167819128402
S98_01810,Cd_num,GradientBoosting,4,2,0.01,0.09285521663701997,-0.08285521663701997,0.08285521663701997,0.006864986923967512
S98_01824,Cd_num,GradientBoosting,4,2,0.06,0.08623198172780255,-0.026231981727802556,0.026231981727802556,0.0006881168653677671
S98_01825,Cd_num,GradientBoosting,4,2,0.03,0.07488078206481803,-0.044880782064818034,0.044880782064818034,0.002014284598749692
S98_01785,Cd_num,GradientBoosting,4,3,0.28,0.32762060922908376,-0.04762060922908373,0.04762060922908373,0.0022677224233490947
S98_01786,Cd_num,GradientBoosting,4,3,0.19,0.06728565815054452,0.12271434184945548,0.12271434184945548,0.015058809695545022
S98_01788,Cd_num,GradientBoosting,4,3,0.27,0.12862621848456213,0.1413737815154379,0.1413737815154379,0.01998654609997477
S98_01809,Cd_num,GradientBoosting,4,3,0.08,0.06728565815054452,0.012714341849455482,0.012714341849455482,0.00016165448866481505
S98_01813,Cd_num,GradientBoosting,4,3,0.01,0.05719745699311757,-0.047197456993117566,0.047197456993117566,0.0022275999466171825
S98_01818,Cd_num,GradientBoosting,4,3,0.01,0.05719745699311757,-0.047197456993117566,0.047197456993117566,0.0022275999466171825
S98_01822,Cd_num,GradientBoosting,4,3,0.11,0.05719745699311757,0.05280254300688243,0.05280254300688243,0.0027881085479936688
S98_01827,Cd_num,GradientBoosting,4,3,0.07,0.05860146443582595,0.011398535564174056,0.011398535564174056,0.00012992661300774078
S98_01795,Cd_num,GradientBoosting,4,4,0.08,0.08241867507344458,-0.002418675073444579,0.002418675073444579,5.849989110902139e-06
S98_01799,Cd_num,GradientBoosting,4,4,0.06,0.08241867507344458,-0.022418675073444583,0.022418675073444583,0.0005025969920486855
S98_01800,Cd_num,GradientBoosting,4,4,0.15,0.15409419316902329,-0.004094193169023291,0.004094193169023291,1.676241770527698e-05
S98_01803,Cd_num,GradientBoosting,4,4,0.08,0.08241867507344458,-0.002418675073444579,0.002418675073444579,5.849989110902139e-06
S98_01808,Cd_num,GradientBoosting,4,4,0.11,0.16083759587429683,-0.05083759587429683,0.05083759587429683,0.002584461154278322
S98_01817,Cd_num,GradientBoosting,4,4,0.01,0.06193915704323247,-0.051939157043232466,0.051939157043232466,0.002697676034361565
S98_01819,Cd_num,GradientBoosting,4,4,0.02,0.07525796069176155,-0.055257960691761546,0.055257960691761546,0.0030534422198122643
S98_01826,Cd_num,GradientBoosting,4,4,0.02,0.06193915704323247,-0.041939157043232464,0.041939157043232464,0.001758892893496915
S98_01792,Cd_num,GradientBoosting,4,5,0.66,0.3049719919376352,0.35502800806236484,0.35502800806236484,0.1260448865087306
S98_01794,Cd_num,GradientBoosting,4,5,0.14,0.060670105244776444,0.07932989475522356,0.07932989475522356,0.006293232201874847
S98_01797,Cd_num,GradientBoosting,4,5,0.02,0.08031085473652363,-0.06031085473652363,0.06031085473652363,0.003637399199050055
S98_01802,Cd_num,GradientBoosting,4,5,0.2,0.13456978949885978,0.06543021050114023,0.06543021050114023,0.004281112446223521
S98_01806,Cd_num,GradientBoosting,4,5,0.05,0.0714591729475715,-0.021459172947571492,0.021459172947571492,0.0004604961035937842
S98_01811,Cd_num,GradientBoosting,4,5,0.05,0.06361245060289591,-0.013612450602895912,0.013612450602895912,0.00018529881141628128
S98_01815,Cd_num,GradientBoosting,4,5,0.03,0.04397170111114869,-0.01397170111114869,0.01397170111114869,0.00019520843193927357
S98_01820,Cd_num,GradientBoosting,4,5,0.03,0.060670105244776444,-0.030670105244776445,0.030670105244776445,0.0009406553557256636
S98_01793,Cd_num,GradientBoosting,5,1,0.16,0.14292193194952146,0.01707806805047854,0.01707806805047854,0.00029166040833677586
S98_01799,Cd_num,GradientBoosting,5,1,0.06,0.08143450069283505,-0.02143450069283505,0.02143450069283505,0.0004594378199511462
S98_01802,Cd_num,GradientBoosting,5,1,0.2,0.12120652973524362,0.07879347026475639,0.07879347026475639,0.006208410956363049
S98_01805,Cd_num,GradientBoosting,5,1,0.01,0.0639306395053673,-0.0539306395053673,0.0539306395053673,0.002908513877457884
S98_01808,Cd_num,GradientBoosting,5,1,0.11,0.12120652973524362,-0.011206529735243623,0.011206529735243623,0.0001255863087068995
S98_01811,Cd_num,GradientBoosting,5,1,0.05,0.08143450069283505,-0.03143450069283504,0.03143450069283504,0.0009881278338078469
S98_01818,Cd_num,GradientBoosting,5,1,0.01,0.05463700606493441,-0.044637006064934405,0.044637006064934405,0.001992462310440991
S98_01822,Cd_num,GradientBoosting,5,1,0.11,0.05463700606493441,0.055362993935065594,0.055362993935065594,0.00306506109745411
S98_01785,Cd_num,GradientBoosting,5,2,0.28,0.33023651916463825,-0.05023651916463823,0.05023651916463823,0.002523707857779064
S98_01796,Cd_num,GradientBoosting,5,2,0.06,0.08144845680254695,-0.02144845680254695,0.02144845680254695,0.00046003629921072253
S98_01807,Cd_num,GradientBoosting,5,2,0.16,0.07960828277216477,0.08039171722783524,0.08039171722783524,0.006462828198840221
S98_01810,Cd_num,GradientBoosting,5,2,0.01,0.08823991492841513,-0.07823991492841513,0.07823991492841513,0.006121484288005637
S98_01813,Cd_num,GradientBoosting,5,2,0.01,0.060949253602340166,-0.050949253602340164,0.050949253602340164,0.002595826442635572
S98_01823,Cd_num,GradientBoosting,5,2,0.06,0.07960828277216477,-0.019608282772164767,0.019608282772164767,0.0003844847532731736
S98_01825,Cd_num,GradientBoosting,5,2,0.03,0.07386790317581698,-0.043867903175816986,0.043867903175816986,0.001924392929042854
S98_01826,Cd_num,GradientBoosting,5,2,0.02,0.060949253602340166,-0.04094925360234017,0.04094925360234017,0.0016768413705887692
S98_01791,Cd_num,GradientBoosting,5,3,0.12,0.14535130843991192,-0.02535130843991193,0.02535130843991193,0.0006426888396155498
S98_01792,Cd_num,GradientBoosting,5,3,0.66,0.30942043889556387,0.35057956110443617,0.35057956110443617,0.12290602866417909
S98_01794,Cd_num,GradientBoosting,5,3,0.14,0.05707407594488372,0.08292592405511628,0.08292592405511628,0.006876708880394914
S98_01795,Cd_num,GradientBoosting,5,3,0.08,0.08846657463798598,-0.008466574637985974,0.008466574637985974,7.168288610058732e-05
S98_01806,Cd_num,GradientBoosting,5,3,0.05,0.10480519256686395,-0.05480519256686395,0.05480519256686395,0.003003609132291039
S98_01815,Cd_num,GradientBoosting,5,3,0.03,0.04397435926550253,-0.013974359265502528,0.013974359265502528,0.00019528271688133638
S98_01824,Cd_num,GradientBoosting,5,3,0.06,0.06520291916484923,-0.005202919164849232,0.005202919164849232,2.7070367835955427e-05
S98_01827,Cd_num,GradientBoosting,5,3,0.07,0.05707407594488372,0.012925924055116285,0.012925924055116285,0.00016707951267863383
S98_01786,Cd_num,GradientBoosting,5,4,0.19,0.07428733901624207,0.11571266098375793,0.11571266098375793,0.013389419911942094
S98_01797,Cd_num,GradientBoosting,5,4,0.02,0.07428733901624207,-0.05428733901624207,0.05428733901624207,0.0029471151774643984
S98_01798,Cd_num,GradientBoosting,5,4,0.39,0.23164916203289962,0.1583508379671004,0.1583508379671004,0.025074987884882882
S98_01801,Cd_num,GradientBoosting,5,4,0.09,0.07428733901624207,0.015712660983757926,0.015712660983757926,0.0002468877151905086
S98_01803,Cd_num,GradientBoosting,5,4,0.08,0.07428733901624207,0.005712660983757931,0.005712660983757931,3.2634495515350126e-05
S98_01804,Cd_num,GradientBoosting,5,4,0.07,0.06291108266140213,0.007088917338597872,0.007088917338597872,5.025274903347354e-05
S98_01820,Cd_num,GradientBoosting,5,4,0.03,0.06291108266140213,-0.032911082661402136,0.032911082661402136,0.0010831393619456444
S98_01828,Cd_num,GradientBoosting,5,4,0.09,0.06291108266140213,0.027088917338597862,0.027088917338597862,0.0007338094425773879
S98_01788,Cd_num,GradientBoosting,5,5,0.27,0.12717004091859352,0.1428299590814065,0.1428299590814065,0.020400397211196256
S98_01789,Cd_num,GradientBoosting,5,5,0.12,0.11417096589990676,0.005829034100093236,0.005829034100093236,3.3977638540049764e-05
S98_01800,Cd_num,GradientBoosting,5,5,0.15,0.12717004091859352,0.022829959081406476,0.022829959081406476,0.000521207031658694
S98_01809,Cd_num,GradientBoosting,5,5,0.08,0.08146947175859341,-0.0014694717585934103,0.0014694717585934103,2.15934724930361e-06
S98_01817,Cd_num,GradientBoosting,5,5,0.01,0.06712665576433319,-0.057126655764333185,0.057126655764333185,0.003263454798816622
S98_01819,Cd_num,GradientBoosting,5,5,0.02,0.07379161214061732,-0.05379161214061731,0.05379161214061731,0.0028935375366866078
S98_01821,Cd_num,GradientBoosting,5,5,0.03,0.06732580828195878,-0.03732580828195878,0.03732580828195878,0.0013932159639015425
S98_01834,Cd_num,GradientBoosting,5,5,0.01,0.06712665576433319,-0.057126655764333185,0.057126655764333185,0.003263454798816622
S98_01791,Cd_num,HistGradientBoosting,1,1,0.12,0.111875,0.008124999999999993,0.008124999999999993,6.601562499999989e-05
S98_01799,Cd_num,HistGradientBoosting,1,1,0.06,0.111875,-0.051875000000000004,0.051875000000000004,0.0026910156250000003
S98_01802,Cd_num,HistGradientBoosting,1,1,0.2,0.111875,0.08812500000000001,0.08812500000000001,0.007766015625000002
S98_01803,Cd_num,HistGradientBoosting,1,1,0.08,0.111875,-0.031875,0.031875,0.001016015625
S98_01806,Cd_num,HistGradientBoosting,1,1,0.05,0.111875,-0.061875,0.061875,0.003828515625
S98_01815,Cd_num,HistGradientBoosting,1,1,0.03,0.111875,-0.081875,0.081875,0.006703515625000001
S98_01817,Cd_num,HistGradientBoosting,1,1,0.01,0.111875,-0.10187500000000001,0.10187500000000001,0.010378515625000001
S98_01827,Cd_num,HistGradientBoosting,1,1,0.07,0.111875,-0.041874999999999996,0.041874999999999996,0.0017535156249999996
S98_01793,Cd_num,HistGradientBoosting,1,2,0.16,0.11375,0.04625,0.04625,0.0021390625
S98_01795,Cd_num,HistGradientBoosting,1,2,0.08,0.11375,-0.03375,0.03375,0.0011390625
S98_01796,Cd_num,HistGradientBoosting,1,2,0.06,0.11375,-0.053750000000000006,0.053750000000000006,0.0028890625000000006
S98_01800,Cd_num,HistGradientBoosting,1,2,0.15,0.11375,0.03624999999999999,0.03624999999999999,0.0013140624999999993
S98_01813,Cd_num,HistGradientBoosting,1,2,0.01,0.11375,-0.10375000000000001,0.10375000000000001,0.010764062500000001
S98_01821,Cd_num,HistGradientBoosting,1,2,0.03,0.11375,-0.08375,0.08375,0.007014062500000001
S98_01824,Cd_num,HistGradientBoosting,1,2,0.06,0.11375,-0.053750000000000006,0.053750000000000006,0.0028890625000000006
S98_01834,Cd_num,HistGradientBoosting,1,2,0.01,0.11375,-0.10375000000000001,0.10375000000000001,0.010764062500000001
S98_01785,Cd_num,HistGradientBoosting,1,3,0.28,0.0775,0.2025,0.2025,0.04100625000000001
S98_01786,Cd_num,HistGradientBoosting,1,3,0.19,0.0775,0.1125,0.1125,0.01265625
S98_01792,Cd_num,HistGradientBoosting,1,3,0.66,0.0775,0.5825,0.5825,0.33930625000000003
S98_01798,Cd_num,HistGradientBoosting,1,3,0.39,0.0775,0.3125,0.3125,0.09765625
S98_01804,Cd_num,HistGradientBoosting,1,3,0.07,0.0775,-0.007499999999999993,0.007499999999999993,5.624999999999989e-05
S98_01811,Cd_num,HistGradientBoosting,1,3,0.05,0.0775,-0.027499999999999997,0.027499999999999997,0.0007562499999999999
S98_01819,Cd_num,HistGradientBoosting,1,3,0.02,0.0775,-0.057499999999999996,0.057499999999999996,0.0033062499999999993
S98_01823,Cd_num,HistGradientBoosting,1,3,0.06,0.0775,-0.0175,0.0175,0.00030625000000000004
S98_01788,Cd_num,HistGradientBoosting,1,4,0.27,0.109375,0.16062500000000002,0.16062500000000002,0.025800390625000006
S98_01789,Cd_num,HistGradientBoosting,1,4,0.12,0.109375,0.010624999999999996,0.010624999999999996,0.0001128906249999999
S98_01808,Cd_num,HistGradientBoosting,1,4,0.11,0.109375,0.0006250000000000006,0.0006250000000000006,3.906250000000007e-07
S98_01810,Cd_num,HistGradientBoosting,1,4,0.01,0.109375,-0.099375,0.099375,0.009875390625000001
S98_01820,Cd_num,HistGradientBoosting,1,4,0.03,0.109375,-0.079375,0.079375,0.006300390625
S98_01822,Cd_num,HistGradientBoosting,1,4,0.11,0.109375,0.0006250000000000006,0.0006250000000000006,3.906250000000007e-07
S98_01825,Cd_num,HistGradientBoosting,1,4,0.03,0.109375,-0.079375,0.079375,0.006300390625
S98_01826,Cd_num,HistGradientBoosting,1,4,0.02,0.109375,-0.089375,0.089375,0.007987890624999999
S98_01794,Cd_num,HistGradientBoosting,1,5,0.14,0.1125,0.02750000000000001,0.02750000000000001,0.0007562500000000006
S98_01797,Cd_num,HistGradientBoosting,1,5,0.02,0.1125,-0.0925,0.0925,0.00855625
S98_01801,Cd_num,HistGradientBoosting,1,5,0.09,0.1125,-0.022500000000000006,0.022500000000000006,0.0005062500000000003
S98_01805,Cd_num,HistGradientBoosting,1,5,0.01,0.1125,-0.10250000000000001,0.10250000000000001,0.010506250000000002
S98_01807,Cd_num,HistGradientBoosting,1,5,0.16,0.1125,0.0475,0.0475,0.00225625
S98_01809,Cd_num,HistGradientBoosting,1,5,0.08,0.1125,-0.0325,0.0325,0.0010562500000000001
S98_01818,Cd_num,HistGradientBoosting,1,5,0.01,0.1125,-0.10250000000000001,0.10250000000000001,0.010506250000000002
S98_01828,Cd_num,HistGradientBoosting,1,5,0.09,0.1125,-0.022500000000000006,0.022500000000000006,0.0005062500000000003
S98_01785,Cd_num,HistGradientBoosting,2,1,0.28,0.1065625,0.17343750000000002,0.17343750000000002,0.03008056640625001
S98_01788,Cd_num,HistGradientBoosting,2,1,0.27,0.1065625,0.1634375,0.1634375,0.026711816406250005
S98_01795,Cd_num,HistGradientBoosting,2,1,0.08,0.1065625,-0.026562500000000003,0.026562500000000003,0.0007055664062500001
S98_01805,Cd_num,HistGradientBoosting,2,1,0.01,0.1065625,-0.09656250000000001,0.09656250000000001,0.009324316406250002
S98_01806,Cd_num,HistGradientBoosting,2,1,0.05,0.1065625,-0.0565625,0.0565625,0.00319931640625
S98_01811,Cd_num,HistGradientBoosting,2,1,0.05,0.1065625,-0.0565625,0.0565625,0.00319931640625
S98_01825,Cd_num,HistGradientBoosting,2,1,0.03,0.1065625,-0.0765625,0.0765625,0.005861816406250001
S98_01826,Cd_num,HistGradientBoosting,2,1,0.02,0.1065625,-0.0865625,0.0865625,0.00749306640625
S98_01791,Cd_num,HistGradientBoosting,2,2,0.12,0.10250000000000001,0.017499999999999988,0.017499999999999988,0.00030624999999999956
S98_01793,Cd_num,HistGradientBoosting,2,2,0.16,0.10250000000000001,0.057499999999999996,0.057499999999999996,0.0033062499999999993
S98_01794,Cd_num,HistGradientBoosting,2,2,0.14,0.10250000000000001,0.037500000000000006,0.037500000000000006,0.0014062500000000004
S98_01796,Cd_num,HistGradientBoosting,2,2,0.06,0.10250000000000001,-0.04250000000000001,0.04250000000000001,0.0018062500000000008
S98_01799,Cd_num,HistGradientBoosting,2,2,0.06,0.10250000000000001,-0.04250000000000001,0.04250000000000001,0.0018062500000000008
S98_01802,Cd_num,HistGradientBoosting,2,2,0.2,0.10250000000000001,0.0975,0.0975,0.00950625
S98_01808,Cd_num,HistGradientBoosting,2,2,0.11,0.10250000000000001,0.007499999999999993,0.007499999999999993,5.624999999999989e-05
S98_01827,Cd_num,HistGradientBoosting,2,2,0.07,0.10250000000000001,-0.0325,0.0325,0.0010562500000000001
S98_01801,Cd_num,HistGradientBoosting,2,3,0.09,0.1146875,-0.0246875,0.0246875,0.0006094726562500001
S98_01803,Cd_num,HistGradientBoosting,2,3,0.08,0.1146875,-0.034687499999999996,0.034687499999999996,0.0012032226562499998
S98_01804,Cd_num,HistGradientBoosting,2,3,0.07,0.1146875,-0.04468749999999999,0.04468749999999999,0.0019969726562499993
S98_01807,Cd_num,HistGradientBoosting,2,3,0.16,0.1146875,0.045312500000000006,0.045312500000000006,0.0020532226562500005
S98_01813,Cd_num,HistGradientBoosting,2,3,0.01,0.1146875,-0.1046875,0.1046875,0.01095947265625
S98_01820,Cd_num,HistGradientBoosting,2,3,0.03,0.1146875,-0.0846875,0.0846875,0.00717197265625
S98_01821,Cd_num,HistGradientBoosting,2,3,0.03,0.1146875,-0.0846875,0.0846875,0.00717197265625
S98_01823,Cd_num,HistGradientBoosting,2,3,0.06,0.1146875,-0.0546875,0.0546875,0.00299072265625
S98_01786,Cd_num,HistGradientBoosting,2,4,0.19,0.114375,0.075625,0.075625,0.005719140625
S98_01789,Cd_num,HistGradientBoosting,2,4,0.12,0.114375,0.005624999999999991,0.005624999999999991,3.1640624999999903e-05
S98_01797,Cd_num,HistGradientBoosting,2,4,0.02,0.114375,-0.094375,0.094375,0.008906640625
S98_01815,Cd_num,HistGradientBoosting,2,4,0.03,0.114375,-0.084375,0.084375,0.007119140625000001
S98_01817,Cd_num,HistGradientBoosting,2,4,0.01,0.114375,-0.10437500000000001,0.10437500000000001,0.010894140625000001
S98_01819,Cd_num,HistGradientBoosting,2,4,0.02,0.114375,-0.094375,0.094375,0.008906640625
S98_01824,Cd_num,HistGradientBoosting,2,4,0.06,0.114375,-0.05437500000000001,0.05437500000000001,0.002956640625000001
S98_01828,Cd_num,HistGradientBoosting,2,4,0.09,0.114375,-0.024375000000000008,0.024375000000000008,0.0005941406250000004
S98_01792,Cd_num,HistGradientBoosting,2,5,0.66,0.08687500000000001,0.573125,0.573125,0.328472265625
S98_01798,Cd_num,HistGradientBoosting,2,5,0.39,0.08687500000000001,0.303125,0.303125,0.09188476562499999
S98_01800,Cd_num,HistGradientBoosting,2,5,0.15,0.08687500000000001,0.06312499999999999,0.06312499999999999,0.003984765624999998
S98_01809,Cd_num,HistGradientBoosting,2,5,0.08,0.08687500000000001,-0.006875000000000006,0.006875000000000006,4.726562500000009e-05
S98_01810,Cd_num,HistGradientBoosting,2,5,0.01,0.08687500000000001,-0.07687500000000001,0.07687500000000001,0.005909765625000002
S98_01818,Cd_num,HistGradientBoosting,2,5,0.01,0.08687500000000001,-0.07687500000000001,0.07687500000000001,0.005909765625000002
S98_01822,Cd_num,HistGradientBoosting,2,5,0.11,0.08687500000000001,0.023124999999999993,0.023124999999999993,0.0005347656249999997
S98_01834,Cd_num,HistGradientBoosting,2,5,0.01,0.08687500000000001,-0.07687500000000001,0.07687500000000001,0.005909765625000002
S98_01788,Cd_num,HistGradientBoosting,3,1,0.27,0.085625,0.184375,0.184375,0.033994140625
S98_01792,Cd_num,HistGradientBoosting,3,1,0.66,0.085625,0.5743750000000001,0.5743750000000001,0.3299066406250001
S98_01793,Cd_num,HistGradientBoosting,3,1,0.16,0.085625,0.074375,0.074375,0.005531640625
S98_01803,Cd_num,HistGradientBoosting,3,1,0.08,0.085625,-0.005625000000000005,0.005625000000000005,3.164062500000006e-05
S98_01807,Cd_num,HistGradientBoosting,3,1,0.16,0.085625,0.074375,0.074375,0.005531640625
S98_01825,Cd_num,HistGradientBoosting,3,1,0.03,0.085625,-0.05562500000000001,0.05562500000000001,0.003094140625000001
S98_01828,Cd_num,HistGradientBoosting,3,1,0.09,0.085625,0.00437499999999999,0.00437499999999999,1.914062499999991e-05
S98_01834,Cd_num,HistGradientBoosting,3,1,0.01,0.085625,-0.07562500000000001,0.07562500000000001,0.005719140625000002
S98_01789,Cd_num,HistGradientBoosting,3,2,0.12,0.10750000000000001,0.012499999999999983,0.012499999999999983,0.0001562499999999996
S98_01791,Cd_num,HistGradientBoosting,3,2,0.12,0.10750000000000001,0.012499999999999983,0.012499999999999983,0.0001562499999999996
S98_01794,Cd_num,HistGradientBoosting,3,2,0.14,0.10750000000000001,0.0325,0.0325,0.0010562500000000001
S98_01802,Cd_num,HistGradientBoosting,3,2,0.2,0.10750000000000001,0.0925,0.0925,0.00855625
S98_01809,Cd_num,HistGradientBoosting,3,2,0.08,0.10750000000000001,-0.02750000000000001,0.02750000000000001,0.0007562500000000006
S98_01810,Cd_num,HistGradientBoosting,3,2,0.01,0.10750000000000001,-0.09750000000000002,0.09750000000000002,0.009506250000000003
S98_01821,Cd_num,HistGradientBoosting,3,2,0.03,0.10750000000000001,-0.07750000000000001,0.07750000000000001,0.006006250000000002
S98_01824,Cd_num,HistGradientBoosting,3,2,0.06,0.10750000000000001,-0.047500000000000014,0.047500000000000014,0.0022562500000000013
S98_01799,Cd_num,HistGradientBoosting,3,3,0.06,0.11812500000000001,-0.05812500000000001,0.05812500000000001,0.0033785156250000013
S98_01800,Cd_num,HistGradientBoosting,3,3,0.15,0.11812500000000001,0.03187499999999999,0.03187499999999999,0.0010160156249999991
S98_01801,Cd_num,HistGradientBoosting,3,3,0.09,0.11812500000000001,-0.02812500000000001,0.02812500000000001,0.0007910156250000006
S98_01813,Cd_num,HistGradientBoosting,3,3,0.01,0.11812500000000001,-0.10812500000000001,0.10812500000000001,0.011691015625000002
S98_01815,Cd_num,HistGradientBoosting,3,3,0.03,0.11812500000000001,-0.08812500000000001,0.08812500000000001,0.007766015625000002
S98_01817,Cd_num,HistGradientBoosting,3,3,0.01,0.11812500000000001,-0.10812500000000001,0.10812500000000001,0.011691015625000002
S98_01818,Cd_num,HistGradientBoosting,3,3,0.01,0.11812500000000001,-0.10812500000000001,0.10812500000000001,0.011691015625000002
S98_01823,Cd_num,HistGradientBoosting,3,3,0.06,0.11812500000000001,-0.05812500000000001,0.05812500000000001,0.0033785156250000013
S98_01785,Cd_num,HistGradientBoosting,3,4,0.28,0.10437500000000002,0.175625,0.175625,0.030844140625000002
S98_01786,Cd_num,HistGradientBoosting,3,4,0.19,0.10437500000000002,0.08562499999999998,0.08562499999999998,0.007331640624999997
S98_01795,Cd_num,HistGradientBoosting,3,4,0.08,0.10437500000000002,-0.02437500000000002,0.02437500000000002,0.000594140625000001
S98_01797,Cd_num,HistGradientBoosting,3,4,0.02,0.10437500000000002,-0.08437500000000002,0.08437500000000002,0.0071191406250000035
S98_01806,Cd_num,HistGradientBoosting,3,4,0.05,0.10437500000000002,-0.05437500000000002,0.05437500000000002,0.0029566406250000022
S98_01808,Cd_num,HistGradientBoosting,3,4,0.11,0.10437500000000002,0.005624999999999977,0.005624999999999977,3.164062499999974e-05
S98_01822,Cd_num,HistGradientBoosting,3,4,0.11,0.10437500000000002,0.005624999999999977,0.005624999999999977,3.164062499999974e-05
S98_01826,Cd_num,HistGradientBoosting,3,4,0.02,0.10437500000000002,-0.08437500000000002,0.08437500000000002,0.0071191406250000035
S98_01796,Cd_num,HistGradientBoosting,3,5,0.06,0.109375,-0.049375,0.049375,0.0024378906250000004
S98_01798,Cd_num,HistGradientBoosting,3,5,0.39,0.109375,0.280625,0.280625,0.07875039062500001
S98_01804,Cd_num,HistGradientBoosting,3,5,0.07,0.109375,-0.03937499999999999,0.03937499999999999,0.0015503906249999995
S98_01805,Cd_num,HistGradientBoosting,3,5,0.01,0.109375,-0.099375,0.099375,0.009875390625000001
S98_01811,Cd_num,HistGradientBoosting,3,5,0.05,0.109375,-0.059375,0.059375,0.003525390625
S98_01819,Cd_num,HistGradientBoosting,3,5,0.02,0.109375,-0.089375,0.089375,0.007987890624999999
S98_01820,Cd_num,HistGradientBoosting,3,5,0.03,0.109375,-0.079375,0.079375,0.006300390625
S98_01827,Cd_num,HistGradientBoosting,3,5,0.07,0.109375,-0.03937499999999999,0.03937499999999999,0.0015503906249999995
S98_01791,Cd_num,HistGradientBoosting,4,1,0.12,0.11156250000000001,0.008437499999999987,0.008437499999999987,7.119140624999978e-05
S98_01801,Cd_num,HistGradientBoosting,4,1,0.09,0.11156250000000001,-0.021562500000000012,0.021562500000000012,0.0004649414062500005
S98_01804,Cd_num,HistGradientBoosting,4,1,0.07,0.11156250000000001,-0.0415625,0.0415625,0.0017274414062500001
S98_01807,Cd_num,HistGradientBoosting,4,1,0.16,0.11156250000000001,0.048437499999999994,0.048437499999999994,0.0023461914062499994
S98_01821,Cd_num,HistGradientBoosting,4,1,0.03,0.11156250000000001,-0.08156250000000001,0.08156250000000001,0.006652441406250002
S98_01823,Cd_num,HistGradientBoosting,4,1,0.06,0.11156250000000001,-0.05156250000000001,0.05156250000000001,0.002658691406250001
S98_01828,Cd_num,HistGradientBoosting,4,1,0.09,0.11156250000000001,-0.021562500000000012,0.021562500000000012,0.0004649414062500005
S98_01834,Cd_num,HistGradientBoosting,4,1,0.01,0.11156250000000001,-0.10156250000000001,0.10156250000000001,0.010314941406250003
S98_01789,Cd_num,HistGradientBoosting,4,2,0.12,0.105,0.015,0.015,0.000225
S98_01793,Cd_num,HistGradientBoosting,4,2,0.16,0.105,0.05500000000000001,0.05500000000000001,0.0030250000000000008
S98_01796,Cd_num,HistGradientBoosting,4,2,0.06,0.105,-0.045,0.045,0.002025
S98_01798,Cd_num,HistGradientBoosting,4,2,0.39,0.105,0.28500000000000003,0.28500000000000003,0.08122500000000002
S98_01805,Cd_num,HistGradientBoosting,4,2,0.01,0.105,-0.095,0.095,0.009025
S98_01810,Cd_num,HistGradientBoosting,4,2,0.01,0.105,-0.095,0.095,0.009025
S98_01824,Cd_num,HistGradientBoosting,4,2,0.06,0.105,-0.045,0.045,0.002025
S98_01825,Cd_num,HistGradientBoosting,4,2,0.03,0.105,-0.075,0.075,0.005625
S98_01785,Cd_num,HistGradientBoosting,4,3,0.28,0.099375,0.18062500000000004,0.18062500000000004,0.032625390625000014
S98_01786,Cd_num,HistGradientBoosting,4,3,0.19,0.099375,0.090625,0.090625,0.008212890625
S98_01788,Cd_num,HistGradientBoosting,4,3,0.27,0.099375,0.17062500000000003,0.17062500000000003,0.02911289062500001
S98_01809,Cd_num,HistGradientBoosting,4,3,0.08,0.099375,-0.019375000000000003,0.019375000000000003,0.00037539062500000013
S98_01813,Cd_num,HistGradientBoosting,4,3,0.01,0.099375,-0.08937500000000001,0.08937500000000001,0.007987890625000002
S98_01818,Cd_num,HistGradientBoosting,4,3,0.01,0.099375,-0.08937500000000001,0.08937500000000001,0.007987890625000002
S98_01822,Cd_num,HistGradientBoosting,4,3,0.11,0.099375,0.010624999999999996,0.010624999999999996,0.0001128906249999999
S98_01827,Cd_num,HistGradientBoosting,4,3,0.07,0.099375,-0.029375,0.029375,0.0008628906249999999
S98_01795,Cd_num,HistGradientBoosting,4,4,0.08,0.1146875,-0.034687499999999996,0.034687499999999996,0.0012032226562499998
S98_01799,Cd_num,HistGradientBoosting,4,4,0.06,0.1146875,-0.0546875,0.0546875,0.00299072265625
S98_01800,Cd_num,HistGradientBoosting,4,4,0.15,0.1146875,0.0353125,0.0353125,0.0012469726562499997
S98_01803,Cd_num,HistGradientBoosting,4,4,0.08,0.1146875,-0.034687499999999996,0.034687499999999996,0.0012032226562499998
S98_01808,Cd_num,HistGradientBoosting,4,4,0.11,0.1146875,-0.004687499999999997,0.004687499999999997,2.1972656249999975e-05
S98_01817,Cd_num,HistGradientBoosting,4,4,0.01,0.1146875,-0.1046875,0.1046875,0.01095947265625
S98_01819,Cd_num,HistGradientBoosting,4,4,0.02,0.1146875,-0.0946875,0.0946875,0.00896572265625
S98_01826,Cd_num,HistGradientBoosting,4,4,0.02,0.1146875,-0.0946875,0.0946875,0.00896572265625
S98_01792,Cd_num,HistGradientBoosting,4,5,0.66,0.094375,0.565625,0.565625,0.31993164062500007
S98_01794,Cd_num,HistGradientBoosting,4,5,0.14,0.094375,0.04562500000000001,0.04562500000000001,0.002081640625000001
S98_01797,Cd_num,HistGradientBoosting,4,5,0.02,0.094375,-0.074375,0.074375,0.005531640625
S98_01802,Cd_num,HistGradientBoosting,4,5,0.2,0.094375,0.10562500000000001,0.10562500000000001,0.011156640625000002
S98_01806,Cd_num,HistGradientBoosting,4,5,0.05,0.094375,-0.044375,0.044375,0.001969140625
S98_01811,Cd_num,HistGradientBoosting,4,5,0.05,0.094375,-0.044375,0.044375,0.001969140625
S98_01815,Cd_num,HistGradientBoosting,4,5,0.03,0.094375,-0.064375,0.064375,0.004144140625
S98_01820,Cd_num,HistGradientBoosting,4,5,0.03,0.094375,-0.064375,0.064375,0.004144140625
S98_01793,Cd_num,HistGradientBoosting,5,1,0.16,0.1090625,0.0509375,0.0509375,0.00259462890625
S98_01799,Cd_num,HistGradientBoosting,5,1,0.06,0.1090625,-0.04906250000000001,0.04906250000000001,0.002407128906250001
S98_01802,Cd_num,HistGradientBoosting,5,1,0.2,0.1090625,0.0909375,0.0909375,0.008269628906250001
S98_01805,Cd_num,HistGradientBoosting,5,1,0.01,0.1090625,-0.09906250000000001,0.09906250000000001,0.009813378906250001
S98_01808,Cd_num,HistGradientBoosting,5,1,0.11,0.1090625,0.0009374999999999939,0.0009374999999999939,8.789062499999885e-07
S98_01811,Cd_num,HistGradientBoosting,5,1,0.05,0.1090625,-0.059062500000000004,0.059062500000000004,0.0034883789062500003
S98_01818,Cd_num,HistGradientBoosting,5,1,0.01,0.1090625,-0.09906250000000001,0.09906250000000001,0.009813378906250001
S98_01822,Cd_num,HistGradientBoosting,5,1,0.11,0.1090625,0.0009374999999999939,0.0009374999999999939,8.789062499999885e-07
S98_01785,Cd_num,HistGradientBoosting,5,2,0.28,0.11156250000000001,0.16843750000000002,0.16843750000000002,0.028371191406250006
S98_01796,Cd_num,HistGradientBoosting,5,2,0.06,0.11156250000000001,-0.05156250000000001,0.05156250000000001,0.002658691406250001
S98_01807,Cd_num,HistGradientBoosting,5,2,0.16,0.11156250000000001,0.048437499999999994,0.048437499999999994,0.0023461914062499994
S98_01810,Cd_num,HistGradientBoosting,5,2,0.01,0.11156250000000001,-0.10156250000000001,0.10156250000000001,0.010314941406250003
S98_01813,Cd_num,HistGradientBoosting,5,2,0.01,0.11156250000000001,-0.10156250000000001,0.10156250000000001,0.010314941406250003
S98_01823,Cd_num,HistGradientBoosting,5,2,0.06,0.11156250000000001,-0.05156250000000001,0.05156250000000001,0.002658691406250001
S98_01825,Cd_num,HistGradientBoosting,5,2,0.03,0.11156250000000001,-0.08156250000000001,0.08156250000000001,0.006652441406250002
S98_01826,Cd_num,HistGradientBoosting,5,2,0.02,0.11156250000000001,-0.0915625,0.0915625,0.008383691406250001
S98_01791,Cd_num,HistGradientBoosting,5,3,0.12,0.0934375,0.02656249999999999,0.02656249999999999,0.0007055664062499994
S98_01792,Cd_num,HistGradientBoosting,5,3,0.66,0.0934375,0.5665625000000001,0.5665625000000001,0.3209930664062501
S98_01794,Cd_num,HistGradientBoosting,5,3,0.14,0.0934375,0.04656250000000001,0.04656250000000001,0.002168066406250001
S98_01795,Cd_num,HistGradientBoosting,5,3,0.08,0.0934375,-0.013437500000000005,0.013437500000000005,0.00018056640625000014
S98_01806,Cd_num,HistGradientBoosting,5,3,0.05,0.0934375,-0.043437500000000004,0.043437500000000004,0.0018868164062500004
S98_01815,Cd_num,HistGradientBoosting,5,3,0.03,0.0934375,-0.06343750000000001,0.06343750000000001,0.004024316406250001
S98_01824,Cd_num,HistGradientBoosting,5,3,0.06,0.0934375,-0.03343750000000001,0.03343750000000001,0.0011180664062500007
S98_01827,Cd_num,HistGradientBoosting,5,3,0.07,0.0934375,-0.0234375,0.0234375,0.00054931640625
S98_01786,Cd_num,HistGradientBoosting,5,4,0.19,0.10125,0.08875,0.08875,0.0078765625
S98_01797,Cd_num,HistGradientBoosting,5,4,0.02,0.10125,-0.08125,0.08125,0.006601562500000001
S98_01798,Cd_num,HistGradientBoosting,5,4,0.39,0.10125,0.28875,0.28875,0.0833765625
S98_01801,Cd_num,HistGradientBoosting,5,4,0.09,0.10125,-0.01125000000000001,0.01125000000000001,0.00012656250000000024
S98_01803,Cd_num,HistGradientBoosting,5,4,0.08,0.10125,-0.021250000000000005,0.021250000000000005,0.0004515625000000002
S98_01804,Cd_num,HistGradientBoosting,5,4,0.07,0.10125,-0.03125,0.03125,0.0009765625
S98_01820,Cd_num,HistGradientBoosting,5,4,0.03,0.10125,-0.07125000000000001,0.07125000000000001,0.005076562500000001
S98_01828,Cd_num,HistGradientBoosting,5,4,0.09,0.10125,-0.01125000000000001,0.01125000000000001,0.00012656250000000024
S98_01788,Cd_num,HistGradientBoosting,5,5,0.27,0.1096875,0.16031250000000002,0.16031250000000002,0.025700097656250007
S98_01789,Cd_num,HistGradientBoosting,5,5,0.12,0.1096875,0.010312500000000002,0.010312500000000002,0.00010634765625000005
S98_01800,Cd_num,HistGradientBoosting,5,5,0.15,0.1096875,0.0403125,0.0403125,0.0016250976562500001
S98_01809,Cd_num,HistGradientBoosting,5,5,0.08,0.1096875,-0.02968749999999999,0.02968749999999999,0.0008813476562499995
S98_01817,Cd_num,HistGradientBoosting,5,5,0.01,0.1096875,-0.0996875,0.0996875,0.00993759765625
S98_01819,Cd_num,HistGradientBoosting,5,5,0.02,0.1096875,-0.08968749999999999,0.08968749999999999,0.008043847656249999
S98_01821,Cd_num,HistGradientBoosting,5,5,0.03,0.1096875,-0.0796875,0.0796875,0.0063500976562499995
S98_01834,Cd_num,HistGradientBoosting,5,5,0.01,0.1096875,-0.0996875,0.0996875,0.00993759765625
